Bill_No,Congress_Name,Bill_URL,Short_Title,Long_Title,Author,Date_Filed,Scope,Subjects,Primary_Committee,Legislative_Status
Senate Bill No. 2511,18th Congress (July 2019 - 2022),https://ldr.senate.gov.ph/bills/senate-bill-no-2511-18th-congress-republic,AMENDING MENTAL HEALTH ACT,"AN ACT AMENDING REPUBLIC ACT NO. 11036 OTHERWISE KNOWN AS THE 'MENTAL HEALTH ACT,' AND FOR OTHER PURPOSES","MARCOS, IMEE R.","March 23, 2022",NATIONAL,MENTAL HEALTH HEALTH FACILITIES,HEALTH AND DEMOGRAPHY,PENDING IN THE COMMITTEE
Senate Bill No. 2481,18th Congress (July 2019 - 2022),https://ldr.senate.gov.ph/bills/senate-bill-no-2481-18th-congress-republic,COUNCIL FOR THE BUILT ENVIRONMENT ACT OF 2022,"AN ACT CREATING THE 'COUNCIL FOR THE BUILT ENVIRONMENT,' APPROPRIATING FUNDS THEREFOR, AND FOR OTHER PURPOSES","GATCHALIAN, WIN","January 24, 2022",NATIONAL,BUILT ENVIRONMENT,"CIVIL SERVICE, GOVERNMENT REORGANIZATION AND PROFESSIONAL REGULATION",PENDING IN THE COMMITTEE
Senate Bill No. 2521,18th Congress (July 2019 - 2022),https://ldr.senate.gov.ph/bills/senate-bill-no-2521-18th-congress-republic,NEW OMNIBUS ELECTION CODE OF 2022,AN ACT PROVIDING FOR THE NEW OMNIBUS ELECTION CODE OF 2022,"MARCOS, IMEE R.","May 23, 2022",NATIONAL,NEW OMNIBUS ELECTION CODE,CONSTITUTIONAL AMENDMENTS AND REVISION OF CODES,PENDING IN THE COMMITTEE
Senate Bill No. 2492,18th Congress (July 2019 - 2022),https://ldr.senate.gov.ph/bills/senate-bill-no-2492-18th-congress-republic,REVISED HIGHER EDUCATION ACT OF 2022,"AN ACT STRENGTHENING THE COMMISSION ON HIGHER EDUCATION, REPEALING FOR THE PURPOSE REPUBLIC ACT NO. 7722, OTHERWISE KNOWN AS THE 'HIGHER EDUCATON ACT OF 1994', AND FOR OTHER PURPOSE","VILLANUEVA, JOEL","January 25, 2022",NATIONAL,HIGHER EDUCATION ACT,"HIGHER, TECHNICAL AND VOCATIONAL EDUCATION","PENDING SECOND READING, SPECIAL ORDER"
Senate Bill No. 2500,18th Congress (July 2019 - 2022),https://ldr.senate.gov.ph/bills/senate-bill-no-2500-18th-congress-republic,BUREAU OF IMMIGRATION MODERNIZATION ACT,"AN ACT MODERNIZING THE BUREAU OF IMMIGRATION BY DEFINING ITS POWERS AND FUNCTIONS, EXPANDING, RATIONALIZING AND FURTHER PROFESSIONALIZING ITS ORGANIZATION, UPGRADING THE COMPENSATION AND BENEFITS OF ITS OFFICIALS AND EMPLOYEES, AND APPROPRIATING FUNDS THEREFOR","ZUBIRI, JUAN MIGUEL ""MIGZ"" F.","January 31, 2022",NATIONAL,BUREAU OF IMMIGRATION MODERNIZATION ACT,JUSTICE AND HUMAN RIGHTS,"PENDING SECOND READING, SPECIAL ORDER"
Senate Bill No. 2493,18th Congress (July 2019 - 2022),https://ldr.senate.gov.ph/bills/senate-bill-no-2493-18th-congress-republic,VINTAGE VEHICLE REGULATION ACT,"AN ACT REGULATING THE USE AND OTHER ACTIVITIES RELATED TO VINTAGE AUTOMOBILES AND OTHER HISTORICAL, CLASSIC, OR COLLECTOR MOTOR VEHICLES, AND PROVIDING FOR THEIR EXEMPTION FROM THE STANDARDS AND RESTRICTIONS SET BY LAWS, AND REGULATIONS ISSUED AFTER THE DATE OF THEIR MANUFACTURE","GATCHALIAN, WIN","January 25, 2022",NATIONAL,VINTAGE AUTOMOBILES,PUBLIC SERVICES,LAPSED INTO LAW
Senate Bill No. 2512,18th Congress (July 2019 - 2022),https://ldr.senate.gov.ph/bills/senate-bill-no-2512-18th-congress-republic,REGULATING PHARMACEUTICAL OUTLETS (ONLINE SALE),"AN ACT REGULATING PHARMACEUTICAL OUTLETS ENGAGED IN THE ONLINE SALE OF PHARMACEUTICAL PRODUCTS AND THOSE DISPENSING ONLINE PHARMACY SERVICES, AMENDING FOR THE PURPOSE REPUBLIC ACT NO. 10918, OTHERWISE KNOWN AS THE 'PHILIPPINE PHARMACY ACT'","TOLENTINO, FRANCIS ""TOL"" N.","March 31, 2022",NATIONAL,PHARMACY PHARMACEUTICAL PRODUCTS ONLINE SALES PROMOTIONS/TRANSACTIONS,"CIVIL SERVICE, GOVERNMENT REORGANIZATION AND PROFESSIONAL REGULATION",PENDING IN THE COMMITTEE
Senate Bill No. 2482,18th Congress (July 2019 - 2022),https://ldr.senate.gov.ph/bills/senate-bill-no-2482-18th-congress-republic,COMPREHENSIVE LUPUS PREVENTION ACT,AN ACT INSTITUTING A NATONAL HEALTH PROGRAM TO COMBAT SYSTEMIC LUPUS ERYTHEMATOSUS (SLE) DISEASE AND APPROPRIATING FUNDS THEREFOR,"BINAY, MARIA LOURDES NANCY S.","January 24, 2022",NATIONAL,LUPUS DISEASE,HEALTH AND DEMOGRAPHY,PENDING IN THE COMMITTEE
Senate Bill No. 2522,18th Congress (July 2019 - 2022),https://ldr.senate.gov.ph/bills/senate-bill-no-2522-18th-congress-republic,NATIONAL BAPTIST DAY ACT,AN ACT DECLARING THE SECOND THURSDAY OF JANUARY OF EVERY YEAR A SPECIAL WORKING HOLIDAY TO BE KNOWN AS NATIONAL BAPTIST DAY,"VILLAR, CYNTHIA A.","May 23, 2022",NATIONAL,HOLIDAYS (SPECIAL WORKING),"BASIC EDUCATION, ARTS AND CULTURE",LAPSED INTO LAW
Senate Bill No. 2486,18th Congress (July 2019 - 2022),https://ldr.senate.gov.ph/bills/senate-bill-no-2486-18th-congress-republic,BANGON PAMILYANG PILIPINO (BPP) ASSISTANCE PROGRAM ACT OF 2022,AN ACT PROVIDING AN ADDITIONAL CASH ASSISTANCE PROGRAM FOR FILIPINOS TO AID IN MITIGATING THE EFFECTS OF THE CURRENT CORONAVIRUS PANDEMIC,"VILLANUEVA, JOEL","January 24, 2022",NATIONAL,CASH ASSISTANCE PANDEMIC COVID-19,ECONOMIC AFFAIRS,PENDING IN THE COMMITTEE
Senate Bill No. 2501,18th Congress (July 2019 - 2022),https://ldr.senate.gov.ph/bills/senate-bill-no-2501-18th-congress-republic,WILFUL AND INDISCRIMINATE DISCHARGE OF FIREARMS,"AN ACT PENALIZING WILFUL AND INDISCRIMINATE DISCHARGE OF FIREARMS, AMENDING FOR THE PURPOSE ACT NO. 3815, AS AMENDED, OTHERWISE KNOWN AS THE REVISED PENAL CODE","GATCHALIAN, WIN","January 31, 2022",NATIONAL,FIREARMS REVISED PENAL CODE (R.A. NO. 3815),PUBLIC ORDER AND DANGEROUS DRUGS,LAPSED INTO LAW
Senate Bill No. 2469,18th Congress (July 2019 - 2022),https://ldr.senate.gov.ph/bills/senate-bill-no-2469-18th-congress-republic,NATIONAL PSORIASIS CARE PROGRAM ACT,AN ACT INSTITUTIONALIZING A NATIONAL PSIORIASIS CARE PROGRAM AND APPROPRIATING FUNDS THEREFOR,"HONTIVEROS, RISA","March 1, 2022",NATIONAL,PSORIASIS,HEALTH AND DEMOGRAPHY,PENDING IN THE COMMITTEE
Senate Bill No. 2513,18th Congress (July 2019 - 2022),https://ldr.senate.gov.ph/bills/senate-bill-no-2513-18th-congress-republic,AMENDING LOCAL GOVERNMENT CODE (MICRO-ENTERPRISES),"AN ACT AMENDING SECTION 478(B)(4) OF REPUBLIC ACT NO. 7160, OTHERWISE KNOWN AS THE 'LOCAL GOVERNMENT CODE OF 1991'","TOLENTINO, FRANCIS ""TOL"" N.","March 31, 2022",NATIONAL,"LOCAL GOVERNMENT CODE (R.A.NO. 7160) MICRO, SMALL AND MEDIUM ENTERPRISES (MSMES)",LOCAL GOVERNMENT,PENDING IN THE COMMITTEE
Senate Bill No. 2483,18th Congress (July 2019 - 2022),https://ldr.senate.gov.ph/bills/senate-bill-no-2483-18th-congress-republic,AMENDING R.A. NO. 9266 ('ARCHITECTURE ACT OF 2004),"AN ACT STRENGTHENING THE ARCHITECTURE PROFESSION, AMENDING FOR THIS PURPOSE REPUBLIC ACT NO. 9266, OTHERWISE KNOWN AS THE 'ARCHITECTURE ACT OF 2004'","ANGARA, SONNY","January 24, 2022",NATIONAL,ARCHITECTURE,"CIVIL SERVICE, GOVERNMENT REORGANIZATION AND PROFESSIONAL REGULATION",PENDING IN THE COMMITTEE
Senate Bill No. 2523,18th Congress (July 2019 - 2022),https://ldr.senate.gov.ph/bills/senate-bill-no-2523-18th-congress-republic,AMENDING R.A. NO. 10121 (PHILIPPINE DISASTER RISK REDUCTION AND MANAGEMENT ACT OF 2010),"AN ACT AMENDING REPUBLIC ACT NO. 10121 OTHERWISE KNOWN AS THE 'PHILIPPINE DISASTER RISK REDUCTION AND MANAGEMENT ACT OF 2010,' AND FOR OTHER PURPOSES","MARCOS, IMEE R.","May 23, 2022",NATIONAL,PHILIPPINE DISASTER RISK REDUCTION AND MANAGEMENT ACT OF 2010 (R.A.NO. 10121),"NATIONAL DEFENSE AND SECURITY, PEACE, UNIFICATION AND RECONCILIATION",PENDING IN THE COMMITTEE
Senate Bill No. 2487,18th Congress (July 2019 - 2022),https://ldr.senate.gov.ph/bills/senate-bill-no-2487-18th-congress-republic,EXPANDING SURVIVORSHIP BENEFITS OF A DECEASED RETIRED MEMBER OF THE NATIONAL PROSECUTION SERVICE,"AN ACT EXPANDING SURVIVORSHIP BENEFITS TO THE SURVIVING LEGITIMATE SPOUSE AND DEPENDENT CHILDREN OF A DECEASED RETIRED MEMBER OF THE NATIONAL PROSECUTION SERVICE, AMENDING FOR THE PURPOSE REPUBLIC ACT NO. 11643, APPROPRIATING FUNDS THEREFOR","GORDON, RICHARD J.","January 24, 2022",NATIONAL,SURVIVORSHIP BENEFITS NATIONAL PROSECUTION SERVICE,JUSTICE AND HUMAN RIGHTS,PENDING IN THE COMMITTEE
Senate Bill No. 2502,18th Congress (July 2019 - 2022),https://ldr.senate.gov.ph/bills/senate-bill-no-2502-18th-congress-republic,YOUNG FARMERS AND FISHERFOLK CHALLENGE PROGRAM,"AN ACT ESTABLISHING THE YOUNG FARMERS AND FISHERFOLK CHALLENGE PROGRAM, CREATING FOR THE PURPOSE THE YOUNG FARMERS AND FISHERFOLK CHALLENGE COUNCIL, AND APPROPRIATING FUNDS THEREFOR","MARCOS, IMEE R.","January 31, 2022",NATIONAL,FISHERFOLK YOUNG FARMERS PROGRAM,YOUTH,"PENDING SECOND READING, SPECIAL ORDER"
Senate Bill No. 2472,18th Congress (July 2019 - 2022),https://ldr.senate.gov.ph/bills/senate-bill-no-2472-18th-congress-republic,AGRICULTURAL LANDS EASING ACT OF 2022,AN ACT TO PROMOTE INVESTMENTS IN AGRICULTURE BY EASING FARMLAND LANDHOLDING RESTRICTIONS AND RATIONALIZING LAND TRANSACTION PROCESSES,"LAPID, MANUEL ""LITO"" M.","May 1, 2022",NATIONAL,AGRICULTURAL LAND,"AGRICULTURE, FOOD AND AGRARIAN REFORM",PENDING IN THE COMMITTEE
Senate Bill No. 2515,18th Congress (July 2019 - 2022),https://ldr.senate.gov.ph/bills/senate-bill-no-2515-18th-congress-republic,UMBILICAL CORD BLOOD DONATION ACT,"AN ACT PROMOTING AND REGULATING THE DONATION OF UMBILICAL CORD BLOOD, APPPROPRIATING FUNDS THEREFROR, AND FOR OTHER PURPOSES","MARCOS, IMEE R.","April 28, 2022",NATIONAL,UMBILICAL CORD BLOOD,HEALTH AND DEMOGRAPHY,PENDING IN THE COMMITTEE
Senate Bill No. 2479,18th Congress (July 2019 - 2022),https://ldr.senate.gov.ph/bills/senate-bill-no-2479-18th-congress-republic,RESULTS-BASED NATIONAL EVALUATION POLICY (RBNEP) ACT,AN ACT INSTITUTIONALIZING A RESULTS-BASED NATIONAL EVALUATION POLICY,"HONTIVEROS, RISA","January 24, 2022",NATIONAL,RESULTS-BASED NATIONAL EVALUATION POLICY,ECONOMIC AFFAIRS,"PENDING SECOND READING, ORDINARY BUSINESS"
Senate Bill No. 2488,18th Congress (July 2019 - 2022),https://ldr.senate.gov.ph/bills/senate-bill-no-2488-18th-congress-republic,FINANCIAL PRODUCTS AND SERVICES CONSUMER PROTECTION ACT,AN ACT AFFORDING MORE PROTECTION TO CONSUMERS OF FINANCIAL PRODUCTS AND SERVICES,"LAPID, MANUEL ""LITO"" M.","January 24, 2022",NATIONAL,FINANCIAL CONSUMER PROTECTION,"BANKS, FINANCIAL INSTITUTIONS AND CURRENCIES",APPROVED BY THE PRESIDENT OF THE PHILIPPINES
Senate Bill No. 2524,18th Congress (July 2019 - 2022),https://ldr.senate.gov.ph/bills/senate-bill-no-2524-18th-congress-republic,USE OF DIGITAL PAYMENTS ACT,AN ACT PROMOTING THE ADOPTION OF DIGITAL PAYMENTS FOR FINANCIAL TRANSACTIONS OF THE GOVERNMENT AND ALL MERCHANTS AND FOR OTHER PURPOSES,"ANGARA, SONNY","May 30, 2022",NATIONAL,DIGITAL PAYMENTS,"BANKS, FINANCIAL INSTITUTIONS AND CURRENCIES","PENDING SECOND READING, ORDINARY BUSINESS"
Senate Bill No. 2503,18th Congress (July 2019 - 2022),https://ldr.senate.gov.ph/bills/senate-bill-no-2503-18th-congress-republic,AUGUST 12 OF EVERY YEAR AS NATIONAL YOUTH DAY,AN ACT DECLARING AUGUST 12 OF EVERY YEAR AS NATIONAL YOUTH DAY,"REVILLA JR., RAMON BONG","January 31, 2022",NATIONAL,NATIONAL YOUTH DAY,YOUTH,LAPSED INTO LAW
Senate Bill No. 2473,18th Congress (July 2019 - 2022),https://ldr.senate.gov.ph/bills/senate-bill-no-2473-18th-congress-republic,AMENDING R. A. NO. 7279 (URBAN DEVELOPMENT AND HOUSING ACT OF 1992),"AN ACT AMENDING REPUBLIC ACT NO. 7279, OTHERWISE KNOWN AS THE 'URBAN DEVELOPMENT AND HOUSING ACT OF 1992', BY INSTITUTIONALIZING A SUBSIDY PROGRAM FOR EXPENSES RELATED TO WATER AND ELECTRIC UTILITIES AND INITIAL MONTHLY BILLS TO QUALIFIED BENEFICIARY HOUSEHOLDS","LAPID, MANUEL ""LITO"" M.","May 1, 2022",NATIONAL,URBAN DEVELOPMENT AND HOUSING ACT (R.A.NO. 7279),"URBAN PLANNING, HOUSING AND RESETTLEMENT",PENDING IN THE COMMITTEE
Senate Bill No. 2516,18th Congress (July 2019 - 2022),https://ldr.senate.gov.ph/bills/senate-bill-no-2516-18th-congress-republic,AMENDING P.D. NO. 194 (AUTHORIZING ALIENS TO ENGAGE IN THE RICE AND CORN INDUSTRY),"AN ACT AMENDING PRESIDENTIAL DECREE NO. 194, OTHERWISE KNOWN AS THE 'AUTHORIZING ALIENS, AS WELL AS ASSOCIATIONS, CORPORATIONS OR PARTNERSHIPS OWNED IN WHOLE OR IN PART BY FOREIGNERS TO ENGAGE IN THE RICE AND CORN INDUSTRY, AND FOR OTHER PURPOSES', AND FOR OTHER PURPOSES","MARCOS, IMEE R.","February 5, 2022",NATIONAL,FOREIGNERS/ALIEN RICE AND CORN INDUSTRY,"AGRICULTURE, FOOD AND AGRARIAN REFORM",PENDING IN THE COMMITTEE
Senate Bill No. 2484,18th Congress (July 2019 - 2022),https://ldr.senate.gov.ph/bills/senate-bill-no-2484-18th-congress-republic,PROVINCIAL SCIENCE AND TECHNOLOGY OFFICE ACT,AN ACT CONVERTING THE PROVINCIAL SCIENCE AND TECHNOLOGY CENTER INTO THE PROVINCIAL SCIENCE AND TECHNOLOGY OFFICE IN EVERY PROVINCE AND APPROPRIATING FUNDS THEREFOR,"REVILLA JR., RAMON BONG","January 24, 2022",NATIONAL,PROVINCIAL SCIENCE AND TECHNOLOGY,SCIENCE AND TECHNOLOGY,LAPSED INTO LAW
Senate Bill No. 2489,18th Congress (July 2019 - 2022),https://ldr.senate.gov.ph/bills/senate-bill-no-2489-18th-congress-republic,INTERNET TRANSACTIONS ACT OF 2022,"AN ACT PROTECTING CONSUMERS AND MERCHANTS ENGAGED IN INTERNET TRANSACTIONS, CREATING FOR THIS PURPOSE THE E-COMMERCE BUREAU, APPROPRIATING FUNDS THEREFOR, AND FOR OTHER PURPOSES","GATCHALIAN, WIN","January 24, 2022",NATIONAL,INTERNET TRANSACTIONS CONSUMER PROTECTION,"TRADE, COMMERCE AND ENTREPRENEURSHIP","PENDING SECOND READING, SPECIAL ORDER"
Senate Bill No. 2504,18th Congress (July 2019 - 2022),https://ldr.senate.gov.ph/bills/senate-bill-no-2504-18th-congress-republic,NATIONAL MUSIC COMPETITIONS FOR YOUNG ARTISTS ACT,"AN ACT DESIGNATING THE NATIONAL MUSIC COMPETITIONS FOR YOUNG ARTISTS (NAMCYA) AS THE NATIONAL YOUTH DEVELOPMENT PROGRAM FOR MUSIC, DEFINING ITS ROLE AND FUNCTIONS AS SUCH, AND APPROPRIATING FUNDS THEREFOR","REVILLA JR., RAMON BONG","January 31, 2022",NATIONAL,N/A,YOUTH,LAPSED INTO LAW
Senate Bill No. 2474,18th Congress (July 2019 - 2022),https://ldr.senate.gov.ph/bills/senate-bill-no-2474-18th-congress-republic,AUTOMATED EXTERNAL DEFIBRILLATORS (AED) IN PUBLIC SPACES ACT,AN ACT REQUIRING THE PLACEMENT OF AUTOMATED EXTERNAL DEFIBRILLATORS (AED) IN PUBLIC SPACES AND INCREASING PUBLIC AWARENESS ON ITS ROLE IN SAVING LIVES,"LAPID, MANUEL ""LITO"" M.","May 1, 2022",NATIONAL,AUTOMATED EXTERNAL DEFIBRILLATORS (AED),HEALTH AND DEMOGRAPHY,PENDING IN THE COMMITTEE
Senate Bill No. 2517,18th Congress (July 2019 - 2022),https://ldr.senate.gov.ph/bills/senate-bill-no-2517-18th-congress-republic,COUNCIL FOR THE BUILT ENVIRONMENT ACT OF 2022,"AN ACT CREATING THE 'COUNCIL FOR THE BUILT ENVIRONMENT,' APPROPRIATING FUNDS THEREFOR, AND FOR OTHER PURPOSES","GORDON, RICHARD J.","February 5, 2022",NATIONAL,BUILT ENVIRONMENT,"CIVIL SERVICE, GOVERNMENT REORGANIZATION AND PROFESSIONAL REGULATION",PENDING IN THE COMMITTEE
Senate Bill No. 2485,18th Congress (July 2019 - 2022),https://ldr.senate.gov.ph/bills/senate-bill-no-2485-18th-congress-republic,SECOND CONGRESSIONAL COMMISSION ON EDUCATION ACT (EDCOM 2),"AN ACT CREATING A SECOND CONGRESSIONAL COMMISSION ON EDUCATION TO ASSESS AND EVALUATE THE STATE OF PHILIPPINE EDUCATION AND RECOMMEND INNOVATIVE AND TARGETED REFORMS IN EDUCATION, PROVIDING FUNDS THEREFOR, AND FOR OTHER PURPOSES","ANGARA, SONNY","January 24, 2022",NATIONAL,CONGRESSIONAL COMMISSION ON EDUCATION,"BASIC EDUCATION, ARTS AND CULTURE",LAPSED INTO LAW
Senate Bill No. 2495,18th Congress (July 2019 - 2022),https://ldr.senate.gov.ph/bills/senate-bill-no-2495-18th-congress-republic,BAWAT PAMILYA MAY COLLEGE GRADWEYT PROGRAM ACT,"AN ACT CREATING THE BAWAT PAMILYA MAY COLLEGE GRADWEYT PROGRAM, AMENDING FOR THE PURPOSE REPUBLIC ACT NO. 10931, OTHERWISE KNOWN AS THE ‘UNIVERSAL ACCESS TO QUALITY TERTIARY EDUCATION ACT’, AND APPROPRIATING FUNDS THEREFOR","PANGILINAN, FRANCIS ""KIKO"" N.","January 26, 2022",NATIONAL,UNIVERSAL ACCESS TO QUALITY TERTIARY EDUCATION,"HIGHER, TECHNICAL AND VOCATIONAL EDUCATION",PENDING IN THE COMMITTEE
Senate Bill No. 2505,18th Congress (July 2019 - 2022),https://ldr.senate.gov.ph/bills/senate-bill-no-2505-18th-congress-republic,PHILIPPINE CENTER FOR DISEASE CONTROL AND PREVENTION (CDC) ACT,"AN ACT CREATING THE PHILIPPINE CENTER FOR DISEASE CONTROL AND PREVENTION, DEFINING ITS POWERS AND FUNCTIONS, AND FOR OTHER PURPOSES","GORDON, RICHARD J.","January 31, 2022",NATIONAL,PHILIPPINE CENTER FOR DISEASE CONTROL AND PREVENTION,HEALTH AND DEMOGRAPHY,"PENDING SECOND READING, SPECIAL ORDER"
Senate Bill No. 2518,18th Congress (July 2019 - 2022),https://ldr.senate.gov.ph/bills/senate-bill-no-2518-18th-congress-republic,AMENDING R.A. NO. 9266 (ARCHITECTURE ACT OF 2004),"AN ACT STRENGTHENING THE ARCHITECTURE PROFESSION, AMENDING FOR THE PURPOSE CERTAIN PROVISIONS OF REPUBLIC ACT NUMBERED NINE THOUSAND TWO HUNDRED SIXTY-SIX (R.A. NO. 9266), OTHERWISE KNOWN AS THE 'ARCHITECTURE ACT OF 2004'","GORDON, RICHARD J.","February 5, 2022",NATIONAL,ARCHITECTURE,"CIVIL SERVICE, GOVERNMENT REORGANIZATION AND PROFESSIONAL REGULATION",PENDING IN THE COMMITTEE
Senate Bill No. 2490,18th Congress (July 2019 - 2022),https://ldr.senate.gov.ph/bills/senate-bill-no-2490-18th-congress-republic,OGCC CHARTER,"AN ACT STRENGTHENING THE OFFICE OF THE GOVERNMENT CORPORATE COUNSEL (OGCC) BY RATIONALIZING AND FURTHER PROFESSIONALIZING ITS ORGANIZATION, UPGRADING POSITIONS AND APPROPRIATING FUNDS THEREFOR","REVILLA JR., RAMON BONG","January 25, 2022",NATIONAL,OFFICE OF THE GOVERNMENT CORPORATE COUNSEL,JUSTICE AND HUMAN RIGHTS,VETOED BY THE PRESIDENT OF THE PHILIPPINES
Senate Bill No. 2496,18th Congress (July 2019 - 2022),https://ldr.senate.gov.ph/bills/senate-bill-no-2496-18th-congress-republic,AMENDING R. A. NO. 9266 (THE ARCHITECTURE ACT OF 2004),"AN ACT STRENGTHENING THE ARCHITECTURE PROFESSION, AMENDING FOR THE PURPOSE REPUBLIC ACT NO. 9266, OTHERWISE KNOWN AS ‘THE ARCHITECTURE ACT OF 2004'","PANGILINAN, FRANCIS ""KIKO"" N.","January 26, 2022",NATIONAL,ARCHITECTURE,"CIVIL SERVICE, GOVERNMENT REORGANIZATION AND PROFESSIONAL REGULATION",PENDING IN THE COMMITTEE
Senate Bill No. 2507,18th Congress (July 2019 - 2022),https://ldr.senate.gov.ph/bills/senate-bill-no-2507-18th-congress-republic,AMENDING R.A. NO. 10152 (MANDATORY INFANTS AND CHILDREN HEALTH IMMUNIZATION ACT OF 2011),"AN ACT EXPANDING THE COVERAGE OF THE MANDATORY BASIC IMMUNIZATION FOR ALL INFANTS AND CHILDREN UP TO ELEVEN (11) YEARS OF AGE, AMENDING FOR THE PURPOSE REPUBLIC ACT NO. 10152, OTHERWISE KNOWN AS THE 'MANDATORY INFANTS AND CHILDREN HEALTH IMMUNIZATION ACT OF 2011'","TOLENTINO, FRANCIS ""TOL"" N.","February 17, 2022",NATIONAL,IMMUNIZATIONCHILDREN/CHILD CARE,HEALTH AND DEMOGRAPHY,PENDING IN THE COMMITTEE
Senate Bill No. 2475,18th Congress (July 2019 - 2022),https://ldr.senate.gov.ph/bills/senate-bill-no-2475-18th-congress-republic,WORKERS' REST LAW,"AN ACT PROMOTING THE WELFARE OF EMPLOYEES BY DEFINING REST HOURS, PROVIDING PENALTIES FOR ANY VIOLATION THEREOF, AND FOR OTHER PURPOSES","TOLENTINO, FRANCIS ""TOL"" N.","January 17, 2022",NATIONAL,EMPLOYEES WORKERS HEALTH AND WELLNESS,"LABOR, EMPLOYMENT AND HUMAN RESOURCES DEVELOPMENT",PENDING IN THE COMMITTEE
Senate Bill No. 2506,18th Congress (July 2019 - 2022),https://ldr.senate.gov.ph/bills/senate-bill-no-2506-18th-congress-republic,SOCIAL PENSION OF INDIGENT SENIOR CITIZENS,"AN ACT INCREASING THE SOCIAL PENSION OF INDIGENT SENIOR CITIZENS AND APPROPRIATING FUNDS THEREFOR, AMENDING FOR THE PURPOSE REPUBLIC ACT NO. 7432 ENTITLED, AN ACT TO MAXIMIZE THE CONTRIBUTION OF SENIOR CITIZENS TO NATION BUILDING, GRANT BENEFITS AND SPECIAL PRIVILEGES AND FOR OTHER PURPOSES, AS AMENDED, AND FOR OTHER PURPOSES","POE, GRACE","February 2, 2022",NATIONAL,SENIOR CITIZEN/ELDERLY PENSION,"SOCIAL JUSTICE, WELFARE AND RURAL DEVELOPMENT",LAPSED INTO LAW
Senate Bill No. 2470,18th Congress (July 2019 - 2022),https://ldr.senate.gov.ph/bills/senate-bill-no-2470-18th-congress-republic,AMENDING REPUBLIC ACT NO. 11332 (PROCEDURES ON SURVEILLANCE AND RESPONSE TO NOTIFIABLE DISEASES),"AN ACT AMENDING REPUBLIC ACT NO. 11332 OTHERWISE KNOWN AS ‘AN ACT PROVIDING POLICIES AND PRESCRIBING PROCEDURES ON SURVEILLANCE AND RESPONSE TO NOTIFIABLE DISEASES, EPIDEMICS, AND HEALTH EVENTS OF PUBLIC HEALTH CONCERN, AND APPROPRIATING FUNDS THEREFOR, REPEALING FOR THE PURPOSE ACT NO. 3573, OTHERWISE KNOWN AS THE ‘LAW ON REPORTING OF COMMUNICABLE DISEASES’ AND FOR OTHER PURPOSES","ZUBIRI, JUAN MIGUEL ""MIGZ"" F.","April 1, 2022",NATIONAL,COMMUNICABLE DISEASES EPIDEMIC,HEALTH AND DEMOGRAPHY,PENDING IN THE COMMITTEE
Senate Bill No. 2494,18th Congress (July 2019 - 2022),https://ldr.senate.gov.ph/bills/senate-bill-no-2494-18th-congress-republic,"THE AGRICULTURE, FISHERIES AND RURAL DEVELOPMENT FINANCING ENHANCEMENT ACT OF 2022","AN ACT STRENGTHENING THE FINANCING SYSTEM FOR AGRICULTURE, FISHERIES, AND RURAL DEVELOPMENT IN THE PHILIPPINES, REPEALING FOR THE PURPOSE REPUBLIC ACT NO. 10000 OR THE AGRI-AGRA REFORM CREDIT ACT OF 2009","MARCOS, IMEE R.","January 25, 2022",NATIONAL,AGRI-AGRA REFORM CREDIT (R.A. NO. 10000),"AGRICULTURE, FOOD AND AGRARIAN REFORM",LAPSED INTO LAW
Senate Bill No. 2508,18th Congress (July 2019 - 2022),https://ldr.senate.gov.ph/bills/senate-bill-no-2508-18th-congress-republic,AMENDING SEC. 5 OF R.A. NO. 4726 (THE CONDOMINIUM ACT),"AN ACT AMENDING SECTION 5 OF REPUBLIC ACT NO. 4726 OTHERWISE KNOWN AS 'THE CONDOMINIUM ACT', AND FOR OTHER PURPOSES","MARCOS, IMEE R.","February 3, 2022",NATIONAL,CONDOMINIUM/CONDOMINIUM LAW (R.A.NO. 4726),"URBAN PLANNING, HOUSING AND RESETTLEMENT",PENDING IN THE COMMITTEE
Senate Bill No. 2476,18th Congress (July 2019 - 2022),https://ldr.senate.gov.ph/bills/senate-bill-no-2476-18th-congress-republic,"STANDARDIZING THE RETIREMENT BENEFITS OF JUSTICES, JUDGES, AND JUDICIARY OFFICIALS","AN ACT STANDARDIZING THE RETIREMENT BENEFITS OF JUSTICES, JUDGES, AND JUDICIARY OFFICIALS CONFERRED WITH JUDICIAL RANK, SALARY AND PRIVILEGES, AND APPROPRIATING FUNDS THEREFOR, AMENDING FOR THE PURPOSE REPUBLIC ACT NO. 910, AS AMENDED","ANGARA, SONNY","January 17, 2022",NATIONAL,"JUSTICES, JUDGES, AND JUDICIARY OFFICIALS BENEFITS AND INCENTIVES","CIVIL SERVICE, GOVERNMENT REORGANIZATION AND PROFESSIONAL REGULATION",PENDING IN THE COMMITTEE
Senate Bill No. 2514,18th Congress (July 2019 - 2022),https://ldr.senate.gov.ph/bills/senate-bill-no-2514-18th-congress-republic,COMPREHENSIVE ANTI-DISCRIMINATION ACT,"AN ACT PROHIBITING DISCRIMINATION ON THE BASIS OF AGE, INDIGENOUS, RACIAL OR ETHNIC ORIGIN, RELIGIOUS BELIEF OR ACTIVITY, POLITICAL INCLINATION OR CONVICTION, SOCIAL CLASS, SEX, GENDER, SEXUAL ORIENTATION, SEX CHARACTERISTICS, GENDER IDENTITY, GENDER EXPRESSION, MARITAL OR RELATIONSHIP STATUS, DISABILITY, HIV STATUS, PROFESSION OR OCCUPATION, HEALTH STATUS OR MEDICAL HISTORY, LANGUAGE, PHYSICAL FEATURES, AND OTHER STATUS, AND PROVIDING PENALTIES THERFOR","ANGARA, SONNY","April 19, 2022",NATIONAL,ANTI-DISCRIMINATION AGE DISCRIMINATION RELIGION/BELIEFS ETHNIC GENDER DISCRIMINATION,CULTURAL COMMUNITIES,"PENDING SECOND READING, ORDINARY BUSINESS"
Senate Bill No. 2471,18th Congress (July 2019 - 2022),https://ldr.senate.gov.ph/bills/senate-bill-no-2471-18th-congress-republic,INCREASING COMPENSATION OF SOCIAL WORKERS IN GOVERNMENT SERVICES,"AN ACT INCREASING COMPENSATION OF SOCIAL WORKERS IN GOVERNMENT SERVICES, AMENDING FOR THE PURPOSE REPUBLIC ACT NO. 9433, OTHERWISE KNOWN AS THE ‘MAGNA CARTA FOR PUBLIC SOCIAL WORKERS’","LAPID, MANUEL ""LITO"" M.","May 1, 2022",NATIONAL,SOCIAL WORKERS MAGNA CARTA FOR PUBLIC SOCIAL WORKERS,"SOCIAL JUSTICE, WELFARE AND RURAL DEVELOPMENT",PENDING IN THE COMMITTEE
Senate Bill No. 2497,18th Congress (July 2019 - 2022),https://ldr.senate.gov.ph/bills/senate-bill-no-2497-18th-congress-republic,REVISED MAGNA CARTA OF PUBLIC SCHOOL TEACHERS,"AN ACT PROMOTING, PROTECTING AND UPHOLDING THE RIGHTS OF TEACHING PERSONNEL BY INSTITUTIONALIZING A REVISED MAGNA CARTA OF PUBLIC SCHOOL TEACHERS, REPEALING FOR THE PURPOSE REPUBLIC ACT NO. 4670, OTHERWISE KNOWN AS THE 'MAGNA CARTA FOR PUBLIC SCHOOL TEACHERS', AND APPROPRIATING FUNDS THEREFOR","DE LIMA, LEILA M.","January 27, 2022",NATIONAL,REVISED MAGNA CARTA OF PUBLIC SCHOOL TEACHERS,"BASIC EDUCATION, ARTS AND CULTURE",PENDING IN THE COMMITTEE
Senate Bill No. 2509,18th Congress (July 2019 - 2022),https://ldr.senate.gov.ph/bills/senate-bill-no-2509-18th-congress-republic,AMENDING R.A. NO. 11321 (SAGIP SAKA ACT),"AN ACT PROVIDING ADDITIONAL TAX INCENTIVES ON GIFTS AND DONATIONS TO ACCREDITED FARMERS AND FISHERFOLK ENTERPRISES UNDER THE FARMERS AND FISHERFOLK ENTERPRISE DEVELOPMENT PROGRAM, AMENDING FOR THE PURPOSE REPUBLIC ACT NO. 11321, OTHERWISE KNOWN AS THE 'SAGIP SAKA ACT'","PANGILINAN, FRANCIS ""KIKO"" N.","July 3, 2022",NATIONAL,SAGIP SAKA ACTTAX INCENTIVES FARMERS,"AGRICULTURE, FOOD AND AGRARIAN REFORM",PENDING IN THE COMMITTEE
Senate Bill No. 2477,18th Congress (July 2019 - 2022),https://ldr.senate.gov.ph/bills/senate-bill-no-2477-18th-congress-republic,CLASSROOM MANAGEMENT SUPPORT AND PROTECTION FOR TEACHERS ACT,AN ACT INSTITUTIONALIZING SUPPORT MECHANISMS FOR PUBLIC SCHOOL TEACHERS AND SCHOOL PERSONNEL IN MATTERS OF STUDENT DISCIPLINE AND MECHANISMS FOR CLASSROOM MANAGEMENT AND PROVIDING FOR THEIR PROTECTION IN CASES RELATED THERETO,"DE LIMA, LEILA M.","January 17, 2022",NATIONAL,PUBLIC SCHOOL TEACHERS CLASSROOM,"BASIC EDUCATION, ARTS AND CULTURE",PENDING IN THE COMMITTEE
Senate Bill No. 2519,18th Congress (July 2019 - 2022),https://ldr.senate.gov.ph/bills/senate-bill-no-2519-18th-congress-republic,ELECTRIC VEHICLE INDUSTRY DEVELOPMENT ACT,"AN ACT AMENDING REPUBLIC ACT NO. 11697 OTHERWISE KNOWN AS THE ELECTRIC VEHICLE INDUSTRY DEVELOPMENT ACT, AND FOR OTHER PURPOSES","MARCOS, IMEE R.","May 17, 2022",NATIONAL,E-VEHICLE (ELECTRONIC VEHICLES),"TRADE, COMMERCE AND ENTREPRENEURSHIP",PENDING IN THE COMMITTEE
Senate Bill No. 2480,18th Congress (July 2019 - 2022),https://ldr.senate.gov.ph/bills/senate-bill-no-2480-18th-congress-republic,AMENDING R.A. NO. 9266 (ÄRCHITECTURE ACT OF 2004),"AN ACT STRENGTHENING THE PRACTICE OF ARCHITECTURE IN THE PHILIPPINES, AMENDING FOR THE PURPOSE CERTAIN PROVISIONS OF REPUBLIC ACT NO. 9266, OTHERWISE KNOWN AS THE 'ÄRCHITECTURE ACT OF 2004', AND FOR OTHER PURPOSES","GATCHALIAN, WIN","January 24, 2022",NATIONAL,ARCHITECTURE,"CIVIL SERVICE, GOVERNMENT REORGANIZATION AND PROFESSIONAL REGULATION",PENDING IN THE COMMITTEE
Senate Bill No. 2116,18th Congress (July 2019 - 2022),https://ldr.senate.gov.ph/bills/senate-bill-no-2116-18th-congress-republic,METRO-DAVAO REGIONAL DEVELOPMENT AUTHORITY ACT,"AN ACT CREATING THE METRO-DAVAO REGIONAL DEVELOPMENT AUTHORITY, DEFINING ITS POWERS AND FUNCTIONS AND PROVIDING FUNDS THEREFOR","MARCOS, IMEE R.","March 24, 2021",LOCAL,METRO-DAVAO REGIONAL DEVELOPMENT AUTHORITY,LOCAL GOVERNMENT,CONSOLIDATED/SUBSTITUTED IN THE COMMITTEE REPORT
Senate Bill No. 2177,18th Congress (July 2019 - 2022),https://ldr.senate.gov.ph/bills/senate-bill-no-2177-18th-congress-republic,AMENDING R. A. NO. 10361 (BATAS KASAMBAHAY),"AN ACT ESTABLISHING GREATER RESPONSIBILITY AND ACCOUNTABILITY FROM PRIVATE EMPLOYMENT AGENCIES, AMENDING FOR THE PURPOSE REPUBLIC ACT NO. 10361, OTHERWISE KNOWN AS THE 'BATAS KASAMBAHAY'","REVILLA JR., RAMON BONG","May 12, 2021",NATIONAL,BATAS KASAMBAHAY (R.A.NO. 10361),"LABOR, EMPLOYMENT AND HUMAN RESOURCES DEVELOPMENT",PENDING IN THE COMMITTEE
Senate Bill No. 2254,18th Congress (July 2019 - 2022),https://ldr.senate.gov.ph/bills/senate-bill-no-2254-18th-congress-republic,CAGAYAN STATE UNIVERSITY (CSU)-SOLANA CAMPUS ACT,"AN ACT CONVERTING THE SOLANA EXTENSION CAMPUS OF THE CAGAYAN STATE UNIVERSITY IN THE MUNICIPALITY OF SOLANA, PROVINCE OF CAGAYAN, INTO A REGULAR CAMPUS OF THE CAGAYAN STATE UNIVERSITY, TO BE KNOWN AS THE 'CAGAYAN STATE UNIVERSITY-SOLANA CAMPUS', AND APPROPRIATING FUNDS THEREFOR","MARCOS, IMEE R.","June 1, 2021",LOCAL,"SCHOOLS, CONVERSION","HIGHER, TECHNICAL AND VOCATIONAL EDUCATION",CONSOLIDATED/SUBSTITUTED IN THE COMMITTEE REPORT
Senate Bill No. 2319,18th Congress (July 2019 - 2022),https://ldr.senate.gov.ph/bills/senate-bill-no-2319-18th-congress-republic,INCLUSIVE BUSINESS ACT OF 2021,AN ACT TO PROMOTE INCLUSIVE BUSINESS FOR MARGINALIZED SECTORS TO SUPPORT AND ACCELERATE INCLUSIVE DEVELOPMENT AT THE NATIONAL AND LOCAL LEVELS THROUGH PRIVATE SECTOR INVOLVEMENT,"DE LIMA, LEILA M.","July 19, 2021",NATIONAL,INCLUSIVE BUSINESS,"TRADE, COMMERCE AND ENTREPRENEURSHIP",PENDING IN THE COMMITTEE
Senate Bill No. 2010,18th Congress (July 2019 - 2022),https://ldr.senate.gov.ph/bills/senate-bill-no-2010-18th-congress-republic,ANTI-WITHHOLDING OF STUDENT RECORDS ACT,"AN ACT PROHIBITING EDUCATION INSTITUTIONS FROM WITHHOLDING THE OFFICIAL RECORDS OF STUDENTS BY REASON OF NONPAYMENT OF TUITION AND OTHER SCHOOL FEES, AND FOR OTHER PURPOSES","VILLANUEVA, JOEL","January 21, 2021",NATIONAL,STUDENTS TUITION FEES,"BASIC EDUCATION, ARTS AND CULTURE",PENDING IN THE COMMITTEE
Senate Bill No. 2073,18th Congress (July 2019 - 2022),https://ldr.senate.gov.ph/bills/senate-bill-no-2073-18th-congress-republic,CREATING BARANGAY BUTAC (ILOCOS SUR),"AN ACT SEPARATING THE SITIOS OF KAINGGIAN, BUTAC, COSCOSNONG, LONGBOY, BANGCAG, AND BOTIGUE FROM BARANGAY MAN-ATONG IN THE MUNICIPALITY OF SUYO, PROVINCE OF ILOCOS SUR AND CONSTITUTING IT INTO A DISTINCT AND INDEPENDENT BARANGAY TO BE KNOWN AS BARANGAY BUTAC","MARCOS, IMEE R.","February 24, 2021",LOCAL,"BARANGAY, CREATION",LOCAL GOVERNMENT,PENDING IN THE COMMITTEE
Senate Bill No. 2393,18th Congress (July 2019 - 2022),https://ldr.senate.gov.ph/bills/senate-bill-no-2393-18th-congress-republic,RENTAL HOUSING SUBSIDY ACT OF 2021,"AN ACT ESTABLISHING A RENTAL SUBSIDY PROGRAM FOR INFORMAL SETTLER FAMILIES, APPROPRIATING FUNDS THEREFOR, AND FOR OTHER PURPOSES","GO, CHRISTOPHER LAWRENCE T.","September 9, 2021",NATIONAL,RENTAL HOUSING SUBSIDY,"URBAN PLANNING, HOUSING AND RESETTLEMENT","PENDING SECOND READING, SPECIAL ORDER"
Senate Bill No. 2148,18th Congress (July 2019 - 2022),https://ldr.senate.gov.ph/bills/senate-bill-no-2148-18th-congress-republic,PAID COVID-19 LEAVE ACT OF 2021,AN ACT MANDATING PAID PANDEMIC LEAVES FOR QUALIFIED EMPLOYEES DURING THE CORONAVIRUS DISEASE (COVID-19) PANDEMIC,"DE LIMA, LEILA M.","April 28, 2021",NATIONAL,COVID-19 LEAVE OF ABSENCE PANDEMIC,"LABOR, EMPLOYMENT AND HUMAN RESOURCES DEVELOPMENT",PENDING IN THE COMMITTEE
Senate Bill No. 2467,18th Congress (July 2019 - 2022),https://ldr.senate.gov.ph/bills/senate-bill-no-2467-18th-congress-republic,MEDIA AND ENTERTAINMENT WORKERS' WELFARE ACT,"AN ACT PROVIDING ENHANCED PROTECTION, SECURITY AND BENEFITS FOR MEDIA AND ENTERTAINMENT WORKERS","SOTTO III, VICENTE C.","December 15, 2021",NATIONAL,MEDIA PRACTITIONERS,"LABOR, EMPLOYMENT AND HUMAN RESOURCES DEVELOPMENT","PENDING SECOND READING, SPECIAL ORDER"
Senate Bill No. 2233,18th Congress (July 2019 - 2022),https://ldr.senate.gov.ph/bills/senate-bill-no-2233-18th-congress-republic,FOUNDLING RECOGNITION AND PROTECTION ACT,"AN ACT PROMOTING THE RIGHTS OF AND PROVIDING GREATER PROTECTIONS TO DESERTED OR ABANDONED CHILDREN WITH UNKNOWN PARENTS, AMENDING FOR THIS PURPOSE ARTICLES 276 AND 277 OF THE REVISED PENAL CODE AND SPECIAL LAWS, RECOGNIZING THEIR STATUS AS NATURAL-BORN CITIZENS OF THE PHILIPPINES, PROVIDING PENALTIES AGAINST ACTS INIMICAL TO THEIR WELFARE, AND FOR OTHER PURPOSES","LAPID, MANUEL ""LITO"" M.","May 25, 2021",NATIONAL,FOUNDLING RECOGNITION CHILDREN/CHILD CARE,"WOMEN, CHILDREN, FAMILY RELATIONS AND GENDER EQUALITY","PENDING SECOND READING, SPECIAL ORDER"
Senate Bill No. 2286,18th Congress (July 2019 - 2022),https://ldr.senate.gov.ph/bills/senate-bill-no-2286-18th-congress-republic,STRONGER PUBLIC HEALTH EMERGENCY RESPONSE (SPHERE) ACT,"AN ACT STRENGTHENING PUBLIC HEALTH EMERGENCY PREPAREDNESS IN THE PHILIPPINES, PROVIDING FOR A NATIONAL PUBLIC HEALTH EMERGENCY RESPONSE PLAN, AND MANDATING RELIEF AND RECOVERY MEASURES, AND APPROPRIATING FUNDS THEREFOR","REVILLA JR., RAMON BONG","June 3, 2021",NATIONAL,PUBLIC HEALTH EMERGENCY RESPONSE,HEALTH AND DEMOGRAPHY,PENDING IN THE COMMITTEE
Senate Bill No. 1979,18th Congress (July 2019 - 2022),https://ldr.senate.gov.ph/bills/senate-bill-no-1979-18th-congress-republic,INDIGENT PUBLIC UTILITY DRIVER'S LICENSE APPLICATION SUBSIDY ACT,AN ACT PROVIDING SUBSIDIES AND OTHER INCENTIVES FOR INDIGENT PUBLIC UTILITY DRIVERS IN THE PAYMENT OF FEES AND CHARGES FOR CERTAIN CERTIFICATES AND CLEARANCES REQUIRED BY THE LAND TRANSPORTATION OFFICE (LTO) IN APPLYING FOR A PROFESSIONAL DRIVER'S LICENSE,"DE LIMA, LEILA M.","January 12, 2021",NATIONAL,PUBLIC UTILITY VEHICLE DRIVERS INDIGENT PERSONS DRIVERS LICENSE LAND TRANSPORTATION OFFICE (LTO),PUBLIC SERVICES,PENDING IN THE COMMITTEE
Senate Bill No. 2042,18th Congress (July 2019 - 2022),https://ldr.senate.gov.ph/bills/senate-bill-no-2042-18th-congress-republic,EXPEDITING THE PURCHASE AND ADMINISTRATION OF VACCINES,"AN ACT EXPEDITING THE PURCHASE AND ADMINISTRATION OF VACCINES FOR THE PROTECTION AGAINST THE CORONAVIRUS DISEASE 2019 BY EXEMPTING LOCAL GOVERNMENT UNITS FROM COMPLIANCE WITH THE PROCUREMENT REQUIREMENTS UNDER REPUBLIC ACT NO. 9184, OTHERWISE KNOWN AS THE 'GOVERNMENT PROCUREMENT REFORM ACT,' AND OTHER RELATED LAWS","ZUBIRI, JUAN MIGUEL ""MIGZ"" F.","February 8, 2021",NATIONAL,VACCINES/VACCINATION PROGRAM COVID-19 Government procurement LOCAL GOVERNMENT UNITS (LGUs),FINANCE,CONSOLIDATED/SUBSTITUTED IN THE COMMITTEE REPORT
Senate Bill No. 2360,18th Congress (July 2019 - 2022),https://ldr.senate.gov.ph/bills/senate-bill-no-2360-18th-congress-republic,CES RECOGNITION ACT OF 2021,"AN ACT RECOGNIZING THE ROLE OF THE MEMBERS OF THE CAREER EXECUTIVE SERVICE (CES) IN EFFECTIVELY UPHOLDING, PURSUING, AND MAINTAINING GOOD GOVERNANCE AND ACCOUNTABILITY IN PUBLIC SERVICE BY GRANTING THEM SALARIES, SPECIAL ALLOWANCES, RETIREMENT BENEFITS, AND PRIVILEGES COMMENSURATE TO THEIR CES RANKS, APPROPRIATING FUNDS THEREFOR, AND FOR OTHER PURPOSES","SOTTO III, VICENTE C.","August 23, 2021",NATIONAL,CAREER EXECUTIVE SERVICE SYSTEM,"CIVIL SERVICE, GOVERNMENT REORGANIZATION AND PROFESSIONAL REGULATION",PENDING IN THE COMMITTEE
Senate Bill No. 2423,18th Congress (July 2019 - 2022),https://ldr.senate.gov.ph/bills/senate-bill-no-2423-18th-congress-republic,THE PRIVATE SECURITY SERVICES INDUSTRY ACT,"AN ACT STRENGTHENING THE REGULATION OF PRIVATE SECURITY SERVICES INDUSTRY, REPEALING FOR THE PURPOSE, REPUBLIC ACT NO. 5487, ENTITLED, 'AN ACT TO REGULATE THE ORGANIZATION AND OPERATION OF PRIVATE DETECTIVE, WATCHMEN OR SECURITY GUARD AGENCIES', AS AMENDED","DELA ROSA, RONALD ""BATO""","September 29, 2021",NATIONAL,PRIVATE SECURITY SERVICES INDUSTRY,PUBLIC ORDER AND DANGEROUS DRUGS,"PENDING SECOND READING, SPECIAL ORDER"
Senate Bill No. 1990,18th Congress (July 2019 - 2022),https://ldr.senate.gov.ph/bills/senate-bill-no-1990-18th-congress-republic,INTERNET INFRASTRUCTURE INTEGRATION ACT,"AN ACT ESTABLISHING THE INTERNET INFRASTRUCTURE INTEGRATION PROGRAM IN ROAD INFRASTRUCTURE PROJECTS TO SAVE COSTS AND ACCELERATE THE DEPLOYMENT OF INTERNET CONNECTIVITY THROUGHOUT THE COUNTRY, PROVIDING FUNDS THEREFOR AND FOR OTHER PURPOSES","LAPID, MANUEL ""LITO"" M.","January 18, 2021",NATIONAL,INTERNET INFRASTRUCTURE INTEGRATION PROGRAM INTERNET ACCESS,PUBLIC WORKS,PENDING IN THE COMMITTEE
Senate Bill No. 2055,18th Congress (July 2019 - 2022),https://ldr.senate.gov.ph/bills/senate-bill-no-2055-18th-congress-republic,AGUSAN DEL SUR AS THE HOME OF THE GOLDEN TARA,AN ACT DECLARING THE PROVINCE OF AGUSAN DEL SUR AS THE HOME OF THE GOLDEN TARA,"BINAY, MARIA LOURDES NANCY S.","February 15, 2021",LOCAL,GOLDEN TARA,"BASIC EDUCATION, ARTS AND CULTURE",PENDING IN THE COMMITTEE
Senate Bill No. 2371,18th Congress (July 2019 - 2022),https://ldr.senate.gov.ph/bills/senate-bill-no-2371-18th-congress-republic,COVID-19 BENEFITS FOR HEALTH WORKERS ACT OF 2021,"AN ACT GRANTING CONTINUING COVID-19 BENEFITS TO PUBLIC AND PRIVATE HEALTH WORKERS DURING THE PERIOD OF THE COVID-19 PANDEMIC, PROVIDING FUNDS THEREFOR AND FOR OTHER PURPOSES","GORDON, RICHARD J.","August 31, 2021",NATIONAL,HEALTHCARE WORKERS COVID-19,FINANCE,CONSOLIDATED/SUBSTITUTED IN THE COMMITTEE REPORT
Senate Bill No. 2435,18th Congress (July 2019 - 2022),https://ldr.senate.gov.ph/bills/senate-bill-no-2435-18th-congress-republic,SOLAR HOME SYSTEM FINANCING FOR SOCIAL HOUSING PROGRAM ACT,"AN ACT ESTABLISHING THE SOLAR HOME SYSTEM FINANCING FOR SOCIAL HOUSING PROGRAM, AND PROVIDING FUNDS THEREFOR","HONTIVEROS, RISA","October 12, 2021",NATIONAL,SOLAR HOME SYSTEM,"URBAN PLANNING, HOUSING AND RESETTLEMENT",PENDING IN THE COMMITTEE
Senate Bill No. 2127,18th Congress (July 2019 - 2022),https://ldr.senate.gov.ph/bills/senate-bill-no-2127-18th-congress-republic,TRADITIONAL AND COMPLEMENTARY MEDICINE SYSTEM,"AN ACT STRENGTHENING THE TRADITIONAL AND COMPLEMENTARY MEDICINE SYSTEM, AMENDING FOR THE PURPOSE REPUBLIC ACT NO. 8423, OTHERWISE KNOWN AS THE 'TRADITIONAL AND ALTERNATIVE MEDICINE ACT OF 1997'","REVILLA JR., RAMON BONG","April 12, 2021",NATIONAL,MEDICINES/DRUGS TRADITIONAL AND ALTERNATIVE MEDICINE ACT OF 1997,HEALTH AND DEMOGRAPHY,PENDING IN THE COMMITTEE
Senate Bill No. 2184,18th Congress (July 2019 - 2022),https://ldr.senate.gov.ph/bills/senate-bill-no-2184-18th-congress-republic,PHILIPPINE ECOSYSTEM AND NATURAL CAPITAL ACCOUNTING SYSTEM (PENCAS) LAW OF 2021,"AN ACT INSTITUTIONALIZING THE PHILIPPINE ECOSYSTEM AND NATURAL CAPITAL ACCOUNTING SYSTEM (PENCAS), APPROPRIATING FUNDS THEREFOR AND FOR OTHER PURPOSES","REVILLA JR., RAMON BONG","May 12, 2021",NATIONAL,PHILIPPINE ECOSYSTEM AND NATURAL CAPITAL ACCOUNTING SYSTEM (PENCAS),ECONOMIC AFFAIRS,PENDING IN THE COMMITTEE
Senate Bill No. 2265,18th Congress (July 2019 - 2022),https://ldr.senate.gov.ph/bills/senate-bill-no-2265-18th-congress-republic,PHILIPPINE COAST GUARD AUXILIARY ACT (PCGA),"AN ACT INSTITUTIONALIZING THE PHILIPPINE COAST GUARD AUXILIARY (PCGA), AMENDING FOR THE PURPOSE SECTION 11 OF REPUBLIC ACT NO. 9993, OTHERWISE KNOWN AS THE PHILIPPINE COAST GUARD LAW OF 2009, AND FOR OTHER PURPOSES","GORDON, RICHARD J.","June 1, 2021",NATIONAL,PHILIPPINE COAST GUARD,PUBLIC SERVICES,PENDING IN THE COMMITTEE
Senate Bill No. 2329,18th Congress (July 2019 - 2022),https://ldr.senate.gov.ph/bills/senate-bill-no-2329-18th-congress-republic,VIROLOGY AND VACCINE INSTITUTE OF THE PHILIPPINES (VIP) ACT OF 2021,AN ACT ESTABLISHING THE VIROLOGY AND VACCINE INSTITUTE OF THE PHILIPPINES AND APPROPRIATING FUNDS THEREFOR,"REVILLA JR., RAMON BONG","July 26, 2021",NATIONAL,VIROLOGY INSTITUTE OF THE PHILIPPINES (VIP) VACCINE,SCIENCE AND TECHNOLOGY,PENDING IN THE COMMITTEE
Senate Bill No. 2020,18th Congress (July 2019 - 2022),https://ldr.senate.gov.ph/bills/senate-bill-no-2020-18th-congress-republic,DEPARTMENT OF CULTURE ACT,"AN ACT ESTABLISHING THE DEPARTMENT OF CULTURE, APPROPRIATING FUNDS THEREFOR, AND FOR OTHER PURPOSES","CAYETANO, PIA S.","January 26, 2021",NATIONAL,DEPARTMENT OF CULTURE,"BASIC EDUCATION, ARTS AND CULTURE",PENDING IN THE COMMITTEE
Senate Bill No. 2085,18th Congress (July 2019 - 2022),https://ldr.senate.gov.ph/bills/senate-bill-no-2085-18th-congress-republic,PHILIPPINE CITIZENSHIP TO DANIEL HONGJU UM,AN ACT GRANTING PHILIPPINE CITIZENSHIP TO DANIEL HONGJU UM,"ANGARA, SONNY","March 3, 2021",LOCAL,CITIZENSHIP,RULES,PENDING IN THE COMMITTEE
Senate Bill No. 2331,18th Congress (July 2019 - 2022),https://ldr.senate.gov.ph/bills/senate-bill-no-2331-18th-congress-republic,POLICE COURTS ACT OF 2021,"AN ACT ESTABLISHING THE POLICE LAW ENFORCEMENT COURTS, AMENDING BATAS PAMBANSA BILANG 129, AS AMENDED, OTHERWISE KNOWN AS 'THE JUDICIARY REORGANIZATION ACT OF 1980,' AND PRESIDENTIAL DECREE NO. 1606, AS AMENDED BY REPUBLIC ACT NO. 10660, CREATING A SPECIAL COURT TO BE KNOWN AS 'SANDIGANBAYAN', APPROPRIATING FUNDS THEREFOR AND FOR OTHER PURPOSES","GORDON, RICHARD J.","July 26, 2021",NATIONAL,POLICE COURT SANDIGANBAYAN,JUSTICE AND HUMAN RIGHTS,"PENDING SECOND READING, ORDINARY BUSINESS"
Senate Bill No. 2403,18th Congress (July 2019 - 2022),https://ldr.senate.gov.ph/bills/senate-bill-no-2403-18th-congress-republic,PHILIPPINE CITIZENSHIP TO ZIBIN 'DEREK' LIANG,AN ACT GRANTING PHILIPPINE CITIZENSHIP TO ZIBIN 'DEREK' LIANG,"ZUBIRI, JUAN MIGUEL ""MIGZ"" F.","September 16, 2021",NATIONAL,CITIZENSHIP,JUSTICE AND HUMAN RIGHTS,PENDING IN THE COMMITTEE
Senate Bill No. 2096,18th Congress (July 2019 - 2022),https://ldr.senate.gov.ph/bills/senate-bill-no-2096-18th-congress-republic,ALIAGA POLYTECHNIC STATE COLLEGE (NUEVA ECIJA),"AN ACT ESTABLISHING A POLYTECHNIC STATE COLLEGE IN THE MUNICIPALITY OF ALIAGA, PROVINCE OF NUEVA ECIJA TO BE KNOWN AS THE ALIAGA POLYTECHNIC STATE COLLEGE AND APPROPRIATING FUNDS THEREFOR","MARCOS, IMEE R.","March 10, 2021",LOCAL,STATE COLLEGES AND UNIVERSITIES (SCUS),"HIGHER, TECHNICAL AND VOCATIONAL EDUCATION",PENDING IN THE COMMITTEE
Senate Bill No. 2159,18th Congress (July 2019 - 2022),https://ldr.senate.gov.ph/bills/senate-bill-no-2159-18th-congress-republic,OXYGEN GENERATION PLANT IN GOVERNMENT AND PRIVATE HOSPITALS,"AN ACT MANDATING OXYGEN GENERATION PLANT IN LEVEL 2 AND 3 GOVERNMENT AND PRIVATE HOSPITALS, AMENDING FOR THIS PURPOSE REPUBLIC ACT NO. 4226, OTHERWISE KNOWN AS THE 'HOSPITAL LICENSURE ACT', APPROPRIATING FUNDS THEREFOR","GORDON, RICHARD J.","May 10, 2021",NATIONAL,OXYGEN GENERATION PLANT HOSPITAL LICENSURE ACT (R.A.NO. 4226),HEALTH AND DEMOGRAPHY,PENDING IN THE COMMITTEE
Senate Bill No. 2230,18th Congress (July 2019 - 2022),https://ldr.senate.gov.ph/bills/senate-bill-no-2230-18th-congress-republic,ULOT RIVER ECOTOURISM ACT,"AN ACT DECLARING ULOT RIVER IN THE MUNICIPALITY OF PARANAS, PROVINCE OF SAMAR AN ECOTOURISM SITE AND APPROPRIATING FUNDS THEREFOR","HONTIVEROS, RISA","May 25, 2021",LOCAL,ECOLOGICAL TOURISM ZONE/ECOTOURISM SITE,TOURISM,PENDING IN THE COMMITTEE
Senate Bill No. 2297,18th Congress (July 2019 - 2022),https://ldr.senate.gov.ph/bills/senate-bill-no-2297-18th-congress-republic,FREE ANNUAL MEDICAL CHECK-UP ACT OF 2021,AN ACT PROVIDING FOR FREE ANNUAL MEDICAL CHECK-UP FOR FILIPINOS,"ANGARA, SONNY","June 21, 2021",NATIONAL,FILIPINO MEDICAL CHECK-UP,HEALTH AND DEMOGRAPHY,PENDING IN THE COMMITTEE
Senate Bill No. 2244,18th Congress (July 2019 - 2022),https://ldr.senate.gov.ph/bills/senate-bill-no-2244-18th-congress-republic,GOVERNOR CELESTINO GALLARES MULTI-SPECIALTY MEDICAL COMPLEX (GCGMC),"AN ACT CONVERTING THE GOVERNOR CELESTINO GALLARES MEMORIAL HOSPITAL (GCGMH) TO GOVERNOR CELESTINO GALLARES MULTI-SPECIALTY MEDICAL COMPLEX (GCGMMC) IN THE PROVINCE OF BOHOL AMENDING REPUBLIC ACT NO. 11324, AND APPROPRIATING FUNDS THEREFOR AND FOR OTHER PURPOSES","ANGARA, SONNY","May 31, 2021",LOCAL,"HOSPITALS, CONVERSION",HEALTH AND DEMOGRAPHY,PENDING IN THE COMMITTEE
Senate Bill No. 2310,18th Congress (July 2019 - 2022),https://ldr.senate.gov.ph/bills/senate-bill-no-2310-18th-congress-republic,EXPANDING THE NATIONAL FEEDING PROGRAM IN SECONDARY SCHOOLS,"AN ACT EXPANDING THE NATIONAL FEEDING PROGRAM IN SECONDARY SCHOOLS, AMENDING FOR THE PURPOSE REPUBLIC ACT NO. 11037 OR THE 'MASUSTANSYANG PAGKAIN PARA SA BATANG PILPINO ACT'","ANGARA, SONNY","July 5, 2021",NATIONAL,FEEDING PROGRAM SCHOOLS (PRIMARY AND SECONDARY),"BASIC EDUCATION, ARTS AND CULTURE",PENDING IN THE COMMITTEE
Senate Bill No. 2001,18th Congress (July 2019 - 2022),https://ldr.senate.gov.ph/bills/senate-bill-no-2001-18th-congress-republic,PHILIPPINE NATIONAL GAMES ACT,AN ACT INSTITUTIONALIZING THE PHILIPPINE NATIONAL GAMES AND APPROPRIATING FUNDS THEREFOR,"GO, CHRISTOPHER LAWRENCE T.","January 20, 2021",NATIONAL,PHILIPPINE NATIONAL GAMES,SPORTS,PENDING IN THE COMMITTEE
Senate Bill No. 2064,18th Congress (July 2019 - 2022),https://ldr.senate.gov.ph/bills/senate-bill-no-2064-18th-congress-republic,AMENDING THE PHILIPPINE LEMON LAW,AN ACT AMENDING REPUBLIC ACT NO. 10642 OTHERWISE KNOWN AS THE PHILIPPINE LEMON LAW AND FOR OTHER PURPOSES,"PIMENTEL, AQUILINO ""KOKO"" III","February 22, 2021",NATIONAL,LEMON LAW Motor Vehicles,"TRADE, COMMERCE AND ENTREPRENEURSHIP",CONSOLIDATED/SUBSTITUTED IN THE COMMITTEE REPORT
Senate Bill No. 2382,18th Congress (July 2019 - 2022),https://ldr.senate.gov.ph/bills/senate-bill-no-2382-18th-congress-republic,"CITY OF SAN PABLO, PROVINCE OF LAGUNA, AN ECOTOURISM DESTINATION","AN ACT DECLARING THE CITY OF SAN PABLO, PROVINCE OF LAGUNA, AN ECOTOURISM DESTINATION, TO BE KNOWN AS THE 'CITY OF SEVEN LAKES', AND APPROPRIAITING FUNDS THEREFOR","MARCOS, IMEE R.","September 6, 2021",NATIONAL,ECOTOURISM DESTINATION,TOURISM,PENDING IN THE COMMITTEE
Senate Bill No. 2446,18th Congress (July 2019 - 2022),https://ldr.senate.gov.ph/bills/senate-bill-no-2446-18th-congress-republic,NEW PHILIPPINE NURSING PRACTICE ACT,"AN ACT PROVIDING FOR A COMPREHENSIVE NURSING LAW, PROMOTING A MORE RESPONSIVE AND EFFECTIVE HEALTH CARE SYSTEM, AND APPROPRIATING FUNDS THEREFOR","HONTIVEROS, RISA","November 8, 2021",NATIONAL,PHILIPPINE NURSING ACT NURSES/NURSING,"CIVIL SERVICE, GOVERNMENT REORGANIZATION AND PROFESSIONAL REGULATION",PENDING IN THE COMMITTEE
Senate Bill No. 2138,18th Congress (July 2019 - 2022),https://ldr.senate.gov.ph/bills/senate-bill-no-2138-18th-congress-republic,LAGUNA LAKE CONSERVATION ACT,"AN ACT CREATING THE LAGUNA LAKE CONSERVATION AUTHORITY (LLCA), THEREBY REPEALING REPUBLIC ACT NO. 4850, AS AMENDED, OTHERWISE KNOWN AS THE LAGUNA LAKE DEVELOPMENT AUTHORITY ACT OF 1966, AND FOR OTHER PURPOSES","REVILLA JR., RAMON BONG","April 19, 2021",NATIONAL,LAGUNA LAKE CONSERVATION AUTHORITY,GOVERNMENT CORPORATIONS AND PUBLIC ENTERPRISES,PENDING IN THE COMMITTEE
Senate Bill No. 2202,18th Congress (July 2019 - 2022),https://ldr.senate.gov.ph/bills/senate-bill-no-2202-18th-congress-republic,WESTERN VISAYAS SANITARIUM AND GENERAL HOSPITAL,"AN ACT CONVERTING THE WESTERN VISAYAS SANITARIUM IN THE MUNICIPALITY OF SANTA BARBARA, PROVINCE OF ILOILO, INTO A GENERAL HOSPITAL TO BE KNOWN AS THE WESTERN VISAYAS SANITARIUM AND GENERAL HOSPITAL, AND APPROPRIATING FUNDS THEREFOR","MARCOS, IMEE R.","May 17, 2021",LOCAL,"HOSPITALS, CONVERSION",HEALTH AND DEMOGRAPHY,PENDING IN THE COMMITTEE
Senate Bill No. 2456,18th Congress (July 2019 - 2022),https://ldr.senate.gov.ph/bills/senate-bill-no-2456-18th-congress-republic,TAX EXEMPTION ON ELECTION HONORARIA AND ALLOWANCES OF POLL WORKERS/TEACHERS,"AN ACT EXEMPTING FROM INCOME TAXATION THE HONORARIA, ALLOWANCE, AND OTHER FINANCIAL BENEFITS OF PERSONS RENDERING SERVICE DURING AN ELECTION PERIOD, AMENDING FOR THE PURPOSE SECTION 32(B) (7) OF THE NATIONAL INTERNAL REVENUE CODE OF 1997, AS AMENDED","DE LIMA, LEILA M.","November 25, 2021",NATIONAL,TAX EXEMPTION TAXES (INDIVIDUAL INCOME TAX) NATIONAL INTERNAL REVENUE CODE (NIRC),WAYS AND MEANS,PENDING IN THE COMMITTEE
Senate Bill No. 2212,18th Congress (July 2019 - 2022),https://ldr.senate.gov.ph/bills/senate-bill-no-2212-18th-congress-republic,AMENDING R.A.NO. 11525 (COVID-19 VACCINATION PROGRAM ACT OF 2021),"AN ACT AMENDING REPUBLIC ACT NO. 11525, OTHERWISE KNOWN AS THE 'COVID-19 VACCINATION PROGRAM ACT OF 2021'","BINAY, MARIA LOURDES NANCY S.","May 18, 2021",NATIONAL,COVID-19 VACCINES/VACCINATION PROGRAM,HEALTH AND DEMOGRAPHY,PENDING IN THE COMMITTEE
Senate Bill No. 2276,18th Congress (July 2019 - 2022),https://ldr.senate.gov.ph/bills/senate-bill-no-2276-18th-congress-republic,NAGA-KABASALAN PROTECTED LANDSCAPE ACT,"AN ACT DECLARING A PARCEL OF LAND LOCATED IN THE MUNICIPALITIES OF NAGA AND KABASALAN, IN THE PROVINCE OF ZAMBOANGA SIBUGAY, A PROTECTED AREA WITH THE CATEGORY OF PROTECTED LANDSCAPE UNDER THE NATIONAL INTEGRATED PROTECTED AREAS SYSTEM (NIPAS), TO BE REFERRED TO AS THE NAGA-KABASALAN PROTECTED LANDSCAPE, PROVIDING FOR ITS MANAGEMENT, AND APPROPRIATING FUNDS THEREFOR","VILLAR, CYNTHIA A.","June 3, 2021",LOCAL,"PROTECTED AREA/PROTECTED LANDSCAPE NATIONAL INTEGRATED PROTECTED AREAS SYSTEM (NIPAS), R.A.NO. 7586","ENVIRONMENT, NATURAL RESOURCES AND CLIMATE CHANGE",CONSOLIDATED/SUBSTITUTED IN THE COMMITTEE REPORT
Senate Bill No. 1968,18th Congress (July 2019 - 2022),https://ldr.senate.gov.ph/bills/senate-bill-no-1968-18th-congress-republic,SUSPENSION OF PHILHEALTH PREMIUM CONTRIBUTION INCREASE,"AN ACT MANDATING THE SUSPENSION OF THE SCHEDULED INCREASE IN PHILHEALTH PREMIUM CONTRIBUTIONS, AMENDING FOR THE PURPOSE SECTION 10 OF REPUBLIC ACT NO. 11223, OTHERWISE KNOWN AS THE 'UNIVERSAL HEALTH CARE ACT' AND FOR OTHER PURPOSES","POE, GRACE","January 5, 2021",NATIONAL,PHILIPPINE HEALTH INSURANCE CORPORATION (PHILHEALTH/PHIC) UNIVERSAL HEALTH CARE,HEALTH AND DEMOGRAPHY,CONSOLIDATED/SUBSTITUTED IN THE COMMITTEE REPORT
Senate Bill No. 2032,18th Congress (July 2019 - 2022),https://ldr.senate.gov.ph/bills/senate-bill-no-2032-18th-congress-republic,SAMAR ISLAND MEDICAL CENTER,"AN ACT ESTABLISHING IN THE CITY OF CALBAYOG, PROVINCE OF SAMAR, A TERTIARY HOSPITAL TO BE KNOWN AS THE SAMAR ISLAND MEDICAL CENTER, AND APPROPRIATING FUNDS THEREFOR","REVILLA JR., RAMON BONG","February 1, 2021",LOCAL,"HOSPITALS, ESTABLISHMENT",HEALTH AND DEMOGRAPHY,PENDING IN THE COMMITTEE
Senate Bill No. 2145,18th Congress (July 2019 - 2022),https://ldr.senate.gov.ph/bills/senate-bill-no-2145-18th-congress-republic,LOCAL COOPERATIVES DEVELOPMENT FUND ACT,"AN ACT ESTABLISHING LOCAL COOPERATIVES DEVELOPMENT FUND, APPROPRIATING FUNDS THEREFOR, AND FOR OTHER PURPOSES","HONTIVEROS, RISA","April 27, 2021",NATIONAL,COOPERATIVES DEVELOPMENT FUND,COOPERATIVES,PENDING IN THE COMMITTEE
Senate Bill No. 2260,18th Congress (July 2019 - 2022),https://ldr.senate.gov.ph/bills/senate-bill-no-2260-18th-congress-republic,SOUTHERN LEYTE ECONOMIC ZONE AND FREEPORT ACT OF 2021,AN ACT ESTABLISHING THE ECONOMIC ZONE AND FREEPORT IN THE PROVINCE OF SOUTHERN LEYTE CREATING FOR THIS PURPOSE THE SOUTHERN LEYTE ECONOMIC ZONE AND FREEPORT AUTHORITY APPROPRIATING FUNDS THEREFOR AND FOR OTHER PURPOSES,"MARCOS, IMEE R.","June 1, 2021",LOCAL,ECONOMIC ZONE FREEPORT,ECONOMIC AFFAIRS,PENDING IN THE COMMITTEE
Senate Bill No. 2324,18th Congress (July 2019 - 2022),https://ldr.senate.gov.ph/bills/senate-bill-no-2324-18th-congress-republic,MANDATORY ENVIRONMENTAL INSURANCE COVERAGE ACT,AN ACT ESTABLISHING A NATIONAL FRAMEWORK FOR THE MANDATORY ENVIRONMENTAL INSURANCE COVERAGE OF ENVIRONMENTALLY CRITICAL PROJECTS,"REVILLA JR., RAMON BONG","July 26, 2021",NATIONAL,MANDATORY ENVIRONMENTAL INSURANCE COVERAGE (MEIC) INSURANCE,"ENVIRONMENT, NATURAL RESOURCES AND CLIMATE CHANGE",PENDING IN THE COMMITTEE
Senate Bill No. 2271,18th Congress (July 2019 - 2022),https://ldr.senate.gov.ph/bills/senate-bill-no-2271-18th-congress-republic,JOBS NEXT ACT,"AN ACT JUMPSTARTING OPPORTUNITIES FOR BUSINESSES AND ENSURING EMPLOYABILITY OF THE PHILIPPINE WORKFORCE THROUGH EXPANDED COMPETENCY-BASED LEARNING AND SKILLS TRAINING, TO DRIVE INCLUSIVE DEVELOPMENT AND SUSTAINABLE GROWTH, AND ESTABLISHING FOR THIS PURPOSE A NATIONAL FUTURE SKILLS COUNCIL, AND APPROPRIATING FUNDS THEREFOR","BINAY, MARIA LOURDES NANCY S.","June 2, 2021",NATIONAL,JOBS JOBSTART PROGRAM,"LABOR, EMPLOYMENT AND HUMAN RESOURCES DEVELOPMENT",PENDING IN THE COMMITTEE
Senate Bill No. 2353,18th Congress (July 2019 - 2022),https://ldr.senate.gov.ph/bills/senate-bill-no-2353-18th-congress-republic,BARANGAY HEALTH AND WELLNESS REFORM ACT OF 2021,"AN ACT STRENGTHENING AND INSTITUTIONALIZING THE BARANGAY PRIMARY HEALTH CARE PROGRAM, PROVIDING SECURITY OF TENURE, BENEFITS AND INCENTIVES TO BARANGAY HEALTH WORKERS, AMENDING FOR THE PURPOSE REPUBLIC ACT NO. 7883 ALSO KNOWN AS THE BARANGAY HEALTH WORKERS' BENEFITS AND INCENTIVES ACT OF 1995 AND FOR OTHER PURPOSES","ANGARA, SONNY","August 23, 2021",NATIONAL,BARANGAY HEALTH WORKER SECURITY OF TENURE,HEALTH AND DEMOGRAPHY,PENDING IN THE COMMITTEE
Senate Bill No. 2417,18th Congress (July 2019 - 2022),https://ldr.senate.gov.ph/bills/senate-bill-no-2417-18th-congress-republic,"DIBULO FALLS OF DINAPIGUE, ISABELA A TOURIST DESTINATION","AN ACT DECLARING DIBULO FALLS IN THE MUNICIPALITY OF DINAPIGUE, PROVINCE OF ISABELA, AS A TOURIST DESTINATION, PROVIDING FOR ITS DEVELOPMENT AND APPROPRIATING FUNDS THEREFOR","MARCOS, IMEE R.","September 28, 2021",LOCAL,TOURIST SPOT,TOURISM,PENDING IN THE COMMITTEE
Senate Bill No. 2468,18th Congress (July 2019 - 2022),https://ldr.senate.gov.ph/bills/senate-bill-no-2468-18th-congress-republic,LEYTE ECOLOGICAL INDUSTRIAL ZONE ACT,"AN ACT CONVERTING AND EXPANDING LEYTE INDUSTRIAL DEVELOPMENT ESTATE INTO THE LEYTE ECOLOGICAL INDUSTRIAL ZONE, CREATING FOR THIS PURPOSE THE LEYTE ECOLOGICAL INDUSTRIAL ZONE AUTHORITY, AND APPROPRIATING FUNDS THEREFOR","REVILLA JR., RAMON BONG","December 21, 2021",LOCAL,ECONOMIC ZONE ECOLOGICAL INDUSTRIAL ZONE,ECONOMIC AFFAIRS,"PENDING SECOND READING, SPECIAL ORDER"
Senate Bill No. 1980,18th Congress (July 2019 - 2022),https://ldr.senate.gov.ph/bills/senate-bill-no-1980-18th-congress-republic,URBAN GREENING ACT,AN ACT MANDATING THE SUBMISSION OF A GREENING PLAN AS A REQUIREMENT FOR THE ISSUANCE OF BUILDING PERMIT,"VILLANUEVA, JOEL","January 12, 2021",NATIONAL,GREENING ACT,"ENVIRONMENT, NATURAL RESOURCES AND CLIMATE CHANGE",PENDING IN THE COMMITTEE
Senate Bill No. 2043,18th Congress (July 2019 - 2022),https://ldr.senate.gov.ph/bills/senate-bill-no-2043-18th-congress-republic,"NEW FILIPINO GESTURE OF RESPECT, GOODWILL AND PRAISE","AN ACT INSTITUTIONALIZING A NEW FILIPINO GESTURE OF RESPECT, GOODWILL, AND PRAISE","GORDON, RICHARD J.","February 8, 2021",NATIONAL,FILIPINO GESTURE,"BASIC EDUCATION, ARTS AND CULTURE",PENDING IN THE COMMITTEE
Senate Bill No. 2125,18th Congress (July 2019 - 2022),https://ldr.senate.gov.ph/bills/senate-bill-no-2125-18th-congress-republic,LIFETIME VALIDITY OF PERSON WITH DISABILITY IDENTIFICATION CARDS,"AN ACT PROVIDING FOR LIFETIME VALIDITY OF PERSON WITH DISABILITY IDENTIFICATION CARDS FOR THOSE WITH PERMANENT DISABILITY OR ELDERLY, AMENDING FOR THE PURPOSE REPUBLIC ACT NO. 7277, OTHERWISE KNOWN AS THE 'MAGNA CARTA FOR PERSONS WITH DISABILITY,' AS AMENDED","ANGARA, SONNY","April 12, 2021",NATIONAL,PERSONS WITH DISABILITIES (PWDS) SENIOR CITIZEN/ELDERLY MAGNA CARTA FOR PERSONS WITH DISABILITY (R.A. NO. 7277),"SOCIAL JUSTICE, WELFARE AND RURAL DEVELOPMENT",PENDING IN THE COMMITTEE
Senate Bill No. 2182,18th Congress (July 2019 - 2022),https://ldr.senate.gov.ph/bills/senate-bill-no-2182-18th-congress-republic,CALAMITIES HAZARD MITIGATION PROGRAM ACT,"AN ACT REQUIRING THE PHILIPPINE INSTITUTE OF VOLCANOLOGY AND SEISMOLOGY (PHIVOLCS) AND THE PHILIPPINE ATMOSPHERIC, GEOPHYSICAL AND ASTRONOMICAL SERVICES ADMINISTRATION (PAGASA) TO ESTABLISH THE NATURAL CALAMITIES' HAZARD MITIGATION PROGRAM","REVILLA JR., RAMON BONG","May 12, 2021",NATIONAL,"Philippine Atmospheric, Geophysical and Astronomical Services Administration (PAGASA) PHILIPPINE INSTITUTE OF VOLCANOLOGY AND SEISMOLOGY (PHIVOLCS) CALAMITY/DISASTER",SCIENCE AND TECHNOLOGY,PENDING IN THE COMMITTEE
Senate Bill No. 2239,18th Congress (July 2019 - 2022),https://ldr.senate.gov.ph/bills/senate-bill-no-2239-18th-congress-republic,VAPORIZED NICOTINE PRODUCTS REGULATION ACT,"AN ACT REGULATING THE IMPORTATION, MANUFACTURE, SALE, PACKAGING, DISTRIBUTION, USE, AND COMMUNICATION OF VAPOR PRODUCTS AND HEATED TOBACCO PRODUCTS","SOTTO III, VICENTE C. ZUBIRI, JUAN MIGUEL ""MIGZ"" F. TOLENTINO, FRANCIS ""TOL"" N. RECTO, RALPH G.","May 26, 2021",NATIONAL,VAPORIZED NICOTINE PRODUCTS/VAPE TOBACCO PRODUCTS/TOBACCO INDUSTRY,"TRADE, COMMERCE AND ENTREPRENEURSHIP",PENDING IN THE HOUSE OF REPRESENTATIVES
Senate Bill No. 2305,18th Congress (July 2019 - 2022),https://ldr.senate.gov.ph/bills/senate-bill-no-2305-18th-congress-republic,THE NEW DEVELOPMENT BANK OF THE PHILIPPINES (DBP) ACT,"AN ACT PROVIDING FOR A NEW CHARTER OF THE DEVELOPMENT BANK OF THE PHILIPPINES, REPEALING FOR THE PURPOSE EXECUTIVE ORDER NO. 81, AS AMENDED",Ralph G. Recto,"June 28, 2021",NATIONAL,DEVELOPMENT BANK OF THE PHILIPPINES (DBP),"BANKS, FINANCIAL INSTITUTIONS AND CURRENCIES",PENDING IN THE COMMITTEE
Senate Bill No. 2386,18th Congress (July 2019 - 2022),https://ldr.senate.gov.ph/bills/senate-bill-no-2386-18th-congress-republic,"EDUARDO COJUANGCO, JR. AVENUE","AN ACT RENAMING THE URDANETA CITY BYPASS ROAD IN THE CITY OF URDANETA, PANGASINAN TO EDUARDO COJUANGCO, JR. AVENUE","SOTTO III, VICENTE C.","September 6, 2021",LOCAL,"ROADS, CHANGE OF NAME/RENAMING",PUBLIC WORKS,PENDING IN THE COMMITTEE
Senate Bill No. 2449,18th Congress (July 2019 - 2022),https://ldr.senate.gov.ph/bills/senate-bill-no-2449-18th-congress-republic,EXPANDED ANTI-TRAFFICKING ACT OF 2021,"AN ACT STRENGTHENING PROTECTIONS AGAINST TRAFFICKING IN PERSONS, AMENDING FOR THIS PURPOSE REPUBLIC ACT NO. 9208, AS AMENDED BY REPUBLIC ACT NO. 10364, ENTITLED 'AN ACT TO INSTITUTE POLICIES TO ELIMINATE TRAFFICKING IN PERSONS ESPECIALLY WOMEN AND/OR CHILDREN, ESTABLISHING THE NECESSARY INSTITUTIONAL MECHANISMS FOR THE PROTECTION AND SUPPORT OF TRAFFICKED PERSONS', AND OTHER SPECIAL LAWS, PROVIDING PENALTIES FOR ITS VIOLATIONS AND FOR OTHER PURPOSES","CAYETANO, PIA S.","November 9, 2021",NATIONAL,ANTI-TRAFFICKING CHILDREN/CHILD CARE,"WOMEN, CHILDREN, FAMILY RELATIONS AND GENDER EQUALITY","PENDING SECOND READING, SPECIAL ORDER"
Senate Bill No. 2455,18th Congress (July 2019 - 2022),https://ldr.senate.gov.ph/bills/senate-bill-no-2455-18th-congress-republic,CREATIVE INDUSTRIES CHARTER OF THE PHILIPPINES,AN ACT TO DEVELOP AND PROMOTE THE CREATIVE INDUSTRIES OF THE PHILIPPINES,"MARCOS, IMEE R.","November 24, 2021",NATIONAL,CREATIVE INDUSTRY,"TRADE, COMMERCE AND ENTREPRENEURSHIP","PENDING SECOND READING, SPECIAL ORDER"
Senate Bill No. 2011,18th Congress (July 2019 - 2022),https://ldr.senate.gov.ph/bills/senate-bill-no-2011-18th-congress-republic,BARANGAY HEALTH WORKER'S DAY,AN ACT DECLARING APRIL 7 EVERY YEAR AS BARANGAY HEALTH WORKERS DAY,"ANGARA, SONNY","January 21, 2021",NATIONAL,BARANGAY HEALTH WORKER,HEALTH AND DEMOGRAPHY,PENDING IN THE COMMITTEE
Senate Bill No. 2094,18th Congress (July 2019 - 2022),https://ldr.senate.gov.ph/bills/senate-bill-no-2094-18th-congress-republic,AMENDING THE PUBLIC SERVICE ACT,"AN ACT AMENDING COMMONWEALTH ACT NO. 146, OTHERWISE KNOWN AS THE PUBLIC SERVICE ACT, AS AMENDED",Franklin M. Drilon,"March 10, 2021",NATIONAL,PUBLIC SERVICE ACT (COMMONWEALTH ACT NO. 146),PUBLIC SERVICES,WITH SENATE DESIGNATED CONFEREES
Senate Bill No. 2075,18th Congress (July 2019 - 2022),https://ldr.senate.gov.ph/bills/senate-bill-no-2075-18th-congress-republic,AMENDING R. A. NO. 11223 (UNIVERSAL HEALTH CARE ACT),AN ACT AMENDING REPUBLIC ACT NO. 11223 OTHERWISE KNOWN AS AN THE 'UNIVERSAL HEALTH CARE ACT',"DELA ROSA, RONALD ""BATO""","March 1, 2021",NATIONAL,UNIVERSAL HEALTH CARE,HEALTH AND DEMOGRAPHY,PENDING IN THE COMMITTEE
Senate Bill No. 2157,18th Congress (July 2019 - 2022),https://ldr.senate.gov.ph/bills/senate-bill-no-2157-18th-congress-republic,METROPOLITAN DAVAO DEVELOPMENT AUTHORITY,"AN ACT CREATING THE METROPOLITAN DAVAO DEVELOPMENT AUTHORITY, DEFINING ITS POWERS AND FUNCTIONS, AND PROVIDING FUNDS THEREFOR","GO, CHRISTOPHER LAWRENCE T.","May 4, 2021",NATIONAL,METROPOLITAN DAVAO DEVELOPMENT AUTHORITY,LOCAL GOVERNMENT,CONSOLIDATED/SUBSTITUTED IN THE COMMITTEE REPORT
Senate Bill No. 2464,18th Congress (July 2019 - 2022),https://ldr.senate.gov.ph/bills/senate-bill-no-2464-18th-congress-republic,THE BARANGAY REGISTRY OF PROFESSIONALS AND SKILLED WORKERS ACT,AN ACT PROVIDING FOR THE ESTABLISHMENT OF REGISTRIES OF PROFESSIONALS AND SKILLED WORKERS IN BARANGAYS AND FOR OTHER PURPOSES,"LACSON, PANFILO M.","December 14, 2021",NATIONAL,REGISTRY OF PROFESSIONAL/SKILLED WORKERS,"LABOR, EMPLOYMENT AND HUMAN RESOURCES DEVELOPMENT","PENDING SECOND READING, SPECIAL ORDER"
Senate Bill No. 2024,18th Congress (July 2019 - 2022),https://ldr.senate.gov.ph/bills/senate-bill-no-2024-18th-congress-republic,EMERGENCY USE AUTHORIZATION (FDA),"AN ACT INSTITUTIONALIZING THE GRANT OF EMERGENCY USE AUTHORIZATION, FURTHER AMENDING REPUBLIC ACT NO. 3720, OTHERWISE KNOWN AS THE FOOD, DRUG, AND COSMETIC ACT, AS AMENDED BY REPUBLIC ACT NO. 9711, OTHERWISE KNOWN AS THE FOOD AND DRUG ADMINISTRATION (FDA) ACT OF 2009; AND FOR OTHER PURPOSES","TOLENTINO, FRANCIS ""TOL"" N.","January 26, 2021",NATIONAL,FOOD AND DRUGS ADMINISTRATION (FDA) EMERGENCY (PUBLIC HEALTH EMERGENCY),HEALTH AND DEMOGRAPHY,PENDING IN THE COMMITTEE
Senate Bill No. 2109,18th Congress (July 2019 - 2022),https://ldr.senate.gov.ph/bills/senate-bill-no-2109-18th-congress-republic,CUYAPO POLYTECHNIC STATE COLLEGE,"AN ACT ESTABLISHING A POLYTECHNIC STATE COLLEGE IN THE MUNICIPALITY OF CUYAPO, PROVINCE OF NUEVA ECIJA, TO BE KNOWN AS THE CUYAPO POLYTECHNIC STATE COLLEGE, AND APPROPRIATING FUNDS THEREFOR","MARCOS, IMEE R.","March 17, 2021",LOCAL,"SCHOOLS, ESTABLISHMENT","HIGHER, TECHNICAL AND VOCATIONAL EDUCATION",PENDING IN THE COMMITTEE
Senate Bill No. 2086,18th Congress (July 2019 - 2022),https://ldr.senate.gov.ph/bills/senate-bill-no-2086-18th-congress-republic,PHILIPPINE GERIATRIC CENTER ACT OF 2021,AN ACT ESTABLISHING THE PHILIPPINE GERIATRIC CENTER UNDER THE DEPARTMENT OF HEALTH AND APPROPRIATING FUNDS THEREFOR,"HONTIVEROS, RISA","March 4, 2021",NATIONAL,GERIATRIC HEALTH CENTER Health services,HEALTH AND DEMOGRAPHY,PENDING IN THE COMMITTEE
Senate Bill No. 2166,18th Congress (July 2019 - 2022),https://ldr.senate.gov.ph/bills/senate-bill-no-2166-18th-congress-republic,"HERITAGE ZONE WITHIN THE CITY OF MALABON, METROPOLITAN MANILA","AN ACT ESTABLISHING A HERITAGE ZONE WITHIN THE CITY OF MALABON, METROPOLITAN MANILA","MARCOS, IMEE R.","May 11, 2021",NATIONAL,HERITAGE ZONE,"BASIC EDUCATION, ARTS AND CULTURE",PENDING IN THE COMMITTEE
Senate Bill No. 2217,18th Congress (July 2019 - 2022),https://ldr.senate.gov.ph/bills/senate-bill-no-2217-18th-congress-republic,REMOVAL OF PUBLIC OFFERING REQUIREMENT OF GENERATION COMPANIES,"AN ACT REMOVING THE PUBLIC OFFERING REQUIREMENT OF GENERATION COMPANIES, AMENDING FOR THE PURPOSE SECTION 43(T) OF REPUBLIC ACT NO. 9136, OTHERWISE KNOWN AS THE ELECTRIC POWER INDUSTRY REFORM ACT OF 2001","GATCHALIAN, WIN","May 24, 2021",NATIONAL,ELECTRIC POWER INDUSTRY REFORM ACT /EPIRA (R.A.NO. 9136) ELECTRIC POWER INDUSTRY,ENERGY,PENDING IN THE COMMITTEE
Senate Bill No. 2283,18th Congress (July 2019 - 2022),https://ldr.senate.gov.ph/bills/senate-bill-no-2283-18th-congress-republic,"CONVERTING THE ROAD FROM MANABO, BARANGAY DANAC, ABRA TO BARANGAY BALATOC, KALINGA A NATIONAL ROAD","AN ACT CONVERTING THE ROAD STRETCHING FROM THE MUNICIPALITY OF MANABO, AND BARANGAY DANAC, MUNICIPALITY OF BOLINEY, ALL OF THE PROVINCE OF ABRA, TO BARANGAY BALATOC, MUNICIPALITY OF PASIL, PROVINCE OF KALINGA, INTO A NATIONAL ROAD AND APPROPRIATING FUNDS THEREFOR","MARCOS, IMEE R.","June 3, 2021",LOCAL,"ROADS, CONVERSION",RULES,PENDING IN THE COMMITTEE
Senate Bill No. 2364,18th Congress (July 2019 - 2022),https://ldr.senate.gov.ph/bills/senate-bill-no-2364-18th-congress-republic,CCF LIFE ACADEMY FOUNDATION INC.,"AN ACT RECOGNIZING CCF LIFE ACADEMY FOUNDATION INC. AS AN EDUCATIONAL INSTITUTION OF INTERNATIONAL CHARACTER, GRANTING CERTAIN PREROGATIVES TO HASTEN ITS GROWTH AS SUCH, AND FOR OTHER PURPOSES","SOTTO III, VICENTE C.","August 25, 2021",NATIONAL,"INTERNATIONAL SCHOOLS, RECOGNITION CCF LIFE ACADEMY FOUNDATION, INC.","BASIC EDUCATION, ARTS AND CULTURE",ENROLLED COPY SENT TO MALACANANG
Senate Bill No. 2428,18th Congress (July 2019 - 2022),https://ldr.senate.gov.ph/bills/senate-bill-no-2428-18th-congress-republic,LOAN CAPACITY AND CREDIT SCORE IMPROVEMENT ACT,"AN ACT CAPACITATING EMPLOYEES TO AVAIL OF LOANS AND IMPROVE CREDIT SCORES BY ENTERING INTO A SALARY DEDUCTION AGREEMENT WITH EMPLOYERS AND CREDITOR BANKS WHERE THEY MAINTAIN A PAYROLL ACCOUNT, AMENDING FOR ITS PURPOSE ARTICLE 113 OF PRESIDENTIAL DECREE NO. 442, AS AMENDED, OTHERWISE KNOWN AS ' THE LABOR CODE OF THE PHILIPPINES'","LAPID, MANUEL ""LITO"" M.","October 5, 2021",NATIONAL,LOAN CAPACITY AND CREDIT SCORE IMPROVEMENT EMPLOYEES LABOR CODE OF THE PHILIPPINES (P.D. NO. 442),"LABOR, EMPLOYMENT AND HUMAN RESOURCES DEVELOPMENT",PENDING IN THE COMMITTEE
Senate Bill No. 1994,18th Congress (July 2019 - 2022),https://ldr.senate.gov.ph/bills/senate-bill-no-1994-18th-congress-republic,VACCINE PASSPORT ACT,"AN ACT PROVIDING FOR A VACCINE OR IMMUNIZATION PASSPORT FOR COVID-19 AND OTHER EMERGING OR RE-EMERGING INFECTIOUS DISEASES, APPROPRIATING FUNDS THEREFOR, AND FOR OTHER PURPOSES","POE, GRACE","January 19, 2021",NATIONAL,COVID-19 VACCINES/VACCINATION PROGRAM immunization INFECTIOUS DISEASE,FINANCE,CONSOLIDATED/SUBSTITUTED IN THE COMMITTEE REPORT
Senate Bill No. 2054,18th Congress (July 2019 - 2022),https://ldr.senate.gov.ph/bills/senate-bill-no-2054-18th-congress-republic,BARANGAY HEALTH AND NUTRITION WORKERS' DAY ACT,AN ACT DECLARING APRIL 7 OF EVERY YEAR AS BARANGAY HEALTH AND NUTRITION WORKERS DAY,"HONTIVEROS, RISA","February 15, 2021",NATIONAL,BARANGAY HEALTH WORKER BARANGAY NUTRITION WORKER,HEALTH AND DEMOGRAPHY,PENDING IN THE COMMITTEE
Senate Bill No. 2136,18th Congress (July 2019 - 2022),https://ldr.senate.gov.ph/bills/senate-bill-no-2136-18th-congress-republic,ENERGY COUNSEL ACT OF 2020,AN ACT PROVIDING FOR THE NATIONAL POLICY AND FRAMEWORK FOR ENERGY ADVOCACY THROUGH THE CREATION OF THE OFFICE OF THE CONSUMER ENERGY COUNSEL,"HONTIVEROS, RISA","April 15, 2021",NATIONAL,CONSUMER ENERGY COUNSEL,ENERGY,PENDING IN THE COMMITTEE
Senate Bill No. 2190,18th Congress (July 2019 - 2022),https://ldr.senate.gov.ph/bills/senate-bill-no-2190-18th-congress-republic,REFUND FOR INTERNET AND TELECOMMUNICATIONS SERVICE OUTAGES AND DISRUPTIONS ACT,"AN ACT AMENDING REPUBLIC ACT NO. 7925, OTHERWISE KNOWN AS THE 'PUBLIC TELECOMMUNICATIONS POLICY ACT OF THE PHILIPPINES', BY REQUIRING PUBLIC TELECOMMUNICATIONS ENTITIES AND INTERNET SERVICE PROVIDERS TO INSTITUTE A REFUND MECHANISM FOR SERVICE OUTAGES AND DISRUPTIONS","REVILLA JR., RAMON BONG","May 12, 2021",NATIONAL,PUBLIC TELECOMMUNICATIONS ACT (R.A.NO.7925) INTERNET SERVICE PROVIDERS,PUBLIC SERVICES,PENDING IN THE COMMITTEE
Senate Bill No. 2250,18th Congress (July 2019 - 2022),https://ldr.senate.gov.ph/bills/senate-bill-no-2250-18th-congress-republic,SATELLITE-BASED TECHNOLOGIES FOR INTERNET CONNECTIVITY ACT OF 2021,AN ACT ENCOURAGING AND PROMOTING THE USE AND DEVELOPMENT OF SATELLITE-BASED TECHNOLOGIES FOR INTERNET CONNECTIVITY,"GATCHALIAN, WIN","June 1, 2021",NATIONAL,INTERNET ACCESS INFORMATION AND COMMUNICATIONS TECHNOLOGY (ICT) INTERNET SERVICE PROVIDERS,PUBLIC SERVICES,PENDING IN THE COMMITTEE
Senate Bill No. 2316,18th Congress (July 2019 - 2022),https://ldr.senate.gov.ph/bills/senate-bill-no-2316-18th-congress-republic,AGUSAN DEL SUR POLYTECHNIC INSTITUTE FOR TECHNICAL EDUCATION (ADSPITE) ACT,"AN ACT CONVERTING THE AGUSAN DEL SUR SCHOOL OF ARTS AND TRADES (ASSAT) IN THE MUNICIPALITY OF PROSPERIDAD, PROVINCE OF AGUSAN DEL SUR, INTO A TECHNICAL EDUCATION AND SKILLS DEVELOPMENT AUTHORITY (TESDA) SUPERVISED AND ADMINISTERED SCHOOL TO BE KNOWN AS THE AGUSAN DEL SUR POLYTECHNIC INSTITUTE FOR TECHNICAL EDUCATION (ADSPITE), AND APPROPRIATING FUNDS AND FOR OTHER PURPOSED THEREOF","ANGARA, SONNY","July 13, 2021",LOCAL,"SCHOOLS, CONVERSION TECHNICAL EDUCATION AND SKILLS DEVELOPMENT AUTHORITY (TESDA)","HIGHER, TECHNICAL AND VOCATIONAL EDUCATION",PENDING IN THE COMMITTEE
Senate Bill No. 2338,18th Congress (July 2019 - 2022),https://ldr.senate.gov.ph/bills/senate-bill-no-2338-18th-congress-republic,SOUTHERN LEYTE A TOURISM ZONE,"AN ACT DECLARING THE PROVINCE OF SOUTHERN LEYTE A TOURISM ZONE, AND APPROPRIATING FUNDS THEREFOR","TOLENTINO, FRANCIS ""TOL"" N.","July 27, 2021",NATIONAL,TOURISM ZONE,TOURISM,PENDING IN THE COMMITTEE
Senate Bill No. 2396,18th Congress (July 2019 - 2022),https://ldr.senate.gov.ph/bills/senate-bill-no-2396-18th-congress-republic,VINTAGE VEHICLE REGULATION ACT,"AN ACT REGULATING THE USE AND OTHER ACTIVITIES RELATED TO VINTAGE AUTOMOBILES AND OTHER HISTORICAL, CLASSIC, OR COLLECTOR MOTOR VEHICLES, AND PROVIDING FOR THEIR EXEMPTION FROM THE STANDARDS AND RESTRICTIONS SET BY LAWS ENACTED AND REGULATIONS ADOPTED AFTER THE DATE OF THEIR MANUFACTURE","GATCHALIAN, WIN","September 13, 2021",NATIONAL,VINTAGE AUTOMOBILES,PUBLIC SERVICES,PENDING IN THE COMMITTEE
Senate Bill No. 2343,18th Congress (July 2019 - 2022),https://ldr.senate.gov.ph/bills/senate-bill-no-2343-18th-congress-republic,ILOCOS NORTE SPORTS INSTITUTE AND RESEARCH (INSPIRE),AN ACT ESTABLISHING THE ILOCOS NORTE SPORTS INSTITUTE AND RESEARCH (INSPIRE) IN THE PROVINCE OF ILOCOS NORTE AND APPROPRIATING FUNDS THEREFOR AND FOR OTHER PURPOSES,"MARCOS, IMEE R.","August 3, 2021",LOCAL,SPORTS COMPLEX/SPORTS CENTER/MULTI-PURPOSE SPORTS CENTER/SPORTS ACADEMY,RULES,PENDING IN THE COMMITTEE
Senate Bill No. 2406,18th Congress (July 2019 - 2022),https://ldr.senate.gov.ph/bills/senate-bill-no-2406-18th-congress-republic,HEALTH WORKERS ALLOWANCE AND BENEFITS ACT,"AN ACT PROVIDING FOR ALLOWANCES AND BENEFITS FOR HEALTH WORKERS DURING THE PERIOD OF THE COVID-19 PANDEMIC, APPROPRIATING FUNDS THEREFOR","DELA ROSA, RONALD ""BATO""","September 20, 2021",NATIONAL,HEALTHCARE WORKERS BENEFITS AND INCENTIVES,FINANCE,CONSOLIDATED/SUBSTITUTED IN THE COMMITTEE REPORT
Senate Bill No. 1969,18th Congress (July 2019 - 2022),https://ldr.senate.gov.ph/bills/senate-bill-no-1969-18th-congress-republic,CCF LIFE ACADEMY FOUNDATION INC.,"AN ACT RECOGNIZING CCF LIFE ACADEMY FOUNDATION INC. AS AN EDUCATIONAL INSTITUTION OF INTERNATIONAL CHARACTER, GRANTING CERTAIN PREROGATIVES TO HASTEN ITS GROWTH AS SUCH, AND FOR OTHER PURPOSES","SOTTO III, VICENTE C.","January 5, 2021",NATIONAL,LIFE ACADEMY FOUNDATION INC.,"BASIC EDUCATION, ARTS AND CULTURE",CONSOLIDATED/SUBSTITUTED IN THE COMMITTEE REPORT
Senate Bill No. 2033,18th Congress (July 2019 - 2022),https://ldr.senate.gov.ph/bills/senate-bill-no-2033-18th-congress-republic,EASTERN VISAYAS MEDICAL CENTER,"AN ACT RENAMING THE EASTERN VISAYAS REGIONAL MEDICAL CENTER IN THE CITY OF TACLOBAN, PROVINCE OF LEYTE INTO EASTERN VISAYAS MEDICAL CENTER, INCREASING ITS BED CAPACITY FROM FIVE HUNDRED (500) TO ONE THOUSAND FIVE HUNDRED (1,500) BEDS, AND APPROPRIATING FUNDS THEREFOR","REVILLA JR., RAMON BONG","February 1, 2021",LOCAL,"HOSPITALS, CHANGE OF NAME HOSPITALS, INCREASE BED CAPACITY",HEALTH AND DEMOGRAPHY,CONSOLIDATED/SUBSTITUTED IN THE COMMITTEE REPORT
Senate Bill No. 2115,18th Congress (July 2019 - 2022),https://ldr.senate.gov.ph/bills/senate-bill-no-2115-18th-congress-republic,CARCAR CITY CULTURAL HERITAGE ZONE ACT,AN ACT DECLARING THE CITY OF CARCAR IN THE PROVINCE OF CEBU A CULTURAL HERITAGE ZONE,"MARCOS, IMEE R.","March 24, 2021",NATIONAL,HERITAGE ZONE,"BASIC EDUCATION, ARTS AND CULTURE",CONSOLIDATED/SUBSTITUTED IN THE COMMITTEE REPORT
Senate Bill No. 2176,18th Congress (July 2019 - 2022),https://ldr.senate.gov.ph/bills/senate-bill-no-2176-18th-congress-republic,AFFORDABLE PORK ACT OF 2021,"AN ACT TO SUPPORT THE STRENGTHENING OF THE LOCAL SWINE INDUSTRY, CREATING FOR THE PURPOSE THE SWINE COMPETITIVENESS ENHANCEMENT FUND, FURTHER AMENDING REPUBLIC ACT NO. 8178, AS AMENDED, AND FOR OTHER PURPOSES","PANGILINAN, FRANCIS ""KIKO"" N.","May 12, 2021",NATIONAL,SWINE/LOCAL HOG INDUSTRY,"AGRICULTURE, FOOD AND AGRARIAN REFORM",PENDING IN THE COMMITTEE
Senate Bill No. 2226,18th Congress (July 2019 - 2022),https://ldr.senate.gov.ph/bills/senate-bill-no-2226-18th-congress-republic,"MULTI-SPECIES MARINE HATCHERY IN THE MUNICIPALITY OF BASEY, SAMAR","AN ACT ESTABLISHING A MULTI-SPECIES MARINE HATCHERY IN THE MUNICIPALITY OF BASEY, PROVINCE OF SAMAR AND APPROPRIATING FUNDS THEREFOR","HONTIVEROS, RISA","May 25, 2021",LOCAL,MULTI-SPECIES MARINE HATCHERY,"AGRICULTURE, FOOD AND AGRARIAN REFORM",PENDING IN THE COMMITTEE
Senate Bill No. 2293,18th Congress (July 2019 - 2022),https://ldr.senate.gov.ph/bills/senate-bill-no-2293-18th-congress-republic,PUBLIC SAFETY SIGNAGES ACCOUNTABILITY ACT,"AN ACT PROVIDING FOR STRICTER ENFORCEMENT IN THE CONSTRUCTION, INSTALLATION AND MAINTENANCE OF PUBLIC SAFETY SIGNAGES","POE, GRACE","June 15, 2021",NATIONAL,SIGNAGE PUBLIC SAFETY,PUBLIC WORKS,PENDING IN THE COMMITTEE
Senate Bill No. 2375,18th Congress (July 2019 - 2022),https://ldr.senate.gov.ph/bills/senate-bill-no-2375-18th-congress-republic,MAGNA CARTA FOR NON-UNIFORMED PERSONNEL,AN ACT INSTITUTING THE MAGNA CARTA FOR NON-UNIFORMED PERSONNEL IN UNIFORMED AGENCIES,"SOTTO III, VICENTE C.","August 31, 2021",NATIONAL,NON-UNIFORMED PERSONNEL,"CIVIL SERVICE, GOVERNMENT REORGANIZATION AND PROFESSIONAL REGULATION",PENDING IN THE COMMITTEE
Senate Bill No. 2440,18th Congress (July 2019 - 2022),https://ldr.senate.gov.ph/bills/senate-bill-no-2440-18th-congress-republic,LOWERING THE COST OF ELECTRICITY AND PETROLEUM PRODUCTS,AN ACT LOWERING THE COST OF ELECTRICITY AND PETROLEUM PRODUCTS,Ralph G. Recto,"October 25, 2021",NATIONAL,Electricity Petroleum products,WAYS AND MEANS,PENDING IN THE COMMITTEE
Senate Bill No. 2002,18th Congress (July 2019 - 2022),https://ldr.senate.gov.ph/bills/senate-bill-no-2002-18th-congress-republic,AMENDING R. A. NO. 9500 (UNIVERSITY OF THE PHILIPPINES CHARTER OF 2008),"AN ACT AMENDING REPUBLIC ACT NO. 9500, OTHERWISE KNOWN AS THE UNIVERSITY OF THE PHILIPPINES CHARTER OF 2008, AND FOR OTHER PURPOSES","VILLANUEVA, JOEL","January 20, 2021",NATIONAL,University of the Philippines (U.P.),"HIGHER, TECHNICAL AND VOCATIONAL EDUCATION",PENDING IN THE COMMITTEE
Senate Bill No. 2065,18th Congress (July 2019 - 2022),https://ldr.senate.gov.ph/bills/senate-bill-no-2065-18th-congress-republic,MUNICIPAL GENERAL SERVICES OFFICER (MUNICIPAL GOVERNMENTS),"AN ACT CREATING THE POSITION OF THE MUNICIPAL GENERAL SERVICES OFFICER IN MUNICIPAL GOVERNMENTS, AMENDING SECTION 443 (A) AND SECTION 490 (A) OF REPUBLIC ACT NO. 7160, OTHERWISE KNOWN AS THE LOCAL GOVERNMENT CODE OF 1991","PIMENTEL, AQUILINO ""KOKO"" III","February 22, 2021",NATIONAL,LOCAL GOVERNMENT CODE (R.A. NO. 7160) GENERAL SERVICES OFFICER,LOCAL GOVERNMENT,PENDING IN THE COMMITTEE
Senate Bill No. 2146,18th Congress (July 2019 - 2022),https://ldr.senate.gov.ph/bills/senate-bill-no-2146-18th-congress-republic,"HAPI JOCKEY CLUB, INC.","AN ACT GRANTING THE HAPI JOCKEY CLUB, INC. A FRANCHISE TO CONSTRUCT, OPERATE, AND MAINTAIN RACE TRACKS FOR HORSE RACING IN THE PROVINCES OF BATANGAS, LAGUNA, AND CAVITE",Ralph G. Recto,"April 27, 2021",LOCAL,FRANCHISE SALES/FRANCHISE BUSINESS,PUBLIC SERVICES,CONSOLIDATED/SUBSTITUTED IN THE COMMITTEE REPORT
Senate Bill No. 2124,18th Congress (July 2019 - 2022),https://ldr.senate.gov.ph/bills/senate-bill-no-2124-18th-congress-republic,AMENDING THE SANGGUNIANG KABATAAN REFORM ACT,"AN ACT TO FURTHER EMPOWER THE MEMBERS OF THE SANGGUNIANG KABATAAN (SK) BY AMENDING CERTAIN PROVISIONS IN REPUBLIC ACT NO. 10742, OTHERWISE KNOWN AS THE 'SANGGUNIANG KABATAAN REFORM ACT OF 2015'","ANGARA, SONNY","March 24, 2021",NATIONAL,SANGGUNIANG KABATAAN (SK) YOUTH,YOUTH,PENDING IN THE HOUSE OF REPRESENTATIVES
Senate Bill No. 2181,18th Congress (July 2019 - 2022),https://ldr.senate.gov.ph/bills/senate-bill-no-2181-18th-congress-republic,BEACHES ENVIRONMENTAL ASSESSMENT AND COASTAL HEALTH (BEACH) ACT,AN ACT TO IMPROVE THE QUALITY OF BEACHES AND COASTAL RECREATION WATER,"REVILLA JR., RAMON BONG","May 11, 2021",NATIONAL,BEACHES COASTAL MANAGEMENT,"ENVIRONMENT, NATURAL RESOURCES AND CLIMATE CHANGE",PENDING IN THE COMMITTEE
Senate Bill No. 2262,18th Congress (July 2019 - 2022),https://ldr.senate.gov.ph/bills/senate-bill-no-2262-18th-congress-republic,SINGLE-USE PLASTIC AND SINGLE USE STYROFOAM PRODUCTS REGULATION ACT,"AN ACT REGULATING THE PRODUCTION, IMPORTATION, SALE, DISTRIBUTION, PROVISION, USE, RECOVERY, COLLECTION, RECYCLING, AND DISPOSAL OF SINGLE-USE PLASTIC AND SINGLE USE STYROFOAM PRODUCTS","PACQUIAO, EMMANUEL ""MANNY"" D.","June 1, 2021",NATIONAL,PLASTIC/PLASTIC BAGS/PLASTIC PRODUCTS/PLASTIC WASTE,"ENVIRONMENT, NATURAL RESOURCES AND CLIMATE CHANGE",PENDING IN THE COMMITTEE
Senate Bill No. 2326,18th Congress (July 2019 - 2022),https://ldr.senate.gov.ph/bills/senate-bill-no-2326-18th-congress-republic,BARANGAY JUSTICE SYSTEM ACT,AN ACT EXPANDING AND MODERNIZING THE KATARUNGANG PAMBARANGAY AND STRENGTHENING SUPPORT FOR THE BARANGAY JUSTICE SYSTEM AND ITS WORKERS,"REVILLA JR., RAMON BONG","July 26, 2021",NATIONAL,BARANGAY JUSTICE BARANGAYS,LOCAL GOVERNMENT,PENDING IN THE COMMITTEE
Senate Bill No. 2006,18th Congress (July 2019 - 2022),https://ldr.senate.gov.ph/bills/senate-bill-no-2006-18th-congress-republic,AGUSAN DEL NORTE LONE LEGISLATIVE DISTRICT,AN ACT REAPPORTIONING THE PROVINCE OF AGUSAN DEL NORTE INTO THE LONE LEGISLATIVE DISTRICT OF THE CITY OF BUTUAN AND THE LEGISLATIVE DISTRICT OF THE PROVINCE OF AGUSAN DEL NORTE,"MARCOS, IMEE R.","January 21, 2021",LOCAL,LEGISLATIVE DISTRICTS,LOCAL GOVERNMENT,PENDING IN THE COMMITTEE
Senate Bill No. 2074,18th Congress (July 2019 - 2022),https://ldr.senate.gov.ph/bills/senate-bill-no-2074-18th-congress-republic,PUBLIC-PRIVATE PARTNERSHIP (PPP) ACT,"AN ACT STRENGTHENING PUBLIC-PRIVATE PARTNERSHIPS, APPROPRIATING FUNDS THEREFOR, AND FOR OTHER PURPOSES","DRILON, FRANKLIN M.","February 24, 2021",NATIONAL,PUBLIC-PRIVATE PARTNERSHIP (PPP) PROJECTS,PUBLIC WORKS,"PENDING SECOND READING, SPECIAL ORDER"
Senate Bill No. 2346,18th Congress (July 2019 - 2022),https://ldr.senate.gov.ph/bills/senate-bill-no-2346-18th-congress-republic,BAYANING ATLETANG PILIPINO ACT,"AN ACT GRANTING DISTINCTIVE HONORS AND PRIVILEGES TO NATIONAL ATHLETES, CREATING A NATIONAL ENDOWMENT FUND FOR SPORTS HEROES, AND APPROPRIATING FUNDS THEREFOR","VILLANUEVA, JOEL","August 3, 2021",NATIONAL,FILIPINO ATHLETES,SPORTS,PENDING IN THE COMMITTEE
Senate Bill No. 2410,18th Congress (July 2019 - 2022),https://ldr.senate.gov.ph/bills/senate-bill-no-2410-18th-congress-republic,INCREASING THE MINIMUM AGE OF ACCESS FOR TOBACCO PRODUCTS,"AN ACT INCREASING THE MINIMUM AGE OF ACCESS FOR TOBACCO PRODUCTS, THEREBY AMENDING FOR THIS PURPOSE REPUBLIC ACT 9211, OTHERWISE KNOWN AS THE TOBACCO REGULATION ACT OF 2003","CAYETANO, PIA S.","September 21, 2021",NATIONAL,"TOBACCO PRODUCTS/TOBACCO INDUSTRY TOBACCO REGULATION ACT, AMENDMENTS (R.A. NO. 9211) AGE OF CONSENT",HEALTH AND DEMOGRAPHY,PENDING IN THE COMMITTEE
Senate Bill No. 2092,18th Congress (July 2019 - 2022),https://ldr.senate.gov.ph/bills/senate-bill-no-2092-18th-congress-republic,REFUND FOR INTERNET AND TELECOMMUNICATIONS SERVICE OUTAGES AND DISRUPTIONS ACT,"AN ACT AMENDING REPUBLIC ACT NO. 7925, OTHERWISE KNOWN AS THE 'PUBLIC TELECOMMUNICATIONS POLICY ACT OF THE PHILIPPINES', BY REQUIRING PUBLIC TELECOMMUNICATIONS ENTITIES AND INTERNET SERVICE PROVIDERS TO INSTITUTE A REFUND MECHANISM FOR SERVICE OUTAGES AND DISRUPTIONS","LAPID, MANUEL ""LITO"" M.","March 9, 2021",NATIONAL,TELECOMMUNICATIONS SYSTEMS ACCESSIBILITY INTERNET SERVICE PROVIDERS,PUBLIC SERVICES,PENDING IN THE COMMITTEE
Senate Bill No. 2156,18th Congress (July 2019 - 2022),https://ldr.senate.gov.ph/bills/senate-bill-no-2156-18th-congress-republic,ZAMBOANGA DEL SUR TESDA PROVINCIAL TRAINING AND ASSESSMENT CENTER ACT,"AN ACT ESTABLISHING THE ZAMBOANGA DEL SUR TECHNICAL EDUCATION AND SKILLS DEVELOPMENT AUTHORITY (TESDA) PROVINCIAL TRAINING AND ASSESSMENT CENTER TO BE LOCATED IN THE MUNICIPALITY OF LABANGAN, PROVINCE OF ZAMBOANGA DEL SUR, AND APPROPRIATING FUNDS THEREFOR","GO, CHRISTOPHER LAWRENCE T.","May 4, 2021",NATIONAL,TESDA TRAINING AND ASSESSMENT CENTER,"HIGHER, TECHNICAL AND VOCATIONAL EDUCATION",PENDING IN THE COMMITTEE
Senate Bill No. 2227,18th Congress (July 2019 - 2022),https://ldr.senate.gov.ph/bills/senate-bill-no-2227-18th-congress-republic,SPECIAL NON-WORKING HOLIDAY IN THE PROVINCE OF SAMAR,AN ACT DECLARING AUGUST ELEVEN OF EVERY YEAR AS A SPECIAL NON-WORKING HOLIDAY IN THE PROVINCE OF SAMAR TO COMMEMORATE ITS FOUNDATION ANNIVERSARY TO BE KNOWN AS THE 'SAMAR DAY',"HONTIVEROS, RISA","May 25, 2021",LOCAL,HOLIDAY (SPECIAL NON-WORKING),LOCAL GOVERNMENT,PENDING IN THE COMMITTEE
Senate Bill No. 2294,18th Congress (July 2019 - 2022),https://ldr.senate.gov.ph/bills/senate-bill-no-2294-18th-congress-republic,RATIONALIZING THE DISABILITY PENSION OF VETERANS,"AN ACT RATIONALIZING THE DISABILITY PENSION OF VETERANS, AMENDING FOR THE PURPOSE REPUBLIC ACT NO. 6948, ENTITLED, ' AN ACT STANDARDIZING AND UPGRADING THE BENEFITS FOR MILITARY VETERANS AND THEIR BENEFICIARIES,' AS AMENDED","LAPID, MANUEL ""LITO"" M.","June 16, 2021",NATIONAL,VETERANS PENSION,"NATIONAL DEFENSE AND SECURITY, PEACE, UNIFICATION AND RECONCILIATION",PENDING IN THE COMMITTEE
Senate Bill No. 1975,18th Congress (July 2019 - 2022),https://ldr.senate.gov.ph/bills/senate-bill-no-1975-18th-congress-republic,AMENDING R. A. NO. 11223 (INSTITUTING UNIVERSAL HEALTH CARE FOR ALL FILIPINOS),"AN ACT AMENDING REPUBLIC ACT NO. 11223, OTHERWISE KNOWN AS 'AN ACT INSTITUTING UNIVERSAL HEALTH CARE FOR ALL FILIPINOS, PRESCRIBING REFORMS IN THE HEALTH CARE SYSTEM, AND APPROPRIATING FUNDS THEREFOR'","REVILLA JR., RAMON BONG","January 7, 2021",NATIONAL,UNIVERSAL HEALTH CARE,HEALTH AND DEMOGRAPHY,CONSOLIDATED/SUBSTITUTED IN THE COMMITTEE REPORT
Senate Bill No. 2038,18th Congress (July 2019 - 2022),https://ldr.senate.gov.ph/bills/senate-bill-no-2038-18th-congress-republic,CHARTER OF THE CITY OF MANOLO FORTICH,AN ACT CONVERTING THE MUNICIPALITY OF MANOLO FORTICH IN THE PROVINCE OF BUKIDNON INTO A COMPONENT CITY TO BE KNOWN AS THE CITY OF MANOLO FORTICH,"ZUBIRI, JUAN MIGUEL ""MIGZ"" F.","February 4, 2021",LOCAL,"MUNICIPALITY, CONVERSION (CITYHOOD) CITYHOOD",RULES,PENDING IN THE COMMITTEE
Senate Bill No. 2380,18th Congress (July 2019 - 2022),https://ldr.senate.gov.ph/bills/senate-bill-no-2380-18th-congress-republic,"BANK ACCOUNT, E-WALLET, AND OTHER FINANCIAL ACCOUNTS REGULATION ACT","AN ACT REGULATING THE USE OF BANK ACCOUNTS, E-WALLETS, AND OTHER FINANCIAL ACCOUNTS, PROVIDING PENALTIES THEREFOR AND FOR OTHER PURPOSES","POE, GRACE","September 6, 2021",NATIONAL,BANK DEPOSITS/BANK ACCOUNTS E-WALLET,"BANKS, FINANCIAL INSTITUTIONS AND CURRENCIES",PENDING IN THE COMMITTEE
Senate Bill No. 2307,18th Congress (July 2019 - 2022),https://ldr.senate.gov.ph/bills/senate-bill-no-2307-18th-congress-republic,PAID EPIDEMIC LEAVE ACT,AN ACT MANDATING PAID LEAVES IN THE PRIVATE SECTOR DURING A STATE OF CALAMITY ON ACCOUNT OF AN INFECTIOUS DISEASE,"DE LIMA, LEILA M.","July 1, 2021",NATIONAL,EPIDEMIC LEAVE OF ABSENCE INFECTIOUS DISEASE,"LABOR, EMPLOYMENT AND HUMAN RESOURCES DEVELOPMENT",PENDING IN THE COMMITTEE
Senate Bill No. 1986,18th Congress (July 2019 - 2022),https://ldr.senate.gov.ph/bills/senate-bill-no-1986-18th-congress-republic,"DECLARING THE LUZON DATUM IN THE MUNICIPALITY OF MOGPOG, PROVINCE OF MARINDUQUE A TOURIST SPOT","AN ACT DECLARING THE LUZON DATUM LOCATED IN THE MUNICIPALITY OF MOGPOG, PROVINCE OF MARINDUQUE A TOURIST SPOT AND APPROPRIATING FUNDS THEREFOR","GATCHALIAN, WIN","January 18, 2021",LOCAL,TOURIST SPOT,TOURISM,PENDING IN THE COMMITTEE
Senate Bill No. 2049,18th Congress (July 2019 - 2022),https://ldr.senate.gov.ph/bills/senate-bill-no-2049-18th-congress-republic,REVISED WAREHOUSE RECEIPTS LAW OF THE PHILIPPINES,"AN ACT STRENGTHENING AND MODERNIZING THE WAREHOUSE RECEIPTS LAW OF THE PHILIPPINES, REPEALING ACT NO. 2137 OR THE 'WAREHOUSE RECEIPTS LAW', AND OTHER RELATED PURPOSES","GATCHALIAN, WIN","February 15, 2021",NATIONAL,WAREHOUSE RECEIPTS,"TRADE, COMMERCE AND ENTREPRENEURSHIP",PENDING IN THE COMMITTEE
Senate Bill No. 2390,18th Congress (July 2019 - 2022),https://ldr.senate.gov.ph/bills/senate-bill-no-2390-18th-congress-republic,"QUEZON MEDICAL CENTER IN THE CITY OF LUCENA, PROVINCE OF QUEZON","AN ACT CONVERTING THE QUEZON MEDICAL CENTER IN THE CITY OF LUCENA, PROVINCE OF QUEZON, INTO A TERTIARY LEVEL HOSPITAL AND REGIONAL TRAINING CENTER, AND APPROPRIATING FUNDS THEREFOR","ANGARA, SONNY","September 6, 2021",LOCAL,"HOSPITALS, CONVERSION",HEALTH AND DEMOGRAPHY,PENDING IN THE COMMITTEE
Senate Bill No. 2135,18th Congress (July 2019 - 2022),https://ldr.senate.gov.ph/bills/senate-bill-no-2135-18th-congress-republic,"STUDY NOW, PAY LATER ACT","AN ACT ESTABLISHING THE STUDY NOW, PAY LATER PROGRAM, APPROPRIATING FUNDS THEREFOR AND FOR OTHER PURPOSES","VILLANUEVA, JOEL","April 15, 2021",NATIONAL,STUDY-NOW-PAY-LATER PLAN,"BASIC EDUCATION, ARTS AND CULTURE",PENDING IN THE COMMITTEE
Senate Bill No. 2193,18th Congress (July 2019 - 2022),https://ldr.senate.gov.ph/bills/senate-bill-no-2193-18th-congress-republic,CEBU 4TH DISTRICT SPECIAL ECONOMIC ZONE ACT,"AN ACT ESTABLISHING THE SPECIAL ECONOMIC ZONE IN THE 4TH DISTRICT OF CEBU PROVINCE, CREATING FOR THIS PURPOSE THE 4TH DISTRICT SPECIAL ECONOMIC ZONE AUTHORITY, APPROPRIATING FUNDS THEREFOR, AND FOR OTHER PURPOSES","MARCOS, IMEE R.","May 17, 2021",LOCAL,SPECIAL ECONOMIC ZONE,ECONOMIC AFFAIRS,PENDING IN THE COMMITTEE
Senate Bill No. 2463,18th Congress (July 2019 - 2022),https://ldr.senate.gov.ph/bills/senate-bill-no-2463-18th-congress-republic,FREE PUBLIC HOUSING ACT,"AN ACT PROVIDING FOR A FREE PUBLIC HOUSING PROGRAM, AMENDING FOR THAT PURPOSE REPUBLIC ACT NO. 11201, AND FOR OTHER FURPOSES","PACQUIAO, EMMANUEL ""MANNY"" D.","December 9, 2021",NATIONAL,HOUSING PROJECTS,"URBAN PLANNING, HOUSING AND RESETTLEMENT",PENDING IN THE COMMITTEE
Senate Bill No. 2196,18th Congress (July 2019 - 2022),https://ldr.senate.gov.ph/bills/senate-bill-no-2196-18th-congress-republic,LAGUNA REGIONAL HOSPITAL,"AN ACT CONVERTING THE BAY DISTRICT HOSPITAL IN THE MUNICIPALITY OF BAY, PROVINCE OF LAGUNA INTO A GENERAL HOSPITAL, TO BE KNOWN AS THE LAGUNA REGIONAL HOSPITAL, AND APPROPRIATING FUNDS THEREFOR","MARCOS, IMEE R.","May 17, 2021",LOCAL,"HOSPITALS, CONVERSION",HEALTH AND DEMOGRAPHY,PENDING IN THE COMMITTEE
Senate Bill No. 2273,18th Congress (July 2019 - 2022),https://ldr.senate.gov.ph/bills/senate-bill-no-2273-18th-congress-republic,CCF LIFE ACADEMY FOUNDATION INC.,"AN ACT RECOGNIZING CCF LIFE ACADEMY FOUNDATION INC. AS AN EDUCATIONAL INSTITUTION OF INTERNATIONAL CHARACTER, GRANTING CERTAIN PREROGATIVES TO HASTEN ITS GROWTH AS SUCH, AND FOR OTHER PURPOSES","GATCHALIAN, WIN","June 2, 2021",NATIONAL,"CCF LIFE ACADEMY FOUNDATION, INC.","BASIC EDUCATION, ARTS AND CULTURE",CONSOLIDATED/SUBSTITUTED IN THE COMMITTEE REPORT
Senate Bill No. 2017,18th Congress (July 2019 - 2022),https://ldr.senate.gov.ph/bills/senate-bill-no-2017-18th-congress-republic,PHILIPPINE FILM FESTIVAL,AN ACT RENAMING METRO MANILA FILM FESTIVAL (MMFF) TO PHILIPPINE FILM FESTIVAL,"PACQUIAO, EMMANUEL ""MANNY"" D.","January 25, 2021",NATIONAL,METRO MANILA FILM FESTIVAL,PUBLIC INFORMATION AND MASS MEDIA,PENDING IN THE COMMITTEE
Senate Bill No. 2081,18th Congress (July 2019 - 2022),https://ldr.senate.gov.ph/bills/senate-bill-no-2081-18th-congress-republic,NATIONAL HIJAB DAY,AN ACT DECLARING THE FIRST DAY OF FEBRUARY OF EVERY YEAR AS NATIONAL HIJAB DAY AND PROMOTING AN UNDERSTANDING OF THE MUSLIM TRADITION OF WEARING A HIJAB,"ZUBIRI, JUAN MIGUEL ""MIGZ"" F.","March 2, 2021",NATIONAL,HIJAB,CULTURAL COMMUNITIES,"PENDING SECOND READING, ORDINARY BUSINESS"
Senate Bill No. 2357,18th Congress (July 2019 - 2022),https://ldr.senate.gov.ph/bills/senate-bill-no-2357-18th-congress-republic,MAGNA CARTA OF FILIPINO SEAFARERS,AN ACT INSTITUTING THE MAGNA CARTA OF FILIPINO SEAFARERS,"ZUBIRI, JUAN MIGUEL ""MIGZ"" F.","August 23, 2021",NATIONAL,MAGNA CARTA OF FILIPINO SEAFARERS,"LABOR, EMPLOYMENT AND HUMAN RESOURCES DEVELOPMENT",CONSOLIDATED/SUBSTITUTED IN THE COMMITTEE REPORT
Senate Bill No. 2424,18th Congress (July 2019 - 2022),https://ldr.senate.gov.ph/bills/senate-bill-no-2424-18th-congress-republic,NATIONAL PANDEMIC FRONTLINERS' DAY,AN ACT DECLARING THE LAST MONDAY OF AUGUST OF EVERY YEAR AS NATIONAL PANDEMIC FRONERS' DAY TO SYNCHRONIZE WITH THE OBSERVANCE OF THE NATIONAL HEROES' DAY,"PACQUIAO, EMMANUEL ""MANNY"" D.","September 29, 2021",NATIONAL,NATIONAL PANDEMIC FRONTLINERS DAY,HEALTH AND DEMOGRAPHY,PENDING IN THE COMMITTEE
Senate Bill No. 2108,18th Congress (July 2019 - 2022),https://ldr.senate.gov.ph/bills/senate-bill-no-2108-18th-congress-republic,LAPULAPU INTERNATIONAL AIRPORT,"AN ACT RENAMING THE MACTAN-CEBU INTERNATIONAL AIRPORT LOCATED IN LAPULAPU CITY, CEBU AS LAPULAPU INTERNATIONAL AIRPORT","GORDON, RICHARD J.","March 17, 2021",LOCAL,AIRPORT,GOVERNMENT CORPORATIONS AND PUBLIC ENTERPRISES,PENDING IN THE COMMITTEE
Senate Bill No. 2208,18th Congress (July 2019 - 2022),https://ldr.senate.gov.ph/bills/senate-bill-no-2208-18th-congress-republic,EXTENDING THE ESTATE TAX AMNESTY,"AN ACT EXTENDING THE ESTATE TAX AMNESTY AND FOR OTHER PURPOSES, AMENDING SECTION 6 OF REPUBLIC ACT NO. 11213, OTHERWISE KNOWN AS THE 'TAX AMNESTY ACT'","REVILLA JR., RAMON BONG","May 18, 2021",NATIONAL,TAX AMNESTY TAXES (ESTATE TAX),WAYS AND MEANS,APPROVED BY THE PRESIDENT OF THE PHILIPPINES
Senate Bill No. 2241,18th Congress (July 2019 - 2022),https://ldr.senate.gov.ph/bills/senate-bill-no-2241-18th-congress-republic,VIROLOGY AND VACCINE INSTITUTE OF THE PHILIPPINES (VIP) ACT OF 2021,AN ACT ESTABLISHING THE VIROLOGY AND VACCINE INSTITUTE OF THE PHILIPPINES AND APPROPRIATING FUNDS THEREFOR,"SOTTO III, VICENTE C.","May 26, 2021",NATIONAL,VIROLOGY INSTITUTE OF THE PHILIPPINES (VIP) VACCINE,SCIENCE AND TECHNOLOGY,PENDING IN THE COMMITTEE
Senate Bill No. 2252,18th Congress (July 2019 - 2022),https://ldr.senate.gov.ph/bills/senate-bill-no-2252-18th-congress-republic,LOCAL HOUSING OFFICE ACT,"AN ACT MANDATING THE CREATION OF A LOCAL HOUSING OFFICE IN EVERY CITY AND MUNICIPALITY, PROVIDING FOR ITS POWERS AND FUNCTIONS, AND FOR OTHER PURPOSES","LAPID, MANUEL ""LITO"" M.","June 1, 2021",NATIONAL,LOCAL HOUSING OFFICE,"URBAN PLANNING, HOUSING AND RESETTLEMENT",PENDING IN THE COMMITTEE
Senate Bill No. 2317,18th Congress (July 2019 - 2022),https://ldr.senate.gov.ph/bills/senate-bill-no-2317-18th-congress-republic,TEACHERS' HOME IN SCHOOL ACT,"AN ACT ESTABLISHING LIVING FACILITIES FOR PUBLIC SCHOOL TEACHERS, PROVIDING FUNDS THEREFOR AND FOR OTHER PURPOSES","ANGARA, SONNY","July 13, 2021",NATIONAL,PUBLIC SCHOOL TEACHERS,"URBAN PLANNING, HOUSING AND RESETTLEMENT",PENDING IN THE COMMITTEE
Senate Bill No. 1996,18th Congress (July 2019 - 2022),https://ldr.senate.gov.ph/bills/senate-bill-no-1996-18th-congress-republic,AMENDING THE SOCIAL SECURITY ACT OF 2018,"AN ACT GRANTING THE PRESIDENT OF THE PHILIPPINES THE POWER TO SUSPEND THE SCHEDULED INCREASES IN SOCIAL SECURITY SYSTEM (SSS) CONTRIBUTION RATES, AMENDING FOR THE PURPOSE REPUBLIC ACT NO. 11199, OTHERWISE KNOWN AS THE SOCIAL SECURITY ACT OF 2018","REVILLA JR., RAMON BONG","January 19, 2021",NATIONAL,SOCIAL SECURITY SYSTEM (SSS),GOVERNMENT CORPORATIONS AND PUBLIC ENTERPRISES,CONSOLIDATED/SUBSTITUTED IN THE COMMITTEE REPORT
Senate Bill No. 2060,18th Congress (July 2019 - 2022),https://ldr.senate.gov.ph/bills/senate-bill-no-2060-18th-congress-republic,MANDATORY POSITION FOR A HUMAN RESOURCE MANAGEMENT OFFICER IN LGUS,"AN ACT CREATING A MANDATORY POSITION FOR A HUMAN RESOURCE MANAGEMENT OFFICER IN LOCAL GOVERNMENT UNITS, AMENDING FOR THE PURPOSE SECTIONS 443, 454 AND 463 OF REPUBLIC ACT NO. 7160, AS AMENDED, OTHERWISE KNOWN AS THE 'LOCAL GOVERNMENT CODE OF 1991,' AND FOR OTHER PURPOSES","PIMENTEL, AQUILINO ""KOKO"" III","February 22, 2021",NATIONAL,N/A,LOCAL GOVERNMENT,PENDING IN THE COMMITTEE
Senate Bill No. 2337,18th Congress (July 2019 - 2022),https://ldr.senate.gov.ph/bills/senate-bill-no-2337-18th-congress-republic,NARURON FALLS ECOTOURISM SITE ACT,"AN ACT DECLARING NARURON FALLS LOCATED IN BARANGAY OYAO, MUNICIPALITY OF DUPAX DEL NORTE, PROVINCE OF NUEVA VIZCAYA, AN ECOTOURISM SITE AND APPROPRIATING FUNDS THEREFOR","MARCOS, IMEE R.","July 27, 2021",NATIONAL,ECOTOURISM SITES,TOURISM,PENDING IN THE COMMITTEE
Senate Bill No. 2401,18th Congress (July 2019 - 2022),https://ldr.senate.gov.ph/bills/senate-bill-no-2401-18th-congress-republic,BPA AND PFAS IN CHILD CARE ARTICLES PROHIBITION ACT,"AN ACT PROHIBITING THE USE OF BPA AND PFAS IN BABY FOOD PACKAGING AND CONTAINERS, AND OTHER CHILD CARE ARTICLES","BINAY, MARIA LOURDES NANCY S.","September 15, 2021",NATIONAL,BABY FOOD PRODUCTS INFANT/TODDLER PRODUCT FOOD LABELING/PACKAGING,"TRADE, COMMERCE AND ENTREPRENEURSHIP","PENDING SECOND READING, ORDINARY BUSINESS"
Senate Bill No. 2219,18th Congress (July 2019 - 2022),https://ldr.senate.gov.ph/bills/senate-bill-no-2219-18th-congress-republic,NET-METERING PROGRAM (RENEWABLE ENERGY),"AN ACT ENHANCING THE IMPLEMENTATION OF THE NET-METERING PROGRAM, AMENDING FOR THE PURPOSE REPUBLIC ACT NO. 9513, OTHERWISE KNOWN AS THE RENEWABLE ENERGY ACT OF 2008","GATCHALIAN, WIN","May 24, 2021",NATIONAL,RENEWABLE ENERGY ENERGY REGULATORY COMMISSION,ENERGY,PENDING IN THE COMMITTEE
Senate Bill No. 2284,18th Congress (July 2019 - 2022),https://ldr.senate.gov.ph/bills/senate-bill-no-2284-18th-congress-republic,SPECIAL DEFENSE ECONOMIC ZONE (SPEDEZ) ACT OF 2019,"AN ACT ESTABLISHING A SPECIAL DEFENSE ECONOMIC ZONE (SPEDEZ) INSIDE THE GOVERNMENT ARSENAL DEFENSE INDUSTRIAL ESTATE LOCATED IN CAMP GEN. ANTONIO LUNA, LAMAO, MUNICIPALITY OF LIMAY, PROVINCE OF BATAAN, CREATING FOR THIS PURPOSE THE SPECIAL DEFENSE ECONOMIC ZONE AUTHORITY (SPEDEZA), APPROPRIATING FUNDS THEREFOR AND FOR OTHER PURPOSES","DELA ROSA, RONALD ""BATO""","June 3, 2021",NATIONAL,SPECIAL DEFENSE ECONOMIC ZONE (SPEDEZ),ECONOMIC AFFAIRS,PENDING IN THE COMMITTEE
Senate Bill No. 2028,18th Congress (July 2019 - 2022),https://ldr.senate.gov.ph/bills/senate-bill-no-2028-18th-congress-republic,FIRST LEGISLATIVE DISTRICT OF THE CITY OF CALOOCAN,AN ACT REAPPORTIONING THE FIRST LEGISLATIVE DISTRICT OF THE CITY OF CALOOCAN INTO TWO (2) LEGISLATIVE DISTRICTS,"MARCOS, IMEE R.","January 28, 2021",LOCAL,LEGISLATIVE DISTRICTS,LOCAL GOVERNMENT,PENDING IN THE COMMITTEE
Senate Bill No. 2370,18th Congress (July 2019 - 2022),https://ldr.senate.gov.ph/bills/senate-bill-no-2370-18th-congress-republic,"AGUSAN MARSH IN THE PROVINCE OF AGUSAN DEL SUR, AN ECOTOURISM ZONE","AN ACT DECLARING THE AGUSAN MARSH LOCATED IN THE MUNICIPALITIES OF TALACOGON, SAN FRANCISCO, ROSARIO, BUNAWAN, LORETO, LA PAZ AND VERUELA, ALL IN THE PROVINCE OF AGUSAN DEL SUR, AN ECOTOURISM ZONE AND APPROPRIATING FUNDS THEREFOR","ZUBIRI, JUAN MIGUEL ""MIGZ"" F.","August 31, 2021",LOCAL,ECOTOURISM ZONE,TOURISM,PENDING IN THE COMMITTEE
Senate Bill No. 2432,18th Congress (July 2019 - 2022),https://ldr.senate.gov.ph/bills/senate-bill-no-2432-18th-congress-republic,"AMENDING SEC. 9, BOOK V, TITLE I, SUBTITLE A, CH. 2 OF E.O. NO. 292 (ADMINISTRATIVE CODE OF 1987)","AN ACT AMENDING SECTION 9, BOOK V, TITLE I, SUBTITLE A, CHAPTER 2 OF EXECUTIVE ORDER NO. 292, OTHERWISE KNOWN AS THE ADMINISTRATIVE CODE OF 1987","TOLENTINO, FRANCIS ""TOL"" N.","October 11, 2021",NATIONAL,ADMINISTRATIVE CODE OF 1987 (E.O.NO. 292) GOVERNMENT OFFICIAL/PUBLIC OFFICIAL,"CIVIL SERVICE, GOVERNMENT REORGANIZATION AND PROFESSIONAL REGULATION",PENDING IN THE COMMITTEE
Senate Bill No. 2114,18th Congress (July 2019 - 2022),https://ldr.senate.gov.ph/bills/senate-bill-no-2114-18th-congress-republic,BURNHAM PARK IN THE CITY OF BAGUIO A NATIONAL HERITAGE PARK,AN ACT DECLARING BURNHAM PARK LOCATED IN THE CITY OF BAGUIO A NATIONAL HERITAGE PARK AND APPROPRIATING FUNDS FOR ITS CONSERVATION AND DEVELOPMENT,"MARCOS, IMEE R.","March 24, 2021",NATIONAL,HERITAGE SITES/CULTURAL PROPERTY,"BASIC EDUCATION, ARTS AND CULTURE",PENDING IN THE COMMITTEE
Senate Bill No. 2175,18th Congress (July 2019 - 2022),https://ldr.senate.gov.ph/bills/senate-bill-no-2175-18th-congress-republic,MATERNITY BENEFIT FOR WOMEN IN THE INFORMAL ECONOMY ACT OF 2021,"AN ACT GRANTING A MATERNITY BENEFIT TO WOMEN WORKERS IN THE INFORMAL ECONOMY, AMENDING FOR THIS PURPOSE REPUBLIC ACT NO. 11210, APPROPRIATING FUNDS THEREFOR, AND FOR OTHER PURPOSES","HONTIVEROS, RISA","May 11, 2021",NATIONAL,MATERNITY BENEFITS WOMEN,"WOMEN, CHILDREN, FAMILY RELATIONS AND GENDER EQUALITY",PENDING IN THE COMMITTEE
Senate Bill No. 2381,18th Congress (July 2019 - 2022),https://ldr.senate.gov.ph/bills/senate-bill-no-2381-18th-congress-republic,VACCINE PASSPORT PROGRAM ACT,"AN ACT CREATING A VACCINE PASSPORT PROGRAM, AMENDING FOR THIS PURPOSE REPUBLIC ACT NO. 11525, OTHERWISE KNOWN AS THE COVID-19 VACCINATION PROGRAM ACT OF 2021, AND PROVIDING FUNDS THEREFOR","CAYETANO, PIA S.","September 6, 2021",NATIONAL,VACCINE PASSPORT PROGRAM COVID-19,FINANCE,CONSOLIDATED/SUBSTITUTED IN THE COMMITTEE REPORT
Senate Bill No. 2439,18th Congress (July 2019 - 2022),https://ldr.senate.gov.ph/bills/senate-bill-no-2439-18th-congress-republic,MODIFYING THE GROUNDS FOR SUBSTITUTION OF CANDIDATES,"AN ACT MODIFYING THE GROUNDS FOR SUBSTITUTION OF CANDIDATES, AMENDING FOR THIS PURPOSE SECTION 77 OF BATAS PAMBANSA BILANG 881, S. 1958, OTHERWISE KNOWN AS THE OMNIBUS ELECTION CODE","GATCHALIAN, WIN","November 8, 2021",NATIONAL,SUBSTITUTION OF CANDIDATES OMNIBUS ELECTION CODE (BATAS PAMBANSA BLG. 881),ELECTORAL REFORMS AND PEOPLES PARTICIPATION,PENDING IN THE COMMITTEE
Senate Bill No. 2069,18th Congress (July 2019 - 2022),https://ldr.senate.gov.ph/bills/senate-bill-no-2069-18th-congress-republic,LEAST DISPLACEMENT OF INFORMAL SETTLER FAMILIES ACT,"AN ACT ESTABLISHING THE POLICY TOWARDS THE LEAST DISPLACEMENT OF INFORMAL SETTLER FAMILIES THROUGH ON-SITE, IN-CITY AND NEAR-CITY RESETTLEMENT STRATEGIES PURSUANT TO THE PEOPLE'S PLAN AND MANDATING LOCAL GOVERNMENT UNITS TO PROVIDE BASIC SERVICES AND LIVELIHOOD COMPONENTS IN RESETTLEMENT SITES","HONTIVEROS, RISA","February 23, 2021",NATIONAL,"INFORMAL SETTLERS/SQUATTERS/SQUATTING ON-SITE, IN-CITY OR NEAR-CITY RESETTLEMENT","URBAN PLANNING, HOUSING AND RESETTLEMENT",PENDING IN THE COMMITTEE
Senate Bill No. 2388,18th Congress (July 2019 - 2022),https://ldr.senate.gov.ph/bills/senate-bill-no-2388-18th-congress-republic,ABOLISHING THE DEPARTMENT OF BUDGET AND MANAGEMENT- PROCUREMENT SERVICE (DBM-PS),"AN ACT ABOLISHING THE DEPARTMENT OF BUDGET AND MANAGEMENT- PROCUREMENT SERVICE (DBM-PS), AND FOR OTHER PURPOSES","MARCOS, IMEE R.","September 6, 2021",NATIONAL,ABOLITION DEPARTMENT OF BUDGET AND MANAGEMENT- PROCUREMENT SERVICE (DBM-PS),FINANCE,PENDING IN THE COMMITTEE
Senate Bill No. 2452,18th Congress (July 2019 - 2022),https://ldr.senate.gov.ph/bills/senate-bill-no-2452-18th-congress-republic,EXTENDING THE AVAILABILITY OF THE 2021 APPROPRIATIONS,"AN ACT EXTENDING THE AVAILABILITY OF THE 2021 APPROPRIATIONS TO DECEMBER 31, 2022, AMENDING FOR THE PURPOSE SECTION 62 OF THE GENERAL PROVISIONS OF REPUBLIC ACT NO. 11518, THE GENERAL APPROPRIATIONS ACT OF FISCAL YEAR 2021","MARCOS, IMEE R.","November 15, 2021",NATIONAL,GENERAL APPROPRIATIONS ACT (GAA),FINANCE,CONSOLIDATED/SUBSTITUTED IN THE COMMITTEE REPORT
Senate Bill No. 2142,18th Congress (July 2019 - 2022),https://ldr.senate.gov.ph/bills/senate-bill-no-2142-18th-congress-republic,AMENDING R. A. NO. 7305 (MAGNA CARTA OF PUBLIC HEALTH WORKERS),"AN ACT AMENDING REPUBLIC ACT NO. 7305, OTHERWISE KNOWN AS THE MAGNA CARTA OF PUBLIC HEALTH WORKERS, AND FOR OTHER PURPOSES","PANGILINAN, FRANCIS ""KIKO"" N.","April 21, 2021",NATIONAL,Magna Carta of Public Health Workers,HEALTH AND DEMOGRAPHY,PENDING IN THE COMMITTEE
Senate Bill No. 2195,18th Congress (July 2019 - 2022),https://ldr.senate.gov.ph/bills/senate-bill-no-2195-18th-congress-republic,"INDIGENOUS TRAINING CENTER IN MAGSINGAL, ILOCOS SUR","AN ACT PROVIDING FOR THE ESTABLISHMENT OF AN INDIGENOUS TRAINING CENTER IN THE MUNICIPALITY OF MAGSINGAL, PROVINCE OF ILOCOS SUR, AND APPROPRIATING FUNDS THEREFOR","MARCOS, IMEE R.","May 17, 2021",LOCAL,INDIGENOUS TRAINING AND LEARNING CENTER,CULTURAL COMMUNITIES,PENDING IN THE COMMITTEE
Senate Bill No. 2461,18th Congress (July 2019 - 2022),https://ldr.senate.gov.ph/bills/senate-bill-no-2461-18th-congress-republic,LAW GOVERNING THE SUBSTITUTION OF CANDIDATES FOR THE NATIONAL AND LOCAL ELECTIONS,"AN ACT TO PREVENT ABUSE OF THE LAW GOVERNING THE SUBSTITUTION OF CANDIDATES FOR THE NATIONAL AND LOCAL ELECTIONS, AMENDING FOR THE PURPOSE SECTION 77 OF BATAS PAMBANSA BLG. 881, OTHERWISE KNOWN AS THE OMNIBUS ELECTION CODE","DE LIMA, LEILA M.","December 6, 2021",NATIONAL,SUBSTITUTION OF CANDIDATES OMNIBUS ELECTION CODE (BATAS PAMBANSA BLG. 881),ELECTORAL REFORMS AND PEOPLES PARTICIPATION,PENDING IN THE COMMITTEE
Senate Bill No. 2220,18th Congress (July 2019 - 2022),https://ldr.senate.gov.ph/bills/senate-bill-no-2220-18th-congress-republic,JCEC ENHANCEMENT ACT,"AN ACT ENHANCING THE POWERS AND FUNCTIONS OF THE JOINT CONGRESSIONAL ENERGY COMMISSION, FURTHER AMENDING FOR THE PURPOSE SECTION 62 OF REPUBLIC ACT NO. 9136, OTHERWISE KNOWN AS THE ELECTRIC POWER INDUSTRY REFORM ACT OF 2001, AS AMENDED","GATCHALIAN, WIN","May 24, 2021",NATIONAL,ELECTRIC POWER INDUSTRY REFORM ACT /EPIRA (R.A.NO. 9136) JOINT CONGRESSIONAL POWER COMMISSION,ENERGY,APPROVED BY THE PRESIDENT OF THE PHILIPPINES
Senate Bill No. 2281,18th Congress (July 2019 - 2022),https://ldr.senate.gov.ph/bills/senate-bill-no-2281-18th-congress-republic,IMPOSING TAXES ON OFFSITE BETTING ACTIVITIES ON LOCALLY LICENSED COCKFIGHTS AND DERBIES,"AN ACT IMPOSING TAXES ON OFFSITE BETTING ACTIVITIES ON LOCALLY LICENSED COCKFIGHTS AND DERBIES, AMENDING SECTION 125 OF THE NATIONAL INTERNAL REVENUE CODE OF 1997, AS AMENDED","GATCHALIAN, WIN","June 3, 2021",NATIONAL,TAXES/TAXATION OFFSITE BETTING COCKFIGHTS AND DERBIES NATIONAL INTERNAL REVENUE CODE (NIRC),WAYS AND MEANS,PENDING IN THE COMMITTEE
Senate Bill No. 1974,18th Congress (July 2019 - 2022),https://ldr.senate.gov.ph/bills/senate-bill-no-1974-18th-congress-republic,THE FOOD AND DRUG ADMINISTRATION AS AN INDEPENDENT AGENCY,"AN ACT INSTITUTING THE FOOD AND DRUG ADMINISTRATION AS AN INDEPENDENT AGENCY, AMENDING CERTAIN SECTIONS OF REPUBLIC ACT NO. 3720, AS AMENDED, AND REPUBLIC ACT NO. 9711","REVILLA JR., RAMON BONG","January 7, 2021",NATIONAL,FOOD AND DRUGS ADMINISTRATION (FDA),HEALTH AND DEMOGRAPHY,PENDING IN THE COMMITTEE
Senate Bill No. 2037,18th Congress (July 2019 - 2022),https://ldr.senate.gov.ph/bills/senate-bill-no-2037-18th-congress-republic,"LAND TRANSPORTATION OFFICE (LTO) DISTRICT OFFICE IN MANOLO FORTICH, BUKIDNON","AN ACT ESTABLISHING THE LAND TRANSPORTATION OFFICE (LTO) DISTRICT OFFICE IN MANOLO FORTICH, BUKIDNON AND APPROPRIATING FUNDS THEREFOR","ZUBIRI, JUAN MIGUEL ""MIGZ"" F.","February 4, 2021",LOCAL,LAND TRANSPORTATION OFFICE (LTO),PUBLIC SERVICES,PENDING IN THE COMMITTEE
Senate Bill No. 2354,18th Congress (July 2019 - 2022),https://ldr.senate.gov.ph/bills/senate-bill-no-2354-18th-congress-republic,THE PHILIPPINE CREATIVE INDUSTRY,"AN ACT TO STRENGTHEN THE PHILIPPINE CREATIVE INDUSTRY THROUGH EXPANDING THE COVERAGE OF THE BALIK SCIENTIST ACT, AMENDING FOR THE PURPOSE, REPUBLIC ACT NO. 11035, AND FOR OTHER PURPOSES","ANGARA, SONNY","August 23, 2021",NATIONAL,CREATIVE INDUSTRY BALIK SCIENTIST PROGRAM,SCIENCE AND TECHNOLOGY,PENDING IN THE COMMITTEE
Senate Bill No. 2420,18th Congress (July 2019 - 2022),https://ldr.senate.gov.ph/bills/senate-bill-no-2420-18th-congress-republic,MARAWI SIEGE VICTIMS COMPENSATION ACT OF 2021,"AN ACT PROVIDING COMPENSATION FOR THE LOSS OR DESTRUCTION OF PROPERTIES AS A RESULT OF THE 2017 MARAWI SIEGE, AND APPROPRIATING FUNDS THEREFOR","ZUBIRI, JUAN MIGUEL ""MIGZ"" F.","September 29, 2021",NATIONAL,MARAWI CITY/MARAWI SIEGE,FINANCE,"PENDING SECOND READING, SPECIAL ORDER"
Senate Bill No. 2103,18th Congress (July 2019 - 2022),https://ldr.senate.gov.ph/bills/senate-bill-no-2103-18th-congress-republic,INTERNET CONSUMER PROTECTION AND NET NEUTRALITY ACT OF 2021,"AN ACT PROTECTING INTERNET CONSUMERS AND PROMOTING NET NEUTRALITY IN DATA TRANSMISSIONS, AND FOR OTHER PURPOSES","MARCOS, IMEE R.","March 15, 2021",NATIONAL,INTERNET CONSUMER PROTECTION National Telecommunications Commission (NTC) INFORMATION AND COMMUNICATIONS TECHNOLOGY (ICT),SCIENCE AND TECHNOLOGY,PENDING IN THE COMMITTEE
Senate Bill No. 2172,18th Congress (July 2019 - 2022),https://ldr.senate.gov.ph/bills/senate-bill-no-2172-18th-congress-republic,ILOCOS NORTE AS THE GARLIC CAPITAL OF THE PHILIPPINES,AN ACT DECLARING THE PROVINCE OF ILOCOS NORTE AS THE GARLIC CAPITAL OF THE PHILIPPINES,"MARCOS, IMEE R.","May 11, 2021",NATIONAL,GARLIC CAPITAL,"AGRICULTURE, FOOD AND AGRARIAN REFORM",PENDING IN THE COMMITTEE
Senate Bill No. 2366,18th Congress (July 2019 - 2022),https://ldr.senate.gov.ph/bills/senate-bill-no-2366-18th-congress-republic,OTOP PHILIPPINES ACT,"AN ACT PROMOTING INCLUSIVE AND SUSTAINABLE ECONOMIC DEVELOPMENT THROUGH THE INSTITUTIONALIZATION OF 'ONE TOWN, ONE PRODUCT' PHILIPPINES PROGRAM AND APPROPRIATING FUNDS THEREFOR","GATCHALIAN, WIN","August 26, 2021",NATIONAL,"ONE TOWN, ONE PRODUCT (OTOP)","TRADE, COMMERCE AND ENTREPRENEURSHIP",CONSOLIDATED/SUBSTITUTED IN THE COMMITTEE REPORT
Senate Bill No. 2430,18th Congress (July 2019 - 2022),https://ldr.senate.gov.ph/bills/senate-bill-no-2430-18th-congress-republic,"AMENDING SECTION 490(B)(3) OF R, A. NO. 7160 (LOCAL GOVERNMENT CODE OF 1991)","AN ACT AMENDING SECTION 490(B)(3) OF REPUBLIC ACT NO. 7160, OTHERWISE KNOWN AS THE 'LOCAL GOVERNMENT CODE OF 1991,' AS AMENDED","TOLENTINO, FRANCIS ""TOL"" N.","October 11, 2021",NATIONAL,DIGITAL TECHNOLOGY LOCAL GOVERNMENT CODE (R.A. NO. 7160),LOCAL GOVERNMENT,PENDING IN THE COMMITTEE
Senate Bill No. 2122,18th Congress (July 2019 - 2022),https://ldr.senate.gov.ph/bills/senate-bill-no-2122-18th-congress-republic,THE 30-YEAR NATIONAL INFRASTRUCTURE MASTER PLAN ACT,AN ACT ADOPTING A 30-YEAR NATIONAL INFRASTRUCTURE MASTER PLAN,N/A,"March 24, 2021",NATIONAL,INFRASTRUCTURES,PUBLIC WORKS,PENDING IN THE COMMITTEE
Senate Bill No. 2180,18th Congress (July 2019 - 2022),https://ldr.senate.gov.ph/bills/senate-bill-no-2180-18th-congress-republic,CHILDREN'S VISION IMPROVEMENT AND LEARNING READINESS ACT,AN ACT ESTABLISHING A GRANT PROGRAM TO PROVIDE COMPREHENSIVE EYE EXAMINATIONS TO CHILDREN,"REVILLA JR., RAMON BONG","May 12, 2021",NATIONAL,CHILDREN/CHILD CARE EYE EXAMINATION,HEALTH AND DEMOGRAPHY,PENDING IN THE COMMITTEE
Senate Bill No. 2016,18th Congress (July 2019 - 2022),https://ldr.senate.gov.ph/bills/senate-bill-no-2016-18th-congress-republic,ACADEMIC FREEDOM ACT OF 2021,"AN ACT TO STRENGTHEN AND UPHOLD THE FREEDOM OF TEACHERS AND STUDENTS TO TEACH, STUDY, AND PURSUE KNOWLEDGE AND RESEARCH WITHOUT UNREASONABLE INTERFERENCE OR RESTRICTION, IN ALL STATE UNIVERSITIES AND COLLEGES","PANGILINAN, FRANCIS ""KIKO"" N.","January 25, 2021",NATIONAL,STATE COLLEGES AND UNIVERSITIES (SCUS) ACADEMIC FREEDOM STUDENTS TEACHERS,JUSTICE AND HUMAN RIGHTS,PENDING IN THE COMMITTEE
Senate Bill No. 2080,18th Congress (July 2019 - 2022),https://ldr.senate.gov.ph/bills/senate-bill-no-2080-18th-congress-republic,SAMAR ISLAND MEDICAL CENTER,"AN ACT ESTABLISHING A TERTIARY HOSPITAL UNDER THE CONTROL, SUPERVISION, AND MANAGEMENT OF THE DEPARTMENT OF HEALTH IN THE CITY OF CALBAYOG, SAMAR TO BE KNOWN AS THE SAMAR ISLAND MEDICAL CENTER, APPROPRIATING FUNDS THEREFOR, AND FOR OTHER PURPOSES","ZUBIRI, JUAN MIGUEL ""MIGZ"" F.","March 2, 2021",LOCAL,"HOSPITALS, ESTABLISHMENT",HEALTH AND DEMOGRAPHY,PENDING IN THE COMMITTEE
Senate Bill No. 2335,18th Congress (July 2019 - 2022),https://ldr.senate.gov.ph/bills/senate-bill-no-2335-18th-congress-republic,AGRICULTURAL PENSION FUND ACT,AN ACT ESTABLISHING AN AGRICULTURAL PENSION FUND TO PROVIDE PENSION BENEFITS TO FARMERS AND FISHERFOLK,"LAPID, MANUEL ""LITO"" M.","July 27, 2021",NATIONAL,AGRICULTURAL PENSION FUND FARMERS FISHERFOLK,"AGRICULTURE, FOOD AND AGRARIAN REFORM",PENDING IN THE COMMITTEE
Senate Bill No. 2398,18th Congress (July 2019 - 2022),https://ldr.senate.gov.ph/bills/senate-bill-no-2398-18th-congress-republic,ALLOWANCES AND BENEFITS FOR HEALTHCARE WORKERS ACT OF 2021,"AN ACT PROVIDING FOR ALLOWANCES AND BENEFITS FOR HEALTHCARE WORKERS DURING THE COVID-19 PANDEMIC, APPROPRIATING FUNDS THEREFOR, AND FOR OTHER PURPOSES","GO, CHRISTOPHER LAWRENCE T.","September 14, 2021",NATIONAL,HEALTHCARE WORKERS BENEFITS AND INCENTIVES COVID-19 PANDEMIC,FINANCE,CONSOLIDATED/SUBSTITUTED IN THE COMMITTEE REPORT
Senate Bill No. 2090,18th Congress (July 2019 - 2022),https://ldr.senate.gov.ph/bills/senate-bill-no-2090-18th-congress-republic,FIRST TIME JOBSEEKERS ASSISTANCE ACT,"AN ACT AMENDING SECTION 4 OF REPUBLIC ACT NO. 11261, OTHERWISE KNOWN AS THE 'FIRST TIME JOBSEEKERS ASSISTANCE ACT' THEREBY EXTENDING THE WAIVER OF FEES AND CHARGES TO JOBSEEKERS WHO HAVE LOST THEIR EMPLOYMENT DURING THE CORONAVIRUS DISEASE (COVID-19) PUBLIC HEALTH EMERGENCY","LAPID, MANUEL ""LITO"" M.","March 9, 2021",NATIONAL,JOB APPLICANTS FEES AND CHARGES,"LABOR, EMPLOYMENT AND HUMAN RESOURCES DEVELOPMENT",PENDING IN THE COMMITTEE
Senate Bill No. 2154,18th Congress (July 2019 - 2022),https://ldr.senate.gov.ph/bills/senate-bill-no-2154-18th-congress-republic,JCEC EXTENSION ACT,"AN ACT REMOVING THE EXPIRATION PERIOD OF THE JOINT CONGRESSIONAL ENERGY COMMISSION, FURTHER AMENDING FOR THE PURPOSE SECTION 62 OF REPUBLIC ACT NO. 9136, OTHERWISE KNOWN AS THE 'ELECTRIC POWER INDUSTRY REFORM ACT OF 2001', AS AMENDED","GATCHALIAN, WIN","May 4, 2021",NATIONAL,ELECTRIC POWER INDUSTRY REFORM ACT /EPIRA (R.A.NO. 9136),ENERGY,CONSOLIDATED/SUBSTITUTED IN THE COMMITTEE REPORT
Senate Bill No. 2225,18th Congress (July 2019 - 2022),https://ldr.senate.gov.ph/bills/senate-bill-no-2225-18th-congress-republic,RURAL BANKING ACT OF 2021,"AN ACT STRENGTHENING RURAL BANKS IN THE PHILIPPINES AMENDING FURTHER FOR THE PURPOSE REPUBLIC ACT NO. 7353, OTHERWISE KNOWN AS THE RURAL BANKS ACT OF 1992, AS AMENDED","ZUBIRI, JUAN MIGUEL ""MIGZ"" F.","May 25, 2021",NATIONAL,RURAL BANKS,"BANKS, FINANCIAL INSTITUTIONS AND CURRENCIES",PENDING IN THE COMMITTEE
Senate Bill No. 2292,18th Congress (July 2019 - 2022),https://ldr.senate.gov.ph/bills/senate-bill-no-2292-18th-congress-republic,"FOUR (4) ADDITIONAL BRANCHES OF THE REGIONAL TRIAL COURT IN ROSARIO AND SAN JUAN, BATANGAS","AN ACT CREATING FOUR (4) ADDITIONAL BRANCHES OF THE REGIONAL TRIAL COURT IN THE FOURTH JUDICIAL REGION TO BE STATIONED IN THE MUNICIPALITIES OF ROSARIO AND SAN JUAN, PROVINCE OF BATANGAS, AND APPROPRIATING FUNDS THEREFOR, AMENDING FOR THE PURPOSE SECTION 14(E) OF BATAS PAMBANSA BLG. 129, OTHERWISE KNOWN AS 'THE JUDICIARY REORGANIZATION ACT OF 1980', AS AMENDED",Ralph G. Recto,"June 14, 2021",NATIONAL,"COURTS (RTC/MTC, ADDITIONAL BRANCH) JUDICIARY REORGANIZATION ACT (BATAS PAMBANSA BLG. 129)",JUSTICE AND HUMAN RIGHTS,PENDING IN THE COMMITTEE
Senate Bill No. 1985,18th Congress (July 2019 - 2022),https://ldr.senate.gov.ph/bills/senate-bill-no-1985-18th-congress-republic,THE PARENT EFFECTIVENESS SERVICE PROGRAM ACT,AN ACT MANDATING THE ESTABLISHMENT AND IMPLEMENTATION OF THE PARENT EFFECTIVENESS SERVICE PROGRAM TO STRENGTHEN PARENTAL INVOLVEMENT IN THEIR CHILDREN'S DEVELOPMENT AND LEARNING AND APPROPRIATING FUNDS THEREFOR,"GATCHALIAN, WIN","January 14, 2021",NATIONAL,PARENT EFFECTIVENESS SERVICE PROGRAM,"WOMEN, CHILDREN, FAMILY RELATIONS AND GENDER EQUALITY",CONSOLIDATED/SUBSTITUTED IN THE COMMITTEE REPORT
Senate Bill No. 2048,18th Congress (July 2019 - 2022),https://ldr.senate.gov.ph/bills/senate-bill-no-2048-18th-congress-republic,GOVERNMENT FINANCIAL INSTITUTIONS (GFIS) UNIFIED INITIATIVES TO DISTRISSED ENTERPRISES,AN ACT PROVIDING FOR GOVERNMENT FINANCIAL INSTITUTIONS UNIFIED INITIATIVES TO DISTRESSED ENTERPRISES FOR ECONOMIC RECOVERY (GUIDE),"GO, CHRISTOPHER LAWRENCE T.","February 10, 2021",NATIONAL,GOVERNMENT FINANCIAL INSTITUTIONS,"BANKS, FINANCIAL INSTITUTIONS AND CURRENCIES",PENDING IN THE COMMITTEE
Senate Bill No. 1995,18th Congress (July 2019 - 2022),https://ldr.senate.gov.ph/bills/senate-bill-no-1995-18th-congress-republic,AMENDING THE REVISED FORESTRY CODE OF THE PHILIPPINES,"AN ACT AMENDING SECTIONS 78, 79, 81, 84, 85 AND 86 OF PRESIDENTIAL DECREE NO. 705, AS AMENDED, OTHERWISE KNOWN AS THE 'REVISED FORESTRY CODE OF THE PHILIPPINES', THEREBY IMPOSING STIFFER PENALTIES ON CRIMES COMMITTED IN RELATION TO FOREST LANDS, GRAZING LANDS AND THE NATIONAL PARKS SYSTEM","LAPID, MANUEL ""LITO"" M.","January 19, 2021",NATIONAL,REVISED FORESTRY CODE,"ENVIRONMENT, NATURAL RESOURCES AND CLIMATE CHANGE",PENDING IN THE COMMITTEE
Senate Bill No. 2059,18th Congress (July 2019 - 2022),https://ldr.senate.gov.ph/bills/senate-bill-no-2059-18th-congress-republic,HIGHLAND BROADCASTING NETWORK CORP.,"AN ACT GRANTING THE HIGHLAND BROADCASTING NETWORK CORP. A FRANCHISE TO CONSTRUCT, INSTALL, ESTABLISH, OPERATE AND MAINTAIN RADIO AND TELEVISION BROADCASTING STATIONS IN MINDANAO","ZUBIRI, JUAN MIGUEL ""MIGZ"" F.","February 17, 2021",NATIONAL,FRANCHISE SALES/FRANCHISE BUSINESS,PUBLIC SERVICES,CONSOLIDATED/SUBSTITUTED IN THE COMMITTEE REPORT
Senate Bill No. 2379,18th Congress (July 2019 - 2022),https://ldr.senate.gov.ph/bills/senate-bill-no-2379-18th-congress-republic,RURAL BANKING ACT OF 2021,"AN ACT STRENGTHENING RURAL BANKS IN THE PHILIPPINES, AMENDING FURTHER FOR THE PURPOSE REPUBLIC ACT NO. 7353, OTHERWISE KNOWN AS THE RURAL BANKS ACT OF 1992, AS AMENDED","REVILLA JR., RAMON BONG","September 6, 2021",NATIONAL,RURAL BANKS,"BANKS, FINANCIAL INSTITUTIONS AND CURRENCIES",PENDING IN THE COMMITTEE
Senate Bill No. 2442,18th Congress (July 2019 - 2022),https://ldr.senate.gov.ph/bills/senate-bill-no-2442-18th-congress-republic,RIGHT TO REPAIR ACT,"AN ACT PROMOTING THE RIGHT TO REPAIR DIGITAL ELECTRONIC PRODUCTS, AND APPROPRIATING FUNDS THEREFOR","REVILLA JR., RAMON BONG","November 8, 2021",NATIONAL,ELECTRONIC PRODUCTS ELECTRONIC EQUIPMENT,"TRADE, COMMERCE AND ENTREPRENEURSHIP",PENDING IN THE COMMITTEE
Senate Bill No. 2133,18th Congress (July 2019 - 2022),https://ldr.senate.gov.ph/bills/senate-bill-no-2133-18th-congress-republic,"AMENDING PRESIDENTIAL DECREE NO. 612, AS AMENDED (THE INSURANCE CODE)","AN ACT STRENGTHENING THE INSURANCE COMMISSION AND REORGANIZING IT INTO A COLLEGIAL BODY, AMENDING PRESIDENTIAL DECREE NO. 612, AS AMENDED, OTHERWISE KNOWN AS 'THE INSURANCE CODE'","GO, CHRISTOPHER LAWRENCE T.","April 15, 2021",NATIONAL,INSURANCE CODE,"BANKS, FINANCIAL INSTITUTIONS AND CURRENCIES",PENDING IN THE COMMITTEE
Senate Bill No. 2192,18th Congress (July 2019 - 2022),https://ldr.senate.gov.ph/bills/senate-bill-no-2192-18th-congress-republic,BAYBAY CITY NATIONAL HIGH SCHOOL FOR SPORTS ACT,"AN ACT ESTABLISHING THE BAYBAY CITY NATIONAL HIGH SCHOOL FOR SPORTS IN BAYBAY CITY, PROVINCE OF LEYTE, AND APPROPRIATING FUNDS THEREFOR","MARCOS, IMEE R.","May 17, 2021",LOCAL,"SCHOOLS, ESTABLISHMENT","BASIC EDUCATION, ARTS AND CULTURE",PENDING IN THE COMMITTEE
Senate Bill No. 2027,18th Congress (July 2019 - 2022),https://ldr.senate.gov.ph/bills/senate-bill-no-2027-18th-congress-republic,SOCIAL SECURITY SYSTEM INCREASE IN CONTRIBUTIONS,"AN ACT GRANTING THE PRESIDENT OF THE PHILIPPINES THE POWER TO DEFER THE INCREASES IN CONTRIBUTIONS OF THE SOCIAL SECURITY SYSTEM FOR A LIMITED PERIOD OF SIX MONTHS WHICH MAY BE EXTENDED TO ANOTHER SIX MONTHS IN TIMES OF A DECLARED NATIONAL EMERGENCY OR STATE OF CALAMITY, AMENDING SECTION 4(A)(9) OF REPUBLIC ACT NO. 11199, ALSO KNOWN AS THE SOCIAL SECURITY ACT OF 2018, AND FOR OTHER PURPOSES","VILLANUEVA, JOEL","January 27, 2021",NATIONAL,SOCIAL SECURITY SYSTEM (SSS) NATIONAL EMERGENCY,GOVERNMENT CORPORATIONS AND PUBLIC ENTERPRISES,CONSOLIDATED WITH APPROVED BILL
Senate Bill No. 2345,18th Congress (July 2019 - 2022),https://ldr.senate.gov.ph/bills/senate-bill-no-2345-18th-congress-republic,RAISING THE AGE OF SEXUAL CONSENT FROM TWELVE (12) YEARS OLD TO EIGHTEEN (18) YEARS OLD,"AN ACT RAISING THE AGE OF SEXUAL CONSENT FROM TWELVE (12) YEARS OLD TO EIGHTEEN (18) YEARS OLD, AMENDING FOR THE PURPOSE ARTICLE 266-A (1) (D) OF ACT NO. 3815, AS AMENDED, OTHERWISE KNOWN AS THE REVISED PENAL CODE","VILLANUEVA, JOEL","August 3, 2021",NATIONAL,SEXUAL CONSENT REVISED PENAL CODE (R.A. NO. 3815),JUSTICE AND HUMAN RIGHTS,PENDING IN THE COMMITTEE
Senate Bill No. 2409,18th Congress (July 2019 - 2022),https://ldr.senate.gov.ph/bills/senate-bill-no-2409-18th-congress-republic,THE PHILIPPINE NURSING ACT OF 2021,"AN ACT PROVIDING FOR A COMPREHENSIVE NURSING LAW TOWARDS THE PROMOTION OF A QUALITY HEALTH CARE SYSTEM, AND APPROPRIATING FUNDS THEREFOR, REPEALING FOR THE PURPOSE REPUBLIC ACT NO. 9173, OTHERWISE KNOWN AS THE 'PHILIPPINE NURSING ACT OF 2002","SOTTO III, VICENTE C.","September 21, 2021",NATIONAL,PHILIPPINE NURSING ACT HEALTH CARE DELIVERY SYSTEM,"CIVIL SERVICE, GOVERNMENT REORGANIZATION AND PROFESSIONAL REGULATION",PENDING IN THE COMMITTEE
Senate Bill No. 2106,18th Congress (July 2019 - 2022),https://ldr.senate.gov.ph/bills/senate-bill-no-2106-18th-congress-republic,BULACAN STATE AGRICULTURAL UNIVERSITY,AN ACT CONVERTING THE BULACAN AGRICULTURAL STATE COLLEGE IN THE PROVINCE OF BULACAN INTO A STATE UNIVERSITY TO BE KNOWN AS THE BULACAN STATE AGRICULTURAL UNIVERSITY AND APPROPRIATING FUNDS THEREFOR,"MARCOS, IMEE R.","March 17, 2021",LOCAL,"SCHOOLS, CONVERSION","HIGHER, TECHNICAL AND VOCATIONAL EDUCATION",CONSOLIDATED/SUBSTITUTED IN THE COMMITTEE REPORT
Senate Bill No. 2164,18th Congress (July 2019 - 2022),https://ldr.senate.gov.ph/bills/senate-bill-no-2164-18th-congress-republic,DIKET FALLS A TOURISM DESTINATION,"AN ACT DECLARING DIKET FALLS LOCATED IN THE MUNICIPALITY OF UMINGAN, PROVINCE OF PANGASINAN, A TOURISM DESTINATION, PROVIDING FOR ITS DEVELOPMENT, AND APPROPRIATING FUNDS THEREFOR","MARCOS, IMEE R.","May 11, 2021",LOCAL,TOURISM TOURIST SPOT,TOURISM,PENDING IN THE COMMITTEE
Senate Bill No. 2389,18th Congress (July 2019 - 2022),https://ldr.senate.gov.ph/bills/senate-bill-no-2389-18th-congress-republic,ABOLISHING THE PHILIPPINE INTERNATIONAL TRADING CORPORATION (PITC),"AN ACT ABOLISHING THE PHILIPPINE INTERNATIONAL TRADING CORPORATION (PITC), AND FOR OTHER PURPOSES","MARCOS, IMEE R.","September 6, 2021",NATIONAL,ABOLITION PHILIPPINE INTERNATIONAL TRADING CORPORATION (PITC),"TRADE, COMMERCE AND ENTREPRENEURSHIP",PENDING IN THE COMMITTEE
Senate Bill No. 2451,18th Congress (July 2019 - 2022),https://ldr.senate.gov.ph/bills/senate-bill-no-2451-18th-congress-republic,NATIONAL LINEWORKER APPRECIATION DAY ACT,AN ACT PROCLAIMING THE FIRST MONDAY OF AUGUST EVERY YEAR AS NATIONAL LINEWORKER APPRECIATION DAY,"HONTIVEROS, RISA","November 10, 2021",NATIONAL,NATIONAL LINEWORKER APPRECIATION DAY,ENERGY,PENDING IN THE COMMITTEE
Senate Bill No. 2183,18th Congress (July 2019 - 2022),https://ldr.senate.gov.ph/bills/senate-bill-no-2183-18th-congress-republic,PANDEMIC HEALTH EMERGENCIES PREPAREDNESS ACT,"AN ACT STRENGTHENING DOMESTIC HEALTHCARE MANUFACTURING INDUSTRIES, PROVIDING FOR A FILIPINO PRODUCTS FIRST POLICY DURING PANDEMIC AND OTHER PUBLIC HEALTH EMERGENCIES, AND FOR OTHER PURPOSES","REVILLA JR., RAMON BONG","May 12, 2021",NATIONAL,HEALTHCARE MANUFACTURING INDUSTRIES PANDEMIC EMERGENCY (PUBLIC HEALTH EMERGENCY),HEALTH AND DEMOGRAPHY,PENDING IN THE COMMITTEE
Senate Bill No. 2264,18th Congress (July 2019 - 2022),https://ldr.senate.gov.ph/bills/senate-bill-no-2264-18th-congress-republic,PHILIPPINE PASSPORT ACT OF 2021,"AN ACT TO STRENGTHEN THE INTEGRITY OF THE PHILIPPINE PASSPORT ISSUANCE PROCEDURE AND PENALIZE VIOLATIONS THEREOF, THEREBY REPEALING REPUBLIC ACT NO. 8239, OTHERWISE KNOWN AS THE 'PHILIPPINE PASSPORT ACT OF 1996', AS AMENDED BY REPUBLIC ACT NO. 10928","PIMENTEL, AQUILINO ""KOKO"" III","June 1, 2021",NATIONAL,PASSPORTS/PASSPORTS DATA,FOREIGN RELATIONS,PENDING IN THE COMMITTEE
Senate Bill No. 2328,18th Congress (July 2019 - 2022),https://ldr.senate.gov.ph/bills/senate-bill-no-2328-18th-congress-republic,SCIENCE FOR CHANGE PROGRAM (S4CP) ACT OF 2021,AN ACT ESTABLISHING THE SCIENCE FOR CHANGE PROGRAM (S4CP),"REVILLA JR., RAMON BONG","July 26, 2021",NATIONAL,SCIENCE AND TECHNOLOGY,SCIENCE AND TECHNOLOGY,PENDING IN THE COMMITTEE
Senate Bill No. 2023,18th Congress (July 2019 - 2022),https://ldr.senate.gov.ph/bills/senate-bill-no-2023-18th-congress-republic,QUARANTINE FACILITIES ACT,"AN ACT REQUIRING THE ESTABLISHMENT OF QUARANTINE FACILITIES IN EVERY REGION IN THE COUNTRY, PROVIDING FUNDS THEREFOR, AND FOR OTHER PURPOSES","CAYETANO, PIA S.","January 26, 2021",NATIONAL,QUARANTINE FACILITIES,HEALTH AND DEMOGRAPHY,"PENDING SECOND READING, ORDINARY BUSINESS"
Senate Bill No. 2084,18th Congress (July 2019 - 2022),https://ldr.senate.gov.ph/bills/senate-bill-no-2084-18th-congress-republic,FORENSIC ODONTOLOGY ACT OF 2021,"AN ACT REQUIRING DENTISTS, DENTAL HYGENISTS AND DENTAL TECHNOLOGISTS TO KEEP PATIENT DENTAL RECORDS, REPEALING FOR THE PURPOSE PRESIDENTIAL DECREE NO. 1575, OTHERWISE KNOWN AS THE LAW REQUIRING PRACTITIONERS OF DENTISTRY TO KEEP RECORDS OF THEIR PATIENTS, PROVIDING FUNDS THEREFOR AND FOR OTHER PURPOSES","SOTTO III, VICENTE C.","March 3, 2021",NATIONAL,DENTAL PRACTITIONER FORENSIC ODONTOLOGY,"CIVIL SERVICE, GOVERNMENT REORGANIZATION AND PROFESSIONAL REGULATION",PENDING IN THE COMMITTEE
Senate Bill No. 2340,18th Congress (July 2019 - 2022),https://ldr.senate.gov.ph/bills/senate-bill-no-2340-18th-congress-republic,SUSTAINABLE CITIES AND COMMUNITIES ACT,"AN ACT PROVIDING FOR THE DEVELOPMENT OF SUSTAINABLE CITIES AND COMMUNITIES IN THE COUNTRY, AND FOR OTHER PURPOSES","LAPID, MANUEL ""LITO"" M.","August 2, 2021",NATIONAL,SUSTAINABLE CITIES AND COMMUNITIES,"URBAN PLANNING, HOUSING AND RESETTLEMENT",PENDING IN THE COMMITTEE
Senate Bill No. 2407,18th Congress (July 2019 - 2022),https://ldr.senate.gov.ph/bills/senate-bill-no-2407-18th-congress-republic,AMENDING SEC. 27(B) OF THE NATIONAL INTERNAL REVENUE CODE,"AN ACT AMENDING SECTION 27(B) OF THE NATIONAL INTERNAL REVENUE CODE OF 1997, AS AMENDED, AND FOR OTHER PURPOSES","ANGARA, SONNY","September 20, 2021",NATIONAL,NATIONAL INTERNAL REVENUE CODE (NIRC) TAXES/TAXATION,WAYS AND MEANS,ENROLLED COPY SENT TO MALACANANG
Senate Bill No. 2093,18th Congress (July 2019 - 2022),https://ldr.senate.gov.ph/bills/senate-bill-no-2093-18th-congress-republic,ANTI-DISCRIMINATION AGAINST WOMEN,"AN ACT EXPANDING THE PROHIBITED ACTS OF DISCRIMINATION AGAINST WOMEN ON ACCOUNT OF SEX, AMENDING FOR THE PURPOSE ARTICLES 133 [135] AND 135 [137] OF PRESIDENTIAL DECREE NO. 442, AS AMENDED, OTHERWISE KNOWN AS THE LABOR CODE OF THE PHILIPPINES","VILLANUEVA, JOEL","March 9, 2021",NATIONAL,ANTI-DISCRIMINATION WOMEN LABOR CODE OF THE PHILIPPINES (P.D. NO. 442),"LABOR, EMPLOYMENT AND HUMAN RESOURCES DEVELOPMENT",PENDING IN THE COMMITTEE
Senate Bill No. 2158,18th Congress (July 2019 - 2022),https://ldr.senate.gov.ph/bills/senate-bill-no-2158-18th-congress-republic,CENTER FOR DISEASE CONTROL AND PREVENTION ACT OF 2021,"AN ACT CREATING THE CENTER FOR DISEASE CONTROL AND PREVENTION, PROVIDING MECHANISMS FOR EPIDEMIC CONTROL, AND FOR OTHER PURPOSES","GO, CHRISTOPHER LAWRENCE T.","May 4, 2021",NATIONAL,DISEASE CONTROL,HEALTH AND DEMOGRAPHY,PENDING IN THE COMMITTEE
Senate Bill No. 2229,18th Congress (July 2019 - 2022),https://ldr.senate.gov.ph/bills/senate-bill-no-2229-18th-congress-republic,SOHOTON CAVES AND NATURAL BRIDGE ECOTOURISM ACT,"AN ACT DECLARING SOHOTON CAVES AND NATURAL BRIDGE IN THE MUNICIPALITY OF BASEY, PROVINCE OF SAMAR AN ECOTOURISM SITE AND APPROPRIATING FUNDS THEREFOR","HONTIVEROS, RISA","May 25, 2021",LOCAL,ECOLOGICAL TOURISM ZONE/ECOTOURISM SITE,TOURISM,PENDING IN THE COMMITTEE
Senate Bill No. 2296,18th Congress (July 2019 - 2022),https://ldr.senate.gov.ph/bills/senate-bill-no-2296-18th-congress-republic,"BAGUIO CITY, LA TRINIDAD, ITOGON, SABLAN, TUBA, AND TUBLAY DEVELOPMENT AUTHORITY (BLISTTDA)","AN ACT CREATING THE BAGUIO CITY, LA TRINIDAD, ITOGON, SABLAN, TUBA, AND TUBLAY DEVELOPMENT AUTHORITY (BLISTTDA), DEFINING ITS POWERS AND FUNCTIONS, AND PROVIDING FUNDS THEREFOR","MARCOS, IMEE R.","June 17, 2021",NATIONAL,"BAGUIO CITY, LA TRINIDAD, ITOGON, SABLAN, TUBA AND TUBLAY DEVELOPMENT AUTHORITY (BLISTTDA)",LOCAL GOVERNMENT,PENDING IN THE COMMITTEE
Senate Bill No. 2243,18th Congress (July 2019 - 2022),https://ldr.senate.gov.ph/bills/senate-bill-no-2243-18th-congress-republic,SOCIAL PENSION OF INDIGENT SENIOR CITIZENS,"AN ACT INCREASING THE SOCIAL PENSION OF INDIGENT SENIOR CITIZENS AND APPROPRIATING FUNDS THEREFOR, AMENDING FOR THE PURPOSE REPUBLIC ACT NO. 7432 ENTITLED, 'AN ACT TO MAXIMIZE THE CONTRIBUTION OF SENIOR CITIZENS TO NATION BUILDING, GRANT BENEFITS AND SPECIAL PRIVILEGES AND FOR OTHER PURPOSES,' AS AMENDED","SOTTO III, VICENTE C.","May 27, 2021",NATIONAL,SENIOR CITIZEN/ELDERLY PENSION,"SOCIAL JUSTICE, WELFARE AND RURAL DEVELOPMENT",PENDING IN THE COMMITTEE
Senate Bill No. 2309,18th Congress (July 2019 - 2022),https://ldr.senate.gov.ph/bills/senate-bill-no-2309-18th-congress-republic,"BARANGAY TULALIAN, STO. TOMAS, DAVAO DEL NORTE","AN ACT CREATING A BARANGAY TO BE KNOWN AS BARANGAY TULALIAN IN THE MUNICIPALITY OF STO. TOMAS, PROVINCE OF DAVAO DEL NORTE","MARCOS, IMEE R.","July 5, 2021",LOCAL,"BARANGAY, CREATION",LOCAL GOVERNMENT,PENDING IN THE COMMITTEE
Senate Bill No. 2000,18th Congress (July 2019 - 2022),https://ldr.senate.gov.ph/bills/senate-bill-no-2000-18th-congress-republic,GRANTING THE PRESIDENT OF THE PHILIPPINES THE POWER TO SUSPEND INCREASES IN PHILHEALTH CONTRIBUTION,"AN ACT GRANTING THE PRESIDENT OF THE PHILIPPINES THE POWER TO SUSPEND THE SCHEDULED INCREASES IN PHILHEALTH PREMIUM CONTRIBUTION RATES, AMENDING FOR THE PURPOSE REPUBLIC ACT NO. 11223, OTHERWISE KNOWN AS THE UNIVERSAL HEALTH CARE ACT","GO, CHRISTOPHER LAWRENCE T.","January 20, 2021",NATIONAL,PHILIPPINE HEALTH INSURANCE CORPORATION (PHILHEALTH/PHIC) PRESIDENT OF THE PHILIPPINES UNIVERSAL HEALTH CARE,HEALTH AND DEMOGRAPHY,CONSOLIDATED/SUBSTITUTED IN THE COMMITTEE REPORT
Senate Bill No. 2063,18th Congress (July 2019 - 2022),https://ldr.senate.gov.ph/bills/senate-bill-no-2063-18th-congress-republic,STRENGTHENING THE INSURANCE COMMISSION,"AN ACT STRENGTHENING THE INSURANCE COMMISSION AND REORGANIZING IT INTO A COLLEGIAL BODY, AMENDING PRESIDENTIAL DECREE NO. 612, AS AMENDED, OTHERWISE KNOWN ASTHE INSURANCE CODE","LAPID, MANUEL ""LITO"" M.","February 22, 2021",NATIONAL,INSURANCE CODE BANGKO SENTRAL NG PILIPINAS (BSP),"BANKS, FINANCIAL INSTITUTIONS AND CURRENCIES",PENDING IN THE COMMITTEE
Senate Bill No. 2377,18th Congress (July 2019 - 2022),https://ldr.senate.gov.ph/bills/senate-bill-no-2377-18th-congress-republic,AMENDING R.A. NO. 7941 (PARTY-LIST SYSTEM ACT),"AN ACT AMENDING REPUBLIC ACT NO. 7941, ENTITLED 'AN ACT PROVIDING FOR THE ELECTION OF PARTY-LIST REPRESENTATIVES THROUGH THE PARTY-LIST SYSTEM, AND APPROPRIATING FUNDS HEREFOR,' OTHERWISE KNOWN AS THE 'PARTY-LIST SYSTEM ACT', AND FOR OTHER PURPOSES","DE LIMA, LEILA M.","September 1, 2021",NATIONAL,PARTY LIST SYSTEM (R.A.NO. 7941),ELECTORAL REFORMS AND PEOPLES PARTICIPATION,"PENDING SECOND READING, ORDINARY BUSINESS"
Senate Bill No. 2445,18th Congress (July 2019 - 2022),https://ldr.senate.gov.ph/bills/senate-bill-no-2445-18th-congress-republic,"AUTOMATIC SUSPENSION OF EXCISE TAXES ON REGULAR GASOLINE, UNLEADED PREMIUM GASOLINE, AND DIESEL","AN ACT PROVIDING FOR THE AUTOMATIC SUSPENSION OF EXCISE TAXES ON REGULAR GASOLINE, UNLEADED PREMIUM GASOLINE, AND DIESEL, AMENDING FOR THE PURPOSE SECTION 148 OF THE NATIONAL INTERNAL REVENUE CODE, AS AMENDED","POE, GRACE","November 8, 2021",NATIONAL,TAXES (EXCISE TAX) FUEL,WAYS AND MEANS,PENDING IN THE COMMITTEE
Senate Bill No. 2137,18th Congress (July 2019 - 2022),https://ldr.senate.gov.ph/bills/senate-bill-no-2137-18th-congress-republic,COUNTERFEIT PHARMACEUTICAL PRODUCTS PREVENTION ACT,"AN ACT STRENGTHENING THE REGULATORY SYSTEM IN THE COUNTRY TO COMBAT COUNTERFEIT PHARMACEUTICAL PRODUCTS, DECLARING THE MANUFACTURE, IMPORTATION, DISTRIBUTION, SALE OR OFFER FOR SALE, OR POSSESSION OF COUNTERFEIT PHARMACEUTICAL PRODUCTS AS AN OFFENSE INVOLVING ECONOMIC SABOTAGE, PROVIDING FOR THE PROHIBITIONS AND PENALTIES FOR VIOLATIONS AND REVISING FOR THE PURPOSE REPUBLIC ACT NO. 8203 OR THE 'SPECIAL LAW ON COUNTERFEIT DRUGS'","HONTIVEROS, RISA","April 19, 2021",NATIONAL,COUNTERFEIT MEDICINES,HEALTH AND DEMOGRAPHY,PENDING IN THE COMMITTEE
Senate Bill No. 2194,18th Congress (July 2019 - 2022),https://ldr.senate.gov.ph/bills/senate-bill-no-2194-18th-congress-republic,CEBU CITY MEDICAL CENTER,"AN ACT CONVERTING THE CEBU CITY MEDICAL CENTER IN THE CITY OF CEBU, INTO A NATIONAL HOSPITAL AND APPROPRIATING FUNDS THEREFOR","MARCOS, IMEE R.","May 17, 2021",LOCAL,"HOSPITALS, CONVERSION",HEALTH AND DEMOGRAPHY,PENDING IN THE COMMITTEE
Senate Bill No. 2453,18th Congress (July 2019 - 2022),https://ldr.senate.gov.ph/bills/senate-bill-no-2453-18th-congress-republic,ESTABLISHING THE NEGROS ISLAND ADMINISTRATIVE REGION TO BE KNOWN AS REGION XVIII,AN ACT ESTABLISHING THE NEGROS ISLAND ADMINISTRATIVE REGION TO BE KNOWN AS REGION XVIII,"ZUBIRI, JUAN MIGUEL ""MIGZ"" F.","November 17, 2021",NATIONAL,NEGROS ISLAND REGION,LOCAL GOVERNMENT,PENDING IN THE COMMITTEE
Senate Bill No. 2211,18th Congress (July 2019 - 2022),https://ldr.senate.gov.ph/bills/senate-bill-no-2211-18th-congress-republic,PHILIPPINE ONLINE LIBRARY ACT OF 2021,"AN ACT DIGITIZING ALL BOOKS NECESSARY FOR PUBLIC EDUCATION AND ESTABLISHING THE PHILIPPINE ONLINE LIBRARY, PROVIDING FUNDS THEREFOR, AND FOR OTHER PURPOSES","REVILLA JR., RAMON BONG","May 18, 2021",NATIONAL,PHILIPPINE ONLINE LIBRARY,"BASIC EDUCATION, ARTS AND CULTURE",PENDING IN THE COMMITTEE
Senate Bill No. 2275,18th Congress (July 2019 - 2022),https://ldr.senate.gov.ph/bills/senate-bill-no-2275-18th-congress-republic,DIVILACAN-MILAGROS ALBANO DISTRICT SATELLITE HOSPITAL,"AN ACT ESTABLISHING A ONE HUNDRED (100)-BED DISTRICT SATELLITE HOSPITAL OF THE MILAGROS ALBANO DISTRICT HOSPITAL IN BARANGAY DIMAPULA, DIVILACAN, PROVINCE OF ISABELA TO BE KNOWN AS THE DIVILACAN-MILAGROS ALBANO DISTRICT SATELLITE HOSPITAL AND FOR OTHER PURPOSES","BINAY, MARIA LOURDES NANCY S.","June 3, 2021",LOCAL,"HOSPITALS, ESTABLISHMENT",RULES,PENDING IN THE COMMITTEE
Senate Bill No. 1967,18th Congress (July 2019 - 2022),https://ldr.senate.gov.ph/bills/senate-bill-no-1967-18th-congress-republic,RENEWING THE FRANCHISE GRANTED TO ABS-CBN CORPORATION,"AN ACT RENEWING THE FRANCHISE GRANTED TO ABS-CBN CORPORATION UNDER REPUBLIC ACT NO. 7966, OTHERWISE KNOWN AS 'AN ACT GRANTING ABS-CBN BROADCASTING CORPORATION A FRANCHISE TO CONSTRUCT, INSTALL, OPERATE AND MAINTAIN TELEVISION AND RADIO BROADCASTING STATIONS IN THE PHILIPPINES, AND FOR OTHER PURPOSES FOR TWENTY-FIVE (25) YEARS FROM THE EFFECTIVITY OF THIS ACT'","SOTTO III, VICENTE C.","January 4, 2021",NATIONAL,ABS-CBN CORPORATION FRANCHISE SALES/FRANCHISE BUSINESS,RULES,PENDING IN THE COMMITTEE
Senate Bill No. 2031,18th Congress (July 2019 - 2022),https://ldr.senate.gov.ph/bills/senate-bill-no-2031-18th-congress-republic,EASTERN VISAYAS DEVELOPMENT AUTHORITY (EVDA) ACT,"AN ACT CREATING THE EASTERN VISAYAS DEVELOPMENT AUTHORITY (EVDA) DEFINING ITS POWERS AND FUNCTIONS, AND PROVIDING FUNDS THEREFOR","REVILLA JR., RAMON BONG","February 1, 2021",NATIONAL,EASTERN VISAYAS DEVELOPMENT AUTHORITY (EVDA),GOVERNMENT CORPORATIONS AND PUBLIC ENTERPRISES,PENDING IN THE COMMITTEE
Senate Bill No. 2349,18th Congress (July 2019 - 2022),https://ldr.senate.gov.ph/bills/senate-bill-no-2349-18th-congress-republic,WORKPLACE AND WORKERS WELLNESS ACT,AN ACT PROMOTING WORKERS' HEALTH AND WELLNESS BY PROVIDING INCENTIVES TO EMPLOYERS FOR THE IMPLEMENTATION OF WORKFORCE WELLNESS AND WORKPLACE IMPROVEMENT PROGRAMS,"MARCOS, IMEE R.","August 23, 2021",NATIONAL,WORKERS HEALTH AND WELLNESS,HEALTH AND DEMOGRAPHY,PENDING IN THE COMMITTEE
Senate Bill No. 2414,18th Congress (July 2019 - 2022),https://ldr.senate.gov.ph/bills/senate-bill-no-2414-18th-congress-republic,PUBLIC UTILITY VEHICLE MODERNIZATION PROGRAM (PUVMP) ACT OF 2021,AN ACT INSTITUTIONALIZING THE PUBLIC UTILITY VEHICLE MODERNIZATION PROGRAM (PUVMP) AND FOR OTHER PURPOSES,"ZUBIRI, JUAN MIGUEL ""MIGZ"" F.","September 22, 2021",NATIONAL,PUBLIC UTILITY VEHICLE MODERNIZATION PROGRAM (PUVMP) PUBLIC UTILITY VEHICLES,PUBLIC SERVICES,PENDING IN THE COMMITTEE
Senate Bill No. 2110,18th Congress (July 2019 - 2022),https://ldr.senate.gov.ph/bills/senate-bill-no-2110-18th-congress-republic,DEPARTMENT OF OVERSEAS FILIPINOS ACT,"AN ACT CREATING THE DEPARTMENT OF OVERSEAS FILIPINOS, DEFINING ITS MANDATES, POWERS AND FUNCTIONS, RATIONALIZING THE ORGANIZATION AND FUNCTIONS OF GOVERNMENT AGENCIES RELATED TO OVERSEAS EMPLOYMENT AND MIGRATION, APPROPRIATING FUNDS THEREFOR, AND FOR OTHER PURPOSES","DELA ROSA, RONALD ""BATO""","March 24, 2021",NATIONAL,DEPARTMENT OF OVERSEAS FILIPINO WORKERS (DOFW) OVERSEAS FILIPINO WORKERS (OFWS)/ MIGRANT WORKERS,"LABOR, EMPLOYMENT AND HUMAN RESOURCES DEVELOPMENT",CONSOLIDATED/SUBSTITUTED IN THE COMMITTEE REPORT
Senate Bill No. 2167,18th Congress (July 2019 - 2022),https://ldr.senate.gov.ph/bills/senate-bill-no-2167-18th-congress-republic,"PHILIPPINE SCIENCE HIGH SCHOOL (PSHS) CAMPUS IN REINA MERCEDES, ISABELA","AN ACT ESTABLISHING A PHILIPPINE SCIENCE HIGH SCHOOL (PSHS) CAMPUS IN THE MUNICIPALITY OF REINA MERCEDES PROVINCE OF ISABELA, AND APPROPRIATING FUNDS THEREFOR","MARCOS, IMEE R.","May 11, 2021",LOCAL,"SCHOOLS, ESTABLISHMENT",RULES,PENDING IN THE COMMITTEE
Senate Bill No. 2207,18th Congress (July 2019 - 2022),https://ldr.senate.gov.ph/bills/senate-bill-no-2207-18th-congress-republic,GOVERNMENT MOBILE APPLICATIONS ACT,"AN ACT ESTABLISHING A TRANSCENDENT UNIFIED GOVERNMENT MOBILE APPLICATION FOR GOVERNMENT SERVICES, SETTING A FRAMEWORK AND COMMON STANDARDS FOR GOVERNMENT MOBILE APPLICATIONS AND APPROPRIATING FUNDS THEREFOR","LAPID, MANUEL ""LITO"" M.","May 18, 2021",NATIONAL,GOVERNMENT MOBILE APPLICATION,SCIENCE AND TECHNOLOGY,PENDING IN THE COMMITTEE
Senate Bill No. 2255,18th Congress (July 2019 - 2022),https://ldr.senate.gov.ph/bills/senate-bill-no-2255-18th-congress-republic,"PEKKANG, BECQUES, ARISUDUSOD, PIKKANG, TURTURAYOK, PIMMADER, PIMMILOV, ALVIN, BURAYOK FALLS","AN ACT DECLARING PEKKANG FALLS IN THE MUNICIPALITY OF SINAIT; BECQUES FALLS AND ARISUDUSOD FALLS IN THE MUNICIPALITY OF CABUGAO; PIKKANG FALLS AND TURTURAYOK FALLS IN THE MUNICIPALITY OF SAN JUAN; PIMMADER FALLS, PIMMILOV FALLS, AND ALVIN FALLS IN THE MUNICIPALITY OF STO. DOMINGO; AND BURAYOK FALLS, NAGBALDI FALLS, MASUNGAD FALLS, AND PUNDO FALLS IN THE MUNICIPALITY OF BANTAY, ALL LOCATED IN THE PROVINCE OF ILOCOS SUR, AS ECOTOURISM SITES, AND APPROPRIATING FUNDS THEREFOR","MARCOS, IMEE R.","June 1, 2021",LOCAL,ECOLOGICAL TOURISM ZONE/ECOTOURISM SITE,TOURISM,PENDING IN THE COMMITTEE
Senate Bill No. 2320,18th Congress (July 2019 - 2022),https://ldr.senate.gov.ph/bills/senate-bill-no-2320-18th-congress-republic,GRANTING THE PRESIDENT THE POWER TO SUSPEND THE IMPOSITION OF VALUE-ADDED TAX ON PETROLEUM PRODUCTS,"AN ACT GRANTING THE PRESIDENT OF THE PHILIPPINES THE POWER TO LOWER THE RATE OR SUSPEND THE IMPOSITION OF VALUE-ADDED TAX ON PETROLEUM PRODUCTS FOR A LIMITED PERIOD OF ONE (1) YEAR IN TIMES OF NATIONAL EMERGENCY OR STATE OF CALAMITY, AMENDING FOR THE PURPOSE SECTIONS 106 AND 107 OF THE NATIONAL INTERNAL REVENUE CODE, AS AMENDED","MARCOS, IMEE R.","July 21, 2021",NATIONAL,PRESIDENT OF THE PHILIPPINES TAXES (VALUE-ADDED TAX / VAT) Petroleum products NATIONAL EMERGENCY,WAYS AND MEANS,PENDING IN THE COMMITTEE
Senate Bill No. 2394,18th Congress (July 2019 - 2022),https://ldr.senate.gov.ph/bills/senate-bill-no-2394-18th-congress-republic,MARAWI COMPENSATION ACT,"AN ACT PROVIDING COMPENSATION FOR THE LOSS OF LIVES AND FOR THE DESTRUCTION OF RESIDENTIAL AND COMMERCIAL PROPERTIES AS A RESULT OF THE 2017 ARMED CONFLICT BETWEEN THE ARMED FORCES OF THE PHILIPPINES AND TERRORIST GROUPS IN MARAWI CITY, LANAO DEL SUR, AND APPROPRIATING FUNDS THEREFOR","HONTIVEROS, RISA","September 13, 2021",NATIONAL,MARAWI CITY/MARAWI SIEGE,FINANCE,CONSOLIDATED/SUBSTITUTED IN THE COMMITTEE REPORT
Senate Bill No. 2152,18th Congress (July 2019 - 2022),https://ldr.senate.gov.ph/bills/senate-bill-no-2152-18th-congress-republic,TEACHER EDUCATION EXCELLENCE ACT,"AN ACT ENHANCING THE QUALITY OF BASIC EDUCATION IN THE PHILIPPINES BY IMPROVING THE QUALITY OF TEACHERS AND SCHOOL LEADERS, STRENGTHENING THE TEACHER EDUCATION COUNCIL UNDER REPUBLIC ACT NO. 7784 ENTITLED AN ACT TO STRENGTHEN TEACHER EDUCATION IN THE PHILIPPINES BY ESTABLISHING CENTERS OF EXCELLENCE, CREATING A TEACHER EDUCATION COUNCIL FOR THE PURPOSE, APPROPRIATING FUNDS THEREFOR, AND FOR OTHER PURPOSES, INSTITUTIONALIZING THE NATIONAL EDUCATORS ACADEMY OF THE PHILIPPINES, APPROPRIATING FUNDS THEREFOR, AND FOR OTHER PURPOSES","GATCHALIAN, WIN","May 3, 2021",NATIONAL,TEACHER EDUCATION COUNCIL BASIC EDUCATION/BASIC EDUCATION INSTITUTIONS TEACHERS,"BASIC EDUCATION, ARTS AND CULTURE",PENDING CONFERENCE COMMITTEE
Senate Bill No. 2466,18th Congress (July 2019 - 2022),https://ldr.senate.gov.ph/bills/senate-bill-no-2466-18th-congress-republic,ARTISTS INCENTIVES ACT OF 2021,"AN ACT GRANTING CASH INCENTIVES TO WINNING FILMMAKERS, FILM PRODUCTION ENTITIES, LITERARY WRITERS, ARTISTS, AND PERFORMERS IN THE CREATIVE SECTOR, APPROPRIATING FUNDS THEREFOR AND FOR OTHER PURPOSES","ANGARA, SONNY","December 15, 2021",NATIONAL,FILM/MOVIE INDUSTRY,PUBLIC INFORMATION AND MASS MEDIA,PENDING IN THE COMMITTEE
Senate Bill No. 2221,18th Congress (July 2019 - 2022),https://ldr.senate.gov.ph/bills/senate-bill-no-2221-18th-congress-republic,PHILIPPINE CITIZENSHIP TO ELIZABETH EDER ZOBEL DE AYALA,AN ACT GRANTING PHILIPPINE CITIZENSHIP TO ELIZABETH EDER ZOBEL DE AYALA,Franklin M. Drilon,"May 24, 2021",NATIONAL,CITIZENSHIP,JUSTICE AND HUMAN RIGHTS,CONSOLIDATED/SUBSTITUTED IN THE COMMITTEE REPORT
Senate Bill No. 2287,18th Congress (July 2019 - 2022),https://ldr.senate.gov.ph/bills/senate-bill-no-2287-18th-congress-republic,FINANCIAL PRODUCTS AND SERVICES CONSUMER PROTECTION ACT,AN ACT AFFORDING MORE PROTECTION TO CONSUMERS OF FINANCIAL PRODUCTS AND SERVICES,"GATCHALIAN, WIN","June 3, 2021",NATIONAL,FINANCIAL CONSUMER PROTECTION,"BANKS, FINANCIAL INSTITUTIONS AND CURRENCIES",PENDING IN THE COMMITTEE
Senate Bill No. 2231,18th Congress (July 2019 - 2022),https://ldr.senate.gov.ph/bills/senate-bill-no-2231-18th-congress-republic,YOUNG AGRIPRENEURS ACT OF 2021,AN ACT STRENGTHENING THE FILIPINO YOUTH INVOLVEMENT IN AGRICULTURE AND ENTREPRENEURSHIP,"HONTIVEROS, RISA","May 25, 2021",NATIONAL,YOUTH ENTREPRENEURIAL AGRICULTURAL EDUCATION,YOUTH,PENDING IN THE COMMITTEE
Senate Bill No. 2298,18th Congress (July 2019 - 2022),https://ldr.senate.gov.ph/bills/senate-bill-no-2298-18th-congress-republic,SALVACION OPPUS-YNIGUEZ MEMORIAL MEDICAL CENTER,"AN ACT CONVERTING THE SALVACION OPPUS-YNIGUEZ MEMORIAL PROVINCIAL HOSPITAL IN THE CITY OF MAASIN, SOUTHERN LEYTE INTO A TERTIARY LEVEL III HOSPITAL TO BE KNOWN AS THE SALVACION OPPUS-YNIGUEZ MEMORIAL MEDICAL CENTER, INCREASING ITS BED CAPACITY TO THREE HUNDRED (300), UPGRADING ITS SERVICE FACILITIES AND PROFESSIONAL HEALTH CARE, AUTHORIZING THE INCREASE OF ITS MEDICAL PERSONNEL, PLACING THE CENTER UNDER THE SUPERVISION, CONTROL AND MANAGEMENT OF THE DEPARTMENT OF HEALTH AND APPROPRIATING FUNDS THEREFOR","MARCOS, IMEE R.","June 23, 2021",LOCAL,"HOSPITALS, CONVERSION HOSPITALS, INCREASE BED CAPACITY HOSPITALS, UPGRADING",RULES,PENDING IN THE COMMITTEE
Senate Bill No. 2374,18th Congress (July 2019 - 2022),https://ldr.senate.gov.ph/bills/senate-bill-no-2374-18th-congress-republic,EXTENDING THE CORPORATE LIFE OF THE POWER SECTOR ASSETS AND LIABILITIES MANAGEMENT CORPORATION,"AN ACT EXTENDING THE CORPORATE LIFE OF AND STRENGTHENING THE POWER SECTOR ASSETS AND LIABILITIES MANAGEMENT CORPORATION, AMENDING FOR THE PURPOSE REPUBLIC ACT NO. 9136, AND FOR OTHER PURPOSES","SOTTO III, VICENTE C.","August 31, 2021",NATIONAL,POWER SECTOR ASSETS AND LIABILITIES MANAGEMENT CORPORATION (PSALM CORP.),GOVERNMENT CORPORATIONS AND PUBLIC ENTERPRISES,PENDING IN THE COMMITTEE
Senate Bill No. 2436,18th Congress (July 2019 - 2022),https://ldr.senate.gov.ph/bills/senate-bill-no-2436-18th-congress-republic,"SENATE CONCURRENCE IN THE ABROGATION, TERMINATION, REPEAL OF TREATIES AND INTERNATIONAL AGREEMENT","AN ACT PROVIDING FOR SENATE CONCURRENCE IN THE ABROGATION, TERMINATION, OR REPEAL OF TREATIES AND INTERNATIONAL AGREEMENTS","DE LIMA, LEILA M.","October 13, 2021",NATIONAL,TREATIES (WITHDRAWAL),FOREIGN RELATIONS,PENDING IN THE COMMITTEE
Senate Bill No. 2128,18th Congress (July 2019 - 2022),https://ldr.senate.gov.ph/bills/senate-bill-no-2128-18th-congress-republic,RIGHT TO ADEQUATE FOOD ACT,AN ACT PROVIDING A FRAMEWORK TO PROTECT AND PROMOTE THE RIGHT TO ADEQUATE FOOD,"REVILLA JR., RAMON BONG","April 12, 2021",NATIONAL,ADEQUATE FOOD FRAMEWORK HUNGER FOOD SECURITY,JUSTICE AND HUMAN RIGHTS,PENDING IN THE COMMITTEE
Senate Bill No. 2185,18th Congress (July 2019 - 2022),https://ldr.senate.gov.ph/bills/senate-bill-no-2185-18th-congress-republic,REGISTRY OF PROFESSIONALS AND SKILLED WORKERS ACT,AN ACT MANDATING ALL BARANGAYS TO CREATE A REGISTRY OF PROFESSIONALS AND SKILLED WORKERS AND FOR OTHER PURPOSES,"REVILLA JR., RAMON BONG","May 12, 2021",NATIONAL,SKILLED WORKERS REGISTRY OF PROFESSIONAL/SKILLED WORKERS,"LABOR, EMPLOYMENT AND HUMAN RESOURCES DEVELOPMENT",CONSOLIDATED/SUBSTITUTED IN THE COMMITTEE REPORT
Senate Bill No. 2266,18th Congress (July 2019 - 2022),https://ldr.senate.gov.ph/bills/senate-bill-no-2266-18th-congress-republic,MANDATORY USE OF THE NAMES 'WEST PHILIPPINE SEA' OR 'KANLURANG DAGAT NG PILIPINAS',"AN ACT INSTITUTIONALIZING THE MANDATORY USE OF THE NAMES 'WEST PHILIPPINE SEA' OR 'KANLURANG DAGAT NG PILIPINAS' TO REFER TO THE MARINE AREAS ON THE WESTERN SIDE OF THE PHILIPPINES, AND FOR OTHER PURPOSES","TOLENTINO, FRANCIS ""TOL"" N.","June 2, 2021",NATIONAL,WEST PHILIPPINE SEA,FOREIGN RELATIONS,PENDING IN THE COMMITTEE
Senate Bill No. 2330,18th Congress (July 2019 - 2022),https://ldr.senate.gov.ph/bills/senate-bill-no-2330-18th-congress-republic,ANTI-ELDER ABUSE ACT,"AN ACT PROTECTING SENIOR CITIZENS FROM VIOLENCE, DEFINING ELDER ABUSE, AND PRESCRIBING PENALTIES THEREFOR","REVILLA JR., RAMON BONG","July 26, 2021",NATIONAL,SENIOR CITIZEN/ELDERLY,"SOCIAL JUSTICE, WELFARE AND RURAL DEVELOPMENT",PENDING IN THE COMMITTEE
Senate Bill No. 2332,18th Congress (July 2019 - 2022),https://ldr.senate.gov.ph/bills/senate-bill-no-2332-18th-congress-republic,STATUTORY RAPE (INCREASING THE AGE),"AN ACT INCREASING THE AGE FOR DETERMINING STATUTORY RAPE AND OTHER ACTS OF SEXUAL ABUSE AND EXPLOITATION TO PROTECT CHILDREN, AMENDING FOR THIS PURPOSE ACT NO. 3815, AS AMENDED, ALSO KNOWN AS THE REVISED PENAL CODE, REPUBLIC ACT NO. 8353, ALSO KNOWN AS THE ANTI-RAPE LAW OF 1997, AND REPUBLIC ACT NO. 7610, ALSO KNOWN AS THE SPECIAL PROTECTION OF CHILDREN AGAINST ABUSE, EXPLOITATION AND DISCRIMINATION ACT","HONTIVEROS, RISA","July 26, 2021",NATIONAL,"STATUTORY RAPE CHILD ABUSE, EXPLOITATION AND DISCRIMINATION ACT (R.A. NO. 7610) REVISED PENAL CODE (R.A. NO. 3815) ANTI-RAPE",JUSTICE AND HUMAN RIGHTS,PASSED BY BOTH HOUSES
Senate Bill No. 2402,18th Congress (July 2019 - 2022),https://ldr.senate.gov.ph/bills/senate-bill-no-2402-18th-congress-republic,VINTAGE VEHICLE REGULATION ACT,"AN ACT REGULATING THE USE AND OTHER ACTIVITIES RELATED TO VINTAGE AUTOMOBILES AND OTHER HISTORICAL, CLASSIC, OR COLLECTOR MOTOR VEHICLES, AND PROVIDING FOR THEIR EXEMPTION FROM THE STANDARDS AND RESTRICTIONS SET BY LAWS ENACTED AND REGULATIONS ADOPTED AFTER THE DATE OF THEIR MANUFACTURE","ZUBIRI, JUAN MIGUEL ""MIGZ"" F.","September 16, 2021",NATIONAL,VINTAGE AUTOMOBILES,PUBLIC SERVICES,PENDING IN THE COMMITTEE
Senate Bill No. 2095,18th Congress (July 2019 - 2022),https://ldr.senate.gov.ph/bills/senate-bill-no-2095-18th-congress-republic,LABBEN-MAPURAO-FLORA NATIONAL ROAD (APAYAO),"AN ACT CONVERTING THE JUNCTION LABBEN-MAPURAO-FLORA, APAYAO ROAD INTO A NATIONAL ROAD AND APPROPRIATING FUNDS THEREFOR","MARCOS, IMEE R.","March 10, 2021",LOCAL,"ROADS, CONVERSION",RULES,PENDING IN THE COMMITTEE
Senate Bill No. 2160,18th Congress (July 2019 - 2022),https://ldr.senate.gov.ph/bills/senate-bill-no-2160-18th-congress-republic,"PROPER INSTALLATION AND MAINTENANCE OF OVERHEAD ELECTRIC DISTRIBUTION, COMMUNICATION LINES ACT","AN ACT MANDATING THE PROPER INSTALLATION AND MAINTENANCE OF OVERHEAD ELECTRIC DISTRIBUTION, COMMUNICATION LINES, AND RELATED STRUCTURES","MARCOS, IMEE R.","May 11, 2021",NATIONAL,ELECTRIC/COMMUNICATION LINES,PUBLIC SERVICES,PENDING IN THE COMMITTEE
Senate Bill No. 2112,18th Congress (July 2019 - 2022),https://ldr.senate.gov.ph/bills/senate-bill-no-2112-18th-congress-republic,FOUNDLING RECOGNITION AND PROTECTION ACT,"AN ACT PROMOTING THE RIGHTS OF AND PROVIDING GREATER PROTECTIONS TO DESERTED OR ABANDONED CHILDREN WITH UNKNOWN PARENTS, AMENDING FOR THIS PURPOSE ARTICLES 276 AND 277 OF THE REVISED PENAL CODE AND SPECIAL LAWS, RECOGNIZING THEIR STATUS AS NATURAL-BORN CITIZENS OF THE PHILIPPINES, PROVIDING PENALTIES AGAINST ACTS INIMICAL TO THEIR WELFARE, AND FOR OTHER PURPOSES","HONTIVEROS, RISA","March 24, 2021",NATIONAL,Abandonment CHILDREN AND YOUTH REVISED PENAL CODE (R.A. NO. 3815),"WOMEN, CHILDREN, FAMILY RELATIONS AND GENDER EQUALITY",CONSOLIDATED/SUBSTITUTED IN THE COMMITTEE REPORT
Senate Bill No. 2209,18th Congress (July 2019 - 2022),https://ldr.senate.gov.ph/bills/senate-bill-no-2209-18th-congress-republic,SPECIAL PROTECTIONS AGAINST ONLINE SEXUAL ABUSE AND EXPLOITATION OF CHILDREN (OSAEC) LAW,"AN ACT STRENGTHENING PROTECTIONS AGAINST ONLINE SEXUAL ABUSE AND EXPLOITATION OF CHILDREN, AMENDING FOR THIS PURPOSE REPUBLIC ACT NO. 9775 OR THE ANTI-CHILD PORNOGRAPHY ACT OF 2009; AMENDING FOR THIS PURPOSE REPUBLIC ACT NO. 9995, OR THE ANTI-PHOTO AND VIDEO VOYEURISM ACT OF 2009, PROVIDING PENALTIES FOR ITS VIOLATIONS, AND FOR OTHER PURPOSES","MARCOS, IMEE R.","May 18, 2021",NATIONAL,CHILD PORNOGRAPHY (R.A.NO. 9775) VOYEURISM CHILD PROTECTION AGAINST ABUSE/EXPLOITATION/DISCRIMINATION,"WOMEN, CHILDREN, FAMILY RELATIONS AND GENDER EQUALITY",PENDING IN THE HOUSE OF REPRESENTATIVES
Senate Bill No. 2245,18th Congress (July 2019 - 2022),https://ldr.senate.gov.ph/bills/senate-bill-no-2245-18th-congress-republic,ADDITIONAL BENEFITS AND PRIVILEGES TO PERSONS WITH DISABILITY,"AN ACT GRANTING ADDITIONAL BENEFITS AND PRIVILEGES TO PERSONS WITH DISABILITY, FURTHER AMENDING FOR THE PURPOSE SECTION 32(A)(7) OF REPUBLIC ACT NO. 7277, AS AMENDED BY RA 10754, OTHERWISE KNOWN AS 'AN ACT PROVIDING FOR THE REHABILITATION, SELF-DEVELOPMENT AND SELF-RELIANCE OF DISABLED PERSON AND THEIR INTEGRATION INTO THE MAINSTREAM OF SOCIETY AND FOR OTHER PURPOSES","SOTTO III, VICENTE C.","May 31, 2021",NATIONAL,PERSONS WITH DISABILITIES (PWDS) TOLL FEES DISCOUNT PRIVILEGES,"SOCIAL JUSTICE, WELFARE AND RURAL DEVELOPMENT",PENDING IN THE COMMITTEE
Senate Bill No. 2311,18th Congress (July 2019 - 2022),https://ldr.senate.gov.ph/bills/senate-bill-no-2311-18th-congress-republic,PANDEMIC PROTECTION ACT OF 2021,"AN ACT PROVIDING FOR THE PROTECTION AGAINST PANDEMIC AND THE DEVELOPMENT OF THE HEALTHCARE AND MANUFACTURING INDUSTRIES, AND PROVIDING FUNDS THEREFOR","ANGARA, SONNY","July 5, 2021",NATIONAL,PANDEMIC,HEALTH AND DEMOGRAPHY,PENDING IN THE COMMITTEE
Senate Bill No. 2384,18th Congress (July 2019 - 2022),https://ldr.senate.gov.ph/bills/senate-bill-no-2384-18th-congress-republic,ISAAC TOLENTINO MEMORIAL MEDICAL CENTER,"AN ACT ESTABLISHING IN THE CITY OF TAGAYTAY, PROVINCE OF CAVITE, A GENERAL HOSPITAL TO BE KNOWN AS THE ISAAC TOLENTINO MEMORIAL MEDICAL CENTER, AND APPROPRIATING FUNDS THEREFOR","MARCOS, IMEE R.","September 6, 2021",LOCAL,"HOSPITALS, ESTABLISHMENT",HEALTH AND DEMOGRAPHY,PENDING IN THE COMMITTEE
Senate Bill No. 2447,18th Congress (July 2019 - 2022),https://ldr.senate.gov.ph/bills/senate-bill-no-2447-18th-congress-republic,PINANDAGATAN FALLS ECOTOURISM SITE,"AN ACT DECLARING THE PINANDAGATAN FALLS LOCATED IN BARANGAY NEW TUBIGON, MUNICIPALITY OF SIBAGAT, PROVINCE OF AGUSAN DEL SUR, AN ECOTOURISM SITE, AND APPROPRIATING FUNDS THEREFOR","MARCOS, IMEE R.","November 9, 2021",LOCAL,ECOTOURISM SITES,TOURISM,PENDING IN THE COMMITTEE
Senate Bill No. 2139,18th Congress (July 2019 - 2022),https://ldr.senate.gov.ph/bills/senate-bill-no-2139-18th-congress-republic,PHILIPPINE VETERANS BANK ACT,"AN ACT PROVIDING FOR THE REVISED CHARTER OF THE PHILIPPINE VETERANS BANK, REPEALING FOR THE PURPOSE REPUBLIC ACT NO. 3518, AS AMENDED","ZUBIRI, JUAN MIGUEL ""MIGZ"" F.","April 19, 2021",NATIONAL,PHILIPPINE VETERANS BANK,"BANKS, FINANCIAL INSTITUTIONS AND CURRENCIES",CONSOLIDATED/SUBSTITUTED IN THE COMMITTEE REPORT
Senate Bill No. 2201,18th Congress (July 2019 - 2022),https://ldr.senate.gov.ph/bills/senate-bill-no-2201-18th-congress-republic,VISAYAS KIDNEY INSTITUTE CHARTER,AN ACT ESTABLISHING A SPECIALTY HOSPITAL IN CEBU CITY TO SPECIALIZE IN KIDNEY AND ALLIED DISEASES TO BE KNOWN AS THE VISAYAS KIDNEY INSTITUTE AND APPROPRIATING FUNDS THEREFOR,"MARCOS, IMEE R.","May 17, 2021",LOCAL,"HOSPITALS, ESTABLISHMENT",RULES,PENDING IN THE COMMITTEE
Senate Bill No. 2457,18th Congress (July 2019 - 2022),https://ldr.senate.gov.ph/bills/senate-bill-no-2457-18th-congress-republic,THE ILOILO CITY HOSPITAL,"AN ACT ESTABLISHING IN THE CITY OF ILOILO, PROVINCE OF ILOILO, A CITY HOSPITAL TO BE KNOWN AS THE ILOILO CITY HOSPITAL, AND APPROPRIATING FUNDS THEREFOR","ZUBIRI, JUAN MIGUEL ""MIGZ"" F.","December 1, 2021",LOCAL,"HOSPITALS, ESTABLISHMENT",RULES,PENDING IN THE COMMITTEE
Senate Bill No. 2213,18th Congress (July 2019 - 2022),https://ldr.senate.gov.ph/bills/senate-bill-no-2213-18th-congress-republic,"NATIONAL DAY AGAINST HOMOPHOBIA, BIPHOBIA, TRANSPHOBIA AND PHOBIAS FOR SOGIESC","AN ACT DECLARING MAY 17 OF EVERY YEAR AS THE NATIONAL DAY AGAINST HOMOPHOBIA, BIPHOBIA, TRANSPHOBIA AND PHOBIAS FOR PERSONS OF DIVERSE SEXUAL ORIENTATION, GENDER IDENTITY OR EXPRESSION, OR SEX CHARACTERISTICS (SOGIESC)","POE, GRACE","May 19, 2021",NATIONAL,SEXUAL ORIENTATION (LESBIANS/GAYS/SOGIE),"WOMEN, CHILDREN, FAMILY RELATIONS AND GENDER EQUALITY",PENDING IN THE COMMITTEE
Senate Bill No. 2277,18th Congress (July 2019 - 2022),https://ldr.senate.gov.ph/bills/senate-bill-no-2277-18th-congress-republic,SICOGON ISLAND WILDLIFE SANCTUARY ACT,"AN ACT DECLARING TWO PARCELS OF LAND SITUATED WITHIN SICOGON ISLAND, MUNICIPALITY OF CARLES, IN THE PROVINCE OF ILOILO, A PROTECTED AREA WITH THE CATEGORY OF WILDLIFE SANCTUARY UNDER THE NATIONAL INTEGRATED PROTECTED AREAS SYSTEM (NIPAS), TO BE REFERRED TO AS THE SICOGON ISLAND WILDLIFE SANCTUARY, PROVIDING FOR ITS MANAGEMENT, AND APPROPRIATING FUNDS THEREFOR","VILLAR, CYNTHIA A.","June 3, 2021",LOCAL,"PROTECTED AREA/PROTECTED LANDSCAPE NATIONAL INTEGRATED PROTECTED AREAS SYSTEM (NIPAS), R.A.NO. 7586","ENVIRONMENT, NATURAL RESOURCES AND CLIMATE CHANGE",CONSOLIDATED/SUBSTITUTED IN THE COMMITTEE REPORT
Senate Bill No. 2351,18th Congress (July 2019 - 2022),https://ldr.senate.gov.ph/bills/senate-bill-no-2351-18th-congress-republic,HEALTHCARE FRONTLINERS PROTECTION ACT,"AN ACT INSTITUTIONALIZING THE GRANT OF BENEFITS AND COMPENSATION TO PUBLIC AND PRIVATE HEALTH WORKERS IN THE EVENT OF A PUBLIC HEALTH EMERGENCY, AS DECLARED BY THE PRESIDENT OF THE PHILIPPINES, AND PROVIDING FUNDS THEREFOR","PANGILINAN, FRANCIS ""KIKO"" N.","August 23, 2021",NATIONAL,HEALTHCARE WORKERS MEDICAL FRONTLINERS,HEALTH AND DEMOGRAPHY,CONSOLIDATED/SUBSTITUTED IN THE COMMITTEE REPORT
Senate Bill No. 2415,18th Congress (July 2019 - 2022),https://ldr.senate.gov.ph/bills/senate-bill-no-2415-18th-congress-republic,TREATIES AND INTERNATIONAL AGREEMENTS,AN ACT TO PROTECT THE INTERESTS OF THE FILIPINO PEOPLE BY MANDATING THAT SENATE CONCURRENCE BE REQUIRED PRIOR TO WITHDRAWAL FROM TREATIES AND INTERNATIONAL AGREEMENTS,"DE LIMA, LEILA M.","September 27, 2021",NATIONAL,SENATE OF THE PHILIPPINES TREATIES (WITHDRAWAL) TREATY FOR RATIFICATION,CONSTITUTIONAL AMENDMENTS AND REVISION OF CODES,WITHDRAWN
Senate Bill No. 1981,18th Congress (July 2019 - 2022),https://ldr.senate.gov.ph/bills/senate-bill-no-1981-18th-congress-republic,TELECOMMUNICATIONS COVERAGE DATA DISCLOSURE ACT,AN ACT MANDATING PUBLIC TELECOMMUNICATIONS ENTITIES TO DISCLOSE SERVICE COVERAGE DATA TO THE PUBLIC,"VILLANUEVA, JOEL","January 12, 2021",NATIONAL,TELECOMMUNICATIONS DATA DISCLOSURE,PUBLIC SERVICES,PENDING IN THE COMMITTEE
Senate Bill No. 2044,18th Congress (July 2019 - 2022),https://ldr.senate.gov.ph/bills/senate-bill-no-2044-18th-congress-republic,EGG BASKET ACT,"AN ACT DECLARING THE MUNICIPALITY OF SAN JOSE IN THE PROVINCE OF BATANGAS, AS THE 'EGG BASKET OF THE PHILIPPINES","VILLAR, CYNTHIA A.","February 9, 2021",NATIONAL,EGG BASKET ACT,"AGRICULTURE, FOOD AND AGRARIAN REFORM","PENDING SECOND READING, ORDINARY BUSINESS"
Senate Bill No. 2362,18th Congress (July 2019 - 2022),https://ldr.senate.gov.ph/bills/senate-bill-no-2362-18th-congress-republic,MT. BUSA-MAKIMA (MBMKMPL) PROTECTED LANDSCAPE ACT OF 2021,"AN ACT ESTABLISHING MT. BUSA-MAKIMA, LOCATED IN THE MUNICIPALITIES OF MAASIM, KIAMBA AND MAITUM, PROVINCE OF SARANGANI AS A PROTECTED AREA UNDER THE CATEGORY OF PROTECTED LANDSCAPE PURSUANT TO REPUBLIC ACT NO. 7586, AS AMENDED BY REPUBLIC ACT NO. 11038, OTHERWISE KNOWN AS THE EXPANDED NATIONAL INTEGRATED PROTECTED AREAS SYSTEM ACT OF 2018, PROVIDING FOR ITS MANAGEMENT, FUNDS AND FOR OTHER PURPOSES","REVILLA JR., RAMON BONG","August 23, 2021",NATIONAL,"PROTECTED AREA/PROTECTED LANDSCAPE NATIONAL INTEGRATED PROTECTED AREAS SYSTEM (NIPAS), R.A.NO. 7586","ENVIRONMENT, NATURAL RESOURCES AND CLIMATE CHANGE",PENDING IN THE COMMITTEE
Senate Bill No. 2426,18th Congress (July 2019 - 2022),https://ldr.senate.gov.ph/bills/senate-bill-no-2426-18th-congress-republic,PHILIPPINE CITIZENSHIP TO LIANG XI WU,AN ACT GRANTING PHILIPPINE CITIZENSHIP TO LIANG XI WU,"ZUBIRI, JUAN MIGUEL ""MIGZ"" F.","October 5, 2021",NATIONAL,CITIZENSHIP,JUSTICE AND HUMAN RIGHTS,PENDING IN THE COMMITTEE
Senate Bill No. 2118,18th Congress (July 2019 - 2022),https://ldr.senate.gov.ph/bills/senate-bill-no-2118-18th-congress-republic,DR. PAULINO J. GARCIA MEMORIAL RESEARCH AND MEDICAL CENTER IN THE CITY OF CABANATUAN,"AN ACT INCREASING THE BED CAPACITY OF DR. PAULINO J. GARCIA MEMORIAL RESEARCH AND MEDICAL CENTER IN THE CITY OF CABANATUAN, PROVINCE OF NUEVA ECIJA FROM FOUR HUNDRED (400) TO ONE THOUSAND (1,000) BEDS, AUTHORIZING THE INCREASE OF ITS PERSONNEL, UPGRADING ITS HOSPITAL FACILITIES AND PROFESSIONAL HEALTHCARE SERVICES AND APPROPRIATING FUNDS THEREFOR","MARCOS, IMEE R.","March 24, 2021",LOCAL,"HOSPITALS, INCREASE BED CAPACITY HOSPITALS, UPGRADING",HEALTH AND DEMOGRAPHY,PENDING IN THE COMMITTEE
Senate Bill No. 2178,18th Congress (July 2019 - 2022),https://ldr.senate.gov.ph/bills/senate-bill-no-2178-18th-congress-republic,COMMUNITY INTELLECTUAL RIGHTS (CIR) OF INDIGENOUS CULTURAL COMMUNITIES / INDIGENOUS PEOPLES ACT,AN ACT PROMOTING AND SAFEGUARDING COMMUNITY INTELLECTUAL RIGHTS (CIR) OF INDIGENOUS CULTURAL COMMUNITIES AND INDIGENOUS PEOPLES,"REVILLA JR., RAMON BONG","May 12, 2021",NATIONAL,INDIGENOUS CULTURAL COMMUNITIES INDIGENOUS PEOPLE,CULTURAL COMMUNITIES,PENDING IN THE COMMITTEE
Senate Bill No. 1997,18th Congress (July 2019 - 2022),https://ldr.senate.gov.ph/bills/senate-bill-no-1997-18th-congress-republic,FORENSIC SCIENCE INSTITUTE ACT,"AN ACT ESTABLISHING THE FORENSIC SCIENCE INSTITUTE IN THE UNIVERSITY OF THE PHILIPPINES SYSTEM, DEFINING ITS FUNCTIONS AND APPROPRIATING FUNDS THEREFOR","REVILLA JR., RAMON BONG","January 19, 2021",NATIONAL,University of the Philippines (U.P.) FORENSIC SCIENCE,"HIGHER, TECHNICAL AND VOCATIONAL EDUCATION",PENDING IN THE COMMITTEE
Senate Bill No. 2061,18th Congress (July 2019 - 2022),https://ldr.senate.gov.ph/bills/senate-bill-no-2061-18th-congress-republic,CRIMINALIZING DEPRIVATION OF SUPPORT TO PARENTS ACT,AN ACT DEFINING THE CRIME OF DEPRIVATION OF SUPPORT TO PARENTS AND FOR OTHER PURPOSES,"LAPID, MANUEL ""LITO"" M.","February 22, 2021",NATIONAL,SENIOR CITIZEN/ELDERLY PARENTS WELFARE/PARENTS SUPPORT,"WOMEN, CHILDREN, FAMILY RELATIONS AND GENDER EQUALITY",PENDING IN THE COMMITTEE
Senate Bill No. 1965,18th Congress (July 2019 - 2022),https://ldr.senate.gov.ph/bills/senate-bill-no-1965-18th-congress-republic,SUSPENSION OF SOCIAL SECURITY SYTEM CONTRIBUTION INCREASE,"AN ACT MANDATING THE SUSPENSION OF THE SCHEDULED INCREASE IN SOCIAL SECURITY CONTRIBUTION RATE, AMENDING FOR THE PURPOSE SECTION 4 OF REPUBLIC ACT NO. 11199, OTHERWISE KNOWN AS THE 'SOCIAL SECURITY ACT OF 2018,' AND FOR OTHER PURPOSES","VILLANUEVA, JOEL","January 4, 2021",NATIONAL,SOCIAL SECURITY SYSTEM (SSS),GOVERNMENT CORPORATIONS AND PUBLIC ENTERPRISES,CONSOLIDATED/SUBSTITUTED IN THE COMMITTEE REPORT
Senate Bill No. 2029,18th Congress (July 2019 - 2022),https://ldr.senate.gov.ph/bills/senate-bill-no-2029-18th-congress-republic,AGARANG LUNAS LABAN SA KRISIS PANGKALUSUGAN ACT,"AN ACT EXEMPTING MEDICATIONS AND VACCINES FROM CERTAIN PROVISIONS OF REPUBLIC ACT NO. 11223, OTHERWISE KNOWN AS THE UNIVERSAL HEALTHCARE ACT, DURING PUBLIC HEALTH EMERGENCIES","SOTTO III, VICENTE C.","February 1, 2021",NATIONAL,VACCINES/VACCINATION PROGRAM UNIVERSAL HEALTH CARE,HEALTH AND DEMOGRAPHY,PENDING IN THE COMMITTEE
Senate Bill No. 2347,18th Congress (July 2019 - 2022),https://ldr.senate.gov.ph/bills/senate-bill-no-2347-18th-congress-republic,PENSION AND DISABILITY BENEFITS OF RETIREES OF THE DFA,AN ACT ADJUSTING THE MONTHLY PENSION AND DISABILITY BENEFITS OF RETIREES OF THE DEPARTMENT OF FOREIGN AFFAIRS,"LACSON, PANFILO M.","August 23, 2021",NATIONAL,RETIREMENT BENEFITS PENSION Department of Foreign Affairs (DFA),GOVERNMENT CORPORATIONS AND PUBLIC ENTERPRISES,PENDING IN THE COMMITTEE
Senate Bill No. 2411,18th Congress (July 2019 - 2022),https://ldr.senate.gov.ph/bills/senate-bill-no-2411-18th-congress-republic,"AMENDING SECTIONS 48,77,176,181,194 AND 238 OF P.D.NO. 612 (THE INSURANCE CODE)","AN ACT AMENDING SECTIONS 48,77,176,181,194 AND 238 OF PRESIDENTIAL DECREE NO. 612, OTHERWISE KNOWN AS ""THE INSURANCE CODE"", AS AMENDED","LAPID, MANUEL ""LITO"" M.","September 21, 2021",NATIONAL,INSURANCE CODE,"BANKS, FINANCIAL INSTITUTIONS AND CURRENCIES",PENDING IN THE COMMITTEE
Senate Bill No. 1977,18th Congress (July 2019 - 2022),https://ldr.senate.gov.ph/bills/senate-bill-no-1977-18th-congress-republic,GRANTING THE PRESIDENT OF THE PHILIPPINES THE POWER TO SUSPEND INCREASES IN PHILHEALTH CONTRIBUTION,"AN ACT GRANTING THE PRESIDENT OF THE PHILIPPINES THE POWER TO SUSPEND THE SCHEDULED INCREASES IN PHILHEALTH PREMIUM CONTRIBUTION RATES, AMENDING FOR THE PURPOSE REPUBLIC ACT NO. 11223, OTHERWISE KNOWN AS THE UNIVERSAL HEALTH CARE ACT","DE LIMA, LEILA M.","January 11, 2021",NATIONAL,PHILIPPINE HEALTH INSURANCE CORPORATION (PHILHEALTH/PHIC) PRESIDENT OF THE PHILIPPINES UNIVERSAL HEALTH CARE,HEALTH AND DEMOGRAPHY,CONSOLIDATED/SUBSTITUTED IN THE COMMITTEE REPORT
Senate Bill No. 2040,18th Congress (July 2019 - 2022),https://ldr.senate.gov.ph/bills/senate-bill-no-2040-18th-congress-republic,CHARTER OF THE CITY OF TALAVERA,"AN ACT CONVERTING THE MUNICIPALITY OF TALAVERA, PROVINCE OF NUEVA ECIJA INTO A COMPONENT CITY TO BE KNOWN AS THE CITY OF TALAVERA","MARCOS, IMEE R.","February 8, 2021",LOCAL,"MUNICIPALITY, CONVERSION (CITYHOOD) CITYHOOD",RULES,PENDING IN THE COMMITTEE
Senate Bill No. 2358,18th Congress (July 2019 - 2022),https://ldr.senate.gov.ph/bills/senate-bill-no-2358-18th-congress-republic,MANDATORY ENVIRONMENTAL INSURANCE COVERAGE ACT,AN ACT ESTABLISHING A NATIONAL FRAMEWORK FOR THE MANDATORY ENVIRONMENTAL INSURANCE COVERAGE OF ENVIRONMENTALLY CRITICAL PROJECTS,"GO, CHRISTOPHER LAWRENCE T.","August 23, 2021",NATIONAL,MANDATORY ENVIRONMENTAL INSURANCE COVERAGE (MEIC),"ENVIRONMENT, NATURAL RESOURCES AND CLIMATE CHANGE",PENDING IN THE COMMITTEE
Senate Bill No. 2421,18th Congress (July 2019 - 2022),https://ldr.senate.gov.ph/bills/senate-bill-no-2421-18th-congress-republic,COVID-19 BENEFITS AND ALLOWANCES FOR HEALTH WORKERS ACT OF 2021,"AN ACT GRANTING COVID-19 BENEFITS AND ALLOWANCES TO PUBLIC AND PRIVATE HEALTH WORKERS DURING THE STATE OF PUBLIC HEALTH EMERGENCY, PROVIDING FUNDS THEREFOR AND FOR OTHER PURPOSES","GORDON, RICHARD J.","September 29, 2021",NATIONAL,COVID-19 FRONTLINERS HEALTHCARE WORKERS,FINANCE,"PENDING SECOND READING, SPECIAL ORDER"
Senate Bill No. 2008,18th Congress (July 2019 - 2022),https://ldr.senate.gov.ph/bills/senate-bill-no-2008-18th-congress-republic,SOUTHERN LUZON STATE UNIVERSITY - COLLEGE OF MEDICINE,"AN ACT ESTABLISHING A MEDICAL SCHOOL IN THE SOUTHERN LUZON STATE UNIVERSITY (SLSU) MAIN CAMPUS IN THE MUNICIPALITY OF LUCBAN, PROVINCE OF QUEZON TO BE KNOWN AS THE SOUTHERN LUZON STATE UNIVERSITY - COLLEGE OF MEDICINE AND APPROPRIATING FUNDS THEREFOR","MARCOS, IMEE R.","January 21, 2021",LOCAL,STATE COLLEGES AND UNIVERSITIES (SCUS),"HIGHER, TECHNICAL AND VOCATIONAL EDUCATION",PENDING IN THE COMMITTEE
Senate Bill No. 2071,18th Congress (July 2019 - 2022),https://ldr.senate.gov.ph/bills/senate-bill-no-2071-18th-congress-republic,TINOC-KAYAPA-AMBAGUIO NATIONAL ROAD (NUEVA VIZCAYA),"AN ACT CONVERTING THE ROAD WHICH STARTS AT THE BOUNDARY OF THE MUNICIPALITY OF TINOC IN THE PROVINCE OF IFUGAO, TRAVERSES THE MUNICIPALITIES OF KAYAPA AND AMBAGUIO IN THE PROVINCE OF NUEVA VIZCAYA, AND ENDS AT THE MUNICIPALITY OF BAYOMBONG IN THE PROVINCE OF NUEVA VIZCAYA INTO A NATIONAL ROAD AND APPROPRIATING FUNDS THEREFOR","MARCOS, IMEE R.","February 24, 2021",LOCAL,"ROADS, CONVERSION",RULES,PENDING IN THE COMMITTEE
Senate Bill No. 2391,18th Congress (July 2019 - 2022),https://ldr.senate.gov.ph/bills/senate-bill-no-2391-18th-congress-republic,PALAWAN STATE UNIVERSITY (PSU),"AN ACT INTEGRATING THE PALAWAN STATE UNIVERSITY-COLLEGE OF COMMUNITY RESOURCES DEVELOPMENT (PSU-CCRD) EXTERNAL CAMPUSES IN THE PROVINCE OF PALAWAN AND IN THE CITY OF PUERTO PRINCESA AS REGULAR CAMPUSES OF PALAWAN STATE UNIVERSITY (PSU), AMENDING FOR THE PURPOSE REPUBLIC ACT NO. 7818, AND APPROPRIATING FUNDS THEREFOR","MARCOS, IMEE R.","September 7, 2021",NATIONAL,"SCHOOLS, CONVERSION","HIGHER, TECHNICAL AND VOCATIONAL EDUCATION",CONSOLIDATED/SUBSTITUTED IN THE COMMITTEE REPORT
Senate Bill No. 2228,18th Congress (July 2019 - 2022),https://ldr.senate.gov.ph/bills/senate-bill-no-2228-18th-congress-republic,LULUGAYAN FALLS AND ECOVILLAGE ECOTOURISM ACT,"AN ACT DECLARING LULUGAYAN FALLS AND ECOVILLAGE IN THE MUNICIPALITY OF CALBIGA, PROVINCE OF SAMAR AN ECOTOURISM SITE AND APPROPRIATING FUNDS THEREFOR","HONTIVEROS, RISA","May 25, 2021",LOCAL,ECOLOGICAL TOURISM ZONE/ECOTOURISM SITE,TOURISM,PENDING IN THE COMMITTEE
Senate Bill No. 2295,18th Congress (July 2019 - 2022),https://ldr.senate.gov.ph/bills/senate-bill-no-2295-18th-congress-republic,CAGAYAN DE ORO POLYTECHNIC INSTITUTE (COPI) ACT,"AN ACT CONVERTING THE CAGAYAN DE ORO (BUGO) SCHOOL OF ARTS AND TRADES (COBSAT) IN THE CITY OF CAGAYAN DE ORO, PROVINCE OF MISAMIS ORIENTAL, INTO A TECHNICAL EDUCATION AND SKILLS DEVELOPMENT AUTHORITY (TESDA) - SUPERVISED AND ADMINISTERED SCHOOL TO BE KNOWN AS THE CAGAYAN DE ORO POLYTECHNIC INSTITUTE (COPI), AND APPROPRIATING FUNDS THERFOR","MARCOS, IMEE R.","June 17, 2021",LOCAL,"SCHOOLS, CONVERSION TECHNICAL EDUCATION AND SKILLS DEVELOPMENT AUTHORITY (TESDA)","HIGHER, TECHNICAL AND VOCATIONAL EDUCATION",PENDING IN THE COMMITTEE
Senate Bill No. 1988,18th Congress (July 2019 - 2022),https://ldr.senate.gov.ph/bills/senate-bill-no-1988-18th-congress-republic,"COVID-19 VACCINE EXEMPTION FROM IMPORT DUTIES, TAXES, AND OTHER FEES","AN ACT EXEMPTING THE LOCAL GOVERNMENT UNITS AND THE PRIVATE SECTOR WHO ARE ACQUIRING AND PURCHASING COVID-19 VACCINES FROM IMPORT DUTIES, TAXES, AND OTHER FEES INCLUDING THE EXEMPTION FROM REPUBLIC ACT NO. 9184 OTHERWISE KNOWN AS THE 'GOVERNMENT PROCUREMENT REFORM ACT'","MARCOS, IMEE R.","January 18, 2021",NATIONAL,COVID-19 VACCINES/VACCINATION PROGRAM TAXES/TAXATION Government procurement,FINANCE,CONSOLIDATED/SUBSTITUTED IN THE COMMITTEE REPORT
Senate Bill No. 2051,18th Congress (July 2019 - 2022),https://ldr.senate.gov.ph/bills/senate-bill-no-2051-18th-congress-republic,EXTENDING THE PERIOD OF AVAILMENT OF THE ESTATE TAX AMNESTY,"AN ACT EXTENDING THE PERIOD OF AVAILMENT OF THE ESTATE TAX AMNESTY, AMENDING FOR THE PURPOSE REPUBLIC ACT 11213, OTHERWISE KNOWN AS THE 'TAX AMNESTY ACT'","REVILLA JR., RAMON BONG","February 15, 2021",NATIONAL,ESTATE TAX TAXES (ESTATE TAX),WAYS AND MEANS,CONSOLIDATED/SUBSTITUTED IN THE COMMITTEE REPORT
Senate Bill No. 2372,18th Congress (July 2019 - 2022),https://ldr.senate.gov.ph/bills/senate-bill-no-2372-18th-congress-republic,GENDER RESPONSIVE AND INCLUSIVE PANDEMIC AND DISASTER MANAGEMENT ACT OF 2021,"AN ACT TO ENSURE GENDER RSPONSIVE AND INCLUSIVE PROTOCOLS AND PROGRAMMING TO ADDRESS THE GENDER-DIFFERENTIATED NEEDS OF WOMEN DURING PANDEMICS, PUBLIC HEALTH CONCERNS, EMERGENCIES AND DISASTERS","HONTIVEROS, RISA","August 31, 2021",NATIONAL,HEALTH CARE DELIVERY SYSTEM COVID-19 WOMEN,"WOMEN, CHILDREN, FAMILY RELATIONS AND GENDER EQUALITY","PENDING SECOND READING, SPECIAL ORDER"
Senate Bill No. 2433,18th Congress (July 2019 - 2022),https://ldr.senate.gov.ph/bills/senate-bill-no-2433-18th-congress-republic,AMENDING SECTION 53 OF R.A. NO. 9184 (GOVERNMENT PROCUREMENT REFORM ACT),"AN ACT AMENDING SECTION 53 OF REPUBLIC ACT NO. 9184, OTHERWISE KNOWN AS THE 'GOVERNMENT PROCUREMENT REFORM ACT'","TOLENTINO, FRANCIS ""TOL"" N.","October 11, 2021",NATIONAL,Government procurement,FINANCE,PENDING IN THE COMMITTEE
Senate Bill No. 2263,18th Congress (July 2019 - 2022),https://ldr.senate.gov.ph/bills/senate-bill-no-2263-18th-congress-republic,THE MOTORCYCLE RIGHTS AND SAFETY ACT OF 2021,MOTORCYCLE RIGHTS AND SAFETY ACT OF 2021,"PACQUIAO, EMMANUEL ""MANNY"" D.","June 1, 2021",NATIONAL,MOTORCYCLE,PUBLIC SERVICES,PENDING IN THE COMMITTEE
Senate Bill No. 2327,18th Congress (July 2019 - 2022),https://ldr.senate.gov.ph/bills/senate-bill-no-2327-18th-congress-republic,MODERNIZED NATIONAL MEASUREMENT SYSTEM ACT,"AN ACT MODERNIZING THE NATIONAL MEASUREMENT SYSTEM (NMS) OF THE PHILIPPINES, APPROPRIATING FUNDS THEREFOR AND FOR OTHER PURPOSES","REVILLA JR., RAMON BONG","July 26, 2021",NATIONAL,NATIONAL MEASUREMENT SYSTEM,SCIENCE AND TECHNOLOGY,PENDING IN THE COMMITTEE
Senate Bill No. 2019,18th Congress (July 2019 - 2022),https://ldr.senate.gov.ph/bills/senate-bill-no-2019-18th-congress-republic,AMENDING SEC.13 ART. XVI OF R.A. 11054 (ORGANIC LAW FOR THE BARMM),"AN ACT AMENDING SECTION 13 ARTICLE XVI OF REPUBLIC ACT 11054, ENTITLED 'AN ACT PROVIDING FOR THE ORGANIC LAW FOR THE BANGSAMORO AUTONOMOUS REGION IN MUSLIM MINDANAO, REPEALING FOR THE PURPOSE REPUBLIC ACT NO. 6734, ENTITLED 'AN ACT PROVIDING FOR THE ORGANIC LAW OF THE AUTONOMOUS REGION IN MUSLIM MINDANAO' AS AMENDED BY REPUBLIC ACT 9054, ENTITLED 'AN ACT TO STRENGTHEN AND EXPAND THE ORGANIC ACT FOR THE AUTONOMOUS REGION IN MUSLIM MINDANAO' AND SETTING FOR THE PURPOSE THE FIRST REGULAR ELECTION OF THE BANGSAMORO GOVERNMENT","PIMENTEL, AQUILINO ""KOKO"" III","January 25, 2021",NATIONAL,BANGSAMORO,LOCAL GOVERNMENT,CONSOLIDATED/SUBSTITUTED IN THE COMMITTEE REPORT
Senate Bill No. 2083,18th Congress (July 2019 - 2022),https://ldr.senate.gov.ph/bills/senate-bill-no-2083-18th-congress-republic,PHILIPPINE ORTHOPEDIC CENTER REHABILITATION AND MODERNIZATION ACT OF 2021,"AN ACT MODERNIZING THE PHILIPPINE ORTHOPEDIC CENTER, UPGRADING ITS SERVICE FACILITIES AND APPROPRIATING FUNDS THEREFOR","PIMENTEL, AQUILINO ""KOKO"" III","March 2, 2021",NATIONAL,"HOSPITALS, UPGRADING",HEALTH AND DEMOGRAPHY,PENDING IN THE COMMITTEE
Senate Bill No. 2339,18th Congress (July 2019 - 2022),https://ldr.senate.gov.ph/bills/senate-bill-no-2339-18th-congress-republic,DOMESTIC VEHICLE PROCUREMENT ACT OF 2021,AN ACT PRIORITIZING DOMESTICALLY MANUFACTURED VEHICLES IN PUBLIC PROCUREMENT,"HONTIVEROS, RISA","August 2, 2021",NATIONAL,DOMESTIC MANUFACTURED VEHICLES PUBLIC PROCUREMENT,FINANCE,PENDING IN THE COMMITTEE
Senate Bill No. 2400,18th Congress (July 2019 - 2022),https://ldr.senate.gov.ph/bills/senate-bill-no-2400-18th-congress-republic,"STRENGTHENING THE MAGNA CARTA FOR MICRO, SMALL AND MEDIUM ENTERPRISES","AN ACT FURTHER PROMOTING ENTREPRENEURSHIP BY STRENGTHENING, EMPOWERING, AND ENHANCING THE FINANCING AND OTHER SUPPORT PROGRAMS FOR MICRO, SMALL AND MEDIUM ENTERPRISES, AS AMENDED, OTHERWISE KNOWN AS THE 'MAGNA CARTA FOR MICRO, SMALL AND MEDIUM ENTERPRISES (MSMES)'","DE LIMA, LEILA M.","September 15, 2021",NATIONAL,"MICRO, SMALL AND MEDIUM ENTERPRISES (MSMES) ENTREPRENEURSHIP MAGNA CARTA FOR MICRO, SMALL AND MEDIUM-SCALE ENTERPRISES (R.A.NO. 6977)","TRADE, COMMERCE AND ENTREPRENEURSHIP",PENDING IN THE COMMITTEE
Senate Bill No. 2392,18th Congress (July 2019 - 2022),https://ldr.senate.gov.ph/bills/senate-bill-no-2392-18th-congress-republic,COOPERATIVE BANKING ACT OF 2021,"AN ACT PROVIDING FOR THE REGISTRATION, REGULATION, AND OPERATION OF COOPERATIVE BANKS","ZUBIRI, JUAN MIGUEL ""MIGZ"" F.","September 8, 2021",NATIONAL,COOPERATIVE BANKS,"BANKS, FINANCIAL INSTITUTIONS AND CURRENCIES",PENDING IN THE COMMITTEE
Senate Bill No. 2373,18th Congress (July 2019 - 2022),https://ldr.senate.gov.ph/bills/senate-bill-no-2373-18th-congress-republic,SURVIVORSHIP BENEFITS OF A DECEASED RETIRED MEMBER OF THE NATIONAL PROSECUTION SERVICE,"AN ACT GRANTING SURVIVORSHIP BENEFITS TO THE SURVIVING LEGITIMATE SPOUSE AND DEPENDENT CHILDREN OF A DECEASED RETIRED MEMBER OF THE NATIONAL PROSECUTION SERVICE, APPROPRIATING FUNDS THEREFOR AND FOR OTHER PURPOSES","ANGARA, SONNY","August 31, 2021",NATIONAL,NATIONAL PROSECUTION SERVICE SURVIVORSHIP BENEFITS,JUSTICE AND HUMAN RIGHTS,PASSED BY BOTH HOUSES
Senate Bill No. 2434,18th Congress (July 2019 - 2022),https://ldr.senate.gov.ph/bills/senate-bill-no-2434-18th-congress-republic,"AMENDING SECS. 17 AND 27, CH. V, TITLE I AND I (A), BOOK V OF E.O. NO. 292 (ADMINSTRATIVE CODE 1987)","AN ACT AMENDING SECTION 17, CHAPTER V, TITLE I, BOOK III AND SECTION 27, CHAPTER V, TITLE I, (A), BOOK V OF EXECUTIVE ORDER NO. 292 OR THE ADMINISTRATIVE CODE OF 1987","TOLENTINO, FRANCIS ""TOL"" N.","October 11, 2021",NATIONAL,ADMINISTRATIVE CODE OF 1987 (E.O.NO. 292),"CIVIL SERVICE, GOVERNMENT REORGANIZATION AND PROFESSIONAL REGULATION",PENDING IN THE COMMITTEE
Senate Bill No. 2242,18th Congress (July 2019 - 2022),https://ldr.senate.gov.ph/bills/senate-bill-no-2242-18th-congress-republic,INCLUSIVE BUSINESS ACT,AN ACT TO PROMOTE WOMEN'S ECONOMIC EMPOWERMENT THROUGH INCLUSIVE BUSINESS TO SUPPORT AND ACCELERATE INCLUSIVE DEVELOPMENT AT THE NATIONAL AND LOCAL LEVELS THROUGH PRIVATE SECTOR INVOLVEMENT,"HONTIVEROS, RISA","May 26, 2021",NATIONAL,INCLUSIVE BUSINESS WOMEN,"TRADE, COMMERCE AND ENTREPRENEURSHIP",PENDING IN THE COMMITTEE
Senate Bill No. 2308,18th Congress (July 2019 - 2022),https://ldr.senate.gov.ph/bills/senate-bill-no-2308-18th-congress-republic,AGUSAN DEL SUR POLYTECHNIC INSTITUTE FOR TECHNICAL EDUCATION (ADSPITE) ACT,"AN ACT CONVERTING THE AGUSAN DEL SUR SCHOOL OF ARTS AND TRADES (ASSAT) IN THE MUNICIPALITY OF PROSPERIDAD, PROVINCE OF AGUSAN DEL SUR, INTO A TECHNICAL EDUCATION AND SKILLS DEVELOPMENT AUTHORITY (TESDA)- SUPERVISED AND ADMINISTERED SCHOOL TO BE KNOWN AS THE AGUSAN DEL SUR POLYTECHNIC INSTITUTE FOR TECHNICAL EDUCATION (ADSPITE), AND APPROPRIATING FUNDS THEREFOR","MARCOS, IMEE R.","July 5, 2021",LOCAL,"SCHOOLS, CONVERSION TECHNICAL EDUCATION AND SKILLS DEVELOPMENT AUTHORITY (TESDA)","HIGHER, TECHNICAL AND VOCATIONAL EDUCATION",PENDING IN THE COMMITTEE
Senate Bill No. 1999,18th Congress (July 2019 - 2022),https://ldr.senate.gov.ph/bills/senate-bill-no-1999-18th-congress-republic,VACCINE PASSPORT PROGRAM ACT,"AN ACT CREATING A VACCINE PASSPORT PROGRAM, AND PROVIDING FUNDS THEREFOR","CAYETANO, PIA S.","January 20, 2021",NATIONAL,VACCINE PASSPORT PROGRAM,FINANCE,CONSOLIDATED/SUBSTITUTED IN THE COMMITTEE REPORT
Senate Bill No. 2062,18th Congress (July 2019 - 2022),https://ldr.senate.gov.ph/bills/senate-bill-no-2062-18th-congress-republic,BANNING VEHICLES WITH RIGHT-HAND STEERING WHEEL IN PRIVATE OR PUBLIC ROADS,"AN ACT AMENDING REPUBLIC ACT NO. 8506 ENTITLED 'AN ACT BANNING THE REGISTRATION AND OPERATION OF VEHICLES WITH RIGHT-HAND STEERING WHEEL IN ANY PRIVATE OR PUBLIC STREET, ROAD OR HIGHWAY, PROVIDING PENALTIES THEREFOR AND FOR OTHER PURPOSES","LAPID, MANUEL ""LITO"" M.","February 22, 2021",NATIONAL,Motor Vehicles RIGHT-HAND STEERING WHEEL,PUBLIC SERVICES,PENDING IN THE COMMITTEE
Senate Bill No. 2210,18th Congress (July 2019 - 2022),https://ldr.senate.gov.ph/bills/senate-bill-no-2210-18th-congress-republic,REMOVING THE EXEMPTION FROM CRIMINAL LIABILITY IN CRIMES AGAINST PROPERTY,"AN ACT REMOVING THE EXEMPTION FROM CRIMINAL LIABILITY IN CRIMES AGAINST PROPERTY UNDER SECTION 332 OF THE REVISED PENAL CODE, AMENDING FOR THE PURPOSE REPUBLIC ACT NO. 3815, OTHERWISE KNOWN AS THE REVISED PENAL CODE","SOTTO III, VICENTE C.","May 18, 2021",NATIONAL,REVISED PENAL CODE (R.A. NO. 3815),JUSTICE AND HUMAN RIGHTS,PENDING IN THE COMMITTEE
Senate Bill No. 2274,18th Congress (July 2019 - 2022),https://ldr.senate.gov.ph/bills/senate-bill-no-2274-18th-congress-republic,"MILAGROS ALBANO DISTRICT HOSPITAL IN CABAGAN, ISABELA","AN ACT CONVERTING THE MILAGROS ALBANO DISTRICT HOSPITAL IN CABAGAN, PROVINCE OF ISABELA INTO A GENERAL AND SPECIALTY HOSPITAL (TRAUMA AND REHABILITATION), UPGRADING ITS SERVICE FACILITIES AND PROFESSIONAL HEALTH CARE, AUTHORIZING THE INCREASE OF ITS MEDICAL PERSONNEL AND APPROPRIATING FUNDS THEREFOR","BINAY, MARIA LOURDES NANCY S.","June 3, 2021",LOCAL,"HOSPITALS, CONVERSION",RULES,PENDING IN THE COMMITTEE
Senate Bill No. 1966,18th Congress (July 2019 - 2022),https://ldr.senate.gov.ph/bills/senate-bill-no-1966-18th-congress-republic,SUSPENSION OF THE INCREASE IN THE PHILHEALTH RATE CONTRIBUTION ACT,"AN ACT TO SUSPEND THE INCREASE IN PREMIUM RATE CONTRIBUTIONS OF THE PHILIPPINE HEALTH INSURANCE CORPORATION (PHILHEALTH) FOR THE YEAR 2021, AND FOR OTHER PURPOSES","MARCOS, IMEE R.","January 4, 2021",NATIONAL,PHILIPPINE HEALTH INSURANCE CORPORATION (PHILHEALTH/PHIC),HEALTH AND DEMOGRAPHY,CONSOLIDATED/SUBSTITUTED IN THE COMMITTEE REPORT
Senate Bill No. 2030,18th Congress (July 2019 - 2022),https://ldr.senate.gov.ph/bills/senate-bill-no-2030-18th-congress-republic,LEYTE ECOLOGICAL INDUSTRIAL ZONE ACT,"AN ACT CONVERTING AND EXPANDING THE LEYTE INDUSTRIAL DEVELOPMENT ESTATE INTO THE LEYTE ECOLOGICAL INDUSTRIAL ZONE, CREATING FOR THIS PURPOSE THE LEYTE ECOLOGICAL INDUSTRIAL ZONE AUTHORITY, AND APPROPRIATING FUNDS THEREFOR","REVILLA JR., RAMON BONG","February 1, 2021",NATIONAL,ECOLOGICAL INDUSTRIAL ZONE,ECONOMIC AFFAIRS,PENDING IN THE COMMITTEE
Senate Bill No. 2257,18th Congress (July 2019 - 2022),https://ldr.senate.gov.ph/bills/senate-bill-no-2257-18th-congress-republic,PAOAY LAKE PROTECTED LANDSCAPE (PLPL) ACT,"AN ACT DECLARING PAOAY LAKE NATIONAL PARK LOCATED IN THE MUNICIPALITY OF PAOAY, ILOCOS NORTE AS A PROTECTED AREA UNDER THE CATEGORY PROTECTED LANDSCAPE, PROVIDING FOR ITS MANAGEMENT AND FOR OTHER PURPOSES","MARCOS, IMEE R.","June 1, 2021",LOCAL,PROTECTED AREA/PROTECTED LANDSCAPE PARKS,"ENVIRONMENT, NATURAL RESOURCES AND CLIMATE CHANGE",PENDING IN THE COMMITTEE
Senate Bill No. 2302,18th Congress (July 2019 - 2022),https://ldr.senate.gov.ph/bills/senate-bill-no-2302-18th-congress-republic,"FOOD, GROCERY, AND PHARMACY DELIVERY SERVICES PROTECTION ACT","AN ACT PROVIDING MEASURES TO PROTECT INDIVIDUALS ENGAGED IN FOOD, GROCERY AND PHARMACY DELIVERY SERVICES","LAPID, MANUEL ""LITO"" M.","June 28, 2021",NATIONAL,FOOD AND GROCERY DELIVERY SERVICES,"TRADE, COMMERCE AND ENTREPRENEURSHIP","APPROVED ON SECOND READING, WITHOUT AMENDMENT"
Senate Bill No. 2013,18th Congress (July 2019 - 2022),https://ldr.senate.gov.ph/bills/senate-bill-no-2013-18th-congress-republic,PUP-CALOOCAN CITY-NORTH CAMPUS ACT,"AN ACT ESTABLISHING A CAMPUS OF THE POLYTECHNIC UNIVERSITY OF THE PHILIPPINES (PUP) IN CALOOCAN CITY-NORTH, TO BE KNOWN AS THE POLYTECHNIC UNIVERSITY OF THE PHILIPPINES (PUP)-CALOOCAN CITY-NORTH CAMPUS, AND APPROPRIATING FUNDS THEREFOR","ANGARA, SONNY","January 21, 2021",LOCAL,POLYTECHNIC UNIVERSITY OF THE PHILIPPINES (PUP),"HIGHER, TECHNICAL AND VOCATIONAL EDUCATION",CONSOLIDATED/SUBSTITUTED IN THE COMMITTEE REPORT
Senate Bill No. 2077,18th Congress (July 2019 - 2022),https://ldr.senate.gov.ph/bills/senate-bill-no-2077-18th-congress-republic,PHILIPPINE BOXING AND COMBAT SPORTS COMMISSION ACT OF 2021,AN ACT CREATING THE PHILIPPINE BOXING AND COMBAT SPORTS COMMISSION AND FOR OTHER PURPOSES,"PACQUIAO, EMMANUEL ""MANNY"" D.","March 2, 2021",NATIONAL,PHILIPPINE BOXING COMMISSION SPORTS DEVELOPMENT PROGRAM BOXER WELFARE,SPORTS,PENDING IN THE HOUSE OF REPRESENTATIVES
Senate Bill No. 2333,18th Congress (July 2019 - 2022),https://ldr.senate.gov.ph/bills/senate-bill-no-2333-18th-congress-republic,PHILIPPINE MARITIME ZONES ACT,AN ACT DEFINING THE MARITIME ZONES OF THE REPUBLIC OF THE PHILIPPINES,"REVILLA JR., RAMON BONG","July 27, 2021",NATIONAL,MARITIME ZONE,FOREIGN RELATIONS,PENDING IN THE COMMITTEE
Senate Bill No. 2383,18th Congress (July 2019 - 2022),https://ldr.senate.gov.ph/bills/senate-bill-no-2383-18th-congress-republic,DON JOSE S. MONFORT MEDICAL CENTER,"AN ACT CONVERTING THE DON JOSE S. MONFORT MEDICAL CENTER EXTENSION HOSPITAL IN THE MUNICIPALITY OF BAROTAC NUEVO, PROVINCE OF ILOILO, INTO A TERTIARY HOSPITAL TO BE KNOWN AS THE DON JOSE S. MONFORT MEDICAL CENTER, AND APPROPRIATING FUNDS THEREFOR","MARCOS, IMEE R.","September 6, 2021",LOCAL,"HOSPITALS, CONVERSION",HEALTH AND DEMOGRAPHY,PENDING IN THE COMMITTEE
Senate Bill No. 2087,18th Congress (July 2019 - 2022),https://ldr.senate.gov.ph/bills/senate-bill-no-2087-18th-congress-republic,BLOODBORNE VIRAL HEPATITIES TESTING ACT OF 2021,AN ACT INSTITUTING A POLICY ON BLOODBORNE VIRAL HEPATITIS TESTING AND SCREENING,"GO, CHRISTOPHER LAWRENCE T.","March 4, 2021",NATIONAL,HEPATITIS TESTING AND SCREENING BLOODBORNE VIRAL HEPATITIS,HEALTH AND DEMOGRAPHY,PENDING IN THE COMMITTEE
Senate Bill No. 2150,18th Congress (July 2019 - 2022),https://ldr.senate.gov.ph/bills/senate-bill-no-2150-18th-congress-republic,DRAGON FRUIT DEVELOPMENT ACT,"AN ACT URGING THE COMPREHENSIVE PLANNING, DEVELOPMENT, AND EXPORT PROMOTION OF THE DRAGON FRUIT, AND PROVIDING FUNDS THEREFOR","MARCOS, IMEE R.","May 3, 2021",NATIONAL,DRAGON FRUIT,"AGRICULTURE, FOOD AND AGRARIAN REFORM",PENDING IN THE COMMITTEE
Senate Bill No. 2222,18th Congress (July 2019 - 2022),https://ldr.senate.gov.ph/bills/senate-bill-no-2222-18th-congress-republic,CEBU TECHNOLOGICAL UNIVERSITY (CTU) - TOLEDO AND ASTURIAS CAMPUSES ACT,"AN ACT ESTABLISHING CAMPUSES OF THE CEBU TECHNOLOGICAL UNIVERSITY IN THE CITY OF TOLEDO AND IN THE MUNICIPALITY OF ASTURIAS, PROVINCE OF CEBU, TO BE KNOWN RESPECTIVELY AS THE CEBU TECHNOLOGICAL UNIVERSITY-TOLEDO CITY CAMPUS AND THE CEBU TECHNOLOGICAL UNIVERSITY-ASTURIAS CAMPUS, AND APPROPRIATING FUNDS THEREFOR","ZUBIRI, JUAN MIGUEL ""MIGZ"" F.","May 24, 2021",LOCAL,"SCHOOLS, ESTABLISHMENT","HIGHER, TECHNICAL AND VOCATIONAL EDUCATION",CONSOLIDATED/SUBSTITUTED IN THE COMMITTEE REPORT
Senate Bill No. 2290,18th Congress (July 2019 - 2022),https://ldr.senate.gov.ph/bills/senate-bill-no-2290-18th-congress-republic,URBAN GREEN PATCHES PROGRAM ACT,AN ACT ESTABLISHING THE URBAN GREEN PATCHES PROGRAM AND PROVIDING FUNDS THEREFOR,"LAPID, MANUEL ""LITO"" M.","June 9, 2021",NATIONAL,URBAN GREEN PATCHES PROGRAM,"ENVIRONMENT, NATURAL RESOURCES AND CLIMATE CHANGE",PENDING IN THE COMMITTEE
Senate Bill No. 1982,18th Congress (July 2019 - 2022),https://ldr.senate.gov.ph/bills/senate-bill-no-1982-18th-congress-republic,"TWO (2) ADDITIONAL BRANCHES OF REGIONAL AND MUNICIPAL TRIAL COURT IN MATI, DAVAO ORIENTAL","AN ACT CREATING TWO (2) ADDITIONAL BRANCHES OF THE REGIONAL TRIAL COURT AND TWO (2) ADDITIONAL BRANCHES OF THE MUNICIPAL TRIAL COURT IN CITIES IN THE ELEVENTH JUDICIAL REGION TO BE STATIONED IN THE CITY OF MATI, PROVINCE OF DAVAO ORIENTAL, AND APPROPRIATING FUNDS THEREFOR, AMENDING FOR THE PURPOSE SECTIONS 14(L) AND 29 OF BATAS PAMBANSA BLG. 129, OTHERWISE KNOWN AS 'THE JUDICIARY REORGANIZATION ACT OF 1980', AS AMENDED","VILLANUEVA, JOEL","January 12, 2021",NATIONAL,"COURTS (RTC/MTC, CREATION) JUDICIARY REORGANIZATION ACT (BATAS PAMBANSA BLG. 129)",JUSTICE AND HUMAN RIGHTS,PENDING IN THE COMMITTEE
Senate Bill No. 2045,18th Congress (July 2019 - 2022),https://ldr.senate.gov.ph/bills/senate-bill-no-2045-18th-congress-republic,AMUSEMENT TAX ON DIGITAL PLATFORM AND OFFSITE BETTING STATIONS,"AN ACT IMPOSING AMUSEMENT TAX ON DIGITAL PLATFORM AND OFFSITE BETTING STATIONS OF LICENSED COCKPITS, AND EARMARKING THE TOTAL AMUSEMENT TAX COLLECTION FROM COCKPITS FOR UNIVERSAL HEALTH CARE, AMENDING FOR THIS PURPOSE SECTION 125, AND CREATING A NEW SECTION 288-B OF THE NATIONAL INTERNAL REVENUE CODE OF 1997, AS AMENDED",Ralph G. Recto,"February 9, 2021",NATIONAL,TAXES (AMUSEMENT TAX) NATIONAL INTERNAL REVENUE CODE (NIRC),WAYS AND MEANS,PENDING IN THE COMMITTEE
Senate Bill No. 2363,18th Congress (July 2019 - 2022),https://ldr.senate.gov.ph/bills/senate-bill-no-2363-18th-congress-republic,TAX EXEMPTION FOR DONATIONS FOR YOUTH AND SPORTS DEVELOPMENT ACT,"AN ACT EXEMPTING FROM TAX ALL DONATIONS, GRANTS ENDOWMENTS, OR CONTRIBUTIONS USED ACTUALLY, DIRECTLY, AND EXCLUSIVELY FOR GOVERNMENT'S YOUTH AND SPORTS DEVELOPMENT PROGRAMS AND SPORTS COMPETITIONS","REVILLA JR., RAMON BONG","August 23, 2021",NATIONAL,TAX EXEMPTION DONATIONS SPORTS DEVELOPMENT PROGRAM,SPORTS,PENDING IN THE COMMITTEE
Senate Bill No. 2427,18th Congress (July 2019 - 2022),https://ldr.senate.gov.ph/bills/senate-bill-no-2427-18th-congress-republic,FILIPINO CITIZENSHIP TO MR. PATRICK FRANCOIS RENUCCI,"AN ACT GRANTING FILIPINO CITIZENSHIP TO MR. PATRICK FRANCOIS RENUCCI, WITH ALL THE RIGHTS, PRIVILEGES, AND PREROGATIVES APPURTENANT THERETO","ZUBIRI, JUAN MIGUEL ""MIGZ"" F.","October 5, 2021",NATIONAL,CITIZENSHIP,JUSTICE AND HUMAN RIGHTS,PENDING IN THE COMMITTEE
Senate Bill No. 2119,18th Congress (July 2019 - 2022),https://ldr.senate.gov.ph/bills/senate-bill-no-2119-18th-congress-republic,KALINGA HERITAGE MUSEUM AND CULTURAL CENTER,"AN ACT ESTABLISHING THE KALINGA HERITAGE MUSEUM AND CULTURAL CENTER IN THE CITY OF TABUK, PROVINCE OF KALINGA, DEFINING ITS PURPOSES AND OBJECTIVES, AND APPROPRIATING FUNDS THEREFOR","MARCOS, IMEE R.","March 24, 2021",LOCAL,MUSEUM CULTURAL CENTER,"BASIC EDUCATION, ARTS AND CULTURE",PENDING IN THE COMMITTEE
Senate Bill No. 2206,18th Congress (July 2019 - 2022),https://ldr.senate.gov.ph/bills/senate-bill-no-2206-18th-congress-republic,RAPE VICTIM ASSISTANCE AND PROTECTION,"AN ACT AMENDING SECTION 4 OF REPUBLIC ACT NO. 8505, OTHERWISE KNOWN AS THE 'RAPE VICTIM ASSISTANCE AND PROTECTION ACT OF 1998', BY MANDATING THE AVAILABILITY OF RAPE AND SEXUAL ASSAULT KITS IN EVERY POLICE PRECINCT FOR THE PURPOSE OF THE IMMEDIATE MEDICAL OR PHYSICAL EXAMINATION OF VICTIMS","LAPID, MANUEL ""LITO"" M.","May 18, 2021",NATIONAL,RAPE VICTIM ASSISTANCE AND PROTECTION ACT (R.A.NO. 8505),YOUTH,PENDING IN THE COMMITTEE
Senate Bill No. 2369,18th Congress (July 2019 - 2022),https://ldr.senate.gov.ph/bills/senate-bill-no-2369-18th-congress-republic,MAGNA CARTA OF FILIPINO SEAFARERS,AN ACT INSTITUTING THE MAGNA CARTA OF FILIPINO SEAFARERS,"ANGARA, SONNY","August 26, 2021",NATIONAL,SEAFARERS,"LABOR, EMPLOYMENT AND HUMAN RESOURCES DEVELOPMENT","PENDING SECOND READING, SPECIAL ORDER"
Senate Bill No. 2438,18th Congress (July 2019 - 2022),https://ldr.senate.gov.ph/bills/senate-bill-no-2438-18th-congress-republic,OTOP PHILIPPINES ACT OF 2021,"AN ACT PROMOTING THE 'ONE TOWN, ONE PRODUCT' CONCEPT TO ENHANCE INCLUSIVE AND SUSTAINABLE ECONOMIC DEVELOPMENT, APPROPRIATING FUNDS THEREFOR, AND FOR OTHER PURPOSES","REVILLA JR., RAMON BONG","October 18, 2021",NATIONAL,"ONE TOWN, ONE PRODUCT (OTOP) MICRO, SMALL AND MEDIUM ENTERPRISES (MSMES)","TRADE, COMMERCE AND ENTREPRENEURSHIP","PENDING SECOND READING, ORDINARY BUSINESS"
Senate Bill No. 2130,18th Congress (July 2019 - 2022),https://ldr.senate.gov.ph/bills/senate-bill-no-2130-18th-congress-republic,CATV-DTH INDUSTRY DEVELOPMENT ACT,AN ACT PROMOTING THE GROWTH AND DEVELOPMENT OF THE CABLE TELEVISION (CATV) AND DIRECT-TO-HOME TELEVISION (DTH) INDUSTRY AND FOR OTHER PURPOSES,"POE, GRACE","April 12, 2021",NATIONAL,CABLE TELEVISION National Telecommunications Commission (NTC),PUBLIC SERVICES,PENDING IN THE COMMITTEE
Senate Bill No. 2191,18th Congress (July 2019 - 2022),https://ldr.senate.gov.ph/bills/senate-bill-no-2191-18th-congress-republic,BAGUIO GENERAL HOSPITAL AND MEDICAL CENTER,AN ACT INCREASING THE BED CAPACITY OF BAGUIO GENERAL HOSPITAL AND MEDICAL CENTER FROM EIGHT HUNDRED (800) BEDS TO ONE THOUSAND FIVE HUNDRED (1500) BEDS AND FOR OTHER PURPOSES,"MARCOS, IMEE R.","May 17, 2021",LOCAL,"HOSPITALS, INCREASE BED CAPACITY",HEALTH AND DEMOGRAPHY,PENDING IN THE COMMITTEE
Senate Bill No. 2268,18th Congress (July 2019 - 2022),https://ldr.senate.gov.ph/bills/senate-bill-no-2268-18th-congress-republic,"LINGAYEN DISTRICT HOSPITAL IN THE MUNICIPALITY OF LINGAYEN, PANGASINAN","AN ACT INCREASING THE BED CAPACITY OF THE LINGAYEN DISTRICT HOSPITAL IN THE MUNICIPALITY OF LINGAYEN, PROVINCE OF PANGASINAN FROM SIXTY (60) TO ONE HUNDRED (100) BEDS, AND APPROPRIATING FUNDS THEREFOR","MARCOS, IMEE R.","June 2, 2021",LOCAL,"HOSPITALS, INCREASE BED CAPACITY",HEALTH AND DEMOGRAPHY,PENDING IN THE COMMITTEE
Senate Bill No. 2021,18th Congress (July 2019 - 2022),https://ldr.senate.gov.ph/bills/senate-bill-no-2021-18th-congress-republic,MEDIA WORKERS' WELFARE ACT,"AN ACT PROVIDING ENHANCED PROTECTION, SECURITY, AND BENEFITS FOR MEDIA WORKERS","REVILLA JR., RAMON BONG","January 26, 2021",NATIONAL,MEDIA PRACTITIONERS SECURITY OF TENURE,"LABOR, EMPLOYMENT AND HUMAN RESOURCES DEVELOPMENT",CONSOLIDATED/SUBSTITUTED IN THE COMMITTEE REPORT
Senate Bill No. 2342,18th Congress (July 2019 - 2022),https://ldr.senate.gov.ph/bills/senate-bill-no-2342-18th-congress-republic,INCREASING THE BED CAPACITY OF THE ILOCOS TRAINING AND REGIONAL MEDICAL CENTER,"AN ACT INCREASING THE BED CAPACITY OF THE ILOCOS TRAINING AND REGIONAL MEDICAL CENTER IN THE CITY OF SAN FERNANDO, PROVINCE OF LA UNION, FROM THREE HUNDRED (300) TO EIGHT HUNDRED (800) BEDS, AND APPROPRIATING FUNDS THEREFOR","MARCOS, IMEE R.","August 3, 2021",LOCAL,"HOSPITALS, INCREASE BED CAPACITY",HEALTH AND DEMOGRAPHY,PENDING IN THE COMMITTEE
Senate Bill No. 2405,18th Congress (July 2019 - 2022),https://ldr.senate.gov.ph/bills/senate-bill-no-2405-18th-congress-republic,THE PRIVATE SECURITY SERVICES INDUSTRY ACT,"AN ACT STRENGTHENING THE REGULATION OF PRIVATE SECURITY SERVICES INDUSTRY, REPEALING FOR THE PURPOSE, REPUBLIC ACT NO. 5487, ENTITLED, 'AN ACT TO REGULATE THE ORGANIZATION AND OPERATION OF PRIVATE DETECTIVE, WATCHMEN OR SECURITY GUARD AGENCIES', AS AMENDED","DELA ROSA, RONALD ""BATO""","September 20, 2021",NATIONAL,PRIVATE SECURITY SERVICES INDUSTRY PRIVATE SECURITY AGENCY LAW (R.A.NO. 5487) PRIVATE SECURITY INDUSTRY ACT (R.A. NO. 5487),PUBLIC ORDER AND DANGEROUS DRUGS,CONSOLIDATED/SUBSTITUTED IN THE COMMITTEE REPORT
Senate Bill No. 2098,18th Congress (July 2019 - 2022),https://ldr.senate.gov.ph/bills/senate-bill-no-2098-18th-congress-republic,NATIONAL HOUSING AUTHORITY ACT,"AN ACT STRENGTHENING THE NATIONAL HOUSING AUTHORITY, EXTENDING ITS CORPORATE TERM, AND AMENDING FOR THIS PURPOSE PRESIDENTIAL DECREE NO. 757 (P.D. 757), 'CREATING THE NATIONAL HOUSING AUTHORITY AND DISSOLVING THE EXISTING HOUSING AGENCIES, DEFINING ITS POWERS AND FUNCTIONS, PROVIDING FUNDS THEREFOR, AND FOR OTHER PURPOSES'","MARCOS, IMEE R.","March 10, 2021",NATIONAL,NATIONAL HOUSING AUTHORITY (NHA),"URBAN PLANNING, HOUSING AND RESETTLEMENT",PENDING IN THE COMMITTEE
Senate Bill No. 2161,18th Congress (July 2019 - 2022),https://ldr.senate.gov.ph/bills/senate-bill-no-2161-18th-congress-republic,"EQUALITY AND NON-DISCRIMINATION ON RACE, ETHNICITY AND RELIGION ACT","AN ACT PROTECTING AND PROMOTING THE RIGHTS TO EQUALITY AND NON-DISCRIMINATION ON THE BASIS OF RACE, ETHNICITY AND RELIGION","HONTIVEROS, RISA","May 11, 2021",NATIONAL,ANTI-DISCRIMINATION RELIGION/BELIEFS,CULTURAL COMMUNITIES,PENDING IN THE COMMITTEE
Senate Bill No. 2236,18th Congress (July 2019 - 2022),https://ldr.senate.gov.ph/bills/senate-bill-no-2236-18th-congress-republic,DRUG ABUSE PREVENTION PROGRAM IN BASIC EDUCATION ACT,"AN ACT INCORPORATING A DRUG ABUSE PREVENTION PROGRAM IN SUBJECTS FROM GRADES 7 TO 12 UNDER THE K TO 12 BASIC EDUCATION CURRICULUM, MANDATING CAPACITY BUILDING ON DRUG ABUSE PREVENTION FOR TEACHERS, TEACHING DRUG ABUSE PREVENTION TO PARTNERS, APPROPRIATING FUNDS THEREFOR, AND FOR OTHER PURPOSES","SOTTO III, VICENTE C.","May 25, 2021",NATIONAL,DRUG PREVENTION BASIC EDUCATION/BASIC EDUCATION INSTITUTIONS CURRICULUM/CURRICULA,"BASIC EDUCATION, ARTS AND CULTURE",PENDING IN THE COMMITTEE
Senate Bill No. 2300,18th Congress (July 2019 - 2022),https://ldr.senate.gov.ph/bills/senate-bill-no-2300-18th-congress-republic,"MANKAYAN, KIBUNGAN, KABAYAN, ATOK, ITOGON,AND TUBA,BENGUET TESDA TRAINING AND ASSESSMENT CENTERS ACT","AN ACT ESTABLISHING TECHNICAL EDUCATION AND SKILLS DEVELOPMENT AUTHORITY (TESDA) TRAINING AND ASSESSMENT CENTERS IN THE MUNICIPALITIES OF MANKAYAN, KIBUNGAN, KABAYAN, ATOK, ITOGON, AND TUBA, PROVINCE OF BENGUET, AND APPROPRIATING FUNDS THEREFOR","MARCOS, IMEE R.","June 23, 2021",LOCAL,TESDA TRAINING AND ASSESSMENT CENTER,"HIGHER, TECHNICAL AND VOCATIONAL EDUCATION",PENDING IN THE COMMITTEE
Senate Bill No. 1992,18th Congress (July 2019 - 2022),https://ldr.senate.gov.ph/bills/senate-bill-no-1992-18th-congress-republic,NATIONAL ENERGY POLICY AND FRAMEWORK FOR GOVERNMENT-INITIATED PETROLEUM EXPLORATION AND DEVELOPMENT,"AN ACT PROVIDING A NATIONAL ENERGY POLICY AND FRAMEWORK FOR GOVERNMENT-INITIATED PETROLEUM EXPLORATION AND DEVELOPMENT FURTHER AMENDING FOR THE PURPOSE THE CHARTER OF THE PHILIPPINE NATIONAL OIL COMPANY (PNOC), AS AMENDED","GATCHALIAN, WIN","January 18, 2021",NATIONAL,PETROLEUM EXPLORATION/DEVELOPMENT PHILIPPINE NATIONAL OIL COMPANY (PNOC),ENERGY,PENDING IN THE COMMITTEE
Senate Bill No. 2053,18th Congress (July 2019 - 2022),https://ldr.senate.gov.ph/bills/senate-bill-no-2053-18th-congress-republic,FREE DIALYSIS FOR SENIOR CITIZENS ACT OF 2021,"AN ACT PROVIDING FREE HEMODIALYSIS, PERITONEAL DIALYSIS, AND OTHER DEPARTMENT OF HEALTH APPROVED DIALYSIS PROCEDURES TO ALL SENIOR CITIZENS","HONTIVEROS, RISA","February 15, 2021",NATIONAL,DIALYSIS TREATMENT SENIOR CITIZEN/ELDERLY,HEALTH AND DEMOGRAPHY,PENDING IN THE COMMITTEE
Senate Bill No. 2248,18th Congress (July 2019 - 2022),https://ldr.senate.gov.ph/bills/senate-bill-no-2248-18th-congress-republic,NATIONAL HOUSING AUTHORITY ACT OF OF 2021,"AN ACT STRENGTHENING THE NATIONAL HOUSING AUTHORITY, EXTENDING ITS CORPORATE TERM, AND AMENDING FOR THIS PURPOSE PRESIDENTIAL DECREE NO. 757, ENTITLED 'CREATING THE NATIONAL HOUSING AUTHORITY AND DISSOLVING THE EXISTING HOUSING AGENCIES, DEFINING ITS POWERS AND FUNCTIONS, PROVIDING FUNDS THEREFOR, AND FOR OTHER PURPOSES","TOLENTINO, FRANCIS ""TOL"" N.","May 31, 2021",NATIONAL,NATIONAL HOUSING AUTHORITY (NHA),"URBAN PLANNING, HOUSING AND RESETTLEMENT",PENDING IN THE COMMITTEE
Senate Bill No. 2313,18th Congress (July 2019 - 2022),https://ldr.senate.gov.ph/bills/senate-bill-no-2313-18th-congress-republic,STRENGTHENING THE CIVIL AVIATION AUTHORITY OF THE PHILIPPINES,"AN ACT STRENGTHENING THE CIVIL AVIATION AUTHORITY OF THE PHILIPPINES, AMENDING FOR THE PURPOSE REPUBLIC ACT 9497, OTHERWISE KNOWN CIVIL AVIATION AUTHORITY ACT OF 2008","ANGARA, SONNY","July 5, 2021",NATIONAL,CIVIL AVIATION AUTHORITY,PUBLIC SERVICES,PENDING IN THE COMMITTEE
Senate Bill No. 1972,18th Congress (July 2019 - 2022),https://ldr.senate.gov.ph/bills/senate-bill-no-1972-18th-congress-republic,GOOD SAMARITAN AT SEA LAW,ACT MANDATING THE DUTY TO RENDER ASSISTANCE AT SEA IN ACCORDANCE WITH RELEVANT INTERNATIONAL CONVENTIONS TO WHICH THE PHILIPPINES IS A STATE PARTY AND FOR OTHER PURPOSES,"TOLENTINO, FRANCIS ""TOL"" N.","January 6, 2021",NATIONAL,GOOD SAMARITAN AT SEA SAFETY OF LIFE AT SEA,FOREIGN RELATIONS,"PENDING SECOND READING, SPECIAL ORDER"
Senate Bill No. 2067,18th Congress (July 2019 - 2022),https://ldr.senate.gov.ph/bills/senate-bill-no-2067-18th-congress-republic,CHARTER OF THE CITY OF ECHAGUE,AN ACT CONVERTING THE MUNICIPALITY OF ECHAGUE IN THE PROVINCE OF ISABELA INTO A COMPONENT CITY TO BE KNOWN AS THE CITY OF ECHAGUE,"MARCOS, IMEE R.","February 23, 2021",LOCAL,"MUNICIPALITY, CONVERSION (CITYHOOD)",RULES,PENDING IN THE COMMITTEE
Senate Bill No. 2140,18th Congress (July 2019 - 2022),https://ldr.senate.gov.ph/bills/senate-bill-no-2140-18th-congress-republic,NATIONAL HOUSING AUTHORITY ACT OF 2021,"AN ACT STRENGTHENING THE NATIONAL HOUSING AUTHORITY, EXTENDING ITS CORPORATE TERM, AND AMENDING FOR THIS PURPOSE PRESIDENTIAL DECREE NO. 757 (P. D. 757), 'CREATING THE NATIONAL HOUSING AUTHORITY AND DISSOLVING ITS POWERS AND FUNCTIONS, PROVIDING FUNDS THEREFOR, AND FOR OTHER PURPOSES'","LAPID, MANUEL ""LITO"" M.","April 20, 2021",NATIONAL,NATIONAL HOUSING AUTHORITY (NHA),"URBAN PLANNING, HOUSING AND RESETTLEMENT",PENDING IN THE COMMITTEE
Senate Bill No. 2199,18th Congress (July 2019 - 2022),https://ldr.senate.gov.ph/bills/senate-bill-no-2199-18th-congress-republic,CENTRO LASAM-STO. NINO-PIAT NATIONAL ROAD (APAYAO),AN ACT CONVERTING THE CENTRO LASAM - STO. NINO - PIAT ROAD CONNECTING TO THE CAGAYAN - APAYAO ROAD INTO A NATIONAL ROAD AND APPROPRIATING FUNDS THEREFOR,"MARCOS, IMEE R.","May 17, 2021",LOCAL,"ROADS, CONVERSION",RULES,PENDING IN THE COMMITTEE
Senate Bill No. 2459,18th Congress (July 2019 - 2022),https://ldr.senate.gov.ph/bills/senate-bill-no-2459-18th-congress-republic,PHILIPPINE MARITIME ZONES AND LAW OF THE SEA ACT OF 2021,"AN ACT TO ESTABLISH THE MARITIME ZONES OF THE PHILIPPINES AND DEFINE THEIR LEGAL REGIMES, HARMONIZE PHILIPPINE LAWS WITH THE UNITED NATIONS CONVENTION ON THE LAW OF THE SEA, AND FOR OTHER PURPOSES","PIMENTEL, AQUILINO ""KOKO"" III","December 1, 2021",NATIONAL,MARITIME ZONE UNCLOS (UNITED NATIONS CONVENTION ON THE LAW OF THE SEAS),FOREIGN RELATIONS,PENDING IN THE COMMITTEE
Senate Bill No. 2215,18th Congress (July 2019 - 2022),https://ldr.senate.gov.ph/bills/senate-bill-no-2215-18th-congress-republic,ANTI-DRUG ABUSE COUNCILS (ADAC) LAW,"AN ACT INSTITUTIONALIZING ANTI-DRUG ABUSE COUNCILS IN EVERY LOCAL GOVERNMENT UNIT, AND FOR OTHER PURPOSES","SOTTO III, VICENTE C.","May 20, 2021",NATIONAL,ANTI-DRUG ABUSE COUNCILS (ADACS) LOCAL GOVERNMENT UNITS (LGUs),PUBLIC ORDER AND DANGEROUS DRUGS,"PENDING SECOND READING, SPECIAL ORDER"
Senate Bill No. 2279,18th Congress (July 2019 - 2022),https://ldr.senate.gov.ph/bills/senate-bill-no-2279-18th-congress-republic,TIRAD PASS PROTECTED LANDSCAPE ACT,"AN ACT DECLARING A PARCEL OF LAND LOCATED IN THE MUNICIPALITIES OF GREGORIO DEL PILAR, QUIRINO, SIGAY, CERVANTES, AND SUYO, IN THE PROVINCE OF ILOCOS SUR, A PROTECTED AREA WITH THE CATEGORY OF PROTECTED LANDSCAPE UNDER THE NATIONAL INTEGRATED PROTECTED AREAS SYSTEM (NIPAS), TO BE REFERRED TO AS THE TIRAD PASS PROTECTED LANDSCAPE, PROVIDING FOR ITS MANAGEMENT, AND APPROPRIATING FUNDS THEREFOR","VILLAR, CYNTHIA A.","June 3, 2021",LOCAL,"PROTECTED AREA/PROTECTED LANDSCAPE NATIONAL INTEGRATED PROTECTED AREAS SYSTEM (NIPAS), R.A.NO. 7586","ENVIRONMENT, NATURAL RESOURCES AND CLIMATE CHANGE",CONSOLIDATED/SUBSTITUTED IN THE COMMITTEE REPORT
Senate Bill No. 1971,18th Congress (July 2019 - 2022),https://ldr.senate.gov.ph/bills/senate-bill-no-1971-18th-congress-republic,DEFERMENT OF PREMIUM CONTRIBUTIONS TO PHILHEALTH,"AN ACT AUTHORIZING THE DEFERMENT OF THE SCHEDULE OF PREMIUM CONTRIBUTIONS UNDER SECTION 10 OF REPUBLIC ACT NO. 11223, OTHERWISE KNOWN AS THE UNIVERSAL HEALTH CARE ACT, IN TIMES OF NATIONAL EMERGENCY OR STATE OF CALAMITY","GORDON, RICHARD J.","January 5, 2021",NATIONAL,PHILIPPINE HEALTH INSURANCE CORPORATION (PHILHEALTH/PHIC) UNIVERSAL HEALTH CARE,HEALTH AND DEMOGRAPHY,CONSOLIDATED/SUBSTITUTED IN THE COMMITTEE REPORT
Senate Bill No. 2035,18th Congress (July 2019 - 2022),https://ldr.senate.gov.ph/bills/senate-bill-no-2035-18th-congress-republic,AMENDING R.A. NO. 9500 (UNIVERSITY OF THE PHILIPPINES CHARTER OF 2008),"AN ACT TO UPHOLD THE ACADEMIC FREEDOM IN THE UNIVERSITY OF THE PHILIPPINES, AMENDING FOR THE PURPOSE REPUBLIC ACT NO. 9500, OTHERWISE KNOWN AS THE UNIVERSITY OF THE PHILIPPINES CHARTER OF 2008, AND FOR OTHER PURPOSES","DE LIMA, LEILA M.","February 1, 2021",NATIONAL,University of the Philippines (U.P.) ACADEMIC FREEDOM,"HIGHER, TECHNICAL AND VOCATIONAL EDUCATION",PENDING IN THE COMMITTEE
Senate Bill No. 2101,18th Congress (July 2019 - 2022),https://ldr.senate.gov.ph/bills/senate-bill-no-2101-18th-congress-republic,"CREATION, ORGANIZATION, AND OPERATION OF VIRTUAL BANKS","AN ACT PROVIDING FOR THE CREATION, ORGANIZATION, AND OPERATION OF VIRTUAL BANKS, AMENDING FOR THIS PURPOSE REPUBLIC ACT NO. 8791, OTHERWISE KNOWN AS 'THE GENERAL BANKING LAW OF 2000'","MARCOS, IMEE R.","March 15, 2021",NATIONAL,VIRTUAL BANKS BANKING INDUSTRY,"BANKS, FINANCIAL INSTITUTIONS AND CURRENCIES",PENDING IN THE COMMITTEE
Senate Bill No. 2170,18th Congress (July 2019 - 2022),https://ldr.senate.gov.ph/bills/senate-bill-no-2170-18th-congress-republic,CULTURAL CENTER AND MUSEUM IN THE PROVINCE OF BILIRAN,AN ACT ESTABLISHING A CULTURAL CENTER AND MUSEUM IN THE PROVINCE OF BILIRAN AND PROVIDING FUNDS THEREFOR,"MARCOS, IMEE R.","May 11, 2021",LOCAL,CULTURAL CENTER MUSEUM,"BASIC EDUCATION, ARTS AND CULTURE",PENDING IN THE COMMITTEE
Senate Bill No. 2179,18th Congress (July 2019 - 2022),https://ldr.senate.gov.ph/bills/senate-bill-no-2179-18th-congress-republic,"EATING DISORDERS AWARENESS, PREVENTION, AND EDUCATION ACT","AN ACT TO PROVIDE EATING DISORDERS AWARENESS, PREVENTION, AND EDUCATION AMONG ELEMENTARY, SECONDARY AND COLLEGE STUDENTS, THEIR PARENTS AND GUARDIANS","REVILLA JR., RAMON BONG","May 12, 2021",NATIONAL,EATING DISORDER STUDENTS,"BASIC EDUCATION, ARTS AND CULTURE",PENDING IN THE COMMITTEE
Senate Bill No. 2258,18th Congress (July 2019 - 2022),https://ldr.senate.gov.ph/bills/senate-bill-no-2258-18th-congress-republic,"RENAMING THE MUNICIPALITY OF RODRIGUEZ, RIZAL AS MUNICIPALITY OF MONTALBAN",AN ACT RENAMING THE MUNICIPALITY OF RODRIGUEZ IN THE PROVINCE OF RIZAL AS THE MUNICIPALITY OF MONTALBAN,"MARCOS, IMEE R.","June 1, 2021",LOCAL,"MUNICIPALITY, RENAMING",LOCAL GOVERNMENT,PENDING IN THE COMMITTEE
Senate Bill No. 2322,18th Congress (July 2019 - 2022),https://ldr.senate.gov.ph/bills/senate-bill-no-2322-18th-congress-republic,REVISED PHILIPPINE COAST GUARD LAW,"AN ACT PROVIDING FOR THE ADMINISTRATIVE REFORM AND REORGANIZATION OF THE PHILIPPINE COAST GUARD, REVISING FOR THE PURPOSE REPUBLIC ACT NO. 9993, OTHERWISE KNOWN AS THE 'PHILIPPINE COAST GUARD LAW OF 2009'","PIMENTEL, AQUILINO ""KOKO"" III","July 26, 2021",NATIONAL,PHILIPPINE COAST GUARD,PUBLIC SERVICES,PENDING IN THE COMMITTEE
Senate Bill No. 2034,18th Congress (July 2019 - 2022),https://ldr.senate.gov.ph/bills/senate-bill-no-2034-18th-congress-republic,GOVERNOR BENJAMIN T. ROMUALDEZ GENERAL HOSPITAL,"AN ACT CONVERTING THE SCHISTOSOMIASIS CONTROL AND RESEARCH HOSPITAL IN PALO, LEYTE INTO A GENERAL HOSPITAL TO BE KNOWN AS THE GOVERNOR BENJAMIN T. ROMUALDEZ GENERAL HOSPITAL AND SCHISTOSOMIASIS CENTER, INCREASING ITS BED CAPACITY FROM TWENTY-FIVE (25) TO ONE HUNDRED (100), UPGRADING ITS PROFESSIONAL HEALTH CARE SERVICES AND FACILITIES, AUTHORIZING THE INCREASE OF ITS MEDICAL PERSONNEL AND APPROPRIATING FUNDS THEREFOR","REVILLA JR., RAMON BONG","February 1, 2021",LOCAL,"HOSPITALS, CONVERSION HOSPITALS, INCREASE BED CAPACITY",HEALTH AND DEMOGRAPHY,CONSOLIDATED/SUBSTITUTED IN THE COMMITTEE REPORT
Senate Bill No. 2376,18th Congress (July 2019 - 2022),https://ldr.senate.gov.ph/bills/senate-bill-no-2376-18th-congress-republic,PROFESSIONALISM AND CONTINUITY OF POLICIES AND MODERNIZATION INITIATIVES OF THE AFP,"AN ACT STRENGTHENING PROFESSIONALISM AND CONTINUITY OF POLICIES AND MODERNIZATION INITIATIVES OF THE ARMED FORCES OF THE PHILIPPINES, PROVIDING FUNDS THEREFOR, AND FOR OTHER PURPOSES","PIMENTEL, AQUILINO ""KOKO"" III","September 1, 2021",NATIONAL,ARMED FORCES OF THE PHILIPPINES (AFP),"NATIONAL DEFENSE AND SECURITY, PEACE, UNIFICATION AND RECONCILIATION",PENDING CONFERENCE COMMITTEE
Senate Bill No. 2443,18th Congress (July 2019 - 2022),https://ldr.senate.gov.ph/bills/senate-bill-no-2443-18th-congress-republic,OSG BENEFITS AND INCENTIVES ACT,"AN ACT AUGMENTING THE RETIREMENT, DEATH, AND SURVIVORSHIP BENEFITS OF THE SOLICITOR GENERAL, ASSISTANT SOLICITORS GENERAL, SENIOR STATE SOLICITORS AND STATE SOLICITORS OF THE OFFICE OF THE SOLICITOR GENERAL, AND APPROPRIATING FUNDS THEREFOR","PACQUIAO, EMMANUEL ""MANNY"" D.","November 8, 2021",NATIONAL,OFFICE OF THE SOLICITOR GENERAL,"CIVIL SERVICE, GOVERNMENT REORGANIZATION AND PROFESSIONAL REGULATION","PENDING SECOND READING, SPECIAL ORDER"
Senate Bill No. 2003,18th Congress (July 2019 - 2022),https://ldr.senate.gov.ph/bills/senate-bill-no-2003-18th-congress-republic,GUIDE ACT,AN ACT PROVIDING FOR GOVERNMENT FINANCIAL INSTITUTIONS UNIFIED INITIATIVES TO DISTRESSED ENTERPRISES FOR ECONOMIC RECOVERY (GUIDE),"SOTTO III, VICENTE C.","January 20, 2021",NATIONAL,GOVERNMENT FINANCIAL INSTITUTIONS,"BANKS, FINANCIAL INSTITUTIONS AND CURRENCIES",PENDING IN THE COMMITTEE
Senate Bill No. 2066,18th Congress (July 2019 - 2022),https://ldr.senate.gov.ph/bills/senate-bill-no-2066-18th-congress-republic,NATIONAL PREVENTIVE MECHANISM (NPM) ACT OF 2021,"AN ACT DESIGNATING THE COMMISSION ON HUMAN RIGHTS (CHR) AS THE NATIONAL PREVENTIVE MECHANISM (NPM) IN COMPLIANCE WITH THE OPTIONAL PROTOCOL TO THE CONVENTION AGAINST TORTURE AND OTHER CRUEL, INHUMAN OR DEGRADING TREATMENT OR PUNISHMENT (OPCAT) AND FOR OTHER PURPOSES","PIMENTEL, AQUILINO ""KOKO"" III","February 22, 2021",NATIONAL,COMMISSION ON HUMAN RIGHTS NATIONAL PREVENTIVE MECHANISM (NPM),JUSTICE AND HUMAN RIGHTS,PENDING IN THE COMMITTEE
Senate Bill No. 2348,18th Congress (July 2019 - 2022),https://ldr.senate.gov.ph/bills/senate-bill-no-2348-18th-congress-republic,NATIONAL LITERACY COUNCIL ACT,"AN ACT RENAMING THE LITERACY COORDINATING COUNCIL TO THE NATIONAL LITERACY COUNCIL, STRENGTHENING ITS POWERS AND FUNCTIONS, STREAMLINING ITS MEMBERSHIP STRUCTURE, PROVIDING ITS LOCAL SUPPORT MECHANISMS, REPEALING FOR THE PURPOSE REPUBLIC ACT NO. 7165, AS AMENDED, APPROPRIATING FUNDS THEREFOR, AND FOR OTHER PURPOSES","GATCHALIAN, WIN","August 23, 2021",NATIONAL,NATIONAL LITERACY COUNCIL,"BASIC EDUCATION, ARTS AND CULTURE",PENDING IN THE COMMITTEE
Senate Bill No. 2413,18th Congress (July 2019 - 2022),https://ldr.senate.gov.ph/bills/senate-bill-no-2413-18th-congress-republic,TRANSPORTATION COOPERATIVES DEVELOPMENT LOAN FUND ACT,"AN ACT ESTABLISHING THE TRANSPORTATION COOPERATIVES DEVELOPMENT LOAN FUND, APPROPRIATING AND SOURCING FUNDS THEREOF AND FOR OTHER PURPOSES","ZUBIRI, JUAN MIGUEL ""MIGZ"" F.","September 22, 2021",NATIONAL,TRANSPORTATION COOPERATIVES DEVELOPMENT LOAN FUND TRANSPORTATION/TRANSPORT SECTOR,FINANCE,PENDING IN THE COMMITTEE
Senate Bill No. 2359,18th Congress (July 2019 - 2022),https://ldr.senate.gov.ph/bills/senate-bill-no-2359-18th-congress-republic,COMPETITIVE REMUNERATION AND COMPENSATION PACKAGES FOR SOCIAL WORKERS ACT OF 2021,AN ACT FULLY RECOGNIZING THE SERVICES OF SOCIAL WORKERS BY ENSURING COMPETITIVE REMUNERATION AND COMPENSATION PACKAGES,"GO, CHRISTOPHER LAWRENCE T.","August 23, 2021",NATIONAL,SOCIAL WORKERS,"CIVIL SERVICE, GOVERNMENT REORGANIZATION AND PROFESSIONAL REGULATION",PENDING IN THE COMMITTEE
Senate Bill No. 2422,18th Congress (July 2019 - 2022),https://ldr.senate.gov.ph/bills/senate-bill-no-2422-18th-congress-republic,VACCINE AND HEALTH PASSPORT PROGRAM ACT,"AN ACT CREATING A VACCINE AND HEALTH PASSPORT PROGRAM, AMENDING FOR THIS PURPOSE REPUBLIC ACT NO. 11525, OTHERWISE KNOWN AS THE COVID-19 VACCINATION PROGRAM ACT OF 2021, AND PROVIDING FUNDS THEREFOR","CAYETANO, PIA S.","September 29, 2021",NATIONAL,VACCINES/VACCINATION PROGRAM HEALTH PASSPORT SYSTEM COVID-19,FINANCE,"PENDING SECOND READING, SPECIAL ORDER"
Senate Bill No. 2126,18th Congress (July 2019 - 2022),https://ldr.senate.gov.ph/bills/senate-bill-no-2126-18th-congress-republic,ENSURING ZERO HUNGER FOR ALL FILIPINOS,AN ACT ENSURING ZERO HUNGER FOR ALL FILIPINOS,"HONTIVEROS, RISA","April 12, 2021",NATIONAL,HUNGER COVID-19 FOOD SECURITY,JUSTICE AND HUMAN RIGHTS,PENDING IN THE COMMITTEE
Senate Bill No. 1649,18th Congress (July 2019 - 2022),https://ldr.senate.gov.ph/bills/senate-bill-no-1649-18th-congress-republic,THE BUREAU OF IMMIGRATION MODERNIZATION ACT OF 2019,"AN ACT MODERNIZING THE BUREAU OF IMMIGRATION, DEFINING ITS POWERS AND FUNCTIONS, EXPANDING, RATIONALIZING AND FURTHER PROFESSIONALIZING ITS ORGANIZATION, UPGRADING THE COMPENSATION AND BENEFITS OF ITS OFFICIALS AND EMPLOYEES, APPROPRIATING FUNDS THEREFOR, AND FOR OTHER PURPOSES","GO, CHRISTOPHER LAWRENCE T.","July 2, 2020",NATIONAL,BUREAU OF IMMIGRATION,JUSTICE AND HUMAN RIGHTS,PENDING IN THE COMMITTEE
Senate Bill No. 1899,18th Congress (July 2019 - 2022),https://ldr.senate.gov.ph/bills/senate-bill-no-1899-18th-congress-republic,COMPULSORY AGE RETIREMENT FOR PHILIPPINE NATIONAL POLICE PERSONNEL (FROM 56 TO 60 YEARS OLD),"AN ACT INCREASING THE COMPULSORY AGE OF RETIREMENT FOR OFFICERS AND NON-OFFICERS OF THE PHILIPPINE NATIONAL POLICE FROM 56 YEARS OLD TO 60 YEARS OLD, AMENDING FOR THE PURPOSE SECTION 39 OF REPUBLIC ACT NO. 6975, OTHERWISE KNOWN AS THE 'DEPARTMENT OF THE INTERIOR AND LOCAL GOVERNMENT ACT OF 1990'","DE LIMA, LEILA M.","November 9, 2020",NATIONAL,PHILIPPINE NATIONAL POLICE (PNP) RETIREMENT AGE DEPARTMENT OF THE INTERIOR AND LOCAL GOVERNMENT (DILG),PUBLIC ORDER AND DANGEROUS DRUGS,PENDING IN THE COMMITTEE
Senate Bill No. 1712,18th Congress (July 2019 - 2022),https://ldr.senate.gov.ph/bills/senate-bill-no-1712-18th-congress-republic,HINAKPAN MYSTICAL HILLS NATURAL MONUMENT ACT OF 2020,"AN ACT DECLARING HINAKPAN MYSTICAL HILLS IN THE PROVINCE OF NEGROS ORIENTAL AS A PROTECTED AREA UNDER REPUBLIC ACT NO. 7586, AS AMENDED BY REPUBLIC ACT NO. 11038, OTHERWISE KNOWN AS THE EXPANDED NATIONAL INTEGRATED PROTECTED AREAS SYSTEM ACT OF 2018, PROVIDING FOR ITS MANAGEMENT, AND FOR OTHER PURPOSES","VILLAR, CYNTHIA A.","July 22, 2020",LOCAL,PROTECTED AREA/PROTECTED LANDSCAPE,"ENVIRONMENT, NATURAL RESOURCES AND CLIMATE CHANGE",PENDING IN THE COMMITTEE
Senate Bill No. 1964,18th Congress (July 2019 - 2022),https://ldr.senate.gov.ph/bills/senate-bill-no-1964-18th-congress-republic,CLIMATE CHANGE EMERGENCY DECLARATION ACT,AN ACT DECLARING CLIMATE CHANGE EMERGENCY AND ENHANCING RESILIENCY AND ADAPTABILITY TO THE EFFECTS OF CLIMATE CHANGE,"MARCOS, IMEE R.","December 21, 2020",NATIONAL,CLIMATE CHANGE,"ENVIRONMENT, NATURAL RESOURCES AND CLIMATE CHANGE",PENDING IN THE COMMITTEE
Senate Bill No. 1302,18th Congress (July 2019 - 2022),https://ldr.senate.gov.ph/bills/senate-bill-no-1302-18th-congress-republic,GRAY WATER TREATMENT AND REUSE ACT,AN ACT MANDATING THE INSTALLATION OF GRAY WATER TREATMENT SYSTEMS/FACILITIES IN BUILDINGS AND IMPOSING PENALTIES FOR VIOLATION THEREOF,"POE, GRACE","January 29, 2020",NATIONAL,GRAY WATER TREATMENT,PUBLIC WORKS,PENDING IN THE COMMITTEE
Senate Bill No. 1371,18th Congress (July 2019 - 2022),https://ldr.senate.gov.ph/bills/senate-bill-no-1371-18th-congress-republic,SUSTAINABLE PUBLIC PROCUREMENT ACT,"AN ACT ESTABLISHING A SUSTAINABLE PROCUREMENT PROGRAM FOR ALL DEPARTMENTS, BUREAUS, OFFICES, AND AGENCIES OF THE GOVERNMENT","CAYETANO, PIA S.","February 20, 2020",NATIONAL,PUBLIC PROCUREMENT,FINANCE,PENDING IN THE COMMITTEE
Senate Bill No. 1439,18th Congress (July 2019 - 2022),https://ldr.senate.gov.ph/bills/senate-bill-no-1439-18th-congress-republic,AMENDING SECTIONS 13 OF R.A. NO. 10121 (PHILIPPINE DISASTER RISK REDUCTION AND MANAGEMENT ACT),"AN ACT AMENDING SECTIONS 13 OF REPUBLIC ACT NO. 10121, OTHERWISE KNOWN AS THE 'PHILIPPINE DISASTER RISK REDUCTION AND MANAGEMENT ACT OF 2010'","DE LIMA, LEILA M.","April 27, 2020",NATIONAL,PHILIPPINE DISASTER RISK REDUCTION AND MANAGEMENT ACT OF 2010 (R.A.NO. 10121) COVID-19,"NATIONAL DEFENSE AND SECURITY, PEACE, UNIFICATION AND RECONCILIATION",PENDING IN THE COMMITTEE
Senate Bill No. 1722,18th Congress (July 2019 - 2022),https://ldr.senate.gov.ph/bills/senate-bill-no-1722-18th-congress-republic,CONSTRUCTION OF AN UNDERSEA TUNNEL OR BRIDGE FROM CEBU CITY,"AN ACT PROVIDING FOR THE CONSTRUCTION OF AN UNDERSEA TUNNEL OR BRIDGE FROM CEBU CITY TO THE MUNICIPALITY OF CORDOVA AND A COASTAL ROAD-EXPRESSWAY TO THE MACTAN-CEBU INTERNATIONAL AIRPORT, AND APPROPRIATING FUNDS THEREFOR","MARCOS, IMEE R.","July 23, 2020",LOCAL,"ROADS, CONSTRUCTION TUNNEL BRIDGES MACTAN-CEBU INTERNATIONAL AIRPORT",PUBLIC WORKS,PENDING IN THE COMMITTEE
Senate Bill No. 1786,18th Congress (July 2019 - 2022),https://ldr.senate.gov.ph/bills/senate-bill-no-1786-18th-congress-republic,PHILIPPINE HIGH SCHOOL FOR CREATIVE ARTS SYSTEM ACT,AN ACT ESTABLISHING THE PHILIPPINE HIGH SCHOOL FOR CREATIVE ARTS SYSTEM AND APPROPRIATING FUNDS THEREFOR,"BINAY, MARIA LOURDES NANCY S.","August 24, 2020",NATIONAL,"SCHOOLS, ESTABLISHMENT","BASIC EDUCATION, ARTS AND CULTURE",PENDING IN THE COMMITTEE
Senate Bill No. 1510,18th Congress (July 2019 - 2022),https://ldr.senate.gov.ph/bills/senate-bill-no-1510-18th-congress-republic,"COOPERATIVES OFFICER IN MUNICIPAL, CITY AND PROVINCIAL LEVELS","AN ACT MAKING THE POSITION OF A COOPERATIVES OFFICER MANDATORY IN THE MUNICIPAL, CITY AND PROVINCIAL LEVELS, AMENDING FOR THE PURPOSE REPUBLIC ACT NO. 7160, OTHERWISE KNOWN AS THE LOCAL GOVERNMENT CODE OF 1991","REVILLA JR., RAMON BONG","May 4, 2020",NATIONAL,COOPERATIVES OFFICER LOCAL GOVERNMENT CODE (R.A. NO. 7160),LOCAL GOVERNMENT,CONSOLIDATED/SUBSTITUTED IN THE COMMITTEE REPORT
Senate Bill No. 1574,18th Congress (July 2019 - 2022),https://ldr.senate.gov.ph/bills/senate-bill-no-1574-18th-congress-republic,PASAY CITY NATIONAL HIGH SCHOOL,"AN ACT SEPARATING PASAY CITY NORTH HIGH SCHOOL  TRAMO CAMPUS IN BARANGAY 57, TRAMO, PASAY CITY FROM PASAY CITY NORTH HIGH SCHOOL, CONVERTING IT INTO AN INDEPENDENT NATIONAL HIGH SCHOOL TO BE KNOWN AS PASAY CITY NATIONAL HIGH SCHOOL AND APPROPRIATING FUNDS THEREFOR","MARCOS, IMEE R.","June 2, 2020",LOCAL,"SCHOOLS, CONVERSION",RULES,PENDING IN THE COMMITTEE
Senate Bill No. 1616,18th Congress (July 2019 - 2022),https://ldr.senate.gov.ph/bills/senate-bill-no-1616-18th-congress-republic,DAVAO OCCIDENTAL MEDICAL CENTER,"AN ACT ESTABLISHING A MEDICAL CENTER IN BARANGAY LACARON, MUNICIPALITY OF MALITA, PROVINCE OF DAVAO OCCIDENTAL TO BE KNOWN AS DAVAO OCCIDENTAL MEDICAL CENTER, AND APPROPRIATING FUNDS THEREFOR","MARCOS, IMEE R.","June 18, 2020",LOCAL,"HOSPITALS, ESTABLISHMENT",HEALTH AND DEMOGRAPHY,CONSOLIDATED/SUBSTITUTED IN THE COMMITTEE REPORT
Senate Bill No. 1867,18th Congress (July 2019 - 2022),https://ldr.senate.gov.ph/bills/senate-bill-no-1867-18th-congress-republic,WEST FAIRVIEW NATIONAL HIGH SCHOOL,"AN ACT ESTABLISHING A NATIONAL HIGH SCHOOL IN BARANGAY GREATER FAIRVIEW, QUEZON CITY, METRO MANILA, TO BE KNOWN AS WEST FAIRVIEW NATIONAL HIGH SCHOOL AND APPROPRIATING FUNDS THEREFOR","MARCOS, IMEE R.","October 5, 2020",LOCAL,"SCHOOLS, ESTABLISHMENT",RULES,PENDING IN THE COMMITTEE
Senate Bill No. 1680,18th Congress (July 2019 - 2022),https://ldr.senate.gov.ph/bills/senate-bill-no-1680-18th-congress-republic,AZ COMMUNICATIONS NETWORK INC.,"AN ACT RENEWING THE FRANCHISE GRANTED TO THE AZ COMMUNICATIONS NETWORK INC. UNDER REPUBLIC ACT NO. 8165 ENTITLED 'AN ACT GRANTING THE AZ COMMUNICATIONS NETWORK INC., A FRANCHISE TO CONSTRUCT, INSTALL, OPERATE AND MAINTAIN PUBLIC RADIOTELEPHONE AND RADIOTELEGRAPH COASTAL STATIONS FOR THE RECEPTION AND TRANSMISSION OF RADIOTELEPHONE AND RADIOTELEGRAPH COMMUNICATIONS WITHIN THE PHILIPPINES' FOR ANOTHER TWENTY-FIVE (25) YEARS","BINAY, MARIA LOURDES NANCY S.","July 9, 2020",NATIONAL,FRANCHISE SALES/FRANCHISE BUSINESS,RULES,PENDING IN THE COMMITTEE
Senate Bill No. 1932,18th Congress (July 2019 - 2022),https://ldr.senate.gov.ph/bills/senate-bill-no-1932-18th-congress-republic,PENALIZING PERSONS WHO SHALL COMMIT PROHIBITED ACTS DURING A STATE OF PUBLIC HEALTH EMERGENCY,"AN ACT PENALIZING PERSONS WHO SHALL COMMIT PROHIBITED ACTS DURING A STATE OF PUBLIC HEALTH EMERGENCY, AND FOR OTHER PURPOSES","MARCOS, IMEE R.","November 25, 2020",NATIONAL,UNLAWFUL ACTS,JUSTICE AND HUMAN RIGHTS,PENDING IN THE COMMITTEE
Senate Bill No. 1270,18th Congress (July 2019 - 2022),https://ldr.senate.gov.ph/bills/senate-bill-no-1270-18th-congress-republic,AMENDING SEC. 2 OF R. A. NO. 10868 (THE CENTENARIANS ACT OF 2016),"AN ACT AMENDING SECTION 2 OF REPUBLIC ACT NO. 10868, OTHERWISE KNOWN AS THE CENTENARIANS ACT OF 2016 AND FOR OTHER PURPOSES","DE LIMA, LEILA M.","January 16, 2020",NATIONAL,CENTENARIANS,"SOCIAL JUSTICE, WELFARE AND RURAL DEVELOPMENT",CONSOLIDATED/SUBSTITUTED IN THE COMMITTEE REPORT
Senate Bill No. 1334,18th Congress (July 2019 - 2022),https://ldr.senate.gov.ph/bills/senate-bill-no-1334-18th-congress-republic,PREVENTION OF ADOLESCENT PREGNANCY ACT OF 2020,"AN ACT PROVIDING FOR A NATIONAL POLICY IN PREVENTING ADOLESCENT PREGNANCIES, INSTITUTIONALIZING SOCIAL PROTECTION FOR ADOLESCENT PARENTS, AND PROVIDING FUNDS THEREFOR","HONTIVEROS, RISA","February 12, 2020",NATIONAL,pregnancy TEENAGE PREGNANCY,"WOMEN, CHILDREN, FAMILY RELATIONS AND GENDER EQUALITY","PENDING SECOND READING, SPECIAL ORDER"
Senate Bill No. 1404,18th Congress (July 2019 - 2022),https://ldr.senate.gov.ph/bills/senate-bill-no-1404-18th-congress-republic,PUBLIC EMPLOYMENT AND ENTREPRENEURSHIP OFFICE (PEESO),"AN ACT FURTHER AMENDING REPUBLIC ACT NO. 8759, OTHERWISE KNOWN AS THE PUBLIC EMPLOYMENT SERVICE OFFICE ACT OF 1999, AS AMENDED, TO INCLUDE ENTREPRENEURSHIP IN THE SCOPE OF THE LAW, TO RENAME THE PRESENT PUBLIC EMPLOYMENT SERVICE OFFICE (PESO) INTO THE PUBLIC EMPLOYMENT AND ENTREPRENEURSHIP OFFICE (PEESO), AND TO ESTABLISH THE BARANGAY EMPLOYMENT AND ENTREPRENEURSHIP OFFICES (BEESO) NATIONWIDE, DEFINING ITS ROLE WITHIN THE EXISTING NETWORK, PROVIDING FUNDS THEREFOR, AND FOR OTHER PURPOSES","LAPID, MANUEL ""LITO"" M.","March 5, 2020",NATIONAL,PUBLIC EMPLOYMENT SERVICE OFFICE (PESO),"LABOR, EMPLOYMENT AND HUMAN RESOURCES DEVELOPMENT",PENDING IN THE COMMITTEE
Senate Bill No. 1464,18th Congress (July 2019 - 2022),https://ldr.senate.gov.ph/bills/senate-bill-no-1464-18th-congress-republic,"AMENDING R.A.NO. 7743 (ESTABLISHMENT OF CONGRESSIONAL, CITY, AND MUNICIPAL LIBRARIES)","AN ACT AMENDING REPUBLIC ACT NO. 7743, OTHERWISE KNOWN AS 'AN ACT PROVIDING FOR THE ESTABLISHMENT OF CONGRESSIONAL, CITY, AND MUNICIPAL LIBRARIES AND BARANGAY READING CENTERS THROUGHOUT THE PHILIPPINES,' AND FOR OTHER PURPOSES","VILLANUEVA, JOEL","May 4, 2020",NATIONAL,LIBRARY/DISTRICT LIBRARY/BARANGAY READING CENTERS,"BASIC EDUCATION, ARTS AND CULTURE",PENDING IN THE COMMITTEE
Senate Bill No. 1754,18th Congress (July 2019 - 2022),https://ldr.senate.gov.ph/bills/senate-bill-no-1754-18th-congress-republic,ELIMINATION OF TRAFFICKING IN PERSONS,"AN ACT STRENGTHENING REPUBLIC ACT NO. 9208, AS AMENDED BY REPUBLIC ACT NO. 10364, ENTITLED AN ACT TO INSTITUTE POLICIES TO ELIMINATE TRAFFICKING IN PERSONS ESPECIALLY WOMEN AND CHILDREN, ESTABLISHING THE NECESSARY INSTITUTIONAL MECHANISMS FOR THE PROTECTION AND SUPPORT OF TRAFFICKED PERSONS, PROVIDING PENALTIES FOR ITS VIOLATIONS AND FOR OTHER PURPOSES","VILLAR, CYNTHIA A.","July 29, 2020",NATIONAL,HUMAN TRAFFICKING WOMEN CHILDREN/CHILD CARE,"WOMEN, CHILDREN, FAMILY RELATIONS AND GENDER EQUALITY",CONSOLIDATED/SUBSTITUTED IN THE COMMITTEE REPORT
Senate Bill No. 1818,18th Congress (July 2019 - 2022),https://ldr.senate.gov.ph/bills/senate-bill-no-1818-18th-congress-republic,FIT-TO-WORK ACT,AN ACT MANDATING PUBLIC OFFICIALS AND EMPLOYEES TO ANNUALLY SUBMIT A MEDICAL CERTIFICATE SHOWING FITNESS TO WORK AND FOR OTHER PURPOSES,"SOTTO III, VICENTE C.","September 8, 2020",NATIONAL,GOVERNMENT OFFICIAL/PUBLIC OFFICIAL GOVERNMENT EMPLOYEES,"CIVIL SERVICE, GOVERNMENT REORGANIZATION AND PROFESSIONAL REGULATION",PENDING IN THE COMMITTEE
Senate Bill No. 1482,18th Congress (July 2019 - 2022),https://ldr.senate.gov.ph/bills/senate-bill-no-1482-18th-congress-republic,ELECTRONIC AND ONLINE PUBLICATION OF LAWS ACT,"AN ACT PRESCRIBING ELECTRONIC AND ONLINE MODALITIES FOR THE PROMULGATION OF LAWS, RESOLUTIONS, RULES AND OTHER ISSUANCES, AMENDING FOR THE PURPOSE SECTION 18, 24 AND 25 CHAPTER 5, BOOK 1 OF EXECUTIVE ORDER NO. 292 OTHERWISE KNOWN AS THE ADMINISTRATIVE CODE OF 1987","POE, GRACE","May 4, 2020",NATIONAL,ELECTRONIC PUBLICATION ADMINISTRATIVE CODE OF 1987 (E.O.NO. 292),PUBLIC INFORMATION AND MASS MEDIA,PENDING IN THE COMMITTEE
Senate Bill No. 1542,18th Congress (July 2019 - 2022),https://ldr.senate.gov.ph/bills/senate-bill-no-1542-18th-congress-republic,PHILIPPINE ECONOMIC STIMULUS ACT (PESA),AN ACT ESTABLISHING AN ECONOMIC STIMULUS STRATEGY FOR THE COUNTRY'S GROWTH AND DEVELOPMENT IN THE AFTERMATH OF COVID 19 AND PROVIDING FUNDS THEREFOR,"SOTTO III, VICENTE C.","May 26, 2020",NATIONAL,PHILIPPINE ECONOMIC STIMULUS,FINANCE,CONSOLIDATED/SUBSTITUTED IN THE COMMITTEE REPORT
Senate Bill No. 1493,18th Congress (July 2019 - 2022),https://ldr.senate.gov.ph/bills/senate-bill-no-1493-18th-congress-republic,EDUCATIONAL BENEFITS TO THE SURVIVING CHILDREN OF MEMBERS OF THE PHILIPPINE NATIONAL POLICE,"AN ACT PROVIDING EDUCATIONAL BENEFITS TO THE SURVIVING CHILDREN OF MEMBERS OF THE PHILIPPINE NATIONAL POLICE WHO WERE SLAIN IN THE LINE OF DUTY, CREATING THE PNP EDUCATIONAL BENEFITS FUND, AND FOR OTHER PURPOSES","POE, GRACE","May 4, 2020",NATIONAL,EDUCATIONAL BENEFITS CHILDREN/CHILD CARE PHILIPPINE NATIONAL POLICE (PNP),PUBLIC ORDER AND DANGEROUS DRUGS,PENDING IN THE COMMITTEE
Senate Bill No. 1553,18th Congress (July 2019 - 2022),https://ldr.senate.gov.ph/bills/senate-bill-no-1553-18th-congress-republic,FLORA NATIONAL HIGH SCHOOL,"AN ACT ESTABLISHING A NATIONAL HIGH SCHOOL AT BARANGAY FLORA IN THE MUNICIPALITY OF STO. DOMINGO, ILOCOS SUR TO BE KNOWN AS THE FLORA NATIONAL HIGH SCHOOL AND APPROPRIATING FUNDS THEREFOR","MARCOS, IMEE R.","May 27, 2020",LOCAL,"SCHOOLS, ESTABLISHMENT",RULES,PENDING IN THE COMMITTEE
Senate Bill No. 1847,18th Congress (July 2019 - 2022),https://ldr.senate.gov.ph/bills/senate-bill-no-1847-18th-congress-republic,PHILJOBS ACT OF 2020,AN ACT INSTITUTIONALIZING A NATIONAL UNEMPLOYMENT INSURANCE PROGRAM FOR THE PHILIPPINES AND APPROPRIATING FUNDS THEREFOR,"LAPID, MANUEL ""LITO"" M.","September 23, 2020",NATIONAL,UNEMPLOYMENT,"LABOR, EMPLOYMENT AND HUMAN RESOURCES DEVELOPMENT",PENDING IN THE COMMITTEE
Senate Bill No. 1660,18th Congress (July 2019 - 2022),https://ldr.senate.gov.ph/bills/senate-bill-no-1660-18th-congress-republic,TALIPAPA NATIONAL HIGH SCHOOL,"AN ACT ESTABLISHING A SENIOR HIGH SCHOOL IN BARANGAY TALIPAPA, QUEZON CITY, METRO MANILA TO BE KNOWN AS TALIPAPA NATIONAL HIGH SCHOOL, AND APPROPRIATING FUNDS THEREFOR","MARCOS, IMEE R.","July 7, 2020",LOCAL,"SCHOOLS, ESTABLISHMENT","BASIC EDUCATION, ARTS AND CULTURE",CONSOLIDATED/SUBSTITUTED IN THE COMMITTEE REPORT
Senate Bill No. 1911,18th Congress (July 2019 - 2022),https://ldr.senate.gov.ph/bills/senate-bill-no-1911-18th-congress-republic,PLAIN LANGUAGE IN GOVERNMENT DOCUMENTS ACT,"AN ACT REQUIRING THE USE OF PLAIN LANGUAGE IN ALL GOVERNMENT-ISSUED PUBLIC ADVISORIES, NOTICES, ANNOUNCEMENTS AND SIMILAR DOCUMENTS INTENDED FOR PUBLIC DISSEMINATION AND DISTRIBUTION","LAPID, MANUEL ""LITO"" M.","November 10, 2020",NATIONAL,PLAIN LANGUAGE GOVERNMENT AGENCIES,"CIVIL SERVICE, GOVERNMENT REORGANIZATION AND PROFESSIONAL REGULATION",PENDING IN THE COMMITTEE
Senate Bill No. 1313,18th Congress (July 2019 - 2022),https://ldr.senate.gov.ph/bills/senate-bill-no-1313-18th-congress-republic,"CREATING A REGULAR LTO DISTRICT OFFICE IN THE MUNICIPALITY OF POLOMOLOK, SOUTH COTABATO","AN ACT CREATING A REGULAR LTO DISTRICT OFFICE IN THE MUNICIPALITY OF POLOMOLOK, SOUTH COTABATO, TO BE KNOWN AS THE 'LTO LICENSING CENTER OF POLOMOLOK', AND APPROPRIATING FUNDS THEREFOR AND FOR OTHER PURPOSES","BINAY, MARIA LOURDES NANCY S.","February 3, 2020",NATIONAL,LAND TRANSPORTATION OFFICE (LTO),PUBLIC SERVICES,PENDING IN THE COMMITTEE
Senate Bill No. 1383,18th Congress (July 2019 - 2022),https://ldr.senate.gov.ph/bills/senate-bill-no-1383-18th-congress-republic,INCREASING THE BED CAPACITY OF SINAIT DISTRICT HOSPITAL IN ILOCOS SUR,AN ACT INCREASING THE BED CAPACITY OF SINAIT DISTRICT HOSPITAL IN SINAIT ILOCOS SUR FROM TWENTY-FIVE (25) TO ONE HUNDRED (100) AND APPROPRIATING FUNDS THEREFOR,"MARCOS, IMEE R.","March 2, 2020",LOCAL,"HOSPITALS, INCREASE BED CAPACITY",HEALTH AND DEMOGRAPHY,CONSOLIDATED/SUBSTITUTED IN THE COMMITTEE REPORT
Senate Bill No. 1451,18th Congress (July 2019 - 2022),https://ldr.senate.gov.ph/bills/senate-bill-no-1451-18th-congress-republic,MEDICAL RESERVE CORPS ACT OF 2020,"AN ACT INSTITUTING THE MEDICAL RESERVE CORPS, APPROPRIATING FUNDS THEREFOR AND FOR OTHER PURPOSES","GO, CHRISTOPHER LAWRENCE T.","April 27, 2020",NATIONAL,MEDICAL RESERVE CORPS COVID-19,HEALTH AND DEMOGRAPHY,PENDING IN THE COMMITTEE
Senate Bill No. 1733,18th Congress (July 2019 - 2022),https://ldr.senate.gov.ph/bills/senate-bill-no-1733-18th-congress-republic,UNIVERSITY OF ABRA,"AN ACT CONVERTING THE ABRA STATE INSTITUTE OF SCIENCES AND TECHNOLOGY IN THE MUNICIPALITIES OF LAGANGILANG AND BANGUED, PROVINCE OF ABRA INTO A UNIVERSITY TO BE KNOWN AS THE UNIVERSITY OF ABRA, AND PROVIDING FUNDS THEREFOR","MARCOS, IMEE R.","July 23, 2020",LOCAL,"SCHOOLS, CONVERSION","HIGHER, TECHNICAL AND VOCATIONAL EDUCATION",CONSOLIDATED/SUBSTITUTED IN THE COMMITTEE REPORT
Senate Bill No. 1797,18th Congress (July 2019 - 2022),https://ldr.senate.gov.ph/bills/senate-bill-no-1797-18th-congress-republic,PSA ONLINE DEATH VERIFICATION SYSTEM ACT,"AN ACT FACILITATING THE ADMINISTRATION OF JUSTICE BY STRENGTHENING THE FRAUD DETECTION, PREVENTION AND ELIMINATION CAPABILITY OF THE GOVERNMENT BY CREATING A PHILIPPINE DEATH CHECK (PDC) REGISTER AND ONLINE DEATH VERIFICATION (ODV) SYSTEM UNDER THE PHILIPPINE STATISTICS AUTHORITY, AMENDING SECTION 6 OF ACT NO. 3753, AND FOR OTHER PURPOSES","GORDON, RICHARD J.","August 27, 2020",NATIONAL,PHILIPPINE DEATH CHECK (PDC) REGISTER ONLINE DEATH VERIFICATION (ODV) SYSTEM PHILIPPINE STATISTICS AUTHORITY,ECONOMIC AFFAIRS,PENDING IN THE COMMITTEE
Senate Bill No. 1521,18th Congress (July 2019 - 2022),https://ldr.senate.gov.ph/bills/senate-bill-no-1521-18th-congress-republic,PROVISIONAL FRANCHISE TO ABS-CBN BROADCASTING CORP.,"AN ACT GRANTING THE ABS-CBN BROADCASTING CORPORATION A PROVISIONAL FRANCHISE TO CONSTRUCT, INSTALL, OPERATE, AND MAINTAIN TELEVISION AND RADIO BROADCASTING STATIONS IN THE PHILIPPINES, AND FOR OTHER PURPOSES","LAPID, MANUEL ""LITO"" M.","May 11, 2020",NATIONAL,ABS-CBN CORPORATION PROVISIONAL FRANCHISE,PUBLIC SERVICES,PENDING IN THE COMMITTEE
Senate Bill No. 1585,18th Congress (July 2019 - 2022),https://ldr.senate.gov.ph/bills/senate-bill-no-1585-18th-congress-republic,"AGRICULTURE, FISHERIES AND RURAL DEVELOPMENT FINANCING ENHANCEMENT ACT OF 2020","AN ACT STRENGTHENING THE FINANCIAL SYSTEM FOR AGRICULTURE FISHERIES, AND RURAL DEVELOPMENT IN THE PHILIPPINES, AMENDING FOR THE PURPOSE RA NO. 10000 OR 'THE AGRI-AGRA CREDIT LAW OF 2009","VILLAR, CYNTHIA A.","June 3, 2020",NATIONAL,AGRI-AGRA REFORM CREDIT (R.A.NO. 10000) FINANCIAL SYSTEM,"AGRICULTURE, FOOD AND AGRARIAN REFORM",PENDING IN THE COMMITTEE
Senate Bill No. 1628,18th Congress (July 2019 - 2022),https://ldr.senate.gov.ph/bills/senate-bill-no-1628-18th-congress-republic,TEODORO N. PEPITO MEMORIAL HOSPITAL,"AN ACT ESTABLISHING THE TEODORO N. PEPITO MEMORIAL HOSPITAL IN THE CITY OF VALENCIA, FOURTH DISTRICT OF THE PROVINCE OF BUKIDNON AND APPROPRIATING FUNDS THEREFOR","MARCOS, IMEE R.","June 18, 2020",LOCAL,"HOSPITALS, ESTABLISHMENT",RULES,PENDING IN THE COMMITTEE
Senate Bill No. 1879,18th Congress (July 2019 - 2022),https://ldr.senate.gov.ph/bills/senate-bill-no-1879-18th-congress-republic,STRENGTHENING THE PHILIPPINE PUBLIC LIBRARY SYSTEM,"AN ACT STRENGTHENING THE PHILIPPINE PUBLIC LIBRARY SYSTEM, AMENDING FOR THE REPUBLIC ACT NO. 7743, OTHERWISE KNOWN AS 'AN ACT PROVIDING FOR THE ESTABLISHMENT OF CONGRESSIONAL, CITY, AND MUNICIPAL LIBRARIES AND BARANGAY READING CENTERS THROUGHOUT THE PHILIPPINES,' AND FOR OTHER PURPOSES","ANGARA, SONNY","October 12, 2020",NATIONAL,LIBRARY/DISTRICT LIBRARY/BARANGAY READING CENTERS ELECTRONIC TECHNOLOGY,"BASIC EDUCATION, ARTS AND CULTURE",PENDING IN THE COMMITTEE
Senate Bill No. 1691,18th Congress (July 2019 - 2022),https://ldr.senate.gov.ph/bills/senate-bill-no-1691-18th-congress-republic,FOREST STUDIES AND DEVELOPMENT CENTER IN THE CARAGA STATE UNIVERSITY ACT,"AN ACT ESTABLISHING THE FOREST STUDIES AND DEVELOPMENT CENTER IN THE CARAGA STATE UNIVERSITY (CSU), DEFINING ITS FUNCTIONS AND APPROPRIATING FUNDS THEREFOR","MARCOS, IMEE R.","July 14, 2020",LOCAL,"SCHOOLS, ESTABLISHMENT","HIGHER, TECHNICAL AND VOCATIONAL EDUCATION",PENDING IN THE COMMITTEE
Senate Bill No. 1942,18th Congress (July 2019 - 2022),https://ldr.senate.gov.ph/bills/senate-bill-no-1942-18th-congress-republic,LIBRENG BAKUNA KONTRA COVID-19 PARA SA LAHAT NG PILIPINO ACT,AN ACT PROVIDING FREE COVID-19 VACCINES TO ALL FILIPINOS AND ESTABLISHING A SAFE AND EFFICIENT SYSTEM OF DISTRIBUTION AND DELIVERY,"DE LIMA, LEILA M.","December 9, 2020",NATIONAL,COVID-19 VACCINES/VACCINATION PROGRAM,HEALTH AND DEMOGRAPHY,PENDING IN THE COMMITTEE
Senate Bill No. 1281,18th Congress (July 2019 - 2022),https://ldr.senate.gov.ph/bills/senate-bill-no-1281-18th-congress-republic,LIFETIME VALIDITY OF BIRTH CERTIFICATE ACT,AN ACT PROVIDING FOR THE LIFETIME VALIDITY OF BIRTH CERTIFICATES ISSUED BY THE PHILIPPINE STATISTICS AUTHORITY AND FOR OTHER PURPOSES,"VILLANUEVA, JOEL","January 21, 2020",NATIONAL,BIRTH CERTIFICATE PHILIPPINE STATISTICS AUTHORITY,"CIVIL SERVICE, GOVERNMENT REORGANIZATION AND PROFESSIONAL REGULATION",CONSOLIDATED/SUBSTITUTED IN THE COMMITTEE REPORT
Senate Bill No. 1913,18th Congress (July 2019 - 2022),https://ldr.senate.gov.ph/bills/senate-bill-no-1913-18th-congress-republic,TRANSITIONAL JUSTICE AND RECONCILIATION FOR THE BANGSAMORO AND INDIGENOUS PEOPLES IN THE BANGSAMORO,"AN ACT ESTABLISHING A TRANSITIONAL JUSTICE AND RECONCILIATION MECHANISM TO ADDRESS THE LEGITIMATE GRIEVANCES OF THE BANGSAMORO PEOPLE AND INDIGENOUS PEOPLES, CREATING FOR THE PURPOSE THE NATIONAL TRANSITIONAL JUSTICE AND RECONCILIATION COMMISSION FOR THE BANGSAMORO AND INDIGENOUS PEOPLES IN THE BANGSAMORO AUTONOMOUS REGION, APPROPRIATING FUNDS THEREFOR","HONTIVEROS, RISA","November 11, 2020",NATIONAL,BANGSAMORO,LOCAL GOVERNMENT,PENDING IN THE COMMITTEE
Senate Bill No. 1354,18th Congress (July 2019 - 2022),https://ldr.senate.gov.ph/bills/senate-bill-no-1354-18th-congress-republic,AMENDING ARTS. 183 AND 184 OF RA 3815 (REVISED PENAL CODE),"AN ACT AMENDING ARTICLES 183 AND 184 OF ACT NO. 3815, AS AMENDED, OTHERWISE KNOWN AS THE REVISED PENAL CODE","SOTTO III, VICENTE C.","February 17, 2020",NATIONAL,REVISED PENAL CODE (R.A. NO. 3815) PERJURY,JUSTICE AND HUMAN RIGHTS,APPROVED BY THE PRESIDENT OF THE PHILIPPINES
Senate Bill No. 1605,18th Congress (July 2019 - 2022),https://ldr.senate.gov.ph/bills/senate-bill-no-1605-18th-congress-republic,INCREASING THE BED CAPACITY OF BENGUET GENERAL HOSPITAL,"AN ACT INCREASING THE BED CAPACITY OF BENGUET GENERAL HOSPITAL FROM TWO HUNDRED (200) TO FOUR HUNDRED (400), UPGRADING ITS FACILITIES AND HEALTH CARE SERVICE, AUTHORIZING THE INCREASE OF ITS MEDICAL PERSONNEL, AND APPROPRIATING FUNDS THEREFOR","MARCOS, IMEE R.","June 18, 2020",LOCAL,"HOSPITALS, INCREASE BED CAPACITY",HEALTH AND DEMOGRAPHY,CONSOLIDATED/SUBSTITUTED IN THE COMMITTEE REPORT
Senate Bill No. 1860,18th Congress (July 2019 - 2022),https://ldr.senate.gov.ph/bills/senate-bill-no-1860-18th-congress-republic,"SINDALAN-ANAO -MEXICO NATIONAL ROAD (SAN FERNANDO, PAMPANGA)","AN ACT CONVERTING THE SINDALAN-ANAO PROVINCIAL ROAD CONNECTING THE TOWN OF MEXICO TO THE CITY OF SAN FERNANDO IN THE PROVINCE OF PAMPANGA INTO A NATIONAL ROAD, AND APPROPRIATING FUNDS THEREFOR","LAPID, MANUEL ""LITO"" M.","September 30, 2020",LOCAL,"ROADS, CONVERSION",RULES,PENDING IN THE COMMITTEE
Senate Bill No. 1298,18th Congress (July 2019 - 2022),https://ldr.senate.gov.ph/bills/senate-bill-no-1298-18th-congress-republic,COMMUNITY SHELTER ACT,"AN ACT PROVIDING FOR THE DESIGNATION OF COMMUNITY SHELTERS IN TIMES OF NATURAL DISASTERS, CALAMITIES AND OTHER EMERGENCIES","LAPID, MANUEL ""LITO"" M.","January 28, 2020",NATIONAL,COMMUNITY SHELTER CALAMITY/DISASTER,"URBAN PLANNING, HOUSING AND RESETTLEMENT",PENDING IN THE COMMITTEE
Senate Bill No. 1924,18th Congress (July 2019 - 2022),https://ldr.senate.gov.ph/bills/senate-bill-no-1924-18th-congress-republic,THE RURAL AGRICULTURAL AND FISHERIES FINANCING ENHANCEMENT SYSTEM ACT,"AN ACT MANDATING BANKING INSTITUTIONS TO STRENGTHEN THE FINANCING SYSTEM FOR AGRICULTURAL, FISHERIES AND RURAL DEVELOPMENT IN THE PHILIPPINES","GO, CHRISTOPHER LAWRENCE T.","November 19, 2020",NATIONAL,RURAL AGRICULTURAL AND FISHERIES FINANCING ENHANCEMENT SYSTEM,"AGRICULTURE, FOOD AND AGRARIAN REFORM",PENDING IN THE COMMITTEE
Senate Bill No. 1266,18th Congress (July 2019 - 2022),https://ldr.senate.gov.ph/bills/senate-bill-no-1266-18th-congress-republic,AMENDING R. A. 10742 (SANGGUNIANG KABATAAN REFORM ACT OF 2015),AN ACT STRENGTHENING MEANINGFUL YOUTH PARTICIPATION IN LOCAL GOVERNANCE AND FURTHER AMENDING REPUBLIC ACT 10742 OTHERWISE KNOWN AS THE 'SANGGUNIANG KABATAAN REFORM ACT OF 2015,"REVILLA JR., RAMON BONG","January 14, 2020",NATIONAL,SANGGUNIANG KABATAAN (SK),YOUTH,CONSOLIDATED/SUBSTITUTED IN THE COMMITTEE REPORT
Senate Bill No. 1892,18th Congress (July 2019 - 2022),https://ldr.senate.gov.ph/bills/senate-bill-no-1892-18th-congress-republic,GRANTING PHILIPPINE CITIZENSHIP TO ANGELO KOUAME,AN ACT GRANTING PHILIPPINE CITIZENSHIP TO ANGELO KOUAME,"ANGARA, SONNY","October 22, 2020",NATIONAL,CITIZENSHIP,JUSTICE AND HUMAN RIGHTS,CONSOLIDATED/SUBSTITUTED IN THE COMMITTEE REPORT
Senate Bill No. 1330,18th Congress (July 2019 - 2022),https://ldr.senate.gov.ph/bills/senate-bill-no-1330-18th-congress-republic,AMENDING ART. 183 OF ACT NO. 3815 (THE REVISED PENAL CODE),"AN ACT AMENDING ARTICLE 183 OF ACT NO. 3815, AS AMENDED, OTHERWISE KNOWN AS THE REVISED PENAL CODE","GORDON, RICHARD J.","February 11, 2020",NATIONAL,REVISED PENAL CODE (R.A. NO. 3815),JUSTICE AND HUMAN RIGHTS,CONSOLIDATED/SUBSTITUTED IN THE COMMITTEE REPORT
Senate Bill No. 1956,18th Congress (July 2019 - 2022),https://ldr.senate.gov.ph/bills/senate-bill-no-1956-18th-congress-republic,BARANGAY OFFICIALS SALARY STANDARDIZATION ACT OF 2020,"AN ACT PROMOTING THE WELFARE OF THE BARANGAY OFFICIALS BY PROVIDING REGULARIZATION, SALARY STANDARDIZATION, AND SPECIAL RISK ALLOWANCE IN TIMES OF STATE OF EMERGENCY OR CALAMITIES AND DURING SIMILAR SITUATIONS AS MAY BE DECLARED BY THE NATIONAL GOVERNMENT AND APPROPRIATING FUNDS THEREFOR","PACQUIAO, EMMANUEL ""MANNY"" D.","December 16, 2020",NATIONAL,BARANGAY OFFICIALS SALARY STANDARDIZATION,LOCAL GOVERNMENT,PENDING IN THE COMMITTEE
Senate Bill No. 1870,18th Congress (July 2019 - 2022),https://ldr.senate.gov.ph/bills/senate-bill-no-1870-18th-congress-republic,VOTING BY MAIL ACT,"AN ACT PROVIDING FOR A SYSTEM OF POSTAL VOTING BY SENIOR CITIZENS, PREGNANT WOMEN, PERSONS WITH DISABILITIES, AND INDIGENOUS PEOPLES","MARCOS, IMEE R.","October 5, 2020",NATIONAL,PERSONS WITH DISABILITIES (PWDS) SENIOR CITIZEN/ELDERLY INDIGENT PERSONS COMMISSION ON ELECTION (COMELEC),ELECTORAL REFORMS AND PEOPLES PARTICIPATION,CONSOLIDATED/SUBSTITUTED IN THE COMMITTEE REPORT
Senate Bill No. 1309,18th Congress (July 2019 - 2022),https://ldr.senate.gov.ph/bills/senate-bill-no-1309-18th-congress-republic,RAIN WATER HARVESTING ACT,"AN ACT MANDATING THE ESTABLISHMENT, MAINTENANCE AND MANAGEMENT OF RAIN WATER HARVESTING SYSTEMS IN THE COUNTRY","PACQUIAO, EMMANUEL ""MANNY"" D.","February 3, 2020",NATIONAL,RAINWATER,PUBLIC WORKS,PENDING IN THE COMMITTEE
Senate Bill No. 1936,18th Congress (July 2019 - 2022),https://ldr.senate.gov.ph/bills/senate-bill-no-1936-18th-congress-republic,BASILAN STATE UNIVERSITY (BASSU),"AN ACT CONVERTING THE BASILAN STATE COLLEGE (BASSC) IN THE CITY OF ISABELA, PROVINCE OF BASILAN INTO A STATE UNIVERSITY, TO BE KNOWN AS THE BASILAN STATE UNIVERSITY (BASSU), AND APPROPRIATING FUNDS THEREFOR","ANGARA, SONNY","December 3, 2020",LOCAL,"SCHOOLS, CONVERSION","HIGHER, TECHNICAL AND VOCATIONAL EDUCATION",CONSOLIDATED/SUBSTITUTED IN THE COMMITTEE REPORT
Senate Bill No. 1767,18th Congress (July 2019 - 2022),https://ldr.senate.gov.ph/bills/senate-bill-no-1767-18th-congress-republic,RENTAL HOUSING SUBSIDY PROGRAM ACT,"AN ACT ESTABLISHING THE RENTAL HOUSING SUBSIDY PROGRAM, PROVIDING FUNDS THEREFOR AND FOR OTHER PURPOSES","REVILLA JR., RAMON BONG","August 11, 2020",NATIONAL,RENTAL HOUSING SUBSIDY,"URBAN PLANNING, HOUSING AND RESETTLEMENT",CONSOLIDATED/SUBSTITUTED IN THE COMMITTEE REPORT
Senate Bill No. 1829,18th Congress (July 2019 - 2022),https://ldr.senate.gov.ph/bills/senate-bill-no-1829-18th-congress-republic,"AMENDING SEC. 13, UNIVERSAL HEALTH CARE ACT","AN ACT AMENDING SECTION 13 OF REPUBLIC ACT NO. 11223, OTHERWISE KNOWN AS THE UNIVERSAL HEALTH CARE ACT","SOTTO III, VICENTE C.","September 14, 2020",NATIONAL,UNIVERSAL HEALTH CARE PHILIPPINE HEALTH INSURANCE CORPORATION (PHILHEALTH/PHIC),HEALTH AND DEMOGRAPHY,PENDING IN THE COMMITTEE
Senate Bill No. 1277,18th Congress (July 2019 - 2022),https://ldr.senate.gov.ph/bills/senate-bill-no-1277-18th-congress-republic,EMPLOYEE BENEFITS FOR THE SOLICITORS OF THE OFFICE OF THE SOLICITOR GENERAL,"AN ACT AUGMENTING THE EMPLOYEE BENEFITS FOR THE SOLICITORS OF THE OFFICE OF THE SOLICITOR GENERAL BY PROVIDING RETIREMENT, DEATH AND SURVIVORSHIP BENEFITS, AND APPROPRIATING FUNDS THEREFOR","DELA ROSA, RONALD ""BATO""","January 20, 2020",NATIONAL,OFFICE OF THE SOLICITOR GENERAL RETIREMENT BENEFITS,"CIVIL SERVICE, GOVERNMENT REORGANIZATION AND PROFESSIONAL REGULATION",CONSOLIDATED/SUBSTITUTED IN THE COMMITTEE REPORT
Senate Bill No. 1902,18th Congress (July 2019 - 2022),https://ldr.senate.gov.ph/bills/senate-bill-no-1902-18th-congress-republic,DOUBLING INCOME OF FARMERS ACT,"AN ACT TO PROMOTE AND ENHANCE THE DOUBLING OF INCOME OF FARMERS, APPROPRIATING FUNDS THEREFOR, AND FOR OTHER PURPOSES","MARCOS, IMEE R.","November 9, 2020",NATIONAL,FARMERS,"AGRICULTURE, FOOD AND AGRARIAN REFORM",PENDING IN THE COMMITTEE
Senate Bill No. 1339,18th Congress (July 2019 - 2022),https://ldr.senate.gov.ph/bills/senate-bill-no-1339-18th-congress-republic,EXEMPTING FARMER COOPERATIVES AND ASSOCIATIONS ENGAGED IN ORGANIC FERTILIZERS,"AN ACT EXEMPTING FARMER COOPERATIVES AND ASSOCIATIONS ENGAGED IN THE TRADE OF ORGANIC FERTILIZERS FROM PAYMENT OF REGISTRATION, LICENSING FEES AND ADMINISTRATIVE CHARGES, GRANTING AMNESTY FOR PREVIOUS VIOLATIONS OF PRESIDENTIAL DECREE 1144 AND AMENDING FOR THE PURPOSE OF PRESIDENTIAL DECREE 1144","BINAY, MARIA LOURDES NANCY S.","February 12, 2020",NATIONAL,FARMERS COOPERATIVES ORGANIC AGRICULTURE/ORGANIC FARMING,"AGRICULTURE, FOOD AND AGRARIAN REFORM",PENDING IN THE COMMITTEE
Senate Bill No. 1415,18th Congress (July 2019 - 2022),https://ldr.senate.gov.ph/bills/senate-bill-no-1415-18th-congress-republic,"FINANCIAL, HEALTH, AND FOOD ASSISTANCE IN TIMES OF EPIDEMIC AND PANDEMIC CRISIS ACT","AN ACT AMENDING SECTION 288 OF THE NATIONAL INTERNAL REVENUE CODE OF 1997, AS AMENDED, AND FOR OTHER PURPOSES","MARCOS, IMEE R.","March 23, 2020",NATIONAL,FINANCIAL ASSISTANCE health care FOOD SUBSIDY PROGRAM EPIDEMIC PANDEMIC NATIONAL INTERNAL REVENUE CODE (NIRC) COVID-19,WAYS AND MEANS,PENDING IN THE COMMITTEE
Senate Bill No. 1606,18th Congress (July 2019 - 2022),https://ldr.senate.gov.ph/bills/senate-bill-no-1606-18th-congress-republic,INCREASING THE BED CAPACITY OF THE NORTHERN MINDANAO MEDICAL CENTER,"AN ACT INCREASING THE BED CAPACITY OF THE NORTHERN MINDANAO MEDICAL CENTER IN CAGAYAN DE ORO CITY, PROVINCE OF MISAMIS ORIENTAL, FROM SIX HUNDRED (600) BEDS TO ONE THOUSAND TWO HUNDRED (1200) BEDS, UPGRADING ITS SERVICES AND FACILITIES, AUTHORIZING THE INCREASE OF ITS MEDICAL PERSONNEL AND APPROPRIATING FUNDS THEREFOR","MARCOS, IMEE R.","June 18, 2020",LOCAL,"HOSPITALS, INCREASE BED CAPACITY",HEALTH AND DEMOGRAPHY,PENDING IN THE COMMITTEE
Senate Bill No. 1671,18th Congress (July 2019 - 2022),https://ldr.senate.gov.ph/bills/senate-bill-no-1671-18th-congress-republic,"SIARGAO, SURIGAO DEL NORTE TESDA TRAINING AND ASSESSMENT CENTER ACT","AN ACT ESTABLISHING A TECHNICAL EDUCATION AND SKILLS DEVELOPMENT AUTHORITY (TESDA) TRAINING AND ASSESSMENT CENTER IN THE MUNICIPALITY OF DAPA, SIARGAO ISLAND, PROVINCE OF SURIGAO DEL NORTE, TO BE KNOWN AS THE SIARGAO, SURIGAO DEL NORTE TESDA TRAINING AND ASSESSMENT CENTER, AND APPROPRIATING FUNDS THEREFOR","MARCOS, IMEE R.","July 7, 2020",LOCAL,TESDA TRAINING AND ASSESSMENT CENTER,"HIGHER, TECHNICAL AND VOCATIONAL EDUCATION",PENDING IN THE COMMITTEE
Senate Bill No. 1362,18th Congress (July 2019 - 2022),https://ldr.senate.gov.ph/bills/senate-bill-no-1362-18th-congress-republic,SUSTAINABLE DEVELOPMENT FRAMEWORK ACT,AN ACT CREATING A FRAMEWORK FOR THE SUSTAINABLE DEVELOPMENT GOALS,"CAYETANO, PIA S.","February 18, 2020",NATIONAL,SUSTAINABLE DEVELOPMENT GOALS,"SUSTAINABLE DEVELOPMENT GOALS, INNOVATION AND FUTURES THINKING",PENDING IN THE COMMITTEE
Senate Bill No. 1426,18th Congress (July 2019 - 2022),https://ldr.senate.gov.ph/bills/senate-bill-no-1426-18th-congress-republic,"AMENDING R.A. NO. 7610 (PROTECTION OF CHILDREN AGAINST ABUSE, EXPLOITATION AND DISCRIMINATION)","AN ACT AMENDING REPUBLIC ACT NO. 7610, OTHERWISE KNOWN AS THE 'SPECIAL PROTECTION OF CHILDREN AGAINST ABUSE, EXPLOITATION AND DISCRIMINATION ACT', AS AMENDED, AND FOR OTHER PURPOSES","MARCOS, IMEE R.","April 16, 2020",NATIONAL,"CHILD ABUSE, EXPLOITATION AND DISCRIMINATION ACT (R.A. NO. 7610)","WOMEN, CHILDREN, FAMILY RELATIONS AND GENDER EQUALITY",PENDING IN THE COMMITTEE
Senate Bill No. 1406,18th Congress (July 2019 - 2022),https://ldr.senate.gov.ph/bills/senate-bill-no-1406-18th-congress-republic,ANTI-SPITTING ACT OF 2020,"AN ACT PROHIBITING THE ACT OF INDISCRIMINATE SPITTING AND EXPELLING NASAL MUCOUS IN PUBLIC PLACES, APPROPRIATING FUNDS THEREFOR, AND FOR OTHER PURPOSES","PACQUIAO, EMMANUEL ""MANNY"" D.","March 9, 2020",NATIONAL,ANTI-SPITTING,HEALTH AND DEMOGRAPHY,PENDING IN THE COMMITTEE
Senate Bill No. 1466,18th Congress (July 2019 - 2022),https://ldr.senate.gov.ph/bills/senate-bill-no-1466-18th-congress-republic,AMENDING ART. 38 OF P.D. NO. 442 (LABOR CODE OF THE PHILIPPINES),"AN ACT REDEFINING THE CRIME OF ILLEGAL RECRUITMENT COMMITTED BY A SYNDICATE, AMENDING FOR THE PURPOSE ARTICLE 38 OF PRESIDENTIAL DECREE NO. 442, OTHERWISE KNOWN AS THE 'LABOR CODE OF THE PHILIPPINES,' AS AMENDED AND SECTION 6 OF REPUBLIC ACT NO. 8042, OTHERWISE KNOWN AS THE 'MIGRANT WORKERS AND OVERSEAS FILIPINOS ACT OF 1995,' AS AMENDED","DE LIMA, LEILA M.","May 4, 2020",NATIONAL,ILLEGAL RECRUITMENT LABOR CODE OF THE PHILIPPINES (P.D. NO. 442) MIGRANT WORKERS AND OVERSEAS FILIPINOS,"LABOR, EMPLOYMENT AND HUMAN RESOURCES DEVELOPMENT",PENDING IN THE COMMITTEE
Senate Bill No. 1764,18th Congress (July 2019 - 2022),https://ldr.senate.gov.ph/bills/senate-bill-no-1764-18th-congress-republic,USE OF DIGITAL PAYMENTS ACT OF 2020,AN ACT PROMOTING THE ADOPTION OF DIGITAL PAYMENTS FOR FINANCIAL TRANSACTIONS OF THE GOVERNMENT AND ALL MERCHANTS AND FOR OTHER PURPOSES,"ANGARA, SONNY","August 10, 2020",NATIONAL,DIGITAL TECHNOLOGY PAYMENT SYSTEM,"BANKS, FINANCIAL INSTITUTIONS AND CURRENCIES",PENDING IN THE COMMITTEE
Senate Bill No. 1826,18th Congress (July 2019 - 2022),https://ldr.senate.gov.ph/bills/senate-bill-no-1826-18th-congress-republic,SECOND LEGISLATIVE DISTRICT OF THE PROVINCE OF RIZAL,AN ACT REAPPORTIONING THE SECOND LEGISLATIVE DISTRICT OF THE PROVINCE OF RIZAL INTO THREE (3) LEGISLATIVE DISTRICTS,"TOLENTINO, FRANCIS ""TOL"" N.","September 14, 2020",LOCAL,LEGISLATIVE DISTRICTS,LOCAL GOVERNMENT,CONSOLIDATED/SUBSTITUTED IN THE COMMITTEE REPORT
Senate Bill No. 1484,18th Congress (July 2019 - 2022),https://ldr.senate.gov.ph/bills/senate-bill-no-1484-18th-congress-republic,ICT HUB ACT,AN ACT ESTABLISHING AN INFORMATION AND COMMUNICATIONS TECHNOLOGY (ICT) HUB IN EVERY LEGISLATIVE DISTRICT OF THE PHILIPPINES AND FOR OTHER PURPOSES,"POE, GRACE","May 4, 2020",NATIONAL,INFORMATION AND COMMUNICATIONS TECHNOLOGY (ICT) LEGISLATIVE DISTRICTS,SCIENCE AND TECHNOLOGY,PENDING IN THE COMMITTEE
Senate Bill No. 1544,18th Congress (July 2019 - 2022),https://ldr.senate.gov.ph/bills/senate-bill-no-1544-18th-congress-republic,EXPANDING THE FUNCTION OF THE LUPONG TAGAPAMAYAPA,"AN ACT EXPANDING THE FUNCTION OF THE LUPONG TAGAPAMAYAPA, THEREBY AMENDING REPUBLIC ACT NO. 7160 OTHERWISE KNOWN AS THE 'LOCAL GOVERNMENT CODE', AND FOR OTHER PURPOSES","MARCOS, IMEE R.","May 26, 2020",NATIONAL,LUPON NG TAGAPAMAYAPA LOCAL GOVERNMENT CODE (R.A. NO. 7160),LOCAL GOVERNMENT,PENDING IN THE COMMITTEE
Senate Bill No. 1878,18th Congress (July 2019 - 2022),https://ldr.senate.gov.ph/bills/senate-bill-no-1878-18th-congress-republic,ENVIRONMENTAL PROTECTION AND ENFORCEMENT BUREAU (EPEB) ACT,"AN ACT CREATING THE ENVIRONMENTAL PROTECTION AND ENFORCEMENT BUREAU (EPEB) UNDER THE DEPARTMENT OF ENVIRONMENT AND NATURAL RESOURCES (DENR), PROVIDING FOR ITS POWERS AND FUNCTIONS AND APPROPRIATING FUNDS THEREFOR, AND FOR OTHER PURPOSES","BINAY, MARIA LOURDES NANCY S.","October 12, 2020",NATIONAL,ENVIRONMENTAL PROTECTION Department of Environment and Natural Resources (DENR),"CIVIL SERVICE, GOVERNMENT REORGANIZATION AND PROFESSIONAL REGULATION",PENDING IN THE COMMITTEE
Senate Bill No. 1941,18th Congress (July 2019 - 2022),https://ldr.senate.gov.ph/bills/senate-bill-no-1941-18th-congress-republic,"CONVERTING THE SAGADA-BESAO-QUIRINO, ILOCOS SUR ROAD INTO A NATIONAL ROAD","AN ACT CONVERTING THE SAGADA-BESAO-QUIRINO, ILOCOS SUR ROAD INTO A NATIONAL ROAD AND APPROPRIATING FUNDS THEREFOR","MARCOS, IMEE R.","December 9, 2020",LOCAL,"ROADS, CONVERSION",PUBLIC WORKS,PENDING IN THE COMMITTEE
Senate Bill No. 1657,18th Congress (July 2019 - 2022),https://ldr.senate.gov.ph/bills/senate-bill-no-1657-18th-congress-republic,AGUSAN DEL NORTE GENERAL HOSPITAL AND TRAINING CENTER,"AN ACT CONVERTING THE AGUSAN DEL NORTE PROVINCIAL HOSPITAL IN BUTUAN CITY, PROVINCE OF AGUSAN DEL NORTE INTO A LEVEL III TEACHING AND TRAINING HOSPITAL TO BE KNOWN AS THE AGUSAN DEL NORTE GENERAL HOSPITAL AND TRAINING CENTER, AND APPROPRIATING FUNDS THEREFOR","MARCOS, IMEE R.","July 7, 2020",LOCAL,"HOSPITALS, CONVERSION",HEALTH AND DEMOGRAPHY,PENDING IN THE COMMITTEE
Senate Bill No. 1720,18th Congress (July 2019 - 2022),https://ldr.senate.gov.ph/bills/senate-bill-no-1720-18th-congress-republic,"CONVERTING THE ILI-GUINAMGAMMAN-RIZAL PROVINCIAL ROAD, CONNECTING THE PROVINCE OF APAYAO AND CAGAYAN","AN ACT CONVERTING THE ILI-GUINAMGAMMAN-RIZAL PROVINCIAL ROAD, CONNECTING THE PROVINCE OF APAYAO AND PROVINCE OF CAGAYAN, INTO A NATIONAL ROAD AND APPROPRIATING FUNDS THEREFOR","MARCOS, IMEE R.","July 23, 2020",LOCAL,"ROADS, CONVERSION",RULES,PENDING IN THE COMMITTEE
Senate Bill No. 1374,18th Congress (July 2019 - 2022),https://ldr.senate.gov.ph/bills/senate-bill-no-1374-18th-congress-republic,FRANCHISE OF ABS-CBN CORPORATION,AN ACT AMENDING SECTION 1 OF REPUBLIC NO. 7966 TO EXTEND THE TERM OF THE FRANCHISE OF ABS-CBN CORPORATION UNTIL 31 DECEMBER 2020,"REVILLA JR., RAMON BONG","February 26, 2020",NATIONAL,ABS-CBN CORPORATION,PUBLIC SERVICES,PENDING IN THE COMMITTEE
Senate Bill No. 1441,18th Congress (July 2019 - 2022),https://ldr.senate.gov.ph/bills/senate-bill-no-1441-18th-congress-republic,BALIK TRABAHONG LIGTAS ACT,AN ACT MANDATING LIFE INSURANCE AND ADDITIONAL HEALTH INSURANCE COVERAGE FOR ALL WORKERS IN THE PUBLIC AND PRIVATE SECTOR COMPELLED TO RENDER SERVICE OUTSIDE THE HOME DURING A PUBLIC HEALTH EMERGENCY,"HONTIVEROS, RISA","April 27, 2020",NATIONAL,HEALTH INSURANCE PUBLIC SECTOR private sector COVID-19,"LABOR, EMPLOYMENT AND HUMAN RESOURCES DEVELOPMENT",PENDING IN THE COMMITTEE
Senate Bill No. 1730,18th Congress (July 2019 - 2022),https://ldr.senate.gov.ph/bills/senate-bill-no-1730-18th-congress-republic,SANTIAGO NATIONAL HIGH SCHOOL (SNHS),"AN ACT SEPARATING THE ILIGAN CITY EAST NATIONAL HIGH SCHOOL - SANTIAGO ANNEX IN BARANGAY SANTIAGO, ILIGAN CITY FROM THE ILIGAN CITY EAST NATIONAL HIGH SCHOOL (ICENHS), AND CONVERTING IT INTO AN INDEPENDENT NATIONAL HIGH SCHOOL TO BE KNOWN AS THE SANTIAGO NATIONAL HIGH SCHOOL (SNHS) AND APPROPRIATING FUNDS THEREFOR","MARCOS, IMEE R.","July 23, 2020",LOCAL,"SCHOOLS, CONVERSION",RULES,PENDING IN THE COMMITTEE
Senate Bill No. 1794,18th Congress (July 2019 - 2022),https://ldr.senate.gov.ph/bills/senate-bill-no-1794-18th-congress-republic,ELIMINATING TRAFFICKING IN PERSONS,"AN ACT STRENGTHENING REPUBLIC ACT NO. 9208, AS AMENDED BY REPUBLIC ACT NO. 10364, ENTITLED ""AN ACT TO INSTITUTE POLICIES TO ELIMINATE TRAFFICKING IN PERSONS ESPECIALLY WOMEN AND CHILDREN, ESTABLISHING THE NECESSARY INSTITUTIONAL MECHANISMS FOR THE PROTECTION AND SUPPORT OF TRAFFICKED PERSONS, PROVIDING PENALTIES FOR ITS VIOLATIONS, AND FOR OTHER PURPOSES","GATCHALIAN, WIN","August 26, 2020",NATIONAL,ANTI-TRAFFICKING WOMEN CHILDREN/CHILD CARE,"WOMEN, CHILDREN, FAMILY RELATIONS AND GENDER EQUALITY",CONSOLIDATED/SUBSTITUTED IN THE COMMITTEE REPORT
Senate Bill No. 1512,18th Congress (July 2019 - 2022),https://ldr.senate.gov.ph/bills/senate-bill-no-1512-18th-congress-republic,PHILIPPINE E-HEALTH SYSTEMS AND SERVICES ACT OF 2020,"AN ACT ESTABLISHING THE PHILIPPINE E-HEALTH SYSTEM IN THE DELIVERY OF HEALTH SERVICES WITH THE USE OF INFORMATION AND COMMUNICATIONS TECHNOLOGY IN THE PHILIPPINES, AND APPROPRIATING FUNDS THEREFOR","REVILLA JR., RAMON BONG","May 4, 2020",NATIONAL,E-HEALTH (ELECTRONIC HEALTH) HEALTH CARE DELIVERY SYSTEM,HEALTH AND DEMOGRAPHY,PENDING IN THE COMMITTEE
Senate Bill No. 1576,18th Congress (July 2019 - 2022),https://ldr.senate.gov.ph/bills/senate-bill-no-1576-18th-congress-republic,PUNTA JUNIOR HIGH SCHOOL,"AN ACT ESTABLISHING A NATIONAL JUNIOR HIGH SCHOOL IN BARANGAY PUNTA, BAYBAY CITY, PROVINCE OF LEYTE TO BE KNOWN AS PUNTA JUNIOR HIGH SCHOOL AND APPROPRIATING FUNDS THEREFOR","MARCOS, IMEE R.","June 2, 2020",LOCAL,"SCHOOLS, ESTABLISHMENT","BASIC EDUCATION, ARTS AND CULTURE",CONSOLIDATED/SUBSTITUTED IN THE COMMITTEE REPORT
Senate Bill No. 1846,18th Congress (July 2019 - 2022),https://ldr.senate.gov.ph/bills/senate-bill-no-1846-18th-congress-republic,ELECTRONICS DONATION AND RECYCLING ACT,AN ACT ESTABLISHING AN ELECTRONICS DONATION AND RECYCLING PROGRAM ALL OVER THE COUNTRY,"LAPID, MANUEL ""LITO"" M.","September 23, 2020",NATIONAL,ELECTRONIC GADGETS MOBILE WIRELESS DEVICES,"ENVIRONMENT, NATURAL RESOURCES AND CLIMATE CHANGE",PENDING IN THE COMMITTEE
Senate Bill No. 1910,18th Congress (July 2019 - 2022),https://ldr.senate.gov.ph/bills/senate-bill-no-1910-18th-congress-republic,EXPANDED EMPLOYMENT SECURITY ACT,AN ACT PROVIDING EXPANDED EMPLOYMENT SECURITY FOR WORKERS AND DEFINING RESPONSIBILITY OF EMPLOYERS WITH RESPECT TO EXPOSURE TO COVID-19,"LAPID, MANUEL ""LITO"" M.","November 10, 2020",NATIONAL,SECURITY OF TENURE COVID-19,"LABOR, EMPLOYMENT AND HUMAN RESOURCES DEVELOPMENT",PENDING IN THE COMMITTEE
Senate Bill No. 1624,18th Congress (July 2019 - 2022),https://ldr.senate.gov.ph/bills/senate-bill-no-1624-18th-congress-republic,SINACBAT NATIONAL HIGH SCHOOL,"AN ACT CONVERTING THE BAKUN NATIONAL HIGH SCHOOL  SINACBAT ANNEX IN BARANGAY SINACBAT, MUNICIPALITY OF BAKUN, PROVINCE OF BENGUET INTO AN INDEPENDENT NATIONAL HIGH SCHOOL TO BE KNOWN AS THE SINACBAT NATIONAL HIGH SCHOOL AND APPROPRIATING FUNDS THEREFOR","MARCOS, IMEE R.","June 18, 2020",LOCAL,"SCHOOLS, CONVERSION",RULES,PENDING IN THE COMMITTEE
Senate Bill No. 1857,18th Congress (July 2019 - 2022),https://ldr.senate.gov.ph/bills/senate-bill-no-1857-18th-congress-republic,MABALACAT LTO EXTENSION OFFICE (PAMPANGA),"AN ACT CONVERTING THE MABALACAT EXTENSION OFFICE OF THE LAND TRANSPORTATION OFFICE (LTO) LOCATED IN MABALACAT CITY, PAMPANGA INTO A REGULAR LTO DISTRICT OFFICE, AND APPROPRIATING FUNDS THEREFOR","LAPID, MANUEL ""LITO"" M.","September 30, 2020",LOCAL,LAND TRANSPORTATION OFFICE (LTO),PUBLIC SERVICES,PENDING IN THE COMMITTEE
Senate Bill No. 1921,18th Congress (July 2019 - 2022),https://ldr.senate.gov.ph/bills/senate-bill-no-1921-18th-congress-republic,AMENDING R.A. NO. 11494 (BAYANIHAN TO RECOVER AS ONE ACT),"AN ACT AMENDING REPUBLIC ACT NO. 11494, OTHERWISE KNOWN AS THE 'BAYANIHAN TO RECOVER AS ONE ACT', EXTENDING ITS VALIDITY UNTIL DECEMBER 31, 2021","MARCOS, IMEE R.","November 18, 2020",NATIONAL,BAYANIHAN TO RECOVER AS ONE,FINANCE,CONSOLIDATED/SUBSTITUTED IN THE COMMITTEE REPORT
Senate Bill No. 1636,18th Congress (July 2019 - 2022),https://ldr.senate.gov.ph/bills/senate-bill-no-1636-18th-congress-republic,INFORMAL ECONOMY REGISTRATION AND NATIONAL DATABASE ACT,"AN ACT INSTITUTIONALIZING THE REGISTRATION AND THE NATIONAL DATABASE FOR WORKERS, ECONOMIC UNITS, AND ORGANIZATIONS OR ASSOCIATIONS IN THE INFORMAL ECONOMY AND FOR OTHER PURPOSES","ANGARA, SONNY","June 24, 2020",NATIONAL,INFORMAL ECONOMY REGISTRATION AND NATIONAL DATABASE PANDEMIC COVID-19,"LABOR, EMPLOYMENT AND HUMAN RESOURCES DEVELOPMENT",PENDING IN THE COMMITTEE
Senate Bill No. 1699,18th Congress (July 2019 - 2022),https://ldr.senate.gov.ph/bills/senate-bill-no-1699-18th-congress-republic,CONVERTING THE NATIONAL ROAD JUNCTION (NRJ) SIBAGAT- VILLANGIT- NEW TUBIGON- SAN JUAN- DIVER ROAD,"AN ACT CONVERTING THE NATIONAL ROAD JUNCTION (NRJ) SIBAGAT- VILLANGIT- NEW TUBIGON- SAN JUAN- DIVER ROAD, LOCATED IN THE PROVINCE OF AGUSAN DEL SUR INTO A NATIONAL ROAD AND APPROPRIATING FUNDS THEREFORE","MARCOS, IMEE R.","July 14, 2020",LOCAL,"ROADS, CONVERSION",RULES,PENDING IN THE COMMITTEE
Senate Bill No. 1417,18th Congress (July 2019 - 2022),https://ldr.senate.gov.ph/bills/senate-bill-no-1417-18th-congress-republic,ECONOMIC RESCUE PLAN FOR COVID-19,"AN ACT APPROPRIATING THE SUM OF ONE HUNDRED EIGHT BILLION PESOS (P108,000,000,000) FOR THE 2020 FISCAL STIMULUS PACKAGE TO ADDRESS THE ECONOMIC IMPACT OF COVID-19","ANGARA, SONNY","March 23, 2020",NATIONAL,APPROPRIATIONS/SUPPLEMENTAL APPROPRIATIONS COVID-19,FINANCE,CONSOLIDATED/SUBSTITUTED IN THE COMMITTEE REPORT
Senate Bill No. 1773,18th Congress (July 2019 - 2022),https://ldr.senate.gov.ph/bills/senate-bill-no-1773-18th-congress-republic,ONE-PATIENT-ONE ELECTRONIC MEDICAL RECORD SYSTEM,"AN ACT ESTABLISHING THE ONE PATIENT- ONE ELECTRONIC MEDICAL RECORD SYSTEM IN THE PHILIPPINES THEREBY CREATING THE OFFICE OF THE NATIONAL COORDINATOR FOR HEALTH INFORMATION TECHNOLOGY, APPROPRIATING FUNDS THEREFOR AND FOR OTHER PURPOSES","GORDON, RICHARD J.","August 13, 2020",NATIONAL,ONE PATIENT - ONE ELECTRONIC MEDICAL RECORD HEALTH INFORMATION TECHNOLOGY CENTER,HEALTH AND DEMOGRAPHY,PENDING IN THE COMMITTEE
Senate Bill No. 1837,18th Congress (July 2019 - 2022),https://ldr.senate.gov.ph/bills/senate-bill-no-1837-18th-congress-republic,MINIMUM WAGE FOR NURSES IN PRIVATE HOSPITAL,AN ACT DIRECTING THE NATIONAL WAGES PRODUCTIVITY COMMISSION OF THE DEPARTMENT OF LABOR AND EMPLOYMENT TO ESTABLISH A MINIMUM WAGE FOR NURSES IN PRIVATE HOSPITAL,"VILLAR, CYNTHIA A.","September 21, 2020",NATIONAL,NURSES/NURSING SALARY HOSPITALS (PRIVATE HOSPITALS) DEPARTMENT OF LABOR AND EMPLOYMENT (DOLE),"LABOR, EMPLOYMENT AND HUMAN RESOURCES DEVELOPMENT",PENDING IN THE COMMITTEE
Senate Bill No. 1495,18th Congress (July 2019 - 2022),https://ldr.senate.gov.ph/bills/senate-bill-no-1495-18th-congress-republic,PHILIPPINE MINERAL RESOURCES ACT,"AN ACT TO REGULATE THE RATIONAL EXPLORATION, DEVELOPMENT AND UTILIZATION OF MINERAL RESOURCES, AND TO ENSURE THE EQUITABLE SHARING OF BENEFITS FOR THE STATE, INDIGENOUS PEOPLES AND LOCAL COMMUNITIES, AND FOR OTHER PURPOSES","POE, GRACE","May 4, 2020",NATIONAL,MINERAL RESOURCES INDIGENOUS CULTURAL COMMUNITIES,"ENVIRONMENT, NATURAL RESOURCES AND CLIMATE CHANGE",PENDING IN THE COMMITTEE
Senate Bill No. 1555,18th Congress (July 2019 - 2022),https://ldr.senate.gov.ph/bills/senate-bill-no-1555-18th-congress-republic,BALANGA CITY TESDA TRAINING AND ASSESSMENT CENTER ACT,"AN ACT ESTABLISHING A TECHNICAL EDUCATION AND SKILLS DEVELOPMENT AUTHORITY (TESDA) TRAINING AND ASSESSMENT CENTER IN BALANGA CITY, PROVINCE OF BATAAN, TO BE KNOWN AS THE 'BALANGA CITY TESDA TRAINING AND ASSESSMENT CENTER,' AND APPROPRIATING FUNDS THEREFOR","MARCOS, IMEE R.","May 27, 2020",LOCAL,TECHNICAL EDUCATION AND SKILLS DEVELOPMENT AUTHORITY (TESDA),"HIGHER, TECHNICAL AND VOCATIONAL EDUCATION",PENDING IN THE COMMITTEE
Senate Bill No. 1889,18th Congress (July 2019 - 2022),https://ldr.senate.gov.ph/bills/senate-bill-no-1889-18th-congress-republic,PHILIPPINE LICENSING BOARD FOR CONTRACTORS,"AN ACT AMENDING REPUBLIC ACT NO. 4566, OTHERWISE KNOWN AS 'AN ACT CREATING THE PHILIPPINE LICENSING BOARD FOR CONTRACTORS, PRESCRIBING ITS POWERS, DUTIES AND FUNCTIONS, PROVIDING FUNDS THEREFOR, AND FOR OTHER PURPOSES,' THEREBY STRENGTHENING THE REGULATORY POWERS OF THE PHILIPPINE CONTRACTORS ACCREDITATION BOARD (PCAB)","LAPID, MANUEL ""LITO"" M.","October 14, 2020",NATIONAL,PHILIPPINE LICENSING BOARD FOR CONTRACTORS,"TRADE, COMMERCE AND ENTREPRENEURSHIP",CONSOLIDATED/SUBSTITUTED IN THE COMMITTEE REPORT
Senate Bill No. 1953,18th Congress (July 2019 - 2022),https://ldr.senate.gov.ph/bills/senate-bill-no-1953-18th-congress-republic,BAYANIHAN TO REBUILD AS ONE ACT,"AN ACT PROVIDING FOR ADDITIONAL MECHANISMS TO ACCELERATE THE RECOVERY AND BOLSTER THE RESILIENCY OF THE PHILIPPINE ECONOMY, PROVIDING FUNDS THEREFOR AND FOR OTHER PURPOSES",Ralph G. Recto,"December 14, 2020",NATIONAL,BAYANIHAN TO REBUILD AS ONE,ECONOMIC AFFAIRS,PENDING IN THE COMMITTEE
Senate Bill No. 1603,18th Congress (July 2019 - 2022),https://ldr.senate.gov.ph/bills/senate-bill-no-1603-18th-congress-republic,AMAI PAKPAK MEDICAL CENTER ANNEX,"AN ACT CONVERTING THE WAO DISTRICT HOSPITAL IN THE MUNICIPALITY OF WAO, PROVINCE OF LANAO DEL SUR INTO A LEVEL II HOSPITAL FUNCTIONING AS AN ANNEX OF AMAI PAKPAK MEDICAL CENTER TO BE KNOWN AS THE AMAI PAKPAK MEDICAL CENTER ANNEX AND APPROPRIATING FUNDS THEREFOR","MARCOS, IMEE R.","June 18, 2020",LOCAL,"HOSPITALS, CONVERSION",RULES,PENDING IN THE COMMITTEE
Senate Bill No. 1668,18th Congress (July 2019 - 2022),https://ldr.senate.gov.ph/bills/senate-bill-no-1668-18th-congress-republic,ASUNCION-PAKU NATIONAL HIGHWAY,"AN ACT CONVERTING THE BARANGAY ROAD FROM BARANGAY ASUNCION IN MAASIN CITY TO BARANGAY PAKU, BONTOC IN THE PROVINCE OF SOUTHERN LEYTE INTO A NATIONAL ROAD, TO BE KNOWN AS ASUNCION-PAKU NATIONAL HIGHWAY AND APPROPRIATING FUNDS THEREFOR","MARCOS, IMEE R.","July 7, 2020",LOCAL,"ROADS, CONVERSION",RULES,PENDING IN THE COMMITTEE
Senate Bill No. 1385,18th Congress (July 2019 - 2022),https://ldr.senate.gov.ph/bills/senate-bill-no-1385-18th-congress-republic,STRENGTHENING THE INTERNAL AFFAIRS SERVICE (IAS) OF THE PNP,"AN ACT STRENGTHENING THE INTERNAL AFFAIRS SERVICE (IAS) OF THE PHILIPPINE NATIONAL POLICE (PNP), AMENDING FOR THE PURPOSE REPUBLIC ACT NO. 8551, OTHERWISE KNOWN AS THE 'PHILIPPINE NATIONAL POLICE REFORM AND REORGANIZATION ACT OF 1998'","MARCOS, IMEE R.","March 2, 2020",NATIONAL,INTERNAL AFFAIRS SERVICE PHILIPPINE NATIONAL POLICE (PNP) PHILIPPINE NATIONAL POLICE REFORM AND REORGANIZATION ACT OF 1998 (R.A.NO. 8551),PUBLIC ORDER AND DANGEROUS DRUGS,PENDING IN THE COMMITTEE
Senate Bill No. 1453,18th Congress (July 2019 - 2022),https://ldr.senate.gov.ph/bills/senate-bill-no-1453-18th-congress-republic,HAZARD PAY FOR WORKERS IN CRITICAL INDUSTRIES ACT,AN ACT GRANTING HAZARD PAY TO WORKERS IN CRITICAL INDUSTRIES DURING A STATE OF CALAMITY OR EMERGENCY OR PUBLIC HEALTH EMERGENCY,"VILLANUEVA, JOEL","April 27, 2020",NATIONAL,HAZARD PAY COVID-19,"LABOR, EMPLOYMENT AND HUMAN RESOURCES DEVELOPMENT",PENDING IN THE COMMITTEE
Senate Bill No. 1741,18th Congress (July 2019 - 2022),https://ldr.senate.gov.ph/bills/senate-bill-no-1741-18th-congress-republic,CACAO AND CHOCOLATE CAPITAL OF THE PHILIPPINES (DAVAO CITY),AN ACT DECLARING THE CITY OF DAVAO AS THE CACAO AND CHOCOLATE CAPITAL OF THE PHILIPPINES,"VILLAR, CYNTHIA A.","July 27, 2020",NATIONAL,CACAO AND CHOCOLATE CAPITAL,"AGRICULTURE, FOOD AND AGRARIAN REFORM",APPROVED BY THE PRESIDENT OF THE PHILIPPINES
Senate Bill No. 1806,18th Congress (July 2019 - 2022),https://ldr.senate.gov.ph/bills/senate-bill-no-1806-18th-congress-republic,CREMATORIES REGULATION ACT,"AN ACT REGULATING CREMATORIES, AND FOR OTHER PURPOSES","REVILLA JR., RAMON BONG","September 1, 2020",NATIONAL,CREMATORY/CREMATORIES,HEALTH AND DEMOGRAPHY,PENDING IN THE COMMITTEE
Senate Bill No. 1523,18th Congress (July 2019 - 2022),https://ldr.senate.gov.ph/bills/senate-bill-no-1523-18th-congress-republic,JOURNALISTS PROTECTION ACT OF 2020,"AN ACT PROVIDING FOR MANDATORY INSURANCE COVERAGE AND BENEFITS AND HAZARD PAY FOR JOURNALISTS, EMPLOYEES OF MEDIA ENTITIES ON FIELD ASSIGNMENTS AND FREELANCE JOURNALISTS, AND FOR OTHER PURPOSES","DE LIMA, LEILA M.","May 12, 2020",NATIONAL,JOURNALIST WELFARE MEDIA PRACTITIONERS,PUBLIC INFORMATION AND MASS MEDIA,PENDING IN THE COMMITTEE
Senate Bill No. 1587,18th Congress (July 2019 - 2022),https://ldr.senate.gov.ph/bills/senate-bill-no-1587-18th-congress-republic,NATIONAL YOUTH DAY,AN ACT DECLARING AUGUST 12 OF EVERY YEAR AS THE NATIONAL YOUTH DAY,"REVILLA JR., RAMON BONG","June 4, 2020",LOCAL,NATIONAL YOUTH DAY,YOUTH,PENDING IN THE COMMITTEE
Senate Bill No. 1752,18th Congress (July 2019 - 2022),https://ldr.senate.gov.ph/bills/senate-bill-no-1752-18th-congress-republic,NATIONAL EMERGENCY STOCKPILE ACT,"AN ACT MANDATING THE ESTABLISHMENT OF THE NATIONAL EMERGENCY STOCKPILE, AND APPROPRIATING FUNDS THEREFOR","LAPID, MANUEL ""LITO"" M.","July 29, 2020",NATIONAL,NATIONAL EMERGENCY STOCKPILE NATIONAL DISASTER RISK REDUCTION AND MANAGEMENT COUNCIL (NDRRMC),"NATIONAL DEFENSE AND SECURITY, PEACE, UNIFICATION AND RECONCILIATION",PENDING IN THE COMMITTEE
Senate Bill No. 1816,18th Congress (July 2019 - 2022),https://ldr.senate.gov.ph/bills/senate-bill-no-1816-18th-congress-republic,CABUAYA NATIONAL HIGH SCHOOL,"AN ACT ESTABLISHING A NATIONAL HIGH SCHOOL IN BARANGAY CABUAYA, CITY OF MATI, PROVINCE OF DAVAO ORIENTAL TO BE KNOWN AS CABUAYA NATIONAL HIGH SCHOOL AND APPROPRIATING FUNDS THEREFOR","MARCOS, IMEE R.","September 8, 2020",LOCAL,"SCHOOLS, ESTABLISHMENT",RULES,PENDING IN THE COMMITTEE
Senate Bill No. 1288,18th Congress (July 2019 - 2022),https://ldr.senate.gov.ph/bills/senate-bill-no-1288-18th-congress-republic,OFFICE OF THE SURGEON GENERAL OF THE PHILIPPINES ACT OF 2020,"AN ACT CREATING THE OFFICE OF THE SURGEON GENERAL OF THE PHILIPPINES, PROVIDING ITS FUNCTIONS, APPROPRIATING FUNDS THEREFOR AND FOR OTHER PURPOSES","TOLENTINO, FRANCIS ""TOL"" N.","January 22, 2020",NATIONAL,N/A,HEALTH AND DEMOGRAPHY,PENDING IN THE COMMITTEE
Senate Bill No. 1350,18th Congress (July 2019 - 2022),https://ldr.senate.gov.ph/bills/senate-bill-no-1350-18th-congress-republic,PROVINCIAL SCIENCE AND TECHNOLOGY OFFICERS ACT,"AN ACT UPGRADING THE POSITION OF THE PROVINCIAL SCIENCE AND TECHNOLOGY OFFICER INTO THE PROVINCIAL SCIENCE DIRECTOR IN THE DEPARTMENT OF SCIENCE AND TECHNOLOGY AMENDING REPUBLIC AC NO.6959, APPROPRIATING FUNDS THEREFOR AND FOR OTHER PURPOSES","BINAY, MARIA LOURDES NANCY S.","February 17, 2020",NATIONAL,PROVINCIAL SCIENCE AND TECHNOLOGY DIRECTOR Department of Science and Technology (DOST),SCIENCE AND TECHNOLOGY,PENDING IN THE COMMITTEE
Senate Bill No. 1534,18th Congress (July 2019 - 2022),https://ldr.senate.gov.ph/bills/senate-bill-no-1534-18th-congress-republic,PRIVATE HEALTH WORKERS INCENTIVES AND BENEFITS ACT,"AN ACT PROVIDING FOR INCENTIVES AND BENEFITS FOR HEALTH WORKERS IN THE PRIVATE SECTOR, APPROPRIATING FUNDS THEREFOR, AND FOR OTHER PURPOSES","DELA ROSA, RONALD ""BATO""","May 18, 2020",NATIONAL,HEALTHCARE WORKERS,HEALTH AND DEMOGRAPHY,PENDING IN THE COMMITTEE
Senate Bill No. 1598,18th Congress (July 2019 - 2022),https://ldr.senate.gov.ph/bills/senate-bill-no-1598-18th-congress-republic,LAST MILE BROADBAND INTERNET CONNECTION ACT,AN ACT PROVIDING FOR THE ESTABLISHMENT OF BROADBAND INTERNET CONNECTION IN UNSERVED AND UNDERSERVED AREAS ALL OVER THE PHILIPPINES,"LAPID, MANUEL ""LITO"" M.","June 16, 2020",NATIONAL,LAST MILE BROADBAND INTERNET CONNECTION INTERNET ACCESS,PUBLIC SERVICES,PENDING IN THE COMMITTEE
Senate Bill No. 1445,18th Congress (July 2019 - 2022),https://ldr.senate.gov.ph/bills/senate-bill-no-1445-18th-congress-republic,COVID-19 DISEASE PREVENTION AND CONTROL CENTER,"AN ACT ESTABLISHING A NATIONAL COVID-19 CENTER, TO BE KNOWN AS THE COVID-19 DISEASE PREVENTION AND CONTROL CENTER","PACQUIAO, EMMANUEL ""MANNY"" D.","April 27, 2020",NATIONAL,COVID-19,HEALTH AND DEMOGRAPHY,PENDING IN THE COMMITTEE
Senate Bill No. 1762,18th Congress (July 2019 - 2022),https://ldr.senate.gov.ph/bills/senate-bill-no-1762-18th-congress-republic,ENHANCING THE CONTINUING PROFESSIONAL DEVELOPMENT OF FILIPINO WORKERS,"AN ACT ENHANCING THE CONTINUING PROFESSIONAL DEVELOPMENT OF FILIPINO WORKERS AND PROFESSIONALS, AMENDING FOR THE PURPOSE REPUBLIC ACT NO. 10912, OTHERWISE KNOWN AS THE CONTINUING PROFESSIONAL DEVELOPMENT ACT OF 2016","VILLANUEVA, JOEL","August 10, 2020",NATIONAL,PROFESSIONAL REGULATION COMMISSION (PRC) CONTINUING PROFESSIONAL DEVELOPMENT (R.A.NO. 10912),"CIVIL SERVICE, GOVERNMENT REORGANIZATION AND PROFESSIONAL REGULATION",PENDING IN THE COMMITTEE
Senate Bill No. 1824,18th Congress (July 2019 - 2022),https://ldr.senate.gov.ph/bills/senate-bill-no-1824-18th-congress-republic,CHARTER OF THE PROVINCES OF NORTHERN MAGUINDANAO AND SOUTHERN MAGUINDANAO,"AN ACT DIVIDING THE PROVINCE OF MAGUINDANAO INTO TWO (2) PROVINCES, NAMELY: NORTHERN MAGUINDANAO AND SOUTHERN MAGUINDANAO","TOLENTINO, FRANCIS ""TOL"" N.","September 14, 2020",LOCAL,"PROVINCE, CREATION AND/OR RENAMING SEAT OF GOVERNMENT",LOCAL GOVERNMENT,CONSOLIDATED/SUBSTITUTED IN THE COMMITTEE REPORT
Senate Bill No. 1516,18th Congress (July 2019 - 2022),https://ldr.senate.gov.ph/bills/senate-bill-no-1516-18th-congress-republic,ONLINE VOTER REGISTRATION ACT,"AN ACT AUTHORIZING THE COMMISSION ON ELECTIONS TO USE AND IMPLEMENT AN AUTOMATED AND ONLINE SYSTEM FOR VOTER REGISTRATION, PROVIDING FUNDS THEREFOR, AND FOR OTHER PURPOSES","VILLANUEVA, JOEL","May 11, 2020",NATIONAL,VOTERS REGISTRATION COMMISSION ON ELECTION (COMELEC),ELECTORAL REFORMS AND PEOPLES PARTICIPATION,PENDING IN THE COMMITTEE
Senate Bill No. 1580,18th Congress (July 2019 - 2022),https://ldr.senate.gov.ph/bills/senate-bill-no-1580-18th-congress-republic,INTERNET CONGESTION AND HOME AND MOBILE COMMUNICATION UNIT PROBLEMS,AN ACT AMENDING REPUBLIC ACT NO. 11469 TO ADDITIONALLY ADDRESS INTERNET CONGESTION AND HOME AND MOBILE COMMUNICATION UNIT PROBLEMS IN THE COUNTRY,"PACQUIAO, EMMANUEL ""MANNY"" D.","June 2, 2020",NATIONAL,INTERNET ACCESS MOBILE WIRELESS DEVICES BAYANIHAN TO HEAL AS ONE ACT,FINANCE,PENDING IN THE COMMITTEE
Senate Bill No. 1272,18th Congress (July 2019 - 2022),https://ldr.senate.gov.ph/bills/senate-bill-no-1272-18th-congress-republic,EXPANDED PHILIPPINE DISASTER RISK REDUCTION AND MANAGEMENT FRAMEWORK OF 2020,"AN ACT AMENDING REPUBLIC ACT NO. 10121, OTHERWISE KNOWN AS 'PHILIPPINE DISASTER RISK REDUCTION AND MANAGEMENT ACT OF 2010' BY REINFORCING LOCAL GOVERNMENT COORDINATION AND RESPONSE EFFORTS, AND FOR OTHER PURPOSES","TOLENTINO, FRANCIS ""TOL"" N.","January 20, 2020",NATIONAL,PHILIPPINE DISASTER RISK REDUCTION AND MANAGEMENT ACT OF 2010 (R.A.NO. 10121),"NATIONAL DEFENSE AND SECURITY, PEACE, UNIFICATION AND RECONCILIATION",PENDING IN THE COMMITTEE
Senate Bill No. 1897,18th Congress (July 2019 - 2022),https://ldr.senate.gov.ph/bills/senate-bill-no-1897-18th-congress-republic,REALIGNING THE METROPOLITAN MANILA DEVELOPMENT AUTHORITY'S SHARE IN THE IRA,"AN ACT APPROPRIATING ADDITIONAL BUDGETARY SUPPORT TO LOCAL GOVERNMENT UNITS BY REALIGNING THE METROPOLITAN MANILA DEVELOPMENT AUTHORITY'S SHARE IN THE INTERNAL REVENUE ALLOTMENT (IRA), AMENDING FOR THIS PURPOSE ARTICLE 10 OF REPUBLIC ACT NO. 7924, OTHERWISE KNOWN AS 'AN ACT CREATING THE METROPOLITAN MANILA DEVELOPMENT AUTHORITY, DEFINING ITS POWERS AND FUNCTIONS, PROVIDING FUNDING THEREFOR AND FOR OTHER PURPOSES', TO FAITHFULLY COMPLY WITH THE CONSTITUTIONAL MANDATE TO ENSURE THE AUTONOMY OF LOCAL GOVERNMENTS","DE LIMA, LEILA M.","November 5, 2020",NATIONAL,LOCAL GOVERNMENT UNITS (LGUs) INTERNAL REVENUE ALLOTMENT (LOCAL GOVERNMENT UNITS) METRO MANILA DEVELOPMENT AUTHORITY (MMDA),LOCAL GOVERNMENT,PENDING IN THE COMMITTEE
Senate Bill No. 1341,18th Congress (July 2019 - 2022),https://ldr.senate.gov.ph/bills/senate-bill-no-1341-18th-congress-republic,THE MOTORCYCLES-FOR-HIRE ACT,"AN ACT ALLOWING AND REGULATING THE USE OF MOTORCYCLES AS PUBLIC UTILITY VEHICLES, AMENDING FOR THE PURPOSE REPUBLIC ACT NO. 4136, OTHERWISE KNOWN AS THE LAND TRANSPORTATION AND TRAFFIC CODE, AND FOR OTHER PURPOSES","RECTO, RALPH G.","February 12, 2020",NATIONAL,MOTORCYCLE Motor Vehicles,PUBLIC SERVICES,"PENDING SECOND READING, SPECIAL ORDER"
Senate Bill No. 1962,18th Congress (July 2019 - 2022),https://ldr.senate.gov.ph/bills/senate-bill-no-1962-18th-congress-republic,PROVINCIAL OFFICE OF THE COMMISSION ON HIGHER EDUCATION IN THE PROVINCE OF NORTHERN SAMAR,"AN ACT ESTABLISHING A PROVINCIAL OFFICE OF THE COMMISSION ON HIGHER EDUCATION IN THE PROVINCE OF NORTHERN SAMAR, AND APPROPRIATING FUNDS THEREFOR","ZUBIRI, JUAN MIGUEL ""MIGZ"" F.","December 21, 2020",LOCAL,COMMISSION ON HIGHER EDUCATION (CHED),"HIGHER, TECHNICAL AND VOCATIONAL EDUCATION",CONSOLIDATED/SUBSTITUTED IN THE COMMITTEE REPORT
Senate Bill No. 1655,18th Congress (July 2019 - 2022),https://ldr.senate.gov.ph/bills/senate-bill-no-1655-18th-congress-republic,LINGAYEN DISTRICT HOSPITAL,"AN ACT INCREASING THE BED CAPACITY OF THE LINGAYEN DISTRICT HOSPITAL IN LINGAYEN, PANGASINAN FROM SIXTY (60) TO ONE HUNDRED (100) AND APPROPRIATING FUNDS THEREFOR","MARCOS, IMEE R.","July 7, 2020",LOCAL,"HOSPITALS, INCREASE BED CAPACITY",HEALTH AND DEMOGRAPHY,PENDING IN THE COMMITTEE
Senate Bill No. 1718,18th Congress (July 2019 - 2022),https://ldr.senate.gov.ph/bills/senate-bill-no-1718-18th-congress-republic,CONVERTING THE ASIPULO-LAMUT-LAGAWE-AGUINALDO PROVINCIAL ROAD IN THE PROVINCE OF IFUGAO,AN ACT CONVERTING THE ASIPULO-LAMUT-LAGAWE-AGUINALDO PROVINCIAL ROAD IN THE PROVINCE OF IFUGAO INTO A NATIONAL ROAD,"MARCOS, IMEE R.","July 23, 2020",LOCAL,"ROADS, CONVERSION",RULES,PENDING IN THE COMMITTEE
Senate Bill No. 1410,18th Congress (July 2019 - 2022),https://ldr.senate.gov.ph/bills/senate-bill-no-1410-18th-congress-republic,REPEALING ARTICLE 247 OF THE REVISED PENAL CODE,AN ACT REPEALING ARTICLE 247 OF THE REVISED PENAL CODE,"POE, GRACE","March 11, 2020",NATIONAL,REVISED PENAL CODE (R.A. NO. 3815) ANTI-DISCRIMINATION WOMEN,JUSTICE AND HUMAN RIGHTS,PENDING IN THE COMMITTEE
Senate Bill No. 1472,18th Congress (July 2019 - 2022),https://ldr.senate.gov.ph/bills/senate-bill-no-1472-18th-congress-republic,EHEALTH SYSTEM AND SERVICES ACT,"AN ACT ESTABLISHING THE PHILIPPINE EHEALTH SYSTEM AND SERVICES IN SUPPORT OF UNIVERSAL HEALTH CARE USING INFORMATION AND COMMUNICATIONS TECHNOLOGY IN THE PHILIPPINES, AND APPROPRIATING FUNDS THEREFOR","ANGARA, SONNY","May 4, 2020",NATIONAL,E-HEALTH (ELECTRONIC HEALTH),HEALTH AND DEMOGRAPHY,PENDING IN THE COMMITTEE
Senate Bill No. 1728,18th Congress (July 2019 - 2022),https://ldr.senate.gov.ph/bills/senate-bill-no-1728-18th-congress-republic,DANSOLIHON NATIONAL HIGH SCHOOL,"AN ACT SEPARATING THE MAMBUAYA NATIONAL HIGH SCHOOL - DANSOLIHON ANNEX IN BARANGAY DANSOLIHON, CITY OF CAGAYAN DE ORO, FROM THE MAMBUAYA NATIONAL HIGH SCHOOL, CONVERTING IT INTO AN INDEPENDENT NATIONAL HIGH SCHOOL TO BE KNOWN AS DANSOLIHON NATIONAL HIGH SCHOOL AND APPROPRIATING FUNDS THEREFOR","MARCOS, IMEE R.","July 23, 2020",LOCAL,"SCHOOLS, CONVERSION",RULES,PENDING IN THE COMMITTEE
Senate Bill No. 1789,18th Congress (July 2019 - 2022),https://ldr.senate.gov.ph/bills/senate-bill-no-1789-18th-congress-republic,WASTE-TO-ENERGY ACT,AN ACT ESTABLISHING A NATIONAL ENERGY POLICY AND REGULATORY FRAMEWORK FOR FACILITIES UTILIZING WASTE-TO-ENERGY TECHNOLOGIES,"GATCHALIAN, WIN","August 25, 2020",NATIONAL,WASTE-TO-ENERGY TECHNOLOGIES ENERGY,ENERGY,"PENDING SECOND READING, SPECIAL ORDER"
Senate Bill No. 1488,18th Congress (July 2019 - 2022),https://ldr.senate.gov.ph/bills/senate-bill-no-1488-18th-congress-republic,AMENDING R.A. NO. 6770 (THE OMBUDSMAN ACT OF 1989),"AN ACT STRENGTHENING THE INSTITUTIONAL CAPACITY OF THE OFFICE OF THE OMBUDSMAN BY AMENDING CERTAIN PROVISIONS OF REPUBLIC ACT 6770, OTHERWISE KNOWN AS 'THE OMBUDSMAN ACT OF 1989,' AND PROVIDING FUNDS THEREFOR","POE, GRACE","May 4, 2020",NATIONAL,OMBUDSMAN,JUSTICE AND HUMAN RIGHTS,PENDING IN THE COMMITTEE
Senate Bill No. 1548,18th Congress (July 2019 - 2022),https://ldr.senate.gov.ph/bills/senate-bill-no-1548-18th-congress-republic,NATIONAL BAPTIST DAY,AN ACT DECLARING JANUARY 16 OF EVERY YEAR A SPECIAL WORKING HOLIDAY TO BE KNOWN AS 'NATIONAL BAPTIST DAY',"VILLAR, CYNTHIA A.","May 27, 2020",NATIONAL,HOLIDAYS (SPECIAL WORKING),"BASIC EDUCATION, ARTS AND CULTURE",PENDING IN THE COMMITTEE
Senate Bill No. 1500,18th Congress (July 2019 - 2022),https://ldr.senate.gov.ph/bills/senate-bill-no-1500-18th-congress-republic,SSS REFORM ACT,"AN ACT RATIONALIZING AND EXPANDING THE POWERS AND DUTIES OF THE SOCIAL SECURITY COMMISSION AND THE SOCIAL SECURITY SYSTEM, AMENDING FOR THE PURPOSE REPUBLIC ACT NO. 1161, AS AMENDED BY REPUBLIC ACT NO. 8282, OTHERWISE KNOWN AS THE 'SOCIAL SECURITY ACT OF 1987","POE, GRACE","May 4, 2020",NATIONAL,SOCIAL SECURITY ACT OF 1997 (R.A.NO. 8282) SOCIAL SECURITY SYSTEM (SSS),GOVERNMENT CORPORATIONS AND PUBLIC ENTERPRISES,PENDING IN THE COMMITTEE
Senate Bill No. 1559,18th Congress (July 2019 - 2022),https://ldr.senate.gov.ph/bills/senate-bill-no-1559-18th-congress-republic,"BUILD, BUILD, BUILD PROGRAM FOR HOSPITALS AND OTHER HEALTH FACILITIES ACT","AN ACT ACCELERATING THE IMPLEMENTATION OF THE PHILIPPINE HEALTH FACILITY DEVELOPMENT PLAN, THEREBY CREATING A BUILD, BUILD, BUILD PROGRAM FOR HOSPITALS AND OTHER HEALTH FACILITIES, AND APPROPRIATING FUNDS THEREFOR","REVILLA JR., RAMON BONG","May 27, 2020",NATIONAL,"BUILD, BUILD, BUILD PROGRAM HEALTH FACILITIES HOSPITALS",HEALTH AND DEMOGRAPHY,PENDING IN THE COMMITTEE
Senate Bill No. 1877,18th Congress (July 2019 - 2022),https://ldr.senate.gov.ph/bills/senate-bill-no-1877-18th-congress-republic,EXTENSION OF LIFELINE RATE,"AN ACT EXTENDING AND ENHANCING THE IMPLEMENTATION OF THE LIFELINE RATE, AMENDING FOR THE PURPOSE SECTION 73 OF REPUBLIC ACT NO. 9136, OTHERWISE KNOWN AS THE ELECTRIC POWER INDUSTRY REFORM ACT OF 2001, AS AMENDED BY REPUBLIC ACT NO. 10150","GATCHALIAN, WIN","October 12, 2020",NATIONAL,ELECTRIC POWER INDUSTRY REFORM ACT /EPIRA (R.A.NO. 9136),PUBLIC SERVICES,APPROVED BY THE PRESIDENT OF THE PHILIPPINES
Senate Bill No. 1315,18th Congress (July 2019 - 2022),https://ldr.senate.gov.ph/bills/senate-bill-no-1315-18th-congress-republic,COOPERATIVE BANKING ACT OF 2020,"AN ACT PROVIDING FOR THE REGISTRATION, REGULATION AND OPERATION OF COOPERATIVES BANKS AND OTHER PURPOSES","REVILLA JR., RAMON BONG","February 3, 2020",NATIONAL,COOPERATIVE BANKS,"BANKS, FINANCIAL INSTITUTIONS AND CURRENCIES",PENDING IN THE COMMITTEE
Senate Bill No. 1940,18th Congress (July 2019 - 2022),https://ldr.senate.gov.ph/bills/senate-bill-no-1940-18th-congress-republic,WATER RESOURCES AND MANAGEMENT AUTHORITY ACT,"AN ACT CREATING THE WATER RESOURCES AND MANAGEMENT AUTHORITY, DEFINING ITS POWERS AND FUNCTIONS, PROVIDING FUNDS THEREFOR, AND FOR OTHER PURPOSES","MARCOS, IMEE R.","December 9, 2020",NATIONAL,WATER RESOURCES AND MANAGEMENT AUTHORITY,"ENVIRONMENT, NATURAL RESOURCES AND CLIMATE CHANGE",PENDING IN THE COMMITTEE
Senate Bill No. 1634,18th Congress (July 2019 - 2022),https://ldr.senate.gov.ph/bills/senate-bill-no-1634-18th-congress-republic,AMENDING SECTIONS 296 AND 311 OF REPUBLIC ACT NO. 7160 (LOCAL GOVERNMENT CODE OF 1991),"AN ACT AMENDING SECTIONS 296 AND 311 OF REPUBLIC ACT NO. 7160, AS AMENDED OTHERWISE KNOWN AS THE LOCAL GOVERNMENT CODE OF 1991","ANGARA, SONNY","June 24, 2020",NATIONAL,LOCAL GOVERNMENT CODE (R.A. NO. 7160),LOCAL GOVERNMENT,PENDING IN THE COMMITTEE
Senate Bill No. 1697,18th Congress (July 2019 - 2022),https://ldr.senate.gov.ph/bills/senate-bill-no-1697-18th-congress-republic,NANGALISAN NATIONAL HIGH SCHOOL,"AN ACT SEPARATING THE GADU NATIONAL HIGH SCHOOL - NANGALISAN EXTENSION IN BARANGAY NANGALISAN, MUNICIPALITY OF SOLANA, PROVINCE OF CAGAYAN FROM THE GADU NATIONAL HIGH SCHOOL, CONVERTING IT INTO AN INDEPENDENT NATIONAL HIGH SCHOOL TO BE KNOWN AS NANGALISAN NATIONAL HIGH SCHOOL AND APPROPRIATING FUNDS THEREFOR","MARCOS, IMEE R.","July 14, 2020",LOCAL,"SCHOOLS, CONVERSION",RULES,PENDING IN THE COMMITTEE
Senate Bill No. 1389,18th Congress (July 2019 - 2022),https://ldr.senate.gov.ph/bills/senate-bill-no-1389-18th-congress-republic,"UPGRADING THE CARAGA REGIONAL HOSPITAL IN BARANGAY WASHINGTON, SURIGAO CITY, SURIGAO DEL NORTE","AN ACT UPGRADING THE CARAGA REGIONAL HOSPITAL IN BARANGAY WASHINGTON, SURIGAO CITY, SURIGAO DEL NORTE INTO A TERTIARY LEVEL HOSPITAL, INCREASING ITS BED CAPACITY FROM ONE HUNDRED FIFTY (150) TO FIVE HUNDRED (500) BEDS, AND APPROPRIATING FUND THEREFOR","MARCOS, IMEE R.","March 2, 2020",LOCAL,"HOSPITALS, INCREASE BED CAPACITY",HEALTH AND DEMOGRAPHY,PENDING IN THE COMMITTEE
Senate Bill No. 1457,18th Congress (July 2019 - 2022),https://ldr.senate.gov.ph/bills/senate-bill-no-1457-18th-congress-republic,DEFERMENT OF THE START OF THE SCHOOL YEAR IN TIMES OF EMERGENCIES AND CALAMITIES,"AN ACT AUTHORIZING THE DEFERMENT OF THE START OF THE SCHOOL YEAR IN TIMES OF EMERGENCIES AND CALAMITIES, AMENDING FOR THE PURPOSE REPUBLIC ACT NO. 7977 AND FOR OTHER PURPOSES","TOLENTINO, FRANCIS ""TOL"" N.","May 4, 2020",NATIONAL,SCHOOL CALENDAR COVID-19,"BASIC EDUCATION, ARTS AND CULTURE",CONSOLIDATED/SUBSTITUTED IN THE COMMITTEE REPORT
Senate Bill No. 1771,18th Congress (July 2019 - 2022),https://ldr.senate.gov.ph/bills/senate-bill-no-1771-18th-congress-republic,DEATH IN CUSTODY REPORTING ACT OF 2020,"AN ACT MANDATING THE REPORTING OF DEATHS AND ILLNESSES OF PERSONS DEPRIVED OF LIBERTY AND DETAINED CHILDREN IN CONFLICT WITH LAW, PENALIZING NON-REPORTING AND FALSE REPORTING OF DEATHS THEREOF, AND FOR OTHER PURPOSES","GORDON, RICHARD J.","August 13, 2020",NATIONAL,PERSONS DEPRIVED OF LIBERTY (PDL) Children in Conflict with the Law,JUSTICE AND HUMAN RIGHTS,PENDING IN THE COMMITTEE
Senate Bill No. 1835,18th Congress (July 2019 - 2022),https://ldr.senate.gov.ph/bills/senate-bill-no-1835-18th-congress-republic,CREATING THE DEPARTMENT OF OVERSEAS FILIPINOS,"AN ACT CREATING THE DEPARTMENT OF OVERSEAS FILIPINOS, DEFINING ITS POWERS AND FUNCTIONS, RATIONALIZING THE ORGANIZATION AND FUNCTIONS OF GOVERNMENT AGENCIES RELATED TO OVERSEAS EMPLOYMENT AND MIGRATION, APPROPRIATING FUNDS THEREFOR, AND FOR OTHER PURPOSES","GO, CHRISTOPHER LAWRENCE T.","September 16, 2020",NATIONAL,DEPARTMENT OF OVERSEAS FILIPINO WORKERS (DOFW),"LABOR, EMPLOYMENT AND HUMAN RESOURCES DEVELOPMENT",CONSOLIDATED/SUBSTITUTED IN THE COMMITTEE REPORT
Senate Bill No. 1527,18th Congress (July 2019 - 2022),https://ldr.senate.gov.ph/bills/senate-bill-no-1527-18th-congress-republic,MEDICAL RESERVE CORPS ACT,"AN ACT PROVIDING FOR THE DEVELOPMENT, ADMINISTRATION, ORGANIZATION, TRAINING, MAINTENANCE AND UTILIZATION OF THE MEDICAL RESERVE CORPS, AND FOR OTHER PURPOSES","CAYETANO, PIA S.","May 13, 2020",NATIONAL,MEDICAL RESERVE CORPS HEALTH CARE DELIVERY SYSTEM,HEALTH AND DEMOGRAPHY,PENDING IN THE COMMITTEE
Senate Bill No. 1591,18th Congress (July 2019 - 2022),https://ldr.senate.gov.ph/bills/senate-bill-no-1591-18th-congress-republic,INTERNET TRANSACTIONS ACT,"AN ACT PROTECTING CONSUMERS AND MERCHANTS ENGAGED IN INTERNET TRANSACTIONS, CREATING FOR THIS PURPOSE THE ECOMMERCE BUREAU AND APPROPRIATING FUNDS THEREFOR","GATCHALIAN, WIN","June 9, 2020",NATIONAL,"INTERNET TRANSACTIONS E-COMMERCE ACT (ELECTRONIC COMMERCE, R.A.NO. 8792) CONSUMER PROTECTION","TRADE, COMMERCE AND ENTREPRENEURSHIP",PENDING IN THE COMMITTEE
Senate Bill No. 1845,18th Congress (July 2019 - 2022),https://ldr.senate.gov.ph/bills/senate-bill-no-1845-18th-congress-republic,FRONTLINE HEALTH WORKERS WELFARE ACT OF 2020,"AN ACT PROVIDING FOR THE PROTECTION AND ADVANCING THE WELFARE OF MEDICAL FRONTLINERS IN THE PHILIPPINES, APPROPRIATING FUNDS THEREFOR, AND FOR OTHER PURPOSES","ANGARA, SONNY","September 23, 2020",NATIONAL,FRONTLINERS HEALTHCARE WORKERS,HEALTH AND DEMOGRAPHY,PENDING IN THE COMMITTEE
Senate Bill No. 1283,18th Congress (July 2019 - 2022),https://ldr.senate.gov.ph/bills/senate-bill-no-1283-18th-congress-republic,MEDICAL SCHOLARSHIP ACT,"AN ACT PROVIDING SCHOLARSHIP TO QUALIFIED STUDENTS TAKING MEDICAL EDUCATION PROGRAMS, APPROPRIATING FUNDS THEREFOR AND FOR OTHER PURPOSES","VILLANUEVA, JOEL","January 21, 2020",NATIONAL,MEDICAL SCHOLARSHIP STUDENTS,"HIGHER, TECHNICAL AND VOCATIONAL EDUCATION",CONSOLIDATED/SUBSTITUTED IN THE COMMITTEE REPORT
Senate Bill No. 1909,18th Congress (July 2019 - 2022),https://ldr.senate.gov.ph/bills/senate-bill-no-1909-18th-congress-republic,EXTENDING THE AVAILABILITY OF SELECTED APPROPRIATIONS IN THE GENERAL APPROPRIATIONS ACT OF 2020,"AN ACT EXTENDING THE AVAILABILITY OF SELECTED APPROPRIATIONS IN THE GENERAL APPROPRIATIONS ACT OF 2020 AND THE BAYANIHAN TO RECOVER AS ONE ACT UNDER REPUBLIC ACTS 11465 AND 11494, RESPECTIVELY, AS WELL AS THE CORRESPONDING ALLOTMENTS INTENDED AS RESPONSE AND RECOVERY INTERVENTIONS FOR THE COVID-19 PANDEMIC, AND FOR OTHER PURPOSES",Ralph G. Recto,"November 10, 2020",NATIONAL,GENERAL APPROPRIATIONS ACT (GAA) BAYANIHAN TO HEAL AS ONE ACT BAYANIHAN TO RECOVER AS ONE COVID-19 PANDEMIC,FINANCE,CONSOLIDATED/SUBSTITUTED IN THE COMMITTEE REPORT
Senate Bill No. 1347,18th Congress (July 2019 - 2022),https://ldr.senate.gov.ph/bills/senate-bill-no-1347-18th-congress-republic,AMENDING P.D. NO. 252 (PHILIPPINE INTERNATIONAL TRADING CORPORATION LAW),"AN ACT AMENDING PRESIDENTIAL DECREE NO. 252 OTHERWISE KNOWN AS THE 'PHILIPPINE INTERNATIONAL TRADING CORPORATION LAW', AS AMENDED BY PRESIDENTIAL DECREE NO. 1071 OTHERWISE KNOWN AS 'REVISING THE CHARTER OF THE PHILIPPINE INTERNATIONAL TRADING CORPORATON'","GORDON, RICHARD J.","February 17, 2020",NATIONAL,TRADING CORPORATION LAW,GOVERNMENT CORPORATIONS AND PUBLIC ENTERPRISES,PENDING IN THE COMMITTEE
Senate Bill No. 1601,18th Congress (July 2019 - 2022),https://ldr.senate.gov.ph/bills/senate-bill-no-1601-18th-congress-republic,EASTERN BALBALAN NATIONAL HIGH SCHOOL,"AN ACT SEPARATING THE BALBALAN AGRICULTURAL AND INDUSTRIAL SCHOOL-BALBALAN PROPER EXTENSION IN BARANGAY BALBALAN PROPER, MUNICIPALITY OF BALBALAN, PROVINCE OF KALINGA FROM THE BALBALAN AGRICULTURAL AND INDUSTRIAL SCHOOL, CONVERTING IT INTO AN INDEPENDENT NATIONAL HIGH SCHOOL TO BE KNOWN AS EASTERN BALBALAN NATIONAL HIGH SCHOOL AND APPROPRIATING FUNDS THEREFOR","MARCOS, IMEE R.","June 18, 2020",LOCAL,"SCHOOLS, CONVERSION","BASIC EDUCATION, ARTS AND CULTURE",CONSOLIDATED/SUBSTITUTED IN THE COMMITTEE REPORT
Senate Bill No. 1666,18th Congress (July 2019 - 2022),https://ldr.senate.gov.ph/bills/senate-bill-no-1666-18th-congress-republic,SUCAT NATIONAL HIGH SCHOOL,"AN ACT SEPARATING MUNTINLUPA BUSINESS HIGH SCHOOL - ANNEX IN BARANGAY SUCAT, CITY OF MUNTINLUPA, METRO MANILA, FROM MUNTINLUPA BUSINESS HIGH SCHOOL, CONVERTING IT INTO AN INDEPENDENT NATIONAL HIGH SCHOOL TO BE KNOWN AS SUCAT NATIONAL HIGH SCHOOL, AND APPROPRIATING FUNDS THEREFOR","MARCOS, IMEE R.","July 7, 2020",LOCAL,"SCHOOLS, CONVERSION",RULES,PENDING IN THE COMMITTEE
Senate Bill No. 1356,18th Congress (July 2019 - 2022),https://ldr.senate.gov.ph/bills/senate-bill-no-1356-18th-congress-republic,INCREASING THE BED CAPACITY OF THE PHILIPPINE GENERAL HOSPITAL,"AN ACT INCREASING THE BED CAPACITY OF THE PHILIPPINE GENERAL HOSPITAL FROM ONE THOUSAND AND FIVE HUNDRED BEDS (1,500) TO TWO THOUSAND AND TWO HUNDRED BEDS (2,200) AND APPROPRIATING FUNDS THEREFOR","ANGARA, SONNY","February 17, 2020",NATIONAL,"PHILIPPINE GENERAL HOSPITAL (PGH) HOSPITALS, INCREASE BED CAPACITY",HEALTH AND DEMOGRAPHY,PENDING IN THE COMMITTEE
Senate Bill No. 1421,18th Congress (July 2019 - 2022),https://ldr.senate.gov.ph/bills/senate-bill-no-1421-18th-congress-republic,"PUHUNAN, TULUNGAN, KAUNLARAN (PTK) ACT OF 2020","AN ACT INSTITUTIONALIZING MICROFINANCE PROGRAMS AND ACCESS TO CAPITAL TO SUPPORT AND GROW MICRO, SMALL, AND MEDIUM ENTERPRISES (MSMES), ALLOCATING FUNDS THEREFOR, AND FOR OTHER PURPOSES","REVILLA JR., RAMON BONG","April 16, 2020",NATIONAL,"MICRO, SMALL AND MEDIUM ENTERPRISES (MSMES) COVID-19","TRADE, COMMERCE AND ENTREPRENEURSHIP",PENDING IN THE COMMITTEE
Senate Bill No. 1739,18th Congress (July 2019 - 2022),https://ldr.senate.gov.ph/bills/senate-bill-no-1739-18th-congress-republic,FINANCIAL CONSUMER PROTECTION ACT,"AN ACT ESTABLISHING A FRAMEWORK FOR THE PROTECTION OF FINANCIAL CONSUMERS, AND FOR OTHER PURPOSES","POE, GRACE","July 27, 2020",NATIONAL,CONSUMER PROTECTION FINANCIAL CONSUMER PROTECTION,"BANKS, FINANCIAL INSTITUTIONS AND CURRENCIES",PENDING IN THE COMMITTEE
Senate Bill No. 1802,18th Congress (July 2019 - 2022),https://ldr.senate.gov.ph/bills/senate-bill-no-1802-18th-congress-republic,SECRECY OF BANK DEPOSITS LAW (AMENDMENTS),"AN ACT AMENDING REPUBLIC ACT NOS. 1405, OTHERWISE KNOWN AS THE SECRECY OF BANK DEPOSITS LAW","POE, GRACE","September 1, 2020",NATIONAL,SECRECY OF BANK DEPOSITS LAW (R.A.NO. 1405) BANK DEPOSITS/BANK ACCOUNTS,"BANKS, FINANCIAL INSTITUTIONS AND CURRENCIES",PENDING IN THE COMMITTEE
Senate Bill No. 1367,18th Congress (July 2019 - 2022),https://ldr.senate.gov.ph/bills/senate-bill-no-1367-18th-congress-republic,DRUG ABUSE PREVENTION PROGRAM IN EDUCATIONAL INSTITUTIONS ACT,AN ACT MANDATING THE ESTABLISHMENT OF A PROGRAM OF EDUCATION DESIGNED TO HELP ALL MEMBERS OF THE COMMUNITY OF AN EDUCATIONAL INSTITUTION TO AVOID INVOLVEMENT WITH ILLEGAL DRUGS,"BINAY, MARIA LOURDES NANCY S.","February 19, 2020",NATIONAL,DRUG PREVENTION educational institutions,"BASIC EDUCATION, ARTS AND CULTURE",PENDING IN THE COMMITTEE
Senate Bill No. 1432,18th Congress (July 2019 - 2022),https://ldr.senate.gov.ph/bills/senate-bill-no-1432-18th-congress-republic,EXPANDED MAGNA CARTA OF PUBLIC HEALTH WORKERS ACT OF 2020,"AN ACT AMENDING SECTIONS 28, 38 AND 39 OF REPUBLIC ACT NO. 7305, OTHERWISE KNOWN AS THE 'MAGNA CARTA OF PUBLIC HEALTH WORKERS","DE LIMA, LEILA M.","April 16, 2020",NATIONAL,COVID-19,HEALTH AND DEMOGRAPHY,PENDING IN THE COMMITTEE
Senate Bill No. 1750,18th Congress (July 2019 - 2022),https://ldr.senate.gov.ph/bills/senate-bill-no-1750-18th-congress-republic,E-GOVERNMET SERVICES ACT OF 2020,AN ACT REQUIRING THE DIGITALIZATION OF FRONTLINE SERVICES OF ALL GOVERNMENT AGENCIES AND APPROPRIATING FUNDS THEREFOR,Ralph G. Recto,"July 29, 2020",NATIONAL,E-GOVERNMENT SERVICES DIGITAL TECHNOLOGY INFORMATION AND COMMUNICATIONS TECHNOLOGY (ICT),SCIENCE AND TECHNOLOGY,PENDING IN THE COMMITTEE
Senate Bill No. 1814,18th Congress (July 2019 - 2022),https://ldr.senate.gov.ph/bills/senate-bill-no-1814-18th-congress-republic,SANTA ELENA NATIONAL HIGH SCHOOL,"AN ACT SEPARATING THE TOMAS CABILI NATIONAL HIGH SCHOOL - SANTA ELENA ANNEX IN BARANGAY SANTA ELENA, ILIGAN CITY FROM THE TOMAS CABILI NATIONAL HIGH SCHOOL, CONVERTING IT INTO AN INDEPENDENT NATIONAL HIGH SCHOOL TO BE KNOWN AS SANTA ELENA NATIONAL HIGH SCHOOL AND APPROPRIATING FUNDS THEREFOR","MARCOS, IMEE R.","September 8, 2020",LOCAL,"SCHOOLS, CONVERSION",RULES,PENDING IN THE COMMITTEE
Senate Bill No. 1506,18th Congress (July 2019 - 2022),https://ldr.senate.gov.ph/bills/senate-bill-no-1506-18th-congress-republic,MONTHLY SOCIAL PENSION FOR INDIGENT PERSONS WITH DISABILITY ACT,"AN ACT PROVIDING FOR THE SOCIAL PENSION OF INDIGENT PERSONS WITH DISABILITY, AND PROVIDING FUNDS THEREFOR","LAPID, MANUEL ""LITO"" M.","May 4, 2020",NATIONAL,PERSONS WITH DISABILITIES (PWDS) INDIGENT PERSONS,"SOCIAL JUSTICE, WELFARE AND RURAL DEVELOPMENT",PENDING IN THE COMMITTEE
Senate Bill No. 1570,18th Congress (July 2019 - 2022),https://ldr.senate.gov.ph/bills/senate-bill-no-1570-18th-congress-republic,NORTHERN CORDILLERA REGIONAL MEDICAL CENTER ACT,"AN ACT CONVERTING THE KALINGA PROVINCIAL HOSPITAL IN TABUK CITY, KALINGA INTO A LEVEL 3 REGIONAL HOSPITAL TO BE KNOWN AS THE NORTHERN CORDILLERA REGIONAL MEDICAL CENTER UNDER THE SUPERVISION, CONTROL AND MANAGEMENT OF THE DEPARTMENT OF HEALTH, AND APPROPRIATING FUNDS THEREFOR","MARCOS, IMEE R.","June 2, 2020",LOCAL,"HOSPITALS, CONVERSION",HEALTH AND DEMOGRAPHY,PENDING IN THE COMMITTEE
Senate Bill No. 1262,18th Congress (July 2019 - 2022),https://ldr.senate.gov.ph/bills/senate-bill-no-1262-18th-congress-republic,MOTORCYCLES-FOR-HIRE ACT,"AN ACT ALLOWING AND REGULATING THE USE OF MOTORCYCLES AS PUBLIC UTILITY VEHICLES, AMENDING FOR THIS PURPOSE REPUBLIC ACT NO. 4136, OTHERWISE KNOWN AS THE LAND TRANSPORTATION AND TRAFFIC CODE, AND FOR OTHER PURPOSES","REVILLA JR., RAMON BONG","January 7, 2020",NATIONAL,MOTORCYCLE PUBLIC UTILITY VEHICLES,PUBLIC SERVICES,CONSOLIDATED/SUBSTITUTED IN THE COMMITTEE REPORT
Senate Bill No. 1888,18th Congress (July 2019 - 2022),https://ldr.senate.gov.ph/bills/senate-bill-no-1888-18th-congress-republic,EXPANDING THE DEFINITION OF MEDICAL DEVICE TO INCLUDE HEALTH APPLICATIONS,"AN ACT EXPANDING THE DEFINITION OF MEDICAL DEVICE TO INCLUDE HEALTH APPLICATIONS, FURTHER AMENDING REPUBLIC ACT NO. 3720, OTHERWISE KNOWN AS THE FOOD, DRUG, AND COSMETIC ACT, AS AMENDED BY REPUBLIC ACT NO. 9711, OTHERWISE KNOWN AS THE FOOD AND DRUG ADMINISTRATION (FDA) ACT OF 2009 AND FOR OTHER PURPOSES","TOLENTINO, FRANCIS ""TOL"" N.","October 14, 2020",NATIONAL,MEDICAL DEVICES HEALTH APPLICATIONS FOOD AND DRUGS ADMINISTRATION (FDA),HEALTH AND DEMOGRAPHY,PENDING IN THE COMMITTEE
Senate Bill No. 1326,18th Congress (July 2019 - 2022),https://ldr.senate.gov.ph/bills/senate-bill-no-1326-18th-congress-republic,NATIONAL COOPERATIVE MONTH,AN ACT DECLARING THE MONTH OF OCTOBER OF EVERY YEAR AS THE 'NATIONAL COOPERATIVE MONTH' IN THE ENTIRE COUNTRY,"ZUBIRI, JUAN MIGUEL ""MIGZ"" F.","February 10, 2020",NATIONAL,COOPERATIVES,COOPERATIVES,CONSOLIDATED/SUBSTITUTED IN THE COMMITTEE REPORT
Senate Bill No. 1952,18th Congress (July 2019 - 2022),https://ldr.senate.gov.ph/bills/senate-bill-no-1952-18th-congress-republic,ANTI-DRUG ABUSE COUNCILS (ADAC) LAW,"AN ACT INSTITUTIONALIZING ANTI-DRUG ABUSE COUNCILS IN PROVINCES, CITIES, MUNICIPALITIES, AND BARANGAYS, APPROPRIATING FUNDS THEREFOR, AND FOR OTHER PURPOSES","DELA ROSA, RONALD ""BATO""","December 14, 2020",NATIONAL,ANTI-DRUG ABUSE COUNCILS (ADACS),PUBLIC ORDER AND DANGEROUS DRUGS,CONSOLIDATED/SUBSTITUTED IN THE COMMITTEE REPORT
Senate Bill No. 1276,18th Congress (July 2019 - 2022),https://ldr.senate.gov.ph/bills/senate-bill-no-1276-18th-congress-republic,AMENDING R.A. NO. 386 (CIVIL CODE OF THE PHILIPPINES),"AN ACT ADJUSTING THE MINIMUM AMOUNT FOR DEATH INDEMNITY, MORAL AND EXEMPLARY DAMAGES UNDER REPUBLIC ACT NO. 386 OR THE CIVIL CODE OF THE PHILIPPINES",Franklin M. Drilon,"January 20, 2020",NATIONAL,CIVIL CODE OF THE PHILIPPINES,JUSTICE AND HUMAN RIGHTS,PENDING IN THE COMMITTEE
Senate Bill No. 1901,18th Congress (July 2019 - 2022),https://ldr.senate.gov.ph/bills/senate-bill-no-1901-18th-congress-republic,CIUDAD DE STRIKE INTEGRATED SCHOOL,"AN ACT ESTABLISHING AN INTEGRATED SCHOOL IN CIUDAD DE STRIKE, IN BARANGAY MOLINO I, CITY OF BACOOR, PROVINCE OF CAVITE TO BE KNOWN AS CIUDAD DE STRIKE INTEGRATED SCHOOL AND APPROPRIATING FUNDS THEREFOR","REVILLA JR., RAMON BONG","November 9, 2020",LOCAL,"SCHOOLS, ESTABLISHMENT",RULES,PENDING IN THE COMMITTEE
Senate Bill No. 1338,18th Congress (July 2019 - 2022),https://ldr.senate.gov.ph/bills/senate-bill-no-1338-18th-congress-republic,ACT PUNISHING PERSONS WHO ENGAGE IN THE PROMOTION AND FACILITATION OF PROSTITUTION,"AN ACT PUNISHING ANY PERSON WHO SHALL PROMOTE, FACILITATE, INDUCE ANOTHER TO ENGAGE IN THE ACT OF PROSTITUTION AND PUNISHING ANY PERSON WHO SHALL DERIVE MONEY OR PROFIT FROM PROSTITUTION, PROVIDING PENALTIES THEREFOR, AND FOR OTHER PURPOSES","BINAY, MARIA LOURDES NANCY S.","February 12, 2020",NATIONAL,PROSTITUTION,"WOMEN, CHILDREN, FAMILY RELATIONS AND GENDER EQUALITY",PENDING IN THE COMMITTEE
Senate Bill No. 1659,18th Congress (July 2019 - 2022),https://ldr.senate.gov.ph/bills/senate-bill-no-1659-18th-congress-republic,QUEZON CITY TESDA TRAINING AND ASSESSMENT CENTER ACT,"AN ACT ESTABLISHING A TECHNICAL EDUCATION AND SKILLS DEVELOPMENT AUTHORITY (TESDA) TRAINING AND ASSESSMENT CENTER IN QUEZON CITY, TO BE KNOWN AS THE QUEZON CITY TESDA TRAINING AND ASSESSMENT CENTER, AND APPROPRIATING FUNDS THEREFOR","MARCOS, IMEE R.","July 7, 2020",LOCAL,TESDA TRAINING AND ASSESSMENT CENTER,"HIGHER, TECHNICAL AND VOCATIONAL EDUCATION",PENDING IN THE COMMITTEE
Senate Bill No. 1414,18th Congress (July 2019 - 2022),https://ldr.senate.gov.ph/bills/senate-bill-no-1414-18th-congress-republic,"PAG-ASA: ALAGA, SUSTENTO, AT ANGAT ACT OF 2020","AN ACT ESTABLISHING THE EMERGENCY RESPONSE AND RECOVERY PACKAGE TO COUNTER THE COVID-19 PANDEMIC ALSO ENTITLED, 'PAG-ASA: ALAGA, SUSTENTO, AT ANGAT SA PANAHON NG COVID-19 CRISIS' PACKAGE, AND FOR OTHER PURPOSES","MARCOS, IMEE R.","March 23, 2020",NATIONAL,COVID-19 EMERGENCY RESPONSE/EMERGENCY PREPAREDNESS,FINANCE,CONSOLIDATED/SUBSTITUTED IN THE COMMITTEE REPORT
Senate Bill No. 1732,18th Congress (July 2019 - 2022),https://ldr.senate.gov.ph/bills/senate-bill-no-1732-18th-congress-republic,"CONVERTING THE ARAKAN-CALINAN MUNICIPAL ROAD IN THE MUNICIPALITY OF ARAKAN, PROVINCE OF COTABATO","AN ACT CONVERTING THE ARAKAN-CALINAN MUNICIPAL ROAD IN THE MUNICIPALITY OF ARAKAN, PROVINCE OF COTABATO INTO A NATIONAL ROAD AND APPROPRIATING FUNDS THEREFOR","MARCOS, IMEE R.","July 23, 2020",LOCAL,"ROADS, CONVERSION",RULES,PENDING IN THE COMMITTEE
Senate Bill No. 1796,18th Congress (July 2019 - 2022),https://ldr.senate.gov.ph/bills/senate-bill-no-1796-18th-congress-republic,PANDEMIC READINESS AND PROTECTION ACT OF 2020,AN ACT PROVIDING FOR THE DEVELOPMENT OF HEALTHCARE AND MANUFACTURING INDUSTRIES IN THE PHILIPPINES TO STRENGTHEN THE COUNTRY'S READINESS AND PROTECTION AGAINST PANDEMICS AND PROVIDING FUNDS THEREFOR,"HONTIVEROS, RISA","August 27, 2020",NATIONAL,PANDEMIC HEALTHCARE MANUFACTURING INDUSTRIES,HEALTH AND DEMOGRAPHY,PENDING IN THE COMMITTEE
Senate Bill No. 1425,18th Congress (July 2019 - 2022),https://ldr.senate.gov.ph/bills/senate-bill-no-1425-18th-congress-republic,INSTITUTION OF REGIONAL CENTER OF EXCELLENCE FOR HEALTH CARE ACT,AN ACT TO INSTITUTIONALIZE A STANDARD UPGRADE AND MODERNIZATION OF REGIONAL HOSPITALS TO CREATE AND ESTABLISH REGIONAL CENTER OF EXCELLENCE FOR HEALTH CARE,"REVILLA JR., RAMON BONG","April 16, 2020",NATIONAL,"HOSPITALS (GOVERNMENT HOSPITALS) HOSPITALS, UPGRADING COVID-19",HEALTH AND DEMOGRAPHY,PENDING IN THE COMMITTEE
Senate Bill No. 1743,18th Congress (July 2019 - 2022),https://ldr.senate.gov.ph/bills/senate-bill-no-1743-18th-congress-republic,CONVERTING THE INSURANCE COMMISSION INTO A COLLEGIAL BODY,"AN ACT REORGANIZING AND CONVERTING THE INSURANCE COMMISSION INTO A COLLEGIAL BODY, AMENDING SECTIONS 437, 438 AND 439 OF REPUBLIC ACT NO. 10607, OTHERWISE KNOWN AS THE INSURANCE CODE, AS AMENDED","REVILLA JR., RAMON BONG","July 27, 2020",NATIONAL,INSURANCE CODE,"BANKS, FINANCIAL INSTITUTIONS AND CURRENCIES",PENDING IN THE COMMITTEE
Senate Bill No. 1804,18th Congress (July 2019 - 2022),https://ldr.senate.gov.ph/bills/senate-bill-no-1804-18th-congress-republic,PHILIPPINE BUILDING ACT OF 2020,"AN ACT ESTABLISHING THE PHILIPPINE BUILDING ACT OF 2020, THEREBY REPEALING PRESIDENTIAL DECREE NO. 1096","REVILLA JR., RAMON BONG","September 1, 2020",NATIONAL,BUILDING CODE OF THE PHILIPPINES (R.A. NO. 6541) BUILDINGS/STRUCTURES,PUBLIC WORKS,PENDING IN THE COMMITTEE
Senate Bill No. 1476,18th Congress (July 2019 - 2022),https://ldr.senate.gov.ph/bills/senate-bill-no-1476-18th-congress-republic,"AMENDING SEC. 10, RA 8042 (FILIPINO MIGRANT WORKERS)","AN ACT TO FURTHER ASSIST FILIPINO MIGRANT WORKERS, AMENDING FOR THE PURPOSE SECTION 10 OF REPUBLIC ACT NO. 8042, AS AMENDED","POE, GRACE","May 4, 2020",NATIONAL,MIGRANT WORKERS AND OVERSEAS FILIPINOS,"LABOR, EMPLOYMENT AND HUMAN RESOURCES DEVELOPMENT",PENDING IN THE COMMITTEE
Senate Bill No. 1563,18th Congress (July 2019 - 2022),https://ldr.senate.gov.ph/bills/senate-bill-no-1563-18th-congress-republic,"PNP, BFP, BJMP AND BUCOR HEIGHT EQUALITY ACT","AN ACT LOWERING THE MINIMUM HEIGHT REQUIREMENT FOR APPLICANTS OF THE PHILIPPINE NATIONAL POLICE (PNP), BUREAU OF FIRE PROTECTION (BFP), BUREAU OF JAIL MANAGEMENT AND PENOLOGY (BJMP), AND BUREAU OF CORRECTION (BUCOR), AMENDING REPUBLIC ACT NO. 6975, AS AMENDED, REPUBLIC ACT NO. 9263, AND REPUBLIC ACT NO. 10575, AND FOR OTHER PURPOSES","ZUBIRI, JUAN MIGUEL ""MIGZ"" F.","May 28, 2020",NATIONAL,PHILIPPINE NATIONAL POLICE (PNP) BUREAU OF CORRECTIONS (BUCOR) BUREAU OF FIRE PROTECTION BUREAU OF JAIL MANAGEMENT AND PENOLOGY HEIGHT QUALIFICATION,PUBLIC ORDER AND DANGEROUS DRUGS,CONSOLIDATED WITH APPROVED BILL
Senate Bill No. 1881,18th Congress (July 2019 - 2022),https://ldr.senate.gov.ph/bills/senate-bill-no-1881-18th-congress-republic,AMENDING R. A. NO. 8047 (BOOK PUBLISHING INDUSTRY DEVELOPMENT ACT),"AN ACT AMENDING REPUBLIC ACT NO. 8047, OTHERWISE KNOWN AS THE 'BOOK PUBLISHING INDUSTRY DEVELOPMENT ACT,' PROVIDING FOR THE SCANNING AND CONVERSION OF PUBLIC SCHOOL TEXTBOOKS INTO E-BOOKS AND OTHER DIGITAL FORMATS","LAPID, MANUEL ""LITO"" M.","October 12, 2020",NATIONAL,BOOK PUBLISHING ELECTRONIC TECHNOLOGY DIGITAL TECHNOLOGY,"BASIC EDUCATION, ARTS AND CULTURE",PENDING IN THE COMMITTEE
Senate Bill No. 1319,18th Congress (July 2019 - 2022),https://ldr.senate.gov.ph/bills/senate-bill-no-1319-18th-congress-republic,AMENDING SEC. 2 OF RA NO. 10868 (CENTENARIANS ACT),"AN ACT EXPANDING THE COVERAGE OF THE CENTENARIANS ACT OF 2016, AMENDING FOR THE PURPOSE SECTION TWO OF REPUBLIC ACT NO. 10868 AND FOR OTHER PURPOSES","REVILLA JR., RAMON BONG","February 3, 2020",NATIONAL,CENTENARIANS,"SOCIAL JUSTICE, WELFARE AND RURAL DEVELOPMENT","PENDING SECOND READING, SPECIAL ORDER"
Senate Bill No. 1944,18th Congress (July 2019 - 2022),https://ldr.senate.gov.ph/bills/senate-bill-no-1944-18th-congress-republic,SCIENCE AND TECHNOLOGY PARKS ACT OF 2020,"AN ACT TO ESTABLISH GUIDELINES AND INCENTIVES FOR THE DEVELOPMENT OF SCIENCE AND TECHNOLOGY PARKS (STPS) IN THE PHILIPPINES, AND FOR OTHER PURPOSES","ANGARA, SONNY","December 9, 2020",NATIONAL,SCIENCE AND TECHNOLOGY PARKS,SCIENCE AND TECHNOLOGY,PENDING IN THE COMMITTEE
Senate Bill No. 1638,18th Congress (July 2019 - 2022),https://ldr.senate.gov.ph/bills/senate-bill-no-1638-18th-congress-republic,FERTILIZER AND PESTICIDE TAX IMMUNITY ACT,"AN ACT PROVIDING IMMUNITY FROM ALL TAXES THE SALE OF FERTILIZERS AND PESTICIDES TO ALL FARMERS, WHETHER CORPORATE OR OTHERWISE, AND FOR OTHER PURPOSES","MARCOS, IMEE R.","June 25, 2020",NATIONAL,TAX EXEMPTION FERTILIZER PESTICIDE FARMERS,WAYS AND MEANS,PENDING IN THE COMMITTEE
Senate Bill No. 1701,18th Congress (July 2019 - 2022),https://ldr.senate.gov.ph/bills/senate-bill-no-1701-18th-congress-republic,PATA NATIONAL TECHNICAL-VOCATIONAL HIGH SCHOOL,"AN ACT SEPARATING THE TUAO VOCATIONAL AND TECHNICAL SCHOOL -PATA ANNEX IN BARANGAY PATA, MUNICIPALITY OF TUAO, PROVINCE OF CAGAYAN FROM THE TUAO VOCATIONAL AND TECHNICAL SCHOOL, CONVERTING IT INTO AN INDEPENDENT NATIONAL TECHNICAL-VOCATIONAL HIGH SCHOOL TO BE KNOWN AS PATA NATIONAL TECHNICAL-VOCATIONAL HIGH SCHOOL AND APPROPRIATING FUNDS THEREFOR","MARCOS, IMEE R.","July 14, 2020",LOCAL,"SCHOOLS, CONVERSION",RULES,PENDING IN THE COMMITTEE
Senate Bill No. 1393,18th Congress (July 2019 - 2022),https://ldr.senate.gov.ph/bills/senate-bill-no-1393-18th-congress-republic,DON JUSTO ABALOS ELEMENTARY SCHOOL,"AN ACT ESTABLISHING AN ELEMENTARY SCHOOL IN BARANGAY DON JUSTO ABALOS, MUNICIPALITY OF UMINGAN, PROVINCE OF PANGASINAN TO BE KNOWN AS DON JUSTO ABALOS ELEMENTARY SCHOOL AND APPROPRIATING FUND THEREFOR","MARCOS, IMEE R.","March 3, 2020",LOCAL,"SCHOOLS, ESTABLISHMENT",RULES,PENDING IN THE COMMITTEE
Senate Bill No. 1461,18th Congress (July 2019 - 2022),https://ldr.senate.gov.ph/bills/senate-bill-no-1461-18th-congress-republic,CONTAGION MITIGATION ACT OF 2020,AN ACT ENFORCING MEASURES TO MITIGATE THE SPREAD OF CONTAGIOUS DISEASES IN THE COMMUNITY AND SELECT PUBLIC ESTABLISHMENTS AND EVENTS AND FOR OTHER PURPOSES,"PACQUIAO, EMMANUEL ""MANNY"" D.","May 4, 2020",NATIONAL,CONTAGIOUS DISEASES COVID-19,HEALTH AND DEMOGRAPHY,PENDING IN THE COMMITTEE
Senate Bill No. 1775,18th Congress (July 2019 - 2022),https://ldr.senate.gov.ph/bills/senate-bill-no-1775-18th-congress-republic,NATIONAL FRONTLINERS MONTH ACT,AN ACT DECLARING THE MONTH OF JUNE OF EVERY YEAR AS THE NATIONAL FRONTLINERS MONTH IN THE ENTIRE COUNTRY,"GATCHALIAN, WIN","August 17, 2020",NATIONAL,NATIONAL FRONTLINERS MONTH,HEALTH AND DEMOGRAPHY,PENDING IN THE COMMITTEE
Senate Bill No. 1840,18th Congress (July 2019 - 2022),https://ldr.senate.gov.ph/bills/senate-bill-no-1840-18th-congress-republic,RETAIL TRADE LIBERALIZATION ACT (LOWERING THE REQUIRED PAID-UP CAPITAL FOR FOREIGN RETAIL ENT.,"AN ACT AMENDING REPUBLIC ACT NO. 8762, OTHERWISE KNOWN AS THE RETAIL TRADE LIBERALIZATION ACT OF 2000, BY LOWERING THE REQUIRED PAID-UP CAPITAL FOR FOREIGN RETAIL ENTERPRISES, AND FOR OTHER PURPOSES",Franklin M. Drilon,"September 22, 2020",NATIONAL,"RETAIL TRADE LIBERALIZATION (R.A.NO. 8762) E-COMMERCE ACT (ELECTRONIC COMMERCE, R.A.NO. 8792)","TRADE, COMMERCE AND ENTREPRENEURSHIP",PASSED BY BOTH HOUSES
Senate Bill No. 1531,18th Congress (July 2019 - 2022),https://ldr.senate.gov.ph/bills/senate-bill-no-1531-18th-congress-republic,INDISCRIMINATE FIRING OF FIREARMS,"AN ACT DEFINING THE OFFENSES OF DISCHARGE OF FIREARMS AND INDISCRIMINATE FIRING OF FIREARMS AND PROVIDING STIFFER PENALTIES THEREFOR, AMENDING FOR THE PURPOSES ARTICLE 254 OF ACT NO. 3815, AS AMENDED, OTHERWISE KNOWN AS THE REVISED PENAL CODE, AND REPUBLIC ACT NO. 10591, OTHERWISE KNOWN AS THE COMPREHENSIVE FIREARMS AND AMMUNITION REGULATION ACT","REVILLA JR., RAMON BONG","May 14, 2020",NATIONAL,FIREARMS REVISED PENAL CODE (R.A. NO. 3815),PUBLIC ORDER AND DANGEROUS DRUGS,PENDING IN THE COMMITTEE
Senate Bill No. 1595,18th Congress (July 2019 - 2022),https://ldr.senate.gov.ph/bills/senate-bill-no-1595-18th-congress-republic,CHINESE NEW YEAR DAY,AN ACT DECLARING THE CHINESE NEW YEAR'S DAY A SPECIAL NONWORKING HOLIDAY IN THE PHILIPPINES,"ANGARA, SONNY","June 15, 2020",NATIONAL,CHINESE NEW YEAR HOLIDAY (SPECIAL NON-WORKING),CONSTITUTIONAL AMENDMENTS AND REVISION OF CODES,PENDING IN THE COMMITTEE
Senate Bill No. 1849,18th Congress (July 2019 - 2022),https://ldr.senate.gov.ph/bills/senate-bill-no-1849-18th-congress-republic,FINANCIAL INSTITUTIONS STRATEGIC TRANSFER (FIST) ACT,AN ACT ENSURING PHILIPPINE FINANCIAL INDUSTRY RESILIENCY AGAINST THE COVID-19 PANDEMIC,"MARCOS, IMEE R.","September 24, 2020",NATIONAL,FINANCIAL INDUSTRY RESILIENCY COVID-19 PANDEMIC,"BANKS, FINANCIAL INSTITUTIONS AND CURRENCIES",APPROVED BY THE PRESIDENT OF THE PHILIPPINES
Senate Bill No. 1287,18th Congress (July 2019 - 2022),https://ldr.senate.gov.ph/bills/senate-bill-no-1287-18th-congress-republic,"AMENDING ARTICLES 14, 96, 124, 211, AND 225 OF E.O. NO. 209 (FAMILY CODE OF THE PHILIPPINES)","AN ACT ENSURING THE FUNDAMENTAL EQUALITY OF MEN AND WOMEN UNDER THE LAWS ON MARRIAGE AND FAMILY RELATIONS, AMENDING FOR THE PURPOSE ARTICLES 14, 96, 124, 211, AND 225 OF EXECUTIVE ORDER NO. 209, OTHERWISE KNOWN AS THE ' FAMILY CODE OF THE PHILIPPINES'","HONTIVEROS, RISA","January 22, 2020",NATIONAL,FAMILY CODE (E.O. NO. 209),"WOMEN, CHILDREN, FAMILY RELATIONS AND GENDER EQUALITY",PENDING IN THE COMMITTEE
Senate Bill No. 1670,18th Congress (July 2019 - 2022),https://ldr.senate.gov.ph/bills/senate-bill-no-1670-18th-congress-republic,"CONVERTING THE ROAD FROM JUNCTION SONGKOY, TO BARANGAY SERING, SOCORRO, SURIGAO DEL NORTE","AN ACT CONVERTING THE ROAD STRETCHING FROM JUNCTION SONGKOY, TO BARANGAY SERING IN THE MUNICIPALITY OF SOCORRO, PROVINCE OF SURIGAO DEL NORTE INTO A NATIONAL ROAD AND APPROPRIATING FUNDS THEREFOR","MARCOS, IMEE R.","July 7, 2020",LOCAL,"ROADS, CONVERSION",RULES,PENDING IN THE COMMITTEE
Senate Bill No. 1361,18th Congress (July 2019 - 2022),https://ldr.senate.gov.ph/bills/senate-bill-no-1361-18th-congress-republic,"THE RURAL, AGRICULTURAL AND FISHERIES FINANCING ENHANCEMENT SYSTEM ACT","AN ACT MANDATING BANKING INSTITUTIONS TO STRENGTHEN THE FINANCING SYSTEM FOR AGRICULTURAL, FISHERIES, AND RURAL DEVELOPMENT IN THE PHILIPPINES AND FOR OTHER PURPOSES","ANGARA, SONNY","February 18, 2020",NATIONAL,RURAL AGRICULTURAL AND FISHERIES FINANCING ENHANCEMENT SYSTEM,"AGRICULTURE, FOOD AND AGRARIAN REFORM",PENDING IN THE COMMITTEE
Senate Bill No. 1704,18th Congress (July 2019 - 2022),https://ldr.senate.gov.ph/bills/senate-bill-no-1704-18th-congress-republic,FLORENCIO L. VARGAS NATIONAL HIGH SCHOOL,"AN ACT ESTABLISHING A NATIONAL HIGH SCHOOL IN BARANGAY SAN JUAN, MUNICIPALITY OF RIZAL, PROVINCE OF CAGAYAN, TO BE KNOWN AS THE FLORENCIO L. VARGAS NATIONAL HIGH SCHOOL, AND APPROPRIATING FUNDS THEREFOR","MARCOS, IMEE R.","July 14, 2020",LOCAL,"SCHOOLS, ESTABLISHMENT",RULES,PENDING IN THE COMMITTEE
Senate Bill No. 1395,18th Congress (July 2019 - 2022),https://ldr.senate.gov.ph/bills/senate-bill-no-1395-18th-congress-republic,MARAWI SIEGE VICTIMS COMPENSATION ACT OF 2020,"AN ACT PROVIDING MONETARY COMPENSATION FOR THE LOSS OR DESTRUCTION OF RESIDENTIAL, CULTURAL, COMMERCIAL STRUCTURES, AND OTHER PROPERTIES IN THE MAIN AFFECTED AREA (MAA) AND THE GREATER MARAWI AREA (GMA) DURING THE SIEGE OF 2017, APPROPRIATING FUNDS THEREFOR AND FOR OTHER PURPOSES","ZUBIRI, JUAN MIGUEL ""MIGZ"" F.","March 4, 2020",NATIONAL,MARAWI CITY/MARAWI SIEGE,FINANCE,CONSOLIDATED/SUBSTITUTED IN THE COMMITTEE REPORT
Senate Bill No. 1652,18th Congress (July 2019 - 2022),https://ldr.senate.gov.ph/bills/senate-bill-no-1652-18th-congress-republic,THE SPECIAL PURPOSE VEHICLE (SPV) ACT OF 2020,"AN ACT GRANTING TAX EXEMPTIONS AND FEE PRIVILEGES TO SPECIAL PURPOSE VEHICLES WHICH ACQUIRE OR INVEST IN NON-PERFORMING ASSETS, SETTING THE REGULATORY FRAMEWORK THEREFOR, AND FOR OTHER PURPOSES",Ralph G. Recto,"July 6, 2020",NATIONAL,SPECIAL PURPOSE VEHICLE (SPV) TAX EXEMPTION,"BANKS, FINANCIAL INSTITUTIONS AND CURRENCIES",CONSOLIDATED/SUBSTITUTED IN THE COMMITTEE REPORT
Senate Bill No. 1715,18th Congress (July 2019 - 2022),https://ldr.senate.gov.ph/bills/senate-bill-no-1715-18th-congress-republic,PHYSICIAN PRO BONO CARE ACT,AN ACT GIVING TAX INCENTIVES TO PHYSICIANS RENDERING PRO BONO SERVICES TO INDIGENT PATIENTS,"POE, GRACE","July 22, 2020",NATIONAL,DOCTORS/PHYSICIANS/DENTISTS TAX INCENTIVES PRO BONO SERVICES INDIGENT PERSONS,HEALTH AND DEMOGRAPHY,PENDING IN THE COMMITTEE
Senate Bill No. 1407,18th Congress (July 2019 - 2022),https://ldr.senate.gov.ph/bills/senate-bill-no-1407-18th-congress-republic,RESEARCH INSTITUTE FOR TROPICAL MEDICINE (RITM) ACT,"AN ACT EXPANDING THE RESEARCH INSTITUTE FOR TROPICAL MEDICINE, AND FOR OTHER PURPOSES","MARCOS, IMEE R.","March 9, 2020",NATIONAL,RESEARCH INSTITUTE FOR TROPICAL MEDICINE (RITM),HEALTH AND DEMOGRAPHY,PENDING IN THE COMMITTEE
Senate Bill No. 1467,18th Congress (July 2019 - 2022),https://ldr.senate.gov.ph/bills/senate-bill-no-1467-18th-congress-republic,PEDESTRIAN SAFETY ACT OF 2020,AN ACT PROVIDING MEASURES TO ENSURE PEDESTRIAN SAFETY AND CONVENIENCE AND PROVIDING PENALTIES FOR VIOLATIONS THEREOF,"DE LIMA, LEILA M.","May 4, 2020",NATIONAL,PEDESTRIAN,PUBLIC SERVICES,PENDING IN THE COMMITTEE
Senate Bill No. 1725,18th Congress (July 2019 - 2022),https://ldr.senate.gov.ph/bills/senate-bill-no-1725-18th-congress-republic,INCREASING THE BED CAPACITY OF SAMAR PROVINCIAL HOSPITAL,"AN ACT INCREASING THE BED CAPACITY OF SAMAR PROVINCIAL HOSPITAL IN THE CITY OF CATBALOGAN, PROVINCE OF SAMAR, FROM ONE HUNDRED (100) TO TWO HUNDRED (220) BEDS, UPGRADING ITS PROFESSIONAL HEALTH CARE SERVICES AND FACILITIES, AUTHORIZING THE INCREASE OF ITS MEDICAL PERSONNEL, AND APPROPRIATING FUNDS THEREFOR","MARCOS, IMEE R.","July 23, 2020",LOCAL,"HOSPITALS, INCREASE BED CAPACITY",HEALTH AND DEMOGRAPHY,WITHDRAWN
Senate Bill No. 1790,18th Congress (July 2019 - 2022),https://ldr.senate.gov.ph/bills/senate-bill-no-1790-18th-congress-republic,MINALABAC TESDA TRAINING AND ASSESSMENT CENTER ACT,"AN ACT ESTABLISHING A TECHNICAL EDUCATION AND SKILLS DEVELOPMENT AUTHORITY (TESDA) TRAINING AND ASSESSMENT CENTER IN THE MUNICIPALITY OF MINALABAC, PROVINCE OF CAMARINES SUR, TO BE KNOWN AS THE MINALABAC TESDA TRAINING AND ASSESSMENT CENTER, AND APPROPRIATING FUNDS THEREFOR","VILLAR, CYNTHIA A.","August 25, 2020",LOCAL,TESDA TRAINING AND ASSESSMENT CENTER,"HIGHER, TECHNICAL AND VOCATIONAL EDUCATION",PENDING IN THE COMMITTEE
Senate Bill No. 1485,18th Congress (July 2019 - 2022),https://ldr.senate.gov.ph/bills/senate-bill-no-1485-18th-congress-republic,PENALIZING THE ILLICIT ENRICHMENT OF PUBLIC OFFICIALS AND EMPLOYEES,AN ACT PENALIZING THE ILLICIT ENRICHMENT OF PUBLIC OFFICIALS AND EMPLOYEES FOR ACQUISITION OF PROPERTIES THROUGH UNLAWFUL MEANS,"POE, GRACE","May 4, 2020",NATIONAL,GOVERNMENT EMPLOYEES Ill-gotten wealth,JUSTICE AND HUMAN RIGHTS,PENDING IN THE COMMITTEE
Senate Bill No. 1545,18th Congress (July 2019 - 2022),https://ldr.senate.gov.ph/bills/senate-bill-no-1545-18th-congress-republic,STRENGTHENING R.A. NO. 9160 (ANTI-MONEY LAUNDERING ACT OF 2001).,"AN ACT STRENGTHENING REPUBLIC ACT NO. 9160, OTHERWISE KNOWN AS THE ANTI-MONEY LAUNDERING ACT OF 2001, AS AMENDED","MARCOS, IMEE R.","May 26, 2020",NATIONAL,ANTI-MONEY LAUNDERING ACT (R.A.NO. 9160),"BANKS, FINANCIAL INSTITUTIONS AND CURRENCIES",CONSOLIDATED/SUBSTITUTED IN THE COMMITTEE REPORT
Senate Bill No. 1863,18th Congress (July 2019 - 2022),https://ldr.senate.gov.ph/bills/senate-bill-no-1863-18th-congress-republic,GAMES AND AMUSEMENTS BOARD ACT,AN ACT STRENGTHENING THE GAMES AND AMUSEMENTS BOARD AND FOR OTHER PURPOSES,"LAPID, MANUEL ""LITO"" M.","September 30, 2020",NATIONAL,GAMES AND AMUSEMENTS BOARD,GAMES AND AMUSEMENT,PENDING IN THE COMMITTEE
Senate Bill No. 1301,18th Congress (July 2019 - 2022),https://ldr.senate.gov.ph/bills/senate-bill-no-1301-18th-congress-republic,HENYONG KABATAAN PINOY ACT OF 2020,"AN ACT INSTITUTIONALIZING GOVERNMENT SUPPORT TO GIFTED AND TALENTED STUDENTS, APPROPRIATING FUNDS THEREFOR AND FOR OTHER PURPOSES","TOLENTINO, FRANCIS ""TOL"" N.","January 29, 2020",NATIONAL,GIFTED AND TALENTED PUPIL/GIFTED AND TALENTED CHILDREN AND YOUTH,"BASIC EDUCATION, ARTS AND CULTURE",PENDING IN THE COMMITTEE
Senate Bill No. 1926,18th Congress (July 2019 - 2022),https://ldr.senate.gov.ph/bills/senate-bill-no-1926-18th-congress-republic,MOTHERS DEPRIVED OF LIBERTY AND THEIR CHILDREN ACT,"AN ACT INSTITUTING DETENTION FACILITIES AND PRISONS REFORMS TO UPHOLD AND PROTECT THE RIGHT TO LIFE AND HUMAN DIGNITY OF MOTHERS DEPRIVED OF LIBERTY AND THEIR CHILDREN, PROVIDING FOR THE MINIMUM STANDARDS THAT MUST BE OBSERVED IN THEIR TREATMENT, PROVIDING FUNDS THEREFOR AND FOR OTHER PURPOSES","DE LIMA, LEILA M.","November 23, 2020",NATIONAL,MOTHERS DEPRIVED OF LIBERTY PRISON MANAGEMENT/PRISON REFORM,JUSTICE AND HUMAN RIGHTS,PENDING IN THE COMMITTEE
Senate Bill No. 1619,18th Congress (July 2019 - 2022),https://ldr.senate.gov.ph/bills/senate-bill-no-1619-18th-congress-republic,NOVALICHES GENERAL HOSPITAL,AN ACT UPGRADING THE NOVALICHES DISTRICT HOSPITAL IN BARANGAY SAN BARTOLOME IN QUEZON CITY INTO A LEVEL 3 GENERAL HOSPITAL TO BE KNOWN AS THE NOVALICHES GENERAL HOSPITAL AND APPROPRIATING FUNDS THEREFOR,"MARCOS, IMEE R.","June 18, 2020",LOCAL,"HOSPITALS, UPGRADING",HEALTH AND DEMOGRAPHY,PENDING IN THE COMMITTEE
Senate Bill No. 1683,18th Congress (July 2019 - 2022),https://ldr.senate.gov.ph/bills/senate-bill-no-1683-18th-congress-republic,E-GOVERNMENT ACT OF 2020,"AN ACT ESTABLISHING THE E-GOVERNMENT, DEFINING ITS POWERS AND FUNCTIONS, APPROPRIATING FUNDS THEREFOR, AND FOR OTHER PURPOSES","POE, GRACE","July 13, 2020",NATIONAL,E-GOVERNMENT SERVICES,SCIENCE AND TECHNOLOGY,PENDING IN THE COMMITTEE
Senate Bill No. 1375,18th Congress (July 2019 - 2022),https://ldr.senate.gov.ph/bills/senate-bill-no-1375-18th-congress-republic,TRANSFERRING THE JURISDICTION OF CRIMINAL CASES,AN ACT TRANSFERRING THE JURISDICTION OF CRIMINAL CASES ARISING FROM VIOLATIONS OF COMMERCIAL LAWS TO SPECIAL COMMERCIAL COURTS,"BINAY, MARIA LOURDES NANCY S.","February 26, 2020",NATIONAL,COMMERCIAL COURTS CRIMINAL CASES FROM VIOLATIONS OF COMMERCIAL LAWS,JUSTICE AND HUMAN RIGHTS,PENDING IN THE COMMITTEE
Senate Bill No. 1442,18th Congress (July 2019 - 2022),https://ldr.senate.gov.ph/bills/senate-bill-no-1442-18th-congress-republic,ESTABLISHMENT AND OPERATION OF ADDITIONAL QUARANTINE STATIONS,"AN ACT PROVIDING FOR THE ESTABLISHMENT AND OPERATION OF ADDITIONAL QUARANTINE STATIONS, GROUNDS AND ANCHORAGES IN ALL STRATEGIC AREAS THROUGHOUT THE COUNTRY, AND APPROPRIATING FUNDS THEREFOR","CAYETANO, PIA S.","April 27, 2020",NATIONAL,QUARANTINE FACILITIES COVID-19,HEALTH AND DEMOGRAPHY,CONSOLIDATED/SUBSTITUTED IN THE COMMITTEE REPORT
Senate Bill No. 1757,18th Congress (July 2019 - 2022),https://ldr.senate.gov.ph/bills/senate-bill-no-1757-18th-congress-republic,NATIONAL ENVIRONMENTAL AWARENESS EDUCATION ACT (AMENDMENTS),"AN ACT AMENDING SECTIONS 3 AND 7 OF REPUBLIC ACT NO. 9512, OTHERWISE KNOWN AS THE NATIONAL ENVIRONMENTAL AWARENESS AND EDUCATION ACT OF 2008, AND FOR OTHER PURPOSES","ANGARA, SONNY","August 3, 2020",NATIONAL,ENVIRONMENTAL EDUCATION,"ENVIRONMENT, NATURAL RESOURCES AND CLIMATE CHANGE",PENDING IN THE COMMITTEE
Senate Bill No. 1821,18th Congress (July 2019 - 2022),https://ldr.senate.gov.ph/bills/senate-bill-no-1821-18th-congress-republic,EXPANDED LEAVE BENEFITS ACT OF 2020,AN ACT EXPANDING CERTAIN LEAVE BENEFITS OF GOVERNMENT OFFICIALS AND EMPLOYEES AND APPROPRIATING FUNDS THEREFOR,"REVILLA JR., RAMON BONG","September 10, 2020",NATIONAL,LEAVE OF ABSENCE,"CIVIL SERVICE, GOVERNMENT REORGANIZATION AND PROFESSIONAL REGULATION",PENDING IN THE COMMITTEE
Senate Bill No. 1513,18th Congress (July 2019 - 2022),https://ldr.senate.gov.ph/bills/senate-bill-no-1513-18th-congress-republic,LABOR EDUCATION ACT,AN ACT INTEGRATING LABOR EDUCATION IN THE TERTIARY EDUCATION CURRICULUM,"LAPID, MANUEL ""LITO"" M.","May 5, 2020",NATIONAL,LABOR EDUCATION TERTIARY EDUCATION CURRICULUM/CURRICULA,"HIGHER, TECHNICAL AND VOCATIONAL EDUCATION",APPROVED BY THE PRESIDENT OF THE PHILIPPINES
Senate Bill No. 1577,18th Congress (July 2019 - 2022),https://ldr.senate.gov.ph/bills/senate-bill-no-1577-18th-congress-republic,FORENSIC DNA DATABASE ACT,"AN ACT ESTABLISHING A FORENSIC DNA DATABASE IN THE PHILIPPINES, APPROPRIATING FUNDS THEREFOR AND FOR OTHER PURPOSES","DELA ROSA, RONALD ""BATO""","June 2, 2020",NATIONAL,FORENSIC DNA DATABANK,PUBLIC ORDER AND DANGEROUS DRUGS,PENDING IN THE COMMITTEE
Senate Bill No. 1269,18th Congress (July 2019 - 2022),https://ldr.senate.gov.ph/bills/senate-bill-no-1269-18th-congress-republic,SOCIAL BENEFIT CORPORATION ACT OF 2020,"AN ACT AMENDING REPUBLIC ACT NO. 11232 OTHERWISE KNOWN AS, 'AN ACT PROVIDING FOR THE REVISED CORPORATION CODE OF THE PHILIPPINES,' AND FOR OTHER PURPOSES","MARCOS, IMEE R.","January 16, 2020",NATIONAL,CORPORATION CODE,CONSTITUTIONAL AMENDMENTS AND REVISION OF CODES,PENDING IN THE COMMITTEE
Senate Bill No. 1895,18th Congress (July 2019 - 2022),https://ldr.senate.gov.ph/bills/senate-bill-no-1895-18th-congress-republic,GREEN PUBLIC PROCUREMENT ACT,AN ACT ESTABLISHING A GREEN PUBLIC PROCUREMENT PROGRAM FOR ALL BRANCHES OF GOVERNMENT,"REVILLA JR., RAMON BONG","November 3, 2020",NATIONAL,GREEN PUBLIC PROCUREMENT ACT,"SUSTAINABLE DEVELOPMENT GOALS, INNOVATION AND FUTURES THINKING",PENDING IN THE COMMITTEE
Senate Bill No. 1333,18th Congress (July 2019 - 2022),https://ldr.senate.gov.ph/bills/senate-bill-no-1333-18th-congress-republic,ENGINEERING OFFICE IN THE SEVENTH LEGISLATIVE DISTRICT OF CEBU,"AN ACT CREATING A DISTRICT ENGINEERING OFFICE IN THE SEVENTH LEGISLATIVE DISTRICT OF THE PROVINCE OF CEBU, AND APPROPRIATING FUNDS THEREFOR","ZUBIRI, JUAN MIGUEL ""MIGZ"" F.","February 11, 2020",NATIONAL,ENGINEERING DISTRICT OFFICE,PUBLIC WORKS,CONSOLIDATED/SUBSTITUTED IN THE COMMITTEE REPORT
Senate Bill No. 1959,18th Congress (July 2019 - 2022),https://ldr.senate.gov.ph/bills/senate-bill-no-1959-18th-congress-republic,ENVIRONMENTAL PROTECTION AND ENFORCEMENT BUREAU (EPEB) ACT,"AN ACT CREATING THE ENVIRONMENTAL PROTECTION AND ENFORCEMENT BUREAU (EPEB) UNDER THE DEPARTMENT OF ENVIRONMENT AND NATURAL RESOURCES (DENR), PROVIDING FOR ITS POWERS AND FUNCTIONS AND APPROPRIATING FUNDS THEREFOR, AND FOR OTHER PURPOSES","REVILLA JR., RAMON BONG","December 17, 2020",NATIONAL,ENVIRONMENTAL PROTECTION Department of Environment and Natural Resources (DENR),"ENVIRONMENT, NATURAL RESOURCES AND CLIMATE CHANGE",PENDING IN THE COMMITTEE
Senate Bill No. 1524,18th Congress (July 2019 - 2022),https://ldr.senate.gov.ph/bills/senate-bill-no-1524-18th-congress-republic,CAMPUS PRESS FREEDOM ACT OF 2020,"AN ACT UPHOLDING AND PROMOTING CAMPUS JOURNALISM AND CAMPUS PRESS FREEDOM, REPEALING FOR THE PURPOSE, REPUBLIC ACT NO. 7079, ENTITLED 'AN ACT PROVIDING FOR THE DEVELOPMENT AND PROMOTION OF CAMPUS JOURNALISM', PENALIZING VIOLATIONS AGAINST CAMPUS PRESS FREEDOM, AND FOR OTHER PURPOSES","DE LIMA, LEILA M.","May 12, 2020",NATIONAL,CAMPUS PRESS FREEDOM JOURNALISM,"HIGHER, TECHNICAL AND VOCATIONAL EDUCATION",PENDING IN THE COMMITTEE
Senate Bill No. 1588,18th Congress (July 2019 - 2022),https://ldr.senate.gov.ph/bills/senate-bill-no-1588-18th-congress-republic,PARENT-TEACHER AND COMMUNITY ASSOCIATION ACT,"AN ACT INSTITUTIONALIZING AND ENHANCING THE ROLE OF PARENT-TEACHER AND COMMUNITY ASSOCIATIONS IN PROMOTING THE WELFARE AND PROTECTING THE RIGHTS OF CHILDREN, AMENDING FOR THE PURPOSE PRESIDENTIAL DECREE NO. 603, OTHERWISE KNOWN AS 'THE CHILD AND YOUTH WELFARE CODE'","HONTIVEROS, RISA","June 4, 2020",NATIONAL,Parent-Teacher Associations COMMUNITY PARTICIPATION/COMMUNITY EMPOWERMENT CHILDREN AND YOUTH,"WOMEN, CHILDREN, FAMILY RELATIONS AND GENDER EQUALITY",PENDING IN THE COMMITTEE
Senate Bill No. 1280,18th Congress (July 2019 - 2022),https://ldr.senate.gov.ph/bills/senate-bill-no-1280-18th-congress-republic,TRAFFIC LIGHT NUTRITIONAL LABELING SCHEME ON FOOD PACKAGING ACT,AN ACT MANDATING FOOD MANUFACTURERS TO DISPLAY COLOR-CODED NUTRITIONAL INFORMATION ON FOOD PACKAGING AND FOR OTHER PURPOSES,"VILLANUEVA, JOEL","January 21, 2020",NATIONAL,NUTRITIONAL INFORMATION DISCLOSURE FOOD LABELING/PACKAGING,HEALTH AND DEMOGRAPHY,PENDING IN THE COMMITTEE
Senate Bill No. 1905,18th Congress (July 2019 - 2022),https://ldr.senate.gov.ph/bills/senate-bill-no-1905-18th-congress-republic,AMENDING SECS. 4 AND 12 OF RA 10175 (CYBERCRIME PREVENTION ACT OF 2012),"AN ACT AMENDING REPUBLIC ACT NO. 10175 OTHERWISE KNOWN AS THE 'CYBERCRIME PREVENTION ACT OF 2012,' AND FOR OTHER PURPOSES","MARCOS, IMEE R.","November 9, 2020",NATIONAL,CYBERCRIME,SCIENCE AND TECHNOLOGY,PENDING IN THE COMMITTEE
Senate Bill No. 1344,18th Congress (July 2019 - 2022),https://ldr.senate.gov.ph/bills/senate-bill-no-1344-18th-congress-republic,PARENTS IN JAIL ACT OF 2019,AN ACT CREATING PROGRAMS FOR INCARCERATED PARENTS AND THEIR CHILDREN,"BINAY, MARIA LOURDES NANCY S.","February 13, 2020",NATIONAL,PRISONERS/INMATES parents,"WOMEN, CHILDREN, FAMILY RELATIONS AND GENDER EQUALITY",PENDING IN THE COMMITTEE
Senate Bill No. 1663,18th Congress (July 2019 - 2022),https://ldr.senate.gov.ph/bills/senate-bill-no-1663-18th-congress-republic,LANAO DEL NORTE REGIONAL MEDICAL CENTER,"AN ACT CONVERTING THE LANAO DEL NORTE PROVINCIAL HOSPITAL, LOCATED IN THE MUNICIPALITY OF BAROY, LANAO DEL NORTE INTO A REGIONAL MEDICAL CENTER TO BE KNOWN AS THE LANAO DEL NORTE REGIONAL MEDICAL CENTER AND APPROPRIATING FUNDS THEREFOR","MARCOS, IMEE R.","July 7, 2020",LOCAL,"HOSPITALS, CONVERSION",HEALTH AND DEMOGRAPHY,PENDING IN THE COMMITTEE
Senate Bill No. 1412,18th Congress (July 2019 - 2022),https://ldr.senate.gov.ph/bills/senate-bill-no-1412-18th-congress-republic,"AMENDING SECTIONS 2,3,7,10,12 AND 20 OF RA 9160 (ANTI-MONEY LAUNDERING ACT)","AN ACT TO FURTHER STRENGTHEN THE ANTI-MONEY LAUNDERING LAW, AMENDING FOR THE PURPOSE SECTIONS 2, 3, 7, 10, 12 AND 20 OF REPUBLIC ACT NO. 9160, OTHERWISE KNOWN AS THE ANTI-MONEY LAUNDERING ACT OF 2001, AS AMENDED, AND FOR OTHER PURPOSES","POE, GRACE","March 11, 2020",NATIONAL,ANTI-MONEY LAUNDERING ACT (R.A.NO. 9160),"BANKS, FINANCIAL INSTITUTIONS AND CURRENCIES",CONSOLIDATED/SUBSTITUTED IN THE COMMITTEE REPORT
Senate Bill No. 1736,18th Congress (July 2019 - 2022),https://ldr.senate.gov.ph/bills/senate-bill-no-1736-18th-congress-republic,"CONVERTING THE MONGGAYANG, MUNICIPALITY OF AGUINALDO, PROVINCE OF IFUGAO ROAD","AN ACT CONVERTING THE MONGGAYANG, MUNICIPALITY OF AGUINALDO, PROVINCE OF IFUGAO ROAD TO THE MUNICIPALITY OF ROXAS, PROVINCE OF ISABELA ROAD INTO A NATIONAL ROAD AND APPROPRIATING FUNDS THEREFOR","MARCOS, IMEE R.","July 27, 2020",LOCAL,"ROADS, CONVERSION",RULES,PENDING IN THE COMMITTEE
Senate Bill No. 1800,18th Congress (July 2019 - 2022),https://ldr.senate.gov.ph/bills/senate-bill-no-1800-18th-congress-republic,NATIONAL EDUCATION SUPPORT PERSONNEL DAY ACT,AN ACT DECLARING THE SIXTEENTH (16TH) DAY OF MAY OF EVERY YEAR A SPECIAL WORKING HOLIDAY TO BE KNOWN AS NATIONAL EDUCATION SUPPORT PERSONNEL DAY,"REVILLA JR., RAMON BONG","August 27, 2020",NATIONAL,HOLIDAYS (SPECIAL WORKING),"BASIC EDUCATION, ARTS AND CULTURE",PENDING IN THE COMMITTEE
Senate Bill No. 1496,18th Congress (July 2019 - 2022),https://ldr.senate.gov.ph/bills/senate-bill-no-1496-18th-congress-republic,POVERTY REDUCTION THROUGH SOCIAL ENTREPRENEURSHIP (PRESENT) ACT,"AN ACT TO PROMOTE THE GROWTH AND DEVELOPMENT OF SOCIAL ENTERPRISES AS A MEANS TO ALLEVIATE POVERTY, ESTABLISHING FOR THE PURPOSE THE 'POVERTY REDUCTION THROUGH SOCIAL ENTREPRENEURSHIP (PRESENT) PROGRAM', PROVIDING INCENTIVES AND BENEFITS, APPROPRIATING FUNDS THEREFOR, AND FOR OTHER PURPOSES","POE, GRACE","May 4, 2020",NATIONAL,POVERTY REDUCTION THROUGH SOCIAL ENTREPRENEURSHIP PROGRAM (PRESENT),"TRADE, COMMERCE AND ENTREPRENEURSHIP",PENDING IN THE COMMITTEE
Senate Bill No. 1556,18th Congress (July 2019 - 2022),https://ldr.senate.gov.ph/bills/senate-bill-no-1556-18th-congress-republic,MACABUG NATIONAL HIGH SCHOOL,"AN ACT ESTABLISHING A NATIONAL HIGH SCHOOL IN BARANGAY MACABUG, CITY OF ORMOC IN THE PROVINCE OF LEYTE TO BE KNOWN AS MACABUG NATIONAL HIGH SCHOOL AND APPROPRIATING FUNDS THEREFOR","MARCOS, IMEE R.","May 27, 2020",LOCAL,"SCHOOLS, ESTABLISHMENT",RULES,PENDING IN THE COMMITTEE
Senate Bill No. 1873,18th Congress (July 2019 - 2022),https://ldr.senate.gov.ph/bills/senate-bill-no-1873-18th-congress-republic,SATELLITE SPECIALTY HOSPITALS ACT OF 2020,AN ACT ESTABLISHING SATELLITE SPECIALTY HOSPITALS TO FACILITATE ACCESS TO SPECIALIZED MEDICAL CARE IN IDENTIFIED REGIONS OF THE PHILIPPINES AND APPROPRIATING FUNDS THEREFOR,"ANGARA, SONNY","October 8, 2020",NATIONAL,"HOSPITALS (SPECIALIZED HOSPITALS, PHCA, LCP, NKFP, LNK, TGH)",HEALTH AND DEMOGRAPHY,PENDING IN THE COMMITTEE
Senate Bill No. 1312,18th Congress (July 2019 - 2022),https://ldr.senate.gov.ph/bills/senate-bill-no-1312-18th-congress-republic,"CONVERSION OF DINAPIGUE, ISABELA ROAD GOING TO DILASAG, AURORA INTO A NATIONAL ROAD","AN ACT PROVIDING FOR THE CONVERSION OF DINAPIGUE, ISABELA ROAD GOING TO DILASAG, AURORA INTO A NATIONAL ROAD AND APPROPRIATING FUNDS THEREFOR","BINAY, MARIA LOURDES NANCY S.","February 3, 2020",LOCAL,"ROADS, CONVERSION",RULES,PENDING IN THE COMMITTEE
Senate Bill No. 1945,18th Congress (July 2019 - 2022),https://ldr.senate.gov.ph/bills/senate-bill-no-1945-18th-congress-republic,STRENGTHENING THE ANTI-MONEY LAUNDERING ACT,"AN ACT TO FURTHER STRENGTHEN THE ANTI-MONEY LAUNDERING LAW, AMENDING FOR THE PURPOSE SECTIONS 3, 7,10,12 AND 20 OF REPUBLIC ACT NO. 9160, OTHERWISE KNOWN AS THE ANTI-MONEY LAUNDERING ACT OF 2001, AS AMENDED, AND FOR OTHER PURPOSES","POE, GRACE","December 9, 2020",NATIONAL,ANTI-MONEY LAUNDERING ACT (R.A.NO. 9160),"BANKS, FINANCIAL INSTITUTIONS AND CURRENCIES",CONSOLIDATED WITH APPROVED BILL
Senate Bill No. 1631,18th Congress (July 2019 - 2022),https://ldr.senate.gov.ph/bills/senate-bill-no-1631-18th-congress-republic,PHILIPPINE COLLECTIVE MEDIA CORPORATION,"AN ACT AMENDING THE FRANCHISE GRANTED TO PHILIPPINE COLLECTIVE MEDIA CORPORATION UNDER REPUBLIC ACT NO. 9773, ENTITLED 'AN ACT GRANTING THE PHILIPPINE COLLECTIVE MEDIA CORPORATION A FRANCHISE TO CONSTRUCT, INSTALL, ESTABLISH, OPERATE AND MAINTAIN RADIO AND TELEVISION BROADCASTING STATIONS IN REGION VIII (EASTERN VISAYAS)'","ZUBIRI, JUAN MIGUEL ""MIGZ"" F.","June 18, 2020",LOCAL,FRANCHISE SALES/FRANCHISE BUSINESS,PUBLIC SERVICES,CONSOLIDATED/SUBSTITUTED IN THE COMMITTEE REPORT
Senate Bill No. 1694,18th Congress (July 2019 - 2022),https://ldr.senate.gov.ph/bills/senate-bill-no-1694-18th-congress-republic,LA SUERTE NATIONAL HIGH SCHOOL,"AN ACT SEPARATING THE BAYABAT NATIONAL HIGH SCHOOL - LA SUERTE EXTENSION IN BARANGAY LA SUERTE, MUNICIPALITY OF AMULUNG, PROVINCE OF CAGAYAN FROM THE BAYABAT NATIONAL HIGH SCHOOL, CONVERTING IT INTO AN INDEPENDENT NATIONAL HIGH SCHOOL TO BE KNOWN AS LA SUERTE NATIONAL HIGH SCHOOL AND APPROPRIATING FUNDS THEREFOR","MARCOS, IMEE R.","July 14, 2020",LOCAL,"SCHOOLS, CONVERSION",RULES,PENDING IN THE COMMITTEE
Senate Bill No. 1386,18th Congress (July 2019 - 2022),https://ldr.senate.gov.ph/bills/senate-bill-no-1386-18th-congress-republic,ILOCOS NORTE TESDA TRAINING AND ASSESSMENT CENTER ACT,"AN ACT ESTABLISHING A TECHNICAL EDUCATION AND SKILLS DEVELOPMENT AUTHORITY (TESDA) TRAINING AND ASSESSMENT CENTER TO BE LOCATED IN THE MUNICIPALITY OF BANNA, PROVINCE OF ILOCOS NORTE, AND APPROPRIATING FUNDS THEREFOR","MARCOS, IMEE R.","March 2, 2020",LOCAL,TECHNICAL EDUCATION AND SKILLS DEVELOPMENT AUTHORITY (TESDA),"HIGHER, TECHNICAL AND VOCATIONAL EDUCATION",PENDING IN THE COMMITTEE
Senate Bill No. 1454,18th Congress (July 2019 - 2022),https://ldr.senate.gov.ph/bills/senate-bill-no-1454-18th-congress-republic,AMENDING R.A. NO. 7581 (PRICE ACT),"AN ACT AMENDING REPUBLIC ACT NO. 7581, AS AMENDED, OTHERWISE KNOWN AS THE 'PRICE ACT' AND FOR OTHER PURPOSES","VILLANUEVA, JOEL","April 27, 2020",NATIONAL,PRICE ACT COVID-19,"TRADE, COMMERCE AND ENTREPRENEURSHIP",PENDING IN THE COMMITTEE
Senate Bill No. 1759,18th Congress (July 2019 - 2022),https://ldr.senate.gov.ph/bills/senate-bill-no-1759-18th-congress-republic,PANDEMIC PROTECTION ACT OF 2020,"AN ACT PROVIDING FOR THE PROTECTION AGAINST PANDEMIC AND THE DEVELOPMENT OF THE HEALTHCARE AND MANUFACTURING INDUSTRIES, AND PROVIDING FUNDS THEREFOR","PANGILINAN, FRANCIS ""KIKO"" N.","August 3, 2020",NATIONAL,PANDEMIC HEALTHCARE MANUFACTURING INDUSTRIES,HEALTH AND DEMOGRAPHY,PENDING IN THE COMMITTEE
Senate Bill No. 1832,18th Congress (July 2019 - 2022),https://ldr.senate.gov.ph/bills/senate-bill-no-1832-18th-congress-republic,BFP MODERNIZATION ACT OF 2020,"AN ACT STRENGTHENING AND MODERNIZING THE BUREAU OF FIRE PROTECTION, AMENDING FOR THE PURPOSE REPUBLIC ACT NO. 6975, OTHERWISE KNOWN AS THE DEPARTMENT OF THE INTERIOR AND LOCAL GOVERNMENT ACT OF 1990, PROVIDING FUNDS THEREFOR AND FOR OTHER PURPOSES","GO, CHRISTOPHER LAWRENCE T.","September 15, 2020",NATIONAL,BUREAU OF FIRE PROTECTION,PUBLIC ORDER AND DANGEROUS DRUGS,CONSOLIDATED WITH APPROVED BILL
Senate Bill No. 1474,18th Congress (July 2019 - 2022),https://ldr.senate.gov.ph/bills/senate-bill-no-1474-18th-congress-republic,"PHILIPPINE STIMULUS PACKAGE, AID AND RESPONSE TO CORONAVIRUS ACT (SPARC)",AN ACT PROVIDING AN ECONOMIC STIMULUS STRATEGY FOR THE EFFECTS OF THE CORONA VIRUS DISEASE (COVID-19) AND APPROPRIATING FUNDS THEREFOR,Ralph G. Recto,"May 4, 2020",NATIONAL,COVID-19,FINANCE,CONSOLIDATED/SUBSTITUTED IN THE COMMITTEE REPORT
Senate Bill No. 1779,18th Congress (July 2019 - 2022),https://ldr.senate.gov.ph/bills/senate-bill-no-1779-18th-congress-republic,REAPPORTIONING THE PROVINCE OF BULACAN,AN ACT REAPPORTIONING THE PROVINCE OF BULACAN INTO SEVEN REGULAR DISTRICTS,"VILLANUEVA, JOEL","August 19, 2020",LOCAL,LEGISLATIVE DISTRICTS,N/A,WITHDRAWN
Senate Bill No. 1535,18th Congress (July 2019 - 2022),https://ldr.senate.gov.ph/bills/senate-bill-no-1535-18th-congress-republic,CRUSHING COVID ACT,AN ACT ENCOURAGING A BASELINE POLYMERASE CHAIN REACTION COVID-19 TESTING FOR VULNERABLE MEMBERS OF SOCIETY FOR THE PURPOSE OF INTERCEPTING COVID-19 TRANSMISSION,"ANGARA, SONNY","May 18, 2020",NATIONAL,POLYMERASE CHAIN REACTION COVID-19 TESTING COVID-19,HEALTH AND DEMOGRAPHY,PENDING IN THE COMMITTEE
Senate Bill No. 1853,18th Congress (July 2019 - 2022),https://ldr.senate.gov.ph/bills/senate-bill-no-1853-18th-congress-republic,AGE OF STATUTORY RAPE AND OTHER SEXUAL ABUSE ACT,"AN ACT INCREASING THE AGE FOR DETERMINING STATUTORY RAPE AND OTHER ACTS OF SEXUAL ABUSE AND EXPLOITATION TO PROTECT CHILDREN AND AMENDING FOR THIS PURPOSE REPUBLIC ACT NO. 3815, AS AMENDED, ALSO KNOWN AS THE REVISED PENAL CODE, AND REPUBLIC ACT NO. 7610, ALSO KNOWN AS THE SPECIAL PROTECTION OF CHILDREN AGAINST ABUSE, EXPLOITATION AND DISCRIMINATION ACT","GORDON, RICHARD J.","September 28, 2020",NATIONAL,"STATUTORY RAPE sexual abuse CHILD ABUSE, EXPLOITATION AND DISCRIMINATION ACT (R.A. NO. 7610)",JUSTICE AND HUMAN RIGHTS,CONSOLIDATED/SUBSTITUTED IN THE COMMITTEE REPORT
Senate Bill No. 1296,18th Congress (July 2019 - 2022),https://ldr.senate.gov.ph/bills/senate-bill-no-1296-18th-congress-republic,PHILIPPINE ENERGY RESEARCH AND POLICY INSTITUTE ACT,"AN ACT ESTABLISHING THE PHILIPPINE ENERGY RESEARCH AND POLICY INSTITUTE, DEFINING ITS OBJECTIVES, POWERS, AND FUNCTIONS, PROVIDING FUNDS THEREFOR, AND FOR OTHER PURPOSES","GATCHALIAN, WIN","January 27, 2020",NATIONAL,PHILIPPINE ENERGY RESEARCH AND POLICY INSTITUTE,ENERGY,APPROVED BY THE PRESIDENT OF THE PHILIPPINES
Senate Bill No. 1423,18th Congress (July 2019 - 2022),https://ldr.senate.gov.ph/bills/senate-bill-no-1423-18th-congress-republic,HEALTH PASSPORT SYSTEM ACT,"AN ACT ESTABLISHING THE NATIONAL HEALTH PASSPORT SYSTEM THEREBY STRENGTHENING THE PRIMARY HEALTHCARE SYSTEM, AND APPROPRIATING FUNDS THEREFOR","REVILLA JR., RAMON BONG","April 16, 2020",NATIONAL,HEALTH PASSPORT SYSTEM,HEALTH AND DEMOGRAPHY,PENDING IN THE COMMITTEE
Senate Bill No. 1502,18th Congress (July 2019 - 2022),https://ldr.senate.gov.ph/bills/senate-bill-no-1502-18th-congress-republic,"AMENDING R.A.NO. 8282, (THE SOCIAL SECURITY ACT OF 1997)","AN ACT EXPANDING THE BENEFITS OF THE SOCIAL SECURITY SYSTEM SO AS TO PROVIDE FOR UNEMPLOYMENT BENEFITS THEREBY AMENDING FOR THIS PURPOSE REPUBLIC ACT NO. 8282, OTHERWISE KNOWN AS THE SOCIAL SECURITY ACT OF 1997","POE, GRACE","May 4, 2020",NATIONAL,SOCIAL SECURITY ACT OF 1997 (R.A.NO. 8282),GOVERNMENT CORPORATIONS AND PUBLIC ENTERPRISES,PENDING IN THE COMMITTEE
Senate Bill No. 1561,18th Congress (July 2019 - 2022),https://ldr.senate.gov.ph/bills/senate-bill-no-1561-18th-congress-republic,BAYANIHAN TO RECOVER AS ONE,"AN ACT EXTENDING THE EFFECTIVITY OF REPUBLIC ACT NO. 11469, OTHERWISE KNOWN AS THE BAYANIHAN TO HEAL AS ONE ACT, PROVIDING MECHANISMS TO ACCELERATE THE RECOVERY AND BOLSTER THE RESILIENCY OF THE PHILIPPINE ECONOMY, AMENDING FOR THE PURPOSE REPUBLIC ACT NO. 11469, APPROPRIATING FUNDS THEREFOR, AND FOR OTHER PURPOSES",Ralph G. Recto,"May 27, 2020",NATIONAL,BAYANIHAN TO HEAL AS ONE ACT COVID-19,FINANCE,CONSOLIDATED/SUBSTITUTED IN THE COMMITTEE REPORT
Senate Bill No. 1317,18th Congress (July 2019 - 2022),https://ldr.senate.gov.ph/bills/senate-bill-no-1317-18th-congress-republic,NATIONAL RESEARCH COUNCIL OF THE PHILIPPINES ACT OF 2020,AN ACT STRENGTHENING THE NATIONAL RESEARCH COUNCIL OF THE PHILIPPINES OF THE DEPARTMENT OF SCIENCE AND TECHNOLOGY FOR THE PROMOTION OF RESEARCH WORK AND APPROPRIATING FUNDS THEREFOR,"REVILLA JR., RAMON BONG","February 3, 2020",NATIONAL,NATIONAL RESEARCH COUNCIL Department of Science and Technology (DOST),SCIENCE AND TECHNOLOGY,PENDING IN THE COMMITTEE
Senate Bill No. 1391,18th Congress (July 2019 - 2022),https://ldr.senate.gov.ph/bills/senate-bill-no-1391-18th-congress-republic,PHILIPPINE CITIZENSHIP TO BIENVENIDO MARAÑÓN MOREJÓN,AN ACT GRANTING PHILIPPINE CITIZENSHIP TO BIENVENIDO MARAÑÓN MOREJÓN,"ZUBIRI, JUAN MIGUEL ""MIGZ"" F.","March 3, 2020",NATIONAL,CITIZENSHIP,JUSTICE AND HUMAN RIGHTS,CONSOLIDATED/SUBSTITUTED IN THE COMMITTEE REPORT
Senate Bill No. 1459,18th Congress (July 2019 - 2022),https://ldr.senate.gov.ph/bills/senate-bill-no-1459-18th-congress-republic,TERTIARY ONLINE LEARNING AND DISTANCE EDUCATION ACT OF 2020,"AN ACT ESTABLISHING THE TERTIARY ONLINE LEARNING AND DISTANCE EDUCATION OFFICE UNDER THE COMMISSION ON HIGHER EDUCATION, AMENDING REPUBLIC ACT NO. 10650 OTHERWISE KNOWN AS 'OPEN DISTANCE LEARNING ACT' AND FOR OTHER PURPOSES","TOLENTINO, FRANCIS ""TOL"" N.","May 4, 2020",NATIONAL,OPEN LEARNING SYSTEM DISTANCE EDUCATION/DISTANCE LEARNING COMMISSION ON HIGHER EDUCATION (CHED) COVID-19,"HIGHER, TECHNICAL AND VOCATIONAL EDUCATION",PENDING IN THE COMMITTEE
Senate Bill No. 1529,18th Congress (July 2019 - 2022),https://ldr.senate.gov.ph/bills/senate-bill-no-1529-18th-congress-republic,MANDATORY QUARANTINE FACILITIES ACT OF 2020,"AN ACT REQUIRING THE ESTABLISHMENT OF QUARANTINE FACILITIES IN EVERY REGION IN THE COUNTRY, PROVIDING FUNDS THEREFOR, AND FOR OTHER PURPOSES","GO, CHRISTOPHER LAWRENCE T.","May 13, 2020",NATIONAL,QUARANTINE FACILITIES COVID-19,HEALTH AND DEMOGRAPHY,CONSOLIDATED/SUBSTITUTED IN THE COMMITTEE REPORT
Senate Bill No. 1593,18th Congress (July 2019 - 2022),https://ldr.senate.gov.ph/bills/senate-bill-no-1593-18th-congress-republic,MEDIA AND INFORMATION LITERACY ACT,AN ACT INTEGRATING MEDIA AND INFORMATION LITERACY IN BASIC EDUCATION CURRICULUM,"REVILLA JR., RAMON BONG","June 11, 2020",NATIONAL,MEDIA AND INFORMATION LITERACY BASIC EDUCATION/BASIC EDUCATION INSTITUTIONS CURRICULUM/CURRICULA,"BASIC EDUCATION, ARTS AND CULTURE",PENDING IN THE COMMITTEE
Senate Bill No. 1285,18th Congress (July 2019 - 2022),https://ldr.senate.gov.ph/bills/senate-bill-no-1285-18th-congress-republic,EMERGENCY VOLUNTEER PROTECTION ACT OF 2020,AN ACT ENCOURAGING VOLUNTEERISM DURING EMERGENCIES BY PROTECTING VOLUNTEERS FROM LIABILITY AND PROVIDING MANDATORY INSURANCE COVERAGE TO THE VOLUNTEERS,"DE LIMA, LEILA M.","January 21, 2020",NATIONAL,EMERGENCY VOLUNTEER,"SOCIAL JUSTICE, WELFARE AND RURAL DEVELOPMENT",PENDING IN THE COMMITTEE
Senate Bill No. 1349,18th Congress (July 2019 - 2022),https://ldr.senate.gov.ph/bills/senate-bill-no-1349-18th-congress-republic,AMENDING R. A. NO. 8762 (RETAIL TRADE LIBERALIZATION ACT),"AN ACT AMENDING REPUBLIC ACT NO. 8762, OTHERWISE KNOWN AS THE RETAIL TRADE LIBERALIZATION ACT, AND FOR OTHER PURPOSES","ZUBIRI, JUAN MIGUEL ""MIGZ"" F.","February 17, 2020",NATIONAL,RETAIL TRADE LIBERALIZATION (R.A.NO. 8762),"TRADE, COMMERCE AND ENTREPRENEURSHIP",CONSOLIDATED/SUBSTITUTED IN THE COMMITTEE REPORT
Senate Bill No. 1359,18th Congress (July 2019 - 2022),https://ldr.senate.gov.ph/bills/senate-bill-no-1359-18th-congress-republic,EXPANDING THE JURISDICTION OF THE METROPOLITAN TRIAL COURTS,"AN ACT FURTHER EXPANDING THE JURISDICTION OF THE METROPOLITAN TRIAL COURTS, MUNICIPAL TRIAL COURTS IN CITIES, MUNICIPAL TRIAL COURTS, AND MUNICIPAL CIRCUIT TRIAL COURTS, AMENDING FOR THE PURPOSE BATAS PAMBANSA BLG. 129, OTHERWISE KNOWN AS THE 'JUDICIARY REORGANIZATION ACT OF 1980,' AS AMENDED","GORDON, RICHARD J.","February 18, 2020",NATIONAL,METROPOLITAN TRIAL COURTS JUDICIARY REORGANIZATION ACT (BATAS PAMBANSA BLG. 129),JUSTICE AND HUMAN RIGHTS,CONSOLIDATED/SUBSTITUTED IN THE COMMITTEE REPORT
Senate Bill No. 1614,18th Congress (July 2019 - 2022),https://ldr.senate.gov.ph/bills/senate-bill-no-1614-18th-congress-republic,LAS PIÑAS GENERAL HOSPITAL AND SATELLITE TRAUMA CENTER,"AN ACT INCREASING THE BED CAPACITY OF THE LAS PIÑAS GENERAL HOSPITAL AND SATELLITE TRAUMA CENTER IN LAS PIÑAS CITY, METRO MANILA, FROM TWO HUNDRED (200) BEDS TO FIVE HUNDRED (500) BEDS, UPGRADING ITS SERVICE FACILITIES AND PROFESSIONAL HEALTH CARE SERVICES, AND APPROPRIATING FUNDS THEREFOR","MARCOS, IMEE R.","June 18, 2020",LOCAL,"HOSPITALS, INCREASE BED CAPACITY",RULES,WITHDRAWN
Senate Bill No. 1678,18th Congress (July 2019 - 2022),https://ldr.senate.gov.ph/bills/senate-bill-no-1678-18th-congress-republic,SENIOR CITIZENS' WELFARE DESK ACT,AN ACT ESTABLISHING A SENIOR CITIZEN'S WELFARE DESK IN EVERY BARANGAY,"LAPID, MANUEL ""LITO"" M.","July 8, 2020",NATIONAL,SENIOR CITIZEN/ELDERLY BARANGAYS,"SOCIAL JUSTICE, WELFARE AND RURAL DEVELOPMENT",PENDING IN THE COMMITTEE
Senate Bill No. 1369,18th Congress (July 2019 - 2022),https://ldr.senate.gov.ph/bills/senate-bill-no-1369-18th-congress-republic,MAGNA CARTA OF FILIPINO SEAFARERS,AN ACT ESTABLISHING THE MAGNA CARTA OF FILIPINO SEAFARERS,"BINAY, MARIA LOURDES NANCY S.","February 19, 2020",NATIONAL,MAGNA CARTA OF FILIPINO SEAFARERS,"LABOR, EMPLOYMENT AND HUMAN RESOURCES DEVELOPMENT",CONSOLIDATED/SUBSTITUTED IN THE COMMITTEE REPORT
Senate Bill No. 1437,18th Congress (July 2019 - 2022),https://ldr.senate.gov.ph/bills/senate-bill-no-1437-18th-congress-republic,HEALTH FACILITIES REGULATION ACT,"AN ACT MODERNIZING THE REGULATION OF HEALTH FACILITIES AND SERVICES, AND APPROPRIATING FUNDS THEREFOR, REPEALING FOR THE PURPOSE REPUBLIC ACT NO. 4226, OTHERWISE KNOWN AS THE 'HOSPITAL LICENSURE ACT'","REVILLA JR., RAMON BONG","April 16, 2020",NATIONAL,"HEALTH FACILITIES HOSPITALS, UPGRADING COVID-19",HEALTH AND DEMOGRAPHY,PENDING IN THE COMMITTEE
Senate Bill No. 1508,18th Congress (July 2019 - 2022),https://ldr.senate.gov.ph/bills/senate-bill-no-1508-18th-congress-republic,VISION CARE FOR KIDS ACT OF 2020,AN ACT TO ESTABLISH A GRANT PROGRAM TO PROVIDE VISION CARE TO CHILDREN,"REVILLA JR., RAMON BONG","May 4, 2020",NATIONAL,VISION CARE CHILDREN/CHILD CARE,HEALTH AND DEMOGRAPHY,PENDING IN THE COMMITTEE
Senate Bill No. 1572,18th Congress (July 2019 - 2022),https://ldr.senate.gov.ph/bills/senate-bill-no-1572-18th-congress-republic,POTIA NATIONAL HIGH SCHOOL,"AN ACT SEPARATING THE STA. MARIA NATIONAL HIGH SCHOOL EXTENSION IN BARANGAY POTIA, MUNICIPALITY OF ALFONSO LISTA, PROVINCE OF IFUGAO FROM STA. MARIA NATIONAL HIGH SCHOOL, CONVERTING IT INTO AN INDEPENDENT NATIONAL HIGH SCHOOL TO BE KNOWN AS POTIA NATIONAL HIGH SCHOOL AND APPROPRIATING FUNDS THEREFOR","MARCOS, IMEE R.","June 2, 2020",LOCAL,"SCHOOLS, CONVERSION",RULES,PENDING IN THE COMMITTEE
Senate Bill No. 1264,18th Congress (July 2019 - 2022),https://ldr.senate.gov.ph/bills/senate-bill-no-1264-18th-congress-republic,INTEGRATED URBAN AGRICULTURE ACT,AN ACT PROMOTING INTEGRATED URBAN AGRICULTURAL DEVELOPMENT IN ALL METROPOLITAN AREAS NATIONWIDE TO ADDRESS FOOD SECURITY CONCERNS AND APPROPRIATING FUNDS THEREFOR,"REVILLA JR., RAMON BONG","January 14, 2020",NATIONAL,URBAN AGRICULTURAL DEVELOPMENT,"AGRICULTURE, FOOD AND AGRARIAN REFORM",CONSOLIDATED/SUBSTITUTED IN THE COMMITTEE REPORT
Senate Bill No. 1890,18th Congress (July 2019 - 2022),https://ldr.senate.gov.ph/bills/senate-bill-no-1890-18th-congress-republic,PHILIPPINE ARCHIPELAGIC SEA LANES ACT,"AN ACT TO ESTABLISH THE ARCHIPELAGIC SEA LANES IN PHILIPPINE ARCHIPELAGIC WATERS, PRESCRIBING THE RIGHTS AND OBLIGATIONS OF FOREIGN SHIPS AND AIRCRAFT EXERCISING THE RIGHT OF ARCHIPELAGIC SEA LANES PASSAGE THROUGH THE DESIGNATED ARCHIPELAGIC SEA LANES, AND FOR OTHER PURPOSES","PIMENTEL, AQUILINO ""KOKO"" III","October 21, 2020",NATIONAL,ARCHIPELAGIC SEA LANES,FOREIGN RELATIONS,PENDING IN THE COMMITTEE
Senate Bill No. 1328,18th Congress (July 2019 - 2022),https://ldr.senate.gov.ph/bills/senate-bill-no-1328-18th-congress-republic,NORTHERN ANTIQUE PROTECTED SEASCAPE AND LANDSCAPE ACT OF 2020,"AN ACT DECLARING THE NORTHERN ANTIQUE PROTECTED SEASCAPE AND LANDSCAPE LOCATED IN THE MUNICIPALITIES OF LIBERTAD, PANDAN, SEBASTE, CULASI AND TIBIAO IN THE PROVINCE OF ANTIQUE AS AN ECOTOURISM ZONE TO ENCOURAGE THE RESPONSIBLE AND SUSTAINABLE USE AS WELL AS FOR THE PRESERVATION AND CONSERVATION OF THE NATURAL RESOURCES FOUND THEREIN, APPROPRIATING FUNDS THEREFOR, AND FOR OTHER PURPOSES","ZUBIRI, JUAN MIGUEL ""MIGZ"" F.","February 10, 2020",NATIONAL,PROTECTED AREA/PROTECTED LANDSCAPE,TOURISM,PENDING IN THE COMMITTEE
Senate Bill No. 1954,18th Congress (July 2019 - 2022),https://ldr.senate.gov.ph/bills/senate-bill-no-1954-18th-congress-republic,TRANS-FAT FREE PHILIPPINES ACT,"AN ACT TO PROTECT FILIPINOS FROM THE HARMFUL EFFECTS OF TRANS FATTY ACIDS, AND FOR OTHER PURPOSES","PANGILINAN, FRANCIS ""KIKO"" N.","December 15, 2020",NATIONAL,TRANS-FATTY ACIDS,"TRADE, COMMERCE AND ENTREPRENEURSHIP",PENDING IN THE COMMITTEE
Senate Bill No. 1647,18th Congress (July 2019 - 2022),https://ldr.senate.gov.ph/bills/senate-bill-no-1647-18th-congress-republic,BACOLOD CITY GENERAL HOSPITAL,"AN ACT ESTABLISHING A GENERAL HOSPITAL IN THE CITY OF BACOLOD, PROVINCE OF NEGROS OCCIDENTAL, TO BE KNOWN AS THE BACOLOD CITY GENERAL HOSPITAL, AND APPROPRIATING FUNDS THEREFOR","ZUBIRI, JUAN MIGUEL ""MIGZ"" F.","July 1, 2020",LOCAL,"HOSPITALS, ESTABLISHMENT",HEALTH AND DEMOGRAPHY,CONSOLIDATED/SUBSTITUTED IN THE COMMITTEE REPORT
Senate Bill No. 1710,18th Congress (July 2019 - 2022),https://ldr.senate.gov.ph/bills/senate-bill-no-1710-18th-congress-republic,"AMENDING R.A.NO.10586 (PENALIZING PERSONS DRIVING UNDER THE INFLUENCE OF ALCOHOL, DANGEROUS DRUGS)","AN ACT AMENDING REPUBLIC ACT NO. 10586 OTHERWISE KNOWN AS 'AN ACT PENALIZING PERSONS DRIVING UNDER THE INFLUENCE OF ALCOHOL, DANGEROUS DRUGS, AND SIMILAR SUBSTANCES, AND FOR OTHER PURPOSES'","DELA ROSA, RONALD ""BATO""","July 22, 2020",NATIONAL,DRUNK DRIVING,PUBLIC ORDER AND DANGEROUS DRUGS,PENDING IN THE COMMITTEE
Senate Bill No. 1401,18th Congress (July 2019 - 2022),https://ldr.senate.gov.ph/bills/senate-bill-no-1401-18th-congress-republic,STRENGTHENING YOUTH PARTICIPATION IN LOCAL GOVERNANCE,"AN ACT STRENGTHENING YOUTH PARTICIPATION IN LOCAL GOVERNANCE, AMENDING FOR THIS PURPOSE REPUBLIC ACT 10742 OTHERWISE KNOWN AS THE SANGGUNIANG KABATAAN REFORM ACT OF 2015, AND FOR OTHER PURPOSES","MARCOS, IMEE R.","March 4, 2020",NATIONAL,YOUTH SANGGUNIANG KABATAAN (SK),YOUTH,CONSOLIDATED/SUBSTITUTED IN THE COMMITTEE REPORT
Senate Bill No. 1462,18th Congress (July 2019 - 2022),https://ldr.senate.gov.ph/bills/senate-bill-no-1462-18th-congress-republic,RENEWING THE FRANCHISE GRANTED TO THE UNIVERSITY OF THE PHILIPPINES SYSTEM,"AN ACT RENEWING THE FRANCHISE GRANTED TO THE UNIVERSITY OF THE PHILIPPINES SYSTEM TO CONSTRUCT, ESTABLISH, MAINTAIN AND OPERATE FOR EDUCATIONAL AND OTHER RELATED PURPOSES RADIO AND TELEVISION BROADCASTING STATIONS WITHIN THE UNIVERSITY OF THE PHILIPPINES AND SUCH OTHER AREAS WITHIN THE SCOPE OF ITS OPERATION UNDER REPUBLIC ACT NO. 8160 TO ANOTHER TWENTY FIVE (25) YEARS","VILLANUEVA, JOEL","May 4, 2020",NATIONAL,FRANCHISE SALES/FRANCHISE BUSINESS University of the Philippines (U.P.),PUBLIC SERVICES,CONSOLIDATED/SUBSTITUTED IN THE COMMITTEE REPORT
Senate Bill No. 1784,18th Congress (July 2019 - 2022),https://ldr.senate.gov.ph/bills/senate-bill-no-1784-18th-congress-republic,OSPITAL NG MEYCAUAYAN,"AN ACT ESTABLISHING A PUBLIC HOSPITAL IN THE CITY OF MEYCAUAYAN, PROVINCE OF BULACAN TO BE KNOWN AS THE OSPITAL NG MEYCAUAYAN, AND APPROPRIATING FUNDS THEREFOR","MARCOS, IMEE R.","August 20, 2020",LOCAL,"HOSPITALS, ESTABLISHMENT",HEALTH AND DEMOGRAPHY,PENDING IN THE COMMITTEE
Senate Bill No. 1537,18th Congress (July 2019 - 2022),https://ldr.senate.gov.ph/bills/senate-bill-no-1537-18th-congress-republic,AMENDING SEC.11 OF R.A. NO. 3019 (ANTI-GRAFT AND CORRUPT PRACTICES ACT),"AN ACT AMENDING SECTION 11 OF REPUBLIC ACT NO. 3019, OTHERWISE KNOWN AS THE 'ANTI-GRAFT AND CORRUPT PRACTICES ACT', AS AMENDED","DE LIMA, LEILA M.","May 19, 2020",NATIONAL,Anti-Graft and Corrupt Practices Act,JUSTICE AND HUMAN RIGHTS,PENDING IN THE COMMITTEE
Senate Bill No. 1858,18th Congress (July 2019 - 2022),https://ldr.senate.gov.ph/bills/senate-bill-no-1858-18th-congress-republic,"NLEX SERVICE ROAD (EASTERN AND WESTERN SIDES/PAMPANGA, ESTABLISHMENT)","AN ACT ESTABLISHING A SERVICE ROAD LINKING THE EASTERN AND WESTERN SIDES OF THE NORTH LUZON EXPRESSWAY (NLEX) IN THE PROVINCE OF PAMPANGA, APPROPRIATING FUNDS THEREFOR AND FOR OTHER PURPOSES","LAPID, MANUEL ""LITO"" M.","September 30, 2020",LOCAL,ROADS (SERVICE ROADS CONSTRUCTION),RULES,PENDING IN THE COMMITTEE
Senate Bill No. 1290,18th Congress (July 2019 - 2022),https://ldr.senate.gov.ph/bills/senate-bill-no-1290-18th-congress-republic,OFFICE OF THE SOLICITOR GENERAL,"AN ACT INCREASING THE EMPLOYEE BENEFITS FOR STATE SOLICITORS OF THE OFFICE OF THE SOLICITOR GENERAL BY PROVIDING RETIREMENT, DEATH AND SURVIVOSHIP BENEFITS, AND APPROPRIATING FUNDS THEREFOR","ANGARA, SONNY","January 23, 2020",NATIONAL,N/A,N/A,WITHDRAWN
Senate Bill No. 1922,18th Congress (July 2019 - 2022),https://ldr.senate.gov.ph/bills/senate-bill-no-1922-18th-congress-republic,PANDEMIC AND OTHER PUBLIC HEALTH EMERGENCY PREPAREDNESS ACT,"AN ACT ESTABLISHING A PANDEMIC AND OTHER PUBLIC HEALTH EMERGENCY PREPAREDNESS PLAN, APPROPRIATING FUNDS THEREFOR, AND FOR OTHER PURPOSES","BINAY, MARIA LOURDES NANCY S.","November 18, 2020",NATIONAL,PANDEMIC,HEALTH AND DEMOGRAPHY,PENDING IN THE COMMITTEE
Senate Bill No. 1491,18th Congress (July 2019 - 2022),https://ldr.senate.gov.ph/bills/senate-bill-no-1491-18th-congress-republic,PHILIPPINE POLLUTANT RELEASE AND TRANSFER REGISTRY ACT,AN ACT CREATING A PHILIPPINE POLLUTANT RELEASE AND TRANSFER REGISTRY,"POE, GRACE","May 4, 2020",NATIONAL,PHILIPPINE POLLUTANT RELEASE AND TRANSFER REGISTRY (PPRTR),"ENVIRONMENT, NATURAL RESOURCES AND CLIMATE CHANGE",PENDING IN THE COMMITTEE
Senate Bill No. 1551,18th Congress (July 2019 - 2022),https://ldr.senate.gov.ph/bills/senate-bill-no-1551-18th-congress-republic,ORANI GENERAL HOSPITAL,"AN ACT CONVERTING THE ORANI DISTRICT HOSPITAL IN THE MUNICIPALITY OF ORANI, PROVINCE OF BATAAN INTO A GENERAL HOSPITAL TO BE KNOWN AS THE ORANI GENERAL HOSPITAL AND INCREASING ITS BED CAPACITY FROM FIFTY (50) TO TWO HUNDRED (200) BEDS, AND APPROPRIATING FUNDS THEREFOR","MARCOS, IMEE R.","May 27, 2020",LOCAL,"HOSPITALS, CONVERSION HOSPITALS, INCREASE BED CAPACITY",RULES,PENDING IN THE COMMITTEE
Senate Bill No. 1868,18th Congress (July 2019 - 2022),https://ldr.senate.gov.ph/bills/senate-bill-no-1868-18th-congress-republic,KAHAYAGAN NATIONAL HIGH SCHOOL (LANAO DEL NORTE),"AN ACT ESTABLISHING A NATIONAL HIGHSCHOOL IN BARANGAY KAHAYAGAN, MUNICIPALITY OF KAPATAGAN, PROVINCE OF LANAO DEL NORTE, TO BE KNOWN AS THE KAHAYAGAN NATIONAL HIGH SCHOOL AND APPROPRIATING FUNDS THEREFOR","MARCOS, IMEE R.","October 5, 2020",LOCAL,"SCHOOLS, ESTABLISHMENT",RULES,PENDING IN THE COMMITTEE
Senate Bill No. 1307,18th Congress (July 2019 - 2022),https://ldr.senate.gov.ph/bills/senate-bill-no-1307-18th-congress-republic,REDEFINING THE CRIME OF SYNDICATED ESTAFA,"AN ACT REDEFINING THE CRIME OF SYNDICATED ESTAFA, AMENDING FOR THE PURPOSE SECTION 1 OF PRESIDENTIAL DECREE NO. 1689","DE LIMA, LEILA M.","February 3, 2020",NATIONAL,ESTAFA,JUSTICE AND HUMAN RIGHTS,PENDING IN THE COMMITTEE
Senate Bill No. 1933,18th Congress (July 2019 - 2022),https://ldr.senate.gov.ph/bills/senate-bill-no-1933-18th-congress-republic,DOMESTIC ADMINISTRATIVE ADOPTION ACT,AN ACT ESTABLISHING THE RULES AND POLICIES ON THE DOMESTIC ADMINISTRATIVE ADOPTION PROCEEDING OF FILIPINO AND FOR OTHER PURPOSES,"POE, GRACE","November 25, 2020",NATIONAL,DOMESTIC ADOPTION ACT OF 1998 (R.A.NO. 8552) ADOPTION CHILDREN/CHILD CARE,"WOMEN, CHILDREN, FAMILY RELATIONS AND GENDER EQUALITY",ENROLLED COPY SENT TO MALACANANG
Senate Bill No. 1891,18th Congress (July 2019 - 2022),https://ldr.senate.gov.ph/bills/senate-bill-no-1891-18th-congress-republic,E-GOVERNMENT ACT,"AN ACT ESTABLISHING THE E-GOVERNMENT, DEFINING ITS POWERS AND FUNCTIONS, AND FOR OTHER PURPOSES","REVILLA JR., RAMON BONG","October 22, 2020",NATIONAL,E-GOVERNMENT SERVICES,SCIENCE AND TECHNOLOGY,PENDING IN THE COMMITTEE
Senate Bill No. 1955,18th Congress (July 2019 - 2022),https://ldr.senate.gov.ph/bills/senate-bill-no-1955-18th-congress-republic,LPG ACT,AN ACT PROVIDING FOR THE NATIONAL ENERGY POLICY AND REGULATORY FRAMEWORK FOR THE PHILIPPINE LIQUEFIED PETROLEUM GAS INDUSTRY,"GATCHALIAN, WIN","December 15, 2020",NATIONAL,Liquefied Petroleum Gas (LPG),ENERGY,APPROVED BY THE PRESIDENT OF THE PHILIPPINES
Senate Bill No. 1503,18th Congress (July 2019 - 2022),https://ldr.senate.gov.ph/bills/senate-bill-no-1503-18th-congress-republic,EXPEDITED DISPOSITION OF ABANDONED IMPORTED GOODS (CUSTOMS MODERNIZATION AND TARIFF ACT),AN ACT INSTITUTIONALIZING A MECHANISM FOR THE MANDATORY AND EXPEDITED DISPOSITION OF ABANDONED IMPORTED GOODS FOR THE BENEFIT OF THE POOR AND UNDERPRIVILEGED IN TIMES OF CALAMITIES AND OTHER NATIONAL EMERGENCIES,"LAPID, MANUEL ""LITO"" M.","May 4, 2020",NATIONAL,CUSTOMS MODERNIZATION AND TARIFF ACT Bureau of Customs,WAYS AND MEANS,PENDING IN THE COMMITTEE
Senate Bill No. 1567,18th Congress (July 2019 - 2022),https://ldr.senate.gov.ph/bills/senate-bill-no-1567-18th-congress-republic,REESTABLISHING THE GENERAL VITO BELARMINO NATIONAL HIGH SCHOOL,AN ACT REESTABLISHING THE GENERAL VITO BELARMINO NATIONAL HIGH SCHOOL AND ENHANCING ITS SPORTS CURRICULUM AND APPROPRIATING FUNDS THEREFOR,"MARCOS, IMEE R.","June 2, 2020",LOCAL,"SCHOOLS, ESTABLISHMENT school sports CURRICULUM/CURRICULA",RULES,PENDING IN THE COMMITTEE
Senate Bill No. 1859,18th Congress (July 2019 - 2022),https://ldr.senate.gov.ph/bills/senate-bill-no-1859-18th-congress-republic,JOSE B. LINGAD MEMORIAL GENERAL HOSPITAL,"AN ACT CONVERTING THE STO. TOMAS INFIRMARY HOSPITAL IN THE MUNICIPALITY OF STO. TOMAS, PROVINCE OF PAMPANGA INTO AN ANNEX OF THE JOSE B. LINGAD MEMORIAL GENERAL HOSPITAL IN SAN FERNANDO, PAMPANGA, TO BE KNOWN AS THE JOSE B. LINGAD MEMORIAL GENERAL HOSPITAL - STO. TOMAS ANNEX, AND APPROPRIATING FUNDS THEREFOR","LAPID, MANUEL ""LITO"" M.","September 30, 2020",LOCAL,"HOSPITALS, CONVERSION",RULES,PENDING IN THE COMMITTEE
Senate Bill No. 1923,18th Congress (July 2019 - 2022),https://ldr.senate.gov.ph/bills/senate-bill-no-1923-18th-congress-republic,AMENDING R.A. NO. 9262 (ANTI-VIOLENCE AGAINST WOMEN AND THEIR CHILDREN ACT OF 2004),"AN ACT EXPANDING THE DEFINITION OF VIOLENCE AGAINST WOMEN AND THEIR CHILDREN TO INCLUDE ELECTRONIC VIOLENCE, AMENDING FOR THIS PURPOSE REPUBLIC ACT NO. 9262, OTHERWISE KNOWN AS THE 'ANTI-VIOLENCE AGAINST WOMEN AND THEIR CHILDREN ACT OF 2004', AND FOR OTHER PURPOSES","MARCOS, IMEE R.","November 19, 2020",NATIONAL,ANTI-VIOLENCE AGAINST WOMEN AND CHILDREN (VAWC)(R.A.NO. 9262) ELECTRONIC VIOLENCE AGAINST WOMEN (E-VAW),"WOMEN, CHILDREN, FAMILY RELATIONS AND GENDER EQUALITY",PENDING IN THE COMMITTEE
Senate Bill No. 1869,18th Congress (July 2019 - 2022),https://ldr.senate.gov.ph/bills/senate-bill-no-1869-18th-congress-republic,"TABAYON NATIONAL HIGH SCHOOL (JOSE ABAD SANTOS, DAVAO OCCIDENTAL)","AN ACT SEPARATING THE JOSE ABAD SANTOS NATIONAL HIGH SCHOOL - TABAYON EXTENSION IN BARANGAY TABAYON, MUNICIPALITY OF JOSE ABAD SANTOS, PROVINCE OF DAVAO OCCIDENTAL FROM THE JOSE ABAD SANTOS NATIONAL HIGH SCHOOL, CONVERTING IT INTO AN INDEPENDENT NATIONAL HIGH SCHOOL TO BE KNOWN AS TABAYON NATIONAL HIGH SCHOOL AND APPROPRIATING FUNDS THEREFOR","MARCOS, IMEE R.","October 5, 2020",LOCAL,"SCHOOLS, CONVERSION",RULES,PENDING IN THE COMMITTEE
Senate Bill No. 1935,18th Congress (July 2019 - 2022),https://ldr.senate.gov.ph/bills/senate-bill-no-1935-18th-congress-republic,ANTI-DRUG ABUSE COUNCILS (ADAC) LAW,"AN ACT INSTITUTIONALIZING ANTI-DRUG ABUSE COUNCILS IN PROVINCES, CITIES, MUNICIPALITIES, AND BARANGAYS, APPROPRIATING FUNDS THEREFOR, AND FOR OTHER PURPOSES","SOTTO III, VICENTE C.","December 3, 2020",NATIONAL,ANTI-DRUG ABUSE COUNCILS (ADACS),PUBLIC ORDER AND DANGEROUS DRUGS,CONSOLIDATED/SUBSTITUTED IN THE COMMITTEE REPORT
Senate Bill No. 1473,18th Congress (July 2019 - 2022),https://ldr.senate.gov.ph/bills/senate-bill-no-1473-18th-congress-republic,THREE-GIVES LAW,"AN ACT INSTITUTIONALIZING AN INSTALLMENT PAYMENT SCHEME ON BASIC UTILITY BILLS DURING CALAMITIES, AND FOR OTHER PURPOSES, TO BE KNOWN AS THE 'THREE-GIVES LAW'","TOLENTINO, FRANCIS ""TOL"" N.","May 4, 2020",NATIONAL,PAYMENT SYSTEM UTILITY BILLS CALAMITY/DISASTER EPIDEMIC COVID-19,"TRADE, COMMERCE AND ENTREPRENEURSHIP",PENDING IN THE COMMITTEE
Senate Bill No. 1295,18th Congress (July 2019 - 2022),https://ldr.senate.gov.ph/bills/senate-bill-no-1295-18th-congress-republic,ESTABLISHING THE TAX REGIME OF PHILIPPINE OFFSHORE GAMING OPERATORS,"AN ACT ESTABLISHING THE TAX REGIME OF PHILIPPINE OFFSHORE GAMING OPERATORS, AMENDING FOR THIS PURPOSE SECTIONS 27, 28, 42 AND 199 OF THE NATIONAL INTERNAL REVENUE CODE OF 1997, AS AMENDED",Ralph G. Recto,"January 27, 2020",NATIONAL,TAXES/TAXATION PHILIPPINE OFFSHORE GAMING OPERATIONS (POGO) NATIONAL INTERNAL REVENUE CODE (NIRC),WAYS AND MEANS,CONSOLIDATED/SUBSTITUTED IN THE COMMITTEE REPORT
Senate Bill No. 1486,18th Congress (July 2019 - 2022),https://ldr.senate.gov.ph/bills/senate-bill-no-1486-18th-congress-republic,ALLOWING GRADUATES OF K-12 ENHANCED EDUCATION IN THE PHILIPPINE NATIONAL POLICE,"AN ACT BROADENING THE OPPORTUNITIES OF FILIPINO YOUTH BY ALLOWING GRADUATES OF K-12 ENHANCED EDUCATION IN THE PHILIPPINE NATIONAL POLICE, AMENDING FOR THE PURPOSE THE PNP LAW, R.A. 6975 AS AMENDED BY R.A. 8551","POE, GRACE","May 4, 2020",NATIONAL,K12 EDUCATION PROGRAM PHILIPPINE NATIONAL POLICE (PNP),PUBLIC ORDER AND DANGEROUS DRUGS,PENDING IN THE COMMITTEE
Senate Bill No. 1546,18th Congress (July 2019 - 2022),https://ldr.senate.gov.ph/bills/senate-bill-no-1546-18th-congress-republic,AMENDING SEC. 9 OF R.A. NO. 11469 (BAYANIHAN TO HEAL AS ONE ACT),"AN ACT DECLARING THE EXISTENCE OF A CONTINUING NATIONAL EMERGENCY ARISING FROM THE CORONAVIRUS DISEASE 2019 (COVID-19) SITUATION, AMENDING SECTION 9 OF REPUBLIC ACT NO. 11469, OTHERWISE KNOWN AS THE 'BAYANIHAN TO HEAL AS ONE ACT,' AND FOR OTHER PURPOSES","ZUBIRI, JUAN MIGUEL ""MIGZ"" F.","May 26, 2020",NATIONAL,BAYANIHAN TO HEAL AS ONE ACT COVID-19,FINANCE,CONSOLIDATED/SUBSTITUTED IN THE COMMITTEE REPORT
Senate Bill No. 1364,18th Congress (July 2019 - 2022),https://ldr.senate.gov.ph/bills/senate-bill-no-1364-18th-congress-republic,FOOD WASTE REDUCTION ACT,AN ACT REDUCING FOOD WASTE THROUGH FOOD DONATIONS AND FOOD WASTE RECYCLING,"PACQUIAO, EMMANUEL ""MANNY"" D.","February 18, 2020",NATIONAL,FOOD WASTE WASTE MANAGEMENT,"AGRICULTURE, FOOD AND AGRARIAN REFORM",PENDING IN THE COMMITTEE
Senate Bill No. 1428,18th Congress (July 2019 - 2022),https://ldr.senate.gov.ph/bills/senate-bill-no-1428-18th-congress-republic,AMENDING R.A. NO. 7924 (CREATING THE METROPOLITAN MANILA DEVELOPMENT AUTHORITY),"AN ACT AMENDING REPUBLIC ACT NO. 7924, OTHERWISE KNOWN AS 'AN ACT CREATING THE METROPOLITAN MANILA DEVELOPMENT AUTHORITY, DEFINING ITS POWERS AND FUNCTION, PROVIDING FUNDS THEREFOR AND OTHER PURPOSES","MARCOS, IMEE R.","April 16, 2020",NATIONAL,METRO MANILA DEVELOPMENT AUTHORITY (MMDA),LOCAL GOVERNMENT,PENDING IN THE COMMITTEE
Senate Bill No. 1514,18th Congress (July 2019 - 2022),https://ldr.senate.gov.ph/bills/senate-bill-no-1514-18th-congress-republic,TELEMEDICINE ACT,AN ACT INSTITUTIONALIZING A NATIONAL TELEMEDICINE SYSTEM IN THE PHILIPPINES,"TOLENTINO, FRANCIS ""TOL"" N.","May 6, 2020",NATIONAL,TELEMEDICINE INFORMATION AND COMMUNICATIONS TECHNOLOGY (ICT) HEALTH CARE DELIVERY SYSTEM,HEALTH AND DEMOGRAPHY,PENDING IN THE COMMITTEE
Senate Bill No. 1578,18th Congress (July 2019 - 2022),https://ldr.senate.gov.ph/bills/senate-bill-no-1578-18th-congress-republic,AMENDING R.A. NO. 7305 (MAGNA CARTA FOR PUBLIC HEALTH WORKERS),AN ACT AMENDING REPUBLIC ACT NO. 7305 OTHERWISE KNOWN AS THE MAGNA CARTA FOR PUBLIC HEALTH WORKERS AND FOR OTHER PURPOSES,"DELA ROSA, RONALD ""BATO""","June 2, 2020",NATIONAL,Magna Carta of Public Health Workers,HEALTH AND DEMOGRAPHY,PENDING IN THE COMMITTEE
Senate Bill No. 1525,18th Congress (July 2019 - 2022),https://ldr.senate.gov.ph/bills/senate-bill-no-1525-18th-congress-republic,RENTAL PAYMENT AND EVICTION MORATORIUM DURING DISASTERS AND EMERGENCIES ACT,AN ACT PROVIDING FOR A MORATORIUM ON RENTAL PAYMENT AND EVICTION DURING DISASTERS AND OTHER EMERGENCIES,"LAPID, MANUEL ""LITO"" M.","May 12, 2020",NATIONAL,MORATORIUM RENTAL PAYMENT/SPACE RENTAL/COMMERCIAL RENTAL,"TRADE, COMMERCE AND ENTREPRENEURSHIP",PENDING IN THE COMMITTEE
Senate Bill No. 1731,18th Congress (July 2019 - 2022),https://ldr.senate.gov.ph/bills/senate-bill-no-1731-18th-congress-republic,TAMBACAN NATIONAL HIGH SCHOOL (TNHS),"AN ACT SEPARATING THE ILIGAN CITY NATIONAL HIGH SCHOOL - TAMBACAN ANNEX IN BARANGAY TAMBACAN, ILIGAN CITY FROM THE ILIGAN CITY NATIONAL HIGH SCHOOL (ICNHS), AND CONVERTING IT INTO AN INDEPENDENT NATIONAL HIGH SCHOOL TO BE KNOWN AS THE TAMBACAN NATIONAL HIGH SCHOOL (TNHS) AND APPROPRIATING FUNDS THEREFOR","MARCOS, IMEE R.","July 23, 2020",LOCAL,"SCHOOLS, CONVERSION",RULES,PENDING IN THE COMMITTEE
Senate Bill No. 1589,18th Congress (July 2019 - 2022),https://ldr.senate.gov.ph/bills/senate-bill-no-1589-18th-congress-republic,"IMPOSING STIFFER PENALTIES FOR CHILD ABUSE, EXPLOITATION AND DISCRIMINATION","AN ACT IMPOSING STIFFER PENALTIES FOR CHILD ABUSE, EXPLOITATION AND DISCRIMINATION, AMENDING FOR THE PURPOSE REPUBLIC ACT NO. 7610, AS AMENDED","HONTIVEROS, RISA","June 4, 2020",NATIONAL,"CHILD ABUSE, EXPLOITATION AND DISCRIMINATION ACT (R.A. NO. 7610)",JUSTICE AND HUMAN RIGHTS,PENDING IN THE COMMITTEE
Senate Bill No. 1795,18th Congress (July 2019 - 2022),https://ldr.senate.gov.ph/bills/senate-bill-no-1795-18th-congress-republic,LIFETIME VALIDITY OF PERSONS WITH DISABILITY IDENTIFICATION CARDS,"AN ACT PROVIDING FOR LIFETIME VALIDITY OF PERSONS WITH DISABILITY IDENTIFICATION CARDS ISSUED TO PWDS WITH PERMANENT DISABILITY, FURTHER AMENDING FOR THE PURPOSE REPUBLIC ACT NO. 7277, OTHERWISE KNOWN AS THE MAGNA CARTA FOR DISABLED PERSONS, AS AMENDED","LAPID, MANUEL ""LITO"" M.","August 26, 2020",NATIONAL,PERSONS WITH DISABILITIES (PWDS) MAGNA CARTA FOR PERSONS WITH DISABILITY (R.A. NO. 7277),"SOCIAL JUSTICE, WELFARE AND RURAL DEVELOPMENT",PENDING IN THE COMMITTEE
Senate Bill No. 1305,18th Congress (July 2019 - 2022),https://ldr.senate.gov.ph/bills/senate-bill-no-1305-18th-congress-republic,AMENDING SEC.9 OF P. D. NO. 651 (REQUIRING THE REGISTRATION OF BIRTHS AND DEATHS IN THE PHILIPPINES),"AN ACT AMENDING SECTION 9 OF PRESIDENTIAL DECREE NO. 651, ENTITLED 'REQUIRING THE REGISTRATION OF BIRTHS AND DEATHS IN THE PHILIPPINES WHICH OCCURRED FROM JANUARY 1, 1974 AND THEREAFTER'","DE LIMA, LEILA M.","February 3, 2020",NATIONAL,BIRTH REGISTRATION DEATH REGISTRATION PRESIDENTIAL DECREE (P.D. NO. 651),JUSTICE AND HUMAN RIGHTS,PENDING IN THE COMMITTEE
Senate Bill No. 1625,18th Congress (July 2019 - 2022),https://ldr.senate.gov.ph/bills/senate-bill-no-1625-18th-congress-republic,SULU PROVINCIAL HOSPITAL,"AN ACT CONVERTING THE SULU PROVINCIAL HOSPITAL IN THE MUNICIPALITY OF JOLO, PROVINCE OF SULU INTO A TERTIARY LEVEL HOSPITAL, UNDER THE DIRECT CONTROL, SUPERVISION AND MANAGEMENT OF THE DEPARTMENT OF HEALTH (DOH), INCREASING ITS BED CAPACITY TO TWO HUNDRED (200) BEDS, AND APPROPRIATING FUNDS THEREFOR","MARCOS, IMEE R.","June 18, 2020",LOCAL,"HOSPITALS, CONVERSION HOSPITALS, INCREASE BED CAPACITY DEPARTMENT OF HEALTH (DOH)",HEALTH AND DEMOGRAPHY,PENDING IN THE COMMITTEE
Senate Bill No. 1689,18th Congress (July 2019 - 2022),https://ldr.senate.gov.ph/bills/senate-bill-no-1689-18th-congress-republic,AGUSAN DEL SUR STATE UNIVERSITY (ADSSU),"AN ACT CONVERTING THE AGUSAN DEL SUR STATE COLLEGE OF AGRICULTURE AND TECHNOLOGY (ASSCAT) IN THE MUNICIPALITY OF BUNAWAN, PROVINCE OF AGUSAN DEL SUR INTO A STATE UNIVERSITY, INTEGRATING THEREWITH THE SATELLITE CAMPUS IN THE MUNICIPALITY OF TRENTO, PROVINCE OF AGUSAN DEL SUR TO BE KNOWN AS THE AGUSAN DEL SUR STATE UNIVERSITY (ADSSU), AND APPROPRIATING FUNDS THEREFOR","MARCOS, IMEE R.","July 14, 2020",LOCAL,"SCHOOLS, CONVERSION","HIGHER, TECHNICAL AND VOCATIONAL EDUCATION",CONSOLIDATED/SUBSTITUTED IN THE COMMITTEE REPORT
Senate Bill No. 1497,18th Congress (July 2019 - 2022),https://ldr.senate.gov.ph/bills/senate-bill-no-1497-18th-congress-republic,RESILIENT HOUSING AND HUMAN SETTLEMENTS ACT OF 2020,"AN ACT INSTITUTING A NATIONAL COMPREHENSIVE FRAMEWORK ON RESILIENT HOUSING AND HUMAN SETTLEMENTS, APPROPRIATING FUNDS THEREFOR AND FOR OTHER PURPOSES","POE, GRACE","May 4, 2020",NATIONAL,RESILIENT HOUSING AND HUMAN SETTLEMENTS,"URBAN PLANNING, HOUSING AND RESETTLEMENT",PENDING IN THE COMMITTEE
Senate Bill No. 1557,18th Congress (July 2019 - 2022),https://ldr.senate.gov.ph/bills/senate-bill-no-1557-18th-congress-republic,TESDA NAVAL TRAINING CENTER,"AN ACT PROVIDING FOR THE ESTABLISHMENT OF THE TECHNICAL EDUCATION AND SKILLS DEVELOPMENT AUTHORITY (TESDA) TRAINING AND ACCREDITATION CENTER IN THE MUNICIPALITY OF NAVAL, TO BE KNOWN AS THE TESDA NAVAL TRAINING CENTER, AND APPROPRIATING FUNDS THEREFOR","MARCOS, IMEE R.","May 27, 2020",LOCAL,TECHNICAL EDUCATION AND SKILLS DEVELOPMENT AUTHORITY (TESDA),"HIGHER, TECHNICAL AND VOCATIONAL EDUCATION",PENDING IN THE COMMITTEE
Senate Bill No. 1883,18th Congress (July 2019 - 2022),https://ldr.senate.gov.ph/bills/senate-bill-no-1883-18th-congress-republic,"BARANGAY CAMATCHILE, MUNICIPALITY OF FLORIDABLANCA, PROVINCE OF PAMPANGA","AN ACT CONVERTING SITIO CAMATCHILE IN BARANGAY MAWACAT, MUNICIPALITY OF FLORIDABLANCA, PROVINCE OF PAMPANGA, INTO A BARANGAY TO BE KNOWN AS BARANGAY CAMATCHILE AND FOR OTHER PURPOSES","LAPID, MANUEL ""LITO"" M.","October 12, 2020",LOCAL,"BARANGAY, CREATION",RULES,PENDING IN THE COMMITTEE
Senate Bill No. 1321,18th Congress (July 2019 - 2022),https://ldr.senate.gov.ph/bills/senate-bill-no-1321-18th-congress-republic,SPECIAL DEFENSE ECONOMIC ZONE (SPEDEZ) ACT,"AN ACT ESTABLISHING A SPECIAL DEFENSE ECONOMIC ZONE (SPEDEZ) INSIDE THE GOVERNMENT ARSENAL DEFENSE INDUSTRIAL ESTATE LOCATED IN CAMP GEN. ANTONIO LUNA, LAMAO, MUNICIPALITY OF LIMAY, PROVINCE OF BATAAN, CREATING FOR THIS PURPOSE THE SPECIAL DEFENSE ECONOMIC ZONE AUTHORITY (SPEDEZA) AND APPROPRIATING FUNDS THEREFOR",Ralph G. Recto,"February 4, 2020",NATIONAL,SPECIAL DEFENSE ECONOMIC ZONE (SPEDEZ),ECONOMIC AFFAIRS,PENDING IN THE COMMITTEE
Senate Bill No. 1950,18th Congress (July 2019 - 2022),https://ldr.senate.gov.ph/bills/senate-bill-no-1950-18th-congress-republic,HYBRID ELECTION ACT,"AN ACT PROVIDING FOR THE CONDUCT OF HYBRID NATIONAL, LOCAL, AND BANGSAMORO AUTONOMOUS REGION IN MUSLIM MINDANAO (BARMM) ELECTIONS, THROUGH MANUAL-AUTOMATED VOTING, COUNTING, CANVASSING, CONSOLIDATION, AND TRANSMISSION, AMENDING FOR THE PURPOSE REPUBLIC ACT NO. 8436, AS AMENDED, AND FOR OTHER PURPOSES","SOTTO III, VICENTE C.","December 14, 2020",NATIONAL,HYBRID ELECTION BANGSAMORO Autonomous Region in Muslim Mindanao (ARMM),ELECTORAL REFORMS AND PEOPLES PARTICIPATION,"PENDING SECOND READING, SPECIAL ORDER"
Senate Bill No. 1640,18th Congress (July 2019 - 2022),https://ldr.senate.gov.ph/bills/senate-bill-no-1640-18th-congress-republic,"METRO MANILA TURF CLUB, INC.","AN ACT RENEWING FOR ANOTHER TWENTY-FIVE (25) YEARS THE FRANCHISE GRANTED TO METRO MANILA TURF CLUB, INC. UNDER REPUBLIC ACT NO. 7978, ENTITLED 'AN ACT GRANTING THE METRO MANILA TURF CLUB, INC. A FRANCHISE TO CONSTRUCT, OPERATE AND MAINTAIN A RACE TRACK FOR HORSE RACING IN THE CITY OF KALOOKAN', AS AMENDED BY REPUBLIC ACT NO. 8298","ZUBIRI, JUAN MIGUEL ""MIGZ"" F.","June 25, 2020",LOCAL,FRANCHISE SALES/FRANCHISE BUSINESS,PUBLIC SERVICES,CONSOLIDATED/SUBSTITUTED IN THE COMMITTEE REPORT
Senate Bill No. 1703,18th Congress (July 2019 - 2022),https://ldr.senate.gov.ph/bills/senate-bill-no-1703-18th-congress-republic,QUIBAL NATIONAL HIGH SCHOOL,"AN ACT ESTABLISHING A NATIONAL HIGH SCHOOL IN BARANGAY QUIBAL, MUNICIPALITY OF PEÑABLANCA, PROVINCE OF CAGAYAN TO BE KNOWN AS QUIBAL NATIONAL HIGH SCHOOL AND APPROPRIATING FUNDS THEREFOR","MARCOS, IMEE R.","July 14, 2020",LOCAL,"SCHOOLS, ESTABLISHMENT",RULES,PENDING IN THE COMMITTEE
Senate Bill No. 1396,18th Congress (July 2019 - 2022),https://ldr.senate.gov.ph/bills/senate-bill-no-1396-18th-congress-republic,COCONUT FARMERS AND INDUSTRY TRUST FUND ACT,"AN ACT CREATING THE COCONUT FARMERS AND INDUSTRY TRUST FUND, PROVIDING FOR ITS MANAGEMENT AND UTILIZATION, RECONSTITUTING FOR THE PURPOSE THE PHILIPPINE COCONUT AUTHORITY BOARD, AND FOR OTHER PURPOSES","PANGILINAN, FRANCIS ""KIKO"" N.","March 4, 2020",NATIONAL,COCONUT FARMERS AND INDUSTRY DEVELOPMENT TRUST FUND PHILIPPINE COCONUT AUTHORITY,"AGRICULTURE, FOOD AND AGRARIAN REFORM",APPROVED BY THE PRESIDENT OF THE PHILIPPINES
Senate Bill No. 1651,18th Congress (July 2019 - 2022),https://ldr.senate.gov.ph/bills/senate-bill-no-1651-18th-congress-republic,FEAST OF OUR LADY OF GUADALUPE DAY ACT,AN ACT DECLARING DECEMBER 12 OF EVERY YEAR A SPECIAL WORKING HOLIDAY IN THE ENTIRE COUNTRY TO COMMEMORATE THE FEAST OF OUR LADY OF GUADALUPE,"ZUBIRI, JUAN MIGUEL ""MIGZ"" F.","July 6, 2020",NATIONAL,HOLIDAYS (SPECIAL WORKING),"BASIC EDUCATION, ARTS AND CULTURE",PENDING IN THE COMMITTEE
Senate Bill No. 1714,18th Congress (July 2019 - 2022),https://ldr.senate.gov.ph/bills/senate-bill-no-1714-18th-congress-republic,CHARTER OF THE PROVINCES OF NORTHERN MAGUINDANAO AND SOUTHERN MAGUINDANAO,"AN ACT DIVIDING THE PROVINCE OF MAGUINDANAO INTO TWO (2) PROVINCES, NAMELY: NORTHERN MAGUINDANAO AND SOUTHERN MAGUINDANAO","VILLAR, CYNTHIA A.","July 22, 2020",LOCAL,"PROVINCE, CREATION AND/OR RENAMING MAGUINDANAO",LOCAL GOVERNMENT,CONSOLIDATED/SUBSTITUTED IN THE COMMITTEE REPORT
Senate Bill No. 1724,18th Congress (July 2019 - 2022),https://ldr.senate.gov.ph/bills/senate-bill-no-1724-18th-congress-republic,INUDARAN I NATIONAL HIGH SCHOOL,"AN ACT ESTABLISHING A NATIONAL HIGH SCHOOL IN BARANGAY INUDARAN I, MUNICIPALITY OF SAPAD, PROVINCE OF LANAO DEL NORTE, TO BE KNOWN AS THE INUDARAN I NATIONAL HIGH SCHOOL AND APPROPRIATING FUNDS THEREFOR","MARCOS, IMEE R.","July 23, 2020",LOCAL,"SCHOOLS, ESTABLISHMENT",RULES,PENDING IN THE COMMITTEE
Senate Bill No. 1788,18th Congress (July 2019 - 2022),https://ldr.senate.gov.ph/bills/senate-bill-no-1788-18th-congress-republic,ILOCOS NORTE SPECIAL ECONOMIC ZONE AND FREEPORT ACT,"AN ACT ESTABLISHING THE SPECIAL ECONOMIC ZONE AND FREEPORT IN THE PROVINCE OF ILOCOS NORTE, CREATING FOR THIS PURPOSE THE ILOCOS NORTE SPECIAL ECONOMIC ZONE AND FREEPORT AUTHORITY, AND APPROPRIATING FUNDS THEREFOR","MARCOS, IMEE R.","August 24, 2020",NATIONAL,SPECIAL ECONOMIC ZONE,ECONOMIC AFFAIRS,PENDING IN THE COMMITTEE
Senate Bill No. 1862,18th Congress (July 2019 - 2022),https://ldr.senate.gov.ph/bills/senate-bill-no-1862-18th-congress-republic,DON HONORIO VENTURA STATE UNIVERSITY (DHVSU),"AN ACT CONVERTING THE EXTENSION CAMPUSES OF THE DON HONORIO VENTURA STATE UNIVERSITY (DHVSU) LOCATED IN THE MUNICIPALITIES OF STO. TOMAS, PORAC, LUBAO, CANDABA, APALIT, MEXICO, STA. RITA, FLORIDABLANCA, GUAGUA AND SASMUAN, ALL IN THE PROVINCE OF PAMPANGA, INTO REGULAR CAMPUSES OF THE DHVSU, AND APPROPRIATING FUNDS THEREFOR","LAPID, MANUEL ""LITO"" M.","September 30, 2020",LOCAL,"SCHOOLS, CONVERSION","HIGHER, TECHNICAL AND VOCATIONAL EDUCATION",CONSOLIDATED/SUBSTITUTED IN THE COMMITTEE REPORT
Senate Bill No. 1300,18th Congress (July 2019 - 2022),https://ldr.senate.gov.ph/bills/senate-bill-no-1300-18th-congress-republic,MIXED FILIPINO HERITAGE ACT OF 2020,AN ACT PROTECTING INDIVIDUALS WITH MIXED FILIPINO HERITAGE FROM DISCRIMINATORY ACTS,"TOLENTINO, FRANCIS ""TOL"" N.","January 29, 2020",NATIONAL,MIXED FILIPINO HERITAGE ANTI-DISCRIMINATION,"WOMEN, CHILDREN, FAMILY RELATIONS AND GENDER EQUALITY",PENDING IN THE COMMITTEE
Senate Bill No. 1925,18th Congress (July 2019 - 2022),https://ldr.senate.gov.ph/bills/senate-bill-no-1925-18th-congress-republic,"EXTENDING THE AVAILABILITY OF THE 2020 APPROPRIATIONS TO DECEMBER 31, 2021","AN ACT EXTENDING THE AVAILABILITY OF THE 2020 APPROPRIATIONS TO DECEMBER 31, 2021, AMENDING FOR THE PURPOSE SECTION 60 OF THE GENERAL PROVISIONS OF REPUBLIC ACT NO. 11465, THE GENERAL APPROPRIATIONS ACT OF FISCAL YEAR 2020",Ralph G. Recto,"November 20, 2020",NATIONAL,GENERAL APPROPRIATIONS ACT (GAA),FINANCE,CONSOLIDATED/SUBSTITUTED IN THE COMMITTEE REPORT
Senate Bill No. 1618,18th Congress (July 2019 - 2022),https://ldr.senate.gov.ph/bills/senate-bill-no-1618-18th-congress-republic,NAGPAYONG NATIONAL HIGH SCHOOL,"AN ACT CONVERTING THE NAGPAYONG HIGH SCHOOL IN BARANGAY PINAGBUHATAN, PASIG CITY, METRO MANILA INTO A NATIONAL HIGH SCHOOL TO BE KNOWN AS NAGPAYONG NATIONAL HIGH SCHOOL AND APPROPRIATING FUNDS THEREFOR","MARCOS, IMEE R.","June 18, 2020",LOCAL,"SCHOOLS, CONVERSION",RULES,PENDING IN THE COMMITTEE
Senate Bill No. 1682,18th Congress (July 2019 - 2022),https://ldr.senate.gov.ph/bills/senate-bill-no-1682-18th-congress-republic,BANGKO SA BARYO ACT OF 2020,AN ACT ENABLING BANKS TO EXPAND SERVICE DELIVERY CHANNELS THROUGH CASH AGENTS AND PROVIDING GUIDELINES THEREFOR,"POE, GRACE","July 13, 2020",NATIONAL,BANGKO SA BARYO,"BANKS, FINANCIAL INSTITUTIONS AND CURRENCIES",PENDING IN THE COMMITTEE
Senate Bill No. 1756,18th Congress (July 2019 - 2022),https://ldr.senate.gov.ph/bills/senate-bill-no-1756-18th-congress-republic,PHILIPPINE UNIVERSITY OF SCIENCES AND TECHNOLOGY (BICOL),AN ACT CONVERTING THE BICOL STATE COLLEGE OF APPLIED SCIENCES AND TECHNOLOGY INTO A STATE UNIVERSITY TO BE KNOWN AS THE PHILIPPINE UNIVERSITY OF SCIENCES AND TECHNOLOGY AND APPROPRIATING FUNDS THEREFOR,"GO, CHRISTOPHER LAWRENCE T.","July 30, 2020",LOCAL,STATE COLLEGES AND UNIVERSITIES (SCUS),"HIGHER, TECHNICAL AND VOCATIONAL EDUCATION",CONSOLIDATED/SUBSTITUTED IN THE COMMITTEE REPORT
Senate Bill No. 1820,18th Congress (July 2019 - 2022),https://ldr.senate.gov.ph/bills/senate-bill-no-1820-18th-congress-republic,MEDIA WORKERS' WELFARE ACT,"AN ACT PROVIDING ENHANCED PROTECTION, SECURITY AND BENEFITS FOR MEDIA WORKERS","SOTTO III, VICENTE C.","September 9, 2020",NATIONAL,MEDIA PRACTITIONERS JOURNALIST WELFARE DEPARTMENT OF LABOR AND EMPLOYMENT (DOLE),"LABOR, EMPLOYMENT AND HUMAN RESOURCES DEVELOPMENT",CONSOLIDATED/SUBSTITUTED IN THE COMMITTEE REPORT
Senate Bill No. 1268,18th Congress (July 2019 - 2022),https://ldr.senate.gov.ph/bills/senate-bill-no-1268-18th-congress-republic,SIMPLIFYING THE CONFIRMATION OF IMPERFECT TITLES,"AN ACT SIMPLIFYING THE CONFIRMATION OF IMPERFECT TITLES, AMENDING FOR THE PURPOSE PRESIDENTIAL DECREE NO. 1529, COMMONWEALTH ACT NO. 141 AND REPUBLIC ACT NO. 9176, AND FOR OTHER PURPOSES","ANGARA, SONNY","January 15, 2020",NATIONAL,LAND TITLE/TORRENS TITLE,JUSTICE AND HUMAN RIGHTS,CONSOLIDATED/SUBSTITUTED IN THE COMMITTEE REPORT
Senate Bill No. 1894,18th Congress (July 2019 - 2022),https://ldr.senate.gov.ph/bills/senate-bill-no-1894-18th-congress-republic,AMENDING R.A. NO. 10175 (CYBERCRIME PREVENTION ACT OF 2012),"AN ACT DEFINING ECONOMIC SABOTAGE IN COMPUTER-RELATED OFFENSES AND AMENDING REPUBLIC ACT NO. 10175, OTHERWISE KNOWN AS THE 'CYBERCRIME PREVENTION ACT OF 2012'","POE, GRACE","October 26, 2020",NATIONAL,CYBERCRIME ECONOMIC SABOTAGE,SCIENCE AND TECHNOLOGY,PENDING IN THE COMMITTEE
Senate Bill No. 1332,18th Congress (July 2019 - 2022),https://ldr.senate.gov.ph/bills/senate-bill-no-1332-18th-congress-republic,CONTROL AND SUPERVISION OF THE PROVINCIAL AND SUB-PROVINCIAL JAILS TO THE BJMP,"AN ACT TRANSFERRING THE CONTROL AND SUPERVISION OF THE PROVINCIAL AND SUB-PROVINCIAL JAILS TO THE BUREAU OF JAIL MANAGEMENT AND PENOLOGY, AMENDING FOR THE PURPOSE CERTAIN PROVISIONS OF REPUBLIC ACT NO. 6975, OTHERWISE KNOWN AS THE 'DEPARTMENT OF THE INTERIOR AND LOCAL GOVERNMENT ACT OF 1990' AS AMENDED, AND FOR OTHER PURPOSES","ZUBIRI, JUAN MIGUEL ""MIGZ"" F.","February 11, 2020",NATIONAL,BUREAU OF JAIL MANAGEMENT AND PENOLOGY JAIL FACILITY/PRISON FACILITY DEPARTMENT OF THE INTERIOR AND LOCAL GOVERNMENT (DILG),PUBLIC ORDER AND DANGEROUS DRUGS,PENDING IN THE COMMITTEE
Senate Bill No. 1958,18th Congress (July 2019 - 2022),https://ldr.senate.gov.ph/bills/senate-bill-no-1958-18th-congress-republic,CAGAYAN RIVER BASIN DEVELOPMENT AUTHORITY ACT,"AN ACT CREATING THE CAGAYAN RIVER BASIN DEVELOPMENT AUTHORITY, PRESCRIBING ITS POWERS, FUNCTIONS AND DUTIES, PROVIDING FUNDS THEREFOR, AND FOR OTHER PURPOSES","REVILLA JR., RAMON BONG","December 17, 2020",NATIONAL,CAGAYAN RIVER BASIN DEVELOPMENT AUTHORITY,GOVERNMENT CORPORATIONS AND PUBLIC ENTERPRISES,PENDING IN THE COMMITTEE
Senate Bill No. 1279,18th Congress (July 2019 - 2022),https://ldr.senate.gov.ph/bills/senate-bill-no-1279-18th-congress-republic,ENTERPRISE-BASED EDUCATION AND TRAINING TO EMPLOYMENT ACT,"AN ACT STRENGTHENING TECHNICAL VOCATIONAL EDUCATION AND TRAINING (TVET) IN THE PHILIPPINES BY INCORPORATING APPRENTICESHIP AND DUAL TRAINING SYSTEM, PROVIDING FOR CONTINUOUS TRAINING OF THE UNEMPLOYED, AND EXPANDING THE PROVISION OF ENTERPRISE-BASED EDUCATION AND TRAINING, AND FOR OTHER PURPOSES","VILLANUEVA, JOEL","January 21, 2020",NATIONAL,TECHNICAL VOCATIONAL EDUCATION AND TRAINING (TVET),"HIGHER, TECHNICAL AND VOCATIONAL EDUCATION",PENDING IN THE COMMITTEE
Senate Bill No. 1904,18th Congress (July 2019 - 2022),https://ldr.senate.gov.ph/bills/senate-bill-no-1904-18th-congress-republic,NATIONAL INDIGENOUS PEOPLES DAY,"AN ACT DECLARING THE 9TH OF AUGUST AS 'NATIONAL INDIGENOUS PEOPLES DAY', A SPECIAL NON-WORKING HOLIDAY, AND THE MONTH OF AUGUST AS 'NATIONAL INDIGENOUS PEOPLES MONTH'","MARCOS, IMEE R.","November 9, 2020",NATIONAL,HOLIDAY (SPECIAL NON-WORKING),CONSTITUTIONAL AMENDMENTS AND REVISION OF CODES,PENDING IN THE COMMITTEE
Senate Bill No. 1343,18th Congress (July 2019 - 2022),https://ldr.senate.gov.ph/bills/senate-bill-no-1343-18th-congress-republic,"AMENDING SECTIONS. 3, 4 AND 6 OF R. A. NO. 9006 ( FAIR ELECTIONS ACT)","AN ACT AMENDING SECTIONS 3, 4 AND 6 OF REUBLIC ACT NO. 9006 ALSO KNOWN AS THE FAIR ELECTIONS ACT TO INCLUDE STATIC AND LED BILLBOARDS AND OTHER OUTDOOR ADVERTISING MEDIA AS LAWFUL ELECTION PROPAGANDA","SOTTO III, VICENTE C.","February 13, 2020",NATIONAL,FAIR ELECTIONS ACT (R.A.NO. 9006),ELECTORAL REFORMS AND PEOPLES PARTICIPATION,"PENDING SECOND READING, ORDINARY BUSINESS"
Senate Bill No. 1662,18th Congress (July 2019 - 2022),https://ldr.senate.gov.ph/bills/senate-bill-no-1662-18th-congress-republic,SAN ISIDRO NATIONAL HIGH SCHOOL,"AN ACT ESTABLISHING A NATIONAL HIGH SCHOOL IN BARANGAY SAN ISIDRO, CITY OF ORMOC IN THE PROVINCE OF LEYTE TO BE KNOWN AS SAN ISIDRO NATIONAL HIGH SCHOOL AND APPROPRIATING FUNDS THEREFOR","MARCOS, IMEE R.","July 7, 2020",LOCAL,"SCHOOLS, ESTABLISHMENT",RULES,PENDING IN THE COMMITTEE
Senate Bill No. 1735,18th Congress (July 2019 - 2022),https://ldr.senate.gov.ph/bills/senate-bill-no-1735-18th-congress-republic,BINENG NATIONAL HIGH SCHOOL,"AN ACT CONVERTING THE BENGUET NATIONAL HIGH SCHOOL- BINENG ANNEX IN BARANGAY BINENG, MUNICIPALITY OF LA TRINIDAD, PROVINCE OF BENGUET INTO A NATIONAL HIGH SCHOOL TO BE KNOWN AS THE BINENG NATIONAL HIGH SCHOOL AND APPROPRIATING FUNDS THEREFOR","MARCOS, IMEE R.","July 23, 2020",LOCAL,"SCHOOLS, CONVERSION",RULES,PENDING IN THE COMMITTEE
Senate Bill No. 1799,18th Congress (July 2019 - 2022),https://ldr.senate.gov.ph/bills/senate-bill-no-1799-18th-congress-republic,SUSTAINABLE FOREST MANAGEMENT ACT,AN ACT PROVIDING FOR THE SUSTAINABLE MANAGEMENT OF FOREST AND FOREST LANDS AND FOR OTHER PURPOSES,"REVILLA JR., RAMON BONG","August 27, 2020",NATIONAL,SUSTAINABLE FOREST MANAGEMENT FOREST LAND/FOREST LIMITS,"ENVIRONMENT, NATURAL RESOURCES AND CLIMATE CHANGE",PENDING IN THE COMMITTEE
Senate Bill No. 1876,18th Congress (July 2019 - 2022),https://ldr.senate.gov.ph/bills/senate-bill-no-1876-18th-congress-republic,DOH HOSPITAL BED CAPACITY AND SERVICE CAPABILITY RATIONALIZATION ACT,AN ACT AUTHORIZING THE DEPARTMENT OF HEALTH (DOH) TO SET AND APPROVE THE BED CAPACITY AND SERVICE CAPABILITY OF ALL DOH HOSPITAL,"REVILLA JR., RAMON BONG","October 8, 2020",NATIONAL,HOSPITALS DEPARTMENT OF HEALTH (DOH),HEALTH AND DEMOGRAPHY,"PENDING SECOND READING, ORDINARY BUSINESS"
Senate Bill No. 1311,18th Congress (July 2019 - 2022),https://ldr.senate.gov.ph/bills/senate-bill-no-1311-18th-congress-republic,INCREASING THE BED CAPACITY OF THE SOUTHERN ISABELA MEDICAL CENTER,"AN ACT INCREASING THE BED CAPACITY OF THE SOUTHERN ISABELA MEDICAL CENTER IN SANTIAGO CITY, PROVINCE OF ISABELA, FROM THREE HUNDRED FIFTY (350) TO SEVEN HUNDRED (700) BEDS, AND INCREASING ITS MAINTENANCE AND OTHER OPERATING EXPENSES","BINAY, MARIA LOURDES NANCY S.","February 3, 2020",NATIONAL,"HOSPITALS, INCREASE BED CAPACITY",HEALTH AND DEMOGRAPHY,PENDING IN THE COMMITTEE
Senate Bill No. 1934,18th Congress (July 2019 - 2022),https://ldr.senate.gov.ph/bills/senate-bill-no-1934-18th-congress-republic,SOGIESC-BASED ANTI-DISCRIMINATION ACT,"AN ACT PROHIBITING DISCRIMINATION, MARGINALIZATION, AND VIOLENCE COMMITTED ON THE BASIS OF SEXUAL ORIENTATION, GENDER IDENTITY, GENDER EXPRESSION AND SEX CHARACTERISTICS AND PROVIDING SANCTIONS THEREFOR","HONTIVEROS, RISA","December 1, 2020",NATIONAL,GENDER DISCRIMINATION SEXUAL ORIENTATION (LESBIANS/GAYS/SOGIE) ANTI-DISCRIMINATION,"WOMEN, CHILDREN, FAMILY RELATIONS AND GENDER EQUALITY","PENDING SECOND READING, SPECIAL ORDER"
Senate Bill No. 1630,18th Congress (July 2019 - 2022),https://ldr.senate.gov.ph/bills/senate-bill-no-1630-18th-congress-republic,BAYOMBONG TECHNICAL EDUCATION AND SKILLS DEVELOPMENT AND TRAINING AND ACCREDITATION CENTER ACT,AN ACT PROVIDING FOR THE ESTABLISHMENT OF THE TECHNICAL EDUCATION AND SKILLS DEVELOPMENT AUTHORITY (TESDA) TRAINING AND ACCREDITATION CENTER IN THE MUNICIPALITY OF BAYOMBONG IN THE PROVINCE OF NUEVA VIZCAYA AND APPROPRIATING FUNDS THEREFOR,"MARCOS, IMEE R.","June 18, 2020",LOCAL,TESDA TRAINING AND ACCREDITATION CENTER,"HIGHER, TECHNICAL AND VOCATIONAL EDUCATION",PENDING IN THE COMMITTEE
Senate Bill No. 1831,18th Congress (July 2019 - 2022),https://ldr.senate.gov.ph/bills/senate-bill-no-1831-18th-congress-republic,BETTER INTERNET ACT,AN ACT REQUIRING ALL PUBLIC TELECOMMUNICATIONS ENTITIES AND INTERNET SERVICE PROVIDERS IN THE COUNTRY TO INCREASE SERVICE COVERAGE AND DELIVER A MINIMUM STANDARD FOR INTERNET CONNECTION SPEED,Ralph G. Recto,"September 14, 2020",NATIONAL,INTERNET SERVICE PROVIDERS INTERNET ACCESS,PUBLIC SERVICES,"PENDING SECOND READING, ORDINARY BUSINESS"
Senate Bill No. 1693,18th Congress (July 2019 - 2022),https://ldr.senate.gov.ph/bills/senate-bill-no-1693-18th-congress-republic,"CONVERTING THE GINATILAN-BONGOLANON ROAD IN THE CITY OF KIDAPAWAN, PROVINCE OF COTABATO","AN ACT CONVERTING THE GINATILAN-BONGOLANON ROAD TRAVERSING THE CITY OF KIDAPAWAN AND THE MUNICIPALITY OF MAGPET, PROVINCE OF COTABATO INTO A NATIONAL ROAD AND APPROPRIATING FUNDS THEREFOR","MARCOS, IMEE R.","July 14, 2020",LOCAL,"ROADS, CONVERSION",RULES,PENDING IN THE COMMITTEE
Senate Bill No. 1758,18th Congress (July 2019 - 2022),https://ldr.senate.gov.ph/bills/senate-bill-no-1758-18th-congress-republic,ELECTRONIC COMMERCE ACT (AMENDMENTS),"AN ACT AMENDING REPUBLIC ACT NO. 8792 OR OTHERWISE KNOWN AS THE ELECTRONIC COMMERCE ACT OF 2000, AND FOR OTHER PURPOSES","MARCOS, IMEE R.","August 3, 2020",NATIONAL,"E-COMMERCE ACT (ELECTRONIC COMMERCE, R.A.NO. 8792)","TRADE, COMMERCE AND ENTREPRENEURSHIP",PENDING IN THE COMMITTEE
Senate Bill No. 1864,18th Congress (July 2019 - 2022),https://ldr.senate.gov.ph/bills/senate-bill-no-1864-18th-congress-republic,"MILITARY AND UNIFORMED PERSONNEL SERVICES SEPARATION, RETIREMENT, AND PENSION ACT","AN ACT PROVIDING FOR A UNIFIED SYSTEM FOR SEPARATION, RETIREMENT, AND PENSION OF THE MILITARY AND UNIFORMED PERSONNEL (MUP) SERVICES OF THE REPUBLIC OF THE PHILIPPINES, CREATING THE MILITARY AND UNIFORMED PERSONNEL RETIREMENT FUND, PROVIDING FUNDS THEREFOR, AND FOR OTHER PURPOSES","DELA ROSA, RONALD ""BATO""","September 30, 2020",NATIONAL,MILITARY AND UNIFORMED PERSONNEL PENSION,"NATIONAL DEFENSE AND SECURITY, PEACE, UNIFICATION AND RECONCILIATION",PENDING IN THE COMMITTEE
Senate Bill No. 1928,18th Congress (July 2019 - 2022),https://ldr.senate.gov.ph/bills/senate-bill-no-1928-18th-congress-republic,MICROGRID SYSTEMS ACT,AN ACT PROMOTING THE USE OF MICROGRID SYSTEMS FOR THE TOTAL ELECTRIFICATION OF UNSERVED AND UNDERSERVED AREAS,"GATCHALIAN, WIN","November 24, 2020",NATIONAL,MICROGRID ENERGY REGULATORY COMMISSION NATIONAL POWER CORPORATION (NAPOCOR),ENERGY,ENROLLED COPY SENT TO MALACANANG
Senate Bill No. 1620,18th Congress (July 2019 - 2022),https://ldr.senate.gov.ph/bills/senate-bill-no-1620-18th-congress-republic,PANABO CITY DISTRICT HOSPITAL,"AN ACT ESTABLISHING A TWENTY-FIVE (25) BED CAPACITY DISTRICT HOSPITAL IN PANABO CITY, PROVINCE OF DAVAO DEL NORTE, TO BE KNOWN AS THE PANABO CITY DISTRICT HOSPITAL, AND APPROPRIATING FUNDS THEREFOR","MARCOS, IMEE R.","June 18, 2020",LOCAL,"HOSPITALS, ESTABLISHMENT",HEALTH AND DEMOGRAPHY,PENDING IN THE COMMITTEE
Senate Bill No. 1684,18th Congress (July 2019 - 2022),https://ldr.senate.gov.ph/bills/senate-bill-no-1684-18th-congress-republic,AMENDING R.A. NO. 11165 (TELECOMMUTING ACT),"AN ACT EXPANDING THE COVERAGE OF THE TELECOMMUTING ACT AND PROVIDING INCENTIVES FOR TELECOMMUTING EMPLOYEES, AMENDING FOR THE PURPOSE, REPUBLIC ACT NO. 11165, OTHERWISE KNOWN AS THE TELECOMMUTING ACT AND FOR OTHER PURPOSES","TOLENTINO, FRANCIS ""TOL"" N.","July 13, 2020",NATIONAL,TELECOMMUTING,"LABOR, EMPLOYMENT AND HUMAN RESOURCES DEVELOPMENT",PENDING IN THE COMMITTEE
Senate Bill No. 1376,18th Congress (July 2019 - 2022),https://ldr.senate.gov.ph/bills/senate-bill-no-1376-18th-congress-republic,SENIOR CITIZENS' FRAUD EDUCATION ACT,"AN ACT EDUCATING THE PUBLIC, SENIOR CITIZENS, THEIR FAMILIES AND THEIR CAREGIVERS ON IDENTIFYING AND PREVENTING FRAUDULENT ACTIVITIES TARGETING SENIOR CITIZENS","BINAY, MARIA LOURDES NANCY S.","February 26, 2020",NATIONAL,N/A,"TRADE, COMMERCE AND ENTREPRENEURSHIP","PENDING SECOND READING, ORDINARY BUSINESS"
Senate Bill No. 1443,18th Congress (July 2019 - 2022),https://ldr.senate.gov.ph/bills/senate-bill-no-1443-18th-congress-republic,PHILIPPINE HEALTH SECURITY ACT,AN ACT PROVIDING FOR A NATIONAL HEALTH SECURITY AND APPROPRIATING FUNDS THEREFOR,"CAYETANO, PIA S.","April 27, 2020",NATIONAL,PHILIPPINE HEALTH SECURITY COVID-19,HEALTH AND DEMOGRAPHY,PENDING IN THE COMMITTEE
Senate Bill No. 1760,18th Congress (July 2019 - 2022),https://ldr.senate.gov.ph/bills/senate-bill-no-1760-18th-congress-republic,DRUGS AND MEDICINES PRICE REGULATORY BOARD,"AN ACT ESTABLISHING THE DRUG PRICE REGULATORY BOARD TO REGULATE THE PRICES OF DRUGS AND MEDICINES IN THE PHILIPPINES AMENDING FOR THE PURPOSE REPUBLIC ACT NO. 9502, OTHERWISE KNOWN AS THE UNIVERSALLY ACCESSIBLE CHEAPER AND QUALITY MEDICINES ACT OF 2008 AND FOR OTHER PURPOSES","MARCOS, IMEE R.","August 4, 2020",NATIONAL,DRUG PRICE REGULATORY BOARD CHEAPER MEDICINES MEDICINES/DRUGS,"TRADE, COMMERCE AND ENTREPRENEURSHIP",PENDING IN THE COMMITTEE
Senate Bill No. 1822,18th Congress (July 2019 - 2022),https://ldr.senate.gov.ph/bills/senate-bill-no-1822-18th-congress-republic,"FERNANDO POE, JR. AVENUE (METRO MANILA)","AN ACT RENAMING DEL MONTE AVENUE IN QUEZON CITY TO FERNANDOE POE, JR. AVENUE","LAPID, MANUEL ""LITO"" M.","September 14, 2020",LOCAL,"ROADS, CHANGE OF NAME/RENAMING",PUBLIC WORKS,CONSOLIDATED/SUBSTITUTED IN THE COMMITTEE REPORT
Senate Bill No. 1907,18th Congress (July 2019 - 2022),https://ldr.senate.gov.ph/bills/senate-bill-no-1907-18th-congress-republic,INSTITUTING SERVICES AND PROGRAMS FOR LEARNERS WITH DISABILITIES IN SUPPORT OF INCLUSIVE EDUCATION,"AN ACT INSTITUTING SERVICES AND PROGRAMS FOR LEARNERS WITH DISABILITIES IN SUPPORT OF INCLUSIVE EDUCATION, ESTABLISHING INCLUSIVE LEARNING RESOURCE CENTERS OF LEARNERS WITH DISABILITIES IN ALL MUNICIPALITIES AND CITIES, PROVIDING FOR STANDARDS, APPROPRIATING FUNDS THEREFOR, AND FOR OTHER PURPOSES","LAPID, MANUEL ""LITO"" M.","November 9, 2020",NATIONAL,PERSONS WITH DISABILITIES (PWDS) INCLUSIVE EDUCATION,"BASIC EDUCATION, ARTS AND CULTURE",PASSED BY BOTH HOUSES
Senate Bill No. 1960,18th Congress (July 2019 - 2022),https://ldr.senate.gov.ph/bills/senate-bill-no-1960-18th-congress-republic,NORTHERN SAMAR POLYTECHNIC INSTITUTE (NSPI) ACT,"AN ACT CONVERTING THE BALICUATRO COLLEGE OF ARTS AND TRADES IN THE MUNICIPALITY OF ALLEN, PROVINCE OF NORTHERN SAMAR, INTO THE NORTHERN SAMAR POLYTECHNIC INSTITUTE, AND APPROPRIATING FUNDS THEREFOR","ZUBIRI, JUAN MIGUEL ""MIGZ"" F.","December 21, 2020",LOCAL,"SCHOOLS, CONVERSION","HIGHER, TECHNICAL AND VOCATIONAL EDUCATION",PENDING IN THE COMMITTEE
Senate Bill No. 1653,18th Congress (July 2019 - 2022),https://ldr.senate.gov.ph/bills/senate-bill-no-1653-18th-congress-republic,EASTERN VISAYAS STATE UNIVERSITY DULAG CAMPUS ACT,"AN ACT CONVERTING THE DULAG SATELLITE CAMPUS OF THE EASTERN VISAYAS STATE UNIVERSITY (EVSU) LOCATED IN THE MUNICIPALITY OF DULAG, PROVINCE OF LEYTE, INTO A REGULAR CAMPUS, AMENDING FOR THE PURPOSE REPUBLIC ACT NO. 9311, AND APPROPRIATING FUNDS THEREFOR","MARCOS, IMEE R.","July 7, 2020",LOCAL,"SCHOOLS, CONVERSION","HIGHER, TECHNICAL AND VOCATIONAL EDUCATION",CONSOLIDATED/SUBSTITUTED IN THE COMMITTEE REPORT
Senate Bill No. 1716,18th Congress (July 2019 - 2022),https://ldr.senate.gov.ph/bills/senate-bill-no-1716-18th-congress-republic,FOREIGN LANGUAGE EDUCATION ACT,"AN ACT MANDATING THE INCLUSION OF A FOREIGN LANGUAGE OTHER THAN ENGLISH, AS AN ELECTIVE COURSE IN THE HIGHER EDUCATION CURRICULUM","POE, GRACE","July 22, 2020",NATIONAL,FOREIGN LANGUAGE CURRICULUM/CURRICULA HIGHER EDUCATION INSTITUTIONS,"HIGHER, TECHNICAL AND VOCATIONAL EDUCATION",PENDING IN THE COMMITTEE
Senate Bill No. 1408,18th Congress (July 2019 - 2022),https://ldr.senate.gov.ph/bills/senate-bill-no-1408-18th-congress-republic,HEALTH EMERGENCY LOCKDOWN ACT,"AN ACT STRENGTHENING THE CAPACITY OF THE DEPARTMENT OF HEALTH IN THE DETECTION AND CONTAINMENT OF INFECTIOUS DISEASES, INCLUDING THE QUARANTINE OF INFECTED PERSONS AND LOCKDOWN OF INFECTED AREAS, AMENDING REPUBLIC ACT NO. 9271, AND FOR OTHER PURPOSES","TOLENTINO, FRANCIS ""TOL"" N.","March 10, 2020",NATIONAL,DEPARTMENT OF HEALTH (DOH) NOVEL CORONAVIRUS,HEALTH AND DEMOGRAPHY,PENDING IN THE COMMITTEE
Senate Bill No. 1469,18th Congress (July 2019 - 2022),https://ldr.senate.gov.ph/bills/senate-bill-no-1469-18th-congress-republic,NATIONAL DIGITAL CAREERS ACT,AN ACT SUPPORTING THE GROWTH AND DEVELOPMENT OF DIGITAL CAREERS IN THE PHILIPPINES,"ANGARA, SONNY","May 4, 2020",NATIONAL,DIGITAL CAREERS,"LABOR, EMPLOYMENT AND HUMAN RESOURCES DEVELOPMENT",CONSOLIDATED/SUBSTITUTED IN THE COMMITTEE REPORT
Senate Bill No. 1726,18th Congress (July 2019 - 2022),https://ldr.senate.gov.ph/bills/senate-bill-no-1726-18th-congress-republic,CONVERTING THE MAGSAYSAY-HAGONOY-MATANAO PROVINCIAL ROAD IN THE PROVINCE OF DAVAO DEL SUR,"AN ACT CONVERTING THE MAGSAYSAY-HAGONOY-MATANAO PROVINCIAL ROAD IN THE PROVINCE OF DAVAO DEL SUR, INTO A NATIONAL ROAD AND APPROPRIATING FUNDS THEREFOR","MARCOS, IMEE R.","July 23, 2020",LOCAL,"ROADS, CONVERSION",RULES,PENDING IN THE COMMITTEE
Senate Bill No. 1791,18th Congress (July 2019 - 2022),https://ldr.senate.gov.ph/bills/senate-bill-no-1791-18th-congress-republic,SAMAR ISLAND MEDICAL CENTER,"AN ACT ESTABLISHING A TERTIARY HOSPITAL UNDER THE CONTROL, SUPERVISION, AND MANAGEMENT OF THE DEPARTMENT OF HEALTH IN THE CITY OF CALBAYOG, SAMAR TO BE KNOWN AS THE SAMAR ISLAND MEDICAL CENTER, APPROPRIATING FUNDS THEREFOR, AND FOR OTHER PURPOSES","PANGILINAN, FRANCIS ""KIKO"" N.","August 26, 2020",LOCAL,"HOSPITALS, ESTABLISHMENT",HEALTH AND DEMOGRAPHY,PENDING IN THE COMMITTEE
Senate Bill No. 1353,18th Congress (July 2019 - 2022),https://ldr.senate.gov.ph/bills/senate-bill-no-1353-18th-congress-republic,EXPANDING THE JURISDICTION OF THE METROPOLITAN TRIAL COURTS,"AN ACT FURTHER EXPANDING THE JURISDICTION OF THE METROPOLITAN TRIAL COURTS, MUNICIPAL TRIAL COURTS IN CITIES, MUNICIPAL TRIAL COURTS, AND MUNICIPAL CIRCUIT TRIAL COURTS, AMENDING FOR THE PURPOSE BATAS PAMBANSA BLG. 129, OTHERWISE KNOWN AS THE 'JUDICIARY REORGANIZATION ACT OF 1980,' AS AMENDED","LAPID, MANUEL ""LITO"" M.","February 17, 2020",NATIONAL,METROPOLITAN TRIAL COURTS JUDICIARY REORGANIZATION ACT (BATAS PAMBANSA BLG. 129),JUSTICE AND HUMAN RIGHTS,CONSOLIDATED/SUBSTITUTED IN THE COMMITTEE REPORT
Senate Bill No. 1419,18th Congress (July 2019 - 2022),https://ldr.senate.gov.ph/bills/senate-bill-no-1419-18th-congress-republic,"MILITARY AND UNIFORMED PERSONNEL SERVICES SEPARATION, RETIREMENT, AND PENSION ACT OF 2020","AN ACT PROVIDING FOR A UNIFIED SYSTEM FOR SEPARATION, RETIREMENT, AND PENSION OF THE MILITARY AND UNIFORMED PERSONNEL (MUP) SERVICES OF THE REPUBLIC OF THE PHILIPPINES, CREATING THE MILITARY AND UNIFORM PERSONNEL RETIREMENT FUND AUTHORITY, PROVIDING FUNDS THEREFOR, AND FOR OTHER PURPOSES","GO, CHRISTOPHER LAWRENCE T.","March 23, 2020",NATIONAL,MILITARY AND UNIFORMED PERSONNEL PENSION,"NATIONAL DEFENSE AND SECURITY, PEACE, UNIFICATION AND RECONCILIATION",PENDING IN THE COMMITTEE
Senate Bill No. 1737,18th Congress (July 2019 - 2022),https://ldr.senate.gov.ph/bills/senate-bill-no-1737-18th-congress-republic,CHARTER OF THE CITY OF CALACA,AN ACT CONVERTING THE MUNICIPALITY OF CALACA IN THE PROVINCE OF BATANGAS INTO A COMPONENT CITY TO BE KNOWN AS THE CITY OF CALACA,"GATCHALIAN, WIN","July 27, 2020",LOCAL,"CITY CHARTER, REVISION/AMENDMENTS",LOCAL GOVERNMENT,CONSOLIDATED/SUBSTITUTED IN THE COMMITTEE REPORT
Senate Bill No. 1807,18th Congress (July 2019 - 2022),https://ldr.senate.gov.ph/bills/senate-bill-no-1807-18th-congress-republic,NATIONAL COOPERATIVE MONTH,"AN ACT DECLARING THE MONTH OF OCTOBER OF EVERY YEAR AS THE ""NATIONAL COOPERATIVE MONTH","HONTIVEROS, RISA","September 2, 2020",NATIONAL,COOPERATIVE MONTH,COOPERATIVES,CONSOLIDATED WITH APPROVED BILL
Senate Bill No. 1874,18th Congress (July 2019 - 2022),https://ldr.senate.gov.ph/bills/senate-bill-no-1874-18th-congress-republic,LANAO DEL NORTE REGIONAL MEDICAL CENTER,"AN ACT UPGRADING THE LANAO DEL NORTE PROVINCIAL HOSPITAL, LOCATED IN THE MUNICIPALITY OF BAROY, LANAO DEL NORTE INTO A REGIONAL MEDICAL CENTER TO BE KNOWN AS THE LANAO DEL NORTE REGIONAL MEDICAL CENTER AND APPROPRIATING FUNDS THEREFOR","ANGARA, SONNY","October 8, 2020",LOCAL,"HOSPITALS, UPGRADING",HEALTH AND DEMOGRAPHY,CONSOLIDATED/SUBSTITUTED IN THE COMMITTEE REPORT
Senate Bill No. 1938,18th Congress (July 2019 - 2022),https://ldr.senate.gov.ph/bills/senate-bill-no-1938-18th-congress-republic,MANDATORY TREE PLANTING FOR EVERY MOTOR VEHICLE SALES ACT,"AN ACT REQUIRING ALL DEALERS, RETAILERS AND SIMILAR ENTITIES ENGAGED IN THE SALE OF MOTOR VEHICLES TO PLANT AT LEAST TEN (10) TREES FOR EVERY SALES TRANSACTION","LAPID, MANUEL ""LITO"" M.","December 7, 2020",NATIONAL,Motor Vehicles TREE PLANTING/CUTTING/BURNING,"ENVIRONMENT, NATURAL RESOURCES AND CLIMATE CHANGE",PENDING IN THE COMMITTEE
Senate Bill No. 1632,18th Congress (July 2019 - 2022),https://ldr.senate.gov.ph/bills/senate-bill-no-1632-18th-congress-republic,EXPANDED ANTI-VIOLENCE AGAINST WOMEN AND THEIR CHILDREN (E-VAWC) ACT,"AN ACT DEFINING ELECTRONIC VIOLENCE AGAINST WOMEN AND THEIR CHILDREN, PROVIDING PROTECTIVE MEASURES, AND PRESCRIBING PENALTIES, AMENDING FOR THE PURPOSE REPUBLIC ACT NO. 9262, OTHERWISE KNOWN AS THE 'ANTI-VIOLENCE AGAINST WOMEN AND THEIR CHILDREN ACT OF 2004","REVILLA JR., RAMON BONG","June 24, 2020",NATIONAL,E-VAWC ELECTRONIC VIOLENCE AGAINST WOMEN (E-VAW) CHILDREN/CHILD CARE,"WOMEN, CHILDREN, FAMILY RELATIONS AND GENDER EQUALITY",PENDING IN THE COMMITTEE
Senate Bill No. 1695,18th Congress (July 2019 - 2022),https://ldr.senate.gov.ph/bills/senate-bill-no-1695-18th-congress-republic,MALUMMIN NATIONAL TECHNICAL-VOCATIONAL HIGH SCHOOL,"AN ACT SEPARATING THE TUAO VOCATIONAL AND TECHNICAL SCHOOL -MALUMMIN ANNEX IN BARANGAY MALUMMIN, MUNICIPALITY OF TUAO, PROVINCE OF CAGAYAN FROM THE TUAO VOCATIONAL AND TECHNICAL SCHOOL, CONVERTING IT INTO AN INDEPENDENT NATIONAL TECHNICAL-VOCATIONAL HIGH SCHOOL TO BE KNOWN AS MALUMMIN NATIONAL TECHNICAL-VOCATIONAL HIGH SCHOOL AND APPROPRIATING FUNDS THEREFOR","MARCOS, IMEE R.","July 14, 2020",LOCAL,"SCHOOLS, CONVERSION",RULES,PENDING IN THE COMMITTEE
Senate Bill No. 1387,18th Congress (July 2019 - 2022),https://ldr.senate.gov.ph/bills/senate-bill-no-1387-18th-congress-republic,"INCREASING THE BED CAPACITY OF THE SOUTHERN ISABELA MEDICAL CENTER IN SANTIAGO CITY, ISABELA","AN ACT INCREASING THE BED CAPACITY OF THE SOUTHERN ISABELA MEDICAL CENTER IN SANTIAGO CITY, PROVINCE OF ISABELA, FROM THREE HUNDRED FIFTY (350) TO SEVEN HUNDRED (700) BEDS, AND INCREASING ITS MAINTENANCE AND OTHER OPERATING EXPENSES","MARCOS, IMEE R.","March 2, 2020",LOCAL,"HOSPITALS, INCREASE BED CAPACITY",HEALTH AND DEMOGRAPHY,PENDING IN THE COMMITTEE
Senate Bill No. 1455,18th Congress (July 2019 - 2022),https://ldr.senate.gov.ph/bills/senate-bill-no-1455-18th-congress-republic,HAZARD PAY FOR GOVERNMENT EMPLOYEES ACT,AN ACT GRANTING HAZARD PAY TO COVERED EMPLOYEES OF THE GOVERNMENT AND APPROPRIATING FUNDS THEREFOR,"VILLANUEVA, JOEL","April 27, 2020",NATIONAL,HAZARD PAY GOVERNMENT EMPLOYEES COVID-19,"CIVIL SERVICE, GOVERNMENT REORGANIZATION AND PROFESSIONAL REGULATION",PENDING IN THE COMMITTEE
Senate Bill No. 1769,18th Congress (July 2019 - 2022),https://ldr.senate.gov.ph/bills/senate-bill-no-1769-18th-congress-republic,ROSARIO DISTRICT HOSPITAL (LA UNION),"AN ACT INCREASING THE BED CAPACITY OF THE ROSARIO DISTRICT HOSPITAL IN THE MUNICIPALITY OF ROSARIO, PROVINCE OF LA UNION FROM TWENTY-FIVE (25) TO FIFTY (50) BEDS AND APPROPRIATING FUNDS THEREFOR","MARCOS, IMEE R.","August 11, 2020",LOCAL,"HOSPITALS, INCREASE BED CAPACITY",HEALTH AND DEMOGRAPHY,CONSOLIDATED/SUBSTITUTED IN THE COMMITTEE REPORT
Senate Bill No. 1833,18th Congress (July 2019 - 2022),https://ldr.senate.gov.ph/bills/senate-bill-no-1833-18th-congress-republic,RANK CLASSIFICATION AND ORGANIZATION OF KEY POSITION IN THE BFP/BJMP,"AN ACT PROVIDING FOR THE RANK CLASSIFICATION AND ORGANIZATION OF KEY POSITIONS IN THE BUREAU OF FIRE PROTECTION (BFP) AND BUREAU OF JAIL MANAGEMENT AND PENOLOGY (BJMP), AMENDING FOR THE PURPOSE REPUBLIC ACT NO. 9263 OTHERWISE KNOWN AS THE BUREAU OF FIRE PROTECTION AND BUREAU OF JAIL MANAGEMENT AND PENOLOGY PROFESSIONALIZATION ACT OF 2004 AS AMENDED BY REPUBLIC ACT NO. 9592 AND FOR OTHER PURPOSES","LACSON, PANFILO M.","September 15, 2020",NATIONAL,BUREAU OF FIRE PROTECTION BUREAU OF JAIL MANAGEMENT AND PENOLOGY,PUBLIC ORDER AND DANGEROUS DRUGS,"PENDING SECOND READING, SPECIAL ORDER"
Senate Bill No. 1843,18th Congress (July 2019 - 2022),https://ldr.senate.gov.ph/bills/senate-bill-no-1843-18th-congress-republic,RENT RELIEF SUBSIDY ACT OF 2020,"AN ACT INTRODUCING A RENT RELIEF SUBSIDY PROGRAM TO ASSIST RESIDENTIAL TENANTS AND LESSORS ADVERSELY IMPACTED BY THE ECONOMIC CRISIS BROUGHT UPON THE COVID-19 PANDEMIC, AND FOR OTHER PURPOSES","DE LIMA, LEILA M.","September 22, 2020",NATIONAL,RENTAL HOUSING SUBSIDY COVID-19 PANDEMIC,"URBAN PLANNING, HOUSING AND RESETTLEMENT",CONSOLIDATED/SUBSTITUTED IN THE COMMITTEE REPORT
Senate Bill No. 1906,18th Congress (July 2019 - 2022),https://ldr.senate.gov.ph/bills/senate-bill-no-1906-18th-congress-republic,AMENDING SECTIONS 19 AND 20 OF RA 4566 (PHILIPPINE LICENSING BOARD FOR CONTRACTORS),"AN ACT AMENDING SECTIONS 19 AND 20 OF REPUBLIC ACT NO. 4566 ENTITLED 'AN ACT CREATING THE PHILIPPINE LICENSING BOARD FOR CONTRACTORS, PRESCRIBING ITS POWERS, DUTIES AND FUNCTIONS, PROVIDING FUNDS THEREFOR, AND FOR OTHER PURPOSES'","HONTIVEROS, RISA","November 9, 2020",NATIONAL,PHILIPPINE LICENSING BOARD FOR CONTRACTORS,"CIVIL SERVICE, GOVERNMENT REORGANIZATION AND PROFESSIONAL REGULATION",PENDING IN THE COMMITTEE
Senate Bill No. 1345,18th Congress (July 2019 - 2022),https://ldr.senate.gov.ph/bills/senate-bill-no-1345-18th-congress-republic,NATIONAL FLOOD RESEARCH AND EDUCATION ACT,"AN ACT ESTABLISHING THE OFFICE OF FLOOD RESEARCH AND POLICY TO PLAN, COORDINATE, CONDUCT, AND SHARE RESEARCH ON FLOODING, FLOOD PREVENTION, AND OTHER FLOOD-RELATED ISSUES","BINAY, MARIA LOURDES NANCY S.","February 13, 2020",NATIONAL,OFFICE OF FLOOD RESEARCH AND POLICY FLOOD MANAGEMENT,PUBLIC WORKS,PENDING IN THE COMMITTEE
Senate Bill No. 1599,18th Congress (July 2019 - 2022),https://ldr.senate.gov.ph/bills/senate-bill-no-1599-18th-congress-republic,"METRO MANILA TURF CLUB, INC.","AN ACT RENEWING FOR ANOTHER TWENTY-FIVE (25) YEARS THE FRANCHISE GRANTED TO METRO MANILA TURF CLUB, INC. UNDER REPUBLIC ACT NO. 7978, ENTITLED 'AN ACT GRANTING THE METRO MANILA TURF CLUB, INC. A FRANCHISE TO CONSTRUCT, OPERATE AND MAINTAIN A RACE TRACK FOR HORSE RAISING IN THE CITY OF KALOOKAN', AS AMENDED BY REPUBLIC ACT NO. 8298","GATCHALIAN, WIN","June 17, 2020",LOCAL,FRANCHISE SALES/FRANCHISE BUSINESS,PUBLIC SERVICES,CONSOLIDATED/SUBSTITUTED IN THE COMMITTEE REPORT
Senate Bill No. 1664,18th Congress (July 2019 - 2022),https://ldr.senate.gov.ph/bills/senate-bill-no-1664-18th-congress-republic,TUBOD TESDA TRAINING AND ASSESSMENT CENTER ACT,"AN ACT ESTABLISHING A TECHNICAL EDUCATION AND SKILLS DEVELOPMENT AUTHORITY (TESDA) TRAINING AND ASSESSMENT CENTER IN THE MUNICIPALITY OF TUBOD, PROVINCE OF LANAO DEL NORTE, TO BE KNOWN AS THE TUBOD TESDA TRAINING AND ASSESSMENT CENTER, AND APPROPRIATING FUNDS THEREFOR","MARCOS, IMEE R.","July 7, 2020",LOCAL,TESDA TRAINING AND ASSESSMENT CENTER,"HIGHER, TECHNICAL AND VOCATIONAL EDUCATION",PENDING IN THE COMMITTEE
Senate Bill No. 1293,18th Congress (July 2019 - 2022),https://ldr.senate.gov.ph/bills/senate-bill-no-1293-18th-congress-republic,AMENDING R.A. NO. 7394 (THE CONSUMER ACT OF THE PHILIPPINES),"AN ACT INCREASING THE PENALTIES OF DECEPTIVE, UNFAIR, AND UNCONSCIONABLE SALES ACTS OR PRACTICES, PARTICULARLY IN TIMES OF CALAMITY, EMERGENCY CONFLICT AND DISTRESS, THEREBY AMENDING REPUBLIC ACT NO. 7394 OTHERWISE KNOWN AS THE 'CONSUMER ACT OF THE PHILIPPINES'","MARCOS, IMEE R.","January 23, 2020",NATIONAL,CONSUMER ACT (R.A.NO. 7394),"TRADE, COMMERCE AND ENTREPRENEURSHIP",PENDING IN THE COMMITTEE
Senate Bill No. 1918,18th Congress (July 2019 - 2022),https://ldr.senate.gov.ph/bills/senate-bill-no-1918-18th-congress-republic,REVISED ANIMAL WELFARE ACT OF 2020,AN ACT PROVIDING FOR THE REVISED ANIMAL WELFARE ACT OF THE PHILIPPINES,"DE LIMA, LEILA M.","November 17, 2020",NATIONAL,ANIMAL WELFARE,"AGRICULTURE, FOOD AND AGRARIAN REFORM",PENDING IN THE COMMITTEE
Senate Bill No. 1610,18th Congress (July 2019 - 2022),https://ldr.senate.gov.ph/bills/senate-bill-no-1610-18th-congress-republic,HILLSIDE NATIONAL HIGH SCHOOL,"AN ACT CONVERTING THE BAGUIO CITY NATIONAL HIGH SCHOOL  HILLSIDE ANNEX IN BARANGAY HILLSIDE, BAGUIO CITY, INTO AN INDEPENDENT NATIONAL HIGH SCHOOL TO BE KNOWN AS HILLSIDE NATIONAL HIGH SCHOOL, AND APPROPRIATING FUNDS THEREFOR","MARCOS, IMEE R.","June 18, 2020",LOCAL,"SCHOOLS, CONVERSION","BASIC EDUCATION, ARTS AND CULTURE",CONSOLIDATED/SUBSTITUTED IN THE COMMITTEE REPORT
Senate Bill No. 1674,18th Congress (July 2019 - 2022),https://ldr.senate.gov.ph/bills/senate-bill-no-1674-18th-congress-republic,INCLUSION OF PANDEMICS EDUCATION IN THE CURRICULUM,"AN ACT MANDATING INCLUSION OF PANDEMICS, EPIDEMICS AND OTHER PUBLIC HEALTH CRISES AS PART OF THE CURRICULUM OF ALL PRIMARY AND SECONDARY SCHOOLS, AND FOR OTHER PURPOSES","ANGARA, SONNY","July 8, 2020",NATIONAL,PANDEMIC EPIDEMIC CURRICULUM/CURRICULA Primary Education Secondary Education,"BASIC EDUCATION, ARTS AND CULTURE",PENDING IN THE COMMITTEE
Senate Bill No. 1373,18th Congress (July 2019 - 2022),https://ldr.senate.gov.ph/bills/senate-bill-no-1373-18th-congress-republic,PROHIBITING AND DECLARING CHILD MARRIAGE AS ILLEGAL,AN ACT PROTECTING CHILDREN BY PROHIBITING AND DECLARING CHILD MARRIAGE AS ILLEGAL AND PROVIDING PROGRAMS AND PENALTIES THEREOF,"HONTIVEROS, RISA","February 26, 2020",NATIONAL,CHILD MARRIAGE CHILDREN/CHILD CARE,"WOMEN, CHILDREN, FAMILY RELATIONS AND GENDER EQUALITY",ENROLLED COPY SENT TO MALACANANG
Senate Bill No. 1518,18th Congress (July 2019 - 2022),https://ldr.senate.gov.ph/bills/senate-bill-no-1518-18th-congress-republic,SAFE PATHWAYS ACT,"AN ACT ESTABLISHING A NETWORK OF POP-UP BICYCLE LANES AND EMERGENCY PATHWAYS FOR USE DURING THE DURATION OF THE COVID-19 PANDEMIC, AND FOR OTHER PURPOSES","CAYETANO, PIA S.","May 11, 2020",NATIONAL,BICYCLE EMERGENCY PATHWAYS COVID-19,"SUSTAINABLE DEVELOPMENT GOALS, INNOVATION AND FUTURES THINKING",CONSOLIDATED/SUBSTITUTED IN THE COMMITTEE REPORT
Senate Bill No. 1582,18th Congress (July 2019 - 2022),https://ldr.senate.gov.ph/bills/senate-bill-no-1582-18th-congress-republic,SAFE PATHWAYS ACT,"AN ACT ESTABLISHING A NETWORK OF POP-UP BICYCLE LANES AND EMERGENCY PATHWAYS FOR USE DURING THE DURATION OF THE COVID-19 PANDEMIC, AND FOR OTHER PURPOSES","CAYETANO, PIA S.","June 3, 2020",NATIONAL,BICYCLE COVID-19 EMERGENCY PATHWAYS,"SUSTAINABLE DEVELOPMENT GOALS, INNOVATION AND FUTURES THINKING",PENDING IN THE HOUSE OF REPRESENTATIVES
Senate Bill No. 1274,18th Congress (July 2019 - 2022),https://ldr.senate.gov.ph/bills/senate-bill-no-1274-18th-congress-republic,CHARTER OF THE PROVINCE OF WESTERN MAGUINDANAO,AN ACT CREATING THE PROVINCE OF WESTERN MAGUINDANAO,"REVILLA JR., RAMON BONG","January 20, 2020",NATIONAL,"PROVINCE, CREATION AND/OR RENAMING MAGUINDANAO",LOCAL GOVERNMENT,CONSOLIDATED/SUBSTITUTED IN THE COMMITTEE REPORT
Senate Bill No. 1342,18th Congress (July 2019 - 2022),https://ldr.senate.gov.ph/bills/senate-bill-no-1342-18th-congress-republic,INSTRUCTIONAL GARDENS AND URBAN AGRICULTURE ACT OF 2020,"AN ACT ADDRESSING FOOD SECURITY CONCERNS THROUGH INTEGRATING INSTRUCTIONAL GARDENS IN PRIMARY AND SECONDARY SCHOOL CURRICULA AND PROMOTING THE USE OF URBAN AGRICULTURE, AND FOR OTHER PURPOSES","VILLAR, CYNTHIA A.","February 12, 2020",NATIONAL,URBAN FARMING/CITY GARDEN CURRICULUM/CURRICULA INSTRUCTIONAL GARDENS,"AGRICULTURE, FOOD AND AGRARIAN REFORM","PENDING SECOND READING, SPECIAL ORDER"
Senate Bill No. 1418,18th Congress (July 2019 - 2022),https://ldr.senate.gov.ph/bills/senate-bill-no-1418-18th-congress-republic,BAYANIHAN TO HEAL AS ONE ACT,"AN ACT [TO DECLARE] DECLARING THE EXISTENCE OF A NATIONAL EMERGENCY ARISING FROM THE CORONAVIRUS DISEASE 2019 (COVID-19) SITUATION AND A NATIONAL POLICY IN CONNECTION THEREWITH, AND AUTHORIZING THE PRESIDENT OF THE REPUBLIC OF THE PHILIPPINES FOR A LIMITED PERIOD AND SUBJECT TO RESTRICTIONS, TO EXERCISE POWERS NECESSARY AND PROPER TO CARRY OUT THE DECLARED NATIONAL POLICY AND FOR OTHER PURPOSES","SOTTO III, VICENTE C.","March 23, 2020",NATIONAL,NATIONAL EMERGENCY CORONA VIRUS 2019,FINANCE,APPROVED BY THE PRESIDENT OF THE PHILIPPINES
Senate Bill No. 1480,18th Congress (July 2019 - 2022),https://ldr.senate.gov.ph/bills/senate-bill-no-1480-18th-congress-republic,THE ANTI-POLITICAL DYNASTY ACT,"AN ACT DEFINING AND PROHIBITING POLITICAL DYNASTIES, PROVIDING PENALTIES THEREFORE, AND FOR OTHER PURPOSES","POE, GRACE","May 4, 2020",NATIONAL,POLITICAL DYNASTY/POLITICAL DYNASTIES,ELECTORAL REFORMS AND PEOPLES PARTICIPATION,PENDING IN THE COMMITTEE
Senate Bill No. 1490,18th Congress (July 2019 - 2022),https://ldr.senate.gov.ph/bills/senate-bill-no-1490-18th-congress-republic,PHILIPPINE AIRPORTS AUTHORITY ACT,"AN ACT CREATING THE PHILIPPINE AIRPORTS AUTHORITY, DEFINING ITS POWERS, FUNCTIONS AND RESPONSIBILITIES, PROVIDING FUNDS THEREFOR, AND FOR OTHER PURPOSES","POE, GRACE","May 4, 2020",NATIONAL,PHILIPPINE AIRPORTS AUTHORITY,GOVERNMENT CORPORATIONS AND PUBLIC ENTERPRISES,PENDING IN THE COMMITTEE
Senate Bill No. 1550,18th Congress (July 2019 - 2022),https://ldr.senate.gov.ph/bills/senate-bill-no-1550-18th-congress-republic,MASIN NATIONAL HIGH SCHOOL,"AN ACT ESTABLISHING A NATIONAL HIGH SCHOOL IN BARANGAY MAS-IN, CITY OF ORMOC IN THE PROVINCE OF LEYTE TO BE KNOWN AS MASIN NATIONAL HIGH SCHOOL AND APPROPRIATING FUNDS THEREFOR","MARCOS, IMEE R.","May 27, 2020",LOCAL,"SCHOOLS, ESTABLISHMENT",RULES,PENDING IN THE COMMITTEE
Senate Bill No. 1306,18th Congress (July 2019 - 2022),https://ldr.senate.gov.ph/bills/senate-bill-no-1306-18th-congress-republic,REDEFINING THE MANDATE OF THE PUBLIC ATTORNEY'S OFFICE (PAO),"AN ACT REDEFINING THE MANDATE OF THE PUBLIC ATTORNEY'S OFFICE (PAO), AMENDING FOR THE PURPOSE REPUBLIC ACT NO. 9046 AND PERTINENT PROVISIONS OF EXECUTIVE ORDER NO. 292, OTHERWISE KNOWN AS THE 'ADMINISTRATIVE CODE OF 1987' AS AMENDED, AND FOR OTHER PURPOSES","DE LIMA, LEILA M.","February 3, 2020",NATIONAL,PUBLIC ATTORNEYS OFFICE (PAO) ADMINISTRATIVE CODE OF 1987 (E.O.NO. 292),JUSTICE AND HUMAN RIGHTS,PENDING IN THE COMMITTEE
Senate Bill No. 1688,18th Congress (July 2019 - 2022),https://ldr.senate.gov.ph/bills/senate-bill-no-1688-18th-congress-republic,BAGUMBAYAN NATIONAL AGRICULTURAL AND TECHNICAL HIGH SCHOOL,"AN ACT SEPARATING THE ITAWES NATIONAL AGRICULTURAL AND TECHNICAL SCHOOL - BAGUMBAYAN ANNEX IN BARANGAY BAGUMBAYAN, MUNICIPALITY OF TUAO, PROVINCE OF CAGAYAN FROM THE ITAWES NATIONAL AGRICULTURAL AND TECHNICAL SCHOOL, CONVERTING IT INTO AN INDEPENDENT NATIONAL AGRICULTURAL AND TECHNICAL HIGH SCHOOL TO BE KNOWN AS BAGUMBAYAN NATIONAL AGRICULTURAL AND TECHNICAL HIGH SCHOOL AND APPROPRIATING FUNDS THEREFOR","MARCOS, IMEE R.","July 14, 2020",LOCAL,"SCHOOLS, CONVERSION",RULES,PENDING IN THE COMMITTEE
Senate Bill No. 1380,18th Congress (July 2019 - 2022),https://ldr.senate.gov.ph/bills/senate-bill-no-1380-18th-congress-republic,BARANGAY SKILLED WORKERS REGISTRY ACT,AN ACT MANDATING ALL BARANGAYS TO CREATE A REGISTRY OF SKILLED WORKERS AND FOR OTHER PURPOSES,"LACSON, PANFILO M.","February 26, 2020",NATIONAL,BARANGAYS SKILLED WORKERS,"LABOR, EMPLOYMENT AND HUMAN RESOURCES DEVELOPMENT",CONSOLIDATED/SUBSTITUTED IN THE COMMITTEE REPORT
Senate Bill No. 1448,18th Congress (July 2019 - 2022),https://ldr.senate.gov.ph/bills/senate-bill-no-1448-18th-congress-republic,STRENGTHENING R.A. NO. 11165 (TELECOMMUTING ACT),"AN ACT STRENGTHENING REPUBLIC ACT NO. 11165, OTHERWISE KNOWN AS THE 'TELECOMMUTING ACT', AND FOR OTHER PURPOSES","MARCOS, IMEE R.","April 27, 2020",NATIONAL,TELECOMMUTING COVID-19,"LABOR, EMPLOYMENT AND HUMAN RESOURCES DEVELOPMENT",PENDING IN THE COMMITTEE
Senate Bill No. 1286,18th Congress (July 2019 - 2022),https://ldr.senate.gov.ph/bills/senate-bill-no-1286-18th-congress-republic,"THIRTY BILLION PESOS (P30,000,000,000) AS SUPPLEMENTAL APPROPRIATIONS FOR FY 2020","AN ACT APPROPRIATING THE SUM OF THIRTY BILLION PESOS (P30,000,000,000) AS SUPPLEMENTAL APPROPRIATIONS FOR FY 2020, AND FOR OTHER PURPOSES",Ralph G. Recto,"January 21, 2020",NATIONAL,APPROPRIATIONS/SUPPLEMENTAL APPROPRIATIONS,RULES,PENDING IN THE COMMITTEE
Senate Bill No. 1392,18th Congress (July 2019 - 2022),https://ldr.senate.gov.ph/bills/senate-bill-no-1392-18th-congress-republic,SANTA NATIONAL HIGH SCHOOL (ILOCOS SUR),"AN ACT ESTABLISHING A NATIONAL HIGH SCHOOL IN BARANGAY MARCOS, MUNICIPALITY OF SANTA, PROVINCE OF ILOCOS SUR, TO BE KNOWN AS SANTA NATIONAL HIGH SCHOOL AND APPROPRIATING FUNDS THEREFOR","MARCOS, IMEE R.","March 3, 2020",LOCAL,"SCHOOLS, ESTABLISHMENT","BASIC EDUCATION, ARTS AND CULTURE",CONSOLIDATED/SUBSTITUTED IN THE COMMITTEE REPORT
Senate Bill No. 1357,18th Congress (July 2019 - 2022),https://ldr.senate.gov.ph/bills/senate-bill-no-1357-18th-congress-republic,CORPORATE RECOVERY AND TAX INCENTIVES FOR ENTERPRISES (CREATE) ACT,"AN ACT REFORMING THE CORPORATE INCOME TAX AND INCENTIVES SYSTEM, AMENDING FOR THE PURPOSE SECTIONS 4, 20, 27, 28, 34 AND 290 OF THE NATIONAL INTERNAL REVENUE CODE OF 1997, AS AMENDED, AND CREATING THEREIN NEW TITLE XIII, AND FOR OTHER PURPOSES","ZUBIRI, JUAN MIGUEL ""MIGZ"" F.","February 17, 2020",NATIONAL,TAX REFORM ACT TAXES (CORPORATE INCOME TAX RATE) NATIONAL INTERNAL REVENUE CODE (NIRC),WAYS AND MEANS,CONSOLIDATED WITH APPROVED BILL
Senate Bill No. 1460,18th Congress (July 2019 - 2022),https://ldr.senate.gov.ph/bills/senate-bill-no-1460-18th-congress-republic,BASIC ONLINE LEARNING AND DISTANCE EDUCATION ACT OF 2020,"AN ACT EXPANDING THE BASIC EDUCATION CURRICULUM, INCREASING THE FUNCTIONS OF THE BUREAU OF LEARNING DELIVERY UNDER THE DEPARTMENT OF EDUCATION TO INCLUDE DISTANCE EDUCATION AND ONLINE LEARNING, THEREBY AMENDING REPUBLIC ACT NO. 10533 OTHERWISE KNOWN AS THE 'ENHANCED BASIC EDUCATION ACT OF 2013', AND FOR OTHER PURPOSES","TOLENTINO, FRANCIS ""TOL"" N.","May 4, 2020",NATIONAL,DISTANCE EDUCATION/DISTANCE LEARNING ONLINE LEARNING EDUCATION DEPARTMENT OF EDUCATION (DEPED) COVID-19,"BASIC EDUCATION, ARTS AND CULTURE",PENDING IN THE COMMITTEE
Senate Bill No. 1528,18th Congress (July 2019 - 2022),https://ldr.senate.gov.ph/bills/senate-bill-no-1528-18th-congress-republic,MANDATORY REPORTING OF NOTIFIABLE DISEASES AND HEALTH EVENTS OF PUBLIC CONCERN,"AN ACT AMENDING REPUBLIC ACT NO. 11332, OTHERWISE KNOWN AS THE 'MANDATORY REPORTING OF NOTIFIABLE DISEASES AND HEALTH EVENTS OF PUBLIC HEALTH CONCERN ACT'","GO, CHRISTOPHER LAWRENCE T.","May 13, 2020",NATIONAL,INFECTIOUS DISEASE HEALTHCARE WORKERS DEPARTMENT OF HEALTH (DOH) Health services,HEALTH AND DEMOGRAPHY,PENDING IN THE COMMITTEE
Senate Bill No. 1592,18th Congress (July 2019 - 2022),https://ldr.senate.gov.ph/bills/senate-bill-no-1592-18th-congress-republic,MEDICAL RESERVE CORPS ACT,"AN ACT STRENGTHENING THE NATIONAL PREPAREDNESS AND RESPONSE TO PANDEMIC, EPIDEMIC, AND OTHER PUBLIC HEALTH EMERGENCIES, CREATING A MEDICAL RESERVE CORPS THEREFOR, AND FOR OTHER PURPOSES","MARCOS, IMEE R.","June 10, 2020",NATIONAL,MEDICAL RESERVE CORPS PANDEMIC,HEALTH AND DEMOGRAPHY,PENDING IN THE COMMITTEE
Senate Bill No. 1626,18th Congress (July 2019 - 2022),https://ldr.senate.gov.ph/bills/senate-bill-no-1626-18th-congress-republic,MAYOYAO TESDA TRAINING AND ASSESSMENT CENTER ACT,"AN ACT ESTABLISHING A TECHNICAL EDUCATION AND SKILLS DEVELOPMENT AUTHORITY (TESDA) MAN POWER DEVELOPMENT TRAINING CENTER IN THE MUNICIPALITY OF MAYOYAO, PROVINCE OF IFUGAO, TO BE KNOWN AS THE MAYOYAO TESDA TRAINING AND ASSESSMENT CENTER","MARCOS, IMEE R.","June 18, 2020",LOCAL,TESDA TRAINING AND ASSESSMENT CENTER,"HIGHER, TECHNICAL AND VOCATIONAL EDUCATION",PENDING IN THE COMMITTEE
Senate Bill No. 1690,18th Congress (July 2019 - 2022),https://ldr.senate.gov.ph/bills/senate-bill-no-1690-18th-congress-republic,EASTERN VISAYAS REGIONAL MEDICAL CENTER VILLABA EXTENSION (EVRMC-VILLABA EXTENSION),"AN ACT CONVERTING THE EASTERN VISAYAS REGIONAL MEDICAL CENTER VILLABA EXTENSION (EVRMC-VILLABA EXTENSION) IN THE MUNICIPALITY OF VILLABA, PROVINCE OF LEYTE INTO A TERTIARY HOSPITAL, INCREASING ITS BED CAPACITY FROM TWENTY-FIVE (25) TO TWO HUNDRED (200), UPGRADING ITS SERVICES, FACILITIES AND PROFESSIONAL HEALTH CARE, AND APPROPRIATING FUNDS THEREFOR","MARCOS, IMEE R.","July 14, 2020",LOCAL,"HOSPITALS, CONVERSION HOSPITALS, INCREASE BED CAPACITY HOSPITALS, UPGRADING",RULES,PENDING IN THE COMMITTEE
Senate Bill No. 1360,18th Congress (July 2019 - 2022),https://ldr.senate.gov.ph/bills/senate-bill-no-1360-18th-congress-republic,"COOPERATIVE OFFICER IN THE MUNICIPAL, CITY AND PROVINCIAL LEVELS","AN ACT MAKING THE POSITION OF A COOPERATIVE OFFICER MANDATORY IN THE MUNICIPAL, CITY AND PROVINCIAL LEVELS, AMENDING FOR THE PURPOSE REPUBLIC ACT NO. 7160, OTHERWISE KNOWN AS THE LOCAL GOVERNMENT CODE OF 1991","HONTIVEROS, RISA","February 18, 2020",NATIONAL,LOCAL GOVERNMENT CODE (R.A. NO. 7160) COOPERATIVES OFFICER,LOCAL GOVERNMENT,CONSOLIDATED/SUBSTITUTED IN THE COMMITTEE REPORT
Senate Bill No. 1318,18th Congress (July 2019 - 2022),https://ldr.senate.gov.ph/bills/senate-bill-no-1318-18th-congress-republic,ORGANIC AGRICULTURE ACT,AN ACT AMENDING REPUBLIC ACT NO. 10068 OR THE ORGANIC AGRICULTURE ACT OF 2010,"PANGILINAN, FRANCIS ""KIKO"" N.","February 3, 2020",NATIONAL,ORGANIC AGRICULTURE/ORGANIC FARMING,"AGRICULTURE, FOOD AND AGRARIAN REFORM",APPROVED BY THE PRESIDENT OF THE PHILIPPINES
Senate Bill No. 1265,18th Congress (July 2019 - 2022),https://ldr.senate.gov.ph/bills/senate-bill-no-1265-18th-congress-republic,LIVING ORGAN DONORS ACT OF 2020,AN ACT REGULATING THE DONATION AND TRANSPLANTATION OF HUMAN ORGANS AND TISSUES FROM LIVING DONORS,"REVILLA JR., RAMON BONG","January 14, 2020",NATIONAL,ORGAN DONATION,HEALTH AND DEMOGRAPHY,PENDING IN THE COMMITTEE
Senate Bill No. 1370,18th Congress (July 2019 - 2022),https://ldr.senate.gov.ph/bills/senate-bill-no-1370-18th-congress-republic,INCREASING THE COMPULSORY RETIREMENT AGE FOR OFFICERS AND ENLISTED MEN OF THE AFP,"AN ACT INCREASING THE COMPULSORY RETIREMENT AGE FOR OFFICERS AND ENLISTED MEN OF THE ARMED FORCES OF THE PHILIPPINES FROM 56 YEARS OLD TO 60 YEARS OLD, FURTHER AMENDING FOR THE PURPOSE SECTION 5 OF PRESIDENTIAL DECREE NO. 1638 ENTITLED 'ESTABLISHING A NEW SYSTEM OF RETIREMENT AND SEPARATION FOR MILITARY PERSONNEL OF THE ARMED FORCES OF THE PHILIPPINES AND FOR OTHER PURPOSES' AS AMENDED","PACQUIAO, EMMANUEL ""MANNY"" D.","February 19, 2020",NATIONAL,RETIREMENT AGE ARMED FORCES OF THE PHILIPPINES (AFP),"NATIONAL DEFENSE AND SECURITY, PEACE, UNIFICATION AND RECONCILIATION",CONSOLIDATED/SUBSTITUTED IN THE COMMITTEE REPORT
Senate Bill No. 1329,18th Congress (July 2019 - 2022),https://ldr.senate.gov.ph/bills/senate-bill-no-1329-18th-congress-republic,FINANCIAL CONSUMER PROTECTION ACT OF 2020,AN ACT PROVIDING FOR THE PROTECTION OF FINANCIAL CONSUMERS AND FOR OTHER PURPOSES,"ANGARA, SONNY","February 10, 2020",NATIONAL,FINANCIAL CONSUMER PROTECTION,"BANKS, FINANCIAL INSTITUTIONS AND CURRENCIES",PENDING IN THE COMMITTEE
Senate Bill No. 1438,18th Congress (July 2019 - 2022),https://ldr.senate.gov.ph/bills/senate-bill-no-1438-18th-congress-republic,AMENDING SEC. 3 OF R.A. NO. 7977 (AN ACT TO LENGTHEN THE SCHOOL CALENDAR),"AN ACT AMENDING SECTION 3 OF REPUBLIC ACT NUMBER 7977, OTHERWISE KNOWN AS AN ACT TO LENGTHEN THE SCHOOL CALENDAR FROM TWO HUNDRED (200) DAYS TO NOT MORE THAN TWO HUNDRED TWENTY (220) CLASS DAYS","SOTTO III, VICENTE C.","April 27, 2020",NATIONAL,COVID-19 SCHOOL CALENDAR,"BASIC EDUCATION, ARTS AND CULTURE",CONSOLIDATED/SUBSTITUTED IN THE COMMITTEE REPORT
Senate Bill No. 1507,18th Congress (July 2019 - 2022),https://ldr.senate.gov.ph/bills/senate-bill-no-1507-18th-congress-republic,ONLINE INFORMATION CENTER DURING DISASTERS OR EMERGENCIES ACT,"AN ACT INSTITUTIONALIZING THE ESTABLISHMENT OF ONLINE INFORMATION CENTERS DURING NATIONAL CALAMITIES AND OTHER EMERGENCIES, AND APPROPRIATING FUNDS THEREFOR","LAPID, MANUEL ""LITO"" M.","May 4, 2020",NATIONAL,ONLINE INFORMATION CENTER CALAMITY/DISASTER,PUBLIC INFORMATION AND MASS MEDIA,PENDING IN THE COMMITTEE
Senate Bill No. 1571,18th Congress (July 2019 - 2022),https://ldr.senate.gov.ph/bills/senate-bill-no-1571-18th-congress-republic,BIMPAL NATIONAL HIGH SCHOOL,"AN ACT SEPARATING THE LAWIG NATIONAL HIGH SCHOOL EXTENSION IN BARANGAY PANOPDOPAN, MUNICIPALITY OF LAMUT, PROVINCE OF IFUGAO FROM THE LAWIG NATIONAL HIGH SCHOOL, CONVERTING IT INTO AN INDEPENDENT NATIONAL HIGH SCHOOL TO BE KNOWN AS BIMPAL NATIONAL HIGH SCHOOL AND APPROPRIATING FUNDS THEREFOR","MARCOS, IMEE R.","June 2, 2020",LOCAL,"SCHOOLS, CONVERSION",RULES,PENDING IN THE COMMITTEE
Senate Bill No. 1297,18th Congress (July 2019 - 2022),https://ldr.senate.gov.ph/bills/senate-bill-no-1297-18th-congress-republic,LIVESTOCK-RELATED DISEASE DIAGNOSTIC LABORATORY ACT,"AN ACT ESTABLISHING A DIAGNOSTIC LABORATORY FOR LIVESTOCK-RELATED DISEASES IN EVERY PROVINCE WHERE THE LIVESTOCK INDUSTRY IS A MAJOR ECONOMIC ACTIVITY, APPROPRIATING FUNDS THEREFOR AND FOR OTHER PURPOSES","LAPID, MANUEL ""LITO"" M.","January 28, 2020",NATIONAL,LIVESTOCK,"AGRICULTURE, FOOD AND AGRARIAN REFORM",PENDING IN THE COMMITTEE
Senate Bill No. 1403,18th Congress (July 2019 - 2022),https://ldr.senate.gov.ph/bills/senate-bill-no-1403-18th-congress-republic,ABS-CBN BROADCASTING CORPORATION,"AN ACT RENEWING FOR ANOTHER TWENTY-FIVE (25) YEARS THE FRANCHISE GRANTED TO ABS-CBN BROADCASTING CORPORATION, PRESENTLY KNOWN AS ABS-CBN CORPORATION, UNDER REPUBLIC ACT NO. 7966, ENTITLED AN ACT GRANTING THE ABS-CBN BROADCASTING CORPORATION A FRANCHISE TO CONSTRUCT, INSTALL, OPERATE AND MAINTAIN TELEVISION AND RADIO BROADCASTING STATIONS IN THE PHILIPPINES, AND FOR OTHER PURPOSES","REVILLA JR., RAMON BONG","March 5, 2020",LOCAL,FRANCHISE SALES/FRANCHISE BUSINESS,PUBLIC SERVICES,PENDING IN THE COMMITTEE
Senate Bill No. 1463,18th Congress (July 2019 - 2022),https://ldr.senate.gov.ph/bills/senate-bill-no-1463-18th-congress-republic,BILLBOARD PROHIBITION DURING TYPHOONS ACT,AN ACT PROHIBITING THE ACTIVE USE AND DISPLAY OF COMMERCIAL BILLBOARDS DURING TYPHOONS,"VILLANUEVA, JOEL","May 4, 2020",NATIONAL,BILLBOARDS TYPHOON,PUBLIC WORKS,PENDING IN THE COMMITTEE
Senate Bill No. 1536,18th Congress (July 2019 - 2022),https://ldr.senate.gov.ph/bills/senate-bill-no-1536-18th-congress-republic,AMENDING SECTION 2 OF ACT NO. 3326 (TO ESTABLISH PERIODS OF PRESCRIPTION FOR VIOLATIONS),"AN ACT AMENDING SECTION 2 OF ACT NO. 3326, OTHERWISE KNOWN AS 'AN ACT TO ESTABLISH PERIODS OF PRESCRIPTION FOR VIOLATIONS PENALIZED BY SPECIAL ACTS AND MUNICIPAL ORDINANCES AND TO PROVIDE WHEN PRESCRIPTION SHALL BEGIN TO RUN","DE LIMA, LEILA M.","May 19, 2020",NATIONAL,PERIODS OF PRESCRIPTION,JUSTICE AND HUMAN RIGHTS,PENDING IN THE COMMITTEE
Senate Bill No. 1746,18th Congress (July 2019 - 2022),https://ldr.senate.gov.ph/bills/senate-bill-no-1746-18th-congress-republic,MAGNA CARTA FOR WORKERS IN THE INFORMAL ECONOMY,AN ACT PROVIDING FOR A MAGNA CARTA FOR WORKERS IN THE INFORMAL ECONOMY AND FOR OTHER PURPOSES,"VILLANUEVA, JOEL","July 28, 2020",NATIONAL,MAGNA CARTA OF WORKERS IN THE INFORMAL ECONOMY,"LABOR, EMPLOYMENT AND HUMAN RESOURCES DEVELOPMENT",PENDING IN THE COMMITTEE
Senate Bill No. 1810,18th Congress (July 2019 - 2022),https://ldr.senate.gov.ph/bills/senate-bill-no-1810-18th-congress-republic,FREELANCERS PROTECTION ACT,AN ACT PROVIDING PROTECTION TO FREELANCERS AND FOR OTHER PURPOSES,"VILLANUEVA, JOEL","September 7, 2020",NATIONAL,FREELANCERS SELF-EMPLOYED WORKERS/CRAFTSMEN,"LABOR, EMPLOYMENT AND HUMAN RESOURCES DEVELOPMENT","PENDING SECOND READING, SPECIAL ORDER"
Senate Bill No. 1382,18th Congress (July 2019 - 2022),https://ldr.senate.gov.ph/bills/senate-bill-no-1382-18th-congress-republic,ELECTRIC VEHICLES AND CHARGING STATIONS ACT,AN ACT PROVIDING THE NATIONAL ENERGY POLICY AND REGULATORY FRAMEWORK FOR THE USE OF ELECTRIC VEHICLES AND THE ESTABLISHMENT OF ELECTRIC CHARGING STATIONS,"GATCHALIAN, WIN","March 2, 2020",NATIONAL,ELECTRIC CHARGING STATIONS ELECTRIC VEHICLES,ENERGY,CONFERENCE COMMITTEE REPORT APPROVED BY SENATE
Senate Bill No. 1450,18th Congress (July 2019 - 2022),https://ldr.senate.gov.ph/bills/senate-bill-no-1450-18th-congress-republic,PANDEMIC PREPAREDNESS AND RESPONSE ACT,AN ACT STRENGTHENING NATIONAL PREPAREDNESS AND RESPONSE TO PUBLIC HEALTH EMERGENCIES BY CREATING A CENTER FOR DISEASE CONTROL,"POE, GRACE","April 27, 2020",NATIONAL,PANDEMIC COVID-19,HEALTH AND DEMOGRAPHY,PENDING IN THE COMMITTEE
Senate Bill No. 1884,18th Congress (July 2019 - 2022),https://ldr.senate.gov.ph/bills/senate-bill-no-1884-18th-congress-republic,"BARANGAY SITIO MALABNI, MUINICIPALITY OF FLORIDABLANCA, PROVINCE OF PAMPANGA","AN ACT CONVERTING SITIO MALABNI IN BARANGAY MAWACAT, MUINICIPALITY OF FLORIDABLANCA, PROVINCE OF PAMPANGA, INTO A BARANGAY FOR OTHER PURPOSES","LAPID, MANUEL ""LITO"" M.","October 12, 2020",LOCAL,"BARANGAY, CREATION",RULES,PENDING IN THE COMMITTEE
Senate Bill No. 1946,18th Congress (July 2019 - 2022),https://ldr.senate.gov.ph/bills/senate-bill-no-1946-18th-congress-republic,FILINVEST ALABANG ELEMENTARY SCHOOL,"AN ACT ESTABLISHING AN ELEMENTARY SCHOOL IN BARANGAY ALABANG, CITY OF MUNTINLUPA, METRO MANILA, TO BE KNOWN AS FILINVEST ALABANG ELEMENTARY SCHOOL, APPROPRIATING FUNDS THEREFOR, AND FOR OTHER PURPOSES","MARCOS, IMEE R.","December 9, 2020",LOCAL,"SCHOOLS, ESTABLISHMENT",RULES,PENDING IN THE COMMITTEE
Senate Bill No. 1808,18th Congress (July 2019 - 2022),https://ldr.senate.gov.ph/bills/senate-bill-no-1808-18th-congress-republic,"PROMOTING ONLINE TRANSACTIONS, SAFEGUARDING THE RIGHTS OF CONSUMERS AND MERCHANTS","AN ACT PROMOTING ONLINE TRANSACTIONS, SAFEGUARDING THE RIGHTS OF CONSUMERS AND MERCHANTS, AND FOR OTHER PURPOSES","MARCOS, IMEE R.","September 7, 2020",NATIONAL,ONLINE BUSINESS CONSUMER PROTECTION CONSUMER BILL OF RIGHTS,"TRADE, COMMERCE AND ENTREPRENEURSHIP",PENDING IN THE COMMITTEE
Senate Bill No. 1477,18th Congress (July 2019 - 2022),https://ldr.senate.gov.ph/bills/senate-bill-no-1477-18th-congress-republic,AMENDING SEC. 95 B (CODE OF SANITATION OF THE PHILIPPINES),AN ACT AMENDING SECTION 95 (B) OF PRESIDENTIAL DECREE NO. 856 OR THE CODE ON SANITATION OF THE PHILIPPINES,"POE, GRACE","May 4, 2020",NATIONAL,CODE ON SANITATION OF THE PHILIPPINES (P.D.NO. 856) SANITATION,HEALTH AND DEMOGRAPHY,PENDING IN THE COMMITTEE
Senate Bill No. 1564,18th Congress (July 2019 - 2022),https://ldr.senate.gov.ph/bills/senate-bill-no-1564-18th-congress-republic,BAYANIHAN TO RECOVER AS ONE ACT,"AN ACT AUTHORIZING THE PRESIDENT OF THE REPUBLIC OF THE PHILIPPINES TO EXERCISE NECESSARY POWERS TO CARRY OUT THE DECLARED NATIONAL POLICY TO RESPOND TO CRISIS BROUGHT ABOUT BY THE 2019 CORONAVIRUS DISEASE (COVID-19) PANDEMIC AND PROVIDING MECHANISM TO ACCELERATE THE RECOVERY AND BOLSTER THE RESILIENCY OF THE PHILIPPINE ECONOMY, PROVIDING FUNDS THEREFOR, AND FOR OTHER PURPOSES","MARCOS, IMEE R.","June 1, 2020",NATIONAL,BAYANIHAN TO RECOVER AS ONE COVID-19 EMERGENCY POWERS,FINANCE,APPROVED BY THE PRESIDENT OF THE PHILIPPINES
Senate Bill No. 1882,18th Congress (July 2019 - 2022),https://ldr.senate.gov.ph/bills/senate-bill-no-1882-18th-congress-republic,"BARANGAY ADELINA, MUNICIPALITY OF PORAC, PROVINCE OF PAMPANGA","AN ACT CONVERTING PIO MODEL COMMUNITY IN BARANGAY PIO, MUNICIPALITY OF PORAC, PROVINCE OF PAMPANGA, INTO A BARANGAY TO BE KNOWN AS BARANGAY ADELINA, FOR OTHER PURPOSES","LAPID, MANUEL ""LITO"" M.","October 12, 2020",LOCAL,"BARANGAY, CREATION",RULES,PENDING IN THE COMMITTEE
Senate Bill No. 1947,18th Congress (July 2019 - 2022),https://ldr.senate.gov.ph/bills/senate-bill-no-1947-18th-congress-republic,JUDICIARY MARSHALS ACT,"AN ACT CREATING THE OFFICE OF THE JUDICIARY MARSHALS, DEFINING ITS FUNCTIONS AND POWERS, APPROPRIATING FUNDS THEREFOR, AND FOR OTHER PURPOSES","GORDON, RICHARD J.","December 10, 2020",NATIONAL,JUDICIARY MARSHALS,JUSTICE AND HUMAN RIGHTS,PENDING CONFERENCE COMMITTEE
Senate Bill No. 1639,18th Congress (July 2019 - 2022),https://ldr.senate.gov.ph/bills/senate-bill-no-1639-18th-congress-republic,"UNIVERSITY OF SOUTHERN MINDANAO (USM)-KABACAN, COTABATO TESDA TRAINING AND ASSESSMENT CENTER ACT","AN ACT ESTABLISHING A TECHNICAL EDUCATION AND SKILLS DEVELOPMENT AUTHORITY (TESDA) TRAINING AND ASSESSMENT CENTER IN THE UNIVERSITY OF SOUTHERN MINDANAO (USM), LOCATED IN THE MUNICIPALITY OF KABACAN, PROVINCE OF COTABATO, TO BE KNOWN AS THE USM-KABACAN, COTABATO TESDA TRAINING AND ASSESSMENT CENTER, AND APPROPRIATING FUNDS THEREFOR","MARCOS, IMEE R.","June 25, 2020",LOCAL,TESDA TRAINING AND ASSESSMENT CENTER,"HIGHER, TECHNICAL AND VOCATIONAL EDUCATION",PENDING IN THE COMMITTEE
Senate Bill No. 1702,18th Congress (July 2019 - 2022),https://ldr.senate.gov.ph/bills/senate-bill-no-1702-18th-congress-republic,PUP-LEYTE CAMPUS,"AN ACT ESTABLISHING A CAMPUS OF THE POLYTECHNIC UNIVERSITY OF THE PHILIPPINES (PUP) IN THE MUNICIPALITY OF LEYTE, PROVINCE OF LEYTE, TO BE KNOWN AS THE PUP-LEYTE CAMPUS, MANDATING THE PUP TO OFFER THEREAT GRADUATE, UNDERGRADUATE AND SHORT-TERM TECHNICAL-VOCATIONAL COURSES, AND APPROPRIATING FUNDS THEREFOR","MARCOS, IMEE R.","July 14, 2020",LOCAL,"SCHOOLS, ESTABLISHMENT","HIGHER, TECHNICAL AND VOCATIONAL EDUCATION",CONSOLIDATED/SUBSTITUTED IN THE COMMITTEE REPORT
Senate Bill No. 1394,18th Congress (July 2019 - 2022),https://ldr.senate.gov.ph/bills/senate-bill-no-1394-18th-congress-republic,REAL ESTATE MORTGAGE FORECLOSURE PROCEEDINGS ACT OF 2020,"AN ACT PROHIBITING COURTS FROM ISSUING RESTRAINING ORDERS OR PRELIMINARY INJUNCTIONS IN CERTAIN CASES INVOLVING EXTRAJUDICIAL AND JUDICIAL FORECLOSURE OF REAL ESTATE MORTGAGES, AND FOR OTHER PURPOSES","BINAY, MARIA LOURDES NANCY S.","March 4, 2020",NATIONAL,REAL ESTATE MORTGAGE,JUSTICE AND HUMAN RIGHTS,PENDING IN THE COMMITTEE
Senate Bill No. 1650,18th Congress (July 2019 - 2022),https://ldr.senate.gov.ph/bills/senate-bill-no-1650-18th-congress-republic,"AMENDING R.A.NO.7610 (SPECIAL PROTECTION OFCHILDREN AGAINST ABUSE, EXPLOITATION, AND DISCRIMINATION)","AN ACT AMENDING CERTAIN PROVISIONS OF REPUBLIC ACT NO. 7610, OTHERWISE KNOWN AS THE 'SPECIAL PROTECTION OF CHILDREN AGAINST ABUSE, EXPLOITATION, AND DISCRIMINATION ACT'","GO, CHRISTOPHER LAWRENCE T.","July 2, 2020",NATIONAL,"CHILD ABUSE, EXPLOITATION AND DISCRIMINATION ACT (R.A. NO. 7610)","WOMEN, CHILDREN, FAMILY RELATIONS AND GENDER EQUALITY",PENDING IN THE COMMITTEE
Senate Bill No. 1713,18th Congress (July 2019 - 2022),https://ldr.senate.gov.ph/bills/senate-bill-no-1713-18th-congress-republic,MT. ARAYAT PROTECTED LANDSCAPE ACT OF 2020,"AN ACT DECLARING THE MOUNT ARAYAT IN THE PROVINCE OF PAMPANGA AS A PROTECTED AREA UNDER REPUBLIC ACT NO. 7586, AS AMENDED BY REPUBLIC ACT NO. 11038, OTHERWISE KNOWN AS THE EXPANDED NATIONAL INTEGRATED PROTECTED AREAS SYSTEM ACT OF 2018, PROVIDING FOR ITS MANAGEMENT, AND FOR OTHER PURPOSES","VILLAR, CYNTHIA A.","July 22, 2020",LOCAL,PROTECTED AREA/PROTECTED LANDSCAPE,"ENVIRONMENT, NATURAL RESOURCES AND CLIMATE CHANGE",CONSOLIDATED/SUBSTITUTED IN THE COMMITTEE REPORT
Senate Bill No. 1405,18th Congress (July 2019 - 2022),https://ldr.senate.gov.ph/bills/senate-bill-no-1405-18th-congress-republic,STRENGTHENING THE BIDDING STRUCTURE AND PROJECT IMPLEMENTATION LIABILITY PROVISIONS,"AN ACT TO STRENGTHEN THE BIDDING STRUCTURE AND PROJECT IMPLEMENTATION LIABILITY PROVISIONS IN THE GOVERNMENT PROCUREMENT REFORM ACT, AMENDING FOR THAT PURPOSE REPUBLIC ACT NO. 9184, AND FOR OTHER PURPOSES","PACQUIAO, EMMANUEL ""MANNY"" D.","March 9, 2020",NATIONAL,Government procurement,FINANCE,PENDING IN THE COMMITTEE
Senate Bill No. 1465,18th Congress (July 2019 - 2022),https://ldr.senate.gov.ph/bills/senate-bill-no-1465-18th-congress-republic,MAGNA CARTA OF COMMUTERS,AN ACT PROVIDING FOR A MAGNA CARTA OF COMMUTERS,"VILLANUEVA, JOEL","May 4, 2020",NATIONAL,MAGNA CARTA OF COMMUTERS,PUBLIC SERVICES,PENDING IN THE COMMITTEE
Senate Bill No. 1723,18th Congress (July 2019 - 2022),https://ldr.senate.gov.ph/bills/senate-bill-no-1723-18th-congress-republic,MALA SALOG NATIONAL HIGH SCHOOL,"AN ACT ESTABLISHING A NATIONAL HIGH SCHOOL IN BARANGAY MALA SALOG, MUNICIPALITY OF SAPAD, PROVINCE OF LANAO DEL NORTE, TO BE KNOWN AS THE MALA SALOG NATIONAL HIGH SCHOOL AND APPROPRIATING FUNDS THEREFOR","MARCOS, IMEE R.","July 23, 2020",LOCAL,"SCHOOLS, ESTABLISHMENT",RULES,PENDING IN THE COMMITTEE
Senate Bill No. 1787,18th Congress (July 2019 - 2022),https://ldr.senate.gov.ph/bills/senate-bill-no-1787-18th-congress-republic,REAPPORTIONING THE PROVINCE OF BULACAN INTO SIX (6) LEGISLATIVE DISTRICTS,AN ACT REAPPORTIONING THE PROVINCE OF BULACAN INTO SIX (6) LEGISLATIVE DISTRICTS,"VILLANUEVA, JOEL","August 24, 2020",LOCAL,LEGISLATIVE DISTRICTS,LOCAL GOVERNMENT,CONSOLIDATED/SUBSTITUTED IN THE COMMITTEE REPORT
Senate Bill No. 1483,18th Congress (July 2019 - 2022),https://ldr.senate.gov.ph/bills/senate-bill-no-1483-18th-congress-republic,AMENDING R.A. NO. 1379 (DECLARING FORFEITURE IN FAVOUR OF THE STATE),"AN ACT STRENGTHENING THE FORFEITURE POWERS OF THE STATE, AMENDING FOR THE PURPOSE CERTAIN PROVISIONS OF REPUBLIC ACT NO. 1379, OTHERWISE KNOWN AS 'AN ACT DECLARING FORFEITURE IN FAVOUR OF THE STATE ANY PROPERTY FOUND TO HAVE BEEN UNLAWFULLY ACQUIRED BY ANY PUBLIC OFFICER OR EMPLOYEE AND PROVIDING THE PROCEEDINGS THEREFOR","POE, GRACE","May 4, 2020",NATIONAL,"Ill-gotten wealth GOVERNMENT EMPLOYEES FORFEITURE LAW (R.A.NO. 1379, AMENDMENTS)",JUSTICE AND HUMAN RIGHTS,PENDING IN THE COMMITTEE
Senate Bill No. 1543,18th Congress (July 2019 - 2022),https://ldr.senate.gov.ph/bills/senate-bill-no-1543-18th-congress-republic,VIROLOGY INSTITUTE OF THE PHILIPPINES (VIP) ACT OF 2020,AN ACT ESTABLISHING THE PHILIPPINE VIROLOGY SCIENCE AND TECHNOLOGY INSTITUTE AND APPROPRIATING FUNDS THEREFOR,"LACSON, PANFILO M.","May 26, 2020",NATIONAL,VIROLOGY INSTITUTE OF THE PHILIPPINES (VIP),SCIENCE AND TECHNOLOGY,PENDING IN THE COMMITTEE
Senate Bill No. 1861,18th Congress (July 2019 - 2022),https://ldr.senate.gov.ph/bills/senate-bill-no-1861-18th-congress-republic,DIOSDADO MACAPAGAL INTERNATIONAL AIRPORT,"AN ACT RENAMING THE CLARK INTERNATIONAL AIRPORT LOCATED IN ANGELES CITY, PAMPANGA AS DIOSDADO MACAPAGAL INTERNATIONAL AIRPORT","LAPID, MANUEL ""LITO"" M.","September 30, 2020",LOCAL,AIRPORT,RULES,PENDING IN THE COMMITTEE
Senate Bill No. 1927,18th Congress (July 2019 - 2022),https://ldr.senate.gov.ph/bills/senate-bill-no-1927-18th-congress-republic,CASH ASSISTANCE FOR FILIPINO FARMERS ACT OF 2020,"AN ACT AUTHORIZING THE DEPARTMENT OF AGRICULTURE TO USE THE ANNUAL TARIFF REVENUES IN EXCESS OF P10 BILLION, UNDER REPUBLIC ACT 11203 OR AN ACT LIBERALIZING THE IMPORTATION, EXPORTATION AND TRADING OF RICE, LIFTING FOR THE PURPOSE THE QUANTITATIVE IMPORT RESTRICTION ON RICE, AND FOR OTHER PURPOSES, FOR DIRECT CASH ASSISTANCE TO FARMERS OWNING ONE (1) HECTARE OR LESS OF RICE LAND UNTIL 2024","VILLAR, CYNTHIA A.","November 23, 2020",NATIONAL,FARMERS RICE IMPORTATION/RICE IMPORT DUTY QUANTITATIVE IMPORT RESTRICTIONS,"AGRICULTURE, FOOD AND AGRARIAN REFORM",PASSED BY BOTH HOUSES
Senate Bill No. 1617,18th Congress (July 2019 - 2022),https://ldr.senate.gov.ph/bills/senate-bill-no-1617-18th-congress-republic,NAGPAYONG ELEMENTARY SCHOOL,"AN ACT CONVERTING THE LOCALLY-FUNDED NAGPAYONG ELEMENTARY SCHOOL IN BARANGAY PINAGBUHATAN, PASIG CITY, METRO MANILA INTO A NATIONALLY-FUNDED ELEMENTARY SCHOOL, RETAINING ITS NAME NAGPAYONG ELEMENTARY SCHOOL, AND APPROPRIATING FUNDS THEREFOR","MARCOS, IMEE R.","June 18, 2020",LOCAL,"SCHOOLS, CONVERSION",RULES,PENDING IN THE COMMITTEE
Senate Bill No. 1681,18th Congress (July 2019 - 2022),https://ldr.senate.gov.ph/bills/senate-bill-no-1681-18th-congress-republic,COVID-19 UNIVERSAL DISABILITY HEALTH GRANT,AN ACT TO PROVIDE UNIVERSAL HEALTH GRANT TO PERSONS WITH DISABILITIES DURING THE COVID-19 CRISIS,"HONTIVEROS, RISA","July 9, 2020",NATIONAL,PERSONS WITH DISABILITIES (PWDS) UNIVERSAL HEALTH CARE COVID-19,"SOCIAL JUSTICE, WELFARE AND RURAL DEVELOPMENT",PENDING IN THE COMMITTEE
Senate Bill No. 1372,18th Congress (July 2019 - 2022),https://ldr.senate.gov.ph/bills/senate-bill-no-1372-18th-congress-republic,NEW PUBLIC SERVICE ACT,"AN ACT MODERNIZING THE PUBLIC SERVICE ACT, AMENDING FOR THE PURPOSE COMMONWEALTH ACT NO. 146, OTHERWISE KNOWN AS THE PUBLIC SERVICE ACT, AS AMENDED","ZUBIRI, JUAN MIGUEL ""MIGZ"" F.","February 26, 2020",NATIONAL,PUBLIC SERVICE ACT (COMMONWEALTH ACT NO. 146),PUBLIC SERVICES,CONSOLIDATED/SUBSTITUTED IN THE COMMITTEE REPORT
Senate Bill No. 1440,18th Congress (July 2019 - 2022),https://ldr.senate.gov.ph/bills/senate-bill-no-1440-18th-congress-republic,PHILIPPINE CENTER FOR DISEASE CONTROL AND PREVENTION ACT (PHILPPINE CDC ACT),"AN ACT CREATING THE PHILIPPINE CENTER FOR DISEASE CONTROL AND PREVENTION, DEFINING ITS POWERS AND FUNCTIONS, AND FOR OTHER PURPOSES","GORDON, RICHARD J.","April 27, 2020",NATIONAL,PHILIPPINE CENTER FOR DISEASE CONTROL AND PREVENTION COVID-19,HEALTH AND DEMOGRAPHY,PENDING IN THE COMMITTEE
Senate Bill No. 1755,18th Congress (July 2019 - 2022),https://ldr.senate.gov.ph/bills/senate-bill-no-1755-18th-congress-republic,SOUTHEAST ASIAN UNIVERSITY OF TECHNOLOGY,"AN ACT CONVERTING THE BICOL STATE COLLEGE OF APPLIED SCIENCES AND TECHNOLOGY (BISCAST), IN THE CITY OF NAGA, PROVINCE OF CAMARINES SUR, INTO A STATE UNIVERSITY, TO BE KNOWN AS THE SOUTHEAST ASIAN UNIVERSITY OF TECHNOLOGY, AND APPROPRIATING FUNDS THEREFOR","VILLAR, CYNTHIA A.","July 30, 2020",LOCAL,STATE COLLEGES AND UNIVERSITIES (SCUS),"HIGHER, TECHNICAL AND VOCATIONAL EDUCATION",CONSOLIDATED/SUBSTITUTED IN THE COMMITTEE REPORT
Senate Bill No. 1819,18th Congress (July 2019 - 2022),https://ldr.senate.gov.ph/bills/senate-bill-no-1819-18th-congress-republic,MIDSTREAM NATURAL GAS INDUSTRY DEVELOPMENT ACT,"AN ACT PROVIDING FOR THE NATIONAL ENERGY POLICY AND FRAMEWORK FOR THE DEVELOPMENT AND REGULATION OF THE PHILIPPINE MIDSTREAM NATURAL GAS INDUSTRY, AND FOR OTHER PURPOSES","GATCHALIAN, WIN","September 8, 2020",NATIONAL,Natural gas industry,ENERGY,CONSOLIDATED/SUBSTITUTED IN THE COMMITTEE REPORT
Senate Bill No. 1511,18th Congress (July 2019 - 2022),https://ldr.senate.gov.ph/bills/senate-bill-no-1511-18th-congress-republic,EMERGENCY VOLUNTEER PROTECTION ACT,AN ACT PROVIDING PROTECTION FROM LIABILITY TO VOLUNTEERS FOR ACTS OR OMISSIONS COMMITTED IN THE PERFORMANCE OF THEIR DUTIES DURING EMERGENCIES,"REVILLA JR., RAMON BONG","May 4, 2020",NATIONAL,EMERGENCY VOLUNTEER,"SOCIAL JUSTICE, WELFARE AND RURAL DEVELOPMENT",PENDING IN THE COMMITTEE
Senate Bill No. 1575,18th Congress (July 2019 - 2022),https://ldr.senate.gov.ph/bills/senate-bill-no-1575-18th-congress-republic,MAGANHAN JUNIOR HIGH SCHOOL,"AN ACT ESTABLISHING A NATIONAL JUNIOR HIGH SCHOOL IN BARANGAY MAGANHAN, BAYBAY CITY, PROVINCE OF LEYTE TO BE KNOWN AS MAGANHAN JUNIOR HIGH SCHOOL AND APPROPRIATING FUNDS THEREFOR","MARCOS, IMEE R.","June 2, 2020",LOCAL,"SCHOOLS, ESTABLISHMENT","BASIC EDUCATION, ARTS AND CULTURE",CONSOLIDATED/SUBSTITUTED IN THE COMMITTEE REPORT
Senate Bill No. 1893,18th Congress (July 2019 - 2022),https://ldr.senate.gov.ph/bills/senate-bill-no-1893-18th-congress-republic,TEACHER EDUCATION COUNCIL ACT,"AN ACT ENHANCING THE QUALITY OF TEACHERS AND SCHOOL LEADERS BY STRENGTHENING THE TEACHER EDUCATION COUNCIL, AMENDING FOR THE PURPOSE REPUBLIC ACT NO. 7784 ENTITLED, 'AN ACT TO STRENGTHEN TEACHER EDUCATION IN THE PHILIPPINES BY ESTABLISHING CENTERS OF EXCELLENCE, CREATING A TEACHER EDUCATION COUNCIL FOR THE PURPOSE, APPROPRIATING FUNDS THEREFOR, AND FOR OTHER PURPOSES', AND APPROPRIATING FUNDS THEREFOR","REVILLA JR., RAMON BONG","October 26, 2020",NATIONAL,TEACHER EDUCATION COUNCIL,"BASIC EDUCATION, ARTS AND CULTURE",CONSOLIDATED/SUBSTITUTED IN THE COMMITTEE REPORT
Senate Bill No. 1957,18th Congress (July 2019 - 2022),https://ldr.senate.gov.ph/bills/senate-bill-no-1957-18th-congress-republic,SARANGANI SPECIAL ECONOMIC ZONE AND FREEPORT ACT,"AN ACT ESTABLISHING THE SPECIAL ECONOMIC ZONE AND FREEPORT IN THE PROVINCE OF SARANGANI, CREATING FOR THIS PURPOSE THE SARANGANI SPECIAL ECONOMIC ZONE AND FREEPORT AUTHORITY, AND APPROPRIATING FUNDS THEREFOR","PACQUIAO, EMMANUEL ""MANNY"" D.","December 16, 2020",LOCAL,SPECIAL ECONOMIC ZONE,ECONOMIC AFFAIRS,PENDING IN THE COMMITTEE
Senate Bill No. 1522,18th Congress (July 2019 - 2022),https://ldr.senate.gov.ph/bills/senate-bill-no-1522-18th-congress-republic,PROVISIONAL LICENSES TO RADIO STATIONS WITH PENDING FRANCHISE RENEWAL APPLICATIONS,"AN ACT PROVIDING FOR PROVISIONAL LICENSES TO RADIO STATIONS WITH PENDING FRANCHISE RENEWAL APPLICATIONS AMENDING FOR THAT PURPOSE SECTION 1 OF ACT NO. 3846 OTHERWISE KNOWN AS AN ACT PROVIDING FOR THE REGULATION OF RADIO STATIONS AND RADIO COMMUNICATIONS IN THE PHILIPPINE ISLANDS, AND FOR OTHER PURPOSES","LAPID, MANUEL ""LITO"" M.","May 11, 2020",NATIONAL,PROVISIONAL FRANCHISE,PUBLIC SERVICES,PENDING IN THE COMMITTEE
Senate Bill No. 1586,18th Congress (July 2019 - 2022),https://ldr.senate.gov.ph/bills/senate-bill-no-1586-18th-congress-republic,BASILICA OF OUR LADY OF THE ROSARY OF MANAGOAG (TOURIST DESTINATION),"AN ACT DECLARING THE BASILICA OF OUR LADY OF THE ROSARY OF MANAOAG IN THE MUNICIPALITY OF MANAOAG, PROVINCE OF PANGASINAN AS A PILGRIMAGE SITE AND TOURIST DESTINATION, PROVIDING FOR ITS DEVELOPMENT AND APPROPRIATING FUNDS THEREFOR","REVILLA JR., RAMON BONG","June 4, 2020",LOCAL,TOURIST SPOT PILGRIMAGE SITE,TOURISM,PENDING IN THE COMMITTEE
Senate Bill No. 1903,18th Congress (July 2019 - 2022),https://ldr.senate.gov.ph/bills/senate-bill-no-1903-18th-congress-republic,LAND REGISTRATION RATIONALIZATION ACT,"AN ACT RATIONALIZING LAND REGISTRATION, BROADENING FOR THE PURPOSE THE POWERS AND FUNCTIONS OF THE LAND REGISTRATION AUTHORITY AND REORGANIZING AND RENAMING IT AS THE PROPERTY REGISTRATION AND ADJUDICATION COMMISSION, AMENDING FOR THE PURPOSE PRESIDENTIAL DECREE NO. 1529 AND OTHER RELATED LAWS, PROVIDING FUNDS THEREFOR AND FOR OTHER PURPOSES","MARCOS, IMEE R.","November 9, 2020",NATIONAL,LAND REGISTRATION AUTHORITY,JUSTICE AND HUMAN RIGHTS,PENDING IN THE COMMITTEE
Senate Bill No. 1661,18th Congress (July 2019 - 2022),https://ldr.senate.gov.ph/bills/senate-bill-no-1661-18th-congress-republic,"CONVERTING THE CITY ROAD FROM BARANGAYS LUNA, DOLORES, MILAGRO AND TONGONAN IN THE CITY OF ORMOC","AN ACT CONVERTING THE CITY ROAD PASSING FROM BARANGAYS LUNA, DOLORES, MILAGRO AND TONGONAN LEADING TO LAKE DANAO IN THE CITY OF ORMOC, PROVINCE OF LEYTE INTO NATIONAL ROAD AND APPROPRIATING FUNDS THEREFOR","MARCOS, IMEE R.","July 7, 2020",LOCAL,"ROADS, CONVERSION",RULES,PENDING IN THE COMMITTEE
Senate Bill No. 1416,18th Congress (July 2019 - 2022),https://ldr.senate.gov.ph/bills/senate-bill-no-1416-18th-congress-republic,AMENDING R.A. NO. 11332 (MANDATORY REPORTING OF NOTIFIABLE DISEASES),"AN ACT AMENDING REPUBLIC ACT NO. 11332, OTHERWISE KNOWN AS THE 'MANDATORY REPORTING OF NOTIFIABLE DISEASES AND HEALTH EVENTS OF PUBLIC HEALTH CONCERN ACT', AND FOR OTHER PURPOSES","MARCOS, IMEE R.","March 23, 2020",NATIONAL,MANDATORY REPORTING OF NOTIFIABLE DISEASES COVID-19,HEALTH AND DEMOGRAPHY,PENDING IN THE COMMITTEE
Senate Bill No. 1734,18th Congress (July 2019 - 2022),https://ldr.senate.gov.ph/bills/senate-bill-no-1734-18th-congress-republic,CAGAYAN VALLEY MEDICAL CENTER - ABULUG EXTENSION SATELLITE HOSPITAL,"AN ACT ESTABLISHING A THIRTY (30) - BED DISTRICT SATELLITE HOSPITAL OF THE CAGAYAN VALLEY MEDICAL CENTER IN BARANGAY PINILI, MUNICIPALITY ABULUG, PROVINCE OF CAGAYAN VALLEY, TO BE KNOWN AS THE CAGAYAN VALLEY MEDICAL CENTER - ABULUG EXTENSION SATELLITE HOSPITAL, AND APPROPRIATING FUNDS THEREFOR","MARCOS, IMEE R.","July 23, 2020",LOCAL,"HOSPITALS, ESTABLISHMENT",RULES,PENDING IN THE COMMITTEE
Senate Bill No. 1798,18th Congress (July 2019 - 2022),https://ldr.senate.gov.ph/bills/senate-bill-no-1798-18th-congress-republic,HEAVY EQUIPMENT REGISTRATION ACT,AN ACT PROVIDING FOR THE COMPULSORY REGISTRATION OF HEAVY EQUIPMENT,"REVILLA JR., RAMON BONG","August 27, 2020",NATIONAL,HEAVY EQUIPMENT,"TRADE, COMMERCE AND ENTREPRENEURSHIP",PENDING IN THE COMMITTEE
Senate Bill No. 1494,18th Congress (July 2019 - 2022),https://ldr.senate.gov.ph/bills/senate-bill-no-1494-18th-congress-republic,PNP-IAS REFORM ACT OF 2016,"AN ACT TO STRENGTHEN THE INTERNAL AFFAIRS SERVICE OF THE PHILIPPINE NATIONAL POLICE, AND FOR THIS PURPOSE AMENDING CERTAIN PROVISIONS OF THE PNP LAW UNDER REPUBLIC ACT SIXTY NINE AND SEVENTY FIVE (RA 6975) AS AMENDED BY REPUBLIC ACT EIGHTY FIVE HUNDRED AND FIFTY ONE (RA 8551), AND FOR OTHER PURPOSES","POE, GRACE","May 4, 2020",NATIONAL,PHILIPPINE NATIONAL POLICE (PNP) INTERNAL AFFAIRS SERVICE,PUBLIC ORDER AND DANGEROUS DRUGS,PENDING IN THE COMMITTEE
Senate Bill No. 1554,18th Congress (July 2019 - 2022),https://ldr.senate.gov.ph/bills/senate-bill-no-1554-18th-congress-republic,"CONVERSION OF DINAPIGUE, ISABELA ROAD GOING TO DILASAG, AURORA","AN ACT PROVIDING FOR THE CONVERSION OF DINAPIGUE, ISABELA ROAD GOING TO DILASAG, AURORA INTO A NATIONAL ROAD AND APPROPRIATING FUNDS THEREFOR","MARCOS, IMEE R.","May 27, 2020",LOCAL,"ROADS, CONVERSION",RULES,PENDING IN THE COMMITTEE
Senate Bill No. 1872,18th Congress (July 2019 - 2022),https://ldr.senate.gov.ph/bills/senate-bill-no-1872-18th-congress-republic,"TAX EXEMPTION FOR EDUCATIONAL APPLICATIONS, GADGETS, COMPUTERS AND E-BOOKS","AN ACT EXEMPTING EDUCATIONAL APPLICATIONS, GADGETS, COMPUTERS AND E-BOOKS FROM VALUE-ADDED TAX FOR THE PRINCIPAL USE OF TEACHERS AND STUDENTS IN ONLINE AND DISTANT LEARNING, AMENDING FOR THE PURPOSE SECTION 109 (1) OF THE NATIONAL INTERNAL REVENUE CODE OF 1997, AS AMENDED","DE LIMA, LEILA M.","October 6, 2020",NATIONAL,TAXES (VALUE-ADDED TAX / VAT) TAX EXEMPTION ONLINE EDUCATIONAL DELIVERY PLATFORM DISTANCE EDUCATION/DISTANCE LEARNING,WAYS AND MEANS,PENDING IN THE COMMITTEE
Senate Bill No. 1937,18th Congress (July 2019 - 2022),https://ldr.senate.gov.ph/bills/senate-bill-no-1937-18th-congress-republic,ANTI-UNTRACEABLE FIREARMS ACT,"AN ACT PROHIBITING UNTRACEABLE FIREARMS, PROVIDING PENALTIES THEREFOR, AND FOR OTHER PURPOSES","MARCOS, IMEE R.","December 3, 2020",NATIONAL,FIREARMS,PUBLIC ORDER AND DANGEROUS DRUGS,PENDING IN THE COMMITTEE
Senate Bill No. 1629,18th Congress (July 2019 - 2022),https://ldr.senate.gov.ph/bills/senate-bill-no-1629-18th-congress-republic,NORTHERN MINDANAO DISTRICT HOSPITAL VILLANUEVA,"AN ACT ESTABLISHING A TWENTY-FIVE (25) BED HOSPITAL OF THE NORTHERN MINDANAO DISTRICT HOSPITAL IN THE MUNICIPALITY OF VILLANUEVA, PROVINCE OF MISAMIS ORIENTAL TO BE KNOWN AS THE NORTHERN MINDANAO DISTRICT HOSPITAL VILLANUEVA AND APPROPRIATING FUNDS THEREFOR","MARCOS, IMEE R.","June 18, 2020",LOCAL,"HOSPITALS, ESTABLISHMENT",HEALTH AND DEMOGRAPHY,PENDING IN THE COMMITTEE
Senate Bill No. 1692,18th Congress (July 2019 - 2022),https://ldr.senate.gov.ph/bills/senate-bill-no-1692-18th-congress-republic,"PHILIPPINE SCIENCE HIGH SCHOOL CAMPUS IN IGUIG, PROVINCE OF CAGAYAN","AN ACT ESTABLISHING A PHILIPPINE SCIENCE HIGH SCHOOL CAMPUS IN THE MUNICIPALITY OF IGUIG, PROVINCE OF CAGAYAN AND APPROPRIATING FUNDS THEREFOR","MARCOS, IMEE R.","July 14, 2020",LOCAL,"SCHOOLS, ESTABLISHMENT",RULES,PENDING IN THE COMMITTEE
Senate Bill No. 1384,18th Congress (July 2019 - 2022),https://ldr.senate.gov.ph/bills/senate-bill-no-1384-18th-congress-republic,INCREASING THE BED CAPACITY OF THE MANGATAREM DISTRICT HOSPITAL IN PANGASINAN,"AN ACT INCREASING THE BED CAPACITY OF THE MANGATAREM DISTRICT HOSPITAL IN THE MUNICIPALITY OF MANGATAREM, PANGASINAN FROM TWENTY-FIVE (25) TO FIFTY (50) AND APPROPRIATING FUNDS THEREFOR","MARCOS, IMEE R.","March 2, 2020",LOCAL,"HOSPITALS, INCREASE BED CAPACITY",HEALTH AND DEMOGRAPHY,PENDING IN THE COMMITTEE
Senate Bill No. 1452,18th Congress (July 2019 - 2022),https://ldr.senate.gov.ph/bills/senate-bill-no-1452-18th-congress-republic,AMENDING R.A. NO. 7977 (AN ACT TO LENGTHEN THE SCHOOL CALENDAR),"AN ACT AUTHORIZING THE SECRETARY OF EDUCATION TO POSTPONE THE START OF SCHOOL YEAR IN CASE OF A DECLARATION OF A STATE OF EMERGENCY, STATE OF CALAMITY OR SIMILAR OCCURRENCE, AMENDING FOR THE PURPOSE REPUBLIC ACT NO. 7977, OTHERWISE KNOWN AS 'AN ACT TO LENGTHEN THE SCHOOL CALENDAR FROM TWO HUNDRED (200) DAYS TO NOT MORE THAN TWO HUNDRED TWENTY (220) CLASS DAYS'","VILLANUEVA, JOEL","April 27, 2020",NATIONAL,SCHOOL CALENDAR COVID-19,"BASIC EDUCATION, ARTS AND CULTURE",CONSOLIDATED/SUBSTITUTED IN THE COMMITTEE REPORT
Senate Bill No. 1768,18th Congress (July 2019 - 2022),https://ldr.senate.gov.ph/bills/senate-bill-no-1768-18th-congress-republic,NAGUILIAN DISTRICT HOSPITAL (LA UNION),"AN ACT INCREASING THE BED CAPACITY OF THE NAGUILIAN DISTRICT HOSPITAL IN THE MUNICIPALITY OF NAGUILIAN, PROVINCE OF LA UNION FROM TWENTY-FIVE (25) TO FIFTY (50) BEDS AND APPROPRIATING FUNDS THEREFOR","MARCOS, IMEE R.","August 11, 2020",LOCAL,"HOSPITALS, INCREASE BED CAPACITY",HEALTH AND DEMOGRAPHY,CONSOLIDATED/SUBSTITUTED IN THE COMMITTEE REPORT
Senate Bill No. 1320,18th Congress (July 2019 - 2022),https://ldr.senate.gov.ph/bills/senate-bill-no-1320-18th-congress-republic,BPA IN CHILD CARE ARTICLES PROHIBITON ACT,"AN ACT PROHIBITING THE USE OF BPA IN BABY FOOD PACKAGING AND CONTAINERS, AND OTHER CHILD CARE ARTICLES, PROVIDING FOR ITS REPLACEMENT WITH SAFER ALTERNATIVES","BINAY, MARIA LOURDES NANCY S.","February 4, 2020",NATIONAL,CHILDREN/CHILD CARE BABY FOOD PRODUCTS BISPHENOL A,"TRADE, COMMERCE AND ENTREPRENEURSHIP",CONSOLIDATED/SUBSTITUTED IN THE COMMITTEE REPORT
Senate Bill No. 1377,18th Congress (July 2019 - 2022),https://ldr.senate.gov.ph/bills/senate-bill-no-1377-18th-congress-republic,LA PAZ GENERAL HOSPITAL (ABRA),"AN ACT CONVERTING THE LA PAZ DISTRICT HOSPITAL IN THE MUNICIPALITY OF LA PAZ, PROVINCE OF ABRA INTO A GENERAL HOSPITAL UNDER THE FULL AUTHORITY AND TECHNICAL SUPERVISION OF THE DEPARTMENT OF HEALTH TO BE KNOWN AS THE LA PAZ GENERAL HOSPITAL, INCREASING ITS BED CAPACITY FROM TWENTY-FIVE (25 ) BEDS TO ONE HUNDRED (100) BEDS, AND APPROPRIATING FUNDS THEREFOR","MARCOS, IMEE R.","February 26, 2020",LOCAL,"HOSPITALS, INCREASE BED CAPACITY",HEALTH AND DEMOGRAPHY,PENDING IN THE COMMITTEE
Senate Bill No. 1444,18th Congress (July 2019 - 2022),https://ldr.senate.gov.ph/bills/senate-bill-no-1444-18th-congress-republic,BIO-RISK REDUCTION AND PANDEMIC PREPAREDNESS ACT,AN ACT STRENGTHENING NATIONAL PREPAREDNESS AND BIORISK REDUCTION IN RESPONSE TO PUBLIC HEALTH EMERGENCIES,"PACQUIAO, EMMANUEL ""MANNY"" D.","April 27, 2020",NATIONAL,BIORISK REDUCTION COVID-19,HEALTH AND DEMOGRAPHY,PENDING IN THE COMMITTEE
Senate Bill No. 1761,18th Congress (July 2019 - 2022),https://ldr.senate.gov.ph/bills/senate-bill-no-1761-18th-congress-republic,BAYANIHAN FOR LGUS ACT,"AN ACT STRENGTHENING THE ROLE OF LOCAL GOVERNMENT UNITS DURING A STATE OF PUBLIC HEALTH EMERGENCY OR CALAMITY, AND FOR OTHER PURPOSES","MARCOS, IMEE R.","August 6, 2020",NATIONAL,LOCAL GOVERNMENT UNITS (LGUs) EMERGENCY RESPONSE/EMERGENCY PREPAREDNESS HEALTH CARE DELIVERY SYSTEM CALAMITY/DISASTER,LOCAL GOVERNMENT,PENDING IN THE COMMITTEE
Senate Bill No. 1823,18th Congress (July 2019 - 2022),https://ldr.senate.gov.ph/bills/senate-bill-no-1823-18th-congress-republic,SAN MIGUEL AEROCITY INC.,"AN ACT GRANTING SAN MIGUEL AEROCITY INC. A FRANCHISE TO CONSTRUCT, DEVELOP, ESTABLISH, OPERATE AND MAINTAIN A DOMESTIC AND INTERNATIONAL AIRPORT IN THE MUNICIPALITY OF BULAKAN, PROVINCE OF BULACAN, AND TO CONSTRUCT, DEVELOP, ESTABLISH, OPERATE AND MAINTAIN AN ADJACENT AIRPORT CITY","ZUBIRI, JUAN MIGUEL ""MIGZ"" F.","September 14, 2020",LOCAL,FRANCHISE SALES/FRANCHISE BUSINESS,PUBLIC SERVICES,CONSOLIDATED/SUBSTITUTED IN THE COMMITTEE REPORT
Senate Bill No. 1515,18th Congress (July 2019 - 2022),https://ldr.senate.gov.ph/bills/senate-bill-no-1515-18th-congress-republic,EMPLOYER'S LIABILITY PROTECTION FROM COVID-19 ACT,AN ACT PROVIDING LIABILITY PROTECTION FOR PRIVATE ESTABLISHMENTS AND THEIR OWNERS FROM CORONAVIRUS-RELATED CLAIMS OF THEIR EMPLOYEES,"SOTTO III, VICENTE C.","May 6, 2020",NATIONAL,COVID-19 EMPLOYEES,"TRADE, COMMERCE AND ENTREPRENEURSHIP",PENDING IN THE COMMITTEE
Senate Bill No. 1886,18th Congress (July 2019 - 2022),https://ldr.senate.gov.ph/bills/senate-bill-no-1886-18th-congress-republic,AMENDING SECS. 19 AND 33 OF BP 129 (JUDICIARY REORGANIZATION ACT),"AN ACT FURTHER EXPANDING THE JURISDICTION OF THE METROPOLITAN TRIAL COURTS, MUNICIPAL TRIAL COURTS IN CITIES, MUNICIPAL TRIAL COURTS, AND MUNICIPAL CIRCUIT TRIAL COURTS, AMENDING FOR THE PURPOSE BATAS PAMBANSA BLG. 129, OTHERWISE KNOWN AS THE 'JUDICIARY REORGANIZATION ACT OF 1980,' AS AMENDED","LAPID, MANUEL ""LITO"" M.","October 13, 2020",NATIONAL,JUDICIARY REORGANIZATION ACT (BATAS PAMBANSA BLG. 129) LIBEL,JUSTICE AND HUMAN RIGHTS,APPROVED BY THE PRESIDENT OF THE PHILIPPINES
Senate Bill No. 1579,18th Congress (July 2019 - 2022),https://ldr.senate.gov.ph/bills/senate-bill-no-1579-18th-congress-republic,21ST CENTURY SCHOOL BOARDS ACT,"AN ACT STRENGTHENING THE INVOLVEMENT OF LOCAL COMMUNITIES AND LOCAL GOVERNMENT UNITS IN BASIC EDUCATION GOVERNANCE BY EMPOWERING THEM AS PARTNERS IN EDUCATING THE LEARNERS, ENGAGING THEIR PARTICIPATION IN THE DELIVERY OF BASIC EDUCATION SERVICES AND ASSESSMENT OF THE EFECTIVITY AND EFFECTIVENESS THEREFOF, AND INTEGRATING THEIR INTERVENTIONS TO ACHIEVE THE SHARED GOAL OF QUALITY INCLUSIVE EDUCATION, AMENDING FOR THE PURPOSE SECTIONS 98, 99, 100, 101 AND 272 OF REPUBLIC ACT NO. 7160 OTHERWISE KNOWN AS THE LOCAL GOVERNMENT CODE OF 1991, AS AMENDED, AND FOR OTHER PURPOSES","GATCHALIAN, WIN","June 2, 2020",NATIONAL,LOCAL GOVERNMENT UNITS (LGUs) BASIC EDUCATION/BASIC EDUCATION INSTITUTIONS LOCAL GOVERNMENT CODE (R.A. NO. 7160),LOCAL GOVERNMENT,PENDING IN THE COMMITTEE
Senate Bill No. 1951,18th Congress (July 2019 - 2022),https://ldr.senate.gov.ph/bills/senate-bill-no-1951-18th-congress-republic,VAPORIZED NICOTINE PRODUCTS REGULATION ACT,"AN ACT REGULATING THE IMPORTATION, MANUFACTURE, SALE, PACKAGING, DISTRIBUTION, USE, AND COMMUNICATION OF VAPOR PRODUCTS AND HEATED TOBACCO PRODUCTS",Ralph G. Recto,"December 14, 2020",NATIONAL,VAPORIZED NICOTINE PRODUCTS/VAPE,"TRADE, COMMERCE AND ENTREPRENEURSHIP",CONSOLIDATED/SUBSTITUTED IN THE COMMITTEE REPORT
Senate Bill No. 1271,18th Congress (July 2019 - 2022),https://ldr.senate.gov.ph/bills/senate-bill-no-1271-18th-congress-republic,REGULATED USE OF MOBILE PHONES AND ELECTRONIC GADGETS IN SCHOOLS ACT,AN ACT REGULATING THE USE OF MOBILE PHONES AND OTHER ELECTRONIC GADGETS TO STUDENTS FROM KINDERGARTEN TO SENIOR HIGH SCHOOL IN ALL PUBLIC AND PRIVATE SCHOOLS,"DE LIMA, LEILA M.","January 16, 2020",NATIONAL,MOBILE WIRELESS DEVICES Kindergarten Primary Education Secondary Education SENIOR HIGH SCHOOL,"BASIC EDUCATION, ARTS AND CULTURE",PENDING IN THE COMMITTEE
Senate Bill No. 1335,18th Congress (July 2019 - 2022),https://ldr.senate.gov.ph/bills/senate-bill-no-1335-18th-congress-republic,FINANCIAL CONSUMER PROTECTION ACT OF 2020,AN ACT PROVIDING FOR THE FINANCIAL CONSUMER PROTECTION ACT,"REVILLA JR., RAMON BONG","February 12, 2020",NATIONAL,FINANCIAL CONSUMER PROTECTION,"BANKS, FINANCIAL INSTITUTIONS AND CURRENCIES",PENDING IN THE COMMITTEE
Senate Bill No. 1654,18th Congress (July 2019 - 2022),https://ldr.senate.gov.ph/bills/senate-bill-no-1654-18th-congress-republic,EASTERN PANGASINAN REGIONAL MEDICAL AND TRAUMA CENTER,"AN ACT ESTABLISHING THE EASTERN PANGASINAN REGIONAL MEDICAL AND TRAUMA CENTER IN THE MUNICIPALITY OF ROSALES, PANGASINAN AND APPROPRIATING FUNDS THEREFOR","MARCOS, IMEE R.","July 7, 2020",LOCAL,"HOSPITALS, ESTABLISHMENT",HEALTH AND DEMOGRAPHY,CONSOLIDATED/SUBSTITUTED IN THE COMMITTEE REPORT
Senate Bill No. 1717,18th Congress (July 2019 - 2022),https://ldr.senate.gov.ph/bills/senate-bill-no-1717-18th-congress-republic,CONVERTING THE ROAD WHICH STARTS AT THE BOUNDARY OF THE MUNICIPALITY OF NATONIN IN MT. PROVINCE,"AN ACT CONVERTING THE ROAD WHICH STARTS AT THE BOUNDARY OF THE MUNICIPALITY OF NATONIN IN MT. PROVINCE, TRAVERSES THE MUNICIPALITIES OF AGUINALDO AND ALFONSO LISTA IN THE PROVINCE OF IFUGAO, AND ENDS AT THE BOUNDARY OF THE MUNICIPALITY OF AURORA IN THE PROVINCE OF ISABELA INTO A NATIONAL ROAD","MARCOS, IMEE R.","July 23, 2020",LOCAL,"ROADS, CONVERSION",RULES,PENDING IN THE COMMITTEE
Senate Bill No. 1409,18th Congress (July 2019 - 2022),https://ldr.senate.gov.ph/bills/senate-bill-no-1409-18th-congress-republic,SPECIAL MECHANISMS FOR ACTIVE VOLCANO AREAS ACT,"AN ACT INSTITUTIONALIZING THE SPECIAL MECHANISMS FOR ACTIVE VOLCANO AREAS AND MANDATING LOCAL GOVERNMENT UNITS TO DESIGNATE VOLCANIC DISASTER EMERGENCY AREAS, APPROPRIATING FUNDS THEREFOR AND FOR OTHER PURPOSES","TOLENTINO, FRANCIS ""TOL"" N.","March 10, 2020",NATIONAL,VOLCANO EARLY WARNING AND MONITORING SYSTEM LOCAL GOVERNMENT UNITS (LGUs) EMERGENCY RESPONSE/EMERGENCY PREPAREDNESS,"NATIONAL DEFENSE AND SECURITY, PEACE, UNIFICATION AND RECONCILIATION",PENDING IN THE COMMITTEE
Senate Bill No. 1471,18th Congress (July 2019 - 2022),https://ldr.senate.gov.ph/bills/senate-bill-no-1471-18th-congress-republic,AMENDING R.A. NO. 11036 (THE MENTAL HEALTH ACT),"AN ACT AMENDING CERTAIN PROVISIONS OF REPUBLIC ACT NO. 11036, OTHERWISE KNOWN AS THE MENTAL HEALTH ACT","ANGARA, SONNY","May 4, 2020",NATIONAL,MENTAL HEALTH,HEALTH AND DEMOGRAPHY,PENDING IN THE COMMITTEE
Senate Bill No. 1727,18th Congress (July 2019 - 2022),https://ldr.senate.gov.ph/bills/senate-bill-no-1727-18th-congress-republic,SACUB NATIONAL HIGH SCHOOL,"AN ACT ESTABLISHING A NATIONAL HIGH SCHOOL IN BARANGAY SACUB, MUNICIPALITY OF HAGONOY, PROVINCE OF DAVAO DEL SUR, TO BE KNOWN AS SACUB NATIONAL HIGH SCHOOL AND APPROPRIATING FUNDS THEREFOR","MARCOS, IMEE R.","July 23, 2020",LOCAL,"SCHOOLS, ESTABLISHMENT",RULES,PENDING IN THE COMMITTEE
Senate Bill No. 1792,18th Congress (July 2019 - 2022),https://ldr.senate.gov.ph/bills/senate-bill-no-1792-18th-congress-republic,BETTER NORMAL FOR SUSTAINABLE RECOVERY ACT OF 2020,"AN ACT ESTABLISHING PUBLIC HEALTH AND ENVIRONMENTAL STANDARDS AND SAFEGUARDS FOR THE BETTER NORMAL IN THE WORKPLACE, PUBLIC PLACES AND COMMUNITIES TOWARD A SUSTAINABLE RECOVERY FROM THE CORONA VIRUS DISEASE-19 (COVID-19) PANDEMIC","TOLENTINO, FRANCIS ""TOL"" N.","August 26, 2020",NATIONAL,COVID-19 PANDEMIC BETTER NORMAL,HEALTH AND DEMOGRAPHY,PENDING IN THE COMMITTEE
Senate Bill No. 1487,18th Congress (July 2019 - 2022),https://ldr.senate.gov.ph/bills/senate-bill-no-1487-18th-congress-republic,MEDICAL SCHOLARSHIP AND RETURN SERVICE PROGRAM ACT,"AN ACT ORDAINING A SYSTEM TO ENSURE AVAILABLE DOCTORS AND HEALTH CARE IN UNDERSERVED AND GEOGRAPHICALLY DISADVANTAGED AREAS BY CREATING A MEDICAL SCHOLARSHIP AND RETURN SERVICE PROGRAM FOR DESERVING STUDENTS, AND APPROPRIATING FUNDS THEREFOR","POE, GRACE","May 4, 2020",NATIONAL,MEDICAL SCHOLARSHIP DOCTORS/PHYSICIANS/DENTISTS HEALTHCARE WORKERS,"HIGHER, TECHNICAL AND VOCATIONAL EDUCATION",CONSOLIDATED/SUBSTITUTED IN THE COMMITTEE REPORT
Senate Bill No. 1855,18th Congress (July 2019 - 2022),https://ldr.senate.gov.ph/bills/senate-bill-no-1855-18th-congress-republic,COOPERATIVES DEVELOPMENT OFFICER,"AN ACT MAKING THE POSITION OF A COOPERATIVES DEVELOPMENT OFFICER MANDATORY IN THE MUNICIPAL, CITY AND PROVINCIAL LEVELS,AMENDING FOR THE PURPOSE REPUBLIC ACT NO. 7160, OTHERWISE KNOWN AS THE LOCAL GOVERNMENT CODE OF 1991, AS AMENDED","ZUBIRI, JUAN MIGUEL ""MIGZ"" F.","September 29, 2020",NATIONAL,COOPERATIVES OFFICER LOCAL GOVERNMENT CODE (R.A. NO. 7160),LOCAL GOVERNMENT,APPROVED BY THE PRESIDENT OF THE PHILIPPINES
Senate Bill No. 1547,18th Congress (July 2019 - 2022),https://ldr.senate.gov.ph/bills/senate-bill-no-1547-18th-congress-republic,TELEVISION ALTERNATIVE LEARNING SYSTEM ACT,AN ACT ESTABLISHING THE TELEVISION (TV) BROADCASTING EDUCATION PROGRAM AS AN ALTERNATIVE LEARNING SYSTEM FOR BASIC EDUCATION (TELEVISION ALS ACT),"VILLAR, CYNTHIA A.","May 27, 2020",NATIONAL,ALTERNATIVE LEARNING BASIC EDUCATION/BASIC EDUCATION INSTITUTIONS COVID-19,"BASIC EDUCATION, ARTS AND CULTURE",PENDING IN THE COMMITTEE
Senate Bill No. 1919,18th Congress (July 2019 - 2022),https://ldr.senate.gov.ph/bills/senate-bill-no-1919-18th-congress-republic,BANTAY DAGAT WELFARE AND INCENTIVES ACT,AN ACT GRANTING BENEFITS AND INCENTIVES TO ACCREDITED BANTAY DAGAT AND FOR OTHER PURPOSES,"HONTIVEROS, RISA","November 18, 2020",NATIONAL,BANTAY DAGAT,"AGRICULTURE, FOOD AND AGRARIAN REFORM",PENDING IN THE COMMITTEE
Senate Bill No. 1303,18th Congress (July 2019 - 2022),https://ldr.senate.gov.ph/bills/senate-bill-no-1303-18th-congress-republic,SCIENCE FOR CHANGE PROGRAM (SCP) ACT OF 2020,AN ACT ESTABLISHING THE SCIENCE FOR CHANGE PROGRAM,"LACSON, PANFILO M.","January 30, 2020",NATIONAL,SCIENCE AND TECHNOLOGY,SCIENCE AND TECHNOLOGY,PENDING IN THE COMMITTEE
Senate Bill No. 1621,18th Congress (July 2019 - 2022),https://ldr.senate.gov.ph/bills/senate-bill-no-1621-18th-congress-republic,PASIG CITY NATIONAL SCIENCE HIGH SCHOOL,"AN ACT CONVERTING THE PASIG CITY SCIENCE HIGH SCHOOL IN BARANGAY MAYBUNGA, PASIG CITY, METRO MANILA INTO A NATIONAL SCIENCE HIGH SCHOOL TO BE KNOWN AS PASIG CITY NATIONAL SCIENCE HIGH SCHOOL AND APPROPRIATING FUNDS THEREFOR","MARCOS, IMEE R.","June 18, 2020",LOCAL,"SCHOOLS, CONVERSION",RULES,PENDING IN THE COMMITTEE
Senate Bill No. 1685,18th Congress (July 2019 - 2022),https://ldr.senate.gov.ph/bills/senate-bill-no-1685-18th-congress-republic,CAGAYAN NATIONAL SCIENCE AND MATHEMATICS HIGH SCHOOL,"AN ACT ESTABLISHING A NATIONAL SCIENCE AND MATHEMATICS HIGH SCHOOL IN THE MUNICIPALITY OF IGUIG, PROVINCE OF CAGAYAN TO BE KNOWN AS THE CAGAYAN NATIONAL SCIENCE AND MATHEMATICS HIGH SCHOOL AND APPROPRIATING FUNDS THEREFOR","MARCOS, IMEE R.","July 14, 2020",LOCAL,"SCHOOLS, ESTABLISHMENT",RULES,PENDING IN THE COMMITTEE
Senate Bill No. 1314,18th Congress (July 2019 - 2022),https://ldr.senate.gov.ph/bills/senate-bill-no-1314-18th-congress-republic,MEDICAL REHABILITATION STANDARDS ACT OF 2019,AN ACT PROVIDING FOR STANDARDS FOR THE PRACTICE OF REHABILITATION MEDICINE AND FOR OTHER PURPOSES,"REVILLA JR., RAMON BONG","February 3, 2020",NATIONAL,MEDICAL REHABILITATION REHABILITATION MEDICINE,HEALTH AND DEMOGRAPHY,PENDING IN THE COMMITTEE
Senate Bill No. 1633,18th Congress (July 2019 - 2022),https://ldr.senate.gov.ph/bills/senate-bill-no-1633-18th-congress-republic,"SOCIAL MODERNIZATION, CONNECTIVITY AND INNOVATION ACT OF 2020","AN ACT PROVIDING FOR A COMPREHENSIVE AND SUSTAINABLE MODERNIZATION, CONNECTIVITY AND INNOVATION PROGRAM FOR PUBLIC ELEMENTARY AND SECONDARY SCHOOLS PROVIDING FUNDS THEREFOR AND FOR OTHER PURPOSES","ANGARA, SONNY","June 24, 2020",NATIONAL,SCHOOL MODERNIZATION ELEMENTARY EDUCATION/PRIMARY EDUCATION Secondary Education PANDEMIC COVID-19,"BASIC EDUCATION, ARTS AND CULTURE",PENDING IN THE COMMITTEE
Senate Bill No. 1696,18th Congress (July 2019 - 2022),https://ldr.senate.gov.ph/bills/senate-bill-no-1696-18th-congress-republic,INCREASING THE BED CAPACITY OF THE MAYOR HILARION A. RAMIRO SR. MEDICAL CENTER,"AN ACT INCREASING THE BED CAPACITY OF THE MAYOR HILARION A. RAMIRO SR. MEDICAL CENTER IN THE PROVINCE OF MISAMIS OCCIDENTAL FROM FIVE HUNDRED (500) TO ONE THOUSAND (1000) BEDS, UPGRADING ITS PROFESSIONAL HEALTH CARE SERVICES AND FACILITIES, AUTHORIZING THE INCREASE OF ITS MEDICAL PERSONNEL, AND APPROPRIATING FUNDS THEREFOR","MARCOS, IMEE R.","July 14, 2020",LOCAL,"HOSPITALS, INCREASE BED CAPACITY",HEALTH AND DEMOGRAPHY,CONSOLIDATED/SUBSTITUTED IN THE COMMITTEE REPORT
Senate Bill No. 1388,18th Congress (July 2019 - 2022),https://ldr.senate.gov.ph/bills/senate-bill-no-1388-18th-congress-republic,CYBERSECURITY ACT,"AN ACT INSTITUTIONALIZING AND STRENGTHENING THE NATIONAL CYBERSECURITY INTER-AGENCY COMMITTEE CREATED UNDER EXECUTIVE ORDER NO. 95 (S. 2019), RENAMING IT TO NATIONAL CYBERSECURITY COUNCIL, AND FOR OTHER PURPOSES","MARCOS, IMEE R.","March 2, 2020",NATIONAL,CYBERSECURITY,SCIENCE AND TECHNOLOGY,PENDING IN THE COMMITTEE
Senate Bill No. 1456,18th Congress (July 2019 - 2022),https://ldr.senate.gov.ph/bills/senate-bill-no-1456-18th-congress-republic,TUPAD ACT,"AN ACT PROVIDING FOR A WAGE EMPLOYMENT ASSISTANCE PROGRAM FOR DISPLACED AND/OR VULNERABLE WORKERS, INSTITUTIONALIZING FOR THE PURPOSE THE TULONG PANGHANAPBUHAY SA ATING DISADVANTAGE/DISPLACED WORKERS (TUPAD) PROGRAM OF THE DEPARTMENT OF LABOR AND EMPLOYMENT, APPROPRIATING FUNDS THEREFOR AND FOR OTHER PURPOSES","VILLANUEVA, JOEL","April 27, 2020",NATIONAL,DEPARTMENT OF LABOR AND EMPLOYMENT (DOLE) COVID-19,"LABOR, EMPLOYMENT AND HUMAN RESOURCES DEVELOPMENT",PENDING IN THE COMMITTEE
Senate Bill No. 1770,18th Congress (July 2019 - 2022),https://ldr.senate.gov.ph/bills/senate-bill-no-1770-18th-congress-republic,"CANALATE NATIONAL HIGH SCHOOL (MALOLOS, BULACAN)","AN ACT ESTABLISHING A NATIONAL HIGH SCHOOL IN BARANGAY CANALATE, CITY OF MALOLOS, PROVINCE OF BULACAN TO BE KNOWN AS CANALATE NATIONAL HIGH SCHOOL AND APPROPRIATING FUNDS THEREFOR","MARCOS, IMEE R.","August 11, 2020",LOCAL,"SCHOOLS, ESTABLISHMENT",RULES,PENDING IN THE COMMITTEE
Senate Bill No. 1834,18th Congress (July 2019 - 2022),https://ldr.senate.gov.ph/bills/senate-bill-no-1834-18th-congress-republic,PHILIPPINE DIGITAL WORKFORCE COMPETITIVENESS ACT,"AN ACT TO ENHANCE THE PHILIPPINE DIGITAL WORKFORCE COMPETITIVENESS, ESTABLISHING FOR THE PURPOSE AN INTER-AGENCY COUNCIL FOR DEVELOPMENT AND COMPETITIVENESS OF PHILIPPINE DIGITAL WORKFORCE AND FOR OTHER PURPOSES","ANGARA, SONNY","September 15, 2020",NATIONAL,DIGITAL TECHNOLOGY DIGITAL CAREERS DIGITAL EDUCATION,"LABOR, EMPLOYMENT AND HUMAN RESOURCES DEVELOPMENT","PENDING SECOND READING, SPECIAL ORDER"
Senate Bill No. 1526,18th Congress (July 2019 - 2022),https://ldr.senate.gov.ph/bills/senate-bill-no-1526-18th-congress-republic,NATIONAL EDUCATION COUNCIL ACT,"AN ACT CREATING THE NATIONAL EDUCATION COUNCIL, DEFINING ITS POWERS AND FUNCTIONS, APPROPRIATING FUNDS THEREFOR, AND FOR OTHER PURPOSES","GATCHALIAN, WIN","May 12, 2020",NATIONAL,EDUCATION COUNCIL,"BASIC EDUCATION, ARTS AND CULTURE",PENDING IN THE COMMITTEE
Senate Bill No. 1590,18th Congress (July 2019 - 2022),https://ldr.senate.gov.ph/bills/senate-bill-no-1590-18th-congress-republic,TRABAHO SA ORAS NG PANDEMYA ACT,"AN ACT CREATING THE 'TRABAHO SA ORAS NG PANDEMYA' PROGRAM, APPROPRIATING FUNDS THEREFOR, AND FOR OTHER PURPOSES","MARCOS, IMEE R.","June 8, 2020",NATIONAL,JOB GENERATION PROGRAM PANDEMIC COVID-19,"LABOR, EMPLOYMENT AND HUMAN RESOURCES DEVELOPMENT",PENDING IN THE COMMITTEE
Senate Bill No. 1282,18th Congress (July 2019 - 2022),https://ldr.senate.gov.ph/bills/senate-bill-no-1282-18th-congress-republic,ENVIRONMENTAL EDUCATION IN SENIOR HIGH SCHOOL ACT,AN ACT INTEGRATING ENVIRONMENTAL EDUCATION IN THE SENIOR HIGH SCHOOL (SHS) CURRICULUM,"VILLANUEVA, JOEL","January 21, 2020",NATIONAL,ENVIRONMENTAL EDUCATION SENIOR HIGH SCHOOL,"BASIC EDUCATION, ARTS AND CULTURE",PENDING IN THE COMMITTEE
Senate Bill No. 1346,18th Congress (July 2019 - 2022),https://ldr.senate.gov.ph/bills/senate-bill-no-1346-18th-congress-republic,FORMER PRESIDENTS AND VICE PRESIDENTS' BENEFITS ACT OF 2019,"AN ACT GRANTING BENEFITS AND PRIVILEGES TO FORMER PRESIDENTS AND VICE PRESIDENTS OF THE PHILIPPINES OR THEIR SURVIVING SPOUSES, AMENDING FOR THIS PURPOSE REPUBLIC ACT NO. 5059, REPEALING REPUBLIC ACT NO. 2087, AND FOR THE PURPOSES","BINAY, MARIA LOURDES NANCY S.","February 13, 2020",NATIONAL,PRESIDENT OF THE PHILIPPINES VICE-PRESIDENT OF THE PHILIPPINES,"CIVIL SERVICE, GOVERNMENT REORGANIZATION AND PROFESSIONAL REGULATION",PENDING IN THE COMMITTEE
Senate Bill No. 1600,18th Congress (July 2019 - 2022),https://ldr.senate.gov.ph/bills/senate-bill-no-1600-18th-congress-republic,CROWDSOURCING IN LEGISLATIVE POLICYMAKING ACT,AN ACT ESTABLISHING A FRAMEWORK FOR CITIZENS PARTICIPATION IN LEGISLATIVE POLICYMAKING THROUGH THE USE OF INFORMATION AND COMMUNICATIONS TECHNOLOGY PLATFORMS,"REVILLA JR., RAMON BONG","June 18, 2020",NATIONAL,CROWDSOURCING LEGISLATIVE POLICYMAKING,ELECTORAL REFORMS AND PEOPLES PARTICIPATION,PENDING IN THE COMMITTEE
Senate Bill No. 1665,18th Congress (July 2019 - 2022),https://ldr.senate.gov.ph/bills/senate-bill-no-1665-18th-congress-republic,POBLACION NATIONAL HIGH SCHOOL,"AN ACT SEPARATING MUNTINLUPA NATIONAL HIGH SCHOOL NBP ANNEX IN BARANGAY POBLACION, CITY OF MUNTINLUPA, METRO MANILA, FROM MUNTINLUPA NATIONAL HIGH SCHOOL, CONVERTING IT INTO AN INDEPENDENT NATIONAL HIGH SCHOOL TO BE KNOWN AS POBLACION NATIONAL HIGH SCHOOL, AND APPROPRIATING FUNDS THEREFOR","MARCOS, IMEE R.","July 7, 2020",LOCAL,"SCHOOLS, CONVERSION",RULES,PENDING IN THE COMMITTEE
Senate Bill No. 1355,18th Congress (July 2019 - 2022),https://ldr.senate.gov.ph/bills/senate-bill-no-1355-18th-congress-republic,AMENDING SECTIONS 3 AND 4 OF PRESIDENTIAL DECREE NO. 1631 (CREATING THE LUNGSOD NG KABATAAN),"AN ACT AMENDING SECTIONS 3 AND 4 OF PRESIDENTIAL DECREE NO. 1631, SERIES OF 1979 OR THE ACT CREATING THE LUNGSOD NG KABATAAN AS AMENDED BY EXECUTIVE ORDER NO. 893, SERIES OF 1983","ANGARA, SONNY","February 17, 2020",NATIONAL,LUNGSOD NG KABATAAN PHILIPPINE CHILDRENS MEDICAL CENTER (PCMC),HEALTH AND DEMOGRAPHY,PENDING IN THE COMMITTEE
Senate Bill No. 1420,18th Congress (July 2019 - 2022),https://ldr.senate.gov.ph/bills/senate-bill-no-1420-18th-congress-republic,BARANGAY HEALTH WORKERS ACT OF 2020,"AN ACT MANDATING THE APPOINTMENT OF BARANGAY HEALTH WORKERS IN BARANGAYS, AND PROVIDING FOR THEIR DUTIES AND RESPONSIBILITIES, COMPENSATION AND BENEFITS, AND FOR OTHER PURPOSES","REVILLA JR., RAMON BONG","April 16, 2020",NATIONAL,BARANGAY HEALTH WORKER,HEALTH AND DEMOGRAPHY,PENDING IN THE COMMITTEE
Senate Bill No. 1738,18th Congress (July 2019 - 2022),https://ldr.senate.gov.ph/bills/senate-bill-no-1738-18th-congress-republic,E-GOVERNANCE ACT OF 2020,"AN ACT INSTITUTIONALIZING THE TRANSITION OF THE GOVERNMENT TO EGOVERNANCE IN THE DIGITAL AGE, APPROPRIATING FUNDS THEREFOR, AND FOR OTHER PURPOSES","GO, CHRISTOPHER LAWRENCE T.","July 27, 2020",NATIONAL,E-GOVERNMENT SERVICES DIGITAL TECHNOLOGY INFORMATION AND COMMUNICATIONS TECHNOLOGY (ICT),SCIENCE AND TECHNOLOGY,PENDING IN THE COMMITTEE
Senate Bill No. 1801,18th Congress (July 2019 - 2022),https://ldr.senate.gov.ph/bills/senate-bill-no-1801-18th-congress-republic,PHILIPPINE HEALTH SECURITY AND EMERGENCY ACT OF 2020,"AN ACT STRENGTHENING PHILIPPINE HEALTH SECURITY AND EMERGENCY PREPAREDNESS, READINESS AND RESPONSE AND APPROPRIATING FUNDS THEREFOR AND FOR OTHER PURPOSES","HONTIVEROS, RISA","September 1, 2020",NATIONAL,PHILIPPINE HEALTH SECURITY,HEALTH AND DEMOGRAPHY,PENDING IN THE COMMITTEE
Senate Bill No. 1499,18th Congress (July 2019 - 2022),https://ldr.senate.gov.ph/bills/senate-bill-no-1499-18th-congress-republic,"AMENDING BOOK THREE, TITLE TWO AND BOOK SIX, TITLE I OF P.D. NO. 442 (LABOR CODE OF THE PHILIPPINES)","AN ACT ERADICATING ABUSIVE CONTRACTUALIZATION PRACTICES AND PENALIZING EMPLOYERS AND CONTRACTORS WHO COMMIT SUCH ABUSES, BY AMENDING FOR THIS PURPOSE BOOK THREE, TITLE TWO AND BOOK SIX, TITLE I OF PRESIDENTIAL DECREE NO. 442, OTHERWISE KNOWN AS THE LABOR CODE OF THE PHILIPPINES, AS AMENDED","POE, GRACE","May 4, 2020",NATIONAL,CONTRACTUAL WORKERS LABOR CODE OF THE PHILIPPINES (P.D. NO. 442),"LABOR, EMPLOYMENT AND HUMAN RESOURCES DEVELOPMENT",PENDING IN THE COMMITTEE
Senate Bill No. 1866,18th Congress (July 2019 - 2022),https://ldr.senate.gov.ph/bills/senate-bill-no-1866-18th-congress-republic,ACCESSIBLE POLLING PLACES FOR PERSONS WITH DISABILITIES AND SENIOR CITIZENS,"AN ACT ENHANCING ACCESSIBILITY IN THE VOTING OF SENIOR CITIZENS AND PERSONS WITH DISABILITIES, AMENDING FOR THE PURPOSE SECTIONS 2(J) AND 9, AND CREATING NEW SECTIONS 9-A AND 9-B UNDER REPUBLIC ACT NO. 10366, OTHERWISE KNOWN AS AN ACT AUTHORIZING THE COMMISSION ON ELECTIONS TO ESTABLISH PRECINCTS ASSIGNED TO ACCESSIBLE POLLING PLACES EXCLUSIVELY FOR PERSONS WITH DISABILITIES AND SENIOR CITIZENS","ANGARA, SONNY","September 30, 2020",NATIONAL,PERSONS WITH DISABILITIES (PWDS) SENIOR CITIZEN/ELDERLY COMMISSION ON ELECTION (COMELEC),ELECTORAL REFORMS AND PEOPLES PARTICIPATION,CONSOLIDATED/SUBSTITUTED IN THE COMMITTEE REPORT
Senate Bill No. 1558,18th Congress (July 2019 - 2022),https://ldr.senate.gov.ph/bills/senate-bill-no-1558-18th-congress-republic,PHILIPPINE ECONOMIC STIMULUS ACT (PESA),AN ACT ESTABLISHING AN ECONOMIC STIMULUS STRATEGY FOR THE COUNTRY'S GROWTH AND DEVELOPMENT IN THE AFTERMATH OF COVID-19 AND PROVIDING FUNDS THEREFOR,"ZUBIRI, JUAN MIGUEL ""MIGZ"" F.","May 27, 2020",NATIONAL,PHILIPPINE ECONOMIC STIMULUS,FINANCE,CONSOLIDATED/SUBSTITUTED IN THE COMMITTEE REPORT
Senate Bill No. 1930,18th Congress (July 2019 - 2022),https://ldr.senate.gov.ph/bills/senate-bill-no-1930-18th-congress-republic,PUBLIC SECTOR LABOR RELATIONS ACT OF 2020,"AN ACT STRENGTHENING THE CONSTITUTIONAL RIGHTS OF GOVERNMENT EMPLOYEES TO SELF-ORGANIZATION, COLLECTIVE NEGOTIATION, PEACEFUL CONCERTED ACTIVITIES, AND THE USE OF VOLUNTARY MODES OF DISPUTE RESOLUTION","HONTIVEROS, RISA","November 24, 2020",NATIONAL,GOVERNMENT EMPLOYEES WORKERS RIGHT TO SELF-ORGANIZATION,"CIVIL SERVICE, GOVERNMENT REORGANIZATION AND PROFESSIONAL REGULATION",PENDING IN THE COMMITTEE
Senate Bill No. 1813,18th Congress (July 2019 - 2022),https://ldr.senate.gov.ph/bills/senate-bill-no-1813-18th-congress-republic,AGIK-IK ELEMENTARY SCHOOL,"AN ACT SEPARATING THE DATU DANWATA ELEMENTARY SCHOOL - AGIK-IK EXTENSION IN SITIO AGIK-IK, BARANGAY DATU DANWATA, MUNICIPALITY OF MALITA, PROVINCE OF DAVAO OCCIDENTAL FROM THE DATU DANWATA ELEMENTARY SCHOOL, CONVERTING IT INTO AN INDEPENDENT ELEMENTARY SCHOOL TO BE KNOWN AS AGIK-IK ELEMENTARY SCHOOL AND APPROPRIATING FUNDS THEREFOR","MARCOS, IMEE R.","September 8, 2020",LOCAL,"SCHOOLS, CONVERSION","BASIC EDUCATION, ARTS AND CULTURE",PENDING IN THE COMMITTEE
Senate Bill No. 1505,18th Congress (July 2019 - 2022),https://ldr.senate.gov.ph/bills/senate-bill-no-1505-18th-congress-republic,REGIONAL TERTIARY CARE HOSPITALS ACT,"AN ACT INSTITUTIONALIZING THE ESTABLISHMENT OF TERTIARY CARE HOSPITALS IN ALL REGIONS, AND APPROPRIATING FUNDS THEREFOR","LAPID, MANUEL ""LITO"" M.","May 4, 2020",NATIONAL,TERTIARY CARE HOSPITAL HEALTH CARE DELIVERY SYSTEM,HEALTH AND DEMOGRAPHY,PENDING IN THE COMMITTEE
Senate Bill No. 1569,18th Congress (July 2019 - 2022),https://ldr.senate.gov.ph/bills/senate-bill-no-1569-18th-congress-republic,LUIS HORA MEMORIAL REGIONAL HOSPITAL,"AN ACT ESTABLISHING A HUNDRED-BED EXTENSION OF THE LUIS HORA MEMORIAL REGIONAL HOSPITAL IN THE PROVINCE OF IFUGAO, TO BE KNOWN AS THE LUIS HORA MEMORIAL REGIONAL HOSPITAL  IFUGAO EXTENSION HOSPITAL, AND APPROPRIATING FUNDS THEREFOR","MARCOS, IMEE R.","June 2, 2020",LOCAL,"HOSPITALS, ESTABLISHMENT",RULES,PENDING IN THE COMMITTEE
Senate Bill No. 1323,18th Congress (July 2019 - 2022),https://ldr.senate.gov.ph/bills/senate-bill-no-1323-18th-congress-republic,DEPARTMENT OF OVERSEAS FILIPINO WORKERS (OFW) ACT OF 2020,"AN ACT CREATING THE DEPARTMENT OF OVERSEAS FILIPINO WORKERS, DEFINING ITS POWERS AND FUNCTIONS, APPROPRIATING FUNDS THEREFOR, AND FOR OTHER PURPOSES","ZUBIRI, JUAN MIGUEL ""MIGZ"" F.","February 4, 2020",NATIONAL,DEPARTMENT OF OVERSEAS FILIPINO WORKERS (DOFW),"LABOR, EMPLOYMENT AND HUMAN RESOURCES DEVELOPMENT",CONSOLIDATED/SUBSTITUTED IN THE COMMITTEE REPORT
Senate Bill No. 1948,18th Congress (July 2019 - 2022),https://ldr.senate.gov.ph/bills/senate-bill-no-1948-18th-congress-republic,NATIONAL PREVENTIVE MECHANISM (NPM) ACT,"AN ACT DESIGNATING THE COMMISSION ON HUMAN RIGHTS (CHR) AS THE NATIONAL PREVENTIVE MECHANISM (NPM) IN COMPLIANCE WITH THE OPTIONAL PROTOCOL TO THE CONVENTION AGAINST TORTURE AND OTHER CRUEL, INHUMAN OR DEGRADING TREATMENT OR PUNISHMENT (OPCAT) AND FOR OTHER PURPOSES","HONTIVEROS, RISA","December 14, 2020",NATIONAL,NATIONAL PREVENTIVE MECHANISM (NPM) COMMISSION ON HUMAN RIGHTS,JUSTICE AND HUMAN RIGHTS,PENDING IN THE COMMITTEE
Senate Bill No. 1642,18th Congress (July 2019 - 2022),https://ldr.senate.gov.ph/bills/senate-bill-no-1642-18th-congress-republic,NEW NORMAL ACT OF 2020,"AN ACT INSTITUTING THE POLICIES FOR THE NEW NORMAL ADDRESSING THE EFFECTS OF THE COVID-19 PANDEMIC, PROVIDING FUNDS THEREFOR, AND FOR OTHER PURPOSES","MARCOS, IMEE R.","June 29, 2020",NATIONAL,NEW NORMAL (COVID-19 PANDEMIC),HEALTH AND DEMOGRAPHY,PENDING IN THE COMMITTEE
Senate Bill No. 1705,18th Congress (July 2019 - 2022),https://ldr.senate.gov.ph/bills/senate-bill-no-1705-18th-congress-republic,TELEVISION ALTERNATIVE LEARNING SYSTEM ACT,AN ACT ESTABLISHING THE TELEVISION BROADCASTING EDUCATION PROGRAM AS AN ALTERNATIVE LEARNING SYSTEM FOR BASIC EDUCATION,"PACQUIAO, EMMANUEL ""MANNY"" D.","July 15, 2020",NATIONAL,ALTERNATIVE LEARNING,"BASIC EDUCATION, ARTS AND CULTURE",PENDING IN THE COMMITTEE
Senate Bill No. 1402,18th Congress (July 2019 - 2022),https://ldr.senate.gov.ph/bills/senate-bill-no-1402-18th-congress-republic,DEPARTMENT OF ECONOMIC PLANNING AND DEVELOPMENT,"AN ACT CREATING THE DEPARTMENT OF ECONOMIC PLANNING AND DEVELOPMENT, DEFINING ITS POWERS AND FUNCTIONS, APPROPRIATING FUNDS THEREFOR, AND FOR OTHER PURPOSES","GATCHALIAN, WIN","March 4, 2020",NATIONAL,DEPARTMENT OF ECONOMIC PLANNING AND DEVELOPMENT,ECONOMIC AFFAIRS,"PENDING SECOND READING, ORDINARY BUSINESS"
Senate Bill No. 1917,18th Congress (July 2019 - 2022),https://ldr.senate.gov.ph/bills/senate-bill-no-1917-18th-congress-republic,NATIONAL COASTAL GREENBELT ACT,"AN ACT ESTABLISHING THE NATIONAL COASTAL GREENBELT PROGRAM, PROVIDING FUNDS THEREFOR, AND FOR OTHER PURPOSES","HONTIVEROS, RISA","November 17, 2020",NATIONAL,COASTAL GREENBELT,"ENVIRONMENT, NATURAL RESOURCES AND CLIMATE CHANGE",PENDING IN THE COMMITTEE
Senate Bill No. 1609,18th Congress (July 2019 - 2022),https://ldr.senate.gov.ph/bills/senate-bill-no-1609-18th-congress-republic,INCREASING THE BED CAPACITY OF EAST AVENUE MEDICAL CENTER,"AN ACT INCREASING THE BED CAPACITY OF EAST AVENUE MEDICAL CENTER FROM 600 TO 1,000 BEDS, UPGRADING ITS SERVICE FACILITIES AND PROFESSIONAL HEALTH CARE SERVICES, AND APPROPRIATING FUNDS THEREFOR","MARCOS, IMEE R.","June 18, 2020",LOCAL,"HOSPITALS, INCREASE BED CAPACITY",HEALTH AND DEMOGRAPHY,CONSOLIDATED/SUBSTITUTED IN THE COMMITTEE REPORT
Senate Bill No. 1673,18th Congress (July 2019 - 2022),https://ldr.senate.gov.ph/bills/senate-bill-no-1673-18th-congress-republic,PEOPLE'S FREEDOM OF INFORMATION ACT OF 2020,AN ACT IMPLEMENTING THE RIGHT OF THE PEOPLE TO INFORMATION ON MATTERS OF PUBLIC CONCERN AND STATE POLICIES OF FULL PUBLIC DISCLOSURE OF ALL ITS TRANSACTIONS INVOLVING THE PUBLIC INTEREST AND HONESTY IN THE PUBLIC SERVICE AND FOR OTHER PURPOSES,"ANGARA, SONNY","July 8, 2020",NATIONAL,FREEDOM OF INFORMATION,PUBLIC INFORMATION AND MASS MEDIA,PENDING IN THE COMMITTEE
Senate Bill No. 1365,18th Congress (July 2019 - 2022),https://ldr.senate.gov.ph/bills/senate-bill-no-1365-18th-congress-republic,ALTERNATIVE LEARNING SYSTEM ACT,"AN ACT INSTITUTIONALIZING THE ALTERNATIVE LEARNING SYSTEM IN BASIC EDUCATION FOR OUT-OF-SCHOOL YOUTH, ADULTS, AND CHILDREN IN SPECIAL EXTREME CASES AND APPROPRIATING FUNDS THEREFOR","GATCHALIAN, WIN","February 18, 2020",NATIONAL,ALTERNATIVE LEARNING OUT-OF-SCHOOL YOUTH,"BASIC EDUCATION, ARTS AND CULTURE",APPROVED BY THE PRESIDENT OF THE PHILIPPINES
Senate Bill No. 1429,18th Congress (July 2019 - 2022),https://ldr.senate.gov.ph/bills/senate-bill-no-1429-18th-congress-republic,TAX BENEFITS TO DONATIONS PROVIDED DURING A STATE OF CALAMITY,"AN ACT GRANTING FULL TAX BENEFITS TO DONATIONS PROVIDED DURING A STATE OF CALAMITY, AND FOR OTHER PURPOSES","MARCOS, IMEE R.","April 16, 2020",NATIONAL,TAX EXEMPTION CALAMITY/DISASTER COVID-19,WAYS AND MEANS,PENDING IN THE COMMITTEE
Senate Bill No. 1747,18th Congress (July 2019 - 2022),https://ldr.senate.gov.ph/bills/senate-bill-no-1747-18th-congress-republic,"BETTER NORMAL FOR THE WORKPLACE, COMMUNITIES AND PUBLIC SPACES ACT OF 2020","AN ACT ESTABLISHING PUBLIC HEALTH AND ENVIRONMENTAL STANDARDS AND SAFEGUARDS FOR THE BETTER NORMAL IN THE WORKPLACE, PUBLIC PLACES AND COMMUNITIES TOWARD A SUSTAINABLE RECOVERY FROM THE CORONA VIRUS DISEASE-19 (COVID-19) PANDEMIC","ANGARA, SONNY","July 28, 2020",NATIONAL,NEW NORMAL (COVID-19 PANDEMIC) BETTER NORMAL,HEALTH AND DEMOGRAPHY,PENDING IN THE COMMITTEE
Senate Bill No. 1811,18th Congress (July 2019 - 2022),https://ldr.senate.gov.ph/bills/senate-bill-no-1811-18th-congress-republic,ARAW NG MARINDUQUE,"AN ACT DECLARING FEBRUARY 21 OF EVERY YEAR AS ARAW NG MARINDUQUE, A SPECIAL NONWORKING HOLIDAY IN THE PROVINCE OF MARINDUQUE","GATCHALIAN, WIN","September 7, 2020",LOCAL,HOLIDAY (SPECIAL NON-WORKING),LOCAL GOVERNMENT,PENDING IN THE COMMITTEE
Senate Bill No. 119,18th Congress (July 2019 - 2022),https://ldr.senate.gov.ph/bills/senate-bill-no-119-18th-congress-republic,THE INDIGENT CHILDREN FREE MEDICAL AND DENTAL SERVICE ACT,"AN ACT REQUIRING ALL GOVERNMENT AND PRIVATE HOSPITALS, MEDICAL CENTERS, CLINICS, INFIRMARIES AND PUERICULTURE CENTERS TO GIVE FREE MEDICAL AND DENTAL ASSISTANCE TO INDIGENT CHILDREN","BINAY, MARIA LOURDES NANCY S.","July 1, 2019",NATIONAL,indigent children MEDICAL ASSISTANCE/DENTAL ASSISTANCE,HEALTH AND DEMOGRAPHY,PENDING IN THE COMMITTEE
Senate Bill No. 1132,18th Congress (July 2019 - 2022),https://ldr.senate.gov.ph/bills/senate-bill-no-1132-18th-congress-republic,HOSPITAL SITE DEVELOPMENT PLAN ACT,AN ACT REQUIRING ALL PUBLIC HOSPITALS TO PREPARE AND IMPLEMENT A HOSPITAL SITE DEVELOPMENT PLAN FOR THE OPTIMUM UTILIZATION OF ITS RESOURCES IN DELIVERING HEALTH SERVICES,Ralph G. Recto,"November 4, 2019",NATIONAL,HOSPITALS (GOVERNMENT HOSPITALS) HEALTH CARE DELIVERY SYSTEM,HEALTH AND DEMOGRAPHY,PENDING IN THE COMMITTEE
Senate Bill No. 1196,18th Congress (July 2019 - 2022),https://ldr.senate.gov.ph/bills/senate-bill-no-1196-18th-congress-republic,DO NOT CONTACT REGISTRY ACT OF 2019,"AN ACT ESTABLISHING A 'DO NOT CONTACT' REGISTRY FOR PURPOSE OF REGULATING THE SENDING OUT OF UNSOLICITED MESSAGES OR CALLS, AND PROVIDING PENALTIES THEREOF","LAPID, MANUEL ""LITO"" M.","November 26, 2019",NATIONAL,CELLULAR PHONES/CELL PHONES National Telecommunications Commission (NTC),SCIENCE AND TECHNOLOGY,PENDING IN THE COMMITTEE
Senate Bill No. 160,18th Congress (July 2019 - 2022),https://ldr.senate.gov.ph/bills/senate-bill-no-160-18th-congress-republic,LINGAP PARA KAY LOLO AT LOLA ACT,"AN ACT GRANTING UNIVERSAL SOCIAL PENSION TO ALL SENIOR CITIZENS AGED 65 YEARS OLD AND ABOVE, AMENDING FOR THIS PURPOSE REPUBLIC ACT NO. 7432, AS AMENDED","HONTIVEROS, RISA","July 2, 2019",NATIONAL,PENSION,"SOCIAL JUSTICE, WELFARE AND RURAL DEVELOPMENT",PENDING IN THE COMMITTEE
Senate Bill No. 484,18th Congress (July 2019 - 2022),https://ldr.senate.gov.ph/bills/senate-bill-no-484-18th-congress-republic,"EXEMPTING ALL VEHICLES FROM PAYING TOLL FEES ON CERTAIN HOLIDAYS, AMENDING P.D.NO. 1112","AN ACT EXEMPTING ALL VEHICLES FROM PAYING TOLL FEES ON CERTAIN HOLIDAYS, AMENDING FOR THE PURPOSE PRESIDENTIAL DECREE NO. 1112, AS AMENDED","SOTTO III, VICENTE C.","July 15, 2019",NATIONAL,Motor Vehicles TOLL FEES PRESIDENTIAL DECREE (P.D.NO. 1112 TOLL REGULATORY BOARD),PUBLIC SERVICES,PENDING IN THE COMMITTEE
Senate Bill No. 245,18th Congress (July 2019 - 2022),https://ldr.senate.gov.ph/bills/senate-bill-no-245-18th-congress-republic,DISASTER RESILIENCE ACT,"AN ACT CREATING THE DEPARTMENT OF DISASTER RESILIENCE, DEFINING ITS POWER AND FUNCTIONS, APPROPRIATING FUNDS THEREFOR, AND FOR OTHER PURPOSES","SOTTO III, VICENTE C.","July 8, 2019",NATIONAL,DISASTER RISK REDUCTION AND MANAGEMENT DEPARTMENT OF DISASTER RESILIENCE,"NATIONAL DEFENSE AND SECURITY, PEACE, UNIFICATION AND RECONCILIATION",PENDING IN THE COMMITTEE
Senate Bill No. 875,18th Congress (July 2019 - 2022),https://ldr.senate.gov.ph/bills/senate-bill-no-875-18th-congress-republic,POSTPONING THE MAY 2020 BARANGAY AND SANGGUNIANG KABATAAN ELECTIONS,"AN ACT POSTPONING THE MAY 2020 BARANGAY AND SANGGUNIANG KABATAAN ELECTIONS TO MAY 2021, AMENDING FOR THE PURPOSE REPUBLIC ACT NO. 9164, AS AMENDED BY REPUBLIC ACT NOS. 10632, 10656, 10923, AND 10952, AND FOR OTHER PURPOSES","GATCHALIAN, WIN","August 6, 2019",NATIONAL,BARANGAY ELECTIONS/SK ELECTIONS,ELECTORAL REFORMS AND PEOPLES PARTICIPATION,CONSOLIDATED/SUBSTITUTED IN THE COMMITTEE REPORT
Senate Bill No. 451,18th Congress (July 2019 - 2022),https://ldr.senate.gov.ph/bills/senate-bill-no-451-18th-congress-republic,TEACHING OF BASIC ROAD SAFETY AND COMPREHENSIVE DRIVERS' EDUCATION AS PART OF K-12 CURRICULUM,"AN ACT REQUIRING THE TEACHING OF BASIC ROAD SAFETY AND COMPREHENSIVE DRIVERS' EDUCATION AS PART OF THE CURRICULUM OF THE K-12 PROGRAM, AND FOR OTHER PURPOSES","REVILLA JR., RAMON BONG","July 15, 2019",NATIONAL,ROAD SAFETY K12 EDUCATION PROGRAM CURRICULUM/CURRICULA,"BASIC EDUCATION, ARTS AND CULTURE",PENDING IN THE COMMITTEE
Senate Bill No. 669,18th Congress (July 2019 - 2022),https://ldr.senate.gov.ph/bills/senate-bill-no-669-18th-congress-republic,PUBLIC ELEMENTARY SCHOOL STUDENTS FREE ADMISSION TO ALL PUBLIC MUSEUMS,AN ACT GRANTING PUBLIC ELEMENTARY SCHOOL STUDENTS FREE ADMISSION TO ALL PUBLIC MUSEUMS AND NATIONAL HISTORICAL SHRINES AND LANDMARKS,"REVILLA JR., RAMON BONG","July 22, 2019",NATIONAL,N/A,N/A,WITHDRAWN
Senate Bill No. 952,18th Congress (July 2019 - 2022),https://ldr.senate.gov.ph/bills/senate-bill-no-952-18th-congress-republic,AMENDING R.A. NO. 7743 (ESTABLISHMENT OF LIBRARIES AND BARANGAY READING CENTERS),"AN ACT AMENDING REPUBLIC ACT NO. 7743, OTHERWISE KNOWN AS 'AN ACT PROVIDING FOR THE ESTABLISHMENT OF CONGRESSIONAL, CITY, AND MUNICIPAL LIBRARIES AND BARANGAY READING CENTERS THROUGHOUT THE PHILIPPINES', AND FOR OTHER PURPOSES","REVILLA JR., RAMON BONG","August 20, 2019",NATIONAL,LIBRARY/DISTRICT LIBRARY/BARANGAY READING CENTERS,"BASIC EDUCATION, ARTS AND CULTURE",PENDING IN THE COMMITTEE
Senate Bill No. 284,18th Congress (July 2019 - 2022),https://ldr.senate.gov.ph/bills/senate-bill-no-284-18th-congress-republic,SUSTAINABLE FOREST MANAGEMENT ACT,AN ACT PROVIDING FOR THE SUSTAINABLE MANAGEMENT OF FORESTS AND FOREST LANDS AND FOR OTHER PURPOSES,"CAYETANO, PIA S.","July 8, 2019",NATIONAL,SUSTAINABLE FOREST MANAGEMENT,"ENVIRONMENT, NATURAL RESOURCES AND CLIMATE CHANGE",PENDING IN THE COMMITTEE
Senate Bill No. 341,18th Congress (July 2019 - 2022),https://ldr.senate.gov.ph/bills/senate-bill-no-341-18th-congress-republic,SMALL AND MEDIUM ENTERPRISES STOCK EXCHANGE (SMEX) ACT OF 2019,AN ACT ESTABLISHING THE SMALL AND MEDIUM ENTERPRISES STOCK EXCHANGE,"VILLAR, CYNTHIA A.","July 11, 2019",NATIONAL,SMALL AND MEDIUM ENTERPRISES STOCK EXCHANGE (SMEX),"TRADE, COMMERCE AND ENTREPRENEURSHIP",PENDING IN THE COMMITTEE
Senate Bill No. 512,18th Congress (July 2019 - 2022),https://ldr.senate.gov.ph/bills/senate-bill-no-512-18th-congress-republic,TODA ACT,"AN ACT PROVIDING FOR A MAGNA CARTA OF TRICYCLE DRIVERS AND OPERATORS, INSTITUTIONALIZING MECHANISMS FOR ITS IMPLEMENTATION AND FOR OTHER PURPOSES","DELA ROSA, RONALD ""BATO""","July 16, 2019",NATIONAL,MAGNA CARTA FOR TRICYCLE DRIVERS AND OPERATORS TRICYCLES/PEDICABS,PUBLIC SERVICES,PENDING IN THE COMMITTEE
Senate Bill No. 756,18th Congress (July 2019 - 2022),https://ldr.senate.gov.ph/bills/senate-bill-no-756-18th-congress-republic,THE ENHANCED CONSUMER ACT,"AN ACT GRANTING BROADER PROTECTION TO CONSUMERS AMENDING FOR THE PURPOSE REPUBLIC ACT NO. 7394, OTHERWISE KNOWN AS THE 'CONSUMER ACT OF THE PHILIPPINES'",Ralph G. Recto,"July 24, 2019",NATIONAL,CONSUMER ACT (R.A.NO. 7394) CONSUMER PROTECTION CONSUMER BILL OF RIGHTS,"TRADE, COMMERCE AND ENTREPRENEURSHIP",PENDING IN THE COMMITTEE
Senate Bill No. 1026,18th Congress (July 2019 - 2022),https://ldr.senate.gov.ph/bills/senate-bill-no-1026-18th-congress-republic,PILIS FALLS ECOTOURISM ACT,"AN ACT DECLARING PILIS FALLS IN BARANGAY PALILI, MUNICIPALITY OF SAMAL, PROVINCE OF BATAAN AN ECOTOURISM SITE AND APPROPRIATING FUNDS THEREFOR","VILLAR, CYNTHIA A.","September 10, 2019",NATIONAL,TOURISM,TOURISM,PENDING IN THE COMMITTEE
Senate Bill No. 814,18th Congress (July 2019 - 2022),https://ldr.senate.gov.ph/bills/senate-bill-no-814-18th-congress-republic,DR. FE DEL MUNDO DAY,AN ACT DECLARING AUGUST 6 OF EVERY YEAR A SPECIAL WORKING HOLIDAY TO COMMEMORATE THE DEATH AND CONTRIBUTIONS OF DR. FE DEL MUNDO,"HONTIVEROS, RISA","July 29, 2019",NATIONAL,HOLIDAYS (SPECIAL WORKING),"BASIC EDUCATION, ARTS AND CULTURE",PENDING IN THE COMMITTEE
Senate Bill No. 1090,18th Congress (July 2019 - 2022),https://ldr.senate.gov.ph/bills/senate-bill-no-1090-18th-congress-republic,MAGNA CARTA OF THE OUT-OF-SCHOOL YOUTH,AN ACT PROVIDING FOR THE MAGNA CARTA OF THE OUT-OF-SCHOOL YOUTH,"ANGARA, SONNY","October 1, 2019",NATIONAL,MAGNA CARTA OF THE OUT-OF-SCHOOL YOUTH,YOUTH,PENDING IN THE COMMITTEE
Senate Bill No. 23,18th Congress (July 2019 - 2022),https://ldr.senate.gov.ph/bills/senate-bill-no-23-18th-congress-republic,THE BUDGET REFORM FOR VILLAGE EMPOWERMENT ACT OF 2019,"AN ACT INSTITUTING BUDGET REFORM THAT WILL ENSURE THE EQUITABLE DISTRIBUTION OF FUNDS FOR BOTH THE NATIONAL AND LOCAL GOVERNMENT UNITS FOR THE PURPOSE OF PROMOTING VILLAGE EMPOWERMENT, ENABLING THEM TO BE AN EFFECTIVE INSTRUMENT IN ATTAINING INCLUSIVE GROWTH, APPROPRIATING FUNDS THEREFOR AND FOR OTHER PURPOSES","LACSON, PANFILO M.","July 1, 2019",NATIONAL,VILLAGE EMPOWERMENT LOCAL GOVERNMENT UNITS (LGUs),FINANCE,PENDING IN THE COMMITTEE
Senate Bill No. 88,18th Congress (July 2019 - 2022),https://ldr.senate.gov.ph/bills/senate-bill-no-88-18th-congress-republic,EMERGENCY MEDICAL SERVICES SYSTEM (EMSS) ACT,"AN ACT INSTITUTIONALIZING AN EMERGENCY MEDICAL SERVICES SYSTEM (EMSS), CREATING FOR THE PURPOSE THE NATIONAL EMSS COUNCIL, AND APPROPRIATING FUNDS THEREFOR","GORDON, RICHARD J.","July 1, 2019",NATIONAL,EMERGENCY MEDICAL SERVICES SYSTEM (EMSS),HEALTH AND DEMOGRAPHY,PENDING IN THE COMMITTEE
Senate Bill No. 1164,18th Congress (July 2019 - 2022),https://ldr.senate.gov.ph/bills/senate-bill-no-1164-18th-congress-republic,PRACTICE OF PROFESSION BY FOREIGN CITIZENS ACT OF 2019,"AN ACT PRESCRIBING THE PRACTICE OF PROFESSION OF FOREIGN CITIZENS IN THE COUNTRY, PROVIDING A LIST THEREFOR, AND FOR OTHER PURPOSES","MARCOS, IMEE R.","November 11, 2019",NATIONAL,FOREIGN CONSULTANTS/FOREIGN NATIONALS,"CIVIL SERVICE, GOVERNMENT REORGANIZATION AND PROFESSIONAL REGULATION",PENDING IN THE COMMITTEE
Senate Bill No. 1224,18th Congress (July 2019 - 2022),https://ldr.senate.gov.ph/bills/senate-bill-no-1224-18th-congress-republic,COMPREHENSIVE VALUES EDUCATION ACT,"AN ACT INSTITUTIONALIZING COMPREHENSIVE VALUES EDUCATION IN THE K TO 12 CURRICULUM AS A CORE SUBJECT INCLUDING GOOD MANNERS AND RIGHT CONDUCT, AND FOR OTHER PURPOSES","ZUBIRI, JUAN MIGUEL ""MIGZ"" F.","December 10, 2019",NATIONAL,GOOD MANNERS AND RIGHT CONDUCT CURRICULUM/CURRICULA K12 EDUCATION PROGRAM,"BASIC EDUCATION, ARTS AND CULTURE",APPROVED BY THE PRESIDENT OF THE PHILIPPINES
Senate Bill No. 139,18th Congress (July 2019 - 2022),https://ldr.senate.gov.ph/bills/senate-bill-no-139-18th-congress-republic,PHILIPPINE LIVESTOCK INDUSTRY DEVELOPMENT ACT OF 2019,"AN ACT TO RESTRUCTURE AND RATIONALIZE THE LIVESTOCK INDUSTRY IN ORDER TO STRENGTHEN ITS DEVELOPMENT, PROTECTION AND REGULATORY FUNCTIONS, INCLUDING THE PROMOTION OF DAIRY AND NATIVE ANIMALS, AND TO PROVIDE FOR A LIVESTOCK DEVELOPMENT FUND, AND FOR OTHER PURPOSES","VILLAR, CYNTHIA A.","July 2, 2019",NATIONAL,LIVESTOCK,"AGRICULTURE, FOOD AND AGRARIAN REFORM",PENDING IN THE COMMITTEE
Senate Bill No. 387,18th Congress (July 2019 - 2022),https://ldr.senate.gov.ph/bills/senate-bill-no-387-18th-congress-republic,PASIG RIVER DEVELOPMENT ACT,"AN ACT CREATING THE PASIG RIVER REHABILITATION AND DEVELOPMENT AUTHORITY, PRESCRIBING ITS POWERS AND FUNCTIONS AND APPROPRIATING FUNDS THEREFOR","PACQUIAO, EMMANUEL ""MANNY"" D.","July 11, 2019",NATIONAL,PASIG RIVER REHABILITATION/REHABILITATION FUND,"ENVIRONMENT, NATURAL RESOURCES AND CLIMATE CHANGE",PENDING IN THE COMMITTEE
Senate Bill No. 213,18th Congress (July 2019 - 2022),https://ldr.senate.gov.ph/bills/senate-bill-no-213-18th-congress-republic,SPECIAL EMERGENCY POWERS ACT,"AN ACT AUTHORIZING THE PRESIDENT, FOR A LIMITED PERIOD AND SUBJECT TO CERTAIN RESTRICTIONS, TO EXERCISE EMERGENCY POWERS TO EFFECTIVELY ADDRESS THE TRAFFIC AND CONGESTION CRISIS, AND APPROPRIATING FUNDS THEREFOR","TOLENTINO, FRANCIS ""TOL"" N.","July 2, 2019",NATIONAL,EMERGENCY POWERS PRESIDENT OF THE PHILIPPINES TRAFFIC,PUBLIC SERVICES,CONSOLIDATED/SUBSTITUTED IN THE COMMITTEE REPORT
Senate Bill No. 422,18th Congress (July 2019 - 2022),https://ldr.senate.gov.ph/bills/senate-bill-no-422-18th-congress-republic,"AMENDING R.A. NO. 7166 (PROVIDING FOR SYNCHRONIZED NATIONAL AND LOCAL ELECTIONS), AS AMENDED","AN ACT AMENDING REPUBLIC ACT NO. 7166, OTHERWISE KNOWN AS AN ACT PROVIDING FOR SYNCHRONIZED NATIONAL AND LOCAL ELECTIONS AND FOR ELECTORAL REFORMS, AS AMENDED BY REPUBLIC ACT NO. 9369, AND FOR OTHER PURPOSES","PANGILINAN, FRANCIS ""KIKO"" N.","July 15, 2019",NATIONAL,ELECTIONS/ELECTORAL REFORMS BARANGAY ELECTIONS/SK ELECTIONS COMMISSION ON ELECTION (COMELEC),ELECTORAL REFORMS AND PEOPLES PARTICIPATION,PENDING IN THE COMMITTEE
Senate Bill No. 649,18th Congress (July 2019 - 2022),https://ldr.senate.gov.ph/bills/senate-bill-no-649-18th-congress-republic,PREVENTION OF ADOLESCENT PREGNANCY ACT OF 2019,"AN ACT PROVIDING FOR A NATIONAL POLICY IN PREVENTING TEENAGE PREGNANCIES, INSTITUTIONALIZING SOCIAL PROTECTION FOR TEENAGE PARENTS, AND PROVIDING FUNDS THEREFOR","REVILLA JR., RAMON BONG","July 22, 2019",NATIONAL,TEENAGE PREGNANCY,"WOMEN, CHILDREN, FAMILY RELATIONS AND GENDER EQUALITY",CONSOLIDATED/SUBSTITUTED IN THE COMMITTEE REPORT
Senate Bill No. 924,18th Congress (July 2019 - 2022),https://ldr.senate.gov.ph/bills/senate-bill-no-924-18th-congress-republic,MAGNA CARTA FOR DAY CARE WORKERS,"AN ACT GRANTING THE MAGNA CARTA FOR DAY CARE WORKERS, PROVIDING FUNDS THEREFOR AND FOR OTHER PURPOSES","VILLAR, CYNTHIA A.","August 19, 2019",NATIONAL,MAGNA CARTA FOR DAY CARE WORKERS,"SOCIAL JUSTICE, WELFARE AND RURAL DEVELOPMENT",PENDING IN THE COMMITTEE
Senate Bill No. 719,18th Congress (July 2019 - 2022),https://ldr.senate.gov.ph/bills/senate-bill-no-719-18th-congress-republic,VIDEO GAME AND OUTDOOR MEDIA REGULATION ACT,"AN ACT EXPANDING THE POWERS AND FUNCTIONS OF THE MOVIE AND TELEVISION REVIEW AND CLASSIFICATION BOARD TO PROVIDE FOR THE REGULATION OF VIDEO GAMES AND OUTDOOR MEDIA, AMENDING FOR THE PURPOSE PRESIDENTIAL DECREE NO. 1986","GATCHALIAN, WIN","July 24, 2019",NATIONAL,MOVIE AND TELEVISION REVIEW AND CLASSIFICATION BOARD (MTRCB) VIDEO GAMES OUTDOOR MEDIA,PUBLIC INFORMATION AND MASS MEDIA,PENDING IN THE COMMITTEE
Senate Bill No. 984,18th Congress (July 2019 - 2022),https://ldr.senate.gov.ph/bills/senate-bill-no-984-18th-congress-republic,ESTABLISHING THE SARANGANI STATE COLLEGE,"AN ACT ESTABLISHING THE SARANGANI STATE COLLEGE IN THE MUNICIPALITY OF ALABEL, PROVINCE OF SARANGANI, AND APPROPRIATING FUNDS THEREFOR","ANGARA, SONNY","August 28, 2019",NATIONAL,STATE COLLEGES AND UNIVERSITIES (SCUS),"HIGHER, TECHNICAL AND VOCATIONAL EDUCATION",PENDING IN THE COMMITTEE
Senate Bill No. 1238,18th Congress (July 2019 - 2022),https://ldr.senate.gov.ph/bills/senate-bill-no-1238-18th-congress-republic,GRANTING CIVIL SERVICE ELIGIBILITY TO GOVERNMENT EMPLOYEES,"AN ACT GRANTING CIVIL SERVICE ELIGIBILITY TO GOVERNMENT EMPLOYEES WHOSE STATUS OF APPOINTMENT IS EITHER CASUAL OR CONTRACTUAL, AND WHO HAVE CONTINUOUSLY RENDERED AT LEAST SEVEN (7) YEARS OF EEFICIENT SERVICE","MARCOS, IMEE R.","December 16, 2019",NATIONAL,CIVIL SERVICE ELIGIBILITY CASUAL/CONTRACTUAL EMPLOYEES GOVERNMENT EMPLOYEES,"CIVIL SERVICE, GOVERNMENT REORGANIZATION AND PROFESSIONAL REGULATION",PENDING IN THE COMMITTEE
Senate Bill No. 309,18th Congress (July 2019 - 2022),https://ldr.senate.gov.ph/bills/senate-bill-no-309-18th-congress-republic,DRUGS AND MEDICINES PRICE REGULATORY BOARD,"AN ACT ESTABLISHING THE DRUG PRICE REGULATORY BOARD TO REGULATE THE PRICES OF DRUGS AND MEDICINES IN THE PHILIPPINES AMENDING FOR THE PURPOSE REPUBLIC ACT NO. 9502, OTHERWISE KNOWN AS THE 'UNIVERSALLY ACCESSIBLE CHEAPER AND QUALITY MEDICINES ACT OF 2008' AND FOR OTHER PURPOSES","ZUBIRI, JUAN MIGUEL ""MIGZ"" F.","July 10, 2019",NATIONAL,DRUG PRICE REGULATORY BOARD MEDICINES/DRUGS CHEAPER MEDICINES,"TRADE, COMMERCE AND ENTREPRENEURSHIP",PENDING IN THE COMMITTEE
Senate Bill No. 372,18th Congress (July 2019 - 2022),https://ldr.senate.gov.ph/bills/senate-bill-no-372-18th-congress-republic,STRENGTHENING THE PARTY-LIST,"AN ACT STRENGTHENING THE PARTY-LIST ACT AND EMPHAZISING ITS ROLE AS A CONSTITUTIONAL SOCIAL JUSTICE TOOL TO GIVE THE MARGINALIZED AND UNDERREPRESENTED GENUINE POWER AND REPRESENTATION, AMENDING FOR THE PURPOSE REPUBLIC ACT NO. 7941, ENTITLED 'AN ACT PROVIDING FOR THE ELECTION OF PARTY-LIST REPRESENTATIVES THROUGH THE PARTY-LIST SYSTEM, AND APPROPRIATING FUNDS THEREFOR', OTHERWISE KNOWN AS THE 'PARTY-LIST SYSTEM ACT', AND FOR OTHER PURPOSES","DE LIMA, LEILA M.","July 11, 2019",NATIONAL,PARTY LIST SYSTEM (R.A.NO. 7941),ELECTORAL REFORMS AND PEOPLES PARTICIPATION,CONSOLIDATED/SUBSTITUTED IN THE COMMITTEE REPORT
Senate Bill No. 580,18th Congress (July 2019 - 2022),https://ldr.senate.gov.ph/bills/senate-bill-no-580-18th-congress-republic,MANDATORY ENVIRONMENT INSURANCE COVERAGE,AN ACT REQUIRING MANDATORY ENVIRONMENT INSURANCE COVERAGE TO PROMOTE ECOLOGICAL PROTECTION,"POE, GRACE","July 17, 2019",NATIONAL,ENVIRONMENTAL PROTECTION INSURANCE,"ENVIRONMENT, NATURAL RESOURCES AND CLIMATE CHANGE",PENDING IN THE COMMITTEE
Senate Bill No. 271,18th Congress (July 2019 - 2022),https://ldr.senate.gov.ph/bills/senate-bill-no-271-18th-congress-republic,EXPEDITING THE TITLING OF LANDS AWARDED UNDER THE COMPREHENSIVE AGRARIAN REFORM PROGRAM,"AN ACT EXPEDITING THE TITLING OF LANDS AWARDED UNDER THE COMPREHENSIVE AGRARIAN REFORM PROGRAM, LIFTING THE RESTRICTIONS ON THE UTILIZATION OF SUCH LANDS AS COLLATERAL FOR SECURING AGRICULTURAL LOANS, AND OTHER SIMILAR FINANCIAL INSTRUMENTS, AND FOR OTHER PURPOSES",Ralph G. Recto,"July 8, 2019",NATIONAL,LAND TITLE/TORRENS TITLE COMPREHENSIVE AGRARIAN REFORM LAW (CARL) R.A.NO. 6657),"AGRICULTURE, FOOD AND AGRARIAN REFORM",PENDING IN THE COMMITTEE
Senate Bill No. 487,18th Congress (July 2019 - 2022),https://ldr.senate.gov.ph/bills/senate-bill-no-487-18th-congress-republic,MODERNIZED NATIONAL MEASUREMENT ACT,"AN ACT MODERNIZING THE NATIONAL MEASUREMENT SYSTEM (NMS) OF THE PHILIPPINES, CREATING FOR THIS PURPOSE THE NATIONAL MEASUREMENT IN STITUTE OF THE PHILIPPINES, APPROPRIATING FUNDS THEREFOR AND FOR OTHER PURPOSES","SOTTO III, VICENTE C.","July 15, 2019",NATIONAL,NATIONAL MEASUREMENT SYSTEM,SCIENCE AND TECHNOLOGY,PENDING IN THE COMMITTEE
Senate Bill No. 776,18th Congress (July 2019 - 2022),https://ldr.senate.gov.ph/bills/senate-bill-no-776-18th-congress-republic,RURAL EMPLOYMENT ASSISTANCE PROGRAM ACT,AN ACT PROVIDING FOR A RURAL EMPLOYMENT ASSISTANCE PROGRAM AND APPROPRIATING FUNDS THEREFOR,"PANGILINAN, FRANCIS ""KIKO"" N.","July 24, 2019",NATIONAL,RURAL EMPLOYMENT,"SOCIAL JUSTICE, WELFARE AND RURAL DEVELOPMENT",PENDING IN THE COMMITTEE
Senate Bill No. 352,18th Congress (July 2019 - 2022),https://ldr.senate.gov.ph/bills/senate-bill-no-352-18th-congress-republic,LOCAL BUDGETING REFORM ACT,"AN ACT ENSURING THE EQUITABLE DISTRIBUTION OF FUNDS BETWEEN THE NATIONAL GOVERNMENT AND THE LOCAL GOVERNMENT UNITS, APPROPRIATING FUNDS THEREFOR AND FOR OTHER PURPOSES","VILLANUEVA, JOEL","July 11, 2019",NATIONAL,LOCAL GOVERNMENT UNITS (LGUs) LOCAL BUDGET REFORM,FINANCE,PENDING IN THE COMMITTEE
Senate Bill No. 447,18th Congress (July 2019 - 2022),https://ldr.senate.gov.ph/bills/senate-bill-no-447-18th-congress-republic,USE OF NATIONAL WEALTH FOR LOCAL DEVELOPMENT,"AN ACT TO ENHANCE THE USE OF NATIONAL WEALTH FOR LOCAL DEVELOPMENT BY AMENDING CERTAIN PROVISIONS IN BOOK II OF REPUBLIC ACT 7160, OTHERWISE KNOWN AS THE 'LOCAL GOVERNMENT CODE OF 1991'","REVILLA JR., RAMON BONG","July 15, 2019",NATIONAL,NATIONAL WEALTH LOCAL GOVERNMENT CODE (R.A. NO. 7160),LOCAL GOVERNMENT,PENDING IN THE COMMITTEE
Senate Bill No. 832,18th Congress (July 2019 - 2022),https://ldr.senate.gov.ph/bills/senate-bill-no-832-18th-congress-republic,PHILIPPINE NURSING PRACTICE REFORM ACT,"AN ACT INSTITUTING REFORMS TO FURTHER PROTECT AND DEVELOP THE NURSING PROFESSION, AMENDING FOR THE PURPOSE REPUBLIC ACT NUMBER 9173, OTHERWISE KNOWN AS THE 'PHILIPPINE NURSING ACT OF 2002",Ralph G. Recto,"July 30, 2019",NATIONAL,PHILIPPINE NURSING ACT NURSES/NURSING,"CIVIL SERVICE, GOVERNMENT REORGANIZATION AND PROFESSIONAL REGULATION",PENDING IN THE COMMITTEE
Senate Bill No. 1123,18th Congress (July 2019 - 2022),https://ldr.senate.gov.ph/bills/senate-bill-no-1123-18th-congress-republic,CALAMITY LEAVE LAW,AN ACT PROVIDING FOR A FIVE (5)-DAY SPECIAL EMERGENCY LEAVE FOR ALL WORKERS IN THE PUBLIC AND PRIVATE SECTOR DIRECTLY AFFECTED BY NATURAL CALAMITIES OR DISASTERS,"DE LIMA, LEILA M.","October 22, 2019",NATIONAL,CALAMITY LEAVE GOVERNMENT EMPLOYEES,"LABOR, EMPLOYMENT AND HUMAN RESOURCES DEVELOPMENT",PENDING IN THE COMMITTEE
Senate Bill No. 1187,18th Congress (July 2019 - 2022),https://ldr.senate.gov.ph/bills/senate-bill-no-1187-18th-congress-republic,ONE PARTY CONSENT ACT,"AN ACT INSTITUTING ONE PARTY CONSENT, AMENDING FOR THE PURPOSE REPUBLIC ACT NO. 4200, OTHERWISE KNOWN AS 'AN ACT TO PROHIBIT AND PENALIZE WIRE TAPPING AND OTHER RELATED VIOLATIONS OF THE PRIVACY OF COMMUNICATION, AND FOR OTHER PURPOSES' AND REPUBLIC ACT NO. 9372, OTHERWISE KNOWN AS THE 'HUMAN SECURITY ACT 0F 2007'","LACSON, PANFILO M.","November 25, 2019",NATIONAL,Wiretapping HUMAN SECURITY ACT,PUBLIC ORDER AND DANGEROUS DRUGS,PENDING IN THE COMMITTEE
Senate Bill No. 282,18th Congress (July 2019 - 2022),https://ldr.senate.gov.ph/bills/senate-bill-no-282-18th-congress-republic,MENU LABELING ACT,AN ACT REQUIRING THE LISTING OF CALORIE CONTENT INFORMATION ON MENUS AND BOARDS OF FOOD ESTABLISHMENTS,"LAPID, MANUEL ""LITO"" M.","July 8, 2019",NATIONAL,FOOD ESTABLISHMENTS NUTRITIONAL INFORMATION DISCLOSURE FOOD LABELING/PACKAGING,HEALTH AND DEMOGRAPHY,PENDING IN THE COMMITTEE
Senate Bill No. 480,18th Congress (July 2019 - 2022),https://ldr.senate.gov.ph/bills/senate-bill-no-480-18th-congress-republic,"AMENDING R.A.NO. 8551, ESTABLISHING (LGBTQIA+) HELP AND PROTECTION DESKS IN ALL PNP STATIONS","AN ACT ESTABLISHING LESBIAN, GAY, BISEXUAL, TRANSGENDER, QUEER, INTERSEXUAL, ASEXUAL, AND INDIVIDUALS OF VARIOUS SEXUAL AND GENDER ORIENTATIONS (LGBTQIA+) HELP AND PROTECTION DESKS IN ALL PHILIPPINE NATIONAL POLICE STATIONS, AMENDING FOR THE PURPOSE TITLE VII OF REPUBLIC ACT NUMBER 8551, AS AMENDED, OTHERWISE KNOWN AS THE 'PHILIPPINE NATIONAL POLICE REFORM AND REORGANIZATION ACT OF 1998,' AND FOR OTHER PURPOSES",Ralph G. Recto,"July 15, 2019",NATIONAL,"PHILIPPINE NATIONAL POLICE REFORM AND REORGANIZATION ACT OF 1998 (R.A.NO. 8551) PHILIPPINE NATIONAL POLICE (PNP) Gender equality LGBTQIA + (LESBIANS/GAYS/BISEXUAL/TRANSGENDER/QUEER, ETC.)","WOMEN, CHILDREN, FAMILY RELATIONS AND GENDER EQUALITY",PENDING IN THE COMMITTEE
Senate Bill No. 787,18th Congress (July 2019 - 2022),https://ldr.senate.gov.ph/bills/senate-bill-no-787-18th-congress-republic,GRANTING THE OVERSEAS FILIPINO WORKERS THE RIGHT TO EQUAL PROTECTION ON MONEY CLAIMS,"AN ACT GRANTING THE OVERSEAS FILIPINO WORKERS THE RIGHT TO EQUAL PROTECTION ON MONEY CLAIMS, AMENDING FOR THE PURPOSE THE FIFTH PARAGRAPH OF SECTION 10 OF REPUBLIC ACT NO. 8042, AS AMENDED BY REPUBLIC ACT NO. 10022","HONTIVEROS, RISA","July 25, 2019",NATIONAL,OVERSEAS FILIPINO WORKERS (OFWS)/ MIGRANT WORKERS MONEY CLAIMS,"LABOR, EMPLOYMENT AND HUMAN RESOURCES DEVELOPMENT",PENDING IN THE COMMITTEE
Senate Bill No. 363,18th Congress (July 2019 - 2022),https://ldr.senate.gov.ph/bills/senate-bill-no-363-18th-congress-republic,WASTE -TO- ENERGY ACT,AN ACT ESTABLISHING A NATIONAL ENERGY POLICY AND REGULATORY FRAMEWORK FOR FACILITIES UTILIZING WASTE-TO-ENERGY TECHNOLOGIES,"GATCHALIAN, WIN","July 11, 2019",NATIONAL,WASTE-TO-ENERGY TECHNOLOGIES ENERGY,ENERGY,CONSOLIDATED/SUBSTITUTED IN THE COMMITTEE REPORT
Senate Bill No. 457,18th Congress (July 2019 - 2022),https://ldr.senate.gov.ph/bills/senate-bill-no-457-18th-congress-republic,NATIONAL FARMER'S DAY,AN ACT DECLARING JANUARY TWENTY-TWO (22) OF EVERY YEAR AS A SPECIAL WORKING HOLIDAY TO BE KNOWN AS NATIONAL FARMER'S DAY,"REVILLA JR., RAMON BONG","July 15, 2019",NATIONAL,FARMERS HOLIDAYS (SPECIAL WORKING),"AGRICULTURE, FOOD AND AGRARIAN REFORM",PENDING IN THE COMMITTEE
Senate Bill No. 851,18th Congress (July 2019 - 2022),https://ldr.senate.gov.ph/bills/senate-bill-no-851-18th-congress-republic,PUBLIC SOLICITATION ACT,"AN ACT REGULATING PUBLIC SOLICITATIONS AND PROVIDING PENALTIES FOR VIOLATION THEREOF, REPEALING FOR THE PURPOSE ACT NO. 4075, AS AMENDED BY PRESIDENTIAL DECREE NO. 1564, OTHERWISE KNOWN AS THE SOLICITATION PERMIT LAW","DE LIMA, LEILA M.","August 1, 2019",NATIONAL,SOLICITATION,"SOCIAL JUSTICE, WELFARE AND RURAL DEVELOPMENT",PENDING IN THE COMMITTEE
Senate Bill No. 704,18th Congress (July 2019 - 2022),https://ldr.senate.gov.ph/bills/senate-bill-no-704-18th-congress-republic,RURAL EMPLOYMENT ASSISTANCE PROGRAM ACT,AN ACT PROVIDING FOR RURAL EMPLOYMENT ASSISTANCE PROGRAM AND APPROPRIATING FUNDS THEREFOR,"ANGARA, SONNY","July 23, 2019",NATIONAL,RURAL EMPLOYMENT,"SOCIAL JUSTICE, WELFARE AND RURAL DEVELOPMENT",PENDING IN THE COMMITTEE
Senate Bill No. 733,18th Congress (July 2019 - 2022),https://ldr.senate.gov.ph/bills/senate-bill-no-733-18th-congress-republic,"ESTABLISHING THE INFORMATION TECHNOLOGY OFFICE IN EVERY MUNICIPALITY, CITY AND PROVINCE","AN ACT ESTABLISHING THE INFORMATION TECHNOLOGY OFFICE IN EVERY MUNICIPALITY, CITY AND PROVINCE AND FOR OTHER PURPOSES","GATCHALIAN, WIN","July 24, 2019",NATIONAL,INFORMATION TECHNOLOGY,SCIENCE AND TECHNOLOGY,PENDING IN THE COMMITTEE
Senate Bill No. 1241,18th Congress (July 2019 - 2022),https://ldr.senate.gov.ph/bills/senate-bill-no-1241-18th-congress-republic,TIMBANGAN NG BAYAN CENTERS IN PUBLIC AND PRIVATE MARKETS,"AN ACT INSTITUTIONALIZING THE ESTABLISHMENT OF TIMBANGAN NG BAYAN CENTERS IN PUBLIC AND PRIVATE MARKETS, AMENDING FOR THE PURPOSE CHAPTER II, TITLE III OF REPUBLIC ACT NO. 7394 OTHERWISE KNOWN AS THE 'CONSUMER ACT OF THE PHILIPPINES'",Ralph G. Recto,"December 17, 2019",NATIONAL,CONSUMER ACT (R.A.NO. 7394) TIMBANGAN NG BAYAN,"TRADE, COMMERCE AND ENTREPRENEURSHIP","APPROVED ON SECOND READING, WITHOUT AMENDMENT"
Senate Bill No. 165,18th Congress (July 2019 - 2022),https://ldr.senate.gov.ph/bills/senate-bill-no-165-18th-congress-republic,BIBONG BHW ACT OF 2019,"AN ACT CREATING THE COMMUNITY HEALTH WORKER EDUCATION AND TRAINING PROGRAM, INCREASING COMPENSATION AND OTHER BENEFITS FOR BARANGAY HEALTH WORKERS (BHW), APPROPRIATING FUNDS THEREFOR AND FOR OTHER PURPOSES","HONTIVEROS, RISA","July 2, 2019",NATIONAL,BARANGAY HEALTH WORKER community health workers BARANGAY DEVELOPMENT PROGRAM,HEALTH AND DEMOGRAPHY,PENDING IN THE COMMITTEE
Senate Bill No. 71,18th Congress (July 2019 - 2022),https://ldr.senate.gov.ph/bills/senate-bill-no-71-18th-congress-republic,P125 DAILY ACROSS-THE-BOARD WAGE INCREASE ACT,AN ACT PROVIDING FOR A P 125.00 DAILY ACROSS-THE-BOARD INCREASE IN THE SALARY RATES OF EMPLOYEES AND WORKERS IN THE PRIVATE SECTOR AND FOR OTHER PURPOSES,"REVILLA JR., RAMON BONG","July 1, 2019",NATIONAL,WAGE INCREASE/SALARY INCREASE,"LABOR, EMPLOYMENT AND HUMAN RESOURCES DEVELOPMENT",PENDING IN THE COMMITTEE
Senate Bill No. 300,18th Congress (July 2019 - 2022),https://ldr.senate.gov.ph/bills/senate-bill-no-300-18th-congress-republic,MAGNA CARTA OF FILIPINO SEAFARERS,AN ACT INSTITUTING THE MAGNA CARTA OF FILIPINO SEAFARERS,"REVILLA JR., RAMON BONG","July 8, 2019",NATIONAL,MAGNA CARTA OF FILIPINO SEAFARERS SEAFARERS,"LABOR, EMPLOYMENT AND HUMAN RESOURCES DEVELOPMENT",CONSOLIDATED/SUBSTITUTED IN THE COMMITTEE REPORT
Senate Bill No. 1033,18th Congress (July 2019 - 2022),https://ldr.senate.gov.ph/bills/senate-bill-no-1033-18th-congress-republic,REGULATION OF WASTE TREATMENT TECHNOLOGY ACT,"AN ACT REGULATING THE USE OF TREATMENT TECHNOLOGY FOR MUNICIPAL AND HAZARDOUS WASTES, REPEALING FOR THE PURPOSE SECTION 20 OF REPUBLIC ACT NO. 8749, OTHERWISE KNOWN AS 'THE PHILIPPINE CLEAN AIR ACT OF 1999","LAPID, MANUEL ""LITO"" M.","September 11, 2019",NATIONAL,PHILIPPINE CLEAN AIR ACT (R.A.NO. 8749) HAZARDOUS/TOXIC/RADIOACTIVE WASTES MANAGEMENT WASTE TREATMENT TECHNOLOGY,"ENVIRONMENT, NATURAL RESOURCES AND CLIMATE CHANGE",PENDING IN THE COMMITTEE
Senate Bill No. 1097,18th Congress (July 2019 - 2022),https://ldr.senate.gov.ph/bills/senate-bill-no-1097-18th-congress-republic,RIGHTS OF NATURE ACT OF 2019,"AN ACT RECOGNIZING THE RIGHTS OF NATURAL ECOSYSTEMS, POPULATIONS, AND PROCESSES AND PROVIDING MECHANISMS FOR THE PROTECTION AND ENFORCEMENT THEREOF","HONTIVEROS, RISA","October 2, 2019",NATIONAL,RIGHTS OF NATURE,"ENVIRONMENT, NATURAL RESOURCES AND CLIMATE CHANGE",PENDING IN THE COMMITTEE
Senate Bill No. 877,18th Congress (July 2019 - 2022),https://ldr.senate.gov.ph/bills/senate-bill-no-877-18th-congress-republic,STANDARDIZING THE SALARIES AND BENEFITS OF BARANGAY OFFICIALS,"AN ACT STANDARDIZING THE SALARIES AND BENEFITS OF BARANGAY OFFICIALS, AMENDING SECTION 393(N) OF REPUBLIC ACT NO. 7160, OTHERWISE KNOWN AS THE LOCAL GOVERNMENT CODE OF 1991","LAPID, MANUEL ""LITO"" M.","August 7, 2019",NATIONAL,BARANGAY OFFICIALS,LOCAL GOVERNMENT,PENDING IN THE COMMITTEE
Senate Bill No. 957,18th Congress (July 2019 - 2022),https://ldr.senate.gov.ph/bills/senate-bill-no-957-18th-congress-republic,TEACHING SUPPLIES ALLOWANCE ACT OF 2019,AN ACT PROVIDING FOR A TEACHING SUPPLIES ALLOWANCE FOR PUBLIC SCHOOL TEACHERS AND APPROPRIATING FUNDS THEREFOR,"ANGARA, SONNY","August 27, 2019",NATIONAL,TEACHING SUPPLIES ALLOWANCE PUBLIC SCHOOL TEACHERS,"CIVIL SERVICE, GOVERNMENT REORGANIZATION AND PROFESSIONAL REGULATION",CONSOLIDATED/SUBSTITUTED IN THE COMMITTEE REPORT
Senate Bill No. 577,18th Congress (July 2019 - 2022),https://ldr.senate.gov.ph/bills/senate-bill-no-577-18th-congress-republic,SUSTAINABLE COASTAL TOURISM ACT OF 2019,"AN ACT INSTITUTIONALIZING SUSTAINABLE COASTAL TOURISM, PROVIDING MECHANISMS FOR ITS INSTITUTIONALIZATION, APPROPRIATING FUNDS THEREFOR, AND FOR OTHER PURPOSES","POE, GRACE","July 17, 2019",NATIONAL,SUSTAINABLE COASTAL TOURISM COASTAL ENVIRONMENT PROGRAM/COASTAL RESOURCES PROTECTION,TOURISM,PENDING IN THE COMMITTEE
Senate Bill No. 541,18th Congress (July 2019 - 2022),https://ldr.senate.gov.ph/bills/senate-bill-no-541-18th-congress-republic,E-CIGARETTE REGULATION ACT OF 2019,AN ACT REGULATING ELECTRONIC CIGARETTES,"ZUBIRI, JUAN MIGUEL ""MIGZ"" F.","July 16, 2019",NATIONAL,E-CIGARETTES VAPORIZED NICOTINE PRODUCTS/VAPE CIGARS/CIGARETTES,"TRADE, COMMERCE AND ENTREPRENEURSHIP",CONSOLIDATED/SUBSTITUTED IN THE COMMITTEE REPORT
Senate Bill No. 1155,18th Congress (July 2019 - 2022),https://ldr.senate.gov.ph/bills/senate-bill-no-1155-18th-congress-republic,"FIXING THE VALIDITY PERIOD OF THE LICENSE TO OWN, PERMIT TO CARRY AND REGISTRATION OF FIREARMS","AN ACT FIXING THE VALIDITY PERIOD OF LICENSE TO OWN AND POSSESS, PERMIT TO CARRY OUTSIDE OF RESIDENCE OR PLACE OF BUSINESS AND REGISTRATION OF FIREARMS, AMENDING FOR THE PURPOSE SECTIONS 7 AND 19 OF REPUBLIC ACT NO. 10591, OTHERWISE KNOWN AS THE 'COMPREHENSIVE FIREARMS AND AMMUNITION REGULATION ACT'",Ralph G. Recto,"November 6, 2019",NATIONAL,FIREARMS COMPREHENSIVE FIREARMS AND AMMUNITION REGULATION ACT (R.A.10591),PUBLIC ORDER AND DANGEROUS DRUGS,PENDING IN THE HOUSE OF REPRESENTATIVES
Senate Bill No. 289,18th Congress (July 2019 - 2022),https://ldr.senate.gov.ph/bills/senate-bill-no-289-18th-congress-republic,DEPARTMENT OF DISASTER RESILIENCE ACT,"AN ACT CREATING THE DEPARTMENT OF DISASTER RESILIENCE (DDR), APPROPRIATING FUNDS THEREFOR, AND FOR OTHER PURPOSES","CAYETANO, PIA S.","July 8, 2019",NATIONAL,DEPARTMENT OF DISASTER RESILIENCE DISASTER RISK REDUCTION AND MANAGEMENT,"NATIONAL DEFENSE AND SECURITY, PEACE, UNIFICATION AND RECONCILIATION",PENDING IN THE COMMITTEE
Senate Bill No. 395,18th Congress (July 2019 - 2022),https://ldr.senate.gov.ph/bills/senate-bill-no-395-18th-congress-republic,ADVANCED NURSING EDUCATION ACT OF 2019,"AN ACT AMENDING CERTAIN SECTIONS OF REPUBLIC ACT 9173 OTHERWISE KNOWN AS THE PHILIPPINE NURSING ACT OF 2002, PROVIDING FOR AN ADVANCED NURSING EDUCATION PROGRAM","GO, CHRISTOPHER LAWRENCE T.","July 11, 2019",NATIONAL,ADVANCED NURSING EDUCATION PROGRAM PHILIPPINE NURSING ACT NURSES/NURSING,"CIVIL SERVICE, GOVERNMENT REORGANIZATION AND PROFESSIONAL REGULATION",PENDING IN THE COMMITTEE
Senate Bill No. 1218,18th Congress (July 2019 - 2022),https://ldr.senate.gov.ph/bills/senate-bill-no-1218-18th-congress-republic,LABOR EDUCATION ACT,AN ACT INTEGRATING LABOR EDUCATION IN THE HIGHER EDUCATION CURRICULUM,"VILLANUEVA, JOEL","December 9, 2019",NATIONAL,LABOR EDUCATION HIGHER EDUCATION INSTITUTIONS CURRICULUM/CURRICULA,"HIGHER, TECHNICAL AND VOCATIONAL EDUCATION",CONSOLIDATED/SUBSTITUTED IN THE COMMITTEE REPORT
Senate Bill No. 755,18th Congress (July 2019 - 2022),https://ldr.senate.gov.ph/bills/senate-bill-no-755-18th-congress-republic,MILITARY AND UNIFORMED PERSONNEL INSURANCE FUND ACT,"AN ACT STRENGTHENING THE MILITARY AND UNIFORMED PERSONNEL PENSION SYSTEM, CREATING THE MILITARY AND UNIFORMED PERSONNEL INSURANCE FUND, AMENDING SECTIONS 3 AND 24 OF REPUBLIC ACT NUMBER 8291, AND FOR OTHER PURPOSES",Ralph G. Recto,"July 24, 2019",NATIONAL,MILITARY AND UNIFORMED PERSONNEL INSURANCE PENSION,"NATIONAL DEFENSE AND SECURITY, PEACE, UNIFICATION AND RECONCILIATION",PENDING IN THE COMMITTEE
Senate Bill No. 332,18th Congress (July 2019 - 2022),https://ldr.senate.gov.ph/bills/senate-bill-no-332-18th-congress-republic,SUSTAINABLE TRANSPORTATION ACT OF 2019,"AN ACT PROMOTING SUSTAINABLE AND ALTERNATIVE MODES OF TRANSPORTATION AND OTHER MOBILITY OPTIONS TO IMPROVE AIR QUALITY, INCREASE EFFICIENCY, REDUCE CONGESTION, AND CONTRIBUTE TO POSITIVE HEALTH IMPACTS IN OUR SOCIETY","ANGARA, SONNY","July 10, 2019",NATIONAL,SUSTAINABLE TRANSPORTATION TRANSPORTATION/TRANSPORT SECTOR,"SUSTAINABLE DEVELOPMENT GOALS, INNOVATION AND FUTURES THINKING",PENDING IN THE COMMITTEE
Senate Bill No. 427,18th Congress (July 2019 - 2022),https://ldr.senate.gov.ph/bills/senate-bill-no-427-18th-congress-republic,BODY CAMERA ACT,"AN ACT MANDATING LAW ENFORCEMENT PERSONNEL TO WEAR A BODY CAMERA DURING LAW ENFORCEMENT AND SPECIAL POLICE OPERATIONS, PROVIDING GUIDELINES FOR THE USE OF BODY CAMERA AND VIDEO FOOTAGE RETENTION, AND PENALIZING NON-COMPLIANCE WITH RECORDING AND RETENTION REQUIREMENTS","PANGILINAN, FRANCIS ""KIKO"" N.","July 15, 2019",NATIONAL,BODY AND DASHBOARD CAMERAS LAW ENFORCEMENT OFFICERS/LAW ENFORCEMENT AGENCY/LAW ENFORCEMENT OPERATIONS,PUBLIC ORDER AND DANGEROUS DRUGS,PENDING IN THE COMMITTEE
Senate Bill No. 813,18th Congress (July 2019 - 2022),https://ldr.senate.gov.ph/bills/senate-bill-no-813-18th-congress-republic,RIGHTS OF INTERNALLY DISPLACED PERSONS ACT,AN ACT PROTECTING THE RIGHTS OF INTERNALLY DISPLACED PERSONS AND PENALIZING THE ACTS OF ARBITRARY INTERNAL DISPLACEMENT,"HONTIVEROS, RISA","July 29, 2019",NATIONAL,INTERNALLY DISPLACED PERSONS,JUSTICE AND HUMAN RIGHTS,PENDING IN THE COMMITTEE
Senate Bill No. 636,18th Congress (July 2019 - 2022),https://ldr.senate.gov.ph/bills/senate-bill-no-636-18th-congress-republic,COMPULSORY VOTER EDUCATION ACT OF 2019,AN ACT INTEGRATING VOTER EDUCATION IN THE JUNIOR AND SENIOR HIGH SCHOOL CURRICULA,"PANGILINAN, FRANCIS ""KIKO"" N.","July 22, 2019",NATIONAL,VOTERS EDUCATION CURRICULUM/CURRICULA Secondary Education,"BASIC EDUCATION, ARTS AND CULTURE",PENDING IN THE COMMITTEE
Senate Bill No. 681,18th Congress (July 2019 - 2022),https://ldr.senate.gov.ph/bills/senate-bill-no-681-18th-congress-republic,ANTI-FALSE BOMB THREAT ACT,"AN ACT PROHIBITING THE DISSEMINATION OF FALSE INFORMATION ON BOMB THREATS, EXPLOSIVES, OR ANY OTHER LIFE-THREATENING OR DESTRUCTIVE MATERIALS AND PROVIDING PENALTIES THEREFOR","REVILLA JR., RAMON BONG","July 22, 2019",NATIONAL,"BOMBS, EXPLOSIVES AND OTHER INCENDIARY DEVICES",PUBLIC ORDER AND DANGEROUS DRUGS,PENDING IN THE COMMITTEE
Senate Bill No. 142,18th Congress (July 2019 - 2022),https://ldr.senate.gov.ph/bills/senate-bill-no-142-18th-congress-republic,LOCAL COLLEGES AND UNIVERSITIES GOVERNANCE ACT OF 2019,"AN ACT PROVIDING GUIDELINES FOR THE ESTABLISHMENT AND OPERATION OF LOCAL COLLEGES AND UNIVERSITIES, AND FOR OTHER PURPOSES","VILLAR, CYNTHIA A.","July 2, 2019",NATIONAL,LOCAL COLLEGES AND UNIVERSITIES (LCUS),"HIGHER, TECHNICAL AND VOCATIONAL EDUCATION",PENDING IN THE COMMITTEE
Senate Bill No. 38,18th Congress (July 2019 - 2022),https://ldr.senate.gov.ph/bills/senate-bill-no-38-18th-congress-republic,NATIONAL LAND USE ACT OF 2019,"AN ACT INSTITUTING A NATIONAL LAND USE POLICY, PROVIDING THE IMPLEMENTING MECHANISMS THEREFOR, AND FOR OTHER PURPOSES","PANGILINAN, FRANCIS ""KIKO"" N.","July 1, 2019",NATIONAL,LAND USE NATIONAL LAND USE ACT,"ENVIRONMENT, NATURAL RESOURCES AND CLIMATE CHANGE",PENDING IN THE COMMITTEE
Senate Bill No. 218,18th Congress (July 2019 - 2022),https://ldr.senate.gov.ph/bills/senate-bill-no-218-18th-congress-republic,RATIONALIZING VALUE-ADDED TAXATION TO ADDRESS INTER-GENERATIONAL POVERTY,"AN ACT RATIONALIZING VALUE-ADDED TAXATION TO ADDRESS INTER-GENERATIONAL POVERTY, AMENDING FOR THE PURPOSE SECTION 109 OF THE NATIONAL INTERNAL REVENUE CODE, AS AMENDED, AND FOR OTHER PURPOSES","MARCOS, IMEE R.","July 3, 2019",NATIONAL,TAXES (VALUE-ADDED TAX / VAT) NATIONAL INTERNAL REVENUE CODE (NIRC) MEDICINES/DRUGS TAX EXEMPTION POVERTY ALLEVIATION,WAYS AND MEANS,PENDING IN THE COMMITTEE
Senate Bill No. 102,18th Congress (July 2019 - 2022),https://ldr.senate.gov.ph/bills/senate-bill-no-102-18th-congress-republic,BARANGAY HEALTH WORKERS ACT OF 2019,"AN ACT MANDATING THE APPOINTMENT OF BARANGAY HEALTH WORKERS IN EVERY BARANGAY, AMENDING FOR THE PURPOSE REPUBLIC ACT NO. 7160 OTHERWISE KNOWN AS THE LOCAL GOVERNMENT CODE, FURTHER EXPANDING THE BENEFITS OF BARANGAY OFFICIALS AND FOR OTHER PURPOSES","ZUBIRI, JUAN MIGUEL ""MIGZ"" F.","July 1, 2019",NATIONAL,BARANGAY HEALTH WORKER LOCAL GOVERNMENT CODE (R.A. NO. 7160),HEALTH AND DEMOGRAPHY,PENDING IN THE COMMITTEE
Senate Bill No. 1001,18th Congress (July 2019 - 2022),https://ldr.senate.gov.ph/bills/senate-bill-no-1001-18th-congress-republic,TEACHER PROTECTION ACT OF 2019,AN ACT INSTITUTIONALIZING SUPPORT MECHANISMS FOR PUBLIC SCHOOL TEACHERS AND SCHOOL PERSONNEL IN MATTERS OF STUDENT DISCIPLINE AND MECHANISMS FOR CLASSROOM MANAGEMENT AND PROVIDING FOR THE PROTECTION IN CASE RELATED THERETO,"BINAY, MARIA LOURDES NANCY S.","September 2, 2019",NATIONAL,PUBLIC SCHOOL TEACHERS FREE LEGAL AID,"BASIC EDUCATION, ARTS AND CULTURE",PENDING IN THE COMMITTEE
Senate Bill No. 1065,18th Congress (July 2019 - 2022),https://ldr.senate.gov.ph/bills/senate-bill-no-1065-18th-congress-republic,"LOCAL BUILD, BUILD, BUILD PROGRAM ACT","AN ACT ACCELERATING PUBLIC SECTOR INVESTMENTS IN LOCAL INFRASTRUCTURE, ESTABLISHING FOR THE PURPOSE THE LOCAL BUILD, BUILD, BUILD PROGRAM, PROVIDING FUNDS THEREFOR, AND FOR OTHER PURPOSES",Ralph G. Recto,"September 23, 2019",NATIONAL,"BUILD, BUILD, BUILD PROGRAM INVESTMENTS INFRASTRUCTURES",LOCAL GOVERNMENT,PENDING IN THE COMMITTEE
Senate Bill No. 925,18th Congress (July 2019 - 2022),https://ldr.senate.gov.ph/bills/senate-bill-no-925-18th-congress-republic,YOUTH PATRIOTISM AND BAYANIHAN ACT,"AN ACT INSTILLING AND STRENGTHENING THE SENSE OF PATRIOTISM AND NATIONALISM AMONG THE YOUTH THROUGH THE INSTITUTIONALIZATION, DEVELOPMENT, AND ADMINISTRATION OF FUNDAMENTAL AND SPECIALIZED PROGRAMS IN THE BASIC EDUCATION CURRICULUM IN ALL PUBLIC AND PRIVATE EDUCATIONAL INSTITUTIONS","CAYETANO, PIA S.","August 19, 2019",NATIONAL,youth development BASIC EDUCATION/BASIC EDUCATION INSTITUTIONS,"BASIC EDUCATION, ARTS AND CULTURE",PENDING IN THE COMMITTEE
Senate Bill No. 509,18th Congress (July 2019 - 2022),https://ldr.senate.gov.ph/bills/senate-bill-no-509-18th-congress-republic,ATHLETES' RIGHT TO REPRESENT THE PHILIPPINES ACT,AN ACT PROTECTING THE RIGHT OF ATHLETES TO REPRESENT THE PHILIPPINES AS PART OF THE NATIONAL TEAM AND PROVIDING PENALTIES FOR VIOLATIONS THEREOF,"CAYETANO, PIA S.","July 16, 2019",NATIONAL,ATHLETES,SPORTS,PENDING IN THE COMMITTEE
Senate Bill No. 1012,18th Congress (July 2019 - 2022),https://ldr.senate.gov.ph/bills/senate-bill-no-1012-18th-congress-republic,LGU TRANSPORTATION ACT OF 2019,"AN ACT AMENDING REPUBLIC ACT NO. 7160, OTHERWISE KNOWN AS THE LOCAL GOVERNMENT CODE OF 1991, BY EXPANDING THE SCOPE OF LOCAL GOVERNMENT UNITS' POWERS OVER LOCAL PUBLIC TRANSPORTATION SYSTEMS AND FOR OTHER PURPOSES","TOLENTINO, FRANCIS ""TOL"" N.","September 4, 2019",NATIONAL,TRANSPORTATION/TRANSPORT SECTOR LOCAL GOVERNMENT UNITS (LGUs) LOCAL GOVERNMENT CODE (R.A. NO. 7160),LOCAL GOVERNMENT,CONSOLIDATED/SUBSTITUTED IN THE COMMITTEE REPORT
Senate Bill No. 1076,18th Congress (July 2019 - 2022),https://ldr.senate.gov.ph/bills/senate-bill-no-1076-18th-congress-republic,MALASAKIT CENTERS ACT,AN ACT ESTABLISHING MALASAKIT CENTERS IN ALL DEPARTMENT OF HEALTH (DOH) HOSPITALS IN THE COUNTRY AND PROVIDING FUNDS THEREFOR,"GO, CHRISTOPHER LAWRENCE T.","September 26, 2019",NATIONAL,MALASAKIT CENTERS DEPARTMENT OF HEALTH (DOH) UNIVERSAL HEALTH CARE,HEALTH AND DEMOGRAPHY,APPROVED BY THE PRESIDENT OF THE PHILIPPINES
Senate Bill No. 865,18th Congress (July 2019 - 2022),https://ldr.senate.gov.ph/bills/senate-bill-no-865-18th-congress-republic,PANTAWID PAMBANGKA ACT,"AN ACT PROVIDING A FUEL SUBSIDY FOR MUNICIPAL FISHERFOLK, APPROPRIATING FUNDS THEREFOR, AND FOR OTHER PURPOSES","POE, GRACE","August 5, 2019",NATIONAL,Fuel subsidy FISHERFOLK,"AGRICULTURE, FOOD AND AGRARIAN REFORM",PENDING IN THE COMMITTEE
Senate Bill No. 936,18th Congress (July 2019 - 2022),https://ldr.senate.gov.ph/bills/senate-bill-no-936-18th-congress-republic,PHILIPPINE GERIATRIC CENTER ACT,"AN ACT ESTABLISHING THE PHILIPPINE GERIATRIC CENTER-RESEARCH AND TRAINING INSTITUTE, DEFINING ITS OBJECTIVES, POWERS AND FUNCTIONS, APPROPRIATING FUNDS THEREOF, AND FOR OTHER PURPOSES","POE, GRACE","August 20, 2019",NATIONAL,GERIATRIC HEALTH CENTER,HEALTH AND DEMOGRAPHY,PENDING IN THE COMMITTEE
Senate Bill No. 556,18th Congress (July 2019 - 2022),https://ldr.senate.gov.ph/bills/senate-bill-no-556-18th-congress-republic,PHILIPPINE INSTITUTE OF TRADITIONAL AND COMPLEMENTARY HEALTH CARE (PITCHC) ACT OF 2019,"AN ACT EMPOWERING THE PHILIPPINE INSTITUTE OF TRADITIONAL AND COMPLEMENTARY HEALTH CARE BY VESTING UPON IT REGULATORY POWERS, PROVIDING IT WITH AUGMENTED HUMAN RESOURCES AND UPGRADED EQUIPMENT, ESTABLISHING TESTING LABORATORIES AND FIELD OFFICES, AMENDING CERTAIN SECTIONS OF REPUBLIC ACT NO. 8423 AND APPROPRIATING FUNDS THEREFOR","PACQUIAO, EMMANUEL ""MANNY"" D.","July 16, 2019",NATIONAL,PHILIPPINE INSTITUTE OF TRADITIONAL AND COMPLEMENTARY HEALTH CARE,HEALTH AND DEMOGRAPHY,PENDING IN THE COMMITTEE
Senate Bill No. 520,18th Congress (July 2019 - 2022),https://ldr.senate.gov.ph/bills/senate-bill-no-520-18th-congress-republic,ANTI-PYRAMIDING ACT OF 2019,AN ACT PROHIBITING THE USE OF PYRAMID SCHEMES OR CHAIN DISTRIBUTION PLANS IN DOING BUSINESS AND PROVIDING PENALTIES THEREFOR AND FOR OTHER PURPOSES,"ZUBIRI, JUAN MIGUEL ""MIGZ"" F.","July 16, 2019",NATIONAL,PYRAMID PROMOTIONAL SCHEMES,"TRADE, COMMERCE AND ENTREPRENEURSHIP",PENDING IN THE COMMITTEE
Senate Bill No. 348,18th Congress (July 2019 - 2022),https://ldr.senate.gov.ph/bills/senate-bill-no-348-18th-congress-republic,MENU LABELING ACT,AN ACT REQUIRING THE DISPLAY OF CALORIE AND OTHER NUTRITIONAL INFORMATION IN MENUS OF FOOD SERVICE ESTABLISHMENTS AND FOR OTHER PURPOSES,"VILLANUEVA, JOEL","July 11, 2019",NATIONAL,FOOD ESTABLISHMENTS NUTRITIONAL INFORMATION DISCLOSURE FOOD LABELING/PACKAGING,HEALTH AND DEMOGRAPHY,PENDING IN THE COMMITTEE
Senate Bill No. 477,18th Congress (July 2019 - 2022),https://ldr.senate.gov.ph/bills/senate-bill-no-477-18th-congress-republic,CONTINGENT LIABILITIES DISCLOSURE ACT,"AN ACT MANDATING THE ANNUAL PUBLIC DISCLOSURE OF ALL CONTINGENT LIABILITIES INCURRED BY ALL NATIONAL GOVERNMENT AGENCIES, LOCAL GOVERNMENT UNITS, GOVERNMENT-OWNED OR -CONTROLLED CORPORATIONS, GOVERNMENT FINANCIAL INSTITUTIONS, AND OTHER GOVERNMENT INSTRUMENTALITIES",Ralph G. Recto,"July 15, 2019",NATIONAL,CONTINGENT LIABILITIES DISCLOSURE GOVERNMENT AGENCIES GOVERNMENT-OWNED AND-CONTROLLED CORPORATIONS (GOCC) GOVERNMENT FINANCIAL INSTITUTIONS,ECONOMIC AFFAIRS,CONSOLIDATED/SUBSTITUTED IN THE COMMITTEE REPORT
Senate Bill No. 1154,18th Congress (July 2019 - 2022),https://ldr.senate.gov.ph/bills/senate-bill-no-1154-18th-congress-republic,NATIONAL BUILDING CODE INTEGRATION,"AN ACT MANDATING THE INTEGRATION OF THE NATIONAL BUILDING CODE OF THE PHILIPPINES UNDER REPUBLIC ACT NO. 6541, ENTITLED 'AN ACT TO ORDAIN AND INSTITUTE A NATIONAL BUILDING CODE OF THE PHILIPPINES', AS A MAJOR SUBJECT IN THE CURRICULUM OF THE BACHELOR OF SCIENCE DEGREE PROGRAMS IN CIVIL ENGINEERING, MECHANICAL ENGINEERING, ELECTRICAL ENGINEERING, SANITARY ENGINEERING, ELECTRONICS ENGINEERING AND ARCHITECTURE, AND ITS INCLUSION AS A TOPIC IN THE LICENSURE EXAMINATIONS FOR THESE PROFESSIONS","LAPID, MANUEL ""LITO"" M.","November 6, 2019",NATIONAL,NATIONAL BUILDING CODE OF THE PHILIPPINES CURRICULUM/CURRICULA ARCHITECTURE,"HIGHER, TECHNICAL AND VOCATIONAL EDUCATION",PENDING IN THE COMMITTEE
Senate Bill No. 1217,18th Congress (July 2019 - 2022),https://ldr.senate.gov.ph/bills/senate-bill-no-1217-18th-congress-republic,ANTI-OFFICE BULLYING ACT OF 2019,AN ACT REQUIRING ALL GOVERNMENT AND NON-GOVERNMENT OFFICES AND ESTABLISHMENTS TO ADOPT POLICIES TO PREVENT AND ADDRESS THE ACTS OF BULLYING AND OTHER SIMILAR ACTS IN THEIR WORKPLACE,"REVILLA JR., RAMON BONG","December 9, 2019",NATIONAL,ANTI-BULLYING GOVERNMENT AGENCIES private sector,"CIVIL SERVICE, GOVERNMENT REORGANIZATION AND PROFESSIONAL REGULATION",PENDING IN THE COMMITTEE
Senate Bill No. 594,18th Congress (July 2019 - 2022),https://ldr.senate.gov.ph/bills/senate-bill-no-594-18th-congress-republic,ICT IN EDUCATION ACT OF 2019,AN ACT STRENGTHENING THE UTILIZATION OF INFORMATION AND COMMUNICATION TECHNOLOGY (ICT) IN ALL PUBLIC ELEMENTARY SCHOOLS AND HIGH SCHOOLS PROVIDINIG FUNDS THEREFOR AND FOR OTHER PURPOSES,Ralph G. Recto,"July 17, 2019",NATIONAL,INFORMATION AND COMMUNICATIONS TECHNOLOGY (ICT),SCIENCE AND TECHNOLOGY,PENDING IN THE COMMITTEE
Senate Bill No. 890,18th Congress (July 2019 - 2022),https://ldr.senate.gov.ph/bills/senate-bill-no-890-18th-congress-republic,ALL GOVERNMENT AGENCIES/GOCCS TO DIVULGE THE IDENTITY OF HIRED FOREIGN CONSULTANTS,"AN ACT REQUIRING ALL BRANCHES, SUBDIVISIONS, INSTRUMENTALITIES, AND AGENCIES OF THE GOVERNMENT, INCLUDING GOVERNMENT-OWNED OR CONTROLLED CORPORATIONS OR THEIR SUBSIDIARIES TO DIVULGE THE IDENTITY OF HIRED FOREIGN CONSULTANTS, THE NATURE OF THEIR WORK AND THEIR COMPENSATION, PERKS, AND OTHER PRIVILEGES, AND PROVIDING PENALTIES IN CASE OF VIOLATION THEREOF","REVILLA JR., RAMON BONG","August 13, 2019",NATIONAL,FOREIGN CONSULTANTS/FOREIGN NATIONALS GOVERNMENT AGENCIES GOVERNMENT-OWNED AND-CONTROLLED CORPORATIONS (GOCC),"CIVIL SERVICE, GOVERNMENT REORGANIZATION AND PROFESSIONAL REGULATION",PENDING IN THE COMMITTEE
Senate Bill No. 609,18th Congress (July 2019 - 2022),https://ldr.senate.gov.ph/bills/senate-bill-no-609-18th-congress-republic,PEOPLE'S PARTICIPATION IN INDUSTRY CLUSTER-BASED PROGRAMS AND PROJECTS ACT,AN ACT INSTITUTIONALIZING INDUSTRY CLUSTER-BASED PROGRAMS AND PROJECTS THROUGH INTER-LOCAL COOPERATION AND PEOPLE'S PARTICIPATION AND FOR OTHER PURPOSES,"VILLANUEVA, JOEL","July 18, 2019",NATIONAL,INDUSTRY CLUSTER-BASED PROGRAMS/PROJECTS,"TRADE, COMMERCE AND ENTREPRENEURSHIP",PENDING IN THE COMMITTEE
Senate Bill No. 958,18th Congress (July 2019 - 2022),https://ldr.senate.gov.ph/bills/senate-bill-no-958-18th-congress-republic,LOWERING THE OPTIONAL RETIREMENT AGE OF PUBLIC SCHOOL TEACHERS,"AN ACT LOWERING THE OPTIONAL RETIREMENT AGE OF PUBLIC SCHOOL TEACHERS FROM SIXTY (60) YEARS OLD TO FIFTY-FIVE (55) YEARS OLD, AMENDING FOR THE PURPOSE SECTION 13-A OF REPUBLIC ACT NO. 8291, OTHERWISE KNOWN AS THE 'GOVERNMENT SERVICE INSURANCE SYSTEM ACT OF 1997'","ANGARA, SONNY","August 27, 2019",NATIONAL,RETIREMENT AGE PUBLIC SCHOOL TEACHERS GOVERNMENT SERVICE INSURANCE SYSTEM (GSIS),"CIVIL SERVICE, GOVERNMENT REORGANIZATION AND PROFESSIONAL REGULATION",PENDING IN THE COMMITTEE
Senate Bill No. 762,18th Congress (July 2019 - 2022),https://ldr.senate.gov.ph/bills/senate-bill-no-762-18th-congress-republic,INCREASING THE AGE FOR DETERMINING STATUTORY RAPE,"AN ACT INCREASING THE AGE FOR DETERMINING STATUTORY RAPE TO PROVIDE STRONGER PROTECTION FOR CHILDREN, AND AMENDING FOR THIS PURPOSE ACT NO. 3815, AS AMENDED, ALSO KNOWN AS THE REVISED PENAL CODE","BINAY, MARIA LOURDES NANCY S.","July 24, 2019",NATIONAL,STATUTORY RAPE AGE OF CRIMINAL RESPONSIBILITY REVISED PENAL CODE (R.A. NO. 3815),JUSTICE AND HUMAN RIGHTS,CONSOLIDATED/SUBSTITUTED IN THE COMMITTEE REPORT
Senate Bill No. 819,18th Congress (July 2019 - 2022),https://ldr.senate.gov.ph/bills/senate-bill-no-819-18th-congress-republic,USE OF NATIONAL WEALTH FOR LOCAL DEVELOPMENT,"AN ACT TO ENHANCE THE USE OF NATIONAL WEALTH FOR LOCAL DEVELOPMENT BY AMENDING CERTAIN PROVISIONS IN BOOK II OF REPUBLIC ACT NO. 7160, OTHERWISE KNOWN AS THE 'LOCAL GOVERNMENT CODE OF 1991'","ANGARA, SONNY","July 30, 2019",NATIONAL,NATIONAL WEALTH LOCAL GOVERNMENT CODE (R.A. NO. 7160),LOCAL GOVERNMENT,PENDING IN THE COMMITTEE
Senate Bill No. 1020,18th Congress (July 2019 - 2022),https://ldr.senate.gov.ph/bills/senate-bill-no-1020-18th-congress-republic,HUMAN RESOURCE MANAGEMENT OFFICE IN THE LOCAL GOVERNMENT UNITS,"AN ACT CREATING HUMAN RESOURCE MANAGEMENT OFFICE IN THE LOCAL GOVERNMENT UNITS, AND DEFINING ITS FUNCTIONS","REVILLA JR., RAMON BONG","September 9, 2019",NATIONAL,HUMAN RESOURCE MANAGEMENT OFFICE LOCAL GOVERNMENT UNITS (LGUs),LOCAL GOVERNMENT,PENDING IN THE COMMITTEE
Senate Bill No. 27,18th Congress (July 2019 - 2022),https://ldr.senate.gov.ph/bills/senate-bill-no-27-18th-congress-republic,DEATH PENALTY ACT OF 2019,AN ACT RE-INSTITUTING THE DEATH PENALTY IN THE PHILIPPINES,"LACSON, PANFILO M.","July 1, 2019",NATIONAL,Death penalty HEINOUS CRIMES,JUSTICE AND HUMAN RIGHTS,WITHDRAWN
Senate Bill No. 1084,18th Congress (July 2019 - 2022),https://ldr.senate.gov.ph/bills/senate-bill-no-1084-18th-congress-republic,TAX REGIME OF ONE PERSON CORPORATIONS,"AN ACT ESTABLISHING THE TAX REGIME OF ONE PERSON CORPORATIONS, AMENDING FOR THIS PURPOSE SECTION 22(B) OF THE NATIONAL INTERNAL REVENUE CODE OF 1997, AS AMENDED",Ralph G. Recto,"October 1, 2019",NATIONAL,ONE PERSON CORPORATION (OPC) NATIONAL INTERNAL REVENUE CODE (NIRC),WAYS AND MEANS,PENDING IN THE COMMITTEE
Senate Bill No. 154,18th Congress (July 2019 - 2022),https://ldr.senate.gov.ph/bills/senate-bill-no-154-18th-congress-republic,SKILLS CERTIFICATE EQUIVALENCY PROGRAM ACT,AN ACT INSTITUTIONALIZING AND ENHANCING THE SKILLS CERTIFICATE EQUIVALENCY PROGRAM (SCEP) OF THE CIVIL SERVICE COMMISSION (CSC) AND THE TECHNICAL EDUCATION AND SKILLS DEVELOPMENT AUTHORITY (TESDA) AND FOR OTHER PURPOSES,"VILLANUEVA, JOEL","July 2, 2019",NATIONAL,SKILLS CERTIFICATE EQUIVALENCY PROGRAM CIVIL SERVICE COMMISSION (CSC) TECHNICAL EDUCATION AND SKILLS DEVELOPMENT AUTHORITY (TESDA),"CIVIL SERVICE, GOVERNMENT REORGANIZATION AND PROFESSIONAL REGULATION",PENDING IN THE COMMITTEE
Senate Bill No. 92,18th Congress (July 2019 - 2022),https://ldr.senate.gov.ph/bills/senate-bill-no-92-18th-congress-republic,DEPARTMENT OF OVERSEAS FILIPINO WORKERS ACT,"AN ACT CREATING THE DEPARTMENT OF OVERSEAS FILIPINO WORKERS, DEFINING ITS POWERS AND FUNCTIONS, APPROPRIATING FUNDS THEREFOR, AND FOR OTHER PURPOSES","PIMENTEL, AQUILINO ""KOKO"" III","July 1, 2019",NATIONAL,DEPARTMENT OF OVERSEAS FILIPINO WORKERS (DOFW) OVERSEAS FILIPINO WORKERS (OFWS)/ MIGRANT WORKERS,"LABOR, EMPLOYMENT AND HUMAN RESOURCES DEVELOPMENT",CONSOLIDATED/SUBSTITUTED IN THE COMMITTEE REPORT
Senate Bill No. 239,18th Congress (July 2019 - 2022),https://ldr.senate.gov.ph/bills/senate-bill-no-239-18th-congress-republic,PUBLIC SAFETY ACT,"AN ACT ENHANCING PUBLIC SAFETY AT THE LOCAL LEVEL BY ESTABLISHING AND MAINTAINING A DEPARTMENT OF PUBLIC SAFETY IN EVERY PROVINCE, CITY AND MUNICIPALITY","SOTTO III, VICENTE C.","July 8, 2019",NATIONAL,PUBLIC SAFETY DEPARTMENT OF PUBLIC SAFETY,LOCAL GOVERNMENT,PENDING IN THE COMMITTEE
Senate Bill No. 703,18th Congress (July 2019 - 2022),https://ldr.senate.gov.ph/bills/senate-bill-no-703-18th-congress-republic,CAMPUS SAFETY AND SECURITY ACT,"AN ACT MANDATING HIGHER EDUCATION INSTITUTIONS AND TECHNICAL VOCATIONAL INSTITUTIONS TO ENSURE THE SAFETY AND SECURITY OF THE ACADEMIC COMMUNITY FROM INTERNAL AND EXTERNAL THREATS, THEREBY CREATING A SAFETY AND SECURITY COMMITTEE FOR THIS PURPOSE","ANGARA, SONNY","July 23, 2019",NATIONAL,CAMPUS SAFETY,"HIGHER, TECHNICAL AND VOCATIONAL EDUCATION",PENDING IN THE COMMITTEE
Senate Bill No. 732,18th Congress (July 2019 - 2022),https://ldr.senate.gov.ph/bills/senate-bill-no-732-18th-congress-republic,PHILIPPINE HIGH SCHOOL FOR SPORTS ACT,AN ACT ESTABLISHING A PHILIPPINE HIGH SCHOOL FOR SPORTS AND APPROPRIATING FUNDS THEREFOR,"GATCHALIAN, WIN","July 24, 2019",NATIONAL,PHILIPPINE HIGH SCHOOL FOR SPORTS (PHSS),"BASIC EDUCATION, ARTS AND CULTURE",CONSOLIDATED/SUBSTITUTED IN THE COMMITTEE REPORT
Senate Bill No. 317,18th Congress (July 2019 - 2022),https://ldr.senate.gov.ph/bills/senate-bill-no-317-18th-congress-republic,OVERSEAS FILIPINO WORKERS CREDIT ASSISTANCE ACT OF 2019,AN ACT ESTABLISHING A CREDIT ASSISTANCE PROGRAM FOR OVERSEAS FILIPINO WORKERS,"POE, GRACE","July 10, 2019",NATIONAL,OVERSEAS FILIPINO WORKERS (OFWS)/ MIGRANT WORKERS CREDIT ASSISTANCE PROGRAM,"LABOR, EMPLOYMENT AND HUMAN RESOURCES DEVELOPMENT",PENDING IN THE COMMITTEE
Senate Bill No. 1245,18th Congress (July 2019 - 2022),https://ldr.senate.gov.ph/bills/senate-bill-no-1245-18th-congress-republic,ARBORETUM WITHIN THE PREMISES OF THE COMMUNITY ENVIRONMENT AND NATURAL RESOURCES OFFICE,"AN ACT ESTABLISHING AN ARBORETUM WITHIN THE PREMISES OF THE COMMUNITY ENVIRONMENT AND NATURAL RESOURCES OFFICE IN THE MUNICIPALITY OF KOLAMBUGAN, LANAO DEL NORTE TO BE KNOWN AS THE KOLAMBUGAN ARBORETUM AND APPROPRIATING FUNDS THEREFOR","SOTTO III, VICENTE C.","December 17, 2019",NATIONAL,ARBORETUM,"ENVIRONMENT, NATURAL RESOURCES AND CLIMATE CHANGE",PENDING IN THE COMMITTEE
Senate Bill No. 499,18th Congress (July 2019 - 2022),https://ldr.senate.gov.ph/bills/senate-bill-no-499-18th-congress-republic,COMMISSION ON THE FILIPINO LANGUAGE ACT,"AN ACT AMENDING CERTAIN PROVISIONS OF REPUBLIC ACT NO. 7104 , OTHERWISE KNOWN AS 'KOMISYON SA WIKANG FILIPINO (COMMISSION ON THE FILIPINO LANGUAGE) ACT' AND FOR OTHER PURPOSES","SOTTO III, VICENTE C.","July 15, 2019",NATIONAL,Filipino Language,"BASIC EDUCATION, ARTS AND CULTURE",PENDING IN THE COMMITTEE
Senate Bill No. 1121,18th Congress (July 2019 - 2022),https://ldr.senate.gov.ph/bills/senate-bill-no-1121-18th-congress-republic,ANTI-OBESITY EDUCATION PROGRAM ACT OF 2019,"AN ACT PROVIDING FOR THE MANDATORY INCLUSION OF ANTI-OBESITY EDUCATION PROGRAM AND EXERCISE INCLUDING PLAY AND TRADITIONAL GAMES, IN THE PRE-SCHOOL, ELEMENTARY AND HIGH SCHOOL CURRICULA, BOTH IN PUBLIC AND PRIVATE SCHOOLS AND EDUCATIONAL INSTITUTIONS AND FOR OTHER PURPOSES","REVILLA JR., RAMON BONG","October 14, 2019",NATIONAL,ANTI-OBESITY EDUCATION PROGRAM PRE-SCHOOL EDUCATION ELEMENTARY EDUCATION/PRIMARY EDUCATION Secondary Education SCHOOLS (PUBLIC AND PRIVATE),"BASIC EDUCATION, ARTS AND CULTURE",PENDING IN THE COMMITTEE
Senate Bill No. 435,18th Congress (July 2019 - 2022),https://ldr.senate.gov.ph/bills/senate-bill-no-435-18th-congress-republic,PROVIDING FOR ADDITIONAL BENEFITS AND PRIVILEGES TO PUBLIC SCHOOL TEACHERS,"AN ACT PROVIDING FOR ADDITIONAL BENEFITS AND PRIVILEGES TO PUBLIC SCHOOL TEACHERS AMENDING FOR THE PURPOSE REPUBLIC ACT NO. 4670, OTHERWISE KNOWN AS THE MAGNA CARTA FOR PUBLIC SCHOOL TEACHERS, AND FOR OTHER PURPOSES","REVILLA JR., RAMON BONG","July 15, 2019",NATIONAL,Magna Carta for Public School Teachers,"BASIC EDUCATION, ARTS AND CULTURE",PENDING IN THE COMMITTEE
Senate Bill No. 1186,18th Congress (July 2019 - 2022),https://ldr.senate.gov.ph/bills/senate-bill-no-1186-18th-congress-republic,FIRST AID IN SCHOOL ACT OF 2019,AN ACT MANDATING THE DEPARTMENT OF EDUCATION (DEPED) TO INCORPORATE FIRST AID IN THE PHYSICAL EDUCATION (P.E.) SUBJECT IN ELEMENTARY AND SECONDARY SCHOOL CURRICULA IN BOTH PUBLIC AND PRIVATE SCHOOLS,"LAPID, MANUEL ""LITO"" M.","November 25, 2019",NATIONAL,FIRST AID TRAINING ELEMENTARY EDUCATION/PRIMARY EDUCATION Secondary Education DEPARTMENT OF EDUCATION (DEPED) CURRICULUM/CURRICULA PHYSICAL EDUCATION (P.E.),"BASIC EDUCATION, ARTS AND CULTURE",PENDING IN THE COMMITTEE
Senate Bill No. 562,18th Congress (July 2019 - 2022),https://ldr.senate.gov.ph/bills/senate-bill-no-562-18th-congress-republic,PHILIPPINE NURSING ACT,AN ACT INSTITUTING THE COMPREHENSIVE POLICY FOR THE NURSING PROFESSION IN THE PHILIPPINES AMENDING FOR THIS PURPOSE REPUBLIC ACT NO. 9173 OTHERWISE KNOWN AS 'THE PHILIPPINE NURSING ACT OF 2002',"GORDON, RICHARD J.","July 17, 2019",NATIONAL,PHILIPPINE NURSING ACT NURSES/NURSING COMPREHENSIVE NURSING LAW,"CIVIL SERVICE, GOVERNMENT REORGANIZATION AND PROFESSIONAL REGULATION",PENDING IN THE COMMITTEE
Senate Bill No. 526,18th Congress (July 2019 - 2022),https://ldr.senate.gov.ph/bills/senate-bill-no-526-18th-congress-republic,PHILIPPINE RUBBER INDUSTRY DEVELOPMENT ACT OF 2019,"AN ACT TO DEVELOP THE RUBBER INDUSTRY, ESTABLISHING FOR THE PURPOSE THE PHILIPPINE RUBBER INDUSTRY DEVELOPMENT BOARD, DEFINING ITS POWERS AND FUNCTIONS AND APPROPRIATING FUNDS THEREFOR","ZUBIRI, JUAN MIGUEL ""MIGZ"" F.","July 16, 2019",NATIONAL,RUBBER INDUSTRY,"AGRICULTURE, FOOD AND AGRARIAN REFORM",PENDING IN THE COMMITTEE
Senate Bill No. 926,18th Congress (July 2019 - 2022),https://ldr.senate.gov.ph/bills/senate-bill-no-926-18th-congress-republic,"AMENDING RA 9160, AS AMENDED","AN ACT CLASSIFYING VOTE-BUYING AND VOTE-SELLING AS UNLAWFUL ACTIVITY UNDER THE ANTI-MONEY LAUNDERING ACT, AMENDING FOR THIS PURPOSE RA 9160, AS AMENDED ALSO KNOWN AS 'AN ACT DEFINING THE CRIME OF MONEY LAUNDERING, PROVIDING PENALTIES THEREFOR AND FOR OTHER PURPOSES'","GORDON, RICHARD J.","August 20, 2019",NATIONAL,ANTI-MONEY LAUNDERING ACT (R.A.NO. 9160),"BANKS, FINANCIAL INSTITUTIONS AND CURRENCIES",PENDING IN THE COMMITTEE
Senate Bill No. 794,18th Congress (July 2019 - 2022),https://ldr.senate.gov.ph/bills/senate-bill-no-794-18th-congress-republic,TANDANG SORA DAY,AN ACT DECLARING MARCH 2 OF EVERY YEAR A SPECIAL WORKING HOLIDAY TO COMMEMORATE THE DEATH AND CONTRIBUTIONS OF TANDANG SORA,"HONTIVEROS, RISA","July 25, 2019",NATIONAL,HOLIDAYS (SPECIAL WORKING),"BASIC EDUCATION, ARTS AND CULTURE",PENDING IN THE COMMITTEE
Senate Bill No. 858,18th Congress (July 2019 - 2022),https://ldr.senate.gov.ph/bills/senate-bill-no-858-18th-congress-republic,CHILD CARE ASSISTANCE ACT,"AN ACT STRENGTHENING THE BARANGAY DAY CARE SYSTEM, AMENDING FOR THE PURPOSE REPUBLIC ACT NO. 6972 OTHERWISE KNOWN AS THE BARANGAY-LEVEL TOTAL DEVELOPMENT AND PROTECTION OF CHILDREN ACT AND FOR OTHER PURPOSES","VILLANUEVA, JOEL","August 5, 2019",NATIONAL,CHILDREN/CHILD CARE,"WOMEN, CHILDREN, FAMILY RELATIONS AND GENDER EQUALITY",PENDING IN THE COMMITTEE
Senate Bill No. 1052,18th Congress (July 2019 - 2022),https://ldr.senate.gov.ph/bills/senate-bill-no-1052-18th-congress-republic,COCONUT FARMERS AND INDUSTRY TRUST FUND ACT,"AN ACT CREATING THE COCONUT FARMERS AND INDUSTRY TRUST FUND, PROVIDING FOR ITS MANAGEMENT AND UTILIZATION, RECONSTITUTING FOR THE PURPOSE THE PHILIPPINE COCONUT AUTHORITY BOARD, AND FOR OTHER PURPOSES","VILLAR, CYNTHIA A.","September 16, 2019",NATIONAL,COCONUT FARMERS AND INDUSTRY DEVELOPMENT TRUST FUND,"AGRICULTURE, FOOD AND AGRARIAN REFORM",CONSOLIDATED/SUBSTITUTED IN THE COMMITTEE REPORT
Senate Bill No. 133,18th Congress (July 2019 - 2022),https://ldr.senate.gov.ph/bills/senate-bill-no-133-18th-congress-republic,INCREASING THE MONTHLY SOCIAL PENSION OF SENIOR CITIZENS,AN ACT INCREASING THE MONTHLY SOCIAL PENSION OF SENIOR CITIZENS AND EXPANDING THE COVERAGE THEREOF,"ANGARA, SONNY","July 2, 2019",NATIONAL,PENSION,"SOCIAL JUSTICE, WELFARE AND RURAL DEVELOPMENT",PENDING IN THE COMMITTEE
Senate Bill No. 60,18th Congress (July 2019 - 2022),https://ldr.senate.gov.ph/bills/senate-bill-no-60-18th-congress-republic,FINANCIAL CONSUMER PROTECTION ACT,AN ACT PROVIDING FOR THE PROTECTION OF FINANCIAL CONSUMERS AND FOR OTHER PURPOSES,"LAPID, MANUEL ""LITO"" M.","July 1, 2019",NATIONAL,FINANCIAL CONSUMER PROTECTION,"BANKS, FINANCIAL INSTITUTIONS AND CURRENCIES",PENDING IN THE COMMITTEE
Senate Bill No. 207,18th Congress (July 2019 - 2022),https://ldr.senate.gov.ph/bills/senate-bill-no-207-18th-congress-republic,REINSTATING THE DEATH PENALTY FOR CERTAIN HEINOUS CRIMES,"AN ACT REINSTATING THE DEATH PENALTY FOR CERTAIN HEINOUS CRIMES INVOLVING DANGEROUS DRUGS AND PLUNDER, AMENDING FOR THAT PURPOSE OTHER SPECIAL PENAL LAWS, AND FOR OTHER PURPOSES","GO, CHRISTOPHER LAWRENCE T.","July 2, 2019",NATIONAL,Death penalty HEINOUS CRIMES,JUSTICE AND HUMAN RIGHTS,PENDING IN THE COMMITTEE
Senate Bill No. 121,18th Congress (July 2019 - 2022),https://ldr.senate.gov.ph/bills/senate-bill-no-121-18th-congress-republic,PEOPLE'S FREEDOM OF INFORMATION ACT OF 2019,AN ACT IMPLEMENTING THE PEOPLE'S RIGHT TO INFORMATION AND THE CONSTITUTIONAL POLICIES OF FULL PUBLIC DISCLOSURE AND HONESTY IN THE PUBLIC SERVICE AND FOR OTHER PURPOSES,"POE, GRACE","July 2, 2019",NATIONAL,information GOVERNMENT AGENCIES,PUBLIC INFORMATION AND MASS MEDIA,PENDING IN THE COMMITTEE
Senate Bill No. 635,18th Congress (July 2019 - 2022),https://ldr.senate.gov.ph/bills/senate-bill-no-635-18th-congress-republic,AUTOMATED TELLER MACHINE (ATM) FEE REGULATORY ACT,AN ACT REQUIRING FINANCIAL INSTITUTIONS TO POST TRANSACTION FEES FOR EACH AUTOMATED TELLER MACHINE TRANSACTION AND RESTRICTING TRANSACTION FEES FOR AUTOMATED TELLER MACHINES,"PANGILINAN, FRANCIS ""KIKO"" N.","July 22, 2019",NATIONAL,AUTOMATED TELLER MACHINES (ATM),"BANKS, FINANCIAL INSTITUTIONS AND CURRENCIES",PENDING IN THE COMMITTEE
Senate Bill No. 537,18th Congress (July 2019 - 2022),https://ldr.senate.gov.ph/bills/senate-bill-no-537-18th-congress-republic,CLASSIFYING THE SALE OR IMPORTATION OF PETROLEUM PRODUCTS,"AN ACT CLASSIFYING THE SALE OR IMPORTATION OF PETROLEUM PRODUCTS AND RAW MATERIALS IN THE MANUFACTURE THEREOF AS VALUE-ADDED TAX EXEMPT TRANSACTIONS, AMENDING FOR THE PURPOSE SECTION 109 (1) OF THE NATIONAL INTERNAL REVENUE CODE OF 1997, AS AMENDED, AND FOR OTHER PURPOSES","ZUBIRI, JUAN MIGUEL ""MIGZ"" F.","July 16, 2019",NATIONAL,TAXES (VALUE-ADDED TAX / VAT) Petroleum products NATIONAL INTERNAL REVENUE CODE (NIRC),WAYS AND MEANS,PENDING IN THE COMMITTEE
Senate Bill No. 937,18th Congress (July 2019 - 2022),https://ldr.senate.gov.ph/bills/senate-bill-no-937-18th-congress-republic,PILIPINONG MARINO ACT,"AN ACT TO PROTECT THE INTERESTS AND WELFARE OF FILIPINO SEAMEN AND SEA-BASED MIGRANT WORKERS, ESTABLISHING FOR THE PURPOSE A NATIONAL SEAFARERS ADMINISTRATION, APPROPRIATING FUNDS AND FOR OTHER PURPOSES","POE, GRACE","August 20, 2019",NATIONAL,SEAFARERS,"LABOR, EMPLOYMENT AND HUMAN RESOURCES DEVELOPMENT",PENDING IN THE COMMITTEE
Senate Bill No. 805,18th Congress (July 2019 - 2022),https://ldr.senate.gov.ph/bills/senate-bill-no-805-18th-congress-republic,PHILIPPINE BOXING AND COMBAT SPORTS COMMISSION ACT,AN ACT CREATING THE PHILIPPINE BOXING AND COMBAT SPORTS COMMISSION AND PROVIDING FUNDS THEREFOR,"REVILLA JR., RAMON BONG","July 29, 2019",NATIONAL,PHILIPPINE BOXING AND COMBAT SPORTS COMMISSION,SPORTS,CONSOLIDATED/SUBSTITUTED IN THE COMMITTEE REPORT
Senate Bill No. 999,18th Congress (July 2019 - 2022),https://ldr.senate.gov.ph/bills/senate-bill-no-999-18th-congress-republic,NATIONAL HEROES COUNCIL ACT OF 2019,"AN ACT ESTABLISHING THE NATIONAL HEROES COUNCIL UNDER THE NATIONAL HISTORICAL COMMISSION OF THE PHILIPPINES, APPROPRIATING FUNDS THEREFOR, AND FOR OTHER PURPOSES","MARCOS, IMEE R.","September 2, 2019",NATIONAL,NATIONAL HEROES COUNCIL NATIONAL HISTORICAL COMMISSION OF THE PHILIPPINES (NHCP),"BASIC EDUCATION, ARTS AND CULTURE",PENDING IN THE COMMITTEE
Senate Bill No. 1063,18th Congress (July 2019 - 2022),https://ldr.senate.gov.ph/bills/senate-bill-no-1063-18th-congress-republic,PHILIPPINE FILM AND TELEVISION TOURISM ACT,"AN ACT ESTABLISHING A FRAMEWORK FOR FILM AND TELEVISION TOURISM IN THE PHILIPPINES, CREATING AN INTER-AGENCY COMMITTEE ON FILM AND TELEVISION TOURISM AND FOR OTHER PURPOSES","LAPID, MANUEL ""LITO"" M.","September 23, 2019",NATIONAL,PHILIPPINE FILM AND TELEVISION TOURISM,PUBLIC INFORMATION AND MASS MEDIA,PENDING IN THE COMMITTEE
Senate Bill No. 646,18th Congress (July 2019 - 2022),https://ldr.senate.gov.ph/bills/senate-bill-no-646-18th-congress-republic,PRE-HOSPITAL EMERGENCY CARE ACT,"AN ACT INSTITUTIONALIZING A PRE-HOSPITAL EMERGENCY CARE SYSTEM, PROVIDING FOR THE ESTABLISHMENT, SUPERVISION AND REGULATION OF THE PRE-HOSPITAL EMERGENCY CARE PROFESSION, AND FOR OTHER PURPOSES","REVILLA JR., RAMON BONG","July 22, 2019",NATIONAL,PRE-HOSPITAL EMERGENCY CARE SYSTEM,HEALTH AND DEMOGRAPHY,PENDING IN THE COMMITTEE
Senate Bill No. 687,18th Congress (July 2019 - 2022),https://ldr.senate.gov.ph/bills/senate-bill-no-687-18th-congress-republic,MINDANAO RAILWAYS CORPORATION,"AN ACT CREATING THE MINDANAO RAILWAYS CORPORATION PRESCRIBING ITS POWERS, FUNCTIONS, AND DUTIES, AND PROVIDING NECESSARY FUNDS FOR ITS OPERATION","PIMENTEL, AQUILINO ""KOKO"" III","July 22, 2019",NATIONAL,MINDANAO RAILWAYS CORPORATION,GOVERNMENT CORPORATIONS AND PUBLIC ENTERPRISES,PENDING IN THE COMMITTEE
Senate Bill No. 278,18th Congress (July 2019 - 2022),https://ldr.senate.gov.ph/bills/senate-bill-no-278-18th-congress-republic,LABOR EDUCATION ACT,AN ACT INTEGRATING LABOR EDUCATION INTO SOCIAL SCIENCE SUBJECTS IN THE TERTIARY EDUCATION CURRICULUM AND PROVIDING FUNDS THEREFOR,"LAPID, MANUEL ""LITO"" M.","July 8, 2019",NATIONAL,LABOR EDUCATION TERTIARY EDUCATION CURRICULUM/CURRICULA,"HIGHER, TECHNICAL AND VOCATIONAL EDUCATION",CONSOLIDATED/SUBSTITUTED IN THE COMMITTEE REPORT
Senate Bill No. 359,18th Congress (July 2019 - 2022),https://ldr.senate.gov.ph/bills/senate-bill-no-359-18th-congress-republic,PUBLIC HEALTH INTERVENTION FOR DRUG USE ACT OF 2019,"AN ACT MAINSTREAMING THE PUBLIC HEALTH APPROACH TO PHILIPPINE DRUG POLICY, ESTABLISHING AND IMPLEMENTING COMMUNITY-BASED PROGRAMS AND STRATEGIES FOR DRUG-RELATED ISSUES AND CONCERNS, AND PROHIBITING HARMFUL AND DISCRIMINATORY INTERVENTIONS AND PRACTICES, APPROPRIATING FUNDS THEREFOR, AND FOR OTHER PURPOSES","HONTIVEROS, RISA","July 11, 2019",NATIONAL,PUBLIC HEALTH INTERVENTION FOR DRUG USE DRUG ADDICT/PERSONS WHO USE DRUGS (PWUD),HEALTH AND DEMOGRAPHY,PENDING IN THE COMMITTEE
Senate Bill No. 382,18th Congress (July 2019 - 2022),https://ldr.senate.gov.ph/bills/senate-bill-no-382-18th-congress-republic,DEATH PENALTY ON THE HEINOUS CRIME OF RAPE WITH HOMICIDE,"AN ACT TO IMPOSE THE DEATH PENALTY ON THE HEINOUS CRIME OF RAPE WITH HOMICIDE, AMENDING FOR THAT PURPOSE THE REVISED PENAL LAWS, AS AMENDED, AND FOR OTHER PURPOSES","PACQUIAO, EMMANUEL ""MANNY"" D.","July 11, 2019",NATIONAL,Death penalty rape REVISED PENAL CODE (R.A. NO. 3815),JUSTICE AND HUMAN RIGHTS,PENDING IN THE COMMITTEE
Senate Bill No. 420,18th Congress (July 2019 - 2022),https://ldr.senate.gov.ph/bills/senate-bill-no-420-18th-congress-republic,TRABAHO CENTER IN SCHOOLS ACT,"AN ACT ESTABLISHING JOB PLACEMENT OFFICES IN PUBLIC HIGH SCHOOLS TO PROVIDE CAREER SERVICES TO THE YOUTH, APPROPRIATING FUNDS THEREFOR, AND FOR OTHER PURPOSES","PANGILINAN, FRANCIS ""KIKO"" N.","July 15, 2019",NATIONAL,JOBS YOUTH,"LABOR, EMPLOYMENT AND HUMAN RESOURCES DEVELOPMENT",PENDING IN THE COMMITTEE
Senate Bill No. 1165,18th Congress (July 2019 - 2022),https://ldr.senate.gov.ph/bills/senate-bill-no-1165-18th-congress-republic,PASSENGER TRANSIT RIGHTS ACTS OF 2019,"AN ACT PROVIDING FOR MINIMUM STANDARDS OF COMMON CARRIAGE, CREATING A PASSENGER TRANSIT RIGHTS COMMISSION, PROVIDING FUNDS THEREFOR, AND FOR OTHER PURPOSES","DE LIMA, LEILA M.","November 12, 2019",NATIONAL,PASSENGER TRANSIT RIGHTS COMMON CARRIERS,PUBLIC SERVICES,PENDING IN THE COMMITTEE
Senate Bill No. 55,18th Congress (July 2019 - 2022),https://ldr.senate.gov.ph/bills/senate-bill-no-55-18th-congress-republic,INCLUSIVE EDUCATION ACT,"AN ACT INSTITUTING INCLUSIVE EDUCATION AND ESTABLISHING INCLUSIVE EDUCATION HUBS IN ALL PUBLIC SCHOOLS DIVISIONS, PROVIDING FOR STANDARDS AND GUIDELINES, AND APPROPRIATING FUNDS THEREFOR","LAPID, MANUEL ""LITO"" M.","July 1, 2019",NATIONAL,educational institutions SPECIAL EDUCATION,"BASIC EDUCATION, ARTS AND CULTURE",CONSOLIDATED/SUBSTITUTED IN THE COMMITTEE REPORT
Senate Bill No. 118,18th Congress (July 2019 - 2022),https://ldr.senate.gov.ph/bills/senate-bill-no-118-18th-congress-republic,EDUCATIONAL ASSISTANCE TO PUBLIC SCHOOL TEACHERS,AN ACT PROVIDING FOR EDUCATIONAL ASSISTANCE TO PUBLIC SCHOOL TEACHERS AND APPROPRIATING FUNDS THEREOF,"BINAY, MARIA LOURDES NANCY S.","July 1, 2019",NATIONAL,PUBLIC SCHOOL TEACHERS EDUCATIONAL BENEFITS SCHOLARSHIP GRANTS,"BASIC EDUCATION, ARTS AND CULTURE",PENDING IN THE COMMITTEE
Senate Bill No. 763,18th Congress (July 2019 - 2022),https://ldr.senate.gov.ph/bills/senate-bill-no-763-18th-congress-republic,FUNDAMENTAL EQUALITY OF MEN AND WOMEN ON LAWS RELATING TO CRIMES AGAINST CHASTITY,"AN ACT ENSURING THE FUNDAMENTAL EQUALITY OF MEN AND WOMEN ON LAWS RELATING TO CRIMES AGAINST CHASTITY, AMENDING FOR THIS PURPOSE ARTICLE 333 AND REPEALING ARTICLE 333 OF ACT 3815, OTHERWISE KNOWN AS THE REVISED PENAL CODE, AND FOR OTHER PURPOSES","BINAY, MARIA LOURDES NANCY S.","July 24, 2019",NATIONAL,CRIMES AGAINST CHASTITY REVISED PENAL CODE (R.A. NO. 3815) MARITAL INFIDELITY,"WOMEN, CHILDREN, FAMILY RELATIONS AND GENDER EQUALITY",PENDING IN THE COMMITTEE
Senate Bill No. 820,18th Congress (July 2019 - 2022),https://ldr.senate.gov.ph/bills/senate-bill-no-820-18th-congress-republic,POVERTY REDUCTION THROUGH SOCIAL ENTREPRENEURSHIP (PRESENT) ACT,AN ACT INSTITUTIONALIZING THE POVERTY REDUCTION THROUGH SOCIAL ENTREPRENEURSHIP (PRESENT) PROGRAM AND PROMOTING SOCIAL ENTERPRISES WITH THE POOR AS PRIMARY STAKEHOLDERS,"ANGARA, SONNY","July 30, 2019",NATIONAL,POVERTY REDUCTION THROUGH SOCIAL ENTREPRENEURSHIP PROGRAM (PRESENT) POVERTY ALLEVIATION,"TRADE, COMMERCE AND ENTREPRENEURSHIP",PENDING IN THE COMMITTEE
Senate Bill No. 557,18th Congress (July 2019 - 2022),https://ldr.senate.gov.ph/bills/senate-bill-no-557-18th-congress-republic,SINGLE-USE PLASTICS BAN ACT OF 2018,"AN ACT PROHIBITING THE USE OF SINGLE-USE PLASTIC PRODUCTS IN ALL RETAIL ESTABLISHMENTS, AND PROVIDING PENALTIES FOR VIOLATIONS THEREOF","PACQUIAO, EMMANUEL ""MANNY"" D.","July 16, 2019",NATIONAL,PLASTIC/PLASTIC BAGS/PLASTIC PRODUCTS/PLASTIC WASTE,"ENVIRONMENT, NATURAL RESOURCES AND CLIMATE CHANGE",CONSOLIDATED/SUBSTITUTED IN THE COMMITTEE REPORT
Senate Bill No. 1145,18th Congress (July 2019 - 2022),https://ldr.senate.gov.ph/bills/senate-bill-no-1145-18th-congress-republic,HUMAN RIGHTS EDUCATION ACT OF 2019,AN ACT INSTITUTIONALIZING HUMAN RIGHTS AS A SEPARATE AND SPECIALIZED SUBJECT IN BOTH BASIC AND HIGHER EDUCATION,"DE LIMA, LEILA M.","November 5, 2019",NATIONAL,HUMAN RIGHTS/HUMAN RIGHTS VIOLATIONS BASIC EDUCATION/BASIC EDUCATION INSTITUTIONS HIGHER EDUCATION INSTITUTIONS CURRICULUM/CURRICULA,"BASIC EDUCATION, ARTS AND CULTURE",PENDING IN THE COMMITTEE
Senate Bill No. 521,18th Congress (July 2019 - 2022),https://ldr.senate.gov.ph/bills/senate-bill-no-521-18th-congress-republic,DON CARLOS POLYTECHNIC STATE COLLEGE,AN ACT CONVERTING THE DON CARLOS POLYTECHNIC COLLEGE INTO A STATE COLLEGE TO BE KNOWN AS DON CARLOS POLYTECHNIC STATE COLLEGE,"ZUBIRI, JUAN MIGUEL ""MIGZ"" F.","July 16, 2019",NATIONAL,STATE COLLEGES AND UNIVERSITIES (SCUS),"HIGHER, TECHNICAL AND VOCATIONAL EDUCATION",PENDING IN THE COMMITTEE
Senate Bill No. 1209,18th Congress (July 2019 - 2022),https://ldr.senate.gov.ph/bills/senate-bill-no-1209-18th-congress-republic,CREATING THE PHILIPPINE JUDICIAL MARSHAL SERVICE,"AN ACT CREATING THE PHILIPPINE JUDICIAL MARSHAL SERVICE DEFINING ITS FUNCTIONS AND POWERS, APPROPRIATING FUNDS THEREFOR, AND FOR OTHER PURPOSES","LACSON, PANFILO M.","November 27, 2019",NATIONAL,PHILIPPINE JUDICIAL MARSHAL SERVICE,JUSTICE AND HUMAN RIGHTS,CONSOLIDATED/SUBSTITUTED IN THE COMMITTEE REPORT
Senate Bill No. 883,18th Congress (July 2019 - 2022),https://ldr.senate.gov.ph/bills/senate-bill-no-883-18th-congress-republic,REVISED CHARTER OF THE PHILIPPINE CROP INSURANCE CORPORATION,"AN ACT STRENGTHENING THE PHILIPPINE CROP INSURANCE CORPORATION, EXPANDING ITS POWERS AND ACTIVITIES, INCREASING ITS CAPITALIZATION, AND AMENDING FOR THIS PURPOSE PRESIDENTIAL DECREE NO. 1467, ENTITLED 'CREATING THE 'PHILIPPINE CROP INSURANCE CORPORATION' PRESCRIBING ITS POWERS AND ACTIVITIES, PROVIDING FOR ITS CAPITALIZATION AND FOR THE REQUIRED GOVERNMENT PREMIUM SUBSIDY, AND FOR OTHER PURPOSES,' AND OTHER LAWS","MARCOS, IMEE R.","August 13, 2019",NATIONAL,PHILIPPINE CROP INSURANCE CORPORATION,GOVERNMENT CORPORATIONS AND PUBLIC ENTERPRISES,PENDING IN THE COMMITTEE
Senate Bill No. 968,18th Congress (July 2019 - 2022),https://ldr.senate.gov.ph/bills/senate-bill-no-968-18th-congress-republic,REVITALIZED RESERVE OFFICERS' TRAINING CORPS ACT,"AN ACT STRENGTHENING THE CITIZEN ARMED FORCES OF THE PHILIPPINES, REINSTITUTING FOR THE PURPOSE A MANDATORY RESERVE OFFICERS' TRAINING CORPS (ROTC) PROGRAM IN THE CURRICULUM OF ALL UNDERGRADUATE DEGREE, DIPLOMA, CERTIFICATE OR TECHNICALVOCATIONAL PROGRAMS IN PUBLIC AND PRIVATE TERTIARY-LEVEL EDUCATIONAL INSTITUTIONS, APPROPRIATING FUNDS THEREFOR, AND FOR OTHER PURPOSES",Ralph G. Recto,"August 27, 2019",NATIONAL,CITIZEN SERVICE TRAINING COURSE RESERVE OFFICERS TRAINING CORPS (ROTC) TERTIARY EDUCATION,"HIGHER, TECHNICAL AND VOCATIONAL EDUCATION",PENDING IN THE COMMITTEE
Senate Bill No. 651,18th Congress (July 2019 - 2022),https://ldr.senate.gov.ph/bills/senate-bill-no-651-18th-congress-republic,NATIONAL TRANSPORTATION SAFETY BOARD ACT,"AN ACT CREATING A NATIONAL TRANSPORTATION SAFETY BOARD, APPROPRIATING FUNDS THEREFOR AND FOR OTHER PURPOSES","REVILLA JR., RAMON BONG","July 22, 2019",NATIONAL,NATIONAL TRANSPORTATION SAFETY BOARD,PUBLIC SERVICES,CONSOLIDATED/SUBSTITUTED IN THE COMMITTEE REPORT
Senate Bill No. 16,18th Congress (July 2019 - 2022),https://ldr.senate.gov.ph/bills/senate-bill-no-16-18th-congress-republic,AMENDING THE CITIZENSHIP RETENTION AND REACQUISITION ACT OF 2003 (R.A.NO. 9225),"AN ACT AMENDING REPUBLIC ACT NO. 9225, OTHERWISE KNOWN AS THE CITIZENSHIP RETENTION AND REACQUISITION ACT 2003",Franklin M. Drilon,"July 1, 2019",NATIONAL,CITIZENSHIP RETENTION (NATURAL BORN CITIZEN),JUSTICE AND HUMAN RIGHTS,PENDING IN THE COMMITTEE
Senate Bill No. 721,18th Congress (July 2019 - 2022),https://ldr.senate.gov.ph/bills/senate-bill-no-721-18th-congress-republic,POLICE ON-BODY CAM ACT,"AN ACT MANDATING THE USE OF ON-BODY CAMERAS BY LAW ENFORCEMENT OFFICERS DURING ANY ANTI-ILLEGAL DRUG AND CRIMINALITY OPERATIONS, AND PROVIDING FUNDS THREFOR","GATCHALIAN, WIN","July 24, 2019",NATIONAL,BODY AND DASHBOARD CAMERAS LAW ENFORCEMENT OFFICERS/LAW ENFORCEMENT AGENCY/LAW ENFORCEMENT OPERATIONS PHILIPPINE NATIONAL POLICE (PNP),PUBLIC ORDER AND DANGEROUS DRUGS,PENDING IN THE COMMITTEE
Senate Bill No. 398,18th Congress (July 2019 - 2022),https://ldr.senate.gov.ph/bills/senate-bill-no-398-18th-congress-republic,EXPANDING THE COVERAGE OF THE MANDATORY BASIC IMMUNIZATION PROGRAM,"AN ACT EXPANDING THE COVERAGE OF THE MANDATORY BASIC IMMUNIZATION PROGRAM AND PROVIDING A SYSTEM IN THE DETERMINATION OF OTHER TYPES OF VACCINE-PREVENTABLE DISEASES, AMENDING FOR THE PURPOSE REPUBLIC ACT NO. 10152, OTHERWISE KNOWN AS THE 'MANDATORY INFANTS AND CHILDREN HEALTH IMMUNIZATION ACT OF 2011","GO, CHRISTOPHER LAWRENCE T.","July 11, 2019",NATIONAL,immunization VACCINES/VACCINATION PROGRAM,HEALTH AND DEMOGRAPHY,PENDING IN THE COMMITTEE
Senate Bill No. 1039,18th Congress (July 2019 - 2022),https://ldr.senate.gov.ph/bills/senate-bill-no-1039-18th-congress-republic,NATIONAL TEACHERS DAY,AN ACT DECLARING THE FIFTH OF OCTOBER OF EVERY YEAR AS THE NATIONAL TEACHERS DAY,"BINAY, MARIA LOURDES NANCY S.","September 11, 2019",NATIONAL,TEACHERS,"BASIC EDUCATION, ARTS AND CULTURE",PENDING IN THE COMMITTEE
Senate Bill No. 429,18th Congress (July 2019 - 2022),https://ldr.senate.gov.ph/bills/senate-bill-no-429-18th-congress-republic,MANDATORY COLLECTION OF BIOLOGICAL SPECIMEN AND IDENTIFICATION SAMPLES ACT,"AN ACT REQUIRING CREMATORIES TO COLLECT FROM THE DECEDENT'S REMAINS TISSUE SAMPLES FOR DNA SAMPLING AND/OR STORAGE, FINGERPRINTS OR THUMBPRINTS, AND DIGITAL PHOTOS, PROVIDING PENALTIES THEREFOR AND FOR OTHER PURPOSES","PANGILINAN, FRANCIS ""KIKO"" N.","July 15, 2019",NATIONAL,CREMATORY/CREMATORIES DNA FACILITIES,HEALTH AND DEMOGRAPHY,PENDING IN THE COMMITTEE
Senate Bill No. 316,18th Congress (July 2019 - 2022),https://ldr.senate.gov.ph/bills/senate-bill-no-316-18th-congress-republic,BARANGAY HEALTH WORKERS AND SERVICES REFORM ACT OF 2019,"AN ACT IMPROVING AND PROMOTING QUALITY DELIVERY OF HEALTH SERVICES BY BARANGAY HEALTH WORKERS IN THE BARANGAY LEVEL, PROVIDING FUNDS THEREFOR, AND FOR OTHER PURPOSES","POE, GRACE","July 10, 2019",NATIONAL,BARANGAY HEALTH WORKER Health services,HEALTH AND DEMOGRAPHY,PENDING IN THE COMMITTEE
Senate Bill No. 1102,18th Congress (July 2019 - 2022),https://ldr.senate.gov.ph/bills/senate-bill-no-1102-18th-congress-republic,"GAWANG PILIPINO, PARA SA PILIPINO ACT OF 2019","AN ACT INSTITUTIONALIZING THE FILIPINO FIRST POLICY IN THE GOVERNMENT PROCUREMENT SYSTEM, AMENDING FOR THE PURPOSE REPUBLIC ACT NO. 9184 OTHERWISE KNOWN AS THE GOVERNMENT PROCUREMENT REFORM ACT AND FOR OTHER PURPOSES","TOLENTINO, FRANCIS ""TOL"" N.","October 3, 2019",NATIONAL,Government procurement PRODUKTONG PILIPINO,FINANCE,PENDING IN THE COMMITTEE
Senate Bill No. 22,18th Congress (July 2019 - 2022),https://ldr.senate.gov.ph/bills/senate-bill-no-22-18th-congress-republic,EXPANDED ANTI-WIRETAPPING ACT OF 2019,"AN ACT EXPANDING THE SCOPE AND COVERAGE OF REPUBLIC ACT NO. 4200, OTHERWISE KNOWN AS AN ACT TO PROHIBIT AND PENALIZE WIRE TAPPING AND OTHER RELATED VIOLATIONS OF THE PRIVACY OF COMMUNICATION, AND FOR OTHER PURPOSES","LACSON, PANFILO M.","July 1, 2019",NATIONAL,Wiretapping,PUBLIC ORDER AND DANGEROUS DRUGS,PENDING IN THE COMMITTEE
Senate Bill No. 87,18th Congress (July 2019 - 2022),https://ldr.senate.gov.ph/bills/senate-bill-no-87-18th-congress-republic,ORGAN AND TISSUE DONATION ACT OF 2019,"AN ACT PROVIDING FOR AN 'OPT-OUT' SYSTEM OF ORGAN AND TISSUE DONATION, PROMOTING THE RIGHT TO HEALTH, PROVIDING PENALTIES THEREFOR, AND FOR OTHER PURPOSES","GORDON, RICHARD J.","July 1, 2019",NATIONAL,ORGAN DONATION,HEALTH AND DEMOGRAPHY,PENDING IN THE COMMITTEE
Senate Bill No. 795,18th Congress (July 2019 - 2022),https://ldr.senate.gov.ph/bills/senate-bill-no-795-18th-congress-republic,FREEDOM OF INFORMATION ACT OF 2019,"AN ACT STRENGTHENING THE RIGHT OF CITIZENS TO INFORMATION HELD BY THE GOVERNMENT, INSTITUTIONALIZING OPEN DATA GOVERNANCE AND FOR OTHER PURPOSES","HONTIVEROS, RISA","July 25, 2019",NATIONAL,information GOVERNMENT AGENCIES,PUBLIC INFORMATION AND MASS MEDIA,PENDING IN THE COMMITTEE
Senate Bill No. 859,18th Congress (July 2019 - 2022),https://ldr.senate.gov.ph/bills/senate-bill-no-859-18th-congress-republic,UNATTENDED CHILD IN MOTOR VEHICLES ACT,AN ACT PROTECTING UNATTENDED CHILDREN IN MOTOR VEHICLES,"VILLANUEVA, JOEL","August 5, 2019",NATIONAL,N/A,PUBLIC SERVICES,PENDING IN THE COMMITTEE
Senate Bill No. 1112,18th Congress (July 2019 - 2022),https://ldr.senate.gov.ph/bills/senate-bill-no-1112-18th-congress-republic,PHILIPPINE COAST GUARD (PCG) ACADEMY ACT OF 2019,"AN ACT TO ESTABLISH THE PHILIPPINE COAST GUARD ACADEMY ALLOCATING FUNDS THEREFOR, AND FOR OTHER PURPOSES","MARCOS, IMEE R.","October 8, 2019",NATIONAL,PHILIPPINE COAST GUARD,PUBLIC SERVICES,PENDING IN THE COMMITTEE
Senate Bill No. 327,18th Congress (July 2019 - 2022),https://ldr.senate.gov.ph/bills/senate-bill-no-327-18th-congress-republic,THE MINDANAO RAILWAYS CORPORATION,"AN ACT CREATING THE MINDANAO RAILWAYS CORPORATION, PRESCRIBING ITS POWERS, FUNCTIONS AND DUTIES, AND PROVIDING FOR THE NECESSARY FUNDS FOR ITS OPERATION","ANGARA, SONNY","July 10, 2019",NATIONAL,MINDANAO RAILWAYS CORPORATION,GOVERNMENT CORPORATIONS AND PUBLIC ENTERPRISES,PENDING IN THE COMMITTEE
Senate Bill No. 33,18th Congress (July 2019 - 2022),https://ldr.senate.gov.ph/bills/senate-bill-no-33-18th-congress-republic,POST-HARVEST FACILITIES SUPPORT ACT OF 2019,AN ACT PROVIDING POST-HARVEST FACILITIES TO RICE FARMERS,"PANGILINAN, FRANCIS ""KIKO"" N.","July 1, 2019",NATIONAL,POST-HARVEST FACILITIES (WAREHOUSE/RICE MILLS),"AGRICULTURE, FOOD AND AGRARIAN REFORM",PENDING IN THE COMMITTEE
Senate Bill No. 183,18th Congress (July 2019 - 2022),https://ldr.senate.gov.ph/bills/senate-bill-no-183-18th-congress-republic,COMMISSION ON HUMAN RIGHTS ACT OF 2019,"AN ACT STRENGTHENING THE COMMISSION ON HUMAN RIGHTS OF THE PHILIPPINES AS THE NATIONAL HUMAN RIGHTS INSTITUTION, AND FOR OTHER PURPOSES","DE LIMA, LEILA M.","July 2, 2019",NATIONAL,COMMISSION ON HUMAN RIGHTS HUMAN RIGHTS/HUMAN RIGHTS VIOLATIONS,JUSTICE AND HUMAN RIGHTS,PENDING IN THE COMMITTEE
Senate Bill No. 98,18th Congress (July 2019 - 2022),https://ldr.senate.gov.ph/bills/senate-bill-no-98-18th-congress-republic,BANNING THE IMPORTATION OF SOLID WASTE,AN ACT BANNING THE IMPORTATION OF SOLID WASTE,"PIMENTEL, AQUILINO ""KOKO"" III","July 1, 2019",NATIONAL,SOLID WASTE,"ENVIRONMENT, NATURAL RESOURCES AND CLIMATE CHANGE",PENDING IN THE COMMITTEE
Senate Bill No. 229,18th Congress (July 2019 - 2022),https://ldr.senate.gov.ph/bills/senate-bill-no-229-18th-congress-republic,REGULATING THE USE OF GOVERNMENT AMBULANCES,"AN ACT REGULATING THE USE OF GOVERNMENT AMBULANCES, PROVIDING PENALTIES THEREFOR AND FOR OTHER PURPOSES","DELA ROSA, RONALD ""BATO""","July 4, 2019",NATIONAL,GOVERNMENT AMBULANCES,HEALTH AND DEMOGRAPHY,PENDING IN THE COMMITTEE
Senate Bill No. 806,18th Congress (July 2019 - 2022),https://ldr.senate.gov.ph/bills/senate-bill-no-806-18th-congress-republic,SECURITY OF TENURE AND END OF ENDO ACT,"AN ACT STRENGTHENING WORKERS RIGHT TO SECURITY OF TENURE, AMENDING FOR THE PURPOSE ARTICLES 106, 107, 108, AND 109 OF BOOK III, AND ARTICLES 294 [279], 295 [280], 296 [281], AND 297 [282] OF BOOK VI OF PRESIDENTIAL DECREE NO. 442, OTHERWISE KNOWN AS THE LABOR CODE OF THE PHILIPPINES, AS AMENDED","VILLANUEVA, JOEL","July 29, 2019",NATIONAL,SECURITY OF TENURE LABOR CODE OF THE PHILIPPINES (P.D. NO. 442) CASUAL/CONTRACTUAL EMPLOYEES ANTI-ENDO AND CONTRACTING LAW,"LABOR, EMPLOYMENT AND HUMAN RESOURCES DEVELOPMENT",PENDING IN THE COMMITTEE
Senate Bill No. 1124,18th Congress (July 2019 - 2022),https://ldr.senate.gov.ph/bills/senate-bill-no-1124-18th-congress-republic,"AMENDING SECTIONS 443, 454, AND 463 OF R.A. NO. 7160 (LOCAL GOVERNMENT CODE OF 1991)","AN ACT AMENDING SECTIONS 443, 454, AND 463 OF REPUBLIC ACT NO. 7160 OTHERWISE KNOWN AS THE 'LOCAL GOVERNMENT CODE OF 1991","BINAY, MARIA LOURDES NANCY S.","October 22, 2019",NATIONAL,LOCAL GOVERNMENT CODE (R.A. NO. 7160) TOURISM OFFICER,LOCAL GOVERNMENT,PENDING IN THE COMMITTEE
Senate Bill No. 598,18th Congress (July 2019 - 2022),https://ldr.senate.gov.ph/bills/senate-bill-no-598-18th-congress-republic,NATIONAL IRRIGATION ADMINISTRATION,"AN ACT DESIGNATING THE SECRETARY OF THE DEPARTMENT OF AGRICULTURE AS CHAIRPERSON OF THE GOVERNING BOARD OF THE NATIONAL IRRIGATION ADMINISTRATION, AMENDING FOR THE PURPOSE SECTION 4 OF REPUBLIC ACT NO. 3601, AS AMENDED",Ralph G. Recto,"July 17, 2019",NATIONAL,NATIONAL IRRIGATION ADMINISTRATION DEPARTMENT OF AGRICULTURE,"AGRICULTURE, FOOD AND AGRARIAN REFORM",PENDING IN THE COMMITTEE
Senate Bill No. 1188,18th Congress (July 2019 - 2022),https://ldr.senate.gov.ph/bills/senate-bill-no-1188-18th-congress-republic,LPG ACT,AN ACT PROVIDING FOR THE NATIONAL ENERGY POLICY AND REGULATORY FRAMEWORK FOR THE PHILIPPINE LIQUEFIED PETROLEUM GAS INDUSTRY,"GATCHALIAN, WIN","November 25, 2019",NATIONAL,Liquefied Petroleum Gas (LPG),ENERGY,CONSOLIDATED/SUBSTITUTED IN THE COMMITTEE REPORT
Senate Bill No. 615,18th Congress (July 2019 - 2022),https://ldr.senate.gov.ph/bills/senate-bill-no-615-18th-congress-republic,"WITNESS PROTECTION, SECURITY AND BENEFIT ACT","AN ACT STRENGTHENING THE WITNESS PROTECTION, SECURITY AND BENEFIT PROGRAM, AMENDING FOR THE PURPOSE REPUBLIC ACT NO. 6981, OTHERWISE KNOWN AS THE 'WITNESS PROTECTION, SECURITY AND BENEFIT ACT', APPROPRIATING FUNDS THEREFOR AND FOR OTHER PURPOSES","VILLANUEVA, JOEL","July 18, 2019",NATIONAL,WITNESS PROTECTION,JUSTICE AND HUMAN RIGHTS,PENDING IN THE COMMITTEE
Senate Bill No. 871,18th Congress (July 2019 - 2022),https://ldr.senate.gov.ph/bills/senate-bill-no-871-18th-congress-republic,"PNP, BFP, BJMP AND BUCOR HEIGHT EQUALITY ACT","AN ACT REMOVING HEIGHT AS QUALIFICATION FOR PERSONNEL, OFFICERS OR MEMBERS OF THE PHILIPPINE NATIONAL POLICE, BUREAU OF FIRE PROTECTION, BUREAU OF JAIL MANAGEMENT AND PENOLOGY, AND BUREAU OF CORRECTION, AMENDING FOR THE PURPOSE REPUBLIC ACT NO. 6975, AS AMENDED, REPUBLIC ACT NO. 8551, REPUBLIC ACT NO. 9263 AND REPUBLIC ACT NO. 10575","DELA ROSA, RONALD ""BATO""","August 6, 2019",NATIONAL,HEIGHT QUALIFICATION PHILIPPINE NATIONAL POLICE (PNP) BUREAU OF CORRECTIONS (BUCOR) BUREAU OF JAIL MANAGEMENT AND PENOLOGY BUREAU OF FIRE PROTECTION,PUBLIC ORDER AND DANGEROUS DRUGS,CONSOLIDATED/SUBSTITUTED IN THE COMMITTEE REPORT
Senate Bill No. 944,18th Congress (July 2019 - 2022),https://ldr.senate.gov.ph/bills/senate-bill-no-944-18th-congress-republic,THE BILL OF RIGHTS OF TAXI PASSENGERS,AN ACT ORDAINING THE BILL OF RIGHTS OF TAXI PASSENGERS,"POE, GRACE","August 20, 2019",NATIONAL,TAXI PASSENGERS BILL OF RIGHTS,PUBLIC SERVICES,PENDING IN THE COMMITTEE
Senate Bill No. 713,18th Congress (July 2019 - 2022),https://ldr.senate.gov.ph/bills/senate-bill-no-713-18th-congress-republic,SAFE DRINKING WATER ACT,"AN ACT ENSURING SAFE DRINKING WATER, AMENDING FOR THE PURPOSE PRESIDENTIAL DECREE NO. 856, OTHERWISE KNOWN AS THE CODE ON SANITATION OF THE PHILIPPINES AND FOR OTHER PURPOSES","VILLANUEVA, JOEL","July 24, 2019",NATIONAL,DRINKING WATER CODE ON SANITATION OF THE PHILIPPINES (P.D.NO. 856),HEALTH AND DEMOGRAPHY,PENDING IN THE COMMITTEE
Senate Bill No. 376,18th Congress (July 2019 - 2022),https://ldr.senate.gov.ph/bills/senate-bill-no-376-18th-congress-republic,WEST PHILIPPINE SEA VICTORY DAY,AN ACT DECLARING JULY 12 OF EVERY YEAR AS A SPECIAL WORKING HOLIDAY IN THE ENTIRE COUNTRY TO COMMEMMORATE THE HISTORIC DECISION OF THE PERMANENT COURT OF ARBITRATION (PCA) IN FAVOR OF PHILIPPINE SOVEREIGNTY OVER THE WEST PHILIPPINE SEA,"DE LIMA, LEILA M.","July 11, 2019",NATIONAL,WEST PHILIPPINE SEA HOLIDAYS (SPECIAL WORKING),FOREIGN RELATIONS,PENDING IN THE COMMITTEE
Senate Bill No. 1018,18th Congress (July 2019 - 2022),https://ldr.senate.gov.ph/bills/senate-bill-no-1018-18th-congress-republic,ROAD CRASH VICTIMS REMEMBRANCE DAY,"AN ACT DESIGNATING THE THIRD SUNDAY OF NOVEMBER AS THE PHILIPPINE DAY OF REMEMBRANCE FOR ROAD CRASH VICTIMS, SURVIVORS AND FAMILIES","REVILLA JR., RAMON BONG","September 9, 2019",NATIONAL,ROAD CRASH VICTIMS,PUBLIC SERVICES,CONSOLIDATED/SUBSTITUTED IN THE COMMITTEE REPORT
Senate Bill No. 416,18th Congress (July 2019 - 2022),https://ldr.senate.gov.ph/bills/senate-bill-no-416-18th-congress-republic,"REDEFINING ADULTERY, AMENDING R. A. NO. 3815 (THE REVISED PENAL CODE), AS AMENDED","AN ACT REDEFINING ADULTERY, FURTHER AMENDING FOR THIS PURPOSE REPUBLIC ACT NO. 3815, OTHERWISE KNOWN AS THE REVISED PENAL CODE, AS AMENDED","MARCOS, IMEE R.","July 15, 2019",NATIONAL,Adultery REVISED PENAL CODE (R.A. NO. 3815),JUSTICE AND HUMAN RIGHTS,PENDING IN THE COMMITTEE
Senate Bill No. 277,18th Congress (July 2019 - 2022),https://ldr.senate.gov.ph/bills/senate-bill-no-277-18th-congress-republic,AMENDING SEC. 9 OF R. A. NO. 8291 (THE GOVERNMENT SERVICE INSURANCE SYSTEM ACT OF 1997),"AN ACT AMENDING SECTION 9 OF REPUBLIC ACT NO. 8291, OTHERWISE KNOWN AS THE GOVERNMENT SERVICE INSURANCE SYSTEM ACT OF 1997","LAPID, MANUEL ""LITO"" M.","July 8, 2019",NATIONAL,GOVERNMENT SERVICE INSURANCE SYSTEM (GSIS) PENSION,GOVERNMENT CORPORATIONS AND PUBLIC ENTERPRISES,PENDING IN THE COMMITTEE
Senate Bill No. 1081,18th Congress (July 2019 - 2022),https://ldr.senate.gov.ph/bills/senate-bill-no-1081-18th-congress-republic,JUST AND HUMANE RESETTLEMENT ACT,"AN ACT PRESCRIBING A JUST AND HUMANE CODE OF CONDUCT FOR THE RESETTLEMENT OF UNDERPRIVILEGED AND HOMELESS CITIZENS, PROVIDING PENALTIES FOR VIOLATION THEREOF, AND APPROPRIATING FUNDS THEREFOR","HONTIVEROS, RISA","September 30, 2019",NATIONAL,RESETTLEMENT PROGRAM homeless UNDERPRIVILEGED PERSONS INFORMAL SETTLERS/SQUATTERS/SQUATTING,"URBAN PLANNING, HOUSING AND RESETTLEMENT",PENDING IN THE COMMITTEE
Senate Bill No. 358,18th Congress (July 2019 - 2022),https://ldr.senate.gov.ph/bills/senate-bill-no-358-18th-congress-republic,NATIONAL LAND USE AND MANAGEMENT ACT OF THE PHILIPPINES,"AN ACT INSTITUTING A NATIONAL LAND USE AND MANAGEMENT POLICY, PROVIDING THE IMPLEMENTING MECHANISMS THEREFOR, AND FOR OTHER PURPOSES","HONTIVEROS, RISA","July 11, 2019",NATIONAL,LAND USE,"ENVIRONMENT, NATURAL RESOURCES AND CLIMATE CHANGE",PENDING IN THE COMMITTEE
Senate Bill No. 126,18th Congress (July 2019 - 2022),https://ldr.senate.gov.ph/bills/senate-bill-no-126-18th-congress-republic,PROVIDING FOR A UNIVERSAL SOCIAL PENSION FOR SENIOR CITIZENS,"AN ACT PROVIDING FOR A UNIVERSAL SOCIAL PENSION FOR SENIOR CITIZENS, FURTHER AMENDING FOR THE PURPOSE R.A. NO. 7432, AS AMENDED BY R.A. NO. 9994, OTHERWISE KNOWN AS THE 'EXPANDED SENIOR CITIZENS ACT OF 2010'","POE, GRACE","July 2, 2019",NATIONAL,PENSION,"SOCIAL JUSTICE, WELFARE AND RURAL DEVELOPMENT",PENDING IN THE COMMITTEE
Senate Bill No. 66,18th Congress (July 2019 - 2022),https://ldr.senate.gov.ph/bills/senate-bill-no-66-18th-congress-republic,SUSTAINABLE TRANSPORTATION ACT,"AN ACT PROMOTING SUSTAINABLE AND ALTERNATIVE MODES OF TRANSPORTATION AND OTHER MOBILITY OPTIONS TO IMPROVE AIR QUALITY, INCREASE EFFICIENCY, REDUCE CONGESTION AND CONTRIBUTE TO POSITIVE HEALTH IMPACTS IN OUR SOCIETY","CAYETANO, PIA S.","July 1, 2019",NATIONAL,SUSTAINABLE TRANSPORTATION TRANSPORTATION/TRANSPORT SECTOR,"SUSTAINABLE DEVELOPMENT GOALS, INNOVATION AND FUTURES THINKING",PENDING IN THE COMMITTEE
Senate Bill No. 176,18th Congress (July 2019 - 2022),https://ldr.senate.gov.ph/bills/senate-bill-no-176-18th-congress-republic,SUBSCRIBER IDENTITY MODULE (SIM) CARD REGISTRATION ACT,AN ACT REQUIRING THE REGISTRATION OF ALL USERS OF PRE-PAID SUBSCRIBER IDENTITY MODULE (SIM) CARDS,"GATCHALIAN, WIN","July 2, 2019",NATIONAL,SIM CARD REGISTRATION MOBILE WIRELESS DEVICES CELLULAR PHONES/CELL PHONES,PUBLIC SERVICES,CONSOLIDATED/SUBSTITUTED IN THE COMMITTEE REPORT
Senate Bill No. 586,18th Congress (July 2019 - 2022),https://ldr.senate.gov.ph/bills/senate-bill-no-586-18th-congress-republic,NATIONAL SCHOLARSHIP COMMISSION ACT OF 2019,"AN ACT PROVIDING A UNIFIED SYSTEM OF EXTENDING AND PROCESSING SCHOLARSHIP GRANTS, STUDENT LOAN PROGRAMS, SUBSIDIES, BURSARIES AND OTHER FINANCIAL SUPPORT WINDOWS FOR THE FILIPINO YOUTH, ESTABLISHING THE NATIONAL SCHOLARSHIP COMMISSION, PROVIDING FUNDS THEREFOR AND FOR OTHER PURPOSES","POE, GRACE","July 17, 2019",NATIONAL,SCHOLARSHIP GRANTS STUDENT LOAN PROGRAM,"BASIC EDUCATION, ARTS AND CULTURE",PENDING IN THE COMMITTEE
Senate Bill No. 550,18th Congress (July 2019 - 2022),https://ldr.senate.gov.ph/bills/senate-bill-no-550-18th-congress-republic,SEC SOCCSKSARGEN OFFICE LAW,AN ACT ESTABLISHING A SECURITIES AND EXCHANGE COMMISSION (SEC) OFFICE IN KORONADAL CITY AND APPROPRIATING FUNDS THEREFOR,"PACQUIAO, EMMANUEL ""MANNY"" D.","July 16, 2019",NATIONAL,SECURITIES AND EXCHANGE COMMISSION (SEC),"BANKS, FINANCIAL INSTITUTIONS AND CURRENCIES",PENDING IN THE COMMITTEE
Senate Bill No. 792,18th Congress (July 2019 - 2022),https://ldr.senate.gov.ph/bills/senate-bill-no-792-18th-congress-republic,JOSEFA LLANES ESCODA DAY,AN ACT DECLARING JANUARY 6 OF EVERY YEAR A SPECIAL WORKING HOLIDAY TO COMMEMORATE THE DEATH AND CONTRIBUTIONS OF JOSEFA LLANES ESCODA,"HONTIVEROS, RISA","July 25, 2019",NATIONAL,HOLIDAYS (SPECIAL WORKING),"BASIC EDUCATION, ARTS AND CULTURE",PENDING IN THE COMMITTEE
Senate Bill No. 856,18th Congress (July 2019 - 2022),https://ldr.senate.gov.ph/bills/senate-bill-no-856-18th-congress-republic,PHILIPPINE NATIONAL SPORTS ACADEMY ACT OF 2019,"AN ACT CREATING THE PHILIPPINE NATIONAL SPORTS ACADEMY AS AN ATTACHED AGENCY OF THE PHILIPPINE SPORTS COMMISSION, PROVIDING THE STRUCTURE, POWERS AND FUNCTIONS THEREOF, AND FOR OTHER PURPOSES","SOTTO III, VICENTE C.","August 5, 2019",NATIONAL,Philippine Sports Commission (PSC),SPORTS,PENDING IN THE COMMITTEE
Senate Bill No. 996,18th Congress (July 2019 - 2022),https://ldr.senate.gov.ph/bills/senate-bill-no-996-18th-congress-republic,MANNER OF SELECTING AN ACTING PRESIDENT,"AN ACT PROVIDING FOR THE MANNER OF SELECTING AN ACTING PRESIDENT, AS REQUIRED UNDER ARTICLE VII, SECTION 7 OF THE CONSTITUTION","PIMENTEL, AQUILINO ""KOKO"" III","September 2, 2019",NATIONAL,succession PRESIDENT OF THE PHILIPPINES CONSTITUTION,CONSTITUTIONAL AMENDMENTS AND REVISION OF CODES,PENDING IN THE COMMITTEE
Senate Bill No. 1060,18th Congress (July 2019 - 2022),https://ldr.senate.gov.ph/bills/senate-bill-no-1060-18th-congress-republic,JOAQUIN VILLANUEVA EMERGENCY TRAUMA CENTER,"AN ACT ESTABLISHING THE JOSE B. LINGAD MEMORIAL REGIONAL HOSPITAL SATELLITE EMERGENCY AND TRAUMA CENTER, TO BE KNOWN AS THE JOAQUIN VILLANUEVA EMERGENCY TRAUMA CENTER","ANGARA, SONNY","September 17, 2019",NATIONAL,"HOSPITALS, ESTABLISHMENT",HEALTH AND DEMOGRAPHY,PENDING IN THE COMMITTEE
Senate Bill No. 297,18th Congress (July 2019 - 2022),https://ldr.senate.gov.ph/bills/senate-bill-no-297-18th-congress-republic,LOWERING THE AGE COVERED BY THE SENIOR CITIZEN'S ACT FROM 60 TO 56 YEARS OLD,"AN ACT EXPANDING THE COVERAGE OF THE SENIOR CITIZENS' ACT, AMENDING FOR THE PURPOSE REPUBLIC ACT NO. 7432, AS AMENDED","REVILLA JR., RAMON BONG","July 8, 2019",NATIONAL,SENIOR CITIZEN/ELDERLY,"SOCIAL JUSTICE, WELFARE AND RURAL DEVELOPMENT",PENDING IN THE COMMITTEE
Senate Bill No. 319,18th Congress (July 2019 - 2022),https://ldr.senate.gov.ph/bills/senate-bill-no-319-18th-congress-republic,SUSTAINABLE TRANSPORTATION ACT OF 2019,"AN ACT PROMOTING SUSTAINABLE AND ALTERNATIVE MODES OF TRANSPORTATION AND OTHER MOBILITY OPTIONS TO IMPROVE AIR QUALITY, INCREASE EFFICIENCY, REDUCE CONGESTION AND CONTRIBUTE TO POSITIVE HEALTH IMPACTS IN OUR SOCIETY","POE, GRACE","July 10, 2019",NATIONAL,SUSTAINABLE TRANSPORTATION TRANSPORTATION/TRANSPORT SECTOR,"SUSTAINABLE DEVELOPMENT GOALS, INNOVATION AND FUTURES THINKING",PENDING IN THE COMMITTEE
Senate Bill No. 602,18th Congress (July 2019 - 2022),https://ldr.senate.gov.ph/bills/senate-bill-no-602-18th-congress-republic,EXCLUDING THE PERFORMANCE-BASED BONUS (PBB) FROM COMPUTATION OF TAXABLE INCOME,"AN ACT EXCLUDING THE PERFORMANCE-BASED BONUS FROM THE COMPUTATION OF TAXABLE INCOME AMENDING FOR THIS PURPOSE SECTION 32 (B ) (7 ) OF THE NATIONAL INTERNAL REVENUE CODE OF 1997, AS AMENDED",Ralph G. Recto,"July 17, 2019",NATIONAL,TAXES (PERFORMANCE BASED-BONUS/PBB) NATIONAL INTERNAL REVENUE CODE (NIRC),WAYS AND MEANS,PENDING IN THE COMMITTEE
Senate Bill No. 144,18th Congress (July 2019 - 2022),https://ldr.senate.gov.ph/bills/senate-bill-no-144-18th-congress-republic,"MULTISPECIES MARINE HATCHERY IN THE MUNICIPALITY OF SAN FERNANDO, CAMARINES SUR","AN ACT ESTABLISHING A MULTISPECIES MARINE HATCHERY IN THE MUNICIPALITY OF SAN FERNANDO, PROVINCE OF CAMARINES SUR AND APPROPRIATING FUNDS THEREFOR","VILLAR, CYNTHIA A.","July 2, 2019",LOCAL,MULTI-SPECIES MARINE HATCHERY,RULES,PENDING IN THE COMMITTEE
Senate Bill No. 693,18th Congress (July 2019 - 2022),https://ldr.senate.gov.ph/bills/senate-bill-no-693-18th-congress-republic,SIM CARD REGISTRATION ACT OF 2019,AN ACT TO ERADICATE CELLULAR PHONE-AIDED TERRORISM AND CRIMINAL ACTIVITIES MANDATING FOR THIS PURPOSE OWNERSHIP REGISTRATION OF ALL PREPAID SIM CARDS FOR CELLULAR PHONES AND FOR OTHER PURPOSES,"PANGILINAN, FRANCIS ""KIKO"" N.","July 22, 2019",NATIONAL,SIM CARD REGISTRATION PHONE-AIDED TERRORISM AND CRIMINAL ACTIVITIES CELLULAR PHONES/CELL PHONES MOBILE WIRELESS DEVICES,PUBLIC SERVICES,CONSOLIDATED/SUBSTITUTED IN THE COMMITTEE REPORT
Senate Bill No. 221,18th Congress (July 2019 - 2022),https://ldr.senate.gov.ph/bills/senate-bill-no-221-18th-congress-republic,AMENDING SEC. 12 OF R.A. NO. 8436 ( AUTHORIZING COMELEC TO USE AN AUTOMATED ELECTION SYSTEM),"AN ACT TO AMEND SECTION 12 OF REPUBLIC ACT NO. 8436, AS AMENDED BY REPUBLIC ACT NO. 9369 ENTITLED 'AN ACT AUTHORIZING THE COMMISSION ON ELECTIONS TO USE AN AUTOMATED ELECTION SYSTEM IN THE MAY 11, 1998 NATIONAL AND LOCAL ELECTORAL EXERCISES', AND FOR OTHER PURPOSES","MARCOS, IMEE R.","July 3, 2019",NATIONAL,AUTOMATED ELECTION SYSTEM (R.A.NO. 9369) COMMISSION ON ELECTION (COMELEC),ELECTORAL REFORMS AND PEOPLES PARTICIPATION,CONSOLIDATED/SUBSTITUTED IN THE COMMITTEE REPORT
Senate Bill No. 1144,18th Congress (July 2019 - 2022),https://ldr.senate.gov.ph/bills/senate-bill-no-1144-18th-congress-republic,REDEFINING THE DOMINANT MAJORITY AND MINORITY PARTIES DURING NATIONAL AND LOCAL ELECTIONS,"AN ACT REDEFINING THE DOMINANT MAJORITY AND MINORITY PARTIES DURING NATIONAL AND LOCAL ELECTIONS, AMENDING FOR THE PURPOSE, REPUBLIC ACT NO. 7166, OTHERWISE KNOWN AS, 'AN ACT FOR SYNCHRONIZED NATIONAL AND LOCAL ELECTIONS AND FOR ELECTORAL REFORMS, AUTHORIZING APPROPRIATIONS THEREFOR, AND FOR OTHER PURPOSES","DE LIMA, LEILA M.","November 5, 2019",NATIONAL,ELECTIONS/ELECTORAL REFORMS POLITICAL PARTY,ELECTORAL REFORMS AND PEOPLES PARTICIPATION,PENDING IN THE COMMITTEE
Senate Bill No. 1208,18th Congress (July 2019 - 2022),https://ldr.senate.gov.ph/bills/senate-bill-no-1208-18th-congress-republic,PROTECTION OF MINORS FROM SIN PRODUCTS ACT,"AN ACT PROHIBITING FACILITATION OF THE USE, POSSESSION OR ACCESS BY, OR THE SALE OR DISTRIBUTION TO MINORS, OF ALCOHOL AND TOBACCO PRODUCTS, AND PROVIDING PENALTIES THEREFOR",Ralph G. Recto,"November 27, 2019",NATIONAL,ALCOHOLIC BEVERAGES TOBACCO PRODUCTS/TOBACCO INDUSTRY CHILDREN AND YOUTH,HEALTH AND DEMOGRAPHY,PENDING IN THE COMMITTEE
Senate Bill No. 702,18th Congress (July 2019 - 2022),https://ldr.senate.gov.ph/bills/senate-bill-no-702-18th-congress-republic,REDUCING THE CORPORATE INCOME TAX RATE,"AN ACT REDUCING THE CORPORATE INCOME TAX RATE, AMENDING SECTIONS 27 AND 28 OF THE NATIONAL INTERNAL REVENUE CODE OF 1997, AS AMENDED, AND FOR OTHER PURPOSES","ANGARA, SONNY","July 23, 2019",NATIONAL,NATIONAL INTERNAL REVENUE CODE (NIRC) TAXES (CORPORATE INCOME TAX RATE),WAYS AND MEANS,CONSOLIDATED/SUBSTITUTED IN THE COMMITTEE REPORT
Senate Bill No. 150,18th Congress (July 2019 - 2022),https://ldr.senate.gov.ph/bills/senate-bill-no-150-18th-congress-republic,FREE INSURANCE FOR COVERED APPLICANTS OF OVERSEAS EMPLOYMENT CERTIFICATES,"AN ACT PROVIDING FREE INSURANCE FOR COVERED APPLICANTS OF OVERSEAS EMPLOYMENT CERTIFICATES, APPROPRIATING FUNDS THEREFOR AND FOR OTHER PURPOSES","VILLANUEVA, JOEL","July 2, 2019",NATIONAL,INSURANCE OVERSEAS EMPLOYMENT CERTIFICATES OVERSEAS FILIPINO WORKERS (OFWS)/ MIGRANT WORKERS,"LABOR, EMPLOYMENT AND HUMAN RESOURCES DEVELOPMENT",PENDING IN THE COMMITTEE
Senate Bill No. 731,18th Congress (July 2019 - 2022),https://ldr.senate.gov.ph/bills/senate-bill-no-731-18th-congress-republic,BILLBOARD REGULATION ACT,AN ACT REGULATING THE PLACEMENT AND CONTENT OF BILLBOARDS INCLUDING THEIR SUPPORT STRUCTURES,"GATCHALIAN, WIN","July 24, 2019",NATIONAL,BILLBOARDS,PUBLIC WORKS,PENDING IN THE COMMITTEE
Senate Bill No. 232,18th Congress (July 2019 - 2022),https://ldr.senate.gov.ph/bills/senate-bill-no-232-18th-congress-republic,STREET CHILDREN CRISIS CENTER ACT,"AN ACT ESTABLISHING A CRISIS CENTER FOR STREET CHILDREN IN EVERY REGION OF THE PHILIPPINES, APPROPRIATING FUNDS THEREFOR AND FOR OTHER PURPOSES","DELA ROSA, RONALD ""BATO""","July 4, 2019",NATIONAL,STREET CHILDREN CHILDREN/CHILD CARE,"WOMEN, CHILDREN, FAMILY RELATIONS AND GENDER EQUALITY",PENDING IN THE COMMITTEE
Senate Bill No. 887,18th Congress (July 2019 - 2022),https://ldr.senate.gov.ph/bills/senate-bill-no-887-18th-congress-republic,PROVINCIAL SCIENCE AND TECHNOLOGY DIRECTORS ACT,"AN ACT UPGRADING THE POSITION OF THE PROVINCIAL SCIENCE AND TECHNOLOGY OFFICER INTO THE PROVINCIAL SCIENCE AND TECHNOLOGY DIRECTOR IN THE DEPARTMENT OF SCIENCE AND TECHNOLOGY AMENDING REPUBLIC ACT NO. 959, APPROPRIATING FUNDS THEREFOR, AND FOR OTHER PURPOSES","REVILLA JR., RAMON BONG","August 13, 2019",NATIONAL,PROVINCIAL SCIENCE AND TECHNOLOGY DIRECTOR,SCIENCE AND TECHNOLOGY,PENDING IN THE COMMITTEE
Senate Bill No. 962,18th Congress (July 2019 - 2022),https://ldr.senate.gov.ph/bills/senate-bill-no-962-18th-congress-republic,CREATING A DENTAL UNIT IN EVERY RURAL HEALTH UNIT,AN ACT CREATING A DENTAL UNIT IN EVERY RURAL HEALTH UNIT UNDER THE DEPARTMENT OF HEALTH AS PART OF THE PRIMARY APPROACH IN THE DELIVERY OF HEALTH SERVICES AND PROVIDING FUNDS THEREFOR,"ANGARA, SONNY","August 27, 2019",NATIONAL,DENTAL HEALTH RURAL DENTIST DEPARTMENT OF HEALTH (DOH),HEALTH AND DEMOGRAPHY,PENDING IN THE COMMITTEE
Senate Bill No. 44,18th Congress (July 2019 - 2022),https://ldr.senate.gov.ph/bills/senate-bill-no-44-18th-congress-republic,CREATING THE WATER REGULATORY COMMISSION ACT,"AN ACT RATIONALIZING THE ECONOMIC REGULATION OF WATER UTILITIES, CREATING THE WATER REGULATORY COMMISSION AND FOR OTHER PURPOSES",Ralph G. Recto,"July 1, 2019",NATIONAL,WATER REGULATORY COMMISSION,PUBLIC SERVICES,PENDING IN THE COMMITTEE
Senate Bill No. 108,18th Congress (July 2019 - 2022),https://ldr.senate.gov.ph/bills/senate-bill-no-108-18th-congress-republic,NATIONAL COMMISSION ON DISABILITY AFFAIRS ACT,"AN ACT REORGANIZING THE NATIONAL COUNCIL ON DISABILITY AFFAIRS INTO THE NATIONAL COMMISSION ON DISABILITY AFFAIRS, DEFINING ITS POWERS AND FUNCTIONS, APPROPRIATING FUNDS THEREFOR, AND FOR OTHER PURPOSES","ZUBIRI, JUAN MIGUEL ""MIGZ"" F.","July 1, 2019",NATIONAL,NATIONAL COMMISSION ON DISABILITY AFFAIRS,"SOCIAL JUSTICE, WELFARE AND RURAL DEVELOPMENT",PENDING IN THE COMMITTEE
Senate Bill No. 494,18th Congress (July 2019 - 2022),https://ldr.senate.gov.ph/bills/senate-bill-no-494-18th-congress-republic,AMENDING THE PROVISION ON THE 'SITUS OF THE TAX' UNDER SEC. 150 OF R.A.NO. 7160,"AN ACT AMENDING SECTION 150 OF REPUBLIC ACT 7160 , OTHERWISE KNOWN AS 'THE LOCAL GOVERNMENT CODE OF 1991'","SOTTO III, VICENTE C.","July 15, 2019",NATIONAL,LOCAL GOVERNMENT CODE (R.A. NO. 7160) TAXES/TAXATION,LOCAL GOVERNMENT,PENDING IN THE COMMITTEE
Senate Bill No. 440,18th Congress (July 2019 - 2022),https://ldr.senate.gov.ph/bills/senate-bill-no-440-18th-congress-republic,EXPANDING THE PROHIBITED ACTS OF DISCRIMINATION AGAINST WOMEN ON ACCOUNT OF SEX,"AN ACT EXPANDING THE PROHIBITED ACTS OF DISCRIMINATION AGAINST WOMEN ON ACCOUNT OF SEX, AMENDING FOR THE PURPOSE ARTICLES 133 AND 1351 OF PRESIDENTIAL DECREE NO. 442, AS AMENDED, OTHERWISE KNOWN AS THE LABOR CODE OF THE PHILIPPINES","REVILLA JR., RAMON BONG","July 15, 2019",NATIONAL,ANTI-DISCRIMINATION WOMEN LABOR CODE OF THE PHILIPPINES (P.D. NO. 442),"LABOR, EMPLOYMENT AND HUMAN RESOURCES DEVELOPMENT",PENDING IN THE COMMITTEE
Senate Bill No. 565,18th Congress (July 2019 - 2022),https://ldr.senate.gov.ph/bills/senate-bill-no-565-18th-congress-republic,AMENDING R.A.NO. 7277 TO ACCOMMODATE PWDS NEEDING SPECIAL ASSISTANCE OF GUIDE ANIMALS,"AN ACT IMPROVING ACCESS OF PERSONS WITH DISABILITY TO PUBLIC AND PRIVATE FACILITIES, AMENDING FOR THE PURPOSE REPUBLIC ACT NO. 7277 OTHERWISE KNOWN AS THE MAGNA CARTA FOR DISABLED PERSONS","BINAY, MARIA LOURDES NANCY S.","July 17, 2019",NATIONAL,PERSONS WITH DISABILITIES (PWDS) PUBLIC/PRIVATE FACILITIES MAGNA CARTA FOR DISABLED PERSONS GUIDE ANIMALS,"SOCIAL JUSTICE, WELFARE AND RURAL DEVELOPMENT",PENDING IN THE COMMITTEE
Senate Bill No. 529,18th Congress (July 2019 - 2022),https://ldr.senate.gov.ph/bills/senate-bill-no-529-18th-congress-republic,AMENDING COMMONWEALTH ACT NO. 473 (REVISED NATURALIZATION LAW),"AN ACT AMENDING COMMONWEALTH ACT NO. 473, OTHERWISE KNOWN AS THE 'REVISED NATURALIZATION LAW' AND FOR OTHER PURPOSES","ZUBIRI, JUAN MIGUEL ""MIGZ"" F.","July 16, 2019",NATIONAL,REVISED NATURALIZATION LAW (C.A.NO. 473) CITIZENSHIP,JUSTICE AND HUMAN RIGHTS,PENDING IN THE COMMITTEE
Senate Bill No. 771,18th Congress (July 2019 - 2022),https://ldr.senate.gov.ph/bills/senate-bill-no-771-18th-congress-republic,INCREASING THE HAZARD PAY OF ALL PERSONNEL OF THE ARMED FORCES OF THE PHILIPPINES,AN ACT INCREASING THE HAZARD PAY OF ALL PERSONNEL OF THE ARMED FORCES OF THE PHILIPPINES TO TWENTY-FIVE PERCENT (25%) OF THEIR BASE PAY AND PROVIDING FUNDS THEREFOR,"ANGARA, SONNY","July 24, 2019",NATIONAL,HAZARD PAY ARMED FORCES OF THE PHILIPPINES (AFP),"NATIONAL DEFENSE AND SECURITY, PEACE, UNIFICATION AND RECONCILIATION",PENDING IN THE COMMITTEE
Senate Bill No. 828,18th Congress (July 2019 - 2022),https://ldr.senate.gov.ph/bills/senate-bill-no-828-18th-congress-republic,STRENGTHENING THE COMMISSION ON ELECTIONS,"AN ACT STRENGTHENING THE COMMISSION ON ELECTIONS, AMENDING FOR THE PURPOSE PERTINENT PROVISIONS OF BATAS PAMBANSA BLG. 881, AS AMENDED, OTHERWISE KNOWN AS THE 'OMNIBUS ELECTION CODE OF THE PHILIPPINES,' APPROPRIATING FUNDS THEREFOR, AND FOR OTHER PURPOSES","PANGILINAN, FRANCIS ""KIKO"" N.","July 30, 2019",NATIONAL,OMNIBUS ELECTION CODE (BATAS PAMBANSA BLG. 881) COMMISSION ON ELECTION (COMELEC),ELECTORAL REFORMS AND PEOPLES PARTICIPATION,PENDING IN THE COMMITTEE
Senate Bill No. 280,18th Congress (July 2019 - 2022),https://ldr.senate.gov.ph/bills/senate-bill-no-280-18th-congress-republic,URBAN AGRICULTURE AND VERTICAL FARMING ACT,AN ACT TO PROMOTE URBAN AGRICULTURE AND VERTICAL FARMING IN THE COUNTRY'S METROPOLITAN AREAS TO ADDRESS FOOD SECURITY CONCERNS AND REGENERATE ECOSYSTEM FUNCTIONS AND APPROPRIATING FUNDS THEREFOR,"LAPID, MANUEL ""LITO"" M.","July 8, 2019",NATIONAL,URBAN FARMING/CITY GARDEN FOOD SECURITY,"AGRICULTURE, FOOD AND AGRARIAN REFORM",CONSOLIDATED/SUBSTITUTED IN THE COMMITTEE REPORT
Senate Bill No. 634,18th Congress (July 2019 - 2022),https://ldr.senate.gov.ph/bills/senate-bill-no-634-18th-congress-republic,DEPOSITS DISCLOSURE ACT,"AN ACT ALLOWING DISCLOSURE OR DEPOSITS, REPEALING FOR THE PURPOSE PERTINENT LAWS ON SECRECY OF DEPOSITS","PANGILINAN, FRANCIS ""KIKO"" N.","July 22, 2019",NATIONAL,BANK DEPOSITS/BANK ACCOUNTS SECRECY OF BANK DEPOSITS LAW (R.A.NO. 1405),"BANKS, FINANCIAL INSTITUTIONS AND CURRENCIES",PENDING IN THE COMMITTEE
Senate Bill No. 192,18th Congress (July 2019 - 2022),https://ldr.senate.gov.ph/bills/senate-bill-no-192-18th-congress-republic,DEPARTMENT OF SPORTS ACT OF 2019,"AN ACT CREATING THE DEPARTMENT OF SPORTS, DEFINING ITS POWERS AND FUNCTIONS, APPROPRIATING FUNDS THEREFOR, AND FOR OTHER PURPOSES","PACQUIAO, EMMANUEL ""MANNY"" D.","July 2, 2019",NATIONAL,SPORTS DEVELOPMENT PROGRAM DEPARTMENT OF SPORTS,SPORTS,PENDING IN THE COMMITTEE
Senate Bill No. 361,18th Congress (July 2019 - 2022),https://ldr.senate.gov.ph/bills/senate-bill-no-361-18th-congress-republic,STUDENTS' RIGHTS AND WELFARE ACT OF 2019,AN ACT PROVIDING FOR A NATIONAL FRAMEWORK FOR STUDENTS' RIGHTS AND WELFARE,"HONTIVEROS, RISA","July 11, 2019",NATIONAL,N/A,"HIGHER, TECHNICAL AND VOCATIONAL EDUCATION",PENDING IN THE COMMITTEE
Senate Bill No. 680,18th Congress (July 2019 - 2022),https://ldr.senate.gov.ph/bills/senate-bill-no-680-18th-congress-republic,EXPANDED MATERNAL AND INFANT CARE ACT,AN ACT ESTABLISHING A MATERNAL AND INFANT HEALTH HOME VISITATION PROGRAM,"REVILLA JR., RAMON BONG","July 22, 2019",NATIONAL,MATERNAL/INFANT HEALTH,"WOMEN, CHILDREN, FAMILY RELATIONS AND GENDER EQUALITY",PENDING IN THE COMMITTEE
Senate Bill No. 179,18th Congress (July 2019 - 2022),https://ldr.senate.gov.ph/bills/senate-bill-no-179-18th-congress-republic,HUMAN RIGHTS DEFENDERS PROTECTION ACT,AN ACT TO PROMOTE AND PROTECT THE RIGHTS OF HUMAN RIGHTS DEFENDERS,"DE LIMA, LEILA M.","July 2, 2019",NATIONAL,HUMAN RIGHTS/HUMAN RIGHTS VIOLATIONS,JUSTICE AND HUMAN RIGHTS,PENDING IN THE COMMITTEE
Senate Bill No. 866,18th Congress (July 2019 - 2022),https://ldr.senate.gov.ph/bills/senate-bill-no-866-18th-congress-republic,"AMENDING THE REVISED CHARTER OF THE PHILIPPINE CROP INSURANCE CORPORATION ACT OF 1995, AS AMENDED","AN ACT INSTITUTIONALIZING THE PROVISION OF CROP INSURANCE FOR THE FISHERIES, LIVESTOCK AND POULTRY SECTORS, AMENDING FOR THE PURPOSE SECTION 1 OF PRESIDENTIAL DECREE NO. 1647, AS AMENDED, OTHERWISE KNOWN AS THE 'REVISED CHARTER OF THE PHILIPPINE CROP INSURANCE CORPORATION ACT OF 1995'","POE, GRACE","August 5, 2019",NATIONAL,PHILIPPINE CROP INSURANCE CORPORATION FISHERIES AND AQUATIC RESOURCES LIVESTOCK POULTRY,GOVERNMENT CORPORATIONS AND PUBLIC ENTERPRISES,PENDING IN THE COMMITTEE
Senate Bill No. 3,18th Congress (July 2019 - 2022),https://ldr.senate.gov.ph/bills/senate-bill-no-3-18th-congress-republic,PRESIDENTIAL DRUG ENFORCEMENT AUTHORITY ACT,"AN ACT AMENDING ARTICLE IX OF REPUBLIC ACT 9165, OTHERWISE KNOWN AS THE COMPREHENSIVE DRUGS ACT OF 2002, AND CREATING THE PRESIDENTIAL DRUG ENFORCEMENT AUTHORITY, AND FOR OTHER PURPOSES","SOTTO III, VICENTE C.","July 1, 2019",NATIONAL,"PRESIDENTIAL DRUG ENFORCEMENT AUTHORITY DANGEROUS DRUGS ACT OF 2002, R.A.NO. 9165 ILLEGAL DRUGS",PUBLIC ORDER AND DANGEROUS DRUGS,PENDING IN THE COMMITTEE
Senate Bill No. 77,18th Congress (July 2019 - 2022),https://ldr.senate.gov.ph/bills/senate-bill-no-77-18th-congress-republic,"RETIREMENT BENEFIT FOR BARANGAY OFFICIALS, BARANGAY TANODS, BARANGAY HEALTH AND DAY CARE WORKERS","AN ACT PROVIDING BARANGAY OFFICIALS, INCLUDING BARANGAY TANODS, MEMBERS OF THE LUPON NG TAGAPAMAYAPA, BARANGAY HEALTH WORKERS AND BARANGAY DAY CARE WORKERS A RETIREMENT BENEFIT","REVILLA JR., RAMON BONG","July 1, 2019",NATIONAL,RETIREMENT BENEFITS BARANGAY DAY CARE BARANGAY HEALTH WORKER BARANGAY OFFICIALS BARANGAY TANOD BRIGADES LUPON NG TAGAPAMAYAPA,LOCAL GOVERNMENT,PENDING IN THE COMMITTEE
Senate Bill No. 377,18th Congress (July 2019 - 2022),https://ldr.senate.gov.ph/bills/senate-bill-no-377-18th-congress-republic,INTELLIGENCE OVERSIGHT ACT OF 2019,"AN ACT ENSURING ACCOUNTABILITY IN INTELLIGENCE ACTIVITIES AND THE USE OF INTELLIGENCE AND CONFIDENTIAL FUNDS GRANTED TO ALL GOVERNMENT AGENCIES, ESTABLISHING FOR THE PURPOSE A JOINT CONGRESSIONAL INTELLIGENCE COMMITTEE TO STRENGTHEN THE OVERSIGHT POWERS OF CONGRESS TO MONITOR INTELLIGENCE ACTIVITIES OF ALL AGENCIES OF THE PHILIPPINE GOVERNMENT AND TO OVERSEE HOW INTELLIGENCE AND CONFIDENTIAL FUNDS ARE EXPENDED, AND FOR OTHER PURPOSES","DE LIMA, LEILA M.","July 11, 2019",NATIONAL,INTELLIGENCE FUNDS/CONFIDENTIAL FUNDS GOVERNMENT AGENCIES,"NATIONAL DEFENSE AND SECURITY, PEACE, UNIFICATION AND RECONCILIATION",PENDING IN THE COMMITTEE
Senate Bill No. 475,18th Congress (July 2019 - 2022),https://ldr.senate.gov.ph/bills/senate-bill-no-475-18th-congress-republic,EXPANDING THE COVERAGE OF MICRO ENTERPRISES,"AN ACT EXPANDING THE COVERAGE OF MICRO ENTERPRISES AS BENEFICIARIES OF THE MAGNA CARTA FOR MICRO, SMALL AND MEDIUM ENTERPRISES, AMENDING FOR THE PURPOSE REPUBLIC ACT NO. 6977, AS AMENDED",Ralph G. Recto,"July 15, 2019",NATIONAL,"MICRO, SMALL AND MEDIUM ENTERPRISES (MSMES)","TRADE, COMMERCE AND ENTREPRENEURSHIP",PENDING IN THE COMMITTEE
Senate Bill No. 881,18th Congress (July 2019 - 2022),https://ldr.senate.gov.ph/bills/senate-bill-no-881-18th-congress-republic,AMENDING SECTION 150 OF THE LOCAL GOVERNMENT CODE OF 1991,"AN ACT AMENDING SECTION 150 OF REPUBLIC ACT NO. 7160, OTHERWISE KNOWN AS THE LOCAL GOVERNMENT CODE OF 1991, FOR THE PURPOSE OF STRENGTHENING ITS ENFORCEMENT AND IMPLEMENTATION","GATCHALIAN, WIN","August 8, 2019",NATIONAL,TAXES/TAXATION LOCAL GOVERNMENT CODE (R.A. NO. 7160),LOCAL GOVERNMENT,PENDING IN THE COMMITTEE
Senate Bill No. 969,18th Congress (July 2019 - 2022),https://ldr.senate.gov.ph/bills/senate-bill-no-969-18th-congress-republic,GRANTING PHILIPPINE CITIZENSHIP TO EGOR DMITRIEV,AN ACT GRANTING PHILIPPINE CITIZENSHIP TO EGOR DMITRIEV,"PACQUIAO, EMMANUEL ""MANNY"" D.","August 27, 2019",NATIONAL,CITIZENSHIP,RULES,PENDING IN THE COMMITTEE
Senate Bill No. 388,18th Congress (July 2019 - 2022),https://ldr.senate.gov.ph/bills/senate-bill-no-388-18th-congress-republic,SIM CARD REGISTRATION,AN ACT REQUIRING THE REGISTRATION OF SUBSCRIBER IDENTITY MODULE (SIM) CARDS IN MOBILE PHONES,"PACQUIAO, EMMANUEL ""MANNY"" D.","July 11, 2019",NATIONAL,SIM CARD REGISTRATION CELLULAR PHONES/CELL PHONES MOBILE WIRELESS DEVICES,PUBLIC SERVICES,CONSOLIDATED/SUBSTITUTED IN THE COMMITTEE REPORT
Senate Bill No. 141,18th Congress (July 2019 - 2022),https://ldr.senate.gov.ph/bills/senate-bill-no-141-18th-congress-republic,DEPARTMENT OF MIGRATION AND DEVELOPMENT ACT OF 2019,"AN ACT CREATING THE DEPARTMENT OF MIGRATION AND DEVELOPMENT, DEFINING ITS POWERS AND FUNCTIONS, APPROPRIATING FUNDS THEREFOR, AND FOR OTHER PURPOSES","VILLAR, CYNTHIA A.","July 2, 2019",NATIONAL,DEPARTMENT OF MIGRATION AND DEVELOPMENT OVERSEAS FILIPINO WORKERS (OFWS)/ MIGRANT WORKERS,"LABOR, EMPLOYMENT AND HUMAN RESOURCES DEVELOPMENT",CONSOLIDATED/SUBSTITUTED IN THE COMMITTEE REPORT
Senate Bill No. 647,18th Congress (July 2019 - 2022),https://ldr.senate.gov.ph/bills/senate-bill-no-647-18th-congress-republic,HANDICAPPED CHILDREN AND YOUTH ACT OF 2019,AN ACT PROVIDING FREE AND SUITABLE PUBLIC EDUCATION FOR HANDICAPPED CHILDREN AND APPROPRIATING FUNDS THEREFOR,"REVILLA JR., RAMON BONG","July 22, 2019",NATIONAL,HANDICAPPED/DISABLED/DIFFERENTLY ABLED SPECIAL EDUCATION CHILDREN/CHILD CARE YOUTH,"BASIC EDUCATION, ARTS AND CULTURE",PENDING IN THE COMMITTEE
Senate Bill No. 215,18th Congress (July 2019 - 2022),https://ldr.senate.gov.ph/bills/senate-bill-no-215-18th-congress-republic,BARANGAY WORKERS INCENTIVES ACT,"AN ACT PROVIDING INCENTIVES TO ALL BARANGAY OFFICIALS, INCLUDING BARANGAY TANODS AND MEMBERS OF THE LUPONG TAGAPAMAYAPA, AND BARANGAY EMPLOYEES","TOLENTINO, FRANCIS ""TOL"" N.","July 2, 2019",NATIONAL,BARANGAY OFFICIALS BARANGAY TANOD BRIGADES LUPON NG TAGAPAMAYAPA,LOCAL GOVERNMENT,PENDING IN THE COMMITTEE
Senate Bill No. 718,18th Congress (July 2019 - 2022),https://ldr.senate.gov.ph/bills/senate-bill-no-718-18th-congress-republic,"BANNING THE SALE, PURCHASE AND CONSUMPTION OF SHARK FIN","AN ACT BANNING THE SALE, PURCHASE, POSSESSION, TRANSPORTATION, IMPORTATION, AND EXPORTATION OF SHARK FIN AND FOOD CONTAINING SHARK FIN","PIMENTEL, AQUILINO ""KOKO"" III","July 24, 2019",NATIONAL,SHARK FINS,"AGRICULTURE, FOOD AND AGRARIAN REFORM",PENDING IN THE COMMITTEE
Senate Bill No. 910,18th Congress (July 2019 - 2022),https://ldr.senate.gov.ph/bills/senate-bill-no-910-18th-congress-republic,PROFESSIONALIZATION OF PRISON MANAGEMENT ACT OF 2019,"AN ACT TO PROFESSIONALIZE THE PRACTICE OF PRISON MANAGEMENT AND SET FOR THAT PURPOSE THE QUALIFICATIONS FOR SUPERINTENDENTS OF THE NATIONAL PRISON SYSTEM AND WARDENS OF PROVINCIAL, CITY OR MUNICIPAL JAILS","REVILLA JR., RAMON BONG","August 15, 2019",NATIONAL,PRISON MANAGEMENT/PRISON REFORM,JUSTICE AND HUMAN RIGHTS,PENDING IN THE COMMITTEE
Senate Bill No. 974,18th Congress (July 2019 - 2022),https://ldr.senate.gov.ph/bills/senate-bill-no-974-18th-congress-republic,MEASURES FOR THE IMPLEMENTATION OF GOOD CONDUCT TIME ALLOWANCE,"AN ACT DEFINING GOOD CONDUCT, INSTITUTING ADDITIONAL MEASURES FOR THE IMPLEMENTATION OF GOOD CONDUCT TIME ALLOWANCE, AMENDING FOR THIS PURPOSE ARTICLES 97 AND 99 OF ACT NO. 3815, AS AMENDED, OTHERWISE KNOWN AS THE REVISED PENAL CODE","GORDON, RICHARD J.","August 28, 2019",NATIONAL,GOOD CONDUCT TIME ALLOWANCE (GCTA R.A.NO. 10592) REVISED PENAL CODE (R.A. NO. 3815),JUSTICE AND HUMAN RIGHTS,PENDING IN THE COMMITTEE
Senate Bill No. 401,18th Congress (July 2019 - 2022),https://ldr.senate.gov.ph/bills/senate-bill-no-401-18th-congress-republic,WASTE TO ENERGY ACT OF 2019,"AN ACT ALLOWING THE USE OF WASTE TO ENERGY TECHNOLOGY IN ELECTRICITY, FUEL AND HEAT GENERATION, AND FOR OTHER PURPOSES","TOLENTINO, FRANCIS ""TOL"" N.","July 11, 2019",NATIONAL,WASTE-TO-ENERGY TECHNOLOGIES WASTE MANAGEMENT ENERGY Electricity,ENERGY,CONSOLIDATED/SUBSTITUTED IN THE COMMITTEE REPORT
Senate Bill No. 432,18th Congress (July 2019 - 2022),https://ldr.senate.gov.ph/bills/senate-bill-no-432-18th-congress-republic,FISCAL AND MONETARY REPORT ACT OF 2019,"AN ACT MANDATING THE SECRETARIES OF THE DEPARTMENT OF FINANCE, NATIONAL ECONOMIC AND DEVELOPMENT AUTHORITY, AND DEPARTMENT OF BUDGET AND MANAGEMENT, AND THE GOVERNOR OF THE BANGKO SENTRAL NG PILIPINAS, TO APPEAR BIANNUALLY BEFORE A JOINT CONGRESSIONAL OVERSIGHT COMMITTEE REPORT ON THE STATUS AND DIRECTIONS OF THE FISCAL AND MONETARY POLICIES OF THE STATE","REVILLA JR., RAMON BONG","July 15, 2019",NATIONAL,FISCAL AND MONETARY REPORT DEPARTMENT OF FINANCE NATIONAL ECONOMIC DEVELOPMENT AUTHORITY (NEDA) DEPARTMENT OF BUDGET AND MANAGEMENT (DBM) BANGKO SENTRAL NG PILIPINAS (BSP),ECONOMIC AFFAIRS,CONSOLIDATED/SUBSTITUTED IN THE COMMITTEE REPORT
Senate Bill No. 1048,18th Congress (July 2019 - 2022),https://ldr.senate.gov.ph/bills/senate-bill-no-1048-18th-congress-republic,PROVIDING FOR DIRECT FINANCIAL ASSISTANCE TO BACKYARD LIVESTOCK RAISERS,"AN ACT PROVIDING FOR DIRECT FINANCIAL ASSISTANCE TO BACKYARD LIVESTOCK RAISERS AFFECTED BY MAJOR ANIMAL DISEASE EPIDEMIC OR TRANSBOUNDARY ANIMAL DISEASES, AMENDING FOR THE PURPOSE REPUBLIC ACT NO. 1578, AND FOR OTHER PURPOSES",Ralph G. Recto,"September 16, 2019",NATIONAL,BACKYARD LIVESTOCK RAISERS FINANCIAL ASSISTANCE TRANSBOUNDARY ANIMAL DISEASES LIVESTOCK,"AGRICULTURE, FOOD AND AGRARIAN REFORM",PENDING IN THE COMMITTEE
Senate Bill No. 592,18th Congress (July 2019 - 2022),https://ldr.senate.gov.ph/bills/senate-bill-no-592-18th-congress-republic,LABOR SECTOR TAX RELIEF,"AN ACT PROVIDING TAX RELIEF TO THE LABOR SECTOR BY EXPANDING THE COVERAGE OF EXCLUSIONS FROM GROSS INCOME AND INCREASING THE AMOUNTS OF DE MINIMIS BENEFITS EXEMPT FROM TAX AMENDING FOR THE PURPOSE SECTIONS 32(B) AND 33 OF THE NATIONAL INTERNAL REVENUE CODE OF 1997, AS AMENDED, AND FOR OTHER PURPOSES",Ralph G. Recto,"July 17, 2019",NATIONAL,NATIONAL INTERNAL REVENUE CODE (NIRC) LABOR SECTOR TAX EXEMPTION,WAYS AND MEANS,PENDING IN THE COMMITTEE
Senate Bill No. 607,18th Congress (July 2019 - 2022),https://ldr.senate.gov.ph/bills/senate-bill-no-607-18th-congress-republic,LOCAL GOVERNMENT EMPOWERMENT,"AN ACT PROMOTING LOCAL GOVERNMENT EMPOWERMENT IN ORDER TO ACHIEVE INCLUSIVE DEVELOPMENT, AMENDING FOR THE PURPOSE SECTION 284 OF REPUBLIC ACT NO. 7160, OTHERWISE KNOWN AS THE LOCAL GOVERNMENT CODE OF 1991","VILLANUEVA, JOEL","July 18, 2019",NATIONAL,LOCAL GOVERNMENT CODE (R.A. NO. 7160) INTERNAL REVENUE ALLOTMENT (LOCAL GOVERNMENT UNITS),LOCAL GOVERNMENT,PENDING IN THE COMMITTEE
Senate Bill No. 804,18th Congress (July 2019 - 2022),https://ldr.senate.gov.ph/bills/senate-bill-no-804-18th-congress-republic,INCLUSIVE EDUCATION FOR CHILDREN AND YOUTH WITH SPECIAL NEEDS,"AN ACT INSTITUTING INCLUSIVE EDUCATION, ESTABLISHING INCLUSIVE EDUCATION LEARNING RESOURCE CENTERS FOR CHILDREN AND YOUTH WITH SPECIAL NEEDS (CYSNS) IN ALL PUBLIC SCHOOLS DIVISIONS, PROVIDING FOR STANDARDS AND GUIDELINES, AND APPROPRIATING FUNDS THEREFOR","REVILLA JR., RAMON BONG","July 29, 2019",NATIONAL,INCLUSIVE EDUCATION CHILDREN AND YOUTH WITH SPECIAL NEEDS (CYSN),"BASIC EDUCATION, ARTS AND CULTURE",CONSOLIDATED/SUBSTITUTED IN THE COMMITTEE REPORT
Senate Bill No. 162,18th Congress (July 2019 - 2022),https://ldr.senate.gov.ph/bills/senate-bill-no-162-18th-congress-republic,GIRLS NOT BRIDES ACT OF 2019,"AN ACT PROTECTING CHILDREN BY PROHIBITING AND DECLARING CHILD MARRIAGE AS ILLEGAL, AND IMPOSING PENALTIES THEREOF","HONTIVEROS, RISA","July 2, 2019",NATIONAL,CHILD MARRIAGE,"WOMEN, CHILDREN, FAMILY RELATIONS AND GENDER EQUALITY",CONSOLIDATED/SUBSTITUTED IN THE COMMITTEE REPORT
Senate Bill No. 667,18th Congress (July 2019 - 2022),https://ldr.senate.gov.ph/bills/senate-bill-no-667-18th-congress-republic,INDIVIDUALS' HEALTH AND SAFETY ACT,"AN ACT SEEKING TO PROTECT THE HEALTH AND SAFETY OF INDIVIDUALS INVOLVED IN GARBAGE COLLECTION, WORKING IN DUMPSITES OR ASSIGNED IN DISASTER AREAS AND FOR OTHER PURPOSES","REVILLA JR., RAMON BONG","July 22, 2019",NATIONAL,GARBAGE COLLECTORS,HEALTH AND DEMOGRAPHY,PENDING IN THE COMMITTEE
Senate Bill No. 247,18th Congress (July 2019 - 2022),https://ldr.senate.gov.ph/bills/senate-bill-no-247-18th-congress-republic,ANTI- CONTRABAND IN PRISON ACT OF 2019,"AN ACT PENALIZING ANY PERSON PROVIDING OR POSSESSING CONTRABAND AND THOSE WHO SHALL AID OR ABET THE INTRODUCTION OF THE SAME INSIDE ANY PRISON FACILITY ADMINISTERED BY THE DEPARTMENT OF JUSTICE, PROVIDING PENALTIES THEREFORE AND FOR OTHER PURPOSES","LACSON, PANFILO M.","July 8, 2019",NATIONAL,CONTRABAND DETENTION FACILITIES JAIL FACILITY/PRISON FACILITY DEPARTMENT OF JUSTICE (DOJ),JUSTICE AND HUMAN RIGHTS,PENDING IN THE COMMITTEE
Senate Bill No. 739,18th Congress (July 2019 - 2022),https://ldr.senate.gov.ph/bills/senate-bill-no-739-18th-congress-republic,INCREASING THE AGE FOR DETERMINING STATUTORY RAPE,"AN ACT INCREASING THE AGE FOR DETERMINING STATUTORY RAPE TO PROVIDE STRONGER PROTECTION FOR CHILDREN, AMENDING FOR THIS PURPOSE ACT NO. 3815, AS AMENDED, ALSO KNOWN AS THE REVISED PENAL CODE","GATCHALIAN, WIN","July 24, 2019",NATIONAL,STATUTORY RAPE AGE OF CRIMINAL RESPONSIBILITY REVISED PENAL CODE (R.A. NO. 3815),JUSTICE AND HUMAN RIGHTS,CONSOLIDATED/SUBSTITUTED IN THE COMMITTEE REPORT
Senate Bill No. 870,18th Congress (July 2019 - 2022),https://ldr.senate.gov.ph/bills/senate-bill-no-870-18th-congress-republic,BANANA EXPORT ACT OF 2019,"AN ACT URGING THE PLANNING, EVALUATION, AND PROMOTION OF BANANA FOR INTERNATIONAL EXPORT, ESTABLISHING THE BANANA EXPORT DEVELOPMENT COUNCIL, AND PROVIDING FUNDS THEREFOR","MARCOS, IMEE R.","August 6, 2019",NATIONAL,BANANA EXPORT DEVELOPMENT COUNCIL,"AGRICULTURE, FOOD AND AGRARIAN REFORM",PENDING IN THE COMMITTEE
Senate Bill No. 942,18th Congress (July 2019 - 2022),https://ldr.senate.gov.ph/bills/senate-bill-no-942-18th-congress-republic,PROTECTION OF WATERSHEDS FOR IRRIGATION ACT,"AN ACT FOR THE PROTECTION, CONSERVATION AND REHABILITATION OF WATERSHEDS SUPPORTING THE NATIONAL IRRIGATION SYSTEM (NIS) TO ENSURE CONTINUOUS SUPPLY OF WATER FOR AGRICULTURAL PRODUCTION AND SELF-SUFFICIENCY IN FOOD AND PROVIDING FUNDS FOR THE PURPOSE","POE, GRACE","August 20, 2019",NATIONAL,WATERSHEDS IRRIGATION,PUBLIC WORKS,PENDING IN THE COMMITTEE
Senate Bill No. 411,18th Congress (July 2019 - 2022),https://ldr.senate.gov.ph/bills/senate-bill-no-411-18th-congress-republic,CREATIVE INDUSTRIES CHARTER OF 2019,AN ACT TO DEVELOP AND PROMOTE THE CREATIVE INDUSTRIES OF THE PHILIPPINES,"MARCOS, IMEE R.","July 11, 2019",NATIONAL,CREATIVE INDUSTRY,"TRADE, COMMERCE AND ENTREPRENEURSHIP",CONSOLIDATED/SUBSTITUTED IN THE COMMITTEE REPORT
Senate Bill No. 462,18th Congress (July 2019 - 2022),https://ldr.senate.gov.ph/bills/senate-bill-no-462-18th-congress-republic,EXPANDING THE JURISDICTION OF THE PHILIPPINE DRUG ENFORCEMENT AGENCY,"AN ACT EXPANDING THE JURISDICTION OF THE PHILIPPINE DRUG ENFORCEMENT AGENCY, DEFINING THE PROSECUTORIAL POWERS PROVIDED THERETO, AND AMENDING FOR THE PURPOSE REPUBLIC ACT NO. 9165, OTHERWISE KNOWN AS THE COMPREHENSIVE DANGEROUS DRUGS ACT OF 2002, AS AMENDED","REVILLA JR., RAMON BONG","July 15, 2019",NATIONAL,PHILIPPINE DRUG ENFORCEMENT AGENCY (PDEA) COMPREHENSIVE DANGEROUS DRUGS ACT OF 2002 (R.A. NO. 9165),PUBLIC ORDER AND DANGEROUS DRUGS,PENDING IN THE COMMITTEE
Senate Bill No. 1016,18th Congress (July 2019 - 2022),https://ldr.senate.gov.ph/bills/senate-bill-no-1016-18th-congress-republic,AMENDING CERTAIN PROVISIONS OF R. A. NO. 10912 (CONTINUING PROFESSIONAL DEVELOPMENT ACT OF 2016),"AN ACT AMENDING CERTAIN PROVISIONS OF REPUBLIC ACT NO. 10912, OTHERWISE KNOWN AS THE 'CONTINUING PROFESSIONAL DEVELOPMENT ACT OF 2016","REVILLA JR., RAMON BONG","September 9, 2019",NATIONAL,CONTINUING PROFESSIONAL DEVELOPMENT (R.A.NO. 10912),"CIVIL SERVICE, GOVERNMENT REORGANIZATION AND PROFESSIONAL REGULATION",PENDING IN THE COMMITTEE
Senate Bill No. 1080,18th Congress (July 2019 - 2022),https://ldr.senate.gov.ph/bills/senate-bill-no-1080-18th-congress-republic,PUBLIC-PRIVATE PARTNERSHIPS (PPP) ACT,"AN ACT INSTITUTIONALIZING PUBLIC-PRIVATE PARTNERSHIPS (PPP), CREATING THE PPP CENTER, APPROPRIATING FUNDS THEREFOR, AND FOR OTHER PURPOSES",Ralph G. Recto,"September 30, 2019",NATIONAL,PUBLIC-PRIVATE PARTNERSHIP (PPP) PROJECTS,PUBLIC WORKS,CONSOLIDATED/SUBSTITUTED IN THE COMMITTEE REPORT
Senate Bill No. 560,18th Congress (July 2019 - 2022),https://ldr.senate.gov.ph/bills/senate-bill-no-560-18th-congress-republic,"ANTI 'NO PERMIT, NO EXAM' POLICY ACT OF 2019","AN ACT PENALIZING THE IMPOSITION OF A 'NO PERMIT, NO EXAM' POLICY OR ANY SUCH POLICY THAT PROHIBITS STUDENTS IN ALL EDUCATIONAL INSTITUTIONS FROM TAKING THEIR PERIODIC, PRELIMS, MIDTERM OR FINAL EXAMINATIONS DUE TO UNPAID TUITION AND OTHER SCHOOL FEES","PACQUIAO, EMMANUEL ""MANNY"" D.","July 16, 2019",NATIONAL,"NO PERMIT, NO EXAM POLICY TUITION FEES STUDENTS","BASIC EDUCATION, ARTS AND CULTURE",PENDING IN THE COMMITTEE
Senate Bill No. 524,18th Congress (July 2019 - 2022),https://ldr.senate.gov.ph/bills/senate-bill-no-524-18th-congress-republic,PHILIPPINE BAMBOO INDUSTRY DEVELOPMENT ACT OF 2019,"AN ACT INSTITUTIONALIZING THE BAMBOO INDUSTRY DEVELOPMENT IN THE PHILIPPINES, CREATING THE BAMBOO INDUSTRY RESEARCH AND DEVELOPMENT CENTER (BIRDC), APPROPRIATING FUNDS THEREFOR, AND FOR OTHER PURPOSES","ZUBIRI, JUAN MIGUEL ""MIGZ"" F.","July 16, 2019",NATIONAL,BAMBOO INDUSTRY,"TRADE, COMMERCE AND ENTREPRENEURSHIP",CONSOLIDATED/SUBSTITUTED IN THE COMMITTEE REPORT
Senate Bill No. 254,18th Congress (July 2019 - 2022),https://ldr.senate.gov.ph/bills/senate-bill-no-254-18th-congress-republic,ESTABLISHING THE PHILIPPINE AIR FORCE ACADEMY (PAFA),AN ACT ESTABLISHING THE PHILIPPINE AIR FORCE ACADEMY (PAFA) AND APPROPRIATING FUNDS THEREFOR,"LACSON, PANFILO M.","July 8, 2019",NATIONAL,PHILIPPINE AIR FORCE ACADEMY (PAFA),"NATIONAL DEFENSE AND SECURITY, PEACE, UNIFICATION AND RECONCILIATION",PENDING IN THE COMMITTEE
Senate Bill No. 772,18th Congress (July 2019 - 2022),https://ldr.senate.gov.ph/bills/senate-bill-no-772-18th-congress-republic,MILITARY DEPENDENTS BENEFITS ÁCT,"AN ACT PROVIDING FOR BENEFITS TO MILITARY DEPENDENTS, CREATING THE MILITARY DEPENDENTS WELFARE OFFICE, APPROPRIATING FUNDS THEREFOR AND FOR OTHER PURPOSES","ANGARA, SONNY","July 24, 2019",NATIONAL,MILITARY DEPENDENTS BENEFITS,"NATIONAL DEFENSE AND SECURITY, PEACE, UNIFICATION AND RECONCILIATION",PENDING IN THE COMMITTEE
Senate Bill No. 124,18th Congress (July 2019 - 2022),https://ldr.senate.gov.ph/bills/senate-bill-no-124-18th-congress-republic,THE PHILIPPINE DISASTER RISK REDUCTION AND MANAGEMENT SYSTEM ACT OF 2019,"AN ACT REORGANIZING AND STRENGTHENING THE DISASTER RISK REDUCTION AND MANAGEMENT SYSTEM OF THE PHILIPPINES, ESTABLISHING FOR THE PURPOSE THE DEPARTMENT OF DISASTER RESILIENCE AND EMERGENCY MANAGEMENT, EMPOWERING THE REGIONAL FIELD OFFICES, ESTABLISHING COORDINATING MECHANISMS, STRENGTHENING COMMUNITY PARTICIPATION, APPROPRIATING FUNDS THEREFOR, AND FOR OTHER PURPOSES","POE, GRACE","July 2, 2019",NATIONAL,PHILIPPINE DISASTER RISK REDUCTION AND MANAGEMENT ACT OF 2010 (R.A.NO. 10121) DEPARTMENT OF DISASTER RESILIENCE DISASTER RISK REDUCTION AND MANAGEMENT,"NATIONAL DEFENSE AND SECURITY, PEACE, UNIFICATION AND RECONCILIATION",PENDING IN THE COMMITTEE
Senate Bill No. 829,18th Congress (July 2019 - 2022),https://ldr.senate.gov.ph/bills/senate-bill-no-829-18th-congress-republic,EXEMPTING PETROLEUM PRODUCTS FROM VALUE-ADDED TAX,"AN ACT EXEMPTING THE SALE OR IMPORTATION OF PETROLEUM PRODUCTS AND SALE OF ELECTRICITY FROM THE VALUE-ADDED TAX, AMENDING FOR THIS PURPOSE SECTIONS 108 AND 109 OF THE NATIONAL INTERNAL REVENUE CODE OF 1997, AS AMENDED",Ralph G. Recto,"July 30, 2019",NATIONAL,TAX EXEMPTION TAX REFORM FOR ACCELERATION AND INCLUSION ACT (TRAIN) TAXES (VALUE-ADDED TAX / VAT) Petroleum products NATIONAL INTERNAL REVENUE CODE (NIRC),WAYS AND MEANS,PENDING IN THE COMMITTEE
Senate Bill No. 1091,18th Congress (July 2019 - 2022),https://ldr.senate.gov.ph/bills/senate-bill-no-1091-18th-congress-republic,RECOGNIZING HAZING AS A HEINOUS CRIME,"AN ACT RECOGNIZING HAZING AS A HEINOUS CRIME, AMENDING FOR THE PURPOSE REPUBLIC ACT NO. 7659, AS AMENDED, OTHERWISE KNOWN AS DEATH PENALTY LAW","ZUBIRI, JUAN MIGUEL ""MIGZ"" F.","October 1, 2019",NATIONAL,Hazing Death penalty HEINOUS CRIMES,JUSTICE AND HUMAN RIGHTS,PENDING IN THE COMMITTEE
Senate Bill No. 571,18th Congress (July 2019 - 2022),https://ldr.senate.gov.ph/bills/senate-bill-no-571-18th-congress-republic,"BANNING A NO PERMIT, NO EXAM POLICY ACT","AN ACT PROHIBITING A 'NO PERMIT, NO EXAM' POLICY OR ANY SUCH POLICY THAT PREVENTS STUDENTS OF ANY EDUCATIONAL INSTITUTION FROM TAKING THEIR EXAMINATIONS DUE TO UNPAID TUITION AND OTHER SCHOOL FEES","BINAY, MARIA LOURDES NANCY S.","July 17, 2019",NATIONAL,"NO PERMIT, NO EXAM POLICY educational institutions STUDENTS","BASIC EDUCATION, ARTS AND CULTURE",PENDING IN THE COMMITTEE
Senate Bill No. 535,18th Congress (July 2019 - 2022),https://ldr.senate.gov.ph/bills/senate-bill-no-535-18th-congress-republic,REDUCING THE CORPORATE INCOME TAX RATE,"AN ACT REDUCING THE CORPORATE INCOME TAX RATE, AMENDING SECTIONS 27 AND 28 OF THE NATIONAL INTERNAL REVENUE CODE OF 1997, AS AMENDED, FOR OTHER PURPOSES","ZUBIRI, JUAN MIGUEL ""MIGZ"" F.","July 16, 2019",NATIONAL,TAXES (CORPORATE INCOME TAX RATE) NATIONAL INTERNAL REVENUE CODE (NIRC),WAYS AND MEANS,CONSOLIDATED/SUBSTITUTED IN THE COMMITTEE REPORT
Senate Bill No. 260,18th Congress (July 2019 - 2022),https://ldr.senate.gov.ph/bills/senate-bill-no-260-18th-congress-republic,COMPREHENSIVE NURSING LAW OF 2019,"AN ACT PROVIDING FOR A COMPREHENSIVE NURSING LAW TOWARDS QUALITY HEALTH CARE SYSTEM, AND APPROPRIATING FUNDS THEREFOR","PANGILINAN, FRANCIS ""KIKO"" N.","July 8, 2019",NATIONAL,COMPREHENSIVE NURSING LAW NURSES/NURSING,"CIVIL SERVICE, GOVERNMENT REORGANIZATION AND PROFESSIONAL REGULATION",PENDING IN THE COMMITTEE
Senate Bill No. 783,18th Congress (July 2019 - 2022),https://ldr.senate.gov.ph/bills/senate-bill-no-783-18th-congress-republic,RURAL EMPLOYMENT ASSISTANCE PROGRAM ACT,AN ACT PROVIDING FOR A RURAL EMPLOYMENT ASSISTANCE PROGRAM AND APPROPRIATING FUNDS THEREFOR,"DE LIMA, LEILA M.","July 25, 2019",NATIONAL,RURAL EMPLOYMENT,"SOCIAL JUSTICE, WELFARE AND RURAL DEVELOPMENT",PENDING IN THE COMMITTEE
Senate Bill No. 338,18th Congress (July 2019 - 2022),https://ldr.senate.gov.ph/bills/senate-bill-no-338-18th-congress-republic,INCLUSIVE EDUCATION FOR CHILDREN AND YOUTH WITH SPECIAL NEEDS ACT,"AN ACT INSTITUTING INCLUSIVE EDUCATION, ESTABLISHING INCLUSIVE EDUCATION LEARNING RESOURCE CENTERS FOR CHILDREN AND YOUTH WITH SPECIAL NEEDS (CYSNS) IN ALL PUBLIC SCHOOLS DIVISIONS, PROVIDING FOR STANDARDS AND GUIDELINES, AND APPROPRIATING FUNDS THEREOF","VILLAR, CYNTHIA A.","July 11, 2019",NATIONAL,INCLUSIVE EDUCATION CHILDREN AND YOUTH WITH SPECIAL NEEDS (CYSN) YOUTH,"BASIC EDUCATION, ARTS AND CULTURE",CONSOLIDATED/SUBSTITUTED IN THE COMMITTEE REPORT
Senate Bill No. 838,18th Congress (July 2019 - 2022),https://ldr.senate.gov.ph/bills/senate-bill-no-838-18th-congress-republic,ENHANCING PUBLIC FINANCIAL MANAGEMENT IN LOCAL GOVERNMENT UNITS,"AN ACT TO ENHANCE PUBLIC FINANCIAL MANAGEMENT IN LOCAL GOVERNMENT UNITS BY AMENDING CERTAIN PROVISIONS IN REPUBLIC ACT NO. 7160, OTHERWISE KNOWN AS THE 'LOCAL GOVERNMENT CODE OF 1991'","ANGARA, SONNY","July 31, 2019",NATIONAL,LOCAL GOVERNMENT UNITS (LGUs) PUBLIC FINANCIAL MANAGEMENT (PFM) LOCAL GOVERNMENT CODE (R.A. NO. 7160),LOCAL GOVERNMENT,PENDING IN THE COMMITTEE
Senate Bill No. 146,18th Congress (July 2019 - 2022),https://ldr.senate.gov.ph/bills/senate-bill-no-146-18th-congress-republic,AMENDING R.A. NO. 10068 (ORGANIC AGRICULTURE ACT OF 2010),AN ACT AMENDING CERTAIN SECTIONS OF REPUBLIC ACT NO. 10068 OR THE ORGANIC AGRICULTURE ACT 2010,"VILLAR, CYNTHIA A.","July 2, 2019",NATIONAL,ORGANIC AGRICULTURE/ORGANIC FARMING,"AGRICULTURE, FOOD AND AGRARIAN REFORM",CONSOLIDATED/SUBSTITUTED IN THE COMMITTEE REPORT
Senate Bill No. 1229,18th Congress (July 2019 - 2022),https://ldr.senate.gov.ph/bills/senate-bill-no-1229-18th-congress-republic,YOLANDA COMMEMORATION DAY,AN ACT DECLARING NOVEMBER 8 OF EVERY YEAR A SPECIAL NON-WORKING PUBLIC HOLIDAY IN THE EASTERN VISAYAS REGION TO BE KNOWN AS THE 'YOLANDA COMMEMORATION DAY',"ANGARA, SONNY","December 11, 2019",NATIONAL,HOLIDAYS (SPECIAL NON-WORKING),LOCAL GOVERNMENT,CONSOLIDATED/SUBSTITUTED IN THE COMMITTEE REPORT
Senate Bill No. 694,18th Congress (July 2019 - 2022),https://ldr.senate.gov.ph/bills/senate-bill-no-694-18th-congress-republic,BACLARAN CHURCH AS HERITAGE SITE AND TOURIST DESTINATION,"AN ACT DECLARING THE NATIONAL SHRINE OF OUR MOTHER OF PERPETUAL HELP OR THE REDEMPTORIST CHURCH (BACLARAN CHURCH) LOCATED ALONG ROXAS BOULEVARD, PARANAQUE CITY A HERITAGE SITE AND TOURIST DESTINATION AND APPROPRIATING FUNDS THEREFOR","REVILLA JR., RAMON BONG","July 22, 2019",NATIONAL,HERITAGE SITES/CULTURAL PROPERTY,"BASIC EDUCATION, ARTS AND CULTURE",PENDING IN THE COMMITTEE
Senate Bill No. 226,18th Congress (July 2019 - 2022),https://ldr.senate.gov.ph/bills/senate-bill-no-226-18th-congress-republic,DEATH PENALTY LAW,"AN ACT TO IMPOSE THE DEATH PENALTY ON CERTAIN CRIMES PUNISHABLE UNDER REPUBLIC ACT NO. 9165 OTHERWISE KNOWN AS THE COMPREHENSIVE DANGEROUS DRUGS ACT OF 2002, AMENDING FOR THE PURPOSE REPUBLIC ACT NO. 9346 OTHERWISE KNOWN AS THE ACT PROHIBITING THE IMPOSITION OF DEATH PENALTY IN THE PHILIPPINES, AND FOR OTHER PURPOSES","DELA ROSA, RONALD ""BATO""","July 4, 2019",NATIONAL,Death penalty COMPREHENSIVE DANGEROUS DRUGS ACT OF 2002 (R.A. NO. 9165),JUSTICE AND HUMAN RIGHTS,PENDING IN THE COMMITTEE
Senate Bill No. 464,18th Congress (July 2019 - 2022),https://ldr.senate.gov.ph/bills/senate-bill-no-464-18th-congress-republic,THE CITY OF BACOOR DRUG TREATMENT AND REHABILITATION CENTER,"AN ACT ESTABLISHING A DRUG TREATMENT AND REHABILITATION CENTER IN THE CITY OF BACOOR, PROVINCE OF CAVITE, TO BE KNOWN AS THE CITY OF BACOOR DRUG TREATMENT AND REHABILITATION CENTER AND APPROPRIATING FUNDS THEREFOR","REVILLA JR., RAMON BONG","July 15, 2019",NATIONAL,DRUG REHABILITATION,PUBLIC ORDER AND DANGEROUS DRUGS,PENDING IN THE COMMITTEE
Senate Bill No. 723,18th Congress (July 2019 - 2022),https://ldr.senate.gov.ph/bills/senate-bill-no-723-18th-congress-republic,MUFFLER ACT OF 2019,"AN ACT PROHIBITING THE USE OF MOTOR VEHICLES WITHOUT MUFFLERS OR THOSE THAT ARE DEFECTIVE OR HAVE BEEN MODIFIED WHICH INCREASE THE SOUND EMITTED BY MOTOR VEHICLES, PENALIZING OWNERS AND DRIVERS THAT CONTRIBUTE TO NOISE POLLUTION IN THE ENVIRONMENT","GATCHALIAN, WIN","July 24, 2019",NATIONAL,Motor Vehicles MUFFLERS NOISE POLLUTION,PUBLIC SERVICES,PENDING IN THE COMMITTEE
Senate Bill No. 916,18th Congress (July 2019 - 2022),https://ldr.senate.gov.ph/bills/senate-bill-no-916-18th-congress-republic,PILOTAGE ACT OF 2019,"AN ACT REGULATING HARBOR PILOTAGE SERVICES AND THE CONDUCT OF HARBOR PILOTS IN ALL PORTS IN THE PHILIPPINES, AND FOR OTHER PURPOSES","REVILLA JR., RAMON BONG","August 15, 2019",NATIONAL,HARBOR PILOTAGE SERVICES,PUBLIC SERVICES,PENDING IN THE COMMITTEE
Senate Bill No. 985,18th Congress (July 2019 - 2022),https://ldr.senate.gov.ph/bills/senate-bill-no-985-18th-congress-republic,REVERSION TO MAIDEN NAME ACT,"AN ACT ALLOWING WOMEN TO REVERT TO THEIR MAIDEN SURNAME, ESTABLISHING A PROCEDURE FOR REVERSION AND APPROPRIATING FUNDS THEREFOR","LAPID, MANUEL ""LITO"" M.","August 28, 2019",NATIONAL,REVERSION TO MAIDEN NAME WOMEN,"WOMEN, CHILDREN, FAMILY RELATIONS AND GENDER EQUALITY",PENDING IN THE COMMITTEE
Senate Bill No. 492,18th Congress (July 2019 - 2022),https://ldr.senate.gov.ph/bills/senate-bill-no-492-18th-congress-republic,ALLOWING PLEA BARGAINING FOR SMALL TIME OR LOW LEVEL DRUG USERS,"AN ACT AMENDING SECTION 23 OF REPUBLIC ACT NO. 9165, OTHERWISE KNOWN AS THE COMPREHENSIVE DANGEROUS DRUGS ACT OF 2002 , ALLOWING PLEA BARGAINING IN CERTAIN CASES","SOTTO III, VICENTE C.","July 15, 2019",NATIONAL,COMPREHENSIVE DANGEROUS DRUGS ACT OF 2002 (R.A. NO. 9165) PLEA BARGAINING DRUG ADDICT/PERSONS WHO USE DRUGS (PWUD),PUBLIC ORDER AND DANGEROUS DRUGS,PENDING IN THE COMMITTEE
Senate Bill No. 442,18th Congress (July 2019 - 2022),https://ldr.senate.gov.ph/bills/senate-bill-no-442-18th-congress-republic,NISMED ACT OF 2019,"AN ACT CREATING THE NATIONAL INSTITUTE FOR SCIENCE AND MATHEMATICS EDUCATION DEVELOPMENT, APPROPRIATING FUNDS THEREFOR AND FOR OTHER PURPOSES","REVILLA JR., RAMON BONG","July 15, 2019",NATIONAL,NATIONAL INSTITUTE FOR SCIENCE AND MATHEMATHICS EDUCATION DEVELOPMENT (NISMED),"HIGHER, TECHNICAL AND VOCATIONAL EDUCATION",PENDING IN THE COMMITTEE
Senate Bill No. 1239,18th Congress (July 2019 - 2022),https://ldr.senate.gov.ph/bills/senate-bill-no-1239-18th-congress-republic,PHILIPPINE BUILDING ACT OF 2019,"AN ACT ESTABLISHING THE PHILIPPINE BUILDING ACT OF 2019, THEREBY REPEALING PRESIDENTIAL DECREE NO. 1096, AND FOR OTHER PURPOSES","LACSON, PANFILO M.","December 17, 2019",NATIONAL,NATIONAL BUILDING CODE OF THE PHILIPPINES,PUBLIC WORKS,PENDING IN THE COMMITTEE
Senate Bill No. 995,18th Congress (July 2019 - 2022),https://ldr.senate.gov.ph/bills/senate-bill-no-995-18th-congress-republic,AMENDING THE REVISED PENAL CODE,"AN ACT AMENDING ARTICLES 29, 97, 99, 171, AND 174, AND CREATING A NEW ARTICLE 99-A UNDER ACT NO. 3815, AS AMENDED, OTHERWISE KNOWN AS 'THE REVISED PENAL CODE","ANGARA, SONNY","September 2, 2019",NATIONAL,REVISED PENAL CODE (R.A. NO. 3815) HEINOUS CRIMES GOOD CONDUCT TIME ALLOWANCE (GCTA R.A.NO. 10592),JUSTICE AND HUMAN RIGHTS,PENDING IN THE COMMITTEE
Senate Bill No. 1059,18th Congress (July 2019 - 2022),https://ldr.senate.gov.ph/bills/senate-bill-no-1059-18th-congress-republic,CHURCH DECREED ANNULMENT ACT,AN ACT RECOGNIZING THE CIVIL EFFECTS OF CHURCH DECREED ANNULMENT,"ZUBIRI, JUAN MIGUEL ""MIGZ"" F.","September 17, 2019",NATIONAL,ANNULMENT (CHURCH) MARRIAGE,"WOMEN, CHILDREN, FAMILY RELATIONS AND GENDER EQUALITY",PENDING IN THE COMMITTEE
Senate Bill No. 503,18th Congress (July 2019 - 2022),https://ldr.senate.gov.ph/bills/senate-bill-no-503-18th-congress-republic,SURVEILLANCE CAMERA FOR GOVERNMENT ESTABLISHMENT ACT,"AN ACT MANDATING THE USE OF SURVEILLANCE CAMERAS FOR SECURITY, SAFETY, AND ACCOUNTABILITY IN GOVERNMENT OFFICES","CAYETANO, PIA S.","July 16, 2019",NATIONAL,SURVEILLANCE CAMERA GOVERNMENT AGENCIES SECURITY CAMERA,"CIVIL SERVICE, GOVERNMENT REORGANIZATION AND PROFESSIONAL REGULATION",PENDING IN THE COMMITTEE
Senate Bill No. 618,18th Congress (July 2019 - 2022),https://ldr.senate.gov.ph/bills/senate-bill-no-618-18th-congress-republic,"IMMORALITY, PORNOGRAPHY AND OBSCENITY DETERRENCE ACT","AN ACT DETERRING THE CONTINUED PROLIFERATION OF IMMORAL DOCTRINES, OBSCENE PUBLICATIONS AND EXHIBITIONS AND INDECENT SHOWS BY INCREASING THE PENALTIES THEREFOR, AND FOR OTHER PURPOSES","VILLANUEVA, JOEL","July 18, 2019",NATIONAL,ANTI-OBSCENITY/ANTI-SMUT CAMPAIGN pornography,PUBLIC INFORMATION AND MASS MEDIA,PENDING IN THE COMMITTEE
Senate Bill No. 751,18th Congress (July 2019 - 2022),https://ldr.senate.gov.ph/bills/senate-bill-no-751-18th-congress-republic,MEDICAL SCHOLARSHIP AND RETURN SERVICE FOR PRIMARY CARE ACT OF 2019,"AN ACT CREATING MEDICAL SCHOLARSHIP AND RETURN SERVICE PROGRAM FOR THE RECRUITMENT OF QUALIFIED FILIPINOS WHO WILL SERVE AS PRIMARY CARE WORKERS IN PRIORITY BARANGAYS, MUNICIPALITIES, AND CITIES, APPROPRIATING FUNDS THEREFOR, AND FOR OTHER PURPOSES","POE, GRACE","July 24, 2019",NATIONAL,MEDICAL SCHOLARSHIP PRIMARY CARE PROVIDER,"HIGHER, TECHNICAL AND VOCATIONAL EDUCATION",CONSOLIDATED/SUBSTITUTED IN THE COMMITTEE REPORT
Senate Bill No. 306,18th Congress (July 2019 - 2022),https://ldr.senate.gov.ph/bills/senate-bill-no-306-18th-congress-republic,BARANGAY OFFICIALS RETIREMENT BENEFITS ACT OF 2019,"AN ACT GRANTING RETIREMENT BENEFITS TO ALL ELECTIVE OR APPOINTIVE BARANGAY OFFICIALS WHO HAVE RENDERED A CONSECUTIVE PERIOD OF NINE (9) YEARS OR THREE TERMS OF PUBLIC SERVICE IN THE BARANGAY, AND APPROPRIATING FUNDS THEREFOR","ZUBIRI, JUAN MIGUEL ""MIGZ"" F.","July 10, 2019",NATIONAL,BARANGAY OFFICIALS RETIREMENT BENEFITS,LOCAL GOVERNMENT,PENDING IN THE COMMITTEE
Senate Bill No. 810,18th Congress (July 2019 - 2022),https://ldr.senate.gov.ph/bills/senate-bill-no-810-18th-congress-republic,INCREASING THE AUTHORIZED EXPENSES OF CANDIDATES AND POLITICAL PARTIES,"AN ACT INCREASING THE AUTHORIZED EXPENSES OF CANDIDATES AND POLITICAL PARTIES, AMENDING FOR THE PURPOSE SECTION 13 OF REPUBLIC ACT NO. 7166, ENTITLED, 'AN ACT PROVIDING FOR SYNCHRONIZED NATIONAL AND LOCAL ELECTIONS AND FOR ELECTORAL REFORMS, AUTHORIZING APPROPRIATIONS THEREFOR, AND FOR OTHER PURPOSES","MARCOS, IMEE R.","July 29, 2019",NATIONAL,CAMPAIGN FUNDS/CAMPAIGN CONTRIBUTIONS/CAMPAIGN EXPENDITURES ELECTIONS/ELECTORAL REFORMS,ELECTORAL REFORMS AND PEOPLES PARTICIPATION,"PENDING SECOND READING, SPECIAL ORDER"
Senate Bill No. 369,18th Congress (July 2019 - 2022),https://ldr.senate.gov.ph/bills/senate-bill-no-369-18th-congress-republic,EQUITABLE ACCESS TO MATH AND SCIENCE EDUCATION ACT,"AN ACT PROMOTING THE ESTABLISHMENT OF PUBLIC MATH AND SCIENCE HIGH SCHOOLS IN PREVIOUSLY UNDERSERVED AREAS, AND APPROPRIATING FUNDS THEREFOR","GATCHALIAN, WIN","July 11, 2019",NATIONAL,PUBLIC MATH AND SCIENCE HIGH SCHOOLS MATH AND SCIENCE HIGH SCHOOL,"BASIC EDUCATION, ARTS AND CULTURE",PENDING IN THE COMMITTEE
Senate Bill No. 1133,18th Congress (July 2019 - 2022),https://ldr.senate.gov.ph/bills/senate-bill-no-1133-18th-congress-republic,REGIONAL HEART CENTERS ACT,"AN ACT CREATING ONE REGIONAL HEART CENTER IN EACH OF THE ADMINISTRATIVE REGIONS IN THE PHILIPPINES, PROVIDING FUNDS THEREFOR AND FOR OTHER PURPOSES",Ralph G. Recto,"November 4, 2019",NATIONAL,HEART CENTER,HEALTH AND DEMOGRAPHY,PENDING IN THE COMMITTEE
Senate Bill No. 1197,18th Congress (July 2019 - 2022),https://ldr.senate.gov.ph/bills/senate-bill-no-1197-18th-congress-republic,LIFETIME PASSPORTS FOR SENIOR CITIZENS ACT,"AN ACT GRANTING LIFETIME VALIDITY OF PHILIPPINE PASSPORTS ISSUED TO SENIOR CITIZENS, FURTHER AMENDING FOR THE PURPOSE SECTION 10 OF REPUBLIC ACT NO. 8239, OTHERWISE KNOWN AS THE 'PHILIPPINE PASSPORT ACT OF 1996', AS AMENDED","LAPID, MANUEL ""LITO"" M.","November 26, 2019",NATIONAL,PASSPORT (R.A.NO. 8239) SENIOR CITIZEN/ELDERLY,FOREIGN RELATIONS,PENDING IN THE COMMITTEE
Senate Bill No. 628,18th Congress (July 2019 - 2022),https://ldr.senate.gov.ph/bills/senate-bill-no-628-18th-congress-republic,"REPEALING ART. 133, OFFENDING THE RELIGIOUS FEELINGS (REVISED PENAL CODE)","AN ACT REPEALING ARTICLE 133 OF ACT NO. 3816, OTHERWISE KNOWN AS THE REVISED PENAL CODE","DE LIMA, LEILA M.","July 18, 2019",NATIONAL,REVISED PENAL CODE (R.A. NO. 3815) RELIGION/BELIEFS,JUSTICE AND HUMAN RIGHTS,PENDING IN THE COMMITTEE
Senate Bill No. 173,18th Congress (July 2019 - 2022),https://ldr.senate.gov.ph/bills/senate-bill-no-173-18th-congress-republic,ENERGY ADVOCATE ACT,AN ACT PROVIDING FOR A NATIONAL POLICY AND FRAMEWORK FOR ENERGY ADVOCACY,"GATCHALIAN, WIN","July 2, 2019",NATIONAL,ENERGY ADVOCATE OFFICE,ENERGY,PENDING IN THE COMMITTEE
Senate Bill No. 674,18th Congress (July 2019 - 2022),https://ldr.senate.gov.ph/bills/senate-bill-no-674-18th-congress-republic,MOTORCYCLE LANE ACT OF 2019,"AN ACT PROVIDING FOR MOTORCYCLE LANES ON ALL MAIN ROADS AND HIGHWAYS THROUGHOUT THE COUNTRY, PROVIDING PENALTIES FOR VIOLATION THEREOF, AND FOR OTHER PURPOSES","REVILLA JR., RAMON BONG","July 22, 2019",NATIONAL,MOTORCYCLE,PUBLIC WORKS,PENDING IN THE COMMITTEE
Senate Bill No. 893,18th Congress (July 2019 - 2022),https://ldr.senate.gov.ph/bills/senate-bill-no-893-18th-congress-republic,MAGNA CARTA FOR CRIME VICTIMS,"AN ACT PROVIDING THE RIGHTS ACCORDED TO VICTIMS OF CRIMES, DEFINING THE DUTIES OF RESPONSIBLE OFFICERS AND PROVIDING PENALTIES THEREFOR","REVILLA JR., RAMON BONG","August 13, 2019",NATIONAL,MAGNA CARTA FOR CRIME VICTIMS,JUSTICE AND HUMAN RIGHTS,PENDING IN THE COMMITTEE
Senate Bill No. 953,18th Congress (July 2019 - 2022),https://ldr.senate.gov.ph/bills/senate-bill-no-953-18th-congress-republic,PHILIPPINE MARINE CORPS ACT,"AN ACT ESTABLISHING THE PHILIPPINE MARINE CORPS, DEFINING ITS POWER AND FUNCTIONS, APPROPRIATING FUNDS THEREFOR, AND FOR OTHER PURPOSES","ANGARA, SONNY","August 27, 2019",NATIONAL,PHILIPPINE MARINE CORPS ACT,"NATIONAL DEFENSE AND SECURITY, PEACE, UNIFICATION AND RECONCILIATION",PENDING IN THE COMMITTEE
Senate Bill No. 379,18th Congress (July 2019 - 2022),https://ldr.senate.gov.ph/bills/senate-bill-no-379-18th-congress-republic,REFUGEES AND STATELESS PERSONS PROTECTION ACT OF 2019,"AN ACT PROTECTING THE RIGHTS OF REFUGEES AND STATELESS PERSONS, ESTABLISHING THE REFUGEES AND STATELESS PERSONS PROTECTION BOARD, AND FOR OTHER PURPOSES","DE LIMA, LEILA M.","July 11, 2019",NATIONAL,REFUGEES/STATELESS PERSONS,JUSTICE AND HUMAN RIGHTS,PENDING IN THE COMMITTEE
Senate Bill No. 1027,18th Congress (July 2019 - 2022),https://ldr.senate.gov.ph/bills/senate-bill-no-1027-18th-congress-republic,TALA ECO-TOURISM ZONE ACT,"AN ACT DECLARING TALA IN THE MUNICIPALITY OF ORANI, PROVINCE OF BATAAN ECOTOURISM ZONE AND APPROPRIATING FUNDS THEREFOR","VILLAR, CYNTHIA A.","September 10, 2019",NATIONAL,ECOLOGICAL TOURISM ZONE/ECOTOURISM SITE TOURISM (ECOTOURISM ZONE/ECOTOURISM SITE),TOURISM,PENDING IN THE COMMITTEE
Senate Bill No. 467,18th Congress (July 2019 - 2022),https://ldr.senate.gov.ph/bills/senate-bill-no-467-18th-congress-republic,DEPARTMENT OF FISHERIES AND AQUATIC RESOURCES ACT,"AN ACT CREATING THE DEPARTMENT OF FISHERIES AND AQUATIC RESOURCES, PROVIDING FOR ITS POWERS AND FUNCTIONS, APPROPRIATING FUNDS THEREFOR, AND FOR OTHER PURPOSES",Ralph G. Recto,"July 15, 2019",NATIONAL,DEPARTMENT OF FISHERIES AND AQUATIC RESOURCES,"AGRICULTURE, FOOD AND AGRARIAN REFORM",PENDING IN THE COMMITTEE
Senate Bill No. 474,18th Congress (July 2019 - 2022),https://ldr.senate.gov.ph/bills/senate-bill-no-474-18th-congress-republic,FARM-TO-MARKET ROADS FOR ALL ACT OF 2019,AN ACT PROVIDING FOR THE FAIR AND EQUITABLE ALLOCATION OF FARM-TO-MARKET ROADS PROJECTS OF THE DEPARTMENT OF AGRICULTURE,Ralph G. Recto,"July 15, 2019",NATIONAL,FARM-TO-MARKET ROADS DEPARTMENT OF AGRICULTURE,"AGRICULTURE, FOOD AND AGRARIAN REFORM",PENDING IN THE COMMITTEE
Senate Bill No. 1038,18th Congress (July 2019 - 2022),https://ldr.senate.gov.ph/bills/senate-bill-no-1038-18th-congress-republic,LOAN ALLOCATION FOR AGRICULTURE AND FISHERIES CREDIT AND AGRARIAN REFORM BENEFICIARIES,"AN ACT CONSOLIDATING THE LOAN ALLOCATION PROVIDED FOR AGRICULTURE AND FISHERIES CREDIT AND AGRARIAN REFORM BENEFICIARIES, AND INCREASING THE PENALTIES ON LENDING INSTITUTIONS FOR NON-COMPLIANCE AND UNDERCOMPLIANCE WITH THE PROVISIONS OF REPUBLIC ACT NO. 10000, OTHERWISE KNOWN AS 'THE AGRI-AGRA REFORM CREDIT ACT OF 2009', AMENDING FOR THE PURPOSE SECTION 6 AND SECTION 10, THEREOF, AND FOR OTHER PURPOSES","MARCOS, IMEE R.","September 11, 2019",NATIONAL,AGRI-AGRA REFORM CREDIT (R.A.NO. 10000),"AGRICULTURE, FOOD AND AGRARIAN REFORM",PENDING IN THE COMMITTEE
Senate Bill No. 1101,18th Congress (July 2019 - 2022),https://ldr.senate.gov.ph/bills/senate-bill-no-1101-18th-congress-republic,UPGRADING THE RANK CLASSIFICATION STRUCTURE OF THE UNIFORMED MEMBERS OF THE BFP AND BJMP,"AN ACT UPGRADING THE RANK CLASSIFICATION STRUCTURE OF THE UNIFORMED MEMBERS OF THE BUREAU OF FIRE PROTECTION (BFP) AND THE BUREAU OF JAIL MANAGEMENT AND PENOLOGY (BJMP) ORGANIZATION, AMENDING FOR THE PURPOSE CERTAIN PROVISIONS OF REPUBLIC ACT NO. 6975, AS AMENDED BY REPUBLIC ACT NO. 8551, AND REPUBLIC ACT NO. 9263 AND FOR OTHER PURPOSES","DELA ROSA, RONALD ""BATO""","October 2, 2019",NATIONAL,BUREAU OF FIRE PROTECTION BUREAU OF JAIL MANAGEMENT AND PENOLOGY DEPARTMENT OF THE INTERIOR AND LOCAL GOVERNMENT (DILG),PUBLIC ORDER AND DANGEROUS DRUGS,CONSOLIDATED/SUBSTITUTED IN THE COMMITTEE REPORT
Senate Bill No. 582,18th Congress (July 2019 - 2022),https://ldr.senate.gov.ph/bills/senate-bill-no-582-18th-congress-republic,"ON-SITE, IN-CITY OR NEAR-CITY RESETTLEMENT ACT OF 2019","AN ACT ESTABLISHING AN ON-SITE, IN-CITY OR NEAR-CITY RESETTLEMENT PROGRAM FOR INFORMAL SETTLER FAMILIES IN ACCORDANCE WITH A PEOPLE'S PLAN AND MANDATING RELOCATING LOCAL GOVERNMENT UNITS TO PROVIDE OTHER BASIC SERVICES AND LIVELIHOOD COMPONENTS IN FAVOR OF THE RECIPIENT LOCAL GOVERNMENT UNIT, AMENDING FOR THE PURPOSE REPUBLIC ACT NO. 7279, AS AMENDED, OTHERWISE KNOWN AS THE 'URBAN DEVELOPMENT AND HOUSING ACT OF 1992'","POE, GRACE","July 17, 2019",NATIONAL,"ON-SITE, IN-CITY OR NEAR-CITY RESETTLEMENT URBAN DEVELOPMENT AND HOUSING ACT (R.A. NO. 7279) LOCAL GOVERNMENT UNITS (LGUs) INFORMAL SETTLERS/SQUATTERS/SQUATTING RESETTLEMENT PROGRAM","URBAN PLANNING, HOUSING AND RESETTLEMENT",PENDING IN THE COMMITTEE
Senate Bill No. 546,18th Congress (July 2019 - 2022),https://ldr.senate.gov.ph/bills/senate-bill-no-546-18th-congress-republic,PROHIBITING MERCHANDISING STORES FROM CHARGING MORE THAN THE CASH RETAIL PRICE WITH CREDIT CARDS,AN ACT PROHIBITING MERCHANDISING STORES AND SERVICE ESTABLISHMENTS FROM CHARGING MORE THAN THE CASH RETAIL PRICE OF GOODS AND SERVICES PURCHASED WITH CREDIT CARDS AND PRESCRIBING PENALTIES FOR ANY VIOLATION THEREOF,"ZUBIRI, JUAN MIGUEL ""MIGZ"" F.","July 16, 2019",NATIONAL,CREDIT CARD,"TRADE, COMMERCE AND ENTREPRENEURSHIP",PENDING IN THE COMMITTEE
Senate Bill No. 267,18th Congress (July 2019 - 2022),https://ldr.senate.gov.ph/bills/senate-bill-no-267-18th-congress-republic,REPEALING R. A. NO. 10912 (CONTINUING PROFESSIONAL DEVELOPMENT ACT OF 2016),"AN ACT REPEALING REPUBLIC ACT NO. 10912, OTHERWISE KNOWN AS THE 'CONTINUING PROFESSIONAL DEVELOPMENT ACT OF 2016'",Ralph G. Recto,"July 8, 2019",NATIONAL,CONTINUING PROFESSIONAL DEVELOPMENT (R.A.NO. 10912),"CIVIL SERVICE, GOVERNMENT REORGANIZATION AND PROFESSIONAL REGULATION",PENDING IN THE COMMITTEE
Senate Bill No. 1111,18th Congress (July 2019 - 2022),https://ldr.senate.gov.ph/bills/senate-bill-no-1111-18th-congress-republic,"EXTENDING THE VALIDITY OF THE LICENSE TO OWN AND POSSESS, PERMIT TO CARRY OF FIREARMS","AN ACT EXTENDING THE VALIDITY OF THE LICENSE TO OWN AND POSSESS, PERMIT TO CARRY OUTSIDE OF RESIDENCE OR PLACE OF BUSINESS AND REGISTRATION OF FIREARMS, AMENDING FOR THE PURPOSE SECTIONS 4, 7, AND 19 OF REPUBLIC ACT NO. 10591, OTHERWISE KNOWN AS THE 'COMPREHENSIVE FIREARMS AND AMMUNITION REGULATION ACT', AND FOR OTHER PURPOSES","MARCOS, IMEE R.","October 8, 2019",NATIONAL,FIREARMS COMPREHENSIVE FIREARMS AND AMMUNITION REGULATION ACT (R.A.10591),PUBLIC ORDER AND DANGEROUS DRUGS,CONSOLIDATED/SUBSTITUTED IN THE COMMITTEE REPORT
Senate Bill No. 1176,18th Congress (July 2019 - 2022),https://ldr.senate.gov.ph/bills/senate-bill-no-1176-18th-congress-republic,CITIZEN SERVICE ACT,"AN ACT INSTITUTING THE CITIZEN SERVICE TRAINING COURSE, ESTABLISHING THE CITIZEN SERVICE CORPS, CREATING THE CITIZEN SERVICE MOBILIZATION COMMISSION, APPROPRIATING FUNDS THEREFOR AND FOR OTHER PURPOSES","PIMENTEL, AQUILINO ""KOKO"" III","November 18, 2019",NATIONAL,CITIZEN SERVICE CORPS CITIZEN SERVICE TRAINING COURSE,"HIGHER, TECHNICAL AND VOCATIONAL EDUCATION",PENDING IN THE COMMITTEE
Senate Bill No. 152,18th Congress (July 2019 - 2022),https://ldr.senate.gov.ph/bills/senate-bill-no-152-18th-congress-republic,ADDITIONAL BENEFITS FOR ALL TEACHING AND NON-TEACHING PERSONNEL IN PUBLIC BASIC EDUCATION SCHOOLS,"AN ACT PROVIDING FOR ADDITIONAL BENEFITS FOR ALL TEACHING AND NON-TEACHING PERSONNEL IN PUBLIC BASIC EDUCATION SCHOOLS, APPROPRIATING FUNDS THEREFOR AND FOR OTHER PURPOSES","VILLANUEVA, JOEL","July 2, 2019",NATIONAL,PUBLIC SCHOOL TEACHERS,"CIVIL SERVICE, GOVERNMENT REORGANIZATION AND PROFESSIONAL REGULATION",PENDING IN THE COMMITTEE
Senate Bill No. 659,18th Congress (July 2019 - 2022),https://ldr.senate.gov.ph/bills/senate-bill-no-659-18th-congress-republic,USED CAR LEMON ACT OF 2019,AN ACT REQUIRING USED CAR DEALERS TO PROVIDE CONSUMERS WITH A WRITTEN WARRANTY AGAINST DEFECTS AND REQUIRING PRIVATE SELLERS TO DISCLOSE ANY KNOWN USE OR SAFETY DEFECTS,"REVILLA JR., RAMON BONG","July 22, 2019",NATIONAL,LEMON LAW Motor Vehicles,"TRADE, COMMERCE AND ENTREPRENEURSHIP",PENDING IN THE COMMITTEE
Senate Bill No. 237,18th Congress (July 2019 - 2022),https://ldr.senate.gov.ph/bills/senate-bill-no-237-18th-congress-republic,DRUG REHABILITATION TREATMENT FOR PHILIPPINE HEALTH INSURANCE CORPORATION (PHIC) BENEFICIARIES,"AN ACT PROVIDING FOR AFFORDABLE DRUG REHABILITATION TREATMENT FOR PHILIPPINE HEALTH INSURANCE CORPORATION (PHIC) BENEFICIARIES, FURTHER AMENDING REPUBLIC ACT 7875, AS AMENDED","SOTTO III, VICENTE C.","July 8, 2019",NATIONAL,DRUG REHABILITATION PHILIPPINE HEALTH INSURANCE CORPORATION (PHILHEALTH/PHIC),HEALTH AND DEMOGRAPHY,PENDING IN THE COMMITTEE
Senate Bill No. 750,18th Congress (July 2019 - 2022),https://ldr.senate.gov.ph/bills/senate-bill-no-750-18th-congress-republic,COOPERATIVE FARMING,AN ACT PROMOTING CORPORATIVE FARMING AND PROVIDING INCENTIVES FOR ITS EFFECTIVE IMPLEMENTATION,"POE, GRACE","July 24, 2019",NATIONAL,COOPERATIVE FARMING,"AGRICULTURE, FOOD AND AGRARIAN REFORM",PENDING IN THE COMMITTEE
Senate Bill No. 863,18th Congress (July 2019 - 2022),https://ldr.senate.gov.ph/bills/senate-bill-no-863-18th-congress-republic,DOH HOSPITAL BED CAPACITY RATIONALIZATION ACT OF 2019,AN ACT AUTHORIZING THE DEPARTMENT OF HEALTH TO SET AND APPROVE THE BED CAPACITY OF ALL DOH RETAINED HOSPITALS AND FOR OTHER PURPOSES,"HONTIVEROS, RISA","August 5, 2019",NATIONAL,"HOSPITALS (DOH RETAINED) HOSPITALS, INCREASE BED CAPACITY",HEALTH AND DEMOGRAPHY,CONSOLIDATED/SUBSTITUTED IN THE COMMITTEE REPORT
Senate Bill No. 249,18th Congress (July 2019 - 2022),https://ldr.senate.gov.ph/bills/senate-bill-no-249-18th-congress-republic,THE NATIONAL DEFENSE ACT OF 2019,"AN ACT TO FURTHER DEVELOP CAPABILITY AND ESTABLISH EXPEDITIOUS TRANSFORMATION OF THE DEPARTMENT OF NATIONAL DEFENSE AND ITS BUREAUS, APPROPRIATING FUNDS THEREFOR AND FOR OTHER PURPOSES","LACSON, PANFILO M.","July 8, 2019",NATIONAL,Department of National Defense (DND),"NATIONAL DEFENSE AND SECURITY, PEACE, UNIFICATION AND RECONCILIATION",PENDING IN THE COMMITTEE
Senate Bill No. 798,18th Congress (July 2019 - 2022),https://ldr.senate.gov.ph/bills/senate-bill-no-798-18th-congress-republic,YOUNG ATHLETES ASSISTANCE ACT,AN ACT ASSISTING YOUNG ATHLETES BY PROGRAMS AND INCENTIVES FOR THEIR DEVELOPMENT,"REVILLA JR., RAMON BONG","July 29, 2019",NATIONAL,ATHLETES YOUTH,SPORTS,PENDING IN THE COMMITTEE
Senate Bill No. 510,18th Congress (July 2019 - 2022),https://ldr.senate.gov.ph/bills/senate-bill-no-510-18th-congress-republic,NATIONAL LAND USE ACT OF THE PHILIPPINES,"AN ACT INSTITUTING A NATIONAL LAND USE POLICY, PROVIDING THE IMPLEMENTING MECHANISMS THEREFOR, AND FOR OTHER PURPOSES","CAYETANO, PIA S.","July 16, 2019",NATIONAL,NATIONAL LAND USE ACT LAND USE,"ENVIRONMENT, NATURAL RESOURCES AND CLIMATE CHANGE",PENDING IN THE COMMITTEE
Senate Bill No. 860,18th Congress (July 2019 - 2022),https://ldr.senate.gov.ph/bills/senate-bill-no-860-18th-congress-republic,COMPREHENSIVE VALUES EDUCATION ACT,AN ACT INSTITUTING VALUES EDUCATION IN THE K-12 CURRICULUM AND ENHANCING THE EDUKASYON SA PAGPAPAKATAO PROGRAM BY INCORPORATING THE TEACHING OF GOOD MANNERS AND RIGHT CONDUCT AND INCLUDING CHARACTER BUILDING ACTIVITIES,"VILLANUEVA, JOEL","August 5, 2019",NATIONAL,K12 EDUCATION PROGRAM GOOD MANNERS AND RIGHT CONDUCT CURRICULUM/CURRICULA,"BASIC EDUCATION, ARTS AND CULTURE",CONSOLIDATED/SUBSTITUTED IN THE COMMITTEE REPORT
Senate Bill No. 1042,18th Congress (July 2019 - 2022),https://ldr.senate.gov.ph/bills/senate-bill-no-1042-18th-congress-republic,MILITARY AND UNIFORMED PERSONNEL RETIREMENT AND PENSION REFORM ACT OF 2019,"AN ACT REFORMING THE MILITARY AND UNIFORMED PERSONNEL RETIREMENT AND PENSION, AMENDING PRESIDENTIAL DECREE NOS. 361, 1638, 1656, REPUBLIC ACT NOS. 8551 AND 9993, AND FOR OTHER PURPOSES","MARCOS, IMEE R.","September 11, 2019",NATIONAL,MILITARY AND UNIFORMED PERSONNEL RETIREMENT BENEFITS PENSION,"NATIONAL DEFENSE AND SECURITY, PEACE, UNIFICATION AND RECONCILIATION",PENDING IN THE COMMITTEE
Senate Bill No. 1105,18th Congress (July 2019 - 2022),https://ldr.senate.gov.ph/bills/senate-bill-no-1105-18th-congress-republic,EXTENDING THE TERM OF OFFICE OF BARANGAY OFFICIALS AND MEMBERS OF THE SANGGUNIANG KABATAAN,"AN ACT EXTENDING THE TERM OF OFFICE OF BARANGAY OFFICIALS AND MEMBERS OF THE SANGGUNIANG KABATAAN, AMENDING REPUBLIC ACT NO. 7160 OTHERWISE KNOWN AS 'THE LOCAL GOVERNMENT CODE OF 1991' AND FOR OTHER PURPOSES","MARCOS, IMEE R.","October 7, 2019",NATIONAL,BARANGAY OFFICIALS SANGGUNIANG KABATAAN (SK) LOCAL GOVERNMENT CODE (R.A. NO. 7160),LOCAL GOVERNMENT,PENDING IN THE COMMITTEE
Senate Bill No. 31,18th Congress (July 2019 - 2022),https://ldr.senate.gov.ph/bills/senate-bill-no-31-18th-congress-republic,COCONUT FARMERS AND INDUSTRY DEVELOPMENT ACT,"AN ACT CREATING THE COCONUT FARMERS AND INDUSTRY TRUST FUND, PROVIDING FOR ITS MANAGEMENT AND UTILIZATION, AND FOR OTHER PURPOSES","PANGILINAN, FRANCIS ""KIKO"" N.","July 1, 2019",NATIONAL,COCONUT FARMERS AND INDUSTRY DEVELOPMENT TRUST FUND COCONUT LEVY,"AGRICULTURE, FOOD AND AGRARIAN REFORM",CONSOLIDATED/SUBSTITUTED IN THE COMMITTEE REPORT
Senate Bill No. 96,18th Congress (July 2019 - 2022),https://ldr.senate.gov.ph/bills/senate-bill-no-96-18th-congress-republic,MAGNA CARTA FOR BARANGAYS,AN ACT PROVIDING FOR A MAGNA CARTA FOR BARANGAYS,"PIMENTEL, AQUILINO ""KOKO"" III","July 1, 2019",NATIONAL,MAGNA CARTA FOR BARANGAYS,LOCAL GOVERNMENT,PENDING IN THE COMMITTEE
Senate Bill No. 488,18th Congress (July 2019 - 2022),https://ldr.senate.gov.ph/bills/senate-bill-no-488-18th-congress-republic,MATERNITY LEAVE MONETIZATION ACT,"AN ACT ALLOWING THE MONETIZATION OF MATERNITY LEAVE CREDITS OF FEMALE EMPLOYEES AND THE COVERED SOCIAL SECURITY SYSTEM (SSS) FEMALE MEMBERS, AND FOR OTHER PURPOSES","SOTTO III, VICENTE C.","July 15, 2019",NATIONAL,Maternity Leave LEAVE OF ABSENCE,"WOMEN, CHILDREN, FAMILY RELATIONS AND GENDER EQUALITY",PENDING IN THE COMMITTEE
Senate Bill No. 989,18th Congress (July 2019 - 2022),https://ldr.senate.gov.ph/bills/senate-bill-no-989-18th-congress-republic,PHILIPPINE MARINE CORPS ACT,"AN ACT ESTABLISHING THE PHILIPPINE MARINE CORPS, DEFINING ITS POWERS AND FUNCTIONS, APPROPRIATING FUNDS THEREFOR, AND FOR OTHER PURPOSES","BINAY, MARIA LOURDES NANCY S.","August 28, 2019",NATIONAL,PHILIPPINE MARINE CORPS ACT,"NATIONAL DEFENSE AND SECURITY, PEACE, UNIFICATION AND RECONCILIATION",PENDING IN THE COMMITTEE
Senate Bill No. 446,18th Congress (July 2019 - 2022),https://ldr.senate.gov.ph/bills/senate-bill-no-446-18th-congress-republic,RURAL HEALTH UNIT DOCTORS INCENTIVES AND OTHER BENEFITS ACT,AN ACT GRANTING INCENTIVES AND OTHER BENEFITS TO RURAL HEALTH UNIT DOCTORS AND FOR OTHER PURPOSES,"REVILLA JR., RAMON BONG","July 15, 2019",NATIONAL,RURAL DOCTORS MEDICAL PRACTITIONERS,LOCAL GOVERNMENT,PENDING IN THE COMMITTEE
Senate Bill No. 1053,18th Congress (July 2019 - 2022),https://ldr.senate.gov.ph/bills/senate-bill-no-1053-18th-congress-republic,LOCAL HUMAN SETTLEMENTS AND HOUSING OFFICER ACT OF 2019,"AN ACT MANDATING THE APPOINTMENT OF A HUMAN SETTLEMENTS AND HOUSING OFFICER IN PROVINCES, CITIES AND MUNICIPALITIES, PROVIDING FOR ITS POWERS AND FUNCTIONS, AMENDING SECTIONS 17, 443, 454, 463, AND TITLE FIVE OF BOOK II OF REPUBLIC ACT NO. 7160, OTHERWISE KNOWN AS THE 'LOCAL GOVERNMENT CODE OF 1991', AND FOR OTHER PURPOSES","TOLENTINO, FRANCIS ""TOL"" N.","September 16, 2019",NATIONAL,HUMAN SETTLEMENTS AND HOUSING OFFICER LOCAL GOVERNMENT CODE (R.A. NO. 7160),LOCAL GOVERNMENT,PENDING IN THE COMMITTEE
Senate Bill No. 42,18th Congress (July 2019 - 2022),https://ldr.senate.gov.ph/bills/senate-bill-no-42-18th-congress-republic,TEACHING SUPPLIES ALLOWANCE ACT,AN ACT INSTITUTIONALIZING THE GRANT OF A TEACHING SUPPLIES ALLOWANCE FOR PUBLIC SCHOOL TEACHERS AND APPROPRIATING FUNDS THEREFOR,Ralph G. Recto,"July 1, 2019",NATIONAL,TEACHERS TEACHING SUPPLIES ALLOWANCE,"CIVIL SERVICE, GOVERNMENT REORGANIZATION AND PROFESSIONAL REGULATION",CONSOLIDATED/SUBSTITUTED IN THE COMMITTEE REPORT
Senate Bill No. 106,18th Congress (July 2019 - 2022),https://ldr.senate.gov.ph/bills/senate-bill-no-106-18th-congress-republic,PHILIPPINE RAILWAYS MODERNIZATION ACT OF 2019,"AN ACT RESTORING AND REHABILITATING THE EXISTING LINES OF THE PHILIPPINE NATIONAL RAILWAYS, EXTENDING FURTHER THE SOUTHERN LINE TO MATNOG, SORSOGON AND ESTABLISHING THE RAILWAY EXTENSION LINE FROM CALAMBA CITY TO BATANGAS CITY, AMENDING FOR THE PURPOSE REPUBLIC ACT NO. 4156 ENTITLED 'AN ACT CREATING THE PHILIPPINE NATIONAL RAILWAYS, PRESCRIBING ITS POWERS, FUNCTIONS AND DUTIES, AND PROVIDING FOR THE NECESSARY FUNDS FOR ITS OPERATION' AS AMENDED BY R. A. NO. 6366, APPROPRIATING FUNDS THEREFOR, AND FOR OTHER PURPOSES","ZUBIRI, JUAN MIGUEL ""MIGZ"" F.","July 1, 2019",NATIONAL,PHILIPPINE NATIONAL RAILWAYS (PNR),GOVERNMENT CORPORATIONS AND PUBLIC ENTERPRISES,PENDING IN THE COMMITTEE
Senate Bill No. 258,18th Congress (July 2019 - 2022),https://ldr.senate.gov.ph/bills/senate-bill-no-258-18th-congress-republic,EXEMPTING DRUGS AND MEDICINES PRESCRIBED FOR MENTAL HEALTH CONDITIONS FROM VALUE-ADDED TAX,"AN ACT EXEMPTING DRUGS AND MEDICINES PRESCRIBED FOR MENTAL HEALTH CONDITIONS FROM VALUE-ADDED TAX, AMENDING FOR THE PURPOSE SECTION 109 OF THE NATIONAL INTERNAL REVENUE CODE OF 1997, AS AMENDED","PANGILINAN, FRANCIS ""KIKO"" N.","July 8, 2019",NATIONAL,TAXES (VALUE-ADDED TAX / VAT) MENTAL HEALTH MEDICINES/DRUGS NATIONAL INTERNAL REVENUE CODE (NIRC) TAX EXEMPTION,WAYS AND MEANS,PENDING IN THE COMMITTEE
Senate Bill No. 654,18th Congress (July 2019 - 2022),https://ldr.senate.gov.ph/bills/senate-bill-no-654-18th-congress-republic,AGRICULTURE TECHNOLOGY GENERATION AND TRANSFER ACT,AN ACT TO ESTABLISH AN INTEGRATED SYSTEM FOR AGRICULTURE TECHNOLOGY GENERATION AND TRANSFER AND APPROPRIATING FUNDS THEREFOR,"REVILLA JR., RAMON BONG","July 22, 2019",NATIONAL,AGRICULTURE TECHNOLOGY,"AGRICULTURE, FOOD AND AGRARIAN REFORM",PENDING IN THE COMMITTEE
Senate Bill No. 334,18th Congress (July 2019 - 2022),https://ldr.senate.gov.ph/bills/senate-bill-no-334-18th-congress-republic,INTEGRATED COASTAL MANAGEMENT ACT,AN ACT TO ADOPT INTEGRATED COASTAL MANAGEMENT AS A NATIONAL STRATEGY TO ENSURE THE SUSTAINABLE DEVELOPMENT OF THE COASTAL AND MARINE ENVIRONMENT AND RESOURCES AND TO ESTABLISH SUPPORTING MECHANISMS FOR ITS IMPLEMENTATION AND PROVIDE FUNDS THEREFOR,"VILLAR, CYNTHIA A.","July 11, 2019",NATIONAL,INTEGRATED COASTAL MANAGEMENT COASTAL ENVIRONMENT PROGRAM/COASTAL RESOURCES PROTECTION,"ENVIRONMENT, NATURAL RESOURCES AND CLIMATE CHANGE",PENDING IN THE COMMITTEE
Senate Bill No. 899,18th Congress (July 2019 - 2022),https://ldr.senate.gov.ph/bills/senate-bill-no-899-18th-congress-republic,CACAO RESEARCH AND DEVELOPMENT CENTER,"AN ACT CREATING A CACAO RESEARCH AND DEVELOPMENT CENTER, AUTHORIZING THE APPROPRIATION OF FUNDS THEREFOR, AND FOR OTHER PURPOSES","LAPID, MANUEL ""LITO"" M.","August 13, 2019",NATIONAL,CACAO,"AGRICULTURE, FOOD AND AGRARIAN REFORM",PENDING IN THE COMMITTEE
Senate Bill No. 725,18th Congress (July 2019 - 2022),https://ldr.senate.gov.ph/bills/senate-bill-no-725-18th-congress-republic,NATIONAL TRAFFIC ENFORCEMENT AND MANAGEMENT ACT,"AN ACT ESTABLISHING THE NATIONAL TRAFFIC ENFORCEMENT AND MANAGEMENT CENTER, DEFINING ITS POWERS, FUNCTIONS AND DUTIES, AND APPROPRIATING FUNDS THEREFOR","GATCHALIAN, WIN","July 24, 2019",NATIONAL,NATIONAL TRAFFIC ENFORCEMENT AND MANAGEMENT CENTER,PUBLIC SERVICES,PENDING IN THE COMMITTEE
Senate Bill No. 147,18th Congress (July 2019 - 2022),https://ldr.senate.gov.ph/bills/senate-bill-no-147-18th-congress-republic,INSTRUCTIONAL GARDENS ACT OF 2019,"AN ACT MANDATING THE ESTABLISHMENT OF INSTRUCTIONAL GARDENS IN ALL ELEMENTARY AND SECONDARY SCHOOLS, PUBLIC OR PRIVATE, MAKING IT A REQUIREMENT FOR THE CREATION AND ISSUANCE OF PERMITS FOR SCHOOLS AND FOR OTHER PURPOSES","VILLAR, CYNTHIA A.","July 2, 2019",NATIONAL,INSTRUCTIONAL GARDENS,"AGRICULTURE, FOOD AND AGRARIAN REFORM",CONSOLIDATED/SUBSTITUTED IN THE COMMITTEE REPORT
Senate Bill No. 941,18th Congress (July 2019 - 2022),https://ldr.senate.gov.ph/bills/senate-bill-no-941-18th-congress-republic,MOVIE AND TELEVISION REVIEW AND CLASSIFICATION BOARD (MTRCB),"AN ACT ENHANCING THE CAPABILITIES, MANDATE, AND ORGANIZATIONAL STRUCTURE OF THE MOVIE AND TELEVISION REVIEW AND CLASSIFICATION BOARD (MTRCB), AMENDING FOR THE PURPOSE PRESIDENTIAL DECREE 1986","POE, GRACE","August 20, 2019",NATIONAL,MOVIE AND TELEVISION REVIEW AND CLASSIFICATION BOARD (MTRCB),PUBLIC INFORMATION AND MASS MEDIA,PENDING IN THE COMMITTEE
Senate Bill No. 228,18th Congress (July 2019 - 2022),https://ldr.senate.gov.ph/bills/senate-bill-no-228-18th-congress-republic,MANDATORY SUBSTANCE ABUSE PREVENTION EDUCATION ACT,AN ACT MANDATING THE INCLUSION OF SUBSTANCE ABUSE PREVENTION EDUCATION IN THE K TO 12 CURRICULUM AND FOR OTHER PURPOSES,"DELA ROSA, RONALD ""BATO""","July 4, 2019",NATIONAL,SUBSTANCE ABUSE PREVENTION K12 EDUCATION PROGRAM CURRICULUM/CURRICULA,"BASIC EDUCATION, ARTS AND CULTURE",PENDING IN THE COMMITTEE
Senate Bill No. 777,18th Congress (July 2019 - 2022),https://ldr.senate.gov.ph/bills/senate-bill-no-777-18th-congress-republic,PENALIZING PREMATURE CAMPAIGNING,"AN ACT PENALIZING PREMATURE CAMPAIGNING, AMENDING SECTION 15 OF REPUBLIC ACT NO. 8436, AS AMENDED BY REPUBLIC ACT NO. 9369","DE LIMA, LEILA M.","July 25, 2019",NATIONAL,ELECTION-RELATED OFFENSES ELECTIONS/ELECTORAL REFORMS,ELECTORAL REFORMS AND PEOPLES PARTICIPATION,PENDING IN THE COMMITTEE
Senate Bill No. 589,18th Congress (July 2019 - 2022),https://ldr.senate.gov.ph/bills/senate-bill-no-589-18th-congress-republic,LOCAL MUSIC INDUSTRY INCENTIVES ACT,AN ACT PROVIDING FOR TAX EXEMPTIONS AND SUBSIDIES FOR THE LOCAL MUSIC INDUSTRY AND AMENDING CERTAIN SECTIONS OF REPUBLIC ACT NO. 7160 OR THE LOCAL GOVERNMENT CODE OF 1991,"POE, GRACE","July 17, 2019",NATIONAL,MUSIC INDUSTRY LOCAL GOVERNMENT CODE (R.A. NO. 7160) TAX EXEMPTION,LOCAL GOVERNMENT,PENDING IN THE COMMITTEE
Senate Bill No. 842,18th Congress (July 2019 - 2022),https://ldr.senate.gov.ph/bills/senate-bill-no-842-18th-congress-republic,"AMENDING THE LOCAL GOVERNMENT CODE, RE MUNICIPAL FEES AND CHARGES","AN ACT TO REDUCE THE COST OF DOING BUSINESS IN LOCAL GOVERNMENT UNITS BY AMENDING CERTAIN PROVISIONS IN BOOK II OF REPUBLIC ACT NO. 7160, OTHERWISE KNOWN AS THE 'LOCAL GOVERNMENT CODE OF 1991'","ANGARA, SONNY","July 21, 2019",NATIONAL,LOCAL GOVERNMENT CODE (R.A. NO. 7160) LOCAL GOVERNMENT UNITS (LGUs) FEES AND CHARGES BUREAU OF LOCAL GOVERNMENT FINANCE,LOCAL GOVERNMENT,PENDING IN THE COMMITTEE
Senate Bill No. 604,18th Congress (July 2019 - 2022),https://ldr.senate.gov.ph/bills/senate-bill-no-604-18th-congress-republic,LEARNING MATERIALS PUBLISHED IN DIGITAL OR ELECTRONIC FORMAT EXEMPT FROM VALUE-ADDED TAX,"AN ACT EXEMPTING BOOKS, NEWSPAPERS, MAGAZINES, JOURNALS, REVIEWS, BULLETINS AND OTHER EDUCATIONAL OR LEARNING MATERIALS MADE OR PUBLISHED IN DIGITAL OR ELECTRONIC FORMAT FROM VALUE-ADDED TAX, AMENDING FOR THE PURPOSE SECTION 109 (1) OF THE NATIONAL INTERNAL REVENUE CODE OF 1997, AS AMENDED",Ralph G. Recto,"July 17, 2019",NATIONAL,TAXES (VALUE-ADDED TAX / VAT) ELECTRONIC PUBLICATION BOOKS (E-BOOK) DIGITAL EDUCATION NATIONAL INTERNAL REVENUE CODE (NIRC),WAYS AND MEANS,PENDING IN THE COMMITTEE
Senate Bill No. 1249,18th Congress (July 2019 - 2022),https://ldr.senate.gov.ph/bills/senate-bill-no-1249-18th-congress-republic,HAZARD PAY FOR REGIONAL TRIAL COURT JUDGES ACT,AN ACT GRANTING HAZARD PAY TO REGIONAL TRIAL COURT JUDGES DURING THEIR INCUMBENCY AND APPROPRIATING FUNDS THEREFOR,"BINAY, MARIA LOURDES NANCY S.","December 18, 2019",NATIONAL,Judges,JUSTICE AND HUMAN RIGHTS,PENDING IN THE COMMITTEE
Senate Bill No. 1021,18th Congress (July 2019 - 2022),https://ldr.senate.gov.ph/bills/senate-bill-no-1021-18th-congress-republic,"TRUST FUND FOR THE ABANDONED, NEGLECTED AND VOLUNTARILY COMMITTED CHILD OF 2019","AN ACT PROVIDING FOR A NATIONAL PROGRAM TO SUPPORT AND CARE FOR ABANDONED, NEGLECTED AND VOLUNTARILY COMMITTED CHILDREN, CREATING A SPECIAL TRUST FUND THEREFOR, AND FOR OTHER PURPOSES","REVILLA JR., RAMON BONG","September 9, 2019",NATIONAL,Abandonment trust fund CHILDREN/CHILD CARE,"SOCIAL JUSTICE, WELFARE AND RURAL DEVELOPMENT",PENDING IN THE COMMITTEE
Senate Bill No. 1085,18th Congress (July 2019 - 2022),https://ldr.senate.gov.ph/bills/senate-bill-no-1085-18th-congress-republic,NATIONAL ANTI-HAZING DAY,AN ACT DECLARING FEBRUARY 10 OF EVERY YEAR AS THE 'NATIONAL ANTI-HAZING DAY' IN COMMEMORATION OF ALL THE VICTIMS OF HAZING IN THE PHILIPPINES,"ZUBIRI, JUAN MIGUEL ""MIGZ"" F.","October 1, 2019",NATIONAL,Hazing,"HIGHER, TECHNICAL AND VOCATIONAL EDUCATION",PENDING IN THE COMMITTEE
Senate Bill No. 1,18th Congress (July 2019 - 2022),https://ldr.senate.gov.ph/bills/senate-bill-no-1-18th-congress-republic,MEDICAL SCHOLARSHIP ACT,AN ACT PROVIDING MEDICAL SCHOLARSHIPS IN STATE UNIVERSITIES AND COLLEGES TO QUALIFIED STUDENTS AND FOR OTHER PURPOSES,"SOTTO III, VICENTE C.","July 1, 2019",NATIONAL,MEDICAL SCHOLARSHIP SCHOLARSHIP GRANTS STATE COLLEGES AND UNIVERSITIES (SCUS),"HIGHER, TECHNICAL AND VOCATIONAL EDUCATION",CONSOLIDATED/SUBSTITUTED IN THE COMMITTEE REPORT
Senate Bill No. 75,18th Congress (July 2019 - 2022),https://ldr.senate.gov.ph/bills/senate-bill-no-75-18th-congress-republic,TEACHING SUPPLIES ALLOWANCE ACT OF 2019,AN ACT INSTITUTIONALIZING THE GRANT OF A TEACHING SUPPLIES ALLOWANCE FOR PUBLIC SCHOOL TEACHERS AND APPROPRIATING FUNDS THEREFOR,"REVILLA JR., RAMON BONG","July 1, 2019",NATIONAL,TEACHING SUPPLIES ALLOWANCE PUBLIC SCHOOL TEACHERS,"CIVIL SERVICE, GOVERNMENT REORGANIZATION AND PROFESSIONAL REGULATION",CONSOLIDATED/SUBSTITUTED IN THE COMMITTEE REPORT
Senate Bill No. 630,18th Congress (July 2019 - 2022),https://ldr.senate.gov.ph/bills/senate-bill-no-630-18th-congress-republic,THE ANTI-TERRORISM ACT OF 2019,"AN ACT TO COMBAT TERRORISM AND SECURE THE NATION, AMENDING FOR THIS PURPOSE CERTAIN PROVISIONS OF REPUBLIC ACT NO. 9372, OTHERWISE KNOWN AS HUMAN SECURITY ACT OF 2007 AND OTHER LAWS","MARCOS, IMEE R.","July 18, 2019",NATIONAL,HUMAN SECURITY ACT ANTI-TERRORISM/ANTI-TERRORISM ACT (R.A.NO. 9372),"NATIONAL DEFENSE AND SECURITY, PEACE, UNIFICATION AND RECONCILIATION",CONSOLIDATED/SUBSTITUTED IN THE COMMITTEE REPORT
Senate Bill No. 302,18th Congress (July 2019 - 2022),https://ldr.senate.gov.ph/bills/senate-bill-no-302-18th-congress-republic,THE PUBLIC SCHOOL TEACHERS' SALARY UPGRADING ACT,AN ACT INCREASING THE SALARY GRADE OF PUBLIC SCHOOL TEACHERS FROM SALARY GRADE 11 TO 15 AND PROVIDING FUNDS THEREFOR,"REVILLA JR., RAMON BONG","July 8, 2019",NATIONAL,PUBLIC SCHOOL TEACHERS SALARY GRADE LEVEL,"CIVIL SERVICE, GOVERNMENT REORGANIZATION AND PROFESSIONAL REGULATION",PENDING IN THE COMMITTEE
Senate Bill No. 676,18th Congress (July 2019 - 2022),https://ldr.senate.gov.ph/bills/senate-bill-no-676-18th-congress-republic,GRANTING HAZARD PAY TO COVERED EMPLOYEES OF THE GOVERNMENT,AN ACT GRANTING HAZARD PAY TO COVERED EMPLOYEES OF THE GOVERNMENT AND APPROPRIATING FUNDS THEREFOR,"REVILLA JR., RAMON BONG","July 22, 2019",NATIONAL,HAZARD PAY GOVERNMENT EMPLOYEES,"CIVIL SERVICE, GOVERNMENT REORGANIZATION AND PROFESSIONAL REGULATION",PENDING IN THE COMMITTEE
Senate Bill No. 194,18th Congress (July 2019 - 2022),https://ldr.senate.gov.ph/bills/senate-bill-no-194-18th-congress-republic,THE HOMELAND SECURITY ACT,"AN ACT TO ESTABLISH THE DEPARTMENT OF HOMELAND SECURITY, AND FOR OTHER PURPOSES","PACQUIAO, EMMANUEL ""MANNY"" D.","July 2, 2019",NATIONAL,HOMELAND SECURITY,"NATIONAL DEFENSE AND SECURITY, PEACE, UNIFICATION AND RECONCILIATION",PENDING IN THE COMMITTEE
Senate Bill No. 365,18th Congress (July 2019 - 2022),https://ldr.senate.gov.ph/bills/senate-bill-no-365-18th-congress-republic,PREPAID LOAD FOREVER ACT OF 2019,AN ACT PROHIBITING ALL PUBLIC TELECOMMUNICATIONS ENTITIES AND INFORMATION AND COMMUNICATIONS TECHNOLOGY PROVIDERS FROM IMPOSING AN EXPIRATION PERIOD ON THE VALIDITY OF PERIOD LOAD CREDITS AND THEIR FORFEITURE,"GATCHALIAN, WIN","July 11, 2019",NATIONAL,PREPAID CALLING CARDS/PREPAID SIM CARDS/PRE-PAID PHONE CARD INDUSTRY,PUBLIC SERVICES,PENDING IN THE COMMITTEE
Senate Bill No. 909,18th Congress (July 2019 - 2022),https://ldr.senate.gov.ph/bills/senate-bill-no-909-18th-congress-republic,CAPITAL OUTLAY FOR THE DEPARTMENT OF EDUCATION,AN ACT AMENDING REPUBLIC ACT NO. 7880 OTHERWISE KNOWN AS 'AN ACT PROVIDING FOR THE FAIR AND EQUITABLE ALLOCATION OF THE DEPARTMENT OF EDUCATION BUDGET FOR CAPITAL OUTLAY',"REVILLA JR., RAMON BONG","August 15, 2019",NATIONAL,DEPARTMENT OF EDUCATION (DEPED),"BASIC EDUCATION, ARTS AND CULTURE",PENDING IN THE COMMITTEE
Senate Bill No. 175,18th Congress (July 2019 - 2022),https://ldr.senate.gov.ph/bills/senate-bill-no-175-18th-congress-republic,MICROGRID SYSTEMS ACT,AN ACT PROMOTING THE USE OF MICROGRID SYSTEMS FOR THE TOTAL ELECTRIFICATION OF UNSERVED AND UNDERSERVED AREAS,"GATCHALIAN, WIN","July 2, 2019",NATIONAL,MICROGRID Electricity,ENERGY,CONSOLIDATED/SUBSTITUTED IN THE COMMITTEE REPORT
Senate Bill No. 966,18th Congress (July 2019 - 2022),https://ldr.senate.gov.ph/bills/senate-bill-no-966-18th-congress-republic,NO-HOMEWORK LAW,AN ACT ESTABLISHING A NO-HOMEWORK POLICY FOR ALL PRIMARY AND SECONDARY SCHOOLS IN THE COUNTRY,"POE, GRACE","August 27, 2019",NATIONAL,NO-HOMEWORK Primary Education Secondary Education,"BASIC EDUCATION, ARTS AND CULTURE",PENDING IN THE COMMITTEE
Senate Bill No. 745,18th Congress (July 2019 - 2022),https://ldr.senate.gov.ph/bills/senate-bill-no-745-18th-congress-republic,PARKING FEES REGULATION ACT,"AN ACT REGULATING THE IMPOSITION OF FEES FOR THE USE OF PARKING SPACES AND FACILITIES IN SHOPPING MALLS, HOSPITALS, SCHOOLS AND SIMILAR ESTABLISHMENTS, INCLUDING VACANT LOTS USED EXCLUSIVELY FOR PARKING AND PRESCRIBING PENALTIES FOR VIOLATION THEREOF","GATCHALIAN, WIN","July 24, 2019",NATIONAL,PARKING SPACE,"TRADE, COMMERCE AND ENTREPRENEURSHIP",CONSOLIDATED/SUBSTITUTED IN THE COMMITTEE REPORT
Senate Bill No. 86,18th Congress (July 2019 - 2022),https://ldr.senate.gov.ph/bills/senate-bill-no-86-18th-congress-republic,AMENDING RA 8972 ( SOLO PARENTS' WELFARE ACT OF 2000),"AN ACT AMENDING RA 8972 ALSO KNOWN AS THE SOLO PARENTS' WELFARE ACT OF 2000, ENHANCING THE PROGRAM FOR SOLO PARENTS AND THEIR CHILDREN, APPROPRIATING FUNDS THEREFOR AND FOR OTHER PURPOSES","GORDON, RICHARD J.","July 1, 2019",NATIONAL,SOLO PARENTS WELFARE ACT (R.A.NO. 8972),"WOMEN, CHILDREN, FAMILY RELATIONS AND GENDER EQUALITY",CONSOLIDATED/SUBSTITUTED IN THE COMMITTEE REPORT
Senate Bill No. 619,18th Congress (July 2019 - 2022),https://ldr.senate.gov.ph/bills/senate-bill-no-619-18th-congress-republic,NATIONAL INDEPENDENT COMMISSION AGAINST CORRUPTION ACT,"AN ACT CREATING THE NATIONAL INDEPENDENT COMMISSION AGAINST CORRUPTION (NICAC), APPROPRIATING FUNDS THEREFOR AND FOR OTHER PURPOSES","VILLANUEVA, JOEL","July 18, 2019",NATIONAL,NATIONAL INDEPENDENT COMMISSION AGAINST CORRUPTION (NICAC) CORRUPTION,"CIVIL SERVICE, GOVERNMENT REORGANIZATION AND PROFESSIONAL REGULATION",PENDING IN THE COMMITTEE
Senate Bill No. 307,18th Congress (July 2019 - 2022),https://ldr.senate.gov.ph/bills/senate-bill-no-307-18th-congress-republic,AMENDING R. A. NO. 8972 (SOLO PARENTS' WELFARE ACT OF 2000),"AN ACT AMENDING REPUBLIC ACT NO. 8972, OTHERWISE KNOWN AS THE SOLO PARENTS' WELFARE ACT OF 2000, BY PROVIDING FOR ADDITIONAL BENEFITS AND PENAL PROVISION FOR VIOLATIONS OF THE ACT","ZUBIRI, JUAN MIGUEL ""MIGZ"" F.","July 10, 2019",NATIONAL,SOLO PARENTS WELFARE ACT (R.A.NO. 8972) DISCOUNT PRIVILEGES,"WOMEN, CHILDREN, FAMILY RELATIONS AND GENDER EQUALITY",CONSOLIDATED/SUBSTITUTED IN THE COMMITTEE REPORT
Senate Bill No. 370,18th Congress (July 2019 - 2022),https://ldr.senate.gov.ph/bills/senate-bill-no-370-18th-congress-republic,LOCAL UNIVERSITIES AND COLLEGES GOVERNANCE ACT,AN ACT PRESCRIBING THE MANDATORY GUIDELINES ON THE ESTABLISHMENT AND OPERATION OF LOCAL UNIVERSITIES AND COLLEGES AND FOR OTHER PURPOSES,"GATCHALIAN, WIN","July 11, 2019",NATIONAL,LOCAL COLLEGES AND UNIVERSITIES (LCUS),"HIGHER, TECHNICAL AND VOCATIONAL EDUCATION",PENDING IN THE COMMITTEE
Senate Bill No. 1115,18th Congress (July 2019 - 2022),https://ldr.senate.gov.ph/bills/senate-bill-no-1115-18th-congress-republic,SUMMARY TITLING OF REAL PROPERTIES USED AS PUBLIC SCHOOL SITES,AN ACT PROVIDING FOR THE SUMMARY TITLING OF REAL PROPERTIES USED AS PUBLIC SCHOOL SITES,"REVILLA JR., RAMON BONG","October 14, 2019",NATIONAL,REAL PROPERTY SCHOOL SITES/SCHOOL CAMPUS LAND TITLE/TORRENS TITLE,JUSTICE AND HUMAN RIGHTS,PENDING IN THE COMMITTEE
Senate Bill No. 1180,18th Congress (July 2019 - 2022),https://ldr.senate.gov.ph/bills/senate-bill-no-1180-18th-congress-republic,AUGMENTING THE EMPLOYEE BENEFITS FOR THE SOLICITORS OF THE OFFICE OF THE SOLICITOR GENERAL,"AN ACT AUGMENTING THE EMPLOYEE BENEFITS FOR THE SOLICITORS OF THE OFFICE OF THE SOLICITOR GENERAL BY PROVIDING RETIREMENT, DEATH AND SURVIVORSHIP BENEFITS, AND APPROPRIATING FUNDS THEREFOR","REVILLA JR., RAMON BONG","November 18, 2019",NATIONAL,OFFICE OF THE SOLICITOR GENERAL RETIREMENT BENEFITS,"CIVIL SERVICE, GOVERNMENT REORGANIZATION AND PROFESSIONAL REGULATION",CONSOLIDATED/SUBSTITUTED IN THE COMMITTEE REPORT
Senate Bill No. 380,18th Congress (July 2019 - 2022),https://ldr.senate.gov.ph/bills/senate-bill-no-380-18th-congress-republic,SOCIAL WELFARE AND DEVELOPMENT AGENCIES ACT,AN ACT STRENGTHENING THE REGULATION OF SOCIAL WELFARE AND DEVELOPMENT AGENCIES,"DE LIMA, LEILA M.","July 11, 2019",NATIONAL,SOCIAL WELFARE AND DEVELOPMENT (SWD) NON-GOVERNMENT ORGANIZATIONS (NGO),"SOCIAL JUSTICE, WELFARE AND RURAL DEVELOPMENT",PENDING IN THE COMMITTEE
Senate Bill No. 418,18th Congress (July 2019 - 2022),https://ldr.senate.gov.ph/bills/senate-bill-no-418-18th-congress-republic,AMENDING R.A. NO. 7042 (THE FOREIGN INVESTMENTS ACT) AS AMENDED,"AN ACT AMENDING REPUBLIC ACT NO. 7042, OTHERWISE KNOWN AS THE FOREIGN INVESTMENTS ACT OF 1991, AS AMENDED BY REPUBLIC ACT NO. 8179, AND FOR OTHER PURPOSES","PANGILINAN, FRANCIS ""KIKO"" N.","July 15, 2019",NATIONAL,Foreign investments,ECONOMIC AFFAIRS,CONSOLIDATED/SUBSTITUTED IN THE COMMITTEE REPORT
Senate Bill No. 629,18th Congress (July 2019 - 2022),https://ldr.senate.gov.ph/bills/senate-bill-no-629-18th-congress-republic,SOILLESS AGRICULTURAL PRODUCTION ACT OF 2019,"AN ACT PROMOTING THE USE OF AEROPONICS, HYDROPONICS AND AQUAPONICS FOR THE PRODUCTION OF HIGH VALUE FISH, CROPS AND VEGETABLES, AND FOR OTHER PURPOSES","MARCOS, IMEE R.","July 18, 2019",NATIONAL,HYDROPONICS AGRICULTURE AGRICULTURE TRAINING AEROPONICS TECHNOLOGY,"AGRICULTURE, FOOD AND AGRARIAN REFORM",PENDING IN THE COMMITTEE
Senate Bill No. 1254,18th Congress (July 2019 - 2022),https://ldr.senate.gov.ph/bills/senate-bill-no-1254-18th-congress-republic,CREATING ONE ADDITIONAL DIVISION IN THE NATIONAL LABOR RELATIONS COMMISSION,"AN ACT CREATING ONE ADDITIONAL DIVISION IN THE NATIONAL LABOR RELATIONS COMMISSION, INCREASING THE NUMBER OF COMMISSIONERS FROM FOURTEEN (14) TO SEVENTEEN (17), AMENDING FOR THE PURPOSE PRESIDENTIAL DECREE NO. 442, AS AMENDED, OTHERWISE KNOWN AS THE LABOR CODE OF THE PHILIPPINES, APPROPRIATING FUNDS THEREFOR, AND FOR OTHER PURPOSES","GO, CHRISTOPHER LAWRENCE T.","December 18, 2019",NATIONAL,NATIONAL LABOR RELATIONS COMMISSION (NLRC) LABOR CODE OF THE PHILIPPINES (P.D. NO. 442),"LABOR, EMPLOYMENT AND HUMAN RESOURCES DEVELOPMENT",PENDING IN THE COMMITTEE
Senate Bill No. 675,18th Congress (July 2019 - 2022),https://ldr.senate.gov.ph/bills/senate-bill-no-675-18th-congress-republic,INCREASING THE RECRUITMENT QUOTA REQUIREMENT OF FEMALE PNP OFFICERS,"AN ACT INCREASING THE RECRUITMENT QUOTA REQUIREMENT OF FEMALE PNP OFFICERS, AMENDING SECTION 58 OF REPUBLIC ACT 8551, APPROPRIATING FUNDS THEREFOR AND FOR OTHER PURPOSES","REVILLA JR., RAMON BONG","July 22, 2019",NATIONAL,PHILIPPINE NATIONAL POLICE REGULAR RECRUITMENT PROGRAM WOMEN PHILIPPINE NATIONAL POLICE REFORM AND REORGANIZATION ACT OF 1998 (R.A.NO. 8551),PUBLIC ORDER AND DANGEROUS DRUGS,CONSOLIDATED/SUBSTITUTED IN THE COMMITTEE REPORT
Senate Bill No. 572,18th Congress (July 2019 - 2022),https://ldr.senate.gov.ph/bills/senate-bill-no-572-18th-congress-republic,CROP INSURANCE PROGRAM FOR SMALL FARMERS ACT OF 2019,"AN ACT ESTABLISHING A MANDATORY CROP INSURANCE COVERAGE FOR SMALL FARMERS, PROVIDING FOR A NATIONAL GOVERNMENT SUBSIDY, AND FOR OTHER PURPOSES","BINAY, MARIA LOURDES NANCY S.","July 17, 2019",NATIONAL,CROP INSURANCE FARMERS,"AGRICULTURE, FOOD AND AGRARIAN REFORM",PENDING IN THE COMMITTEE
Senate Bill No. 1010,18th Congress (July 2019 - 2022),https://ldr.senate.gov.ph/bills/senate-bill-no-1010-18th-congress-republic,"STIFFER PENALTIES FOR THE NON-REMITTANCE OF SSS, PHILHEALTH AND PAG-IBIG FUND CONTRIBUTIONS",AN ACT IMPOSING STIFFER PENALTIES FOR THE NON-REMITTANCE OF MANDATORY GOVERNMENT CONTRIBUTIONS,"LAPID, MANUEL ""LITO"" M.","September 4, 2019",NATIONAL,REMITTANCE MANDATORY GOVERNMENT CONTRIBUTIONS SOCIAL SECURITY SYSTEM (SSS) PHILIPPINE HEALTH INSURANCE CORPORATION (PHILHEALTH/PHIC) HOME DEVELOPMENT MUTUAL FUND (HDMF/PAG-IBIG FUND) ECONOMIC SABOTAGE,JUSTICE AND HUMAN RIGHTS,PENDING IN THE COMMITTEE
Senate Bill No. 53,18th Congress (July 2019 - 2022),https://ldr.senate.gov.ph/bills/senate-bill-no-53-18th-congress-republic,EXPANDING THE CRIME OF ECONOMIC SABOTAGE,AN ACT EXPANDING THE SCOPE OF THE CRIME OF ECONOMIC SABOTAGE AMENDING FOR THAT PURPOSE PRESIDENTIAL DECREE NO. 1689,"LAPID, MANUEL ""LITO"" M.","July 1, 2019",NATIONAL,ECONOMIC SABOTAGE PYRAMID PROMOTIONAL SCHEMES ESTAFA SWINDLING,JUSTICE AND HUMAN RIGHTS,PENDING IN THE COMMITTEE
Senate Bill No. 536,18th Congress (July 2019 - 2022),https://ldr.senate.gov.ph/bills/senate-bill-no-536-18th-congress-republic,REPEALING R.A. NO. 10912 (CONTINUING PROFESSIONAL DEVELOPMENT ACT OF 2016),"AN ACT REPEALING REPUBLIC ACT NO. 10912, OTHERWISE KNOWN AS THE 'CONTINUING PROFESSIONAL DEVELOPMENT ACT OF 2016","ZUBIRI, JUAN MIGUEL ""MIGZ"" F.","July 16, 2019",NATIONAL,CONTINUING PROFESSIONAL DEVELOPMENT (R.A.NO. 10912),"CIVIL SERVICE, GOVERNMENT REORGANIZATION AND PROFESSIONAL REGULATION",PENDING IN THE COMMITTEE
Senate Bill No. 1074,18th Congress (July 2019 - 2022),https://ldr.senate.gov.ph/bills/senate-bill-no-1074-18th-congress-republic,EXCISE TAX ON ALCOHOL PRODUCTS,"AN ACT INCREASING THE EXCISE TAX ON ALCOHOL PRODUCTS, HEATED TOBACCO PRODUCTS AND VAPOR PRODUCTS, AMENDING FOR THIS PURPOSE SECTIONS 141, 142, 143, 144, 147, 150, AND 288, OF REPUBLIC ACT NO. 8424, AS AMENDED, OTHERWISE KNOWN AS THE NATIONAL INTERNAL REVENUE CODE OF 1997, AS AMENDED, AND FOR OTHER PURPOSES","PACQUIAO, EMMANUEL ""MANNY"" D.","September 25, 2019",NATIONAL,TAXES (EXCISE TAX) TOBACCO PRODUCTS/TOBACCO INDUSTRY ALCOHOLIC BEVERAGES NATIONAL INTERNAL REVENUE CODE (NIRC) VAPORIZED NICOTINE PRODUCTS/VAPE,WAYS AND MEANS,CONSOLIDATED WITH APPROVED BILL
Senate Bill No. 117,18th Congress (July 2019 - 2022),https://ldr.senate.gov.ph/bills/senate-bill-no-117-18th-congress-republic,INCOME TAX COMPENSATION EXEMPTION FOR TEACHERS SERVING AS MEMBERS OF THE ELECTORAL BOARD,AN ACT EXEMPTING FROM INCOME TAX COMPENSATION GIVEN TO TEACHERS FOR SERVING AS MEMBERS OF THE ELECTORAL BOARD FOR NATIONAL OR LOCAL ELECTIONS,"BINAY, MARIA LOURDES NANCY S.","July 1, 2019",NATIONAL,TEACHERS ELECTIONS/ELECTORAL REFORMS TAX EXEMPTION,WAYS AND MEANS,PENDING IN THE COMMITTEE
Senate Bill No. 286,18th Congress (July 2019 - 2022),https://ldr.senate.gov.ph/bills/senate-bill-no-286-18th-congress-republic,MAGNA CARTA OF STUDENT-ATHLETES,AN ACT PROVIDING FOR THE MAGNA CARTA OF STUDENT-ATHLETES,"CAYETANO, PIA S.","July 8, 2019",NATIONAL,MAGNA CARTA OF STUDENT-ATHLETES STUDENTS,"BASIC EDUCATION, ARTS AND CULTURE",PENDING IN THE COMMITTEE
Senate Bill No. 766,18th Congress (July 2019 - 2022),https://ldr.senate.gov.ph/bills/senate-bill-no-766-18th-congress-republic,EXEMPTING THE BUREAU OF INTERNAL REVENUE FROM THE COVERAGE OF REPUBLIC ACT NO. 6758,"AN ACT EXEMPTING THE BUREAU OF INTERNAL REVENUE FROM THE COVERAGE OF REPUBLIC ACT NO. 6758, OTHERWISE KNOWN AS THE SALARY STANDARDIZATION LAW, AS AMENDED, AND FOR OTHER PURPOSES","ANGARA, SONNY","July 24, 2019",NATIONAL,BUREAU OF INTERNAL REVENUE (BIR) SALARY STANDARDIZATION,"CIVIL SERVICE, GOVERNMENT REORGANIZATION AND PROFESSIONAL REGULATION",PENDING IN THE COMMITTEE
Senate Bill No. 339,18th Congress (July 2019 - 2022),https://ldr.senate.gov.ph/bills/senate-bill-no-339-18th-congress-republic,PUBLIC SCHOOL SECURITY ACT OF 2019,"AN ACT PROVIDING STIFFER PENALTIES FOR THEFT, ROBBERY AND DESTRUCTION OF PUBLIC SCHOOL PROPERTY","VILLAR, CYNTHIA A.","July 11, 2019",NATIONAL,PUBLIC SCHOOL SECURITY,JUSTICE AND HUMAN RIGHTS,PENDING IN THE COMMITTEE
Senate Bill No. 823,18th Congress (July 2019 - 2022),https://ldr.senate.gov.ph/bills/senate-bill-no-823-18th-congress-republic,MAGNA CARTA FOR THE PHILIPPINE NATIONAL POLICE UNIFORMED AND NON-UNIFORMED PERSONNEL,AN ACT PROVIDING FOR A MAGNA CARTA FOR THE PHILIPPINE NATIONAL POLICE,"ANGARA, SONNY","July 30, 2019",NATIONAL,PHILIPPINE NATIONAL POLICE (PNP),PUBLIC ORDER AND DANGEROUS DRUGS,PENDING IN THE COMMITTEE
Senate Bill No. 1148,18th Congress (July 2019 - 2022),https://ldr.senate.gov.ph/bills/senate-bill-no-1148-18th-congress-republic,PHILIPPINE NATIONAL POLICE REFORM AND REORGANIZATION ACT,"AN ACT AMENDING SECTION 58 OF REPUBLIC ACT NO. 8551, OTHERWISE KNOWN AS THE 'PHILIPPINE NATIONAL POLICE REFORM AND REORGANIZATION ACT OF 1998', APPROPRIATING FUNDS THEREFOR AND FOR OTHER PURPOSES","DE LIMA, LEILA M.","November 5, 2019",NATIONAL,PHILIPPINE NATIONAL POLICE REFORM AND REORGANIZATION ACT OF 1998 (R.A.NO. 8551) WOMENS DESK,PUBLIC ORDER AND DANGEROUS DRUGS,CONSOLIDATED/SUBSTITUTED IN THE COMMITTEE REPORT
Senate Bill No. 1211,18th Congress (July 2019 - 2022),https://ldr.senate.gov.ph/bills/senate-bill-no-1211-18th-congress-republic,LGU TRANSPORTATION ACT,"AN ACT AMENDING REPUBLIC ACT NO. 7160, OTHERWISE KNOWN AS THE 'LOCAL GOVERNMENT CODE OF 1991', BY EXPANDING THE SCOPE OF LOCAL GOVERNMENT UNITS' POWERS OVER LOCAL PUBLIC TRANSPORTATION SYSTEMS AND FOR OTHER PURPOSES","TOLENTINO, FRANCIS ""TOL"" N.","November 27, 2019",NATIONAL,LOCAL GOVERNMENT CODE (R.A. NO. 7160) TRANSPORTATION/TRANSPORT SECTOR,LOCAL GOVERNMENT,"PENDING SECOND READING, SPECIAL ORDER"
Senate Bill No. 491,18th Congress (July 2019 - 2022),https://ldr.senate.gov.ph/bills/senate-bill-no-491-18th-congress-republic,REGULATION OF WASTE TREATMENT TECHNOLOGY ACT,"AN ACT REGULATING THE USE OF TREATMENT TECHNOLOGY FOR MUNICIPAL AND HAZARDOUS WASTES, REPEALING FOR THE PURPOSE SECTION 20 OF REPUBLIC ACT NO. 8749 , ENTITLED 'THE PHILIPPINE CLEAN AIR ACT OF 1999'","SOTTO III, VICENTE C.","July 15, 2019",NATIONAL,WASTE MANAGEMENT HAZARDOUS/TOXIC/RADIOACTIVE WASTES MANAGEMENT,"ENVIRONMENT, NATURAL RESOURCES AND CLIMATE CHANGE",PENDING IN THE COMMITTEE
Senate Bill No. 886,18th Congress (July 2019 - 2022),https://ldr.senate.gov.ph/bills/senate-bill-no-886-18th-congress-republic,NATIONAL LAND USE POLICY ACT (NALUPA) OF 2019,"AN ACT INSTITUTING A NATIONAL LAND USE POLICY, PROVIDING THE IMPLEMENTING MECHANISMS THEREFOR, AND FOR OTHER PURPOSES","REVILLA JR., RAMON BONG","August 13, 2019",NATIONAL,LAND USE NATIONAL LAND USE ACT,"ENVIRONMENT, NATURAL RESOURCES AND CLIMATE CHANGE",PENDING IN THE COMMITTEE
Senate Bill No. 443,18th Congress (July 2019 - 2022),https://ldr.senate.gov.ph/bills/senate-bill-no-443-18th-congress-republic,RESOURCE CENTERS FOR INDIGENOUS PEOPLES ACT,"AN ACT ESTABLISHING RESOURCE CENTERS FOR INDIGENOUS PEOPLES TO ENHANCE AND ENSURE DELIVERY OF ESSENTIAL SERVICES, APPROPRIATING FUNDS THEREFOR AND FOR OTHER PURPOSES","REVILLA JR., RAMON BONG","July 15, 2019",NATIONAL,INDIGENOUS CULTURAL COMMUNITIES,CULTURAL COMMUNITIES,PENDING IN THE COMMITTEE
Senate Bill No. 967,18th Congress (July 2019 - 2022),https://ldr.senate.gov.ph/bills/senate-bill-no-967-18th-congress-republic,INSTITUTE FOR STRATEGIC STUDIES ACT OF 2019,AN ACT CREATING AND ESTABLISHING THE INSTITUTE FOR STRATEGIC STUDIES AND FOR OTHER PURPOSES,"REVILLA JR., RAMON BONG","August 27, 2019",NATIONAL,INSTITUTE FOR STRATEGIC STUDIES,"CIVIL SERVICE, GOVERNMENT REORGANIZATION AND PROFESSIONAL REGULATION",PENDING IN THE COMMITTEE
Senate Bill No. 653,18th Congress (July 2019 - 2022),https://ldr.senate.gov.ph/bills/senate-bill-no-653-18th-congress-republic,LOCAL FILM INDUSTRY DEVELOPMENT ACT OF 2019,"AN ACT TO PROMOTE AND SUPPORT THE DEVELOPMENT AND GROWTH OF THE PHILIPPINE FILM INDUSTRY, CREATING FOR THIS PURPOSE THE PHILIPPINE FILM COMMISSION, DEFINING ITS POWERS AND FUNCTIONS AND FOR OTHER PURPOSES","REVILLA JR., RAMON BONG","July 22, 2019",NATIONAL,FILM/MOVIE INDUSTRY PHILIPPINE FILM COMMISSION,PUBLIC INFORMATION AND MASS MEDIA,PENDING IN THE COMMITTEE
Senate Bill No. 19,18th Congress (July 2019 - 2022),https://ldr.senate.gov.ph/bills/senate-bill-no-19-18th-congress-republic,ADJUSTMENT IN THE MINIMUM BASIC SALARY OF PUBLIC SCHOOL TEACHERS/HIGHER EDUCATION TEACHING PERSONNEL,AN ACT TO ENHANCE THE PERFORMANCE OF PUBLIC SCHOOL TEACHERS AND HIGHER EDUCATION TEACHING PERSONNEL,Franklin M. Drilon,"July 1, 2019",NATIONAL,TEACHERS PUBLIC SCHOOL TEACHERS HIGHER EDUCATION TEACHING PERSONNEL WAGE INCREASE/SALARY INCREASE,"CIVIL SERVICE, GOVERNMENT REORGANIZATION AND PROFESSIONAL REGULATION",PENDING IN THE COMMITTEE
Senate Bill No. 724,18th Congress (July 2019 - 2022),https://ldr.senate.gov.ph/bills/senate-bill-no-724-18th-congress-republic,FIRECRACKERS PROHIBITION ACT OF 2019,"AN ACT BANNING THE SALE, DISTRIBUTION, AND USE OF FIRECRACKERS AND OTHER PYROTECHNIC DEVICES, PROVIDING PENALTIES FOR VIOLATIONS THEREOF","GATCHALIAN, WIN","July 24, 2019",NATIONAL,FIRECRACKERS/PYROTECHNIC DEVICES,PUBLIC ORDER AND DANGEROUS DRUGS,PENDING IN THE COMMITTEE
Senate Bill No. 12,18th Congress (July 2019 - 2022),https://ldr.senate.gov.ph/bills/senate-bill-no-12-18th-congress-republic,THE POLITICAL PARTY SYSTEM ACT,AN ACT STRENGTHENING THE POLITICAL PARTY SYSTEM OF THE PHILIPPINES,Franklin M. Drilon,"July 1, 2019",NATIONAL,POLITICAL PARTY,ELECTORAL REFORMS AND PEOPLES PARTICIPATION,PENDING IN THE COMMITTEE
Senate Bill No. 504,18th Congress (July 2019 - 2022),https://ldr.senate.gov.ph/bills/senate-bill-no-504-18th-congress-republic,CIVIL EFFECTS OF CHURCH ANNULMENT DECREE,AN ACT RECOGNIZING THE CIVIL EFFECTS OF CHURCH ANNULMENT DECREE,"CAYETANO, PIA S.","July 16, 2019",NATIONAL,ANNULMENT (CHURCH) MARRIAGE,"WOMEN, CHILDREN, FAMILY RELATIONS AND GENDER EQUALITY",PENDING IN THE COMMITTEE
Senate Bill No. 1234,18th Congress (July 2019 - 2022),https://ldr.senate.gov.ph/bills/senate-bill-no-1234-18th-congress-republic,REIMPOSITION OF DEATH PENALTY ACT OF 2019,"AN ACT REIMPOSING DEATH PENALTY ON CERTAIN HEINOUS CRIMES UNDER REPUBLIC ACT NO. 7659, PROVIDING FOR ADDITIONAL QUALIFICATIONS, AMENDING FOR THAT PURPOSE THE REVISED PENAL CODE, AS AMENDED, OTHER SPECIAL LAWS, AND FOR OTHER PURPOSES","MARCOS, IMEE R.","December 12, 2019",NATIONAL,Death penalty REVISED PENAL CODE (R.A. NO. 3815) COMPREHENSIVE DANGEROUS DRUGS ACT OF 2002 (R.A. NO. 9165),JUSTICE AND HUMAN RIGHTS,PENDING IN THE COMMITTEE
Senate Bill No. 705,18th Congress (July 2019 - 2022),https://ldr.senate.gov.ph/bills/senate-bill-no-705-18th-congress-republic,ANTI-SENIOR CITIZEN ABUSE ACT OF 2019,"AN ACT DEFINING AND PROHIBITING SENIOR CITIZEN ABUSE, PROVIDING PENALTIES THEREFOR, AND FOR OTHER PURPOSES","ANGARA, SONNY","July 23, 2019",NATIONAL,SENIOR CITIZEN/ELDERLY,JUSTICE AND HUMAN RIGHTS,PENDING IN THE COMMITTEE
Senate Bill No. 417,18th Congress (July 2019 - 2022),https://ldr.senate.gov.ph/bills/senate-bill-no-417-18th-congress-republic,SAME SEX PARTNERS PROPERTY RELATIONS ACT,AN ACT INSTITUTING A PROPERTY REGIME FOR COHABITING SAME SEX PARTNERS AND FOR OTHER PURPOSES,"MARCOS, IMEE R.","July 15, 2019",NATIONAL,SAME SEX PARTNERS PROPERTY SETTLEMENT/PROPERTY SEPARATION/CONJUGAL PROPERTY,"WOMEN, CHILDREN, FAMILY RELATIONS AND GENDER EQUALITY",PENDING IN THE COMMITTEE
Senate Bill No. 1017,18th Congress (July 2019 - 2022),https://ldr.senate.gov.ph/bills/senate-bill-no-1017-18th-congress-republic,REORGANIZATION AND REFORM ACT OF THE BUREAU OF FIRE PROTECTION OF 2019,"AN ACT PROVIDING FOR THE REORGANIZATION AND REFORM OF THE STRUCTURE OF THE UNIFORMED MEMBERS OF THE BUREAU OF FIRE PROTECTION, AMENDING CERTAIN PROVISIONS OF REPUBLIC ACT NO. 6975 AND REPUBLIC ACT NO. 9263 AND FOR OTHER PURPOSES","REVILLA JR., RAMON BONG","September 9, 2019",NATIONAL,BUREAU OF FIRE PROTECTION,PUBLIC ORDER AND DANGEROUS DRUGS,CONSOLIDATED/SUBSTITUTED IN THE COMMITTEE REPORT
Senate Bill No. 1083,18th Congress (July 2019 - 2022),https://ldr.senate.gov.ph/bills/senate-bill-no-1083-18th-congress-republic,THE ANTI-TERRORISM ACT OF 2020,"AN ACT AMENDING CERTAIN PROVISIONS OF REPUBLIC ACT NO. 9372 , OTHERWISE KNOWN AS AN ACT TO SECURE THE STATE AND PROTECT OUR PEOPLE FROM TERRORISM","SOTTO III, VICENTE C.","September 30, 2019",NATIONAL,ANTI-TERRORISM/ANTI-TERRORISM ACT (R.A.NO. 9372) TERRORISM HUMAN SECURITY ACT,"NATIONAL DEFENSE AND SECURITY, PEACE, UNIFICATION AND RECONCILIATION",APPROVED BY THE PRESIDENT OF THE PHILIPPINES
Senate Bill No. 73,18th Congress (July 2019 - 2022),https://ldr.senate.gov.ph/bills/senate-bill-no-73-18th-congress-republic,MIGRANT WORKERS HOSPITAL ACT OF 2019,"AN ACT ESTABLISHING A SPECIAL HOSPITAL FOR OVERSEAS FILIPINO WORKERS (OFWS) AND THEIR DEPENDENTS, APPROPRIATING FUNDS THEREFOR AND FOR OTHER PURPOSES","REVILLA JR., RAMON BONG","July 1, 2019",NATIONAL,MIGRANT WORKERS HOSPITAL OVERSEAS FILIPINO WORKERS (OFWS)/ MIGRANT WORKERS,HEALTH AND DEMOGRAPHY,PENDING IN THE COMMITTEE
Senate Bill No. 773,18th Congress (July 2019 - 2022),https://ldr.senate.gov.ph/bills/senate-bill-no-773-18th-congress-republic,STRENGTHENING SUSTAINABLE AGRICULTURE AND ENHANCING SUPPORT FOR SMALL ORGANIC FARMERS,"AN ACT STRENGTHENING SUSTAINABLE AGRICULTURE AND ENHANCING SUPPORT FOR SMALL ORGANIC FARMERS, AMENDING FOR THE PURPOSE CERTAIN SECTIONS OF REPUBLIC ACT NO. 10068 OR THE ORGANIC AGRICULTURE ACT OF 2010","POE, GRACE","July 24, 2019",NATIONAL,ORGANIC AGRICULTURE/ORGANIC FARMING,"AGRICULTURE, FOOD AND AGRARIAN REFORM",CONSOLIDATED/SUBSTITUTED IN THE COMMITTEE REPORT
Senate Bill No. 843,18th Congress (July 2019 - 2022),https://ldr.senate.gov.ph/bills/senate-bill-no-843-18th-congress-republic,AMENDING LOCAL GOVERNMENT CODE TO ENHANCE TAX COMPLIANCE IN LGUS,"AN ACT TO SIMPLIFY LOCAL TAXES TO ENHANCE TAX COMPLIANCE IN LOCAL GOVERNMENT UNITS BY AMENDING CERTAIN PROVISIONS IN BOOK II OF REPUBLIC ACT NO. 7160, OTHERWISE KNOWN AS THE 'LOCAL GOVERNMENT CODE OF 1991'","ANGARA, SONNY","July 21, 2019",NATIONAL,FRANCHISE TAX LOCAL GOVERNMENT UNITS (LGUs) LOCAL GOVERNMENT CODE (R.A. NO. 7160),LOCAL GOVERNMENT,PENDING IN THE COMMITTEE
Senate Bill No. 468,18th Congress (July 2019 - 2022),https://ldr.senate.gov.ph/bills/senate-bill-no-468-18th-congress-republic,PRIORITIZING THE AGRICULTURAL SECTOR IN THE GRANT OF LOANS BY THE LBP,"AN ACT PRIORITIZING THE AGRICULTURAL SECTOR IN THE GRANT OF LOANS BY THE LAND BANK OF THE PH ILIPPINES , AMENDING FOR THE PURPOSE REPUBLIC ACT NO. 3844 , AS AMENDED",Ralph G. Recto,"July 15, 2019",NATIONAL,LAND BANK OF THE PHILIPPINES (LBP),"BANKS, FINANCIAL INSTITUTIONS AND CURRENCIES",PENDING IN THE COMMITTEE
Senate Bill No. 136,18th Congress (July 2019 - 2022),https://ldr.senate.gov.ph/bills/senate-bill-no-136-18th-congress-republic,THE MAGNA CARTA FOR BARANGAYS,AN ACT TO ESTABLISH THE MAGNA CARTA FOR BARANGAYS,"ANGARA, SONNY","July 2, 2019",NATIONAL,MAGNA CARTA FOR BARANGAYS,LOCAL GOVERNMENT,PENDING IN THE COMMITTEE
Senate Bill No. 210,18th Congress (July 2019 - 2022),https://ldr.senate.gov.ph/bills/senate-bill-no-210-18th-congress-republic,NATIONAL TEACHERS MEDICAL CENTER ACT,"AN ACT ESTABLISHING A SPECIAL HOSPITAL FOR TEACHERS AND THEIR DEPENDENTS, CONVERTING THE EAST AVENUE MEDICAL CENTER IN DILIMAN, QUEZON CITY, INTO THE NATIONAL TEACHERS MEDICAL CENTER, APPROPRIATING FUNDS THEREFOR, AND FOR OTHER PURPOSES","TOLENTINO, FRANCIS ""TOL"" N.","July 2, 2019",NATIONAL,"PUBLIC SCHOOL TEACHERS HOSPITALS, CONVERSION",HEALTH AND DEMOGRAPHY,PENDING IN THE COMMITTEE
Senate Bill No. 920,18th Congress (July 2019 - 2022),https://ldr.senate.gov.ph/bills/senate-bill-no-920-18th-congress-republic,MAGNA CARTA OF THE OUT-OF-SCHOOL YOUTH,AN ACT PROVIDING FOR THE MAGNA CARTA OF THE OUT-OF-SCHOOL YOUTH,"GATCHALIAN, WIN","August 19, 2019",NATIONAL,MAGNA CARTA OF THE OUT-OF-SCHOOL YOUTH,YOUTH,PENDING IN THE COMMITTEE
Senate Bill No. 975,18th Congress (July 2019 - 2022),https://ldr.senate.gov.ph/bills/senate-bill-no-975-18th-congress-republic,LEFT-BEHIND HOUSEHOLD OF OFWS ACT,AN ACT ESTABLISHING A WELFARE AND SOCIAL ASSISTANCE PROGRAM TO FAMILIES LEFT BEHIND BY OVERSEAS FILIPINO WORKERS,"BINAY, MARIA LOURDES NANCY S.","August 28, 2019",NATIONAL,OVERSEAS FILIPINO WORKERS (OFWS)/ MIGRANT WORKERS,"LABOR, EMPLOYMENT AND HUMAN RESOURCES DEVELOPMENT",PENDING IN THE COMMITTEE
Senate Bill No. 581,18th Congress (July 2019 - 2022),https://ldr.senate.gov.ph/bills/senate-bill-no-581-18th-congress-republic,SOLAR ROOFTOP ADOPTION ACT OF 2019,"AN ACT TO FURTHER PROMOTE THE ADOPTION OF ROOFTOP SOLAR TECHNOLOGY AMONG RESIDENTIAL, COMMERCIAL, INDUSTRIAL, AND GOVERNMENT END-USERS, AMENDING FOR THE PURPOSE REPUBLIC ACT NO. 9513, OTHERWISE KNOWN AS THE 'RENEWABLE ENERGY ACT OF 2008', AND FOR OTHER PURPOSES","POE, GRACE","July 17, 2019",NATIONAL,ROOFTOP SOLAR TECHNOLOGY Solar energy,ENERGY,PENDING IN THE COMMITTEE
Senate Bill No. 545,18th Congress (July 2019 - 2022),https://ldr.senate.gov.ph/bills/senate-bill-no-545-18th-congress-republic,SYNCHRONIZING THE START OF SCHOOL YEAR ON 2ND MONDAY OF AUGUST IN ALL SCHOOLS,AN ACT SYNCHRONIZING THE OPENING OF ALL CLASSES IN ALL SCHOOLS IN THE PHILIPPINES,"ZUBIRI, JUAN MIGUEL ""MIGZ"" F.","July 16, 2019",NATIONAL,SCHOOL CALENDAR,"BASIC EDUCATION, ARTS AND CULTURE",PENDING IN THE COMMITTEE
Senate Bill No. 266,18th Congress (July 2019 - 2022),https://ldr.senate.gov.ph/bills/senate-bill-no-266-18th-congress-republic,COCONUT FARMERS AND INDUSTRY DEVELOPMENT ACT,"AN ACT CREATING THE COCONUT FARMERS AND INDUSTRY TRUST FUND, PROVIDING FOR ITS MANAGEMENT AND UTILIZATION, RECONSTITUTING FOR THE PURPOSE THE PHILIPPINE COCONUT AUTHORITY (PCA) AND FOR OTHER PURPOSES",Ralph G. Recto,"July 8, 2019",NATIONAL,COCONUT FARMERS AND INDUSTRY DEVELOPMENT TRUST FUND PHILIPPINE COCONUT AUTHORITY,"AGRICULTURE, FOOD AND AGRARIAN REFORM",CONSOLIDATED/SUBSTITUTED IN THE COMMITTEE REPORT
Senate Bill No. 347,18th Congress (July 2019 - 2022),https://ldr.senate.gov.ph/bills/senate-bill-no-347-18th-congress-republic,PENALIZING THE UNJUSTIFIED INTERRUPTION OF SERVICE PROVIDED BY DISTRIBUTION UTILITIES,AN ACT PENALIZING THE UNJUSTIFIED INTERRUPTION OF SERVICE PROVIDED BY DISTRIBUTION UTILITIES AND TELECOMMUNICATIONS AND BROADCASTING ENTITIES,"VILLANUEVA, JOEL","July 11, 2019",NATIONAL,SERVICE INTERRUPTION ENERGY REGULATORY COMMISSION METROPOLITAN WATERWORKS AND SEWERAGE SYSTEM (MWSS) LOCAL WATER UTILITIES ADMINISTRATION (LWUA) National Telecommunications Commission (NTC),PUBLIC SERVICES,PENDING IN THE COMMITTEE
Senate Bill No. 1049,18th Congress (July 2019 - 2022),https://ldr.senate.gov.ph/bills/senate-bill-no-1049-18th-congress-republic,SPECIAL MASS TRANSIT SYSTEM SUPPORT FUND ACT,"AN ACT CREATING THE SPECIAL MASS TRANSIT SYSTEM SUPPORT FUND AMENDING FOR THE PURPOSE SECTION 7 OF REPUBLIC ACT NO. 8794, AS AMENDED",Ralph G. Recto,"September 16, 2019",NATIONAL,MASS TRANSIT SYSTEM TRANSPORTATION/TRANSPORT SECTOR,PUBLIC SERVICES,PENDING IN THE COMMITTEE
Senate Bill No. 40,18th Congress (July 2019 - 2022),https://ldr.senate.gov.ph/bills/senate-bill-no-40-18th-congress-republic,SINGLE-USE PLASTICS REGULATION AND MANAGEMENT ACT OF 2019,"AN ACT REGULATING THE MANUFACTURING, IMPORTATION AND USE OF SINGLE-USE PLASTIC PRODUCTS, AND PROVIDING PENALTIES, LEVIES AND AN INCENTIVES SYSTEM FOR INDUSTRIES, BUSINESS ENTERPRISES AND CONSUMERS THEREOF","PANGILINAN, FRANCIS ""KIKO"" N.","July 1, 2019",NATIONAL,PLASTIC/PLASTIC BAGS/PLASTIC PRODUCTS/PLASTIC WASTE,"ENVIRONMENT, NATURAL RESOURCES AND CLIMATE CHANGE",CONSOLIDATED/SUBSTITUTED IN THE COMMITTEE REPORT
Senate Bill No. 104,18th Congress (July 2019 - 2022),https://ldr.senate.gov.ph/bills/senate-bill-no-104-18th-congress-republic,BASIC EDUCATION TEACHERS PAY INCREASE ACT,AN ACT PROVIDING FOR ADDITIONAL SUPPORT AND COMEPENSATION FOR EDUCATORS IN BASIC EDUCATION,"ZUBIRI, JUAN MIGUEL ""MIGZ"" F.","July 1, 2019",NATIONAL,WAGE INCREASE/SALARY INCREASE PUBLIC SCHOOL TEACHERS,"CIVIL SERVICE, GOVERNMENT REORGANIZATION AND PROFESSIONAL REGULATION",PENDING IN THE COMMITTEE
Senate Bill No. 483,18th Congress (July 2019 - 2022),https://ldr.senate.gov.ph/bills/senate-bill-no-483-18th-congress-republic,BARANGAY INTEGRATED DEVELOPMENT APPROACH FOR NUTRITION IMPROVEMENT (BIDANI) ACT,AN ACT ESTABLISHING THE BARANGAY INTEGRATED DEVELOPMENT APPROACH FOR NUTRITION IMPROVEMENT (BIDANI) OF THE RURAL POOR AS A LINKAGE PROGRAM FOR ALL STATE UNIVERSITIES AND COLLEGES (SUCS) AND COMMUNITY COLLEGES AND APPROPRIATING FUNDS THEREFOR,"SOTTO III, VICENTE C.","July 15, 2019",NATIONAL,BIDANI (BARANGAY INTEGRATED DEVELOPMENT APPROACH FOR NUTRITION IMPROVEMENT),HEALTH AND DEMOGRAPHY,PENDING IN THE COMMITTEE
Senate Bill No. 452,18th Congress (July 2019 - 2022),https://ldr.senate.gov.ph/bills/senate-bill-no-452-18th-congress-republic,ADDITIONAL TEACHERS' INSURANCE ACT,"AN ACT GRANTING ADDITIONAL INSURANCE BENEFITS TO ALL PUBLIC SCHOOL TEACHERS, PROVIDING FUNDS FOR THE PAYMENT OF ITS PREMIUMS, AND FOR OTHER PURPOSES","REVILLA JR., RAMON BONG","July 15, 2019",LOCAL,PUBLIC SCHOOL TEACHERS INSURANCE,GOVERNMENT CORPORATIONS AND PUBLIC ENTERPRISES,PENDING IN THE COMMITTEE
Senate Bill No. 157,18th Congress (July 2019 - 2022),https://ldr.senate.gov.ph/bills/senate-bill-no-157-18th-congress-republic,SPORTS VARSITY TEAMS IN BASIC EDUCATION ACT,AN ACT INSTITUTIONALIZING SPORTS VARSITY TEAMS IN ELEMENTARY AND SECONDARY SCHOOLS AND FOR OTHER PURPOSES,"VILLANUEVA, JOEL","July 2, 2019",NATIONAL,SPORTS VARSITY TEAMS ELEMENTARY EDUCATION/PRIMARY EDUCATION Secondary Education,"BASIC EDUCATION, ARTS AND CULTURE",PENDING IN THE COMMITTEE
Senate Bill No. 242,18th Congress (July 2019 - 2022),https://ldr.senate.gov.ph/bills/senate-bill-no-242-18th-congress-republic,STREAMLINING THE PROCESS FOR ADMISSION OF DRUG DEPENDENTS IN GOVERNMENT REHABILITATION FACILITIES,"AN ACT STREAMLINING THE PROCESS FOR THE ADMISSION OF DRUG DEPENDENTS IN GOVERNMENT DRUG REHABILITATION FACILITIES, AMENDING FOR THE PURPOSE SECTION 3, 54, 77 AND 81 OF REPUBLIC ACT NO. 9165, OTHERWISE KNOWN AS THE COMPREHENSIVE DANGEROUS DRUGS ACT OF 2002","SOTTO III, VICENTE C.","July 8, 2019",NATIONAL,DRUG ADDICT/PERSONS WHO USE DRUGS (PWUD) DRUG REHABILITATION COMPREHENSIVE DANGEROUS DRUGS ACT OF 2002 (R.A. NO. 9165),PUBLIC ORDER AND DANGEROUS DRUGS,PENDING IN THE COMMITTEE
Senate Bill No. 898,18th Congress (July 2019 - 2022),https://ldr.senate.gov.ph/bills/senate-bill-no-898-18th-congress-republic,CHEAPER BOOKS FOR THE POOR ACT,"AN ACT ESTABLISHING THE MECHANISMS TO ENSURE THE AVAILABILITY OF AFFORDABLE COLLEGE AND POST-GRADUATE TEXTBOOKS AND SUPPLEMENTAL MATERIALS FOR THE POOR, APPROPRIATING FUNDS THEREFOR, AND FOR OTHER PURPOSES","LAPID, MANUEL ""LITO"" M.","August 13, 2019",NATIONAL,TEXTBOOKS,"HIGHER, TECHNICAL AND VOCATIONAL EDUCATION",PENDING IN THE COMMITTEE
Senate Bill No. 943,18th Congress (July 2019 - 2022),https://ldr.senate.gov.ph/bills/senate-bill-no-943-18th-congress-republic,RIGHTS OF INTERNALLY DISPLACED PERSONS ACT OR THE RIDPA,"AN ACT PROTECTING THE RIGHTS OF INTERNALLY DISPLACED PERSONS, APPROPRIATING FUNDS THEREFOR, AND FOR OTHER PURPOSES","POE, GRACE","August 20, 2019",NATIONAL,INTERNALLY DISPLACED PERSONS,JUSTICE AND HUMAN RIGHTS,PENDING IN THE COMMITTEE
Senate Bill No. 513,18th Congress (July 2019 - 2022),https://ldr.senate.gov.ph/bills/senate-bill-no-513-18th-congress-republic,"STRENGTHENING THE DRUG ABUSE PREVENTION, TREATMENT, AND REHABILITATION","AN ACT STRENGTHENING THE DRUG ABUSE PREVENTION, TREATMENT, AND REHABILITATION, AMENDING FOR THE PURPOSE REPUBLIC ACT NO. 9165, OTHERWISE KNOWN AS 'THE COMPREHENSIVE DANGEROUS DRUGS ACT OF 2002' AS AMENDED, AND APPROPRIATING FUNDS THEREFOR","DELA ROSA, RONALD ""BATO""","July 16, 2019",NATIONAL,"DRUG PREVENTION DRUG REHABILITATION DANGEROUS DRUGS ACT OF 2002, R.A.NO. 9165",PUBLIC ORDER AND DANGEROUS DRUGS,PENDING IN THE COMMITTEE
Senate Bill No. 954,18th Congress (July 2019 - 2022),https://ldr.senate.gov.ph/bills/senate-bill-no-954-18th-congress-republic,STRAW REGULATION ACT,"AN ACT REGULATING THE USE, RECOVERY, COLLECTION, AND DISPOSAL OF PLASTIC DRINKING STRAWS IN COMMERCIAL ESTABLISHMENTS AND IN PRE-PACKED BEVERAGES","ANGARA, SONNY","August 27, 2019",NATIONAL,N/A,"ENVIRONMENT, NATURAL RESOURCES AND CLIMATE CHANGE",CONSOLIDATED/SUBSTITUTED IN THE COMMITTEE REPORT
Senate Bill No. 645,18th Congress (July 2019 - 2022),https://ldr.senate.gov.ph/bills/senate-bill-no-645-18th-congress-republic,TAX INCENTIVES TO BROADCAST AND PRINT MEDIA,"AN ACT GRANTING TAX INCENTIVES TO BROADCAST AND PRINT MEDIA DEVOTING AIRTIME AND SPACE TO EDUCATIONAL PROGRAMS, AND TO ADVERTISERS OR SPONSORS SUPPORTING SUCH PROGRAMS AND FOR OTHER PURPOSES","REVILLA JR., RAMON BONG","July 22, 2019",NATIONAL,BROADCAST MEDIA/BROADCASTING SYSTEM TAX INCENTIVES,PUBLIC INFORMATION AND MASS MEDIA,PENDING IN THE COMMITTEE
Senate Bill No. 686,18th Congress (July 2019 - 2022),https://ldr.senate.gov.ph/bills/senate-bill-no-686-18th-congress-republic,PALLIATIVE AND HOSPICE CARE ACT,"AN ACT INTEGRATING PALLIATIVE AND HOSPICE CARE INTO THE PHILIPPINE HEALTH CARE SYSTEM, APPROPRIATING FUNDS THEREFOR, AND FOR OTHER PURPOSES","PIMENTEL, AQUILINO ""KOKO"" III","July 22, 2019",NATIONAL,PALLIATIVE AND HOSPICE CARE PHILIPPINE HEALTH INSURANCE CORPORATION (PHILHEALTH/PHIC) health care,HEALTH AND DEMOGRAPHY,PENDING IN THE COMMITTEE
Senate Bill No. 1028,18th Congress (July 2019 - 2022),https://ldr.senate.gov.ph/bills/senate-bill-no-1028-18th-congress-republic,AMENDING SECTIONS 15 AND 16 OF R. A. 10071 (NATIONAL PROSECUTION SERVICE ACT OF 2010),"AN ACT AMENDING SECTIONS 15 AND 16 OF REPUBLIC ACT 10071, OTHERWISE KNOWN AS THE 'NATIONAL PROSECUTION SERVICE ACT OF 2010', APPROPRIATING FUNDS THEREFOR AND FOR OTHER PURPOSES","SOTTO III, VICENTE C.","September 10, 2019",NATIONAL,NATIONAL PROSECUTION SERVICE,JUSTICE AND HUMAN RIGHTS,PENDING IN THE COMMITTEE
Senate Bill No. 10,18th Congress (July 2019 - 2022),https://ldr.senate.gov.ph/bills/senate-bill-no-10-18th-congress-republic,14TH MONTH PAY LAW,AN ACT REQUIRING EMPLOYERS IN THE PRIVATE SECTOR TO PAY 14TH MONTH PAY,"SOTTO III, VICENTE C.","July 1, 2019",NATIONAL,14TH MONTH PAY,"LABOR, EMPLOYMENT AND HUMAN RESOURCES DEVELOPMENT",PENDING IN THE COMMITTEE
Senate Bill No. 1092,18th Congress (July 2019 - 2022),https://ldr.senate.gov.ph/bills/senate-bill-no-1092-18th-congress-republic,TEACHING SUPPLIES ALLOWANCE ACT OF 2019,AN ACT INSTITUTIONALIZING THE GRANT OF A TEACHING SUPPLIES ALLOWANCE FOR PUBLIC SCHOOL TEACHERS AND APPROPRIATING FUNDS THEREFOR,Ralph G. Recto,"October 1, 2019",NATIONAL,TEACHING SUPPLIES ALLOWANCE TEACHERS PUBLIC SCHOOL TEACHERS,"CIVIL SERVICE, GOVERNMENT REORGANIZATION AND PROFESSIONAL REGULATION",PENDING IN THE HOUSE OF REPRESENTATIVES
Senate Bill No. 84,18th Congress (July 2019 - 2022),https://ldr.senate.gov.ph/bills/senate-bill-no-84-18th-congress-republic,WHISTLEBLOWER PROTECTION ACT OF 2019,"AN ACT PROVIDING FOR THE PROTECTION, SECURITY, AND BENEFITS OF WHISTLEBLOWERS, APPROPRIATING FUNDS THEREFOR, AND FOR OTHER PURPOSES","GORDON, RICHARD J.","July 1, 2019",NATIONAL,WHISTLEBLOWERS,JUSTICE AND HUMAN RIGHTS,PENDING IN THE COMMITTEE
Senate Bill No. 784,18th Congress (July 2019 - 2022),https://ldr.senate.gov.ph/bills/senate-bill-no-784-18th-congress-republic,"CREATING 1 ADDITIONAL BRANCH OF THE REGIONAL TRIAL COURT AT THE MUNICIPALITY OF LARENA, SIQUIJOR","AN ACT CREATING ONE (1) ADDITIONAL BRANCH OF THE REGIONAL TRIAL COURT IN THE SEVENTH JUDICIAL REGION TO BE STATIONED AT THE MUNICIPALITY OF LARENA, PROVINCE OF SIQUIJOR, FURTHER AMENDING FOR THE PURPOSE BATAS PAMBANSA BLG. 129, OTHERWISE KNOWN AS 'THE JUDICIARY REORGANIZATION ACT OF 1980', AS AMENDED, AND APPROPRIATING FUNDS THEREFOR","HONTIVEROS, RISA","July 25, 2019",NATIONAL,"COURTS (RTC/MTC, CREATION) JUDICIARY REORGANIZATION ACT (BATAS PAMBANSA BLG. 129)",JUSTICE AND HUMAN RIGHTS,PENDING IN THE COMMITTEE
Senate Bill No. 839,18th Congress (July 2019 - 2022),https://ldr.senate.gov.ph/bills/senate-bill-no-839-18th-congress-republic,ENHANCING THE TAXING POWERS OF LOCAL GOVERNMENT UNITS,"AN ACT TO ENHANCE THE TAXING POWERS OF LOCAL GOVERNMENT UNITS BY AMENDING CERTAIN PROVISIONS IN BOOK II OF REPUBLIC ACT NO. 7160, OTHERWISE KNOWN AS THE 'LOCAL GOVERNMENT CODE OF 1991'","ANGARA, SONNY","July 31, 2019",NATIONAL,LOCAL GOVERNMENT UNITS (LGUs) LOCAL GOVERNMENT CODE (R.A. NO. 7160) TAXES/TAXATION Trucks,LOCAL GOVERNMENT,PENDING IN THE COMMITTEE
Senate Bill No. 817,18th Congress (July 2019 - 2022),https://ldr.senate.gov.ph/bills/senate-bill-no-817-18th-congress-republic,WOMEN PARTICIPATION AND REPRESENTATION IN POLITICAL PARTIES ACT OF 2019,"AN ACT PROMOTING WOMEN PARTICIPATION AND EQUITABLE REPRESENTATION IN AND BY POLITICAL PARTIES, GIVING INCENTIVES THEREFOR, CREATING THE WOMEN IN POLITICAL PARTIES EMPOWERMENT FUND, AND FOR OTHER PURPOSES","HONTIVEROS, RISA","July 29, 2019",NATIONAL,WOMEN POLITICAL PARTY,"WOMEN, CHILDREN, FAMILY RELATIONS AND GENDER EQUALITY",PENDING IN THE COMMITTEE
Senate Bill No. 233,18th Congress (July 2019 - 2022),https://ldr.senate.gov.ph/bills/senate-bill-no-233-18th-congress-republic,BARANGAY COMMUNITY PEACE AND ORDER COUNCIL ACT,AN ACT CREATING BARANGAY COMMUNITY PEACE AND ORDER COUNCIL FOR THE UTILIZATION OF BARANGAY OFFICIALS AND ITS CONSTITUENTS IN CRIME PREVENTION AND FOR OTHER PURPOSES,"DELA ROSA, RONALD ""BATO""","July 4, 2019",NATIONAL,BARANGAY COMMUNITY PEACE AND ORDER COUNCIL BARANGAY OFFICIALS,LOCAL GOVERNMENT,PENDING IN THE COMMITTEE
Senate Bill No. 566,18th Congress (July 2019 - 2022),https://ldr.senate.gov.ph/bills/senate-bill-no-566-18th-congress-republic,BUSINESS INCENTIVES FOR OFWS ACT,AN ACT PROVIDING BENEFITS AND INCENTIVES TO OVERSEAS FILIPINO WORKERS INVESTING IN BUSINESS IN THE PHILIPPINES,"BINAY, MARIA LOURDES NANCY S.","July 17, 2019",NATIONAL,OVERSEAS FILIPINO WORKERS (OFWS)/ MIGRANT WORKERS,"LABOR, EMPLOYMENT AND HUMAN RESOURCES DEVELOPMENT",PENDING IN THE COMMITTEE
Senate Bill No. 1142,18th Congress (July 2019 - 2022),https://ldr.senate.gov.ph/bills/senate-bill-no-1142-18th-congress-republic,SHORT-TERM RESIDENTIAL RENTAL REGISTRY ACT OF 2019,AN ACT REGULATING SHORT-TERM RESIDENTIAL RENTAL AND ESTABLISHING A REGISTRY FOR SUCH PURPOSE,"LAPID, MANUEL ""LITO"" M.","November 5, 2019",NATIONAL,RENT CONTROL HOSTING PLATFORM/HOME SHARING (AIRBNB BOOKING.COM),TOURISM,PENDING IN THE COMMITTEE
Senate Bill No. 530,18th Congress (July 2019 - 2022),https://ldr.senate.gov.ph/bills/senate-bill-no-530-18th-congress-republic,MAGNA CARTA OF STUDENTS RIGHTS AND WELFARE ACT OF 2019,AN ACT PROVIDING FOR A MAGNA CARTA FOR STUDENTS' RIGHTS AND WELFARE,"ZUBIRI, JUAN MIGUEL ""MIGZ"" F.","July 16, 2019",NATIONAL,MAGNA CARTA FOR STUDENTS,"BASIC EDUCATION, ARTS AND CULTURE",PENDING IN THE COMMITTEE
Senate Bill No. 1206,18th Congress (July 2019 - 2022),https://ldr.senate.gov.ph/bills/senate-bill-no-1206-18th-congress-republic,PRIORITY SEATING FOR THE ELDERLY ACT OF 2019,"AN ACT REQUIRING ESTABLISHMENTS TO PROVIDE PRIORITY SEATING FOR THE ELDERLY, AND PROVIDING PENALTIES FOR THE VIOLATIONS THEREOF FURTHER AMENDING FOR THIS PURPOSE REPUBLIC ACT NO. 9994, OTHERWISE KNOWN AS EXPANDED SENIOR CITIZEN'S ACT","REVILLA JR., RAMON BONG","November 27, 2019",NATIONAL,PRIORITY SEATING SENIOR CITIZEN/ELDERLY,"SOCIAL JUSTICE, WELFARE AND RURAL DEVELOPMENT",PENDING IN THE COMMITTEE
Senate Bill No. 257,18th Congress (July 2019 - 2022),https://ldr.senate.gov.ph/bills/senate-bill-no-257-18th-congress-republic,URBAN AGRICULTURE AND VERTICAL FARMING ACT OF 2019,"AN ACT PROMOTING THE USE OF URBAN AGRICULTURE AND VERTICAL FARMING IN THE COUNTRY'S METROPOLITAN AREAS TO ADDRESS FOOD SECURITY CONCERNS AND REGENERATE ECOSYSTEM FUNCTIONS, APPROPRIATING FUNDS THEREFOR, AND FOR OTHER PURPOSES","PANGILINAN, FRANCIS ""KIKO"" N.","July 8, 2019",NATIONAL,URBAN FARMING/CITY GARDEN FOOD SECURITY,"AGRICULTURE, FOOD AND AGRARIAN REFORM",CONSOLIDATED/SUBSTITUTED IN THE COMMITTEE REPORT
Senate Bill No. 880,18th Congress (July 2019 - 2022),https://ldr.senate.gov.ph/bills/senate-bill-no-880-18th-congress-republic,PLASTIC PRODUCTS REGULATION ACT,"AN ACT REGULATING THE PRODUCTION, IMPORTATION, SALE, PROVISION, USE, RECOVERY, COLLECTION, RECYCLING AND DISPOSAL OF PLASTIC PRODUCTS","LAPID, MANUEL ""LITO"" M.","August 7, 2019",NATIONAL,PLASTIC/PLASTIC BAGS/PLASTIC PRODUCTS/PLASTIC WASTE RECYCLING,"ENVIRONMENT, NATURAL RESOURCES AND CLIMATE CHANGE",CONSOLIDATED/SUBSTITUTED IN THE COMMITTEE REPORT
Senate Bill No. 333,18th Congress (July 2019 - 2022),https://ldr.senate.gov.ph/bills/senate-bill-no-333-18th-congress-republic,SINGLE-USE PLASTIC PRODUCT REGULATION ACT OF 2019,"AN ACT REGULATING THE MANUFACTURING, IMPORTATION, AND USE OF SINGLE-USE PLASTIC PRODUCTS, AND PROVIDING PENALTIES, LEVIES AND INCENTIVES SYSTEM FOR INDUSTRIES, BUSINESS ENTERPRISES AND CONSUMERS THEREOF, AND FOR OTHER PURPOSES","VILLAR, CYNTHIA A.","July 11, 2019",NATIONAL,PLASTIC/PLASTIC BAGS/PLASTIC PRODUCTS/PLASTIC WASTE,"ENVIRONMENT, NATURAL RESOURCES AND CLIMATE CHANGE",CONSOLIDATED/SUBSTITUTED IN THE COMMITTEE REPORT
Senate Bill No. 970,18th Congress (July 2019 - 2022),https://ldr.senate.gov.ph/bills/senate-bill-no-970-18th-congress-republic,INCREASING HAZARD PAY TO CIVILIAN DOCTORS AND NURSES OF THE AFPMMC,AN ACT INCREASING THE HAZARD PAY OF ALL PERSONNEL OF THE ARMED FORCES OF THE PHILIPPINES AND PROVIDING HAZARD PAY TO ALL CIVILIAN DOCTORS AND NURSES UNDER THE AFPMMC ASSIGNED IN CONFLICT AREAS PROVIDING FUNDS THEREFOR,"PACQUIAO, EMMANUEL ""MANNY"" D.","August 27, 2019",NATIONAL,ARMED FORCES OF THE PHILIPPINES MEMORIAL MEDICAL CENTER (AFPMMC) HAZARD PAY DOCTORS/PHYSICIANS/DENTISTS NURSES/NURSING,"NATIONAL DEFENSE AND SECURITY, PEACE, UNIFICATION AND RECONCILIATION",PENDING IN THE COMMITTEE
Senate Bill No. 25,18th Congress (July 2019 - 2022),https://ldr.senate.gov.ph/bills/senate-bill-no-25-18th-congress-republic,PREPAID SUBSCRIBER IDENTITY MODULE (SIM) CARDS REGULATIONS ACT OF 2019,"AN ACT REGULATING THE SALE OF PREPAID SUBSCRIBER IDENTITY MODULE (SIM) CARDS, PROVIDING PENALTIES FOR VIOLATION THEREOF, AND FOR OTHER PURPOSES","LACSON, PANFILO M.","July 1, 2019",NATIONAL,PREPAID CALLING CARDS/PREPAID SIM CARDS/PRE-PAID PHONE CARD INDUSTRY SIM CARD REGISTRATION CELLULAR PHONES/CELL PHONES,PUBLIC SERVICES,CONSOLIDATED/SUBSTITUTED IN THE COMMITTEE REPORT
Senate Bill No. 696,18th Congress (July 2019 - 2022),https://ldr.senate.gov.ph/bills/senate-bill-no-696-18th-congress-republic,RECYCLE WASTE ACT OF 2019,AN ACT REQUIRING THE RECYCLING AND UTILIZATION OF RECYCLED MATERIALS BY EDUCATIONAL INSTITUTIONS,"REVILLA JR., RAMON BONG","July 22, 2019",NATIONAL,RECYCLING WASTE MANAGEMENT educational institutions,"ENVIRONMENT, NATURAL RESOURCES AND CLIMATE CHANGE",PENDING IN THE COMMITTEE
Senate Bill No. 90,18th Congress (July 2019 - 2022),https://ldr.senate.gov.ph/bills/senate-bill-no-90-18th-congress-republic,LAKE LANAO DEVELOPMENT AUTHORITY ACT OF 2019,"AN ACT CREATING THE LAKE LANAO DEVELOPMENT AUTHORITY, DEFINING ITS POWERS, FUNCTIONS, AND DUTIES, AND FOR OTHER PURPOSES","GORDON, RICHARD J.","July 1, 2019",NATIONAL,LAKE LANAO DEVELOPMENT AUTHORITY,GOVERNMENT CORPORATIONS AND PUBLIC ENTERPRISES,PENDING IN THE COMMITTEE
Senate Bill No. 13,18th Congress (July 2019 - 2022),https://ldr.senate.gov.ph/bills/senate-bill-no-13-18th-congress-republic,AMENDING THE PUBLIC SERVICE LAW,"AN ACT AMENDING COMMONWEALTH ACT NO. 146, OTHERWISE KNOWN AS THE PUBLIC SERVICE LAW, AS AMENDED",Franklin M. Drilon,"July 1, 2019",NATIONAL,Commonwealth Act PUBLIC SERVICE ACT (COMMONWEALTH ACT NO. 146),PUBLIC SERVICES,CONSOLIDATED/SUBSTITUTED IN THE COMMITTEE REPORT
Senate Bill No. 691,18th Congress (July 2019 - 2022),https://ldr.senate.gov.ph/bills/senate-bill-no-691-18th-congress-republic,CODE OF CONDUCT FOR THE EVICTION OF UNDERPRIVILEGED AND HOMELESS CITIZENS,"AN ACT PRESCRIBING A CODE OF CONDUCT FOR THE EVICTION OF UNDERPRIVILEGED AND HOMELESS CITIZENS OR THE DEMOLITION OF THEIR DWELLINGS, PROVIDING PENALTIES FOR VIOLATION THEREOF, AND APPROPRIATING FUNDS THEREFOR, AMENDING FOR THE PURPOSE REPUBLIC ACT NO. 7279, OTHERWISE KNOWN AS THE URBAN DEVELOPMENT AND HOUSING ACT OF 1992","PANGILINAN, FRANCIS ""KIKO"" N.","July 22, 2019",NATIONAL,UNDERPRIVILEGED PERSONS homeless EVICTION/DEMOLITION URBAN DEVELOPMENT AND HOUSING ACT (R.A. NO. 7279) INFORMAL SETTLERS/SQUATTERS/SQUATTING,"URBAN PLANNING, HOUSING AND RESETTLEMENT",PENDING IN THE COMMITTEE
Senate Bill No. 497,18th Congress (July 2019 - 2022),https://ldr.senate.gov.ph/bills/senate-bill-no-497-18th-congress-republic,PHILIPPINE ONLINE INFRINGEMENT ACT,AN ACT ENABLING THE INTELLECTUAL PROPERTY OFFICE THROUGH THE NATIONAL TELECOMMUNICATIONS COMMISSION TO CANCEL LICENSES OF INTERNET SERVICE PROVIDERS THAT ALLOW WEBSITES TO INFRINGE OR TO FACILITATE INFRINGEMENT OF COPYRIGHT,"SOTTO III, VICENTE C.","July 15, 2019",NATIONAL,INTERNET SERVICE PROVIDERS ONLINE INFRINGEMENT,PUBLIC SERVICES,PENDING IN THE COMMITTEE
Senate Bill No. 1036,18th Congress (July 2019 - 2022),https://ldr.senate.gov.ph/bills/senate-bill-no-1036-18th-congress-republic,STUDENT HOUSING REGULATION ACT OF 2019,AN ACT PROVIDING A MECHANISM FOR THE REGULATION OF STUDENT HOUSING ENTITIES AND ESTABLISHING A STUDENT HOUSING REGISTRY IN EVERY CITY AND MUNICIPALITY,"LAPID, MANUEL ""LITO"" M.","September 11, 2019",NATIONAL,STUDENT HOUSING ACT,"URBAN PLANNING, HOUSING AND RESETTLEMENT",PENDING IN THE COMMITTEE
Senate Bill No. 437,18th Congress (July 2019 - 2022),https://ldr.senate.gov.ph/bills/senate-bill-no-437-18th-congress-republic,NATIONAL PARENT COUNCIL ACT OF 2019,AN ACT STRENGTHENING THE ROLE OF PARENTS ASSOCIATIONS AND CREATING FOR THE PURPOSE THE NATIONAL PARENT COUNCIL,"REVILLA JR., RAMON BONG","July 15, 2019",NATIONAL,PARENTS ASSOCIATIONS,"BASIC EDUCATION, ARTS AND CULTURE",PENDING IN THE COMMITTEE
Senate Bill No. 1099,18th Congress (July 2019 - 2022),https://ldr.senate.gov.ph/bills/senate-bill-no-1099-18th-congress-republic,DRUG ABUSE TREATMENT AND REHABILITATION CENTERS,"AN ACT STRENGTHENING THE GOVERNMENT'S EFFORTS TOWARDS THE TREATMENT AND REHABILITATION OF DRUG DEPENDENTS OR PEOPLE WHO USE DRUGS (PWUDS) BY ESTABLISHING DRUG ABUSE TREATMENT AND REHABILITATION CENTERS IN EVERY PROVINCE AND CITY IN THE COUNTRY, APPROPRIATING FUNDS THEREFOR AND FOR OTHER PURPOSES","VILLAR, CYNTHIA A.","October 2, 2019",NATIONAL,DRUG ADDICT/PERSONS WHO USE DRUGS (PWUD) DRUG REHABILITATION,PUBLIC ORDER AND DANGEROUS DRUGS,PENDING IN THE COMMITTEE
Senate Bill No. 128,18th Congress (July 2019 - 2022),https://ldr.senate.gov.ph/bills/senate-bill-no-128-18th-congress-republic,THE MOTORCYCLES-FOR-HIRE ACT OF 2019,"AN ACT ALLOWING AND REGULATING THE USE OF MOTORCYCLES AS PUBLIC UTILITY VEHICLES, AMENDING FOR THIS PURPOSE REPUBLIC ACT NO. 4136, OTHERWISE KNOWN AS THE 'LAND TRANSPORTATION AND TRAFFIC CODE', AND FOR OTHER PURPOSES","POE, GRACE","July 2, 2019",NATIONAL,MOTORCYCLE PUBLIC UTILITY VEHICLES LAND TRANSPORTATION AND TRAFFIC CODE (R.A. NO. 4136) HABAL-HABAL,PUBLIC SERVICES,CONSOLIDATED/SUBSTITUTED IN THE COMMITTEE REPORT
Senate Bill No. 201,18th Congress (July 2019 - 2022),https://ldr.senate.gov.ph/bills/senate-bill-no-201-18th-congress-republic,POSTPONING THE MAY 2020 BARANGAY AND SANGGUNIANG KABATAAN ELECTIONS,"AN ACT POSTPONING THE MAY 2020 BARANGAY AND SANGGUNIANG KABATAAN ELECTIONS TO OCTOBER 2022, AMENDING FOR THIS PURPOSE REPUBLIC ACT NO. 9164, AS AMENDED BY REPUBLIC ACT NO. 10952, REPUBLIC ACT NO. 10632, REPBULIC ACT NO. 10656, AND REPUBLIC ACT NO. 10923, AND REPUBLIC ACT NO. 10952, AND FOR OTHER PURPOSES","GO, CHRISTOPHER LAWRENCE T.","July 2, 2019",NATIONAL,BARANGAY ELECTIONS/SK ELECTIONS,ELECTORAL REFORMS AND PEOPLES PARTICIPATION,CONSOLIDATED/SUBSTITUTED IN THE COMMITTEE REPORT
Senate Bill No. 597,18th Congress (July 2019 - 2022),https://ldr.senate.gov.ph/bills/senate-bill-no-597-18th-congress-republic,GOVERNMENT INDEBTEDNESS CAP ACT,AN ACT SETTING A CEILING TO THE INDEBTEDNESS OF THE REPUBLIC OF THE PHILIPPINES TO ENSURE MACRO-ECONOMIC STABILITY AND SUSTAINABLE GROWTH AND FOR OTHER PURPOSES,Ralph G. Recto,"July 17, 2019",NATIONAL,GOVERNMENT INDEBTEDNESS CAP FOREIGN LOANS,FINANCE,PENDING IN THE COMMITTEE
Senate Bill No. 1174,18th Congress (July 2019 - 2022),https://ldr.senate.gov.ph/bills/senate-bill-no-1174-18th-congress-republic,ABOLISHING THE PRINTING OF THE VOTERS INFORMATION AND INSTRUCTION SHEET,"AN ACT AMENDING SECTION 185 OF THE OMNIBUS ELECTION CODE, AS AMENDED, BY ABOLISHING THE PRINTING OF THE VOTERS INFORMATION AND INSTRUCTION SHEET","PIMENTEL, AQUILINO ""KOKO"" III","November 18, 2019",NATIONAL,OMNIBUS ELECTION CODE (BATAS PAMBANSA BLG. 881),ELECTORAL REFORMS AND PEOPLES PARTICIPATION,"PENDING SECOND READING, SPECIAL ORDER"
Senate Bill No. 613,18th Congress (July 2019 - 2022),https://ldr.senate.gov.ph/bills/senate-bill-no-613-18th-congress-republic,AMENDING P.D 972 (COAL MINING DEVELOPMENT ACT OF 1976),"AMENDING PRESIDENTIAL DECREE NO. 972, AS AMENDED BY PRESIDENTIAL DECREE NO. 1174, OTHERWISE KNOWN AS THE 'COAL MINING DEVELOPMENT ACT OF 1976' AND FOR OTHER PURPOSES","VILLANUEVA, JOEL","July 18, 2019",NATIONAL,COAL/COAL POWERPLANTS MINING ACTIVITIES ENVIRONMENTAL PROTECTION,"ENVIRONMENT, NATURAL RESOURCES AND CLIMATE CHANGE",PENDING IN THE COMMITTEE
Senate Bill No. 301,18th Congress (July 2019 - 2022),https://ldr.senate.gov.ph/bills/senate-bill-no-301-18th-congress-republic,AMENDING SEC. 12-B OF R. A. NO. 8282 (STRENGTHENING THE SOCIAL SECURITY SYSTEM),"AN ACT AMENDING SECTION 12-B OF REPUBLIC ACT NO. 8282 ENTITLED 'AN ACT FURTHER STRENGTHENING THE SOCIAL SECURITY SYSTEM THEREBY AMENDING FOR THIS PURPOSE, REPUBLIC ACT NO. 1161, AS AMENDED, OTHERWISE KNOWN AS THE SOCIAL SECURITY LAW'","REVILLA JR., RAMON BONG","July 8, 2019",NATIONAL,SOCIAL SECURITY LAW (RA 1161) SOCIAL SECURITY SYSTEM (SSS),GOVERNMENT CORPORATIONS AND PUBLIC ENTERPRISES,PENDING IN THE COMMITTEE
Senate Bill No. 930,18th Congress (July 2019 - 2022),https://ldr.senate.gov.ph/bills/senate-bill-no-930-18th-congress-republic,SUSTAINABLE ELEVATED WALKWAYS ACT,"AN ACT TO ENSURE EASIER COMMUTING BY ESTABLISHING A NETWORK OF SUSTAINABLE ELEVATED WALKWAYS ALONG ALL MAJOR PUBLIC THOROUGHFARES IN HIGH DENSITY URBAN AREAS, ESTABLISHING APPROPRIATE INFRASTRUCTURE AND FACILITIES, APPROPRIATING FUNDS THEREFOR, AND FOR OTHER PURPOSES","POE, GRACE","August 20, 2019",NATIONAL,COMMUTERS WELFARE,PUBLIC WORKS,PENDING IN THE COMMITTEE
Senate Bill No. 364,18th Congress (July 2019 - 2022),https://ldr.senate.gov.ph/bills/senate-bill-no-364-18th-congress-republic,RECOVERABLE SYSTEM LOSS ACT,AN ACT REDUCING THE RECOVERABLE SYSTEM LOSS RATE AND FOR OTHER PURPOSES,"GATCHALIAN, WIN","July 11, 2019",NATIONAL,RECOVERABLE SYSTEM LOSS,ENERGY,PENDING IN THE COMMITTEE
Senate Bill No. 58,18th Congress (July 2019 - 2022),https://ldr.senate.gov.ph/bills/senate-bill-no-58-18th-congress-republic,HAZARDOUS HOUSEHOLD SUBSTANCES LABELLING ACT,AN ACT REQUIRING THE MANDATORY LABELLING OF HOUSEHOLD PRODUCTS CONTAINING HAZARDOUS SUBSTANCES,"LAPID, MANUEL ""LITO"" M.","July 1, 2019",NATIONAL,HAZARDOUS/TOXIC/RADIOACTIVE WASTES MANAGEMENT LABEL/LABELING,"TRADE, COMMERCE AND ENTREPRENEURSHIP",PENDING IN THE COMMITTEE
Senate Bill No. 1248,18th Congress (July 2019 - 2022),https://ldr.senate.gov.ph/bills/senate-bill-no-1248-18th-congress-republic,"ILLEGAL USE, POSSESSION, SALE, OR DISTRIBUTION OF ALCOHOL AND TOBACCO PRODUCTS TO MINORS ACT OF 2019","AN ACT PROVIDING PENALTIES FOR THE USE, POSSESSION, SALE, OR DISTRIBUTION TO MINORS OF ALCOHOL AND TOBACCO PRODUCTS, AND FOR OTHER PURPOSES","MARCOS, IMEE R.","December 18, 2019",NATIONAL,TOBACCO PRODUCTS/TOBACCO INDUSTRY ALCOHOLIC BEVERAGES CHILDREN AND YOUTH,HEALTH AND DEMOGRAPHY,PENDING IN THE COMMITTEE
Senate Bill No. 710,18th Congress (July 2019 - 2022),https://ldr.senate.gov.ph/bills/senate-bill-no-710-18th-congress-republic,MAXIMIZING BENEFITS FROM MINERAL AND MINERAL PRODUCTS AND QUARRY RESOURCES ACT,AN ACT PROVIDING FOR THE MAXIMIZATION OF BENEFITS FROM FINITE MINERALS AND MINERAL PRODUCTS AND QUARRY RESOURCES AND FOR OTHER PURPOSES,"VILLANUEVA, JOEL","July 24, 2019",NATIONAL,MINERAL RESOURCES QUARRY RESOURCES/QUARRYING,"ENVIRONMENT, NATURAL RESOURCES AND CLIMATE CHANGE",PENDING IN THE COMMITTEE
Senate Bill No. 200,18th Congress (July 2019 - 2022),https://ldr.senate.gov.ph/bills/senate-bill-no-200-18th-congress-republic,SALARY SCHEDULE ADJUSTMENT,AN ACT MODIFYING THE SALARY SCHEDULE FOR CIVILIAN GOVERNMENT PERSONNEL,"GO, CHRISTOPHER LAWRENCE T.","July 2, 2019",NATIONAL,COMPENSATION AND POSITION CLASSIFICATION SYSTEM SALARY GRADE LEVEL GOVERNMENT EMPLOYEES,"CIVIL SERVICE, GOVERNMENT REORGANIZATION AND PROFESSIONAL REGULATION",CONSOLIDATED/SUBSTITUTED IN THE COMMITTEE REPORT
Senate Bill No. 632,18th Congress (July 2019 - 2022),https://ldr.senate.gov.ph/bills/senate-bill-no-632-18th-congress-republic,WAREHOUSE RECEIPTS ACT OF 2019,"AN ACT MODERNIZING THE WAREHOUSE RECEIPTS LAW IN ORDER TO PROVIDE A LEGAL FRAMEWORK THAT SHALL FACILITATE TRADE AND COMMERCE, CREATING THE WAREHOUSE ACCREDITATION COUNCIL, APPROPRIATING FUNDS THEREFOR, AND FOR OTHER PURPOSES","PANGILINAN, FRANCIS ""KIKO"" N.","July 22, 2019",NATIONAL,WAREHOUSE RECEIPTS,"TRADE, COMMERCE AND ENTREPRENEURSHIP",PENDING IN THE COMMITTEE
Senate Bill No. 69,18th Congress (July 2019 - 2022),https://ldr.senate.gov.ph/bills/senate-bill-no-69-18th-congress-republic,INCLUSIVE EDUCATION FOR CHILDREN AND YOUTH WITH SPECIAL NEEDS ACT,"AN ACT INSTITUTING INCLUSIVE EDUCATION, ESTABLISHING INCLUSIVE EDUCATION LEARNING RESOURCE CENTERS FOR CHILDREN AND YOUTH WITH SPECIAL NEEDS (CYSNS) IN ALL PUBLIC SCHOOLS DIVISIONS, PROVIDING FOR STANDARDS AND GUIDELINES, AND APPROPRIATING FUNDS THEREFOR","CAYETANO, PIA S.","July 1, 2019",NATIONAL,INCLUSIVE EDUCATION CHILDREN AND YOUTH WITH SPECIAL NEEDS (CYSN),"BASIC EDUCATION, ARTS AND CULTURE",CONSOLIDATED/SUBSTITUTED IN THE COMMITTEE REPORT
Senate Bill No. 679,18th Congress (July 2019 - 2022),https://ldr.senate.gov.ph/bills/senate-bill-no-679-18th-congress-republic,"NO GARAGE, NO CAR ACT OF 2019",AN ACT REQUIRING PARKING SPACE FROM MOTOR VEHICLE BUYERS IN METROPOLITAN AREAS AS A PRE-REQUISITE FOR THE PURCHASE OF A MOTOR VEHICLE AND REGISTRATION WITH THE LAND TRANSPORTATION OFFICE (LTO),"REVILLA JR., RAMON BONG","July 22, 2019",NATIONAL,PARKING SPACE Motor Vehicles,"TRADE, COMMERCE AND ENTREPRENEURSHIP",PENDING IN THE COMMITTEE
Senate Bill No. 384,18th Congress (July 2019 - 2022),https://ldr.senate.gov.ph/bills/senate-bill-no-384-18th-congress-republic,ABOLISHING THE PHILIPPINE TRAVEL TAX,AN ACT ABOLISHING THE PHILIPPINE TRAVEL TAX IMPOSED TO FILIPINOS DEPARTING FROM ALL INTERNATIONAL AIRPORTS AND SEAPORTS IN THE PHILIPPINES,"PACQUIAO, EMMANUEL ""MANNY"" D.","July 11, 2019",NATIONAL,TRAVEL TAX ABOLITION,WAYS AND MEANS,PENDING IN THE COMMITTEE
Senate Bill No. 1015,18th Congress (July 2019 - 2022),https://ldr.senate.gov.ph/bills/senate-bill-no-1015-18th-congress-republic,LAKE LANAO DEVELOPMENT AUTHORITY ACT,"AN ACT CREATING THE LAKE LANAO DEVELOPMENT AUTHORITY DEFINING ITS POWERS, FUNCTIONS, AND DUTIES, APPROPRIATING FUNDS THEREFOR AND FOR OTHER PURPOSES","DELA ROSA, RONALD ""BATO""","September 9, 2019",NATIONAL,LAKE LANAO DEVELOPMENT AUTHORITY,GOVERNMENT CORPORATIONS AND PUBLIC ENTERPRISES,PENDING IN THE COMMITTEE
Senate Bill No. 471,18th Congress (July 2019 - 2022),https://ldr.senate.gov.ph/bills/senate-bill-no-471-18th-congress-republic,BILIS KONEK ACT,AN ACT REQUIRING INTERNET SERVICE PROVIDERS TO DELIVER A MINIMUM STANDARD FOR INTERNET CONNECTION SPEED,Ralph G. Recto,"July 15, 2019",NATIONAL,INTERNET ACCESS INTERNET SERVICE PROVIDERS,PUBLIC SERVICES,CONSOLIDATED/SUBSTITUTED IN THE COMMITTEE REPORT
Senate Bill No. 1079,18th Congress (July 2019 - 2022),https://ldr.senate.gov.ph/bills/senate-bill-no-1079-18th-congress-republic,ACQUISITION OF UNTITLED LANDS FOR PUBLIC USE,"AN ACT FURTHER FACILITATING THE ACQUISITION OF UNTITLED LANDS FOR PUBLIC USE, AMENDING FOR THIS PURPOSE SECTIONS 5 AND 6 OF REPUBLIC ACT NO. 10752, ENTITLED 'AN ACT FACILITATING THE ACQUISITION OF RIGHT-OF-WAY SITE OR LOCATION FOR NATIONAL GOVERNMENT INFRASTRUCTURE PROJECTS",Ralph G. Recto,"September 30, 2019",NATIONAL,Government projects RIGHT-OF-WAY INFRASTRUCTURES,PUBLIC WORKS,PENDING IN THE COMMITTEE
Senate Bill No. 159,18th Congress (July 2019 - 2022),https://ldr.senate.gov.ph/bills/senate-bill-no-159-18th-congress-republic,ANTI-DISCRIMINATION ACT,AN ACT PROHIBITING DISCRIMINATION ON THE BASIS OF SEXUAL ORIENTATION AND GENDER IDENTITY OR EXPRESSION (SOGIE) AND PROVIDING PENALTIES THEREFOR,"HONTIVEROS, RISA","July 2, 2019",NATIONAL,ANTI-DISCRIMINATION GENDER DISCRIMINATION SEXUAL ORIENTATION (LESBIANS/GAYS/SOGIE),"WOMEN, CHILDREN, FAMILY RELATIONS AND GENDER EQUALITY",CONSOLIDATED/SUBSTITUTED IN THE COMMITTEE REPORT
Senate Bill No. 244,18th Congress (July 2019 - 2022),https://ldr.senate.gov.ph/bills/senate-bill-no-244-18th-congress-republic,RIGHTSIZING THE NATIONAL GOVERNMENT ACT,AN ACT RIGHTSIZING THE NATIONAL GOVERNMENT TO IMPROVE PUBLIC SERVICE DELIVERY,"SOTTO III, VICENTE C.","July 8, 2019",NATIONAL,RIGHTSIZING THE NATIONAL GOVERNMENT,"CIVIL SERVICE, GOVERNMENT REORGANIZATION AND PROFESSIONAL REGULATION",PENDING IN THE COMMITTEE
Senate Bill No. 1153,18th Congress (July 2019 - 2022),https://ldr.senate.gov.ph/bills/senate-bill-no-1153-18th-congress-republic,"AMENDING SEC. 65 OF R.A. 11260, GENERAL APPROPRIATIONS ACT OF FY 2019","AN ACT AMENDING SECTION 65 OF REPUBLIC ACT NO. 11260, OTHERWISE KNOWN AS THE GENERAL APPROPRIATIONS ACT OF FISCAL YEAR 2019","ANGARA, SONNY","November 6, 2019",NATIONAL,GENERAL APPROPRIATIONS ACT (GAA),FINANCE,CONSOLIDATED/SUBSTITUTED IN THE COMMITTEE REPORT
Senate Bill No. 1216,18th Congress (July 2019 - 2022),https://ldr.senate.gov.ph/bills/senate-bill-no-1216-18th-congress-republic,NATIONAL HIGHER EDUCATION DAY,AN ACT DECLARING MAY 18 OF EVERY YEAR AS THE NATIONAL HIGHER EDUCATION DAY,"VILLANUEVA, JOEL","December 9, 2019",NATIONAL,NATIONAL HIGHER EDUCATION DAY,"HIGHER, TECHNICAL AND VOCATIONAL EDUCATION",APPROVED BY THE PRESIDENT OF THE PHILIPPINES
Senate Bill No. 262,18th Congress (July 2019 - 2022),https://ldr.senate.gov.ph/bills/senate-bill-no-262-18th-congress-republic,LIFETIME VALIDITY OF BIRTH CERTIFICATE ACT,AN ACT PROHIBITING NATIONAL GOVERNMENT AGENCIES FROM REQUIRING THE SUBMISSION OF A PHILIPPINE STATISTICS AUTHORITY CERTIFIED BIRTH CERTIFICATE ISSUED WITHIN THE PAST SIX (6) MONTHS,"PANGILINAN, FRANCIS ""KIKO"" N.","July 8, 2019",NATIONAL,BIRTH CERTIFICATE PHILIPPINE STATISTICS AUTHORITY,"CIVIL SERVICE, GOVERNMENT REORGANIZATION AND PROFESSIONAL REGULATION",CONSOLIDATED/SUBSTITUTED IN THE COMMITTEE REPORT
Senate Bill No. 9,18th Congress (July 2019 - 2022),https://ldr.senate.gov.ph/bills/senate-bill-no-9-18th-congress-republic,ANTI-FALSE CONTENT ACT,"AN ACT PROHIBITING THE PUBLICATION AND PROLIFERATION OF FALSE CONTENT ON THE PHILIPPINE INTERNET, PROVIDING MEASURES TO COUNTERACT ITS EFFECTS AND PRESCRIBING PENALTIES THEREFOR","SOTTO III, VICENTE C.","July 1, 2019",NATIONAL,ANTI-FAKE NEWS/ANTI-FALSE CONTENT CYBERCRIME,PUBLIC INFORMATION AND MASS MEDIA,PENDING IN THE COMMITTEE
Senate Bill No. 1019,18th Congress (July 2019 - 2022),https://ldr.senate.gov.ph/bills/senate-bill-no-1019-18th-congress-republic,AUTOMATIC PROMOTION OF GOVERNMENT OFFICIALS AND EMPLOYEES UPON RETIREMENT FROM GOVERNMENT SERVICE,"AN ACT PROVIDING AUTOMATIC PROMOTION OF GOVERNMENT OFFICIALS AND EMPLOYEES UPON RETIREMENT FROM GOVERNMENT SERVICE, AND FOR OTHER PURPOSES","REVILLA JR., RAMON BONG","September 9, 2019",NATIONAL,GOVERNMENT OFFICIAL/PUBLIC OFFICIAL GOVERNMENT EMPLOYEES RETIREMENT (AUTOMATIC PROMOTION UPON RETIREMENT),"CIVIL SERVICE, GOVERNMENT REORGANIZATION AND PROFESSIONAL REGULATION",PENDING IN THE COMMITTEE
Senate Bill No. 83,18th Congress (July 2019 - 2022),https://ldr.senate.gov.ph/bills/senate-bill-no-83-18th-congress-republic,ALIEN SOCIAL INTEGRATION ACT OF 2019,AN ACT GRANTING TEMPORARY RESIDENCY STATUS TO CERTAIN ALIENS IN THE PHILIPPINES UNDER CERTAIN CONDITIONS,"GORDON, RICHARD J.","July 1, 2019",NATIONAL,ALIEN SOCIAL INTEGRATION FOREIGNERS/ALIEN,JUSTICE AND HUMAN RIGHTS,PENDING IN THE COMMITTEE
Senate Bill No. 155,18th Congress (July 2019 - 2022),https://ldr.senate.gov.ph/bills/senate-bill-no-155-18th-congress-republic,FREELANCE WORKERS PROTECTION ACT,"AN ACT PROVIDING PROTECTION TO FREELANCERS, PROVIDING PENALTIES THEREFOR AND FOR OTHER PURPOSES","VILLANUEVA, JOEL","July 2, 2019",NATIONAL,FREELANCERS,"LABOR, EMPLOYMENT AND HUMAN RESOURCES DEVELOPMENT",CONSOLIDATED/SUBSTITUTED IN THE COMMITTEE REPORT
Senate Bill No. 1082,18th Congress (July 2019 - 2022),https://ldr.senate.gov.ph/bills/senate-bill-no-1082-18th-congress-republic,NATIONAL COASTAL GREENBELT ACT,"AN ACT ESTABLISHING THE NATIONAL COASTAL GREENBELT ACTION PLAN, PROVIDING FUNDS THEREFOR, AND FOR OTHER PURPOSE","BINAY, MARIA LOURDES NANCY S.","September 30, 2019",NATIONAL,COASTAL GREENBELT,"ENVIRONMENT, NATURAL RESOURCES AND CLIMATE CHANGE",PENDING IN THE COMMITTEE
Senate Bill No. 240,18th Congress (July 2019 - 2022),https://ldr.senate.gov.ph/bills/senate-bill-no-240-18th-congress-republic,EXCISE TAX ON MINERAL PRODUCTS,"AN ACT AMENDING CHAPTER VII TITLE VI AND SECTION 151, AND CREATING NEW SECTIONS 151-A AND 151-B, OF REPUBLIC ACT NO. 8424, OTHERWISE KNOWN AS THE NATIONAL INTERNAL REVENUE CODE OF 1997, AS AMENDED, AND FOR OTHER PURPOSES","SOTTO III, VICENTE C.","July 8, 2019",NATIONAL,TAXES/TAXATION MINERAL RESOURCES NATIONAL INTERNAL REVENUE CODE (NIRC) TAXES (EXCISE TAX),WAYS AND MEANS,PENDING IN THE COMMITTEE
Senate Bill No. 781,18th Congress (July 2019 - 2022),https://ldr.senate.gov.ph/bills/senate-bill-no-781-18th-congress-republic,LEGAL EDUCATION IN OUR COUNTRY,AN ACT TO HARMONIZE LEGAL EDUCATION IN OUR COUNTRY,"DE LIMA, LEILA M.","July 25, 2019",NATIONAL,LEGAL EDUCATION,"HIGHER, TECHNICAL AND VOCATIONAL EDUCATION",PENDING IN THE COMMITTEE
Senate Bill No. 312,18th Congress (July 2019 - 2022),https://ldr.senate.gov.ph/bills/senate-bill-no-312-18th-congress-republic,"PNP, BFP AND BJMP HEIGHT EQUALITY ACT OF 2019","AN ACT REPEALING THE MINIMUM HEIGHT REQUIREMENT FOR APPLICANTS TO THE PHILIPPINE NATIONAL POLICE (PNP), THE BUREAU OF FIRE PROTECTION (BFP), AND THE BUREAU OF JAIL MANAGEMENT AND PENOLOGY (BJMP)","ZUBIRI, JUAN MIGUEL ""MIGZ"" F.","July 10, 2019",NATIONAL,PHILIPPINE NATIONAL POLICE (PNP) BUREAU OF FIRE PROTECTION BUREAU OF JAIL MANAGEMENT AND PENOLOGY,PUBLIC ORDER AND DANGEROUS DRUGS,CONSOLIDATED/SUBSTITUTED IN THE COMMITTEE REPORT
Senate Bill No. 836,18th Congress (July 2019 - 2022),https://ldr.senate.gov.ph/bills/senate-bill-no-836-18th-congress-republic,VAT COLLECTIONS FOR HEALTHCARE AND HEALTH INFRASTRUCTURE,"AN ACT MODERNIZING HEALTHCARE AND HEALTH INFRASTRUCTURE, PROVIDING FUNDS FROM THE ANNUAL VALUE-ADDED TAX COLLECTIONS, AMENDING FOR THE PURPOSE THE NATIONAL INTERNAL REVENUE CODE OF 1997, AS AMENDED",Ralph G. Recto,"July 31, 2019",NATIONAL,TAXES (VALUE-ADDED TAX / VAT) NATIONAL INTERNAL REVENUE CODE (NIRC) DEPARTMENT OF HEALTH (DOH) health care immunization,WAYS AND MEANS,PENDING IN THE COMMITTEE
Senate Bill No. 1157,18th Congress (July 2019 - 2022),https://ldr.senate.gov.ph/bills/senate-bill-no-1157-18th-congress-republic,MOBILITY RELIEF ACT,AN ACT CREATING THE OFFICE OF THE MOBILITY CZAR TO COORDINATE URGENT RELATED MEASURES NECESSARY AND PROPER TO EFFECTIVELY ADDRESS THE TRANSPORT AND TRAFFIC CRISIS AND FOR OTHER PURPOSES,"TOLENTINO, FRANCIS ""TOL"" N.","November 7, 2019",NATIONAL,EMERGENCY POWERS COMPREHENSIVE TRAFFIC PROGRAM,PUBLIC SERVICES,"PENDING SECOND READING, SPECIAL ORDER"
Senate Bill No. 1221,18th Congress (July 2019 - 2022),https://ldr.senate.gov.ph/bills/senate-bill-no-1221-18th-congress-republic,MAGNA CARTA OF WORKERS IN THE INFORMAL ECONOMY (MACWIE),"AN ACT PROVIDING FOR A MAGNA CARTA FOR WORKERS, ENTERPRISES AND ORGANIZATIONS IN THE INFORMAL ECONOMY AND INSTITUTIONALIZING MECHANISMS FOR RECOGNITION, INTEGRATION, AND TRANSITION TO THE FORMAL ECONOMY, FOR IMPLEMENTATION THEREOF AND FOR OTHER PURPOSES","HONTIVEROS, RISA","December 9, 2019",NATIONAL,MAGNA CARTA OF WORKERS IN THE INFORMAL ECONOMY,"LABOR, EMPLOYMENT AND HUMAN RESOURCES DEVELOPMENT",PENDING IN THE COMMITTEE
Senate Bill No. 507,18th Congress (July 2019 - 2022),https://ldr.senate.gov.ph/bills/senate-bill-no-507-18th-congress-republic,TAX-FREE IMPORTATION OF MEDICINES ACT,AN ACT EXEMPTING THE IMPORTATION OF CERTAIN MEDICINES FROM CUSTOMS DUTY AND VALUE-ADDED TAX,"CAYETANO, PIA S.","July 16, 2019",NATIONAL,MEDICINES/DRUGS TAX EXEMPTION TAXES (VALUE-ADDED TAX / VAT),WAYS AND MEANS,PENDING IN THE COMMITTEE
Senate Bill No. 622,18th Congress (July 2019 - 2022),https://ldr.senate.gov.ph/bills/senate-bill-no-622-18th-congress-republic,INCREASING THE AGE OF CONSENT TO PROVIDE A STRONGER PROTECTION TO CHILDREN,"AN ACT INCREASING THE AGE OF CONSENT TO PROVIDE A STRONGER PROTECTION TO CHILDREN, AND AMENDING FOR THIS PURPOSE ARTICLE 266-A (1) (D) OF ACT NO. 3815, AS AMENDED, OTHERWISE KNOWN AS THE REVISED PENAL CODE","DE LIMA, LEILA M.","July 18, 2019",NATIONAL,REVISED PENAL CODE (R.A. NO. 3815) CHILDREN/CHILD CARE,JUSTICE AND HUMAN RIGHTS,CONSOLIDATED/SUBSTITUTED IN THE COMMITTEE REPORT
Senate Bill No. 915,18th Congress (July 2019 - 2022),https://ldr.senate.gov.ph/bills/senate-bill-no-915-18th-congress-republic,AMENDING R.A.NO. 7431 (RADIOLOGIC TECHNOLOGY ACT OF 1992),"AN ACT AMENDING CERTAIN PROVISIONS OF REPUBLIC ACT NO. 7431, OTHERWISE KNOWN AS THE 'RADIOLOGIC TECHNOLOGY ACT OF 1992', AND FOR OTHER PURPOSES","REVILLA JR., RAMON BONG","August 15, 2019",NATIONAL,RADIOLOGIC TECHNOLOGY ACT (R.A.NO. 7431),"CIVIL SERVICE, GOVERNMENT REORGANIZATION AND PROFESSIONAL REGULATION",PENDING IN THE COMMITTEE
Senate Bill No. 648,18th Congress (July 2019 - 2022),https://ldr.senate.gov.ph/bills/senate-bill-no-648-18th-congress-republic,ORGANIC AGRICULTURE ACT (R.A.NO. 10068),"AN ACT AMENDING REPUBLIC ACT NO. 10068, OTHERWISE KNOWN AS THE ORGANIC AGRICULTURE ACT OF 2010","REVILLA JR., RAMON BONG","July 22, 2019",NATIONAL,ORGANIC AGRICULTURE/ORGANIC FARMING,"AGRICULTURE, FOOD AND AGRARIAN REFORM",CONSOLIDATED/SUBSTITUTED IN THE COMMITTEE REPORT
Senate Bill No. 478,18th Congress (July 2019 - 2022),https://ldr.senate.gov.ph/bills/senate-bill-no-478-18th-congress-republic,DISPOSITION OF THE PROCEEDS OF THE VALUE-ADDED TAX SHALL BE ALLOCATED TO AGRICULTURE EXPENDITURES,"AN ACT MODERNIZING AGRICULTURE, PROVIDING FUNDS FROM THE ANNUAL VALUEADDED TAX COLLECTIONS, AMENDING FOR THE PURPOSE THE NATIONAL INTERNAL REVENUE CODE OF 1997, AS AMENDED",Ralph G. Recto,"July 15, 2019",NATIONAL,TAXES (VALUE-ADDED TAX / VAT) NATIONAL INTERNAL REVENUE CODE (NIRC),WAYS AND MEANS,PENDING IN THE COMMITTEE
Senate Bill No. 983,18th Congress (July 2019 - 2022),https://ldr.senate.gov.ph/bills/senate-bill-no-983-18th-congress-republic,HEINOUS CRIMES PENITENTIARY ACT OF 2019,AN ACT ESTABLISHING A SEPARATE FACILITY FOR PRISONERS CONVICTED OF HEINOUS CRIMES,"GORDON, RICHARD J.","August 28, 2019",NATIONAL,HEINOUS CRIMES JAIL FACILITY/PRISON FACILITY,JUSTICE AND HUMAN RIGHTS,CONSOLIDATED/SUBSTITUTED IN THE COMMITTEE REPORT
Senate Bill No. 688,18th Congress (July 2019 - 2022),https://ldr.senate.gov.ph/bills/senate-bill-no-688-18th-congress-republic,EXEMPTING DRUGS AND MEDICINES FOR MENTAL HEALTH FROM VAT,"AN ACT EXEMPTING DRUGS AND MEDICINES PRESCRIBED FOR MENTAL HEALTH CONDITIONS FROM VALUE-ADDED TAX, AMENDING FOR THE PURPOSE SECTION 109 OF THE NATIONAL INTERNAL REVENUE CODE OF 1997, AS AMENDED","PIMENTEL, AQUILINO ""KOKO"" III","July 22, 2019",NATIONAL,MEDICINES/DRUGS MENTAL HEALTH TAXES (VALUE-ADDED TAX / VAT) TAX EXEMPTION NATIONAL INTERNAL REVENUE CODE (NIRC),WAYS AND MEANS,PENDING IN THE COMMITTEE
Senate Bill No. 1255,18th Congress (July 2019 - 2022),https://ldr.senate.gov.ph/bills/senate-bill-no-1255-18th-congress-republic,CREATING THE PHILIPPINE JUDICIAL MARSHAL SERVICE,"AN ACT CREATING THE PHILIPPINE JUDICIAL MARSHAL SERVICE DEFINING ITS FUNCTIONS AND POWERS, APPROPRIATING FUNDS THEREFOR, AND FOR OTHER PURPOSES","SOTTO III, VICENTE C.","December 19, 2019",NATIONAL,PHILIPPINE JUDICIAL MARSHAL SERVICE,JUSTICE AND HUMAN RIGHTS,CONSOLIDATED/SUBSTITUTED IN THE COMMITTEE REPORT
Senate Bill No. 998,18th Congress (July 2019 - 2022),https://ldr.senate.gov.ph/bills/senate-bill-no-998-18th-congress-republic,AMENDING ARTICLES 97 AND 99 OF ACT NO. 3815 (THE REVISED PENAL CODE),"AN ACT AMENDING ARTICLES 97 AND 99 OF ACT NO. 3815, AS AMENDED, OTHERWISE KNOWN AS THE REVISED PENAL CODE","ZUBIRI, JUAN MIGUEL ""MIGZ"" F.","September 2, 2019",NATIONAL,REVISED PENAL CODE (R.A. NO. 3815) GOOD CONDUCT TIME ALLOWANCE (GCTA R.A.NO. 10592) PRISONERS/INMATES HEINOUS CRIMES rape,JUSTICE AND HUMAN RIGHTS,PENDING IN THE COMMITTEE
Senate Bill No. 62,18th Congress (July 2019 - 2022),https://ldr.senate.gov.ph/bills/senate-bill-no-62-18th-congress-republic,EDUCATIONAL ROADMAP ACT,AN ACT PROVIDING FOR AN EDUCATIONAL ROADMAP TOWARDS GLOBAL COMPETITIVENESS AND HUMAN CAPITAL DEVELOPMENT,"CAYETANO, PIA S.","July 1, 2019",NATIONAL,EDUCATIONAL ROADMAP,"HIGHER, TECHNICAL AND VOCATIONAL EDUCATION",PENDING IN THE COMMITTEE
Senate Bill No. 143,18th Congress (July 2019 - 2022),https://ldr.senate.gov.ph/bills/senate-bill-no-143-18th-congress-republic,LAS PIÑAS GENERAL HOSPITAL AND SATELLITE TRAUMA CENTER,"AN ACT INCREASING THE BED CAPACITY OF THE LAS PIÑAS GENERAL HOSPITAL AND SATELLITE TRAUMA CENTER IN LAS PIÑAS CITY, METRO MANILA, FROM TWO HUNDRED (200) BEDS TO FIVE HUNDRED (500) BEDS, UPGRADING ITS SERVICE FACILITIES AND PROFESSIONAL HEALTH CARE SERVICES, AND APPROPRIATING FUNDS THEREFOR","VILLAR, CYNTHIA A.","July 2, 2019",LOCAL,"HOSPITALS, INCREASE BED CAPACITY",HEALTH AND DEMOGRAPHY,CONSOLIDATED WITH APPROVED BILL
Senate Bill No. 1062,18th Congress (July 2019 - 2022),https://ldr.senate.gov.ph/bills/senate-bill-no-1062-18th-congress-republic,PHILIPPINE SPORTS ACADEMY ACT OF 2019,"AN ACT CREATING THE PHILIPPINE SPORTS ACADEMY AS AN ATTACHED AGENCY OF THE PHILIPPINE SPORTS COMMISSION, PROVIDING ITS STRUCTURE, POWERS AND FUNCTIONS, AND FOR OTHER PURPOSES","ZUBIRI, JUAN MIGUEL ""MIGZ"" F.","September 19, 2019",NATIONAL,PHILIPPINE SPORTS ACADEMY,SPORTS,PENDING IN THE COMMITTEE
Senate Bill No. 122,18th Congress (July 2019 - 2022),https://ldr.senate.gov.ph/bills/senate-bill-no-122-18th-congress-republic,RIGHT TO ADEQUATE FOOD ACT OF 2019,AN ACT PROVIDING A FRAMEWORK FOR THE RIGHT TO ADEQUATE FOOD,"POE, GRACE","July 2, 2019",NATIONAL,ADEQUATE FOOD FRAMEWORK,JUSTICE AND HUMAN RIGHTS,PENDING IN THE COMMITTEE
Senate Bill No. 219,18th Congress (July 2019 - 2022),https://ldr.senate.gov.ph/bills/senate-bill-no-219-18th-congress-republic,RATIONALIZING VALUE-ADDED TAXATION TO ADDRESS INTER-GENERATIONAL POVERTY,"AN ACT RATIONALIZING VALUE-ADDED TAXATION TO ADDRESS INTER-GENERATIONAL POVERTY, AMENDING FOR THE PURPOSE SECTIONS 109, 197, AND 288 OF THE NATIONAL INTERNAL REVENUE CODE, AS AMENDED, AND FOR OTHER PURPOSES","MARCOS, IMEE R.","July 3, 2019",NATIONAL,TAXES (VALUE-ADDED TAX / VAT) POVERTY ALLEVIATION School supplies MEDICINES/DRUGS NATIONAL INTERNAL REVENUE CODE (NIRC) Electricity TAX EXEMPTION,WAYS AND MEANS,PENDING IN THE COMMITTEE
Senate Bill No. 760,18th Congress (July 2019 - 2022),https://ldr.senate.gov.ph/bills/senate-bill-no-760-18th-congress-republic,THE NATIONAL MARICULTURE PROGRAM,"AN ACT ESTABLISHING THE NATIONAL MARICULTURE PROGRAM, PROVIDING FUNDS THEREFOR, AND FOR OTHER PURPOSES",Ralph G. Recto,"July 24, 2019",NATIONAL,NATIONAL MARICULTURE PROGRAM,"AGRICULTURE, FOOD AND AGRARIAN REFORM",PENDING IN THE COMMITTEE
Senate Bill No. 273,18th Congress (July 2019 - 2022),https://ldr.senate.gov.ph/bills/senate-bill-no-273-18th-congress-republic,GENERAL TAX AMNESTY ACT OF 2019,AN ACT ENHANCING REVENUE ADMINISTRATION AND COLLECTION BY GRANTING AN AMNESTY ON ALL UNPAID INTERNAL REVENUE TAXES IMPOSED BY THE NATIONAL GOVERNMENT FOR TAXABLE YEAR 2018 AND PRIOR YEARS,Ralph G. Recto,"July 8, 2019",NATIONAL,TAX AMNESTY NATIONAL INTERNAL REVENUE CODE (NIRC),WAYS AND MEANS,PENDING IN THE COMMITTEE
Senate Bill No. 354,18th Congress (July 2019 - 2022),https://ldr.senate.gov.ph/bills/senate-bill-no-354-18th-congress-republic,ANTI-ELDER ABUSE LAW OF 2019,"AN ACT DEFINING AND PROHIBITING ELDER ABUSE, PROVIDING PENALTIES THEREFOR, AND FOR OTHER PURPOSES","HONTIVEROS, RISA","July 11, 2019",NATIONAL,SENIOR CITIZEN/ELDERLY,JUSTICE AND HUMAN RIGHTS,PENDING IN THE COMMITTEE
Senate Bill No. 1136,18th Congress (July 2019 - 2022),https://ldr.senate.gov.ph/bills/senate-bill-no-1136-18th-congress-republic,SALARY STANDARDIZATION LAW V,AN ACT INCREASING THE SALARY OF CIVILIAN GOVERNMENT PERSONNEL AND FOR OTHER PURPOSES,"VILLANUEVA, JOEL","November 4, 2019",NATIONAL,SALARY STANDARDIZATION GOVERNMENT EMPLOYEES,"CIVIL SERVICE, GOVERNMENT REORGANIZATION AND PROFESSIONAL REGULATION",CONSOLIDATED/SUBSTITUTED IN THE COMMITTEE REPORT
Senate Bill No. 1200,18th Congress (July 2019 - 2022),https://ldr.senate.gov.ph/bills/senate-bill-no-1200-18th-congress-republic,OCCUPATIONAL SAFETY FOR GOVERNMENT EMPLOYEES ACT OF 2019,"AN ACT MANDATING THE COMPLIANCE OF GOVERNMENT AGENCIES AND ITS INSTRUMENTALITIES AND GOVERNMENT-OWNED AND/OR CONTROLLED CORPORATIONS TO OCCUPATIONAL SAFETY AND HEALTH STANDARDS, PROMOTING AND PRESERVING THE WELFARE OF GOVERNMENT EMPLOYEES, AND FOR OTHER PURPOSES","REVILLA JR., RAMON BONG","November 27, 2019",NATIONAL,OCCUPATIONAL SAFETY GOVERNMENT EMPLOYEES GOVERNMENT AGENCIES GOVERNMENT-OWNED AND-CONTROLLED CORPORATIONS (GOCC),"CIVIL SERVICE, GOVERNMENT REORGANIZATION AND PROFESSIONAL REGULATION",PENDING IN THE COMMITTEE
Senate Bill No. 489,18th Congress (July 2019 - 2022),https://ldr.senate.gov.ph/bills/senate-bill-no-489-18th-congress-republic,AN ACT REORGANIZING THE COMELEC OFFICES,AN ACT REORGANIZING THE COMELEC OFFICES,"SOTTO III, VICENTE C.","July 15, 2019",NATIONAL,COMMISSION ON ELECTION (COMELEC),ELECTORAL REFORMS AND PEOPLES PARTICIPATION,PENDING IN THE COMMITTEE
Senate Bill No. 445,18th Congress (July 2019 - 2022),https://ldr.senate.gov.ph/bills/senate-bill-no-445-18th-congress-republic,CONSUMER GROUP REPRESENTATION IN REGULATORY BODIES ACT,"AN ACT PROTECTING CONSUMERS FROM UNREASONABLE FEE INCREASES BY PROVIDING FOR A CONSUMER GROUP REPRESENTATION IN THE GOVERNING BOARDS OF GOVERNMENT REGULATORY BODIES, AMENDING FOR THE PURPOSE THEIR RESPECTIVE CHARTERS, AND FOR OTHER PURPOSES","REVILLA JR., RAMON BONG","July 15, 2019",NATIONAL,CONSUMER GROUP REPRESENTATIVE CONSUMER PROTECTION,"TRADE, COMMERCE AND ENTREPRENEURSHIP",PENDING IN THE COMMITTEE
Senate Bill No. 1235,18th Congress (July 2019 - 2022),https://ldr.senate.gov.ph/bills/senate-bill-no-1235-18th-congress-republic,PHILIPPINE BROADCASTING CORPORATION CHARTER,"AN ACT ESTABLISHING THE PHILIPPINE BROADCASTING CORPORATION, ABOLISHING THE PEOPLE'S TELEVISION NETWORK, INC. AND THE PHILIPPINE BROADCASTING SERVICE, AND FOR OTHER PURPOSES","MARCOS, IMEE R.","December 12, 2019",NATIONAL,PHILIPPINE BROADCASTING CORPORATION,PUBLIC SERVICES,PENDING IN THE COMMITTEE
Senate Bill No. 29,18th Congress (July 2019 - 2022),https://ldr.senate.gov.ph/bills/senate-bill-no-29-18th-congress-republic,PARENTS WELFARE ACT OF 2019,"AN ACT PROVIDING FOR PARENT SUPPORT, AND FOR OTHER PURPOSES","LACSON, PANFILO M.","July 1, 2019",NATIONAL,PARENTS WELFARE/PARENTS SUPPORT,"WOMEN, CHILDREN, FAMILY RELATIONS AND GENDER EQUALITY",PENDING IN THE COMMITTEE
Senate Bill No. 1030,18th Congress (July 2019 - 2022),https://ldr.senate.gov.ph/bills/senate-bill-no-1030-18th-congress-republic,AMENDING R A. NO. 9513 (RENEWABLE ENERGY ACT OF 2008) AND R.A. 7160 (LOCAL GOVERNMENT CODE OF 1991),"AN ACT FURTHER PROMOTING RENEWABLE ENERGY, AMENDING THEREFOR REPUBLIC ACT. NO. 9513, OTHERWISE KNOWN AS THE 'RENEWABLE ENERGY ACT OF 2008' AND REPUBLIC ACT NO. 7160, OTHERWISE KNOWN AS 'THE LOCAL GOVERNMENT CODE OF 1991,' AND FOR OTHER PURPOSES","MARCOS, IMEE R.","September 11, 2019",NATIONAL,RENEWABLE ENERGY LOCAL GOVERNMENT CODE (R.A. NO. 7160) DEPARTMENT OF ENERGY (DOE),ENERGY,PENDING IN THE COMMITTEE
Senate Bill No. 94,18th Congress (July 2019 - 2022),https://ldr.senate.gov.ph/bills/senate-bill-no-94-18th-congress-republic,VALUE FOR MONEY PROCUREMENT ACT,"AN ACT PROVIDING FOR A VALUE FOR MONEY PROCUREMENT, AMENDING FOR THE PURPOSE REPUBLIC ACT NO. 9184, OTHERWISE KNOWN AS 'THE GOVERNMENT PROCUREMENT REFORM ACT,' AND FOR OTHER PURPOSES","PIMENTEL, AQUILINO ""KOKO"" III","July 1, 2019",NATIONAL,Government procurement,FINANCE,PENDING IN THE COMMITTEE
Senate Bill No. 166,18th Congress (July 2019 - 2022),https://ldr.senate.gov.ph/bills/senate-bill-no-166-18th-congress-republic,"INCREASING THE PENALTIES FOR THE DETENTION OF PATIENTS AND CADAVERS IN HOSPITALS, MEDICAL CLINICS","AN ACT INCREASING THE PENALTIES FOR THE DETENTION OF PATIENTS AND CADAVERS IN HOSPITALS, MEDICAL CLINICS, OR ANY OTHER SIMILAR FACILITIES ON GROUNDS OF NONPAYMENT OF HOSPITAL BILLS OR MEDICAL EXPENSES AMENDING FOR THE PURPOSE REPUBLIC ACT 9439 ENTITLED 'AN ACT PROHIBITING THE DETENTION OF PATIENTS IN HOSPITALS AND MEDICAL CLINICS ON GROUNDS OF NONPAYMENT OF HOSPITAL BILLS OR MEDICAL EXPENSES","HONTIVEROS, RISA","July 2, 2019",NATIONAL,PATIENTS CADAVERS/DECEASED PERSONS HOSPITALS,HEALTH AND DEMOGRAPHY,PENDING IN THE COMMITTEE
Senate Bill No. 1094,18th Congress (July 2019 - 2022),https://ldr.senate.gov.ph/bills/senate-bill-no-1094-18th-congress-republic,OFW FAMILY HELP DESKS ACT,AN ACT REQUIRING ALL HEADS OF LOCAL GOVERNMENT UNITS TO ESTABLISH 'OFW FAMILY HELP DESKS' IN THEIR OFFICES,"LAPID, MANUEL ""LITO"" M.","October 2, 2019",NATIONAL,OVERSEAS FILIPINO WORKERS (OFWS)/ MIGRANT WORKERS LOCAL GOVERNMENT UNITS (LGUs),LOCAL GOVERNMENT,PENDING IN THE COMMITTEE
Senate Bill No. 250,18th Congress (July 2019 - 2022),https://ldr.senate.gov.ph/bills/senate-bill-no-250-18th-congress-republic,THE LAND ADMINISTRATION REFORM ACT OF 2019,AN ACT INSTITUTING REFORMS IN LAND ADMINISTRATION,"LACSON, PANFILO M.","July 8, 2019",NATIONAL,LAND ADMINISTRATION REFORM ACT,"ENVIRONMENT, NATURAL RESOURCES AND CLIMATE CHANGE",PENDING IN THE COMMITTEE
Senate Bill No. 253,18th Congress (July 2019 - 2022),https://ldr.senate.gov.ph/bills/senate-bill-no-253-18th-congress-republic,UPGRADING THE BENEFITS AND INCENTIVES OF BARANGAY TANOD MEMBERS,AN ACT UPGRADING THE BENEFITS AND INCENTIVES OF BARANGAY TANOD MEMBERS WHO HAVE RENDERED AT LEAST ONE YEAR OF SERVICE IN THE BARANGAY GOVERNMENT,"LACSON, PANFILO M.","July 8, 2019",NATIONAL,BARANGAY TANOD BRIGADES INSURANCE,LOCAL GOVERNMENT,PENDING IN THE COMMITTEE
Senate Bill No. 21,18th Congress (July 2019 - 2022),https://ldr.senate.gov.ph/bills/senate-bill-no-21-18th-congress-republic,ANTI-TERRORISM ACT OF 2019,"AN ACT AMENDING CERTAIN PROVISIONS OF REPUBLIC ACT NO. 9372, OTHERWISE KNOWN AS ""AN ACT TO SECURE THE STATE AND PROTECT OUR PEOPLE FROM TERRORISM""","LACSON, PANFILO M.","July 1, 2019",NATIONAL,ANTI-TERRORISM/ANTI-TERRORISM ACT (R.A.NO. 9372) TERRORISM,"NATIONAL DEFENSE AND SECURITY, PEACE, UNIFICATION AND RECONCILIATION",CONSOLIDATED/SUBSTITUTED IN THE COMMITTEE REPORT
Senate Bill No. 1054,18th Congress (July 2019 - 2022),https://ldr.senate.gov.ph/bills/senate-bill-no-1054-18th-congress-republic,RAILWAYS FUND FROM THE MOTOR VEHICLE USER'S CHARGE COLLECTIONS,"AN ACT PROVIDING FOR A RAILWAYS FUND FROM THE MOTOR VEHICLE USER'S CHARGE COLLECTIONS, AMENDING FOR THE PURPOSE REPUBLIC ACT NO. 8794, AS AMENDED BY REPUBLIC ACT NO. 11239, ENTITLED 'AN ACT IMPOSING A MOTOR VEHICLE USER'S CHARGE ON OWNERS OF ALL TYPES OF MOTOR VEHICLES AND FOR OTHER PURPOSES'","TOLENTINO, FRANCIS ""TOL"" N.","September 16, 2019",NATIONAL,RAILWAYS FUND MOTOR VEHICLES USERS CHARGE (MVUC) (R.A. NO. 8794),PUBLIC SERVICES,PENDING IN THE COMMITTEE
Senate Bill No. 576,18th Congress (July 2019 - 2022),https://ldr.senate.gov.ph/bills/senate-bill-no-576-18th-congress-republic,PRIORITY SEATING FOR THE ELDERLY ACT OF 2019,"AN ACT REQUIRING LAND, AIR, AND SEA TRANSPORT PROVIDERS TO PROVIDE PRIORITY SEATING FOR THE ELDERLY, FURTHER AMENDING FOR THIS PURPOSE REPUBLIC ACT NO. 7432, AS AMENDED BY REPUBLIC ACT NO. 9257 AND 9994, OTHERWISE KNOWN AS THE 'EXPANDED SENIOR CITIZEN'S ACT OF 2010'","POE, GRACE","July 17, 2019",NATIONAL,SENIOR CITIZEN/ELDERLY TRANSPORTATION/TRANSPORT SECTOR,"SOCIAL JUSTICE, WELFARE AND RURAL DEVELOPMENT",PENDING IN THE COMMITTEE
Senate Bill No. 540,18th Congress (July 2019 - 2022),https://ldr.senate.gov.ph/bills/senate-bill-no-540-18th-congress-republic,INCLUSIVE EDUCATION FOR CHILDREN AND YOUTH WITH SPECIAL NEEDS ACT OF 2019,"AN ACT INSTITUTING INCLUSIVE EDUCATION THROUGH THE ESTABLISHMENT OF INCLUSIVE EDUCATION LEARNING RESOURCE CENTERS FOR CHILDREN AND YOUTH WITH SPECIAL NEEDS IN ALL PUBLIC SCHOOLS DIVISION, PROVIDING FOR STANDARDS AND GUIDELINES, AND APPROPRIATING FUNDS THEREFOR","ZUBIRI, JUAN MIGUEL ""MIGZ"" F.","July 16, 2019",NATIONAL,INCLUSIVE EDUCATION CHILDREN AND YOUTH WITH SPECIAL NEEDS (CYSN) SPECIAL EDUCATION,"BASIC EDUCATION, ARTS AND CULTURE",CONSOLIDATED/SUBSTITUTED IN THE COMMITTEE REPORT
Senate Bill No. 740,18th Congress (July 2019 - 2022),https://ldr.senate.gov.ph/bills/senate-bill-no-740-18th-congress-republic,THE ALTERNATIVE LEARNING SYSTEM (ALS) ACT,"AN ACT PROVIDING FOR THE ALTERNATIVE LEARNING SYSTEM OF EDUCATION FOR ADULTS, OUT-OF-SCHOOL YOUTH, MEMBERS OF CULTURAL MINORITIES, INDIGENOUS PEOPLE, AND PERSONS WITH DISABILITIES","GATCHALIAN, WIN","July 24, 2019",NATIONAL,ALTERNATIVE LEARNING ADULT EDUCATION PROGRAM OUT-OF-SCHOOL YOUTH PERSONS WITH DISABILITIES (PWDS),"BASIC EDUCATION, ARTS AND CULTURE",CONSOLIDATED/SUBSTITUTED IN THE COMMITTEE REPORT
Senate Bill No. 848,18th Congress (July 2019 - 2022),https://ldr.senate.gov.ph/bills/senate-bill-no-848-18th-congress-republic,MANGO EXPORT ACT OF 2019,"AN ACT URGING THE PLANNING AND PROMOTION OF THE PHILIPPINE MANGO FOR INTERNATIONAL EXPORT ESTABLISHING THE MANGO EXPORT PROMOTION COUNCIL, AND PROVIDING FUNDS THEREFOR, AND FOR OTHER PURPOSES","MARCOS, IMEE R.","August 1, 2019",NATIONAL,MANGO EXPORT PROMOTION COUNCIL PHILIPPINE MANGO INDUSTRY,"AGRICULTURE, FOOD AND AGRARIAN REFORM",PENDING IN THE COMMITTEE
Senate Bill No. 587,18th Congress (July 2019 - 2022),https://ldr.senate.gov.ph/bills/senate-bill-no-587-18th-congress-republic,INTEGRATED URBAN AGRICULTURE ACT,AN ACT PROMOTING INTEGRATED URBAN FARMING TO ADDRESS FOOD SECURITY CONCERNS AND LIVELIHOOD OPPORTUNITIES AND APPROPRIATING FUNDS FOR THE PURPOSE,"POE, GRACE","July 17, 2019",NATIONAL,URBAN AGRICULTURAL DEVELOPMENT,"AGRICULTURE, FOOD AND AGRARIAN REFORM",CONSOLIDATED/SUBSTITUTED IN THE COMMITTEE REPORT
Senate Bill No. 32,18th Congress (July 2019 - 2022),https://ldr.senate.gov.ph/bills/senate-bill-no-32-18th-congress-republic,DEPARTMENT OF FISHERIES AND AQUATIC RESOURCES ACT OF 2019,"AN ACT CREATING A DEPARTMENT OF FISHERIES AND AQUATIC RESOURCES, PROVIDING FOR ITS POWERS AND FUNCTIONS, AND FOR OTHER PURPOSES","PANGILINAN, FRANCIS ""KIKO"" N.","July 1, 2019",NATIONAL,DEPARTMENT OF FISHERIES AND AQUATIC RESOURCES,"AGRICULTURE, FOOD AND AGRARIAN REFORM",PENDING IN THE COMMITTEE
Senate Bill No. 601,18th Congress (July 2019 - 2022),https://ldr.senate.gov.ph/bills/senate-bill-no-601-18th-congress-republic,EXCLUDING OVERTIME PAY FROM COMPUTATION OF TAXABLE INCOME,"AN ACT EXCLUDING OVERTIME PAY FROM THE COMPUTATION OF TAXABLE INCOME AMENDING FOR THIS PURPOSE SECTION 32 (B) (7) OF THE NATIONAL INTERNAL REVENUE CODE OF 1997, AS AMENDED",Ralph G. Recto,"July 17, 2019",NATIONAL,NATIONAL INTERNAL REVENUE CODE (NIRC) TAXES (INDIVIDUAL INCOME TAX),WAYS AND MEANS,PENDING IN THE COMMITTEE
Senate Bill No. 757,18th Congress (July 2019 - 2022),https://ldr.senate.gov.ph/bills/senate-bill-no-757-18th-congress-republic,RESCINDING THE RESTRICTIONS ON OWNERSHIP AND TRANSFERABILITY OF LANDS,AN ACT RESCINDING THE RESTRICTIONS ON OWNERSHIP AND TRANSFERABILITY OF LANDS AWARDED UNDER THE COMPREHENSIVE AGRARIAN REFORM PROGRAM,Ralph G. Recto,"July 24, 2019",NATIONAL,AGRICULTURAL LAND COMPREHENSIVE AGRARIAN REFORM LAW (CARL) R.A.NO. 6657),"AGRICULTURE, FOOD AND AGRARIAN REFORM",PENDING IN THE COMMITTEE
Senate Bill No. 97,18th Congress (July 2019 - 2022),https://ldr.senate.gov.ph/bills/senate-bill-no-97-18th-congress-republic,SHARE IN THE NATIONAL TAXES OF LOCAL GOVERNMENT UNITS,"AN ACT PROVIDING FOR THE SHARE IN THE NATIONAL TAXES OF LOCAL GOVERNMENT UNITS, AMENDING FOR THIS PURPOSE REPUBLIC ACT NO. 7160, OTHERWISE KNOWN AS THE LOCAL GOVERNMENT CODE OF 1991","PIMENTEL, AQUILINO ""KOKO"" III","July 1, 2019",NATIONAL,LOCAL GOVERNMENT UNITS (LGUs) LOCAL GOVERNMENT CODE (R.A. NO. 7160),LOCAL GOVERNMENT,PENDING IN THE COMMITTEE
Senate Bill No. 815,18th Congress (July 2019 - 2022),https://ldr.senate.gov.ph/bills/senate-bill-no-815-18th-congress-republic,FRANCISCA REYES-AQUINO DAY,AN ACT DECLARING NOVEMBER 21 OF EVERY YEAR A SPECIAL WORKING HOLIDAY TO COMMEMORATE THE DEATH AND CONTRIBUTIONS OF FRANCISCA REYES-AQUINO,"HONTIVEROS, RISA","July 29, 2019",NATIONAL,HOLIDAYS (SPECIAL WORKING),"BASIC EDUCATION, ARTS AND CULTURE",PENDING IN THE COMMITTEE
Senate Bill No. 1139,18th Congress (July 2019 - 2022),https://ldr.senate.gov.ph/bills/senate-bill-no-1139-18th-congress-republic,DEPARTMENT OF DISASTER RESILIENCE ACT,"AN ACT CREATING THE DEPARTMENT OF DISASTER RESILIENCE, DEFINING ITS POWERS AND FUNCTIONS, AND APPROPRIATING FUNDS THEREFOR","ZUBIRI, JUAN MIGUEL ""MIGZ"" F.","November 4, 2019",NATIONAL,DEPARTMENT OF DISASTER RESILIENCE DISASTER RISK REDUCTION AND MANAGEMENT,"NATIONAL DEFENSE AND SECURITY, PEACE, UNIFICATION AND RECONCILIATION",PENDING IN THE COMMITTEE
Senate Bill No. 1203,18th Congress (July 2019 - 2022),https://ldr.senate.gov.ph/bills/senate-bill-no-1203-18th-congress-republic,RESERVIST EMPLOYMENT RIGHTS ACT,AN ACT STRENGTHENING THE EMPLOYMENT RIGHTS FOR MEMBERS OF THE CITIZEN ARMED FORCES OR THE RESERVE FORCE OF THE ARMED FORCES OF THE PHILIPPINES AND FOR OTHER PURPOSES,"REVILLA JR., RAMON BONG","November 27, 2019",NATIONAL,RESERVIST EMPLOYMENT ARMED FORCES OF THE PHILIPPINES RESERVIST,"LABOR, EMPLOYMENT AND HUMAN RESOURCES DEVELOPMENT",PENDING IN THE COMMITTEE
Senate Bill No. 190,18th Congress (July 2019 - 2022),https://ldr.senate.gov.ph/bills/senate-bill-no-190-18th-congress-republic,PUBLIC-PRIVATE PARTNERSHIP FOR THE PEOPLE (P4) ACT OF THE PHILIPPINES,"AN ACT AUTHORIZING PUBLIC-PRIVATE PARTNERSHIP FOR THE PEOPLE (P4), APPROPRIATING FUNDS THEREFOR, AND FOR OTHER PURPOSES","PACQUIAO, EMMANUEL ""MANNY"" D.","July 2, 2019",NATIONAL,PUBLIC-PRIVATE PARTNERSHIP FOR THE PEOPLE (P4),PUBLIC WORKS,CONSOLIDATED/SUBSTITUTED IN THE COMMITTEE REPORT
Senate Bill No. 216,18th Congress (July 2019 - 2022),https://ldr.senate.gov.ph/bills/senate-bill-no-216-18th-congress-republic,RESEARCH ON CLIMATE CHANGE DRINKING WATER ADAPTATION,AN ACT COMMISSIONING A RESEARCH ON CLIMATE CHANGE DRINKING WATER ADAPTATION,"TOLENTINO, FRANCIS ""TOL"" N.","July 2, 2019",NATIONAL,WATER/WATER SUPPLY CLIMATE CHANGE DRINKING WATER,"ENVIRONMENT, NATURAL RESOURCES AND CLIMATE CHANGE",PENDING IN THE COMMITTEE
Senate Bill No. 889,18th Congress (July 2019 - 2022),https://ldr.senate.gov.ph/bills/senate-bill-no-889-18th-congress-republic,THE REVIVAL OF THE PHILIPPINE MOVIE INDUSTRY ACT OF 2019,"AN ACT REVIVING THE PHILIPPINE MOVIE INDUSTRY BY PROVIDING INCENTIVES TO THE PROPRIETORS, LESSEES, OPERATORS OF THEATERS AND CINEMAS","REVILLA JR., RAMON BONG","August 13, 2019",NATIONAL,FILM/MOVIE INDUSTRY,PUBLIC INFORMATION AND MASS MEDIA,PENDING IN THE COMMITTEE
Senate Bill No. 973,18th Congress (July 2019 - 2022),https://ldr.senate.gov.ph/bills/senate-bill-no-973-18th-congress-republic,NATIONAL FOOD AUTHORITY ACT OF 2019,"AN ACT TO STRENGTHEN AND REORIENT THE MANDATE OF THE NATIONAL FOOD AUTHORITY IN ORDER TO ENSURE FOOD SUFFICIENCY, FOR THAT PURPOSE RATIONALIZING ITS FUNCTIONS, AND FOR OTHER PURPOSES","REVILLA JR., RAMON BONG","August 27, 2019",NATIONAL,NATIONAL FOOD AUTHORITY (NFA),GOVERNMENT CORPORATIONS AND PUBLIC ENTERPRISES,PENDING IN THE COMMITTEE
Senate Bill No. 650,18th Congress (July 2019 - 2022),https://ldr.senate.gov.ph/bills/senate-bill-no-650-18th-congress-republic,INSTITUTIONALIZED PERSONS PROTECTION ACT OF 2019,AN ACT DEFINING WHO ARE INSTITUTIONALIZED PERSONS AND PENALIZING THEIR MALTREATMENT,"REVILLA JR., RAMON BONG","July 22, 2019",NATIONAL,INSTITUTIONALIZED PERSONS,"SOCIAL JUSTICE, WELFARE AND RURAL DEVELOPMENT",PENDING IN THE COMMITTEE
Senate Bill No. 689,18th Congress (July 2019 - 2022),https://ldr.senate.gov.ph/bills/senate-bill-no-689-18th-congress-republic,ANTI-DISCRIMINATION ACT,AN ACT PROHIBITING DISCRIMINATION ON THE BASIS OF SEXUAL ORIENTATION AND GENDER IDENTITY OR EXPRESSION (SOGIE) AND PROVIDING PENALTIES THEREFOR,"PANGILINAN, FRANCIS ""KIKO"" N.","July 22, 2019",NATIONAL,ANTI-DISCRIMINATION SEXUAL ORIENTATION (LESBIANS/GAYS/SOGIE),"WOMEN, CHILDREN, FAMILY RELATIONS AND GENDER EQUALITY",CONSOLIDATED/SUBSTITUTED IN THE COMMITTEE REPORT
Senate Bill No. 272,18th Congress (July 2019 - 2022),https://ldr.senate.gov.ph/bills/senate-bill-no-272-18th-congress-republic,PUBLIC SCHOOL LAND USE DEVELOPMENT AND INFRASTRUCTURE PLAN (LUDIP) ACT,AN ACT REQUIRING ALL PUBLIC ELEMENTARY AND SECONDARY SCHOOLS TO PREPARE AND IMPLEMENT A LAND USE DEVELOPMENT AND INFRASTRUCTURE PLAN FOR THE OPTIMUM UTILIZATION OF ITS RESOURCES IN ADDRESSING BASIC EDUCATION FACILITY SHORTAGES,Ralph G. Recto,"July 8, 2019",NATIONAL,LAND USE INFRASTRUCTURES SCHOOL SITES/SCHOOL CAMPUS,"BASIC EDUCATION, ARTS AND CULTURE",PENDING IN THE COMMITTEE
Senate Bill No. 353,18th Congress (July 2019 - 2022),https://ldr.senate.gov.ph/bills/senate-bill-no-353-18th-congress-republic,ALTERNATIVE MINERALS MANAGEMENT ACT OF 2019,"AN ACT TO REGULATE THE RATIONAL EXPLORATION, DEVELOPMENT AND UTILIZATION OF MINERAL RESOURCES, AND TO ENSURE THE EQUITABLE SHARING OF BENEFITS FOR THE STATE, INDIGENOUS PEOPLES AND LOCAL COMMUNITIES, AND FOR OTHER PURPOSES","HONTIVEROS, RISA","July 11, 2019",NATIONAL,MINERAL RESOURCES,"ENVIRONMENT, NATURAL RESOURCES AND CLIMATE CHANGE",PENDING IN THE COMMITTEE
Senate Bill No. 555,18th Congress (July 2019 - 2022),https://ldr.senate.gov.ph/bills/senate-bill-no-555-18th-congress-republic,SIARGAO ISLAND MEDICAL CENTER ACT OF 2019,"AN ACT CONVERTING THE SIARGAO DISTRICT HOSPITAL IN THE PROVINCE OF SURIGAO DEL NORTE INTO A LEVEL 3 GENERAL HOSPITAL TO BE KNOWN AS THE 'SIARGAO ISLAND MEDICAL CENTER,' AND APPROPRIATING FUNDS THEREFOR","PACQUIAO, EMMANUEL ""MANNY"" D.","July 16, 2019",LOCAL,"HOSPITALS, CONVERSION",HEALTH AND DEMOGRAPHY,CONSOLIDATED/SUBSTITUTED IN THE COMMITTEE REPORT
Senate Bill No. 519,18th Congress (July 2019 - 2022),https://ldr.senate.gov.ph/bills/senate-bill-no-519-18th-congress-republic,THE REAL PROPERTY VALUATION REFORM ACT OF 2019,"AN ACT INSTITUTING REFORMS IN REAL PROPERTY VALUATION IN THE PHILIPPINES, ESTABLISHING THE NATIONAL VALUATION AUTHORITY AND APPROPRIATING FUNDS THEREFOR","ZUBIRI, JUAN MIGUEL ""MIGZ"" F.","July 16, 2019",NATIONAL,REAL PROPERTY VALUATION AND ASSESSMENT,WAYS AND MEANS,PENDING IN THE COMMITTEE
Senate Bill No. 65,18th Congress (July 2019 - 2022),https://ldr.senate.gov.ph/bills/senate-bill-no-65-18th-congress-republic,SUSTAINABLE CITIES AND COMMUNITIES ACT,"AN ACT PROVIDING FOR THE DEVELOPMENT OF SUSTAINABLE CITIES AND COMMUNITIES IN THE COUNTRY, AND FOR OTHER PURPOSES","CAYETANO, PIA S.","July 1, 2019",NATIONAL,SUSTAINABLE CITIES AND COMMUNITIES SUSTAINABLE DEVELOPMENT GOALS,"URBAN PLANNING, HOUSING AND RESETTLEMENT",PENDING IN THE COMMITTEE
Senate Bill No. 789,18th Congress (July 2019 - 2022),https://ldr.senate.gov.ph/bills/senate-bill-no-789-18th-congress-republic,ARAW NG KASAMBAHAY,AN ACT DECLARING JANUARY 18 OF EVERY YEAR A SPECIAL NONWORKING HOLIDAY FOR ALL KASAMBAHAY IN THE ENTIRE COUNTRY. THE ACT SHALL BE CALLED AS 'NATIONAL KASAMBAHAY DAY' OR 'ARAW NG KASAMBAHAY,"HONTIVEROS, RISA","July 25, 2019",NATIONAL,HOLIDAYS (SPECIAL NON-WORKING),"LABOR, EMPLOYMENT AND HUMAN RESOURCES DEVELOPMENT",PENDING IN THE COMMITTEE
Senate Bill No. 196,18th Congress (July 2019 - 2022),https://ldr.senate.gov.ph/bills/senate-bill-no-196-18th-congress-republic,FREE POTABLE WATER ACT OF 2019,AN ACT MANDATING ALL FOOD SERVICE ESTABLISHMENTS TO PROVIDE FREE SAFE AND CLEAN POTABLE SERVICE WATER FOR THEIR CUSTOMERS,"PACQUIAO, EMMANUEL ""MANNY"" D.","July 2, 2019",NATIONAL,FOOD ESTABLISHMENTS WATER/WATER SUPPLY POTABLE WATER SUPPLY SYSTEM,"TRADE, COMMERCE AND ENTREPRENEURSHIP",PENDING IN THE COMMITTEE
Senate Bill No. 853,18th Congress (July 2019 - 2022),https://ldr.senate.gov.ph/bills/senate-bill-no-853-18th-congress-republic,THE FREE TERTIARY AGRICULTURAL EDUCATION ACT,"AN ACT GRANTING FREE TERTIARY AGRICULTURAL EDUCATION, AND OTHER RELATED COURSES TO ALL DEPENDENT CHILDREN OF REGISTERED INDIGENT FARMERS IN THE COUNTRY, AND FOR OTHER PURPOSES","DE LIMA, LEILA M.","August 1, 2019",NATIONAL,AGRICULTURAL EDUCATION,"AGRICULTURE, FOOD AND AGRARIAN REFORM",PENDING IN THE COMMITTEE
Senate Bill No. 1171,18th Congress (July 2019 - 2022),https://ldr.senate.gov.ph/bills/senate-bill-no-1171-18th-congress-republic,TAX-FREE IMPORTATION OF MEDICAL SUPPLIES AND EQUIPMENT ACT OF 2019,AN ACT EXEMPTING THE IMPORTATION OF MEDICAL SUPPLIES AND EQUIPMENT FROM CUSTOMS DUTY AND VALUE-ADDED TAX,"MARCOS, IMEE R.","November 13, 2019",NATIONAL,MEDICAL SUPPLIES AND EQUIPMENT TAX EXEMPTION TAXES (VALUE-ADDED TAX / VAT),WAYS AND MEANS,PENDING IN THE COMMITTEE
Senate Bill No. 163,18th Congress (July 2019 - 2022),https://ldr.senate.gov.ph/bills/senate-bill-no-163-18th-congress-republic,RAISING THE AGE OF SEXUAL CONSENT ACT OF 2019,"AN ACT STRENGTHENING REPUBLIC ACT NO. 8353, OTHERWISE KNOWN AS THE ANTI-RAPE ACT OF 1997, BY RAISING THE AGE OF SEXUAL CONSENT TO EIGHTEEN (18) YEARS OLD, AND FOR OTHER PURPOSES","HONTIVEROS, RISA","July 2, 2019",NATIONAL,ANTI-RAPE rape,JUSTICE AND HUMAN RIGHTS,CONSOLIDATED/SUBSTITUTED IN THE COMMITTEE REPORT
Senate Bill No. 248,18th Congress (July 2019 - 2022),https://ldr.senate.gov.ph/bills/senate-bill-no-248-18th-congress-republic,WHISTLEBLOWER ACT OF 2019,"AN ACT PROVIDING FOR PROTECTION, SECURITY AND BENEFITS OF WHISTLEBLOWERS AND FOR OTHER PURPOSES","LACSON, PANFILO M.","July 8, 2019",NATIONAL,WHISTLEBLOWERS,JUSTICE AND HUMAN RIGHTS,PENDING IN THE COMMITTEE
Senate Bill No. 927,18th Congress (July 2019 - 2022),https://ldr.senate.gov.ph/bills/senate-bill-no-927-18th-congress-republic,CITIZEN SERVICE ACT OF 2019,"AN ACT REQUIRING BASIC CITIZEN SERVICE TRAINING ESTABLISHING THE CITIZEN SERVICE CORPS, CREATING THE CITIZEN SERVICE COMMISSION FOR THIS PURPOSE, APPROPRIATING FUNDS THEREFOR AND FOR OTHER PURPOSES","GORDON, RICHARD J.","August 20, 2019",NATIONAL,CITIZEN SERVICE CORPS CITIZEN SERVICE COMMISSION CITIZEN SERVICE TRAINING COURSE,"BASIC EDUCATION, ARTS AND CULTURE",PENDING IN THE COMMITTEE
Senate Bill No. 1244,18th Congress (July 2019 - 2022),https://ldr.senate.gov.ph/bills/senate-bill-no-1244-18th-congress-republic,ESTABLISHING AN ARBORETUM WITHIN THE VICINITY OF THE MIGHTY CAVE PARK,"AN ACT ESTABLISHING AN ARBORETUM WITHIN THE VICINITY OF THE MIGHTY CAVE PARK LOCATED IN THE MUNICIPALITY OF TAGOLOAN, LANAO DEL NORTE, TO BE KNOWN AS THE MIGHTY CAVE PARK ARBORETUM AND APPROPRIATING FUNDS THEREFOR","SOTTO III, VICENTE C.","December 17, 2019",NATIONAL,ARBORETUM,"ENVIRONMENT, NATURAL RESOURCES AND CLIMATE CHANGE",PENDING IN THE COMMITTEE
Senate Bill No. 707,18th Congress (July 2019 - 2022),https://ldr.senate.gov.ph/bills/senate-bill-no-707-18th-congress-republic,PHILIPPINE RISE DEVELOPMENT AUTHORITY ACT OR 'PRDA ACT',"AN ACT CREATING THE PHILIPPINE RISE DEVELOPMENT AUTHORITY (PRDA), DEFINING ITS POWERS AND FUNCTIONS, PROVIDING FUNDS THEREFOR AND FOR OTHER PURPOSES","ANGARA, SONNY","July 23, 2019",NATIONAL,PHILIPPINE RISE DEVELOPMENT AUTHORITY,ECONOMIC AFFAIRS,PENDING IN THE COMMITTEE
Senate Bill No. 295,18th Congress (July 2019 - 2022),https://ldr.senate.gov.ph/bills/senate-bill-no-295-18th-congress-republic,AMENDING THE CENTENARIANS ACT BY ADVANCING THE AGE COVERAGE FROM 100 TO 80 YEARS OLD,"AN ACT AMENDING SECTION 2 OF REPUBLIC ACT NO. 10868, OTHERWISE KNOWN AS THE CENTENARIANS ACT OF 2016 AND FOR OTHER PURPOSES","REVILLA JR., RAMON BONG","July 8, 2019",NATIONAL,CENTENARIANS,"SOCIAL JUSTICE, WELFARE AND RURAL DEVELOPMENT",CONSOLIDATED/SUBSTITUTED IN THE COMMITTEE REPORT
Senate Bill No. 322,18th Congress (July 2019 - 2022),https://ldr.senate.gov.ph/bills/senate-bill-no-322-18th-congress-republic,PHILIPPINE FILM AND TELEVISION TOURISM ACT OF 2019,"AN ACT ESTABLISHING A FRAMEWORK FOR FILM AND TELEVISION TOURISM IN THE PHILIPPINES, MARKETING THE INDUSTRY GLOBALLY AND PROVIDING EMPLOYMENT FOR THE SECTOR AND FOR OTHER PURPOSES","POE, GRACE","July 10, 2019",NATIONAL,PHILIPPINE FILM AND TELEVISION TOURISM FILM TOURISM,PUBLIC INFORMATION AND MASS MEDIA,PENDING IN THE COMMITTEE
Senate Bill No. 14,18th Congress (July 2019 - 2022),https://ldr.senate.gov.ph/bills/senate-bill-no-14-18th-congress-republic,AMENDING THE RETAIL TRADE LIBERALIZATION ACT OF 2000 (R.A.NO. 8762),"AN ACT SETTING THE MINIMUM PAID-UP CAPITAL AND LOCALLY PRODUCED STOCK INVENTORY REQUIREMENTS FOR FOREIGN RETAIL BUSINESS ENTERPRISES, AMENDING FOR THE PURPOSE REPUBLIC ACT NO. 8762, OTHERWISE KNOWN AS THE RETAIL TRADE LIBERALIZATION ACT OF 2000",Franklin M. Drilon,"July 1, 2019",NATIONAL,RETAIL TRADE LIBERALIZATION (R.A.NO. 8762),"TRADE, COMMERCE AND ENTREPRENEURSHIP",CONSOLIDATED/SUBSTITUTED IN THE COMMITTEE REPORT
Senate Bill No. 700,18th Congress (July 2019 - 2022),https://ldr.senate.gov.ph/bills/senate-bill-no-700-18th-congress-republic,PALLIATIVE AND HOSPICE CARE ACT,AN ACT INTEGRATING PALLIATIVE AND HOSPICE CARE INTO THE PHILIPPINE HEALTH CARE SYSTEM,"ANGARA, SONNY","July 23, 2019",NATIONAL,PALLIATIVE AND HOSPICE CARE health care PHILIPPINE HEALTH INSURANCE CORPORATION (PHILHEALTH/PHIC),HEALTH AND DEMOGRAPHY,PENDING IN THE COMMITTEE
Senate Bill No. 1256,18th Congress (July 2019 - 2022),https://ldr.senate.gov.ph/bills/senate-bill-no-1256-18th-congress-republic,THE NATIONAL ECONOMIC AND DEVELOPMENT AUTHORITY ACT OF 2019,"AN ACT INSTITUTIONALIZING THE NATIONAL ECONOMIC AND DEVELOPMENT AUTHORITY AS THE INDEPENDENT ECONOMIC AND PLANNING AGENCY OF THE PHILIPPINE GOVERNMENT, DEFINING ITS FUNCTIONS AND AMENDING EXECUTIVE ORDER NO. 230 SERIES OF 1987, AS AMENDED, APPROPRIATING FUNDS THEREFOR, AND FOR OTHER PURPOSES","MARCOS, IMEE R.","December 19, 2019",NATIONAL,NATIONAL ECONOMIC DEVELOPMENT AUTHORITY (NEDA),ECONOMIC AFFAIRS,CONSOLIDATED/SUBSTITUTED IN THE COMMITTEE REPORT
Senate Bill No. 275,18th Congress (July 2019 - 2022),https://ldr.senate.gov.ph/bills/senate-bill-no-275-18th-congress-republic,"FIXING THE VALIDITY PERIOD OF THE LICENSE TO OWN, PERMIT TO CARRY AND REGISTRATION OF FIREARMS","AN ACT FIXING THE VALIDITY PERIOD OF THE LICENSE TO OWN AND POSSESS, PERMIT TO CARRY OUTSIDE OF RESIDENCE OR PLACE OF BUSINESS AND REGISTRATION OF FIREARMS, AMENDING FOR THE PURPOSE SECTIONS 7 AND 19 OF REPUBLIC ACT NO. 10591, OTHERWISE KNOWN AS THE 'COMPREHENSIVE FIREARMS AND AMMUNITION REGULATION ACT'",Ralph G. Recto,"July 8, 2019",NATIONAL,FIREARMS COMPREHENSIVE FIREARMS AND AMMUNITION REGULATION ACT (R.A.10591),PUBLIC ORDER AND DANGEROUS DRUGS,CONSOLIDATED/SUBSTITUTED IN THE COMMITTEE REPORT
Senate Bill No. 917,18th Congress (July 2019 - 2022),https://ldr.senate.gov.ph/bills/senate-bill-no-917-18th-congress-republic,PHILIPPINE RISE DEVELOPMENT AUTHORITY ACT OR PRDA ACT,"AN ACT CREATING THE PHILIPPINE RISE DEVELOPMENT AUTHORITY, DEFINING ITS POWERS AND FUNCTIONS, PROVIDING FUNDS THEREFOR, AND FOR OTHER PURPOSES","GATCHALIAN, WIN","August 19, 2019",NATIONAL,PHILIPPINE RISE DEVELOPMENT AUTHORITY,GOVERNMENT CORPORATIONS AND PUBLIC ENTERPRISES,PENDING IN THE COMMITTEE
Senate Bill No. 356,18th Congress (July 2019 - 2022),https://ldr.senate.gov.ph/bills/senate-bill-no-356-18th-congress-republic,DIVORCE ACT OF 2019,AN ACT INSTITUTING ABSOLUTE DIVORCE IN THE PHILIPPINES,"HONTIVEROS, RISA","July 11, 2019",NATIONAL,DIVORCE OVERSEAS FILIPINO WORKERS (OFWS)/ MIGRANT WORKERS,"WOMEN, CHILDREN, FAMILY RELATIONS AND GENDER EQUALITY",PENDING IN THE COMMITTEE
Senate Bill No. 986,18th Congress (July 2019 - 2022),https://ldr.senate.gov.ph/bills/senate-bill-no-986-18th-congress-republic,FULL SCHOLARSHIP TO CHILDREN AND DEPENDENTS OF LAW ENFORCEMENT OFFICERS,AN ACT PROVIDING FOR FULL SCHOLARSHIP TO CHILDREN AND DEPENDENTS OF LAW ENFORCEMENT OFFICERS KILLED OR PERMANENTLY INCAPACITATED IN THE LINE OF DUTY OR BY REASON OF THEIR OFFICE OR POSITION AND FOR OTHER PURPOSES,"LAPID, MANUEL ""LITO"" M.","August 28, 2019",NATIONAL,SCHOLARSHIP GRANTS LAW ENFORCEMENT OFFICERS/LAW ENFORCEMENT AGENCY/LAW ENFORCEMENT OPERATIONS,"CIVIL SERVICE, GOVERNMENT REORGANIZATION AND PROFESSIONAL REGULATION",PENDING IN THE COMMITTEE
Senate Bill No. 49,18th Congress (July 2019 - 2022),https://ldr.senate.gov.ph/bills/senate-bill-no-49-18th-congress-republic,SALARY STANDARDIZATION LAW V,"AN ACT ADJUSTING THE SALARY SCHEDULE OF CIVILIAN PERSONNEL IN THE GOVERNMENT, AND FOR OTHER PURPOSES",Ralph G. Recto,"July 1, 2019",NATIONAL,SALARY STANDARDIZATION GOVERNMENT EMPLOYEES GOVERNMENT OFFICIAL/PUBLIC OFFICIAL,"CIVIL SERVICE, GOVERNMENT REORGANIZATION AND PROFESSIONAL REGULATION",CONSOLIDATED/SUBSTITUTED IN THE COMMITTEE REPORT
Senate Bill No. 113,18th Congress (July 2019 - 2022),https://ldr.senate.gov.ph/bills/senate-bill-no-113-18th-congress-republic,INTERNET SAFETY EDUCATION ACT,AN ACT ESTABLISHING A SAFETY INTERNET EDUCATION PROGRAM IN THE CURRICULUM OF ALL ELEMENTARY AND SECONDARY SCHOOLS,"BINAY, MARIA LOURDES NANCY S.","July 1, 2019",NATIONAL,INTERNET SAFETY ELEMENTARY EDUCATION/PRIMARY EDUCATION Secondary Education CURRICULUM/CURRICULA,"BASIC EDUCATION, ARTS AND CULTURE",PENDING IN THE COMMITTEE
Senate Bill No. 665,18th Congress (July 2019 - 2022),https://ldr.senate.gov.ph/bills/senate-bill-no-665-18th-congress-republic,DOH HOSPITAL BED CAPACITY RATIONALIZATION ACT,AN ACT AUTHORIZING THE DEPARTMENT OF HEALTH (DOH) TO SET AND APPROVE THE BED CAPACITY OF ALL DOH HOSPITALS,"REVILLA JR., RAMON BONG","July 22, 2019",NATIONAL,"DEPARTMENT OF HEALTH (DOH) HOSPITALS, INCREASE BED CAPACITY",HEALTH AND DEMOGRAPHY,CONSOLIDATED/SUBSTITUTED IN THE COMMITTEE REPORT
Senate Bill No. 738,18th Congress (July 2019 - 2022),https://ldr.senate.gov.ph/bills/senate-bill-no-738-18th-congress-republic,LOWERING THE COMPULSORY AND OPTIONAL RETIREMENT AGE OF GOVERNMENT EMPLOYEES,"AN ACT LOWERING THE COMPULSORY AND OPTIONAL RETIREMENT AGE OF GOVERNMENT EMPLOYEES, AMENDING FOR THE PURPOSE SECTIONS 13(B) AND 13-A OF REPUBLIC ACT NO. 8291, OTHERWISE KNOWN AS THE GOVERNMENT SERVICE INSURANCE SYSTEM ACT OF 1997","GATCHALIAN, WIN","July 24, 2019",NATIONAL,GOVERNMENT EMPLOYEES RETIREMENT AGE GOVERNMENT SERVICE INSURANCE SYSTEM (GSIS),"CIVIL SERVICE, GOVERNMENT REORGANIZATION AND PROFESSIONAL REGULATION",PENDING IN THE COMMITTEE
Senate Bill No. 410,18th Congress (July 2019 - 2022),https://ldr.senate.gov.ph/bills/senate-bill-no-410-18th-congress-republic,BANGON MARAWI COUNCIL ACT OF 2019,"AN ACT CREATING THE BANGON MARAWI COUNCIL FOR THE RECOVERY, RECONSTRUCTION, AND REHABILITATION OF MARAWI CITY AND OTHER AFFECTED LOCALITIES, AND FOR OTHER PURPOSES","MARCOS, IMEE R.","July 11, 2019",NATIONAL,MARAWI CITY/MARAWI SIEGE REHABILITATION/REHABILITATION FUND,"NATIONAL DEFENSE AND SECURITY, PEACE, UNIFICATION AND RECONCILIATION",PENDING IN THE COMMITTEE
Senate Bill No. 460,18th Congress (July 2019 - 2022),https://ldr.senate.gov.ph/bills/senate-bill-no-460-18th-congress-republic,AMENDING SECS. 212 AND 214 OF R. A. NO. 7160 (LOCAL GOVERNMENT CODE OF 1991),"AN ACT AMENDING SECTIONS 212 AND 214 OF REPUBLIC ACT NO. 7160, AS AMENDED, OTHERWISE KNOWN AS THE LOCAL GOVERNMENT CODE OF 1991","REVILLA JR., RAMON BONG","July 15, 2019",NATIONAL,LOCAL GOVERNMENT CODE (R.A. NO. 7160) REAL PROPERTY (FAIR MARKET VALUE),LOCAL GOVERNMENT,PENDING IN THE COMMITTEE
Senate Bill No. 752,18th Congress (July 2019 - 2022),https://ldr.senate.gov.ph/bills/senate-bill-no-752-18th-congress-republic,"BANNING THE CATCHING, SALE, PURCHASE, IMPORTATION AND EXPORTATION OF ALL SHARKS AND RAYS","AN ACT BANNING THE CATCHING, SALE, PURCHASE, POSSESSION, TRANSPORTATION, IMPORTATION, AND EXPORTATION OF ALL SHARKS AND RAYS OR ANY PART THEREOF IN THE COUNTRY","GATCHALIAN, WIN","July 24, 2019",NATIONAL,SHARKS/RAYS,"AGRICULTURE, FOOD AND AGRARIAN REFORM",PENDING IN THE COMMITTEE
Senate Bill No. 845,18th Congress (July 2019 - 2022),https://ldr.senate.gov.ph/bills/senate-bill-no-845-18th-congress-republic,"AMENDING R.A.NO. 7160, LOCAL GOVERNMENT CODE OF 1991","AN ACT UPDATING THE REQUISITES FOR THE CREATION OF THE MUNICIPALITIES, CITIES, AND PROVINCES BY AMENDING CERTAIN PROVISIONS IN BOOK III OF REPUBLIC ACT NO. 7160, OTHERWISE KNOWN AS 'THE LOCAL GOVERNMENT CODE OF 1991'","ANGARA, SONNY","July 31, 2019",NATIONAL,N/A,N/A,WITHDRAWN
Senate Bill No. 1168,18th Congress (July 2019 - 2022),https://ldr.senate.gov.ph/bills/senate-bill-no-1168-18th-congress-republic,COMPREHENSIVE NURSING LAW OF 2019,"AN ACT PROVIDING FOR A COMPREHENSIVE NURSING LAW TOWARDS QUALITY HEALTH SYSTEM, REPEALING FOR THIS PURPOSE REPUBLIC ACT NO. 9173 OTHERWISE KNOWN AS THE PHILIPPINE NURSING ACT OF 2002","BINAY, MARIA LOURDES NANCY S.","November 12, 2019",NATIONAL,COMPREHENSIVE NURSING LAW,"CIVIL SERVICE, GOVERNMENT REORGANIZATION AND PROFESSIONAL REGULATION",PENDING IN THE COMMITTEE
Senate Bill No. 1232,18th Congress (July 2019 - 2022),https://ldr.senate.gov.ph/bills/senate-bill-no-1232-18th-congress-republic,ESTABLISHING THE AUTONOMOUS REGION OF THE CORDILLERA,AN ACT ESTABLISHING THE AUTONOMOUS REGION OF THE CORDILLERA,"ZUBIRI, JUAN MIGUEL ""MIGZ"" F.","December 11, 2019",NATIONAL,AUTONOMOUS REGION OF THE CORDILLERA (ARC),LOCAL GOVERNMENT,PENDING IN THE COMMITTEE
Senate Bill No. 558,18th Congress (July 2019 - 2022),https://ldr.senate.gov.ph/bills/senate-bill-no-558-18th-congress-republic,PHILIPPINE NATIONAL GAMES ACT,AN ACT INSTITUTIONALIZING THE PHILIPPINE NATIONAL GAMES AND APPROPRIATING FUNDS THEREFOR,"PACQUIAO, EMMANUEL ""MANNY"" D.","July 16, 2019",NATIONAL,PHILIPPINE NATIONAL GAMES,SPORTS,PENDING IN THE COMMITTEE
Senate Bill No. 522,18th Congress (July 2019 - 2022),https://ldr.senate.gov.ph/bills/senate-bill-no-522-18th-congress-republic,ESTABLISHING A CENTER FOR AUTISM,AN ACT ESTABLISHING A CENTER FOR AUTISM AND FOR OTHER PURPOSES,"ZUBIRI, JUAN MIGUEL ""MIGZ"" F.","July 16, 2019",NATIONAL,AUTISM,HEALTH AND DEMOGRAPHY,PENDING IN THE COMMITTEE
Senate Bill No. 293,18th Congress (July 2019 - 2022),https://ldr.senate.gov.ph/bills/senate-bill-no-293-18th-congress-republic,FOLIC ACID ACT,AN ACT ESTABLISHING AN INTEGRATED UTILIZATION AND PROMOTION OF FOLIC ACID FOOD FORTIFICATION AND SUPPLEMENTATION,"CAYETANO, PIA S.","July 8, 2019",NATIONAL,"FOLIC ACID FOOD FORTIFICATION ACT (R.A.NO. 8976, AMENDMENTS)",HEALTH AND DEMOGRAPHY,PENDING IN THE COMMITTEE
Senate Bill No. 876,18th Congress (July 2019 - 2022),https://ldr.senate.gov.ph/bills/senate-bill-no-876-18th-congress-republic,KABISERA 2030,"AN ACT TRANSFERRING THE PERMANENT SEAT OF THE NATIONAL GOVERNMENT TO NEW CLARK CITY, PAMPANGA, CREATING A TRANSITORY COMMISSION, APPROPRIATING FUNDS THEREFOR, AND FOR OTHER PURPOSES","GATCHALIAN, WIN","August 7, 2019",NATIONAL,SEAT OF GOVERNMENT,"CIVIL SERVICE, GOVERNMENT REORGANIZATION AND PROFESSIONAL REGULATION",PENDING IN THE COMMITTEE
Senate Bill No. 1242,18th Congress (July 2019 - 2022),https://ldr.senate.gov.ph/bills/senate-bill-no-1242-18th-congress-republic,ZERO FOOD WASTE ACT,AN ACT PROVIDING FOR A SYSTEM OF REDISTRIBUTING AND RECYCLING FOOD WASTE TO PROMOTE FOOD SECURITY,"LAPID, MANUEL ""LITO"" M.","December 17, 2019",NATIONAL,FOOD SECURITY,"AGRICULTURE, FOOD AND AGRARIAN REFORM",PENDING IN THE COMMITTEE
Senate Bill No. 325,18th Congress (July 2019 - 2022),https://ldr.senate.gov.ph/bills/senate-bill-no-325-18th-congress-republic,COMPREHENSIVE NURSING LAW OF 2019,"AN ACT PROVIDING FOR A COMPREHENSIVE NURSING LAW TOWARDS QUALITY HEALTH CARE SYSTEM, AND APPROPRIATING FUNDS THEREFOR","ANGARA, SONNY","July 10, 2019",NATIONAL,COMPREHENSIVE NURSING LAW NURSES/NURSING,"CIVIL SERVICE, GOVERNMENT REORGANIZATION AND PROFESSIONAL REGULATION",PENDING IN THE COMMITTEE
Senate Bill No. 8,18th Congress (July 2019 - 2022),https://ldr.senate.gov.ph/bills/senate-bill-no-8-18th-congress-republic,"INCREASING THE PENALTY FOR THE CRIME OF PERJURY, AMENDING ART. 183 OF THE REVISED PENAL CODE","AN ACT INCREASING THE PENALTY FOR THE CRIME OF PERJURY, AMENDING FOR THE PURPOSE ARTICLE 183 OF THE REVISED PENAL CODE, AND FOR OTHER PURPOSES","SOTTO III, VICENTE C.","July 1, 2019",NATIONAL,REVISED PENAL CODE (R.A. NO. 3815) PERJURY,JUSTICE AND HUMAN RIGHTS,CONSOLIDATED/SUBSTITUTED IN THE COMMITTEE REPORT
Senate Bill No. 82,18th Congress (July 2019 - 2022),https://ldr.senate.gov.ph/bills/senate-bill-no-82-18th-congress-republic,RIGHT OF CHILDREN FOR THE ESTABLISHMENT OF THEIR FILIATION,"AN ACT ESTABLISHING THE RIGHT OF CHILDREN FOR THE ESTABLISHMENT OF THEIR FILIATION, REQUIRING THEREFOR MANDATORY PATERNITY TEST FOR THE DETERMINATION OF THEIR FILIATION","GORDON, RICHARD J.","July 1, 2019",NATIONAL,CHILDREN/CHILD CARE FILIATION,"WOMEN, CHILDREN, FAMILY RELATIONS AND GENDER EQUALITY",PENDING IN THE COMMITTEE
Senate Bill No. 399,18th Congress (July 2019 - 2022),https://ldr.senate.gov.ph/bills/senate-bill-no-399-18th-congress-republic,ESTABLISHMENT OF A DRUG ABUSE TREATMENT AND REHABILITATION CENTER,AN ACT PROVIDING FOR THE ESTABLISHMENT AND SUPPORT OF A DRUG ABUSE TREATMENT AND REHABILITATION CENTER IN EVERY PROVINCE THROUGHOUT THE PHILIPPINES AND APPROPRIATING FUNDS THEREFOR,"GO, CHRISTOPHER LAWRENCE T.","July 11, 2019",NATIONAL,DRUG REHABILITATION DRUG PENAL INSTITUTION,PUBLIC ORDER AND DANGEROUS DRUGS,PENDING IN THE COMMITTEE
Senate Bill No. 430,18th Congress (July 2019 - 2022),https://ldr.senate.gov.ph/bills/senate-bill-no-430-18th-congress-republic,CONSTITUTIONAL EDUCATION ACT,AN ACT INTEGRATING EDUCATION ON THE 1987 CONSTITUTION OF THE REPUBLIC OF THE PHILIPPINES IN THE GRADE 12 SENIOR HIGH SCHOOL CURRICULA OF ALL PUBLIC AND PRIVATE EDUCATIONAL INSTITUTIONS,"PANGILINAN, FRANCIS ""KIKO"" N.","July 15, 2019",NATIONAL,CONSTITUTIONAL EDUCATION SENIOR HIGH SCHOOL SCHOOLS (PUBLIC AND PRIVATE) CURRICULUM/CURRICULA,"BASIC EDUCATION, ARTS AND CULTURE",PENDING IN THE COMMITTEE
Senate Bill No. 148,18th Congress (July 2019 - 2022),https://ldr.senate.gov.ph/bills/senate-bill-no-148-18th-congress-republic,NATIONAL MANGROVE FOREST PROTECTION AND PRESERVATON ACT OF 2019,"AN ACT PROVIDING FOR THE PRESERVATION, REFORESTATION, AFFORESTATION AND SUSTAINABLE DEVELOPMENT OF MANGROVE FORESTS IN THE PHILIPPINES, PROVIDING PENALTIES THEREFOR AND FOR OTHER PURPOSES","VILLAR, CYNTHIA A.","July 2, 2019",NATIONAL,MANGROVE FORESTS,"ENVIRONMENT, NATURAL RESOURCES AND CLIMATE CHANGE",PENDING IN THE COMMITTEE
Senate Bill No. 1147,18th Congress (July 2019 - 2022),https://ldr.senate.gov.ph/bills/senate-bill-no-1147-18th-congress-republic,RESERVIST EMPLOYMENT RIGHTS ACT,AN ACT STRENGTHENING THE EMPLOYMENT RIGHTS OF MEMBERS OF THE RESERVE FORCE OF THE ARMED FORCES OF THE PHILIPPINES AND FOR OTHER PURPOSES,"VILLANUEVA, JOEL","November 5, 2019",NATIONAL,RESERVIST EMPLOYMENT ARMED FORCES OF THE PHILIPPINES RESERVIST ARMED FORCES OF THE PHILIPPINES (AFP),"LABOR, EMPLOYMENT AND HUMAN RESOURCES DEVELOPMENT",PENDING IN THE COMMITTEE
Senate Bill No. 230,18th Congress (July 2019 - 2022),https://ldr.senate.gov.ph/bills/senate-bill-no-230-18th-congress-republic,EXPANDING THE USE OF THE LEGAL ASSISTANCE FUND,"AN ACT EXPANDING THE USE OF THE LEGAL ASSISTANCE FUND, AMENDING FOR THE PURPOSE SECTION 26 OF REPUBLIC ACT NO. 8042, OTHERWISE KNOWN AS THE 'MIGRANT WORKERS AND OVERSEAS FILIPINOS ACT OF 1995', AS AMENDED, AND FOR OTHER PURPOSES","DELA ROSA, RONALD ""BATO""","July 4, 2019",NATIONAL,legal assistance MIGRANT WORKERS AND OVERSEAS FILIPINOS OVERSEAS FILIPINO WORKERS (OFWS)/ MIGRANT WORKERS,"LABOR, EMPLOYMENT AND HUMAN RESOURCES DEVELOPMENT",CONSOLIDATED/SUBSTITUTED IN THE COMMITTEE REPORT
Senate Bill No. 1212,18th Congress (July 2019 - 2022),https://ldr.senate.gov.ph/bills/senate-bill-no-1212-18th-congress-republic,EXPANDING THE COVERAGE OF THE CENTENARIANS ACT OF 2016,"AN ACT EXPANDING THE COVERAGE OF THE CENTENARIANS ACT OF 2016, AMENDING FOR THE PURPOSE SECTION TWO OF REPUBLIC ACT NO. 10868","ZUBIRI, JUAN MIGUEL ""MIGZ"" F.","November 27, 2019",NATIONAL,CENTENARIANS,"SOCIAL JUSTICE, WELFARE AND RURAL DEVELOPMENT",CONSOLIDATED/SUBSTITUTED IN THE COMMITTEE REPORT
Senate Bill No. 599,18th Congress (July 2019 - 2022),https://ldr.senate.gov.ph/bills/senate-bill-no-599-18th-congress-republic,SECRETARY OF THE DEPARTMENT OF AGRICULTURE AS CHAIRPERSON OF THE NATIONAL FOOD AUTHORITY,AN ACT DESIGNATING THE SECRETARY OF THE DEPARTMENT OF AGRICULTURE AS CHAIRPERSON OF THE NATIONAL FOOD AUTHORITY COUNCIL,Ralph G. Recto,"July 17, 2019",NATIONAL,DEPARTMENT OF AGRICULTURE NATIONAL FOOD AUTHORITY (NFA),"AGRICULTURE, FOOD AND AGRARIAN REFORM",PENDING IN THE COMMITTEE
Senate Bill No. 616,18th Congress (July 2019 - 2022),https://ldr.senate.gov.ph/bills/senate-bill-no-616-18th-congress-republic,PROCEDURE FOR REGISTRATION OF VOTERS DURING BARANGAY ELECTIONS,"AN ACT STRENGTHENING THE PROCEDURE FOR REGISTRATION OF VOTERS DURING BARANGAY ELECTIONS, AMENDING FOR THE PURPOSE REPUBLIC ACT NO. 8189, OTHERWISE KNOWN AS THE 'VOTER'S REGISTRATION ACT OF 1996' AND FOR OTHER PURPOSES","VILLANUEVA, JOEL","July 18, 2019",NATIONAL,VOTERS REGISTRATION ELECTIONS/ELECTORAL REFORMS,ELECTORAL REFORMS AND PEOPLES PARTICIPATION,PENDING IN THE COMMITTEE
Senate Bill No. 864,18th Congress (July 2019 - 2022),https://ldr.senate.gov.ph/bills/senate-bill-no-864-18th-congress-republic,BLOODBORNE VIRAL HEPATITIS TESTING ACT OF 2019,AN ACT INSTITUTING A POLICY ON BLOODBORNE VIRAL HEPATITIS TESTING AND SCREENING,"HONTIVEROS, RISA","August 5, 2019",NATIONAL,HEPATITIS TESTING AND SCREENING HEPATITIS-B HEPATITIS-C,HEALTH AND DEMOGRAPHY,PENDING IN THE COMMITTEE
Senate Bill No. 304,18th Congress (July 2019 - 2022),https://ldr.senate.gov.ph/bills/senate-bill-no-304-18th-congress-republic,PHILIPPINE DEFENSE INDUSTRY DEVELOPMENT ACT OF 2019 OR PDIDA,"AN ACT PROVIDING FOR THE DEVELOPMENT OF A NATIONAL DEFENSE INDUSTRY THROUGH THE STRENGTHENING AND REVITALIZING OF THE SELF RELIANT DEFENSE POSTURE (SRDP) PROGRAM, INCENTIVIZING IN-COUNTRY ENTERPRISES, RATIONALIZING DEFENSE ACQUISITION, AND CREATING THE OFFICE OF THE UNDERSECRETARY FOR DEFENSE TECHNOLOGY RESEARCH AND INDUSTRY DEVELOPMENT UNDER THE DEPARTMENT OF NATIONAL DEFENSE, AND PROVIDING FUNDS THEREFOR","ZUBIRI, JUAN MIGUEL ""MIGZ"" F.","July 10, 2019",NATIONAL,PHILIPPINE DEFENSE INDUSTRY DEVELOPMENT Department of National Defense (DND),"NATIONAL DEFENSE AND SECURITY, PEACE, UNIFICATION AND RECONCILIATION",PENDING IN THE COMMITTEE
Senate Bill No. 933,18th Congress (July 2019 - 2022),https://ldr.senate.gov.ph/bills/senate-bill-no-933-18th-congress-republic,EXPANDED SENIOR CITIZENS ACT OF 2019,"AN ACT GRANTING SENIOR CITIZENS A MINIMUM OF FIVE PERCENT (5%) DISCOUNT ON THE FIRST 150 KILOWATT HOURS OF ELECTRICITY CONSUMPTION AND ON THE FIRST 50 CUBIC METERS OF WATER CONSUMPTION, AND EXEMPTION FROM THE VALUE-ADDED TAX (VAT), AMENDING FOR THIS PURPOSE REPUBLIC ACT NO. 9994, OTHERWISE KNOWN AS THE 'EXPANDED SENIOR CITIZENS' ACT OF 2010'","POE, GRACE","August 20, 2019",NATIONAL,SENIOR CITIZEN/ELDERLY TAXES (VALUE-ADDED TAX / VAT) TAX EXEMPTION Electricity,"SOCIAL JUSTICE, WELFARE AND RURAL DEVELOPMENT",PENDING IN THE COMMITTEE
Senate Bill No. 18,18th Congress (July 2019 - 2022),https://ldr.senate.gov.ph/bills/senate-bill-no-18-18th-congress-republic,WASTE IMPORTATION BAN ACT OF 2019,AN ACT PROHIBITING AND PENALIZING THE IMPORTATION OF WASTE,Franklin M. Drilon,"July 1, 2019",NATIONAL,GARBAGE (CANADA/CANADIAN TRASH) WASTE IMPORTATION BAN,"ENVIRONMENT, NATURAL RESOURCES AND CLIMATE CHANGE",PENDING IN THE COMMITTEE
Senate Bill No. 367,18th Congress (July 2019 - 2022),https://ldr.senate.gov.ph/bills/senate-bill-no-367-18th-congress-republic,THE CONTINUING EDUCATION FOR TEACHERS ACT,"AN ACT INSTITUTING A PROGRAM FOR THE MANDATORY CONTINUING EDUCATION OF TEACHERS IN THE PRIMARY AND SECONDARY LEVELS IN BOTH PUBLIC AND PRIVATE SCHOOLS, AND APPROPRIATING FUNDS THEREFOR","GATCHALIAN, WIN","July 11, 2019",NATIONAL,CONTINUING EDUCATION OF TEACHERS TEACHERS,"BASIC EDUCATION, ARTS AND CULTURE",PENDING IN THE COMMITTEE
Senate Bill No. 987,18th Congress (July 2019 - 2022),https://ldr.senate.gov.ph/bills/senate-bill-no-987-18th-congress-republic,INCREASING THE EXCISE TAX ON HEATED TOBACCO PRODUCTS AND VAPOR PRODUCTS,"AN ACT INCREASING THE EXCISE TAX ON HEATED TOBACCO PRODUCTS AND VAPOR PRODUCTS, AMENDING FOR THIS PURPOSE SECTIONS 144 (B), 144 (C), 147 AND 150 OF THE NATIONAL INTERNAL REVENUE CODE OF 1997, AS AMENDED, AND FOR OTHER PURPOSES","PACQUIAO, EMMANUEL ""MANNY"" D.","August 28, 2019",NATIONAL,TAXES (EXCISE TAX) VAPORIZED NICOTINE PRODUCTS/VAPE NATIONAL INTERNAL REVENUE CODE (NIRC) TOBACCO PRODUCTS/TOBACCO INDUSTRY,WAYS AND MEANS,CONSOLIDATED/SUBSTITUTED IN THE COMMITTEE REPORT
Senate Bill No. 666,18th Congress (July 2019 - 2022),https://ldr.senate.gov.ph/bills/senate-bill-no-666-18th-congress-republic,PRENATAL LEAVE BENEFITS FOR FEMALE EMPLOYEES,AN ACT PROVIDING PRENATAL LEAVE BENEFITS FOR FEMALE EMPLOYEES,"REVILLA JR., RAMON BONG","July 22, 2019",NATIONAL,PRE-NATAL LEAVE pregnancy WOMEN,"WOMEN, CHILDREN, FAMILY RELATIONS AND GENDER EQUALITY",PENDING IN THE COMMITTEE
Senate Bill No. 746,18th Congress (July 2019 - 2022),https://ldr.senate.gov.ph/bills/senate-bill-no-746-18th-congress-republic,EXPANDING THE APPLICATION OF THE LOCAL DISASTER RISK REDUCTION AND MANAGEMENT FUND,"AN ACT EXPANDING THE APPLICATION OF THE LOCAL DISASTER RISK REDUCTION AND MANAGEMENT FUND BY AMENDING REPUBLIC ACT NO. 10121, OTHERWISE KNOWN AS THE PHILIPPINE DISASTER RISK REDUCTION AND MANAGEMENT ACT OF 2010","GATCHALIAN, WIN","July 24, 2019",NATIONAL,DISASTER RISK REDUCTION AND MANAGEMENT,"NATIONAL DEFENSE AND SECURITY, PEACE, UNIFICATION AND RECONCILIATION",PENDING IN THE COMMITTEE
Senate Bill No. 997,18th Congress (July 2019 - 2022),https://ldr.senate.gov.ph/bills/senate-bill-no-997-18th-congress-republic,DEPARTMENT OF OVERSEAS EMPLOYMENT ACT OF 2019,"AN ACT CREATING THE DEPARTMENT OF OVERSEAS EMPLOYMENT, DEFINING ITS POWERS AND FUNCTIONS, APPROPRIATING FUNDS THEREFOR, AND FOR OTHER PURPOSES","PACQUIAO, EMMANUEL ""MANNY"" D.","September 2, 2019",NATIONAL,DEPARTMENT OF OVERSEAS EMPLOYMENT (DOOE) OVERSEAS FILIPINO WORKERS (OFWS)/ MIGRANT WORKERS,"LABOR, EMPLOYMENT AND HUMAN RESOURCES DEVELOPMENT",CONSOLIDATED/SUBSTITUTED IN THE COMMITTEE REPORT
Senate Bill No. 479,18th Congress (July 2019 - 2022),https://ldr.senate.gov.ph/bills/senate-bill-no-479-18th-congress-republic,PLUG-IN HYBRID ELECTRIC VEHICLES INCENTIVES ACT,"AN ACT EXEMPTING THE MANUFACTURE, ASSEMBLY, CONVERSION AND IMPORTATION OF PLUG-IN HYBRID ELECTRIC VEHICLES FROM THE PAYMENT OF EXCISE TAXES AND DUTIES, AND FOR OTHER PURPOSES",Ralph G. Recto,"July 15, 2019",NATIONAL,Motor Vehicles HYBRID CARS,ENERGY,CONSOLIDATED/SUBSTITUTED IN THE COMMITTEE REPORT
Senate Bill No. 171,18th Congress (July 2019 - 2022),https://ldr.senate.gov.ph/bills/senate-bill-no-171-18th-congress-republic,INCLUSIVE EDUCATION FOR CHILDREN AND YOUTH WITH SPECIAL NEEDS ACT,"AN ACT INSTITUTING INCLUSIVE EDUCATION AND ESTABLISHING LEARNING RESOURCE CENTERS FOR CHILDREN AND YOUTH WITH SPECIAL NEEDS IN ALL PUBLIC SCHOOLS DIVISIONS, PROVIDING FOR STANDARDS AND GUIDELINES, AND APPROPRIATING FUNDS THEREFOR","GATCHALIAN, WIN","July 2, 2019",NATIONAL,CHILDREN AND YOUTH WITH SPECIAL NEEDS (CYSN) SPECIAL EDUCATION INCLUSIVE EDUCATION YOUTH,"BASIC EDUCATION, ARTS AND CULTURE",CONSOLIDATED/SUBSTITUTED IN THE COMMITTEE REPORT
Senate Bill No. 1061,18th Congress (July 2019 - 2022),https://ldr.senate.gov.ph/bills/senate-bill-no-1061-18th-congress-republic,"MAGNA CARTA FOR BARANGAY OFFICIALS, PERSONNEL AND VOLUNTEER WORKERS","AN ACT PROVIDING FOR RENUMERATION, BENEFITS, ALLOWANCES, AND OTHER ENTITLEMENTS FOR FRONTLINE CIVIL SERVANTS AT THE BARANGAY LEVEL, ESTABLISHING FOR THE PURPOSE A MAGNA CARTA FOR BARANGAY OFFICIALS, PERSONNEL AND VOLUNTEER WORKERS, AND FOR OTHER PURPOSES",Ralph G. Recto,"September 18, 2019",NATIONAL,MAGNA CARTA FOR BARANGAYS BARANGAY OFFICIALS BARANGAY CIVILIAN VOLUNTEERS BARANGAY TANOD BRIGADES,LOCAL GOVERNMENT,PENDING IN THE COMMITTEE
Senate Bill No. 461,18th Congress (July 2019 - 2022),https://ldr.senate.gov.ph/bills/senate-bill-no-461-18th-congress-republic,DEPARTMENT OF OVERSEAS FILIPINO WORKERS ACT,"AN ACT CREATING THE DEPARTMENT OF OVERSEAS FILIPINO WORKERS, DEFINING ITS POWERS AND FUNCTIONS, APPROPRIATING FUNDS THEREFOR, AND FOR OTHER PURPOSES","REVILLA JR., RAMON BONG","July 15, 2019",NATIONAL,OVERSEAS FILIPINO WORKERS (OFWS)/ MIGRANT WORKERS DEPARTMENT OF OVERSEAS FILIPINO WORKERS (DOFW),"LABOR, EMPLOYMENT AND HUMAN RESOURCES DEVELOPMENT",CONSOLIDATED/SUBSTITUTED IN THE COMMITTEE REPORT
Senate Bill No. 753,18th Congress (July 2019 - 2022),https://ldr.senate.gov.ph/bills/senate-bill-no-753-18th-congress-republic,REIMPOSING THE DEATH PENALTY,"AN ACT REIMPOSING THE DEATH PENALTY AND INCREASING PENALTIES FOR CRIMES INVOLVING DANGEROUS DRUGS, AMENDING FOR THE PURPOSE CERTAIN PROVISIONS OF REPUBLIC ACT NO. 9165, AS AMENDED, OTHERWISE KNOWN AS THE 'COMPREHENSIVE DANGEROUS DRUGS ACT OF 2002'","GATCHALIAN, WIN","July 24, 2019",NATIONAL,Death penalty COMPREHENSIVE DANGEROUS DRUGS ACT OF 2002 (R.A. NO. 9165),JUSTICE AND HUMAN RIGHTS,PENDING IN THE COMMITTEE
Senate Bill No. 811,18th Congress (July 2019 - 2022),https://ldr.senate.gov.ph/bills/senate-bill-no-811-18th-congress-republic,PLASTIC STRAW AND STIRRER BAN OF 2019,"AN ACT PROHIBITING THE USE OF PLASTIC STRAWS AND STIRRERS IN RESTAURANTS AND OTHER ESTABLISHMENTS, AND PROVIDING PENALTIES FOR VIOLATIONS THEREOF","HONTIVEROS, RISA","July 29, 2019",NATIONAL,N/A,"ENVIRONMENT, NATURAL RESOURCES AND CLIMATE CHANGE",CONSOLIDATED/SUBSTITUTED IN THE COMMITTEE REPORT
Senate Bill No. 559,18th Congress (July 2019 - 2022),https://ldr.senate.gov.ph/bills/senate-bill-no-559-18th-congress-republic,RIGHT TO ADEQUATE FOOD FRAMEWORK ACT OF 2019,AN ACT PROVIDING A FRAMEWORK FOR THE RIGHT TO ADEQUATE FOOD,"PACQUIAO, EMMANUEL ""MANNY"" D.","July 16, 2019",NATIONAL,ADEQUATE FOOD FRAMEWORK,JUSTICE AND HUMAN RIGHTS,PENDING IN THE COMMITTEE
Senate Bill No. 1135,18th Congress (July 2019 - 2022),https://ldr.senate.gov.ph/bills/senate-bill-no-1135-18th-congress-republic,REGIONAL LUNG CENTER ACT,"AN ACT CREATING ONE REGIONAL LUNG CENTER IN EACH OF THE ADMINISTRATIVE REGIONS IN THE PHILIPPINES, PROVIDING FUNDS THEREFOR AND FOR OTHER PURPOSES",Ralph G. Recto,"November 4, 2019",NATIONAL,LUNG CENTER,HEALTH AND DEMOGRAPHY,PENDING IN THE COMMITTEE
Senate Bill No. 523,18th Congress (July 2019 - 2022),https://ldr.senate.gov.ph/bills/senate-bill-no-523-18th-congress-republic,ZERO FOOD WASTE ACT,AN ACT PROVIDING FOR A SYSTEM OF REDISTRIBUTING AND RECYCLING FOOD WASTE TO PROMOTE FOOD SECURITY,"ZUBIRI, JUAN MIGUEL ""MIGZ"" F.","July 16, 2019",NATIONAL,FOOD WASTE FOOD SECURITY,"AGRICULTURE, FOOD AND AGRARIAN REFORM",PENDING IN THE COMMITTEE
Senate Bill No. 1199,18th Congress (July 2019 - 2022),https://ldr.senate.gov.ph/bills/senate-bill-no-1199-18th-congress-republic,MANDATORY PALAY PURCHASE ACT,"AN ACT AUTHORIZING THE DEPARTMENT OF SOCIAL WELFARE AND DEVELOPMENT (DSWD), IN COORDINATION WITH THE NATIONAL FOOD AUTHORITY (NFA), TO PURCHASE PALAY FROM LOCAL FARMERS USING THE RICE SUBSIDY AS PROVIDED UNDER THE PANTAWID PAMILYANG PILIPINO PROGRAM (4PS) IN THE GENERAL APPROPRIATIONS ACT (GAA) OF 2019 AND TO DISTRIBUTE RICE SUBSIDY IN THE FORM OF ACTUAL RICE, INSTEAD OF CASH ASSISTANCE, TO THE QUALIFIED BENEFICIARIES","ZUBIRI, JUAN MIGUEL ""MIGZ"" F.","November 27, 2019",NATIONAL,RICE SUBSIDY PROGRAM PANTAWID PAMILYANG PILIPINO PROGRAM (4PS) NATIONAL FOOD AUTHORITY (NFA) Department of Social Welfare and Development (DSWD) FARMERS GENERAL APPROPRIATIONS ACT (GAA),"AGRICULTURE, FOOD AND AGRARIAN REFORM",PENDING IN THE COMMITTEE
Senate Bill No. 292,18th Congress (July 2019 - 2022),https://ldr.senate.gov.ph/bills/senate-bill-no-292-18th-congress-republic,TULONG PUHUNAN ACT,"AN ACT INSTITUTIONALIZING MICROFINANCE PROGRAMS FOR THE DEVELOPMENT OF MICRO AND SMALL ENTERPRISES (MSES), ALLOCATING FUNDS THEREFOR, AND FOR OTHER PURPOSES","CAYETANO, PIA S.","July 8, 2019",NATIONAL,"MICRO, SMALL AND MEDIUM ENTERPRISES (MSMES) MICROFINANCING PROGRAM CREDIT ASSISTANCE PROGRAM","TRADE, COMMERCE AND ENTREPRENEURSHIP",PENDING IN THE COMMITTEE
Senate Bill No. 892,18th Congress (July 2019 - 2022),https://ldr.senate.gov.ph/bills/senate-bill-no-892-18th-congress-republic,MAGNA CARTA FOR BARANGAYS,AN ACT PROVIDING FOR A MAGNA CARTA FOR BARANGAYS,"REVILLA JR., RAMON BONG","August 13, 2019",NATIONAL,MAGNA CARTA FOR BARANGAYS,LOCAL GOVERNMENT,PENDING IN THE COMMITTEE
Senate Bill No. 326,18th Congress (July 2019 - 2022),https://ldr.senate.gov.ph/bills/senate-bill-no-326-18th-congress-republic,DIRECT REMITTANCE TO THE HOST LGUS OF ITS FORTY PERCENT (40%) SHARE FROM NATIONAL WEALTH,"AN ACT PROVIDING THE DIRECT REMITTANCE TO THE HOST LOCAL GOVERNMENT UNITS OF THEIR FORTY PERCENT (40%) SHARE DERIVED FROM THE NATIONAL WEALTH AMENDING FOR THE PURPOSE SECTION 293 OF REPUBLIC ACT NO. 7160, OTHERWISE KNOWN AS THE 'LOCAL GOVERNMENT CODE OF 1991","ANGARA, SONNY","July 10, 2019",NATIONAL,LOCAL GOVERNMENT UNITS (LGUs) LOCAL GOVERNMENT CODE (R.A. NO. 7160) REMITTANCE NATIONAL WEALTH,LOCAL GOVERNMENT,PENDING IN THE COMMITTEE
Senate Bill No. 955,18th Congress (July 2019 - 2022),https://ldr.senate.gov.ph/bills/senate-bill-no-955-18th-congress-republic,THE PAG-ASA ISLAND ECOTOURISM CLUSTER AND PROTECTED AREA,"AN ACT DECLARING PAG-ASA ISLAND CLUSTER IN THE MUNICIPALITY OF KALAYAAN, PROVINCE OF PALAWAN AS AN ECOTOURISM DESTINATION AND PROTECTED AREA, PROVIDING FUNDS THEREFOR, AND FOR OTHER PURPOSES","ANGARA, SONNY","August 27, 2019",NATIONAL,PROTECTED AREA/PROTECTED LANDSCAPE,TOURISM,PENDING IN THE COMMITTEE
Senate Bill No. 259,18th Congress (July 2019 - 2022),https://ldr.senate.gov.ph/bills/senate-bill-no-259-18th-congress-republic,INCREASING THE MONTHLY SOCIAL PENSION OF SENIOR CITIZENS,"AN ACT INCREASING THE MONTHLY SOCIAL PENSION OF SENIOR CITIZENS AND EXPANDING THE COVERAGE THEREOF, AMENDING FOR THE PURPOSE REPUBLIC ACT NO. 7432, AS AMENDED","PANGILINAN, FRANCIS ""KIKO"" N.","July 8, 2019",NATIONAL,PENSION,"SOCIAL JUSTICE, WELFARE AND RURAL DEVELOPMENT",PENDING IN THE COMMITTEE
Senate Bill No. 884,18th Congress (July 2019 - 2022),https://ldr.senate.gov.ph/bills/senate-bill-no-884-18th-congress-republic,YOUNG FARMERS CHALLENGE PROGRAM OF 2019,"AN ACT LAUNCHING THE 'YOUNG FARMERS CHALLENGE PROGRAM,' PLANNING AND EVALUATING EXISTING RELATED PROGRAMS OF THE DEPARTMENT OF AGRICULTURE, DEPARTMENT OF TRADE AND INDUSTRY, NATIONAL YOUTH COMMISSION, LOCAL GOVERNMENT UNITS, AS WELL AS OTHER GOVERNMENT AND RURAL DEVELOPMENT EFFORTS, ALLOCATING A BUDGET THEREFOR, AND FOR OTHER PURPOSES","MARCOS, IMEE R.","August 13, 2019",NATIONAL,YOUNG FARMERS PROGRAM LOCAL GOVERNMENT UNITS (LGUs),YOUTH,PENDING IN THE COMMITTEE
Senate Bill No. 337,18th Congress (July 2019 - 2022),https://ldr.senate.gov.ph/bills/senate-bill-no-337-18th-congress-republic,PHILIPPINE BAMBOO INDUSTRY DEVELOPMENT ACT OF 2019,"AN ACT INSTITUTIONALIZING THE BAMBOO INDUSTRY DEVELOPMENT IN THE PHILIPPINES, CREATING THE BAMBOO INDUSTRY RESEARCH AND DEVELOPMENT CENTER (BIRDC), APPROPRIATING FUNDS THEREFOR, AND FOR OTHER PURPOSES","VILLAR, CYNTHIA A.","July 11, 2019",NATIONAL,BAMBOO INDUSTRY,"TRADE, COMMERCE AND ENTREPRENEURSHIP",CONSOLIDATED/SUBSTITUTED IN THE COMMITTEE REPORT
Senate Bill No. 960,18th Congress (July 2019 - 2022),https://ldr.senate.gov.ph/bills/senate-bill-no-960-18th-congress-republic,TEACHING OF DISASTER AWARENESS AND DISASTER MITIGATION,"AN ACT REQUIRING THE TEACHING OF DISASTER AWARENESS AND DISASTER MITIGATION AS PART OF THE CURRICULUM OF ALL PRIMARY AND SECONDARY SCHOOLS, AND FOR OTHER PURPOSES","ANGARA, SONNY","August 27, 2019",NATIONAL,DISASTER AWARENESS/MITIGATION/POST-DISASTER RECOVERY CURRICULUM/CURRICULA Primary Education Secondary Education,"BASIC EDUCATION, ARTS AND CULTURE",PENDING IN THE COMMITTEE
Senate Bill No. 652,18th Congress (July 2019 - 2022),https://ldr.senate.gov.ph/bills/senate-bill-no-652-18th-congress-republic,AGRICULTURE EDUCATION ACT OF 2019,"AN ACT RATIONALIZING AGRICULTURE EDUCATION IN THE PHILIPPINES BY ESTABLISHING A NATIONAL SYSTEM OF AGRICULTURE EDUCATION INSTITUTIONS, PROVIDING FOR MECHANISMS OF IMPLEMENTATION AND FOR OTHER PURPOSES","REVILLA JR., RAMON BONG","July 22, 2019",NATIONAL,AGRICULTURAL EDUCATION,"HIGHER, TECHNICAL AND VOCATIONAL EDUCATION",PENDING IN THE COMMITTEE
Senate Bill No. 17,18th Congress (July 2019 - 2022),https://ldr.senate.gov.ph/bills/senate-bill-no-17-18th-congress-republic,CREATING THE BORACAY DEVELOPMENT AUTHORITY,AN ACT CREATING THE BORACAY DEVELOPMENT AUTHORITY,Franklin M. Drilon,"July 1, 2019",LOCAL,BORACAY ISLAND,TOURISM,PENDING IN THE COMMITTEE
Senate Bill No. 722,18th Congress (July 2019 - 2022),https://ldr.senate.gov.ph/bills/senate-bill-no-722-18th-congress-republic,STIFFER PENALTIES FOR WILFUL OR INDISCRIMINATE DISCHARGE OF FIREARMS,"AN ACT PROVIDING FOR STIFFER PENALTIES FOR WILFUL OR INDISCRIMINATE DISCHARGE OF FIREARMS, AMENDING FOR THE PURPOSE ACT NO. 3815, AS AMENDED, OTHERWISE KNOWN AS THE REVISED PENAL CODE","GATCHALIAN, WIN","July 24, 2019",NATIONAL,FIREARMS REVISED PENAL CODE (R.A. NO. 3815),PUBLIC ORDER AND DANGEROUS DRUGS,PENDING IN THE COMMITTEE
Senate Bill No. 493,18th Congress (July 2019 - 2022),https://ldr.senate.gov.ph/bills/senate-bill-no-493-18th-congress-republic,THE FIRECRACKER BAN ACT,AN ACT BANNING THE USE OF FIRECRACKERS EXCEPT IN DESIGNATED AREAS DONE BY PROFESSIONALS,"SOTTO III, VICENTE C.","July 15, 2019",NATIONAL,FIRECRACKERS/PYROTECHNIC DEVICES,PUBLIC ORDER AND DANGEROUS DRUGS,PENDING IN THE COMMITTEE
Senate Bill No. 180,18th Congress (July 2019 - 2022),https://ldr.senate.gov.ph/bills/senate-bill-no-180-18th-congress-republic,PRISON REFORM ACT OF 2019,AN ACT INSTITUTIONALIZING PRISON REFORM AND RESTORATIVE JUSTICE IN THE PHILIPPINE CORRECTIONAL SYSTEM AND FOR OTHER PURPOSES,"DE LIMA, LEILA M.","July 2, 2019",NATIONAL,PRISONERS/INMATES PERSONS DEPRIVED OF LIBERTY (PDL),JUSTICE AND HUMAN RIGHTS,PENDING IN THE COMMITTEE
Senate Bill No. 1040,18th Congress (July 2019 - 2022),https://ldr.senate.gov.ph/bills/senate-bill-no-1040-18th-congress-republic,PHILIPPINE HAZARDOUS AND RADIOACTIVE WASTES MANAGEMENT ACT,"AN ACT PROVIDING FOR A COMPREHENSIVE HAZARDOUS AND RADIOACTIVE WASTES MANAGEMENT, PROVIDING PENALTIES FOR VIOLATIONS THEREOF AND FOR OTHER PURPOSES","BINAY, MARIA LOURDES NANCY S.","September 11, 2019",NATIONAL,HAZARDOUS/TOXIC/RADIOACTIVE WASTES MANAGEMENT WASTE MANAGEMENT,"ENVIRONMENT, NATURAL RESOURCES AND CLIMATE CHANGE",PENDING IN THE COMMITTEE
Senate Bill No. 441,18th Congress (July 2019 - 2022),https://ldr.senate.gov.ph/bills/senate-bill-no-441-18th-congress-republic,"AMENDING SECS. 3, 5, AND 7 OF R. A. NO. 7900 (THE HIGH VALUE CROPS DEVELOPMENT ACT OF 1995)","AN ACT AMENDING SECTIONS 3, 5, AND 7 OF REPUBLIC ACT NO. 7900, OTHERWISE KNOWN AS THE HIGH VALUE CROPS DEVELOPMENT ACT OF 1995 AND FOR OTHER PURPOSES","REVILLA JR., RAMON BONG","July 15, 2019",NATIONAL,HIGH-VALUE CROPS DEVELOPMENT ACT (R.A.NO. 7900),"AGRICULTURE, FOOD AND AGRARIAN REFORM",PENDING IN THE COMMITTEE
Senate Bill No. 235,18th Congress (July 2019 - 2022),https://ldr.senate.gov.ph/bills/senate-bill-no-235-18th-congress-republic,SECURITY OF TENURE FOR ALL LONG-TIME CASUAL AND CONTRACTUAL GOVERNMENT EMPLOYEES,"AN ACT PROVIDING FOR SECURITY OF TENURE FOR ALL CASUAL AND CONTRACTUAL EMPLOYEE OF THE GOVERNMENT WHO HAVE RENDERED THE PRESCRIBED YEARS OF SERVICE IN THE NATIONAL GOVERNMENT AND THE LOCAL GOVERNMENT UNITS, AND FOR OTHER PURPOSES","DELA ROSA, RONALD ""BATO""","July 4, 2019",NATIONAL,SECURITY OF TENURE CASUAL/CONTRACTUAL EMPLOYEES GOVERNMENT EMPLOYEES (CASUAL/CONTRACTUAL),"CIVIL SERVICE, GOVERNMENT REORGANIZATION AND PROFESSIONAL REGULATION",PENDING IN THE COMMITTEE
Senate Bill No. 1103,18th Congress (July 2019 - 2022),https://ldr.senate.gov.ph/bills/senate-bill-no-1103-18th-congress-republic,INCREASING THE BED CAPACITY OF THE CAGAYAN VALLEY MEDICAL CENTER (CVMC) IN TUGUEGARAO CITY,"AN ACT INCREASING THE BED CAPACITY OF THE CAGAYAN VALLEY MEDICAL CENTER (CVMC) IN TUGUEGARAO CITY, PROVINCE OF CAGAYAN, FROM FIVE HUNDRED (500) TO ONE THOUSAND (1,000) BEDS AND APPROPRIATING FUNDS THEREFOR","MARCOS, IMEE R.","October 7, 2019",NATIONAL,"HOSPITALS, INCREASE BED CAPACITY",HEALTH AND DEMOGRAPHY,CONSOLIDATED WITH APPROVED BILL
Senate Bill No. 796,18th Congress (July 2019 - 2022),https://ldr.senate.gov.ph/bills/senate-bill-no-796-18th-congress-republic,DEATH PENALTY LAW OF 2019,AN ACT RE-INSTITUTING THE DEATH PENALTY IN THE PHILIPPINES,"REVILLA JR., RAMON BONG","July 25, 2019",NATIONAL,Death penalty,JUSTICE AND HUMAN RIGHTS,PENDING IN THE COMMITTEE
Senate Bill No. 901,18th Congress (July 2019 - 2022),https://ldr.senate.gov.ph/bills/senate-bill-no-901-18th-congress-republic,ADOPT-A-WILDLIFE SPECIES ACT,"AN ACT ESTABLISHING AN 'ADOPT-A -WILDLIFE SPECIES PROGRAM', PROVIDING INCENTIVES THEREFOR AND FOR OTHER PURPOSES","LAPID, MANUEL ""LITO"" M.","August 13, 2019",NATIONAL,WILDLIFE ENDANGERED SPECIES,"ENVIRONMENT, NATURAL RESOURCES AND CLIMATE CHANGE",PENDING IN THE COMMITTEE
Senate Bill No. 1113,18th Congress (July 2019 - 2022),https://ldr.senate.gov.ph/bills/senate-bill-no-1113-18th-congress-republic,AMENDING REPUBLIC ACT NO. 8762 (RETAIL TRADE LIBERALIZATION ACT),"AN ACT AMENDING REPUBLIC ACT NO. 8762, OTHERWISE KNOWN AS THE RETAIL TRADE LIBERALIZATION ACT, AND FOR OTHER PURPOSES","MARCOS, IMEE R.","October 8, 2019",NATIONAL,RETAIL TRADE LIBERALIZATION (R.A.NO. 8762),"TRADE, COMMERCE AND ENTREPRENEURSHIP",CONSOLIDATED/SUBSTITUTED IN THE COMMITTEE REPORT
Senate Bill No. 600,18th Congress (July 2019 - 2022),https://ldr.senate.gov.ph/bills/senate-bill-no-600-18th-congress-republic,LIFETIME VALIDITY OF BIRTH CERTIFICATE ACT,AAN ACT PROHIBITING NATIONAL GOVERNMENT AGENCIES FROM REQUIRING THE SUBMISSION OF A PHILIPPINE STATISTICS AUTHORITY CERTIFIED BIRTH CERTIFICATE ISSUED WITHIN THE PAST SIX (6) MONTHS,Ralph G. Recto,"July 17, 2019",NATIONAL,BIRTH CERTIFICATE PHILIPPINE STATISTICS AUTHORITY,"CIVIL SERVICE, GOVERNMENT REORGANIZATION AND PROFESSIONAL REGULATION",CONSOLIDATED/SUBSTITUTED IN THE COMMITTEE REPORT
Senate Bill No. 1178,18th Congress (July 2019 - 2022),https://ldr.senate.gov.ph/bills/senate-bill-no-1178-18th-congress-republic,AMENDING SEC. TWO OF R. A. NO. 10868 (THE CENTENARIANS ACT OF 2016),"AN ACT AMENDING SECTION TWO OF REPUBLIC ACT NO. 10868, OTHERWISE KNOWN AS 'THE CENTENARIANS ACT OF 2016'","PIMENTEL, AQUILINO ""KOKO"" III","November 18, 2019",NATIONAL,CENTENARIANS,"SOCIAL JUSTICE, WELFARE AND RURAL DEVELOPMENT",CONSOLIDATED/SUBSTITUTED IN THE COMMITTEE REPORT
Senate Bill No. 617,18th Congress (July 2019 - 2022),https://ldr.senate.gov.ph/bills/senate-bill-no-617-18th-congress-republic,ANTI-MARITAL INFIDELITY ACT,"AN ACT DEFINING AND PENALIZING MARITAL INFIDELITY, AMENDING FOR THE PURPOSE ACT NO. 3815, OTHERWISE KNOWN AS THE REVISED PENAL CODE","VILLANUEVA, JOEL","July 18, 2019",NATIONAL,MARITAL INFIDELITY REVISED PENAL CODE (R.A. NO. 3815),JUSTICE AND HUMAN RIGHTS,PENDING IN THE COMMITTEE
Senate Bill No. 907,18th Congress (July 2019 - 2022),https://ldr.senate.gov.ph/bills/senate-bill-no-907-18th-congress-republic,MANDATORY NUTRITION LABELING BY FOOD SERVICE ESTABLISHMENTS ACT OF 2019,AN ACT MANDATING THE POSTING OF NUTRITIONAL INFORMATION ON MENU ITEMS OF FOOD SERVICE ESTABLISHMENTS,"BINAY, MARIA LOURDES NANCY S.","August 14, 2019",NATIONAL,FOOD ESTABLISHMENTS FOOD LABELING/PACKAGING NUTRITIONAL INFORMATION DISCLOSURE,HEALTH AND DEMOGRAPHY,PENDING IN THE COMMITTEE
Senate Bill No. 305,18th Congress (July 2019 - 2022),https://ldr.senate.gov.ph/bills/senate-bill-no-305-18th-congress-republic,INCREASING THE AGE FOR DETERMINING STATUTORY RAPE,"AN ACT INCREASING THE AGE FOR DETERMINING STATUTORY RAPE TO PROVIDE STRONGER PROTECTION FOR CHILDREN, AND AMENDING FOR THIS PURPOSE ACT NO. 3815, OTHERWISE KNOWN AS THE REVISED PENAL CODE, AS AMENDED BY REPUBLIC ACT 8353, OTHERWISE KNOWN AS THE ANTI-RAPE LAW OF 1997","ZUBIRI, JUAN MIGUEL ""MIGZ"" F.","July 10, 2019",NATIONAL,STATUTORY RAPE ANTI-RAPE REVISED PENAL CODE (R.A. NO. 3815) rape,JUSTICE AND HUMAN RIGHTS,CONSOLIDATED/SUBSTITUTED IN THE COMMITTEE REPORT
Senate Bill No. 934,18th Congress (July 2019 - 2022),https://ldr.senate.gov.ph/bills/senate-bill-no-934-18th-congress-republic,FREE ON-SITE LIVING QUARTERS FOR PUBLIC SCHOOL TEACHERS ACT,"AN ACT MANDATING THE PROVISION OF FREE ON-SITE LIVING QUARTERS FOR PUBLIC SCHOOL TEACHERS, PROVIDING FUNDS THEREFOR AND FOR OTHER PURPOSES","POE, GRACE","August 20, 2019",NATIONAL,PUBLIC SCHOOL TEACHERS,"URBAN PLANNING, HOUSING AND RESETTLEMENT",PENDING IN THE COMMITTEE
Senate Bill No. 368,18th Congress (July 2019 - 2022),https://ldr.senate.gov.ph/bills/senate-bill-no-368-18th-congress-republic,PROOF-OF-PARKING SPACE ACT,AN ACT REGULATING THE SALE OF MOTOR VEHICLES IN METRO MANILA BY REQUIRING A PROOF-OF-PARKING SPACE OR FACILITY FROM MOTOR VEHICLE BUYERS AS A PREREQUISITE FOR THE PURCHASE OF A MOTOR VEHICLE AND REGISTRATION WITH THE LAND TRANSPORTATION OFFICE,"GATCHALIAN, WIN","July 11, 2019",NATIONAL,PARKING SPACE Motor Vehicles,"TRADE, COMMERCE AND ENTREPRENEURSHIP",PENDING IN THE COMMITTEE
Senate Bill No. 627,18th Congress (July 2019 - 2022),https://ldr.senate.gov.ph/bills/senate-bill-no-627-18th-congress-republic,MAGNA CARTA OF WOMEN,"AN ACT AMENDING SECTION 40 OF REPUBLIC ACT NO. 9710, OTHERWISE KNOWN AS THE MAGNA CARTA OF WOMEN","DE LIMA, LEILA M.","July 18, 2019",NATIONAL,Magna Carta of Women,"WOMEN, CHILDREN, FAMILY RELATIONS AND GENDER EQUALITY",PENDING IN THE COMMITTEE
Senate Bill No. 768,18th Congress (July 2019 - 2022),https://ldr.senate.gov.ph/bills/senate-bill-no-768-18th-congress-republic,AMENDING SECTIONS 5 AND 8 OF R. A. NO. 9505 (PERSONAL EQUITY AND RETIREMENT ACCOUNT (PERA),"AN ACT AMENDING SECTIONS 5 AND 8 OF REPUBLIC ACT NO. 9505, OTHERWISE KNOWN AS THE PERSONAL EQUITY AND RETIREMENT ACCOUNT (PERA) LAW AND FOR OTHER PURPOSES","ANGARA, SONNY","July 24, 2019",NATIONAL,PERSONAL EQUITY AND RETIREMENT ACCOUNT (R.A.NO. 9505),"BANKS, FINANCIAL INSTITUTIONS AND CURRENCIES",PENDING IN THE COMMITTEE
Senate Bill No. 825,18th Congress (July 2019 - 2022),https://ldr.senate.gov.ph/bills/senate-bill-no-825-18th-congress-republic,STRENGTHENING THE OFFICE OF THE SOLICITOR GENERAL,"AN ACT TO FURTHER STRENGTHEN THE OFFICE OF THE SOLICITOR GENERAL, AMENDING FOR THE PURPOSE REPUBLIC ACT NO. 9417 AND EXECUTIVE ORDER NO. 292, AND APPROPRIATING FUNDS THEREFOR","ANGARA, SONNY","July 30, 2019",NATIONAL,OFFICE OF THE SOLICITOR GENERAL,JUSTICE AND HUMAN RIGHTS,PENDING IN THE COMMITTEE
Senate Bill No. 1150,18th Congress (July 2019 - 2022),https://ldr.senate.gov.ph/bills/senate-bill-no-1150-18th-congress-republic,SPECIAL EDUCATION ACT OF 2019,"AN ACT INCORPORATING A SYSTEM OF SPECIAL EDUCATION IN ALL PUBLIC AND PRIVATE ELEMENTARY AND SECONDARY SCHOOLS NATIONWIDE FOR CHILDREN AND YOUTH WITH SPECIAL NEEDS, INSTITUTIONALIZING THE BUREAU OF SPECIAL EDUCATION, CREATING THE IMPLEMENTING MACHINERY THEREOF, PROVIDING GUIDELINES FOR GOVERNMENT FINANCIAL ASSISTANCE AND OTHER INCENTIVES AND FOR OTHER PURPOSES","BINAY, MARIA LOURDES NANCY S.","November 5, 2019",NATIONAL,SPECIAL EDUCATION CHILDREN AND YOUTH WITH SPECIAL NEEDS (CYSN),"BASIC EDUCATION, ARTS AND CULTURE",CONSOLIDATED/SUBSTITUTED IN THE COMMITTEE REPORT
Senate Bill No. 1219,18th Congress (July 2019 - 2022),https://ldr.senate.gov.ph/bills/senate-bill-no-1219-18th-congress-republic,SALARY STANDARDIZATION LAW OF 2019,"AN ACT MODIFYING THE SALARY SCHEDULE FOR CIVILIAN GOVERNMENT PERSONNEL AND AUTHORIZING THE GRANT OF ADDITIONAL BENEFITS, AND FOR OTHER PURPOSES",Ralph G. Recto,"December 9, 2019",NATIONAL,SALARY STANDARDIZATION GOVERNMENT EMPLOYEES,"CIVIL SERVICE, GOVERNMENT REORGANIZATION AND PROFESSIONAL REGULATION",APPROVED BY THE PRESIDENT OF THE PHILIPPINES
Senate Bill No. 888,18th Congress (July 2019 - 2022),https://ldr.senate.gov.ph/bills/senate-bill-no-888-18th-congress-republic,MAGNA CARTA FOR BPO WORKERS ACT OF 2019,AN ACT PROVIDING FOR THE PROTECTION OF WORKERS IN THE BUSINESS PROCESS OUTSOURCING (BPO) INDUSTRY,"REVILLA JR., RAMON BONG","August 13, 2019",NATIONAL,BUSINESS PROCESS OUTSOURCING (BPO) MAGNA CARTA FOR BPO WORKERS,"LABOR, EMPLOYMENT AND HUMAN RESOURCES DEVELOPMENT",PENDING IN THE COMMITTEE
Senate Bill No. 291,18th Congress (July 2019 - 2022),https://ldr.senate.gov.ph/bills/senate-bill-no-291-18th-congress-republic,INCREASING THE MAXIMUM VALUE OF THE FAMILY HOME,"AN ACT INCREASING THE MAXIMUM VALUE OF THE FAMILY HOME EXEMPT FROM EXECUTION, FORCED SALE OR ATTACHMENT, AMENDING FOR THE PURPOSE ARTICLE 157 OF THE FAMILY CODE OF THE PHILIPPINES, AS AMENDED","CAYETANO, PIA S.","July 8, 2019",NATIONAL,FAMILY CODE (E.O. NO. 209) FAMILY HOME,"WOMEN, CHILDREN, FAMILY RELATIONS AND GENDER EQUALITY",PENDING IN THE COMMITTEE
Senate Bill No. 963,18th Congress (July 2019 - 2022),https://ldr.senate.gov.ph/bills/senate-bill-no-963-18th-congress-republic,OGCC CHARTER,"AN ACT STRENGTHENING THE OFFICE OF THE GOVERNMENT CORPORATE COUNSEL BY RATIONALIZING AND FURTHER PROFESSIONALIZING ITS ORGANIZATION, UPGRADING POSITIONS AND APPROPRIATING FUNDS THEREFOR","ANGARA, SONNY","August 27, 2019",NATIONAL,OFFICE OF THE GOVERNMENT CORPORATE COUNSEL,JUSTICE AND HUMAN RIGHTS,PENDING IN THE COMMITTEE
Senate Bill No. 329,18th Congress (July 2019 - 2022),https://ldr.senate.gov.ph/bills/senate-bill-no-329-18th-congress-republic,INCLUSIVE EDUCATION LEARNING RESOURCE CENTER ACT OF 2019,"AN ACT INSTITUTING INCLUSIVE EDUCATION AND THE ESTABLISHMENT OF INCLUSIVE EDUCATION LEARNING RESOURCE CENTERS FOR CHILDREN AND YOUTH WITH SPECIAL NEEDS IN ALL PUBLIC SCHOOLS DIVISIONS, PROVIDING FOR STANDARDS AND GUIDELINES, AND APPROPRIATING FUNDS THEREFOR","ANGARA, SONNY","July 10, 2019",NATIONAL,INCLUSIVE EDUCATION CHILDREN AND YOUTH WITH SPECIAL NEEDS (CYSN) YOUTH,"BASIC EDUCATION, ARTS AND CULTURE",CONSOLIDATED/SUBSTITUTED IN THE COMMITTEE REPORT
Senate Bill No. 1161,18th Congress (July 2019 - 2022),https://ldr.senate.gov.ph/bills/senate-bill-no-1161-18th-congress-republic,CONDONATION OF LOAN INTEREST ARREARAGES AND PENALTIES IN FAVOR OF LOCAL WATER DISTRICTS ACT OF 2019,AN ACT GRANTING ONE-TIME CONDONATION OF INTEREST ARREARAGES AND PENALTIES IN FAVOR OF QUALIFIED LOCAL WATER DISTRICTS (LWDS) PERTAINING TO THEIR LOANS WITH THE LOCAL WATER UTILITIES ADMINISTRATION (LWUA),"ANGARA, SONNY","November 11, 2019",NATIONAL,LOCAL WATER UTILITIES ADMINISTRATION (LWUA) CONDONATION,GOVERNMENT CORPORATIONS AND PUBLIC ENTERPRISES,PENDING IN THE COMMITTEE
Senate Bill No. 1226,18th Congress (July 2019 - 2022),https://ldr.senate.gov.ph/bills/senate-bill-no-1226-18th-congress-republic,DOH HOSPITAL BED CAPACITY AND SERVICE CAPABILITY RATIONALIZATION ACT OF 2019,AN ACT AUTHORIZING THE DEPARTMENT OF HEALTH (DOH) TO SET AND APPROVE THE BED CAPACITY AND SERVICE CAPABILITY OF ALL DOH HOSPITALS,"GO, CHRISTOPHER LAWRENCE T.","December 10, 2019",NATIONAL,"DEPARTMENT OF HEALTH (DOH) HOSPITALS, INCREASE BED CAPACITY",HEALTH AND DEMOGRAPHY,CONSOLIDATED/SUBSTITUTED IN THE COMMITTEE REPORT
Senate Bill No. 914,18th Congress (July 2019 - 2022),https://ldr.senate.gov.ph/bills/senate-bill-no-914-18th-congress-republic,RECLASSIFYING THE SALARY GRADE LEVEL OF CERTAIN EMPLOYEES IN THE JUDICIARY,AN ACT RECLASSIFYING THE SALARY AND QUALIFICATIONS OF CERTAIN EMPLOYEES IN THE JUDICIARY AND FOR OTHER PURPOSES,"REVILLA JR., RAMON BONG","August 15, 2019",NATIONAL,JUDICIARY SALARY GRADE LEVEL,JUSTICE AND HUMAN RIGHTS,PENDING IN THE COMMITTEE
Senate Bill No. 285,18th Congress (July 2019 - 2022),https://ldr.senate.gov.ph/bills/senate-bill-no-285-18th-congress-republic,BICYCLE ACT OF 2019,"AN ACT PROMOTING AND RECOGNIZING BICYCLES AS AN ALTERNATIVE MODE OF TRANSPORTATION, AND FOR OTHER PURPOSES","CAYETANO, PIA S.","July 8, 2019",NATIONAL,BICYCLE TRANSPORTATION/TRANSPORT SECTOR,"SUSTAINABLE DEVELOPMENT GOALS, INNOVATION AND FUTURES THINKING",PENDING IN THE COMMITTEE
Senate Bill No. 981,18th Congress (July 2019 - 2022),https://ldr.senate.gov.ph/bills/senate-bill-no-981-18th-congress-republic,RENEWING THE FRANCHISE GRANTED TO ABS-CBN BROADCASTING CORPORATION,"AN ACT RENEWING FOR ANOTHER TWENTY-FIVE (25) YEARS THE FRANCHISE GRANTED TO ABS-CBN BROADCASTING CORPORATION, PRESENTLY KNOWN AS ABS-CBN CORPORATION, UNDER REPUBLIC ACT NO. 7966, ENTITLED 'AN ACT GRANTING THE ABS-CBN BROADCASTING CORPORATION A FRANCHISE TO CONSTRUCT, INSTALL, OPERATE AND MAINTAIN TELEVISION AND RADIO BROADCASTING STATIONS IN THE PHILIPPINES, AND FOR OTHER PURPOSES",Ralph G. Recto,"August 28, 2019",NATIONAL,FRANCHISE SALES/FRANCHISE BUSINESS,PUBLIC SERVICES,PENDING IN THE COMMITTEE
Senate Bill No. 340,18th Congress (July 2019 - 2022),https://ldr.senate.gov.ph/bills/senate-bill-no-340-18th-congress-republic,PREPAID SIM CARD REGISTRATION ACT,"AN ACT PROHIBITING TEXT SCAMS, MISLEADING ADVERTISEMENTS, AND FRAUDULENT SALES PROMOTIONS, MANDATING FOR THIS PURPOSE THE REGISTRATION OF ALL USERS OF SUBSCRIBER IDENTITY MODULE (SIM) CARDS, AND PROVIDING PENALTIES FOR THE VIOLATIONS THEREOF","VILLAR, CYNTHIA A.","July 11, 2019",NATIONAL,PREPAID CALLING CARDS/PREPAID SIM CARDS/PRE-PAID PHONE CARD INDUSTRY SIM CARD REGISTRATION,PUBLIC SERVICES,CONSOLIDATED/SUBSTITUTED IN THE COMMITTEE REPORT
Senate Bill No. 375,18th Congress (July 2019 - 2022),https://ldr.senate.gov.ph/bills/senate-bill-no-375-18th-congress-republic,PNP-HRAO ACT OF 2019,"AN ACT TO STRENGTHEN THE HUMAN RIGHTS AFFAIRS OFFICE OF THE PHILIPPINE NATIONAL POLICE AND TO FURTHER AMEND REPUBLIC ACT NO. 6975, OTHERWISE KNOWN AS THE 'DEPARTMENT OF THE INTERIOR AND LOCAL GOVERNMENT ACT OF 1990', AS AMENDED, AND FOR OTHER PURPOSES","DE LIMA, LEILA M.","July 11, 2019",NATIONAL,"PNP-HUMAN RIGHTS AFFAIRS OFFICE DEPARTMENT OF THE INTERIOR AND LOCAL GOVERNMENT (DILG) REPUBLIC ACT (R.A. NO. 6975, DILG) PHILIPPINE NATIONAL POLICE (PNP) HUMAN RIGHTS/HUMAN RIGHTS VIOLATIONS",PUBLIC ORDER AND DANGEROUS DRUGS,PENDING IN THE COMMITTEE
Senate Bill No. 476,18th Congress (July 2019 - 2022),https://ldr.senate.gov.ph/bills/senate-bill-no-476-18th-congress-republic,FISCAL AND MONETARY REPORT ACT,"AN ACT MANDATING THE SECRETARIES OF THE DEPARTMENT OF FINANCE, NATIONAL ECONOMIC AND DEVELOPMENT AUTHORITY, AND DEPARTMENT OF BUDGET AND MANAGEMENT, AND THE GOVERNOR OF THE BANGKO SENTRAL NG PILIPINAS, TO APPEAR SEMI-ANNUALLY BEFORE CONGRESS TO REPORT ON THE STATUS AND DIRECTIONS OF THE FISCAL AND MONETARY POLICIES OF THE STATE",Ralph G. Recto,"July 15, 2019",NATIONAL,FISCAL AND MONETARY REPORT BANGKO SENTRAL NG PILIPINAS (BSP) DEPARTMENT OF FINANCE DEPARTMENT OF BUDGET AND MANAGEMENT (DBM) NATIONAL ECONOMIC DEVELOPMENT AUTHORITY (NEDA),ECONOMIC AFFAIRS,CONSOLIDATED/SUBSTITUTED IN THE COMMITTEE REPORT
Senate Bill No. 585,18th Congress (July 2019 - 2022),https://ldr.senate.gov.ph/bills/senate-bill-no-585-18th-congress-republic,ADOPT-A-LIBRARY ACT OF 2019,"AN ACT ESTABLISHING AN ADOPT-A-LIBRARY PROGRAM, PROVIDING INCENTIVES, APPROPRIATING FUNDS THEREFOR, AND FOR OTHER PURPOSES","POE, GRACE","July 17, 2019",NATIONAL,LIBRARY/DISTRICT LIBRARY/BARANGAY READING CENTERS,"BASIC EDUCATION, ARTS AND CULTURE",PENDING IN THE COMMITTEE
Senate Bill No. 1236,18th Congress (July 2019 - 2022),https://ldr.senate.gov.ph/bills/senate-bill-no-1236-18th-congress-republic,COMPREHENSIVE RENAL REPLACEMENT THERAPY ACT,"AN ACT PROVIDING COMPREHENSIVE RENAL REPLACEMENT THERAPY FOR PATIENTS WITH END STAGE RENAL DISEASE, APPROPRIATING FUNDS THEREFOR AND FOR OTHER PURPOSES","DELA ROSA, RONALD ""BATO""","December 16, 2019",NATIONAL,RENAL REPLACEMENT THERAPY ACT,HEALTH AND DEMOGRAPHY,PENDING IN THE COMMITTEE
Senate Bill No. 549,18th Congress (July 2019 - 2022),https://ldr.senate.gov.ph/bills/senate-bill-no-549-18th-congress-republic,COCONUT SUGAR RESEARCH AND DEVELOPMENT (R&D) ACT,"AN ACT PROVIDING THE ENABLING MECHANISMS FOR RESEARCH AND DEVELOPMENT (R&D) OF COCONUT SUGAR IN THE COUNTRY, APPROPRIATING FUNDS THEREFOR AND FOR OTHER PURPOSES","LAPID, MANUEL ""LITO"" M.","July 16, 2019",NATIONAL,COCONUT SUGAR,"AGRICULTURE, FOOD AND AGRARIAN REFORM",PENDING IN THE COMMITTEE
Senate Bill No. 706,18th Congress (July 2019 - 2022),https://ldr.senate.gov.ph/bills/senate-bill-no-706-18th-congress-republic,RESOURCE CENTERS FOR INDIGENOUS PEOPLES ACT OF 2019,"AN ACT ESTABLISHING RESOURCE CENTERS FOR INDIGENOUS CULTURAL COMMUNITIES/INDIGENOUS PEOPLES TO ENHANCE AND ENSURE DELIVERY OF ESSENTIAL SERVICES, APPROPRIATING FUNDS THEREFOR AND FOR OTHER PURPOSES","ANGARA, SONNY","July 23, 2019",NATIONAL,INDIGENOUS CULTURAL COMMUNITIES,CULTURAL COMMUNITIES,PENDING IN THE COMMITTEE
Senate Bill No. 735,18th Congress (July 2019 - 2022),https://ldr.senate.gov.ph/bills/senate-bill-no-735-18th-congress-republic,HUMAN TRAFFICKING PREVENTIVE EDUCATION PROGRAM ACT,AN ACT ESTABLISHING A HUMAN TRAFFICKING PREVENTION EDUCATION PROGRAM FOR THE YOUTH AND APPROPRIATING FUNDS THEREFOR,"GATCHALIAN, WIN","July 24, 2019",NATIONAL,HUMAN TRAFFICKING YOUTH,YOUTH,PENDING IN THE COMMITTEE
Senate Bill No. 181,18th Congress (July 2019 - 2022),https://ldr.senate.gov.ph/bills/senate-bill-no-181-18th-congress-republic,UNIFIED CORRECTIONS AND JAIL MANAGEMENT SYSTEMS ACT OF 2019,"AN ACT INSTITUTING A UNIFIED CORRECTIONS AND JAIL MANAGEMENT SYSTEM, INTEGRATING THE NATIONAL PRISONS AND PENAL FARMS, AND THE PROVINCIAL, SUBPROVINCIAL, CITY, DISTRICT AND MUNICIPAL JAILS, ESTABLISHING FOR THE PURPOSE THE NATIONAL COMMISSION ON CORRECTIONS AND JAIL MANAGEMENT, APPROPRIATING FUNDS THEREFOR AND FOR OTHER PURPOSES","DE LIMA, LEILA M.","July 2, 2019",NATIONAL,JAIL FACILITY/PRISON FACILITY UNIFIED CORRECTIONS AND JAIL MANAGEMENT SYSTEM PRISON MANAGEMENT/PRISON REFORM,JUSTICE AND HUMAN RIGHTS,PENDING IN THE COMMITTEE
Senate Bill No. 234,18th Congress (July 2019 - 2022),https://ldr.senate.gov.ph/bills/senate-bill-no-234-18th-congress-republic,MATURE AND OLDER WORKERS ACT,AN ACT ESTABLISHING A JOB TRAINING PROGRAM FOR MATURE OR OLDER WORKERS,"DELA ROSA, RONALD ""BATO""","July 4, 2019",NATIONAL,JOB TRAINING MATURE AND OLDER WORKERS,"LABOR, EMPLOYMENT AND HUMAN RESOURCES DEVELOPMENT",PENDING IN THE COMMITTEE
Senate Bill No. 991,18th Congress (July 2019 - 2022),https://ldr.senate.gov.ph/bills/senate-bill-no-991-18th-congress-republic,PETROLEUM EXPLORATION AND DEVELOPMENT ACT OF 2019,AN ACT TO PROMOTE THE DISCOVERY AND PRODUCTION OF INDIGENOUS PETROLEUM AND FOR OTHER PURPOSES,"BINAY, MARIA LOURDES NANCY S.","August 28, 2019",NATIONAL,PETROLEUM EXPLORATION/DEVELOPMENT,ENERGY,PENDING IN THE COMMITTEE
Senate Bill No. 1055,18th Congress (July 2019 - 2022),https://ldr.senate.gov.ph/bills/senate-bill-no-1055-18th-congress-republic,SEPARATE FACILITY FOR HEINOUS CRIMES INMATES ACT,AN ACT ESTABLISHING A SEPARATE FACILITY FOR PRISONERS CONVICTED OF HEINOUS CRIMES,"SOTTO III, VICENTE C.","September 17, 2019",NATIONAL,PRISONERS/INMATES HEINOUS CRIMES BUREAU OF CORRECTIONS (BUCOR) JAIL FACILITY/PRISON FACILITY,JUSTICE AND HUMAN RIGHTS,WITH SENATE DESIGNATED CONFEREES
Senate Bill No. 63,18th Congress (July 2019 - 2022),https://ldr.senate.gov.ph/bills/senate-bill-no-63-18th-congress-republic,PRIORITY HEALTH INFRASTRUCTURE ACT,"AN ACT ESTABLISHING A PRIORITY INFRASTRUCTURE PLAN FOR PUBLIC HEALTH FACILITIES, AND APPROPRIATING FUNDS THEREFOR","CAYETANO, PIA S.","July 1, 2019",NATIONAL,HEALTH FACILITIES,HEALTH AND DEMOGRAPHY,PENDING IN THE COMMITTEE
Senate Bill No. 197,18th Congress (July 2019 - 2022),https://ldr.senate.gov.ph/bills/senate-bill-no-197-18th-congress-republic,SMOKING BAN ACT OF 2019,"AN ACT BANNING THE USE OF CIGARETTES, ELECTRONIC CIGARETTES OR VAPES, AND SIMILAR TOBACCO PRODUCTS IN ALL PUBLIC AND ENCLOSED SPACES","PACQUIAO, EMMANUEL ""MANNY"" D.","July 2, 2019",NATIONAL,ANTI-SMOKING TOBACCO PRODUCTS/TOBACCO INDUSTRY CIGARS/CIGARETTES VAPORIZED NICOTINE PRODUCTS/VAPE,"TRADE, COMMERCE AND ENTREPRENEURSHIP",CONSOLIDATED/SUBSTITUTED IN THE COMMITTEE REPORT
Senate Bill No. 741,18th Congress (July 2019 - 2022),https://ldr.senate.gov.ph/bills/senate-bill-no-741-18th-congress-republic,CONSTRUCTION WORKERS INSURANCE ACT,AN ACT MANDATING AN ACCIDENT AND LIFE INSURANCE COVERAGE FOR CONSTRUCTION WORKERS,"GATCHALIAN, WIN","July 24, 2019",NATIONAL,CONSTRUCTION WORKERS INSURANCE,"LABOR, EMPLOYMENT AND HUMAN RESOURCES DEVELOPMENT",PENDING IN THE COMMITTEE
Senate Bill No. 808,18th Congress (July 2019 - 2022),https://ldr.senate.gov.ph/bills/senate-bill-no-808-18th-congress-republic,ENHANCING ADMINISTRATIVE FEASIBILITY AND EQUITABILITY OF THE TAX SYSTEM,"AN ACT ENHANCING ADMINISTRATIVE FEASIBILITY AND EQUITABILITY OF THE TAX SYSTEM AND RATIONALIZING THE IMPOSITION OF THE VALUE-ADDED TAX TO ADDRESS INTERGENERATIONAL POVERTY, AMENDING FOR THE PURPOSE VARIOUS SECTIONS OF THE NATIONAL INTERNAL REVENUE CODE, AS AMENDED, AND FOR OTHER PURPOSES","MARCOS, IMEE R.","July 29, 2019",NATIONAL,TAXES (VALUE-ADDED TAX / VAT) NATIONAL INTERNAL REVENUE CODE (NIRC),WAYS AND MEANS,PENDING IN THE COMMITTEE
Senate Bill No. 1129,18th Congress (July 2019 - 2022),https://ldr.senate.gov.ph/bills/senate-bill-no-1129-18th-congress-republic,CIVIL CONSCRIPTION ACT OF 2019,AN ACT PROVIDING FOR MANDATORY CIVIL CONSCRIPTION FOR DISASTER AND HUMANITARIAN SERVICE,"TOLENTINO, FRANCIS ""TOL"" N.","November 4, 2019",NATIONAL,CIVIL CONSCRIPTION DISASTER AWARENESS/MITIGATION/POST-DISASTER RECOVERY,"NATIONAL DEFENSE AND SECURITY, PEACE, UNIFICATION AND RECONCILIATION",PENDING IN THE COMMITTEE
Senate Bill No. 1193,18th Congress (July 2019 - 2022),https://ldr.senate.gov.ph/bills/senate-bill-no-1193-18th-congress-republic,TAX EXEMPTION ON ELECTION HONORARIA AND ALLOWANCES OF POLL WORKERS/TEACHERS,"AN ACT FURTHER AMENDING SECTION 32 OF REPUBLIC ACT NO. 8424, OTHERWISE KNOWN AS THE NATIONAL INTERNAL REVENUE CODE OF 1997, AS AMENDED, AND FOR OTHER PURPOSES","GATCHALIAN, WIN","November 26, 2019",NATIONAL,NATIONAL INTERNAL REVENUE CODE (NIRC) TAX EXEMPTION,WAYS AND MEANS,PENDING IN THE COMMITTEE
Senate Bill No. 895,18th Congress (July 2019 - 2022),https://ldr.senate.gov.ph/bills/senate-bill-no-895-18th-congress-republic,THE GREEN BUILDING ACT,AN ACT ESTABLISHING A GREEN BUILDING STANDARD FOR GOVERNMENT BUILDING PROJECTS IN THE COUNTRY,"LAPID, MANUEL ""LITO"" M.","August 13, 2019",NATIONAL,GREEN BUILDING CODE/GREEN BUILDING ACT,"ENVIRONMENT, NATURAL RESOURCES AND CLIMATE CHANGE",PENDING IN THE COMMITTEE
Senate Bill No. 949,18th Congress (July 2019 - 2022),https://ldr.senate.gov.ph/bills/senate-bill-no-949-18th-congress-republic,TRIBAL HEALTH WORKERS ACT OF 2017,AN ACT STRENGTHENING THE HEALTHCARE SYSTEM IN CULTURAL AND INDIGENOUS COMMUNITIES BY INSTITUTIONALIZING THE TRAINING AND EMPLOYMENT OF TRIBAL HEALTH WORKERS AND FOR OTHER PURPOSES,"BINAY, MARIA LOURDES NANCY S.","August 20, 2019",NATIONAL,INDIGENOUS CULTURAL COMMUNITIES TRIBAL HEALTH WORKERS,HEALTH AND DEMOGRAPHY,PENDING IN THE COMMITTEE
Senate Bill No. 308,18th Congress (July 2019 - 2022),https://ldr.senate.gov.ph/bills/senate-bill-no-308-18th-congress-republic,MINDANAO RAILWAYS DEVELOPMENT ACT OF 2019,"AN ACT CREATING THE MINDANAO RAILWAYS AUTHORITY (MRA), PRESCRIBING ITS POWERS, FUNCTIONS AND DUTIES, AMENDING FOR THE PURPOSE REPUBLIC ACT NO. 4156 ENTITLED 'AN ACT CREATING THE PHILIPPINE NATIONAL RAILWAYS, PRESCRIBING ITS POWERS, FUNCTIONS AND DUTIES, AND PROVIDING FOR THE NECESSARY FUNDS FOR ITS OPERATION' AS AMENDED BY R. A. NO. 6366, APPROPRIATING FUNDS THEREFOR, AND FOR OTHER PURPOSES","ZUBIRI, JUAN MIGUEL ""MIGZ"" F.","July 10, 2019",NATIONAL,MINDANAO RAILWAYS AUTHORITY,GOVERNMENT CORPORATIONS AND PUBLIC ENTERPRISES,PENDING IN THE COMMITTEE
Senate Bill No. 371,18th Congress (July 2019 - 2022),https://ldr.senate.gov.ph/bills/senate-bill-no-371-18th-congress-republic,ANTI-EXTRAJUDICIAL KILLING ACT OF 2019,"AN ACT DEFINING EXTRAJUDICIAL KILLING, PROVIDING FOR ITS PENALTY AND OTHER PURPOSES","DE LIMA, LEILA M.","July 11, 2019",NATIONAL,EXTRAJUDICIAL KILLING KILLINGS/SUMMARY EXECUTIONS,JUSTICE AND HUMAN RIGHTS,PENDING IN THE COMMITTEE
Senate Bill No. 496,18th Congress (July 2019 - 2022),https://ldr.senate.gov.ph/bills/senate-bill-no-496-18th-congress-republic,VAPORIZED NICOTINE PRODUCTS REGULATION ACT,AN ACT REGULATING VAPORIZED NICOTINE PRODUCTS,"SOTTO III, VICENTE C.","July 15, 2019",NATIONAL,VAPORIZED NICOTINE PRODUCTS/VAPE,"TRADE, COMMERCE AND ENTREPRENEURSHIP",CONSOLIDATED/SUBSTITUTED IN THE COMMITTEE REPORT
Senate Bill No. 553,18th Congress (July 2019 - 2022),https://ldr.senate.gov.ph/bills/senate-bill-no-553-18th-congress-republic,TESDA MANPOWER AND DEVELOPMENT INSTITUTE (MDI) IN SOCCSKSARGEN REGION,"AN ACT ESTABLISHING A TECHNICAL EDUCATION AND SKILLS DEVELOPMENT AUTHORITY (TESDA) MANPOWER DEVELOPMENT INSTITUTE (MDI) IN SOCCSKSARGEN REGION, AND APPROPRIATING FUNDS THEREFOR","PACQUIAO, EMMANUEL ""MANNY"" D.","July 16, 2019",LOCAL,TECHNICAL EDUCATION AND SKILLS DEVELOPMENT AUTHORITY (TESDA) MANPOWER DEVELOPMENT INSTITUTE (MDI),"HIGHER, TECHNICAL AND VOCATIONAL EDUCATION",PENDING IN THE COMMITTEE
Senate Bill No. 438,18th Congress (July 2019 - 2022),https://ldr.senate.gov.ph/bills/senate-bill-no-438-18th-congress-republic,REMITTANCE ACT OF 2019,"AN ACT PROTECTING THE REMITTANCES OR MONEY TRANSFERS OF OVERSEAS FILIPINO WORKERS (OFWS) BY REQUIRING THE DISCLOSURE OF FINANCE CHARGES AND OTHER FEES IN CONNECTION WITH MONEY TRANSFER, COMPELLING STRICT ADHERENCE TO THE TERMS AND CONDITIONS OF THEIR TRANSFER, PENALIZING VIOLATIONS THEREOF, AND FOR OTHER PURPOSES","REVILLA JR., RAMON BONG","July 15, 2019",NATIONAL,REMITTANCE OVERSEAS FILIPINO WORKERS (OFWS)/ MIGRANT WORKERS,"BANKS, FINANCIAL INSTITUTIONS AND CURRENCIES",PENDING IN THE COMMITTEE
Senate Bill No. 517,18th Congress (July 2019 - 2022),https://ldr.senate.gov.ph/bills/senate-bill-no-517-18th-congress-republic,NATIONWIDE FIRECRACKER REGULATION,"AN ACT AMENDING REPUBLIC ACT NO. 7183 OTHERWISE KNOWN AS AN ACT REGULATING THE SALE, MANUFACTURE, DISTRIBUTION AND USE OF FIRECRACKERS AND OTHER PYROTECHNIC DEVICES AND FOR OTHER PURPOSES","DELA ROSA, RONALD ""BATO""","July 16, 2019",NATIONAL,FIRECRACKERS/PYROTECHNIC DEVICES,PUBLIC ORDER AND DANGEROUS DRUGS,PENDING IN THE COMMITTEE
Senate Bill No. 640,18th Congress (July 2019 - 2022),https://ldr.senate.gov.ph/bills/senate-bill-no-640-18th-congress-republic,BICOL MEDICAL CENTER,"AN ACT INCREASING THE BED CAPACITY OF THE BICOL MEDICAL CENTER FROM FIVE HUNDRED (500) BEDS TO ONE THOUSAND (1,000) BEDS, UPGRADING ITS SERVICE FACILITIES AND PROFESSIONAL HEALTH CARE SERVICES, AUTHORIZING THE INCREASE OF ITS MEDICAL WORKFORCE COMPLEMENT, AMENDING FOR THE PURPOSE REPUBLIC ACT NO. 8053, AND APPROPRIATING FUNDS THEREFOR","PANGILINAN, FRANCIS ""KIKO"" N.","July 22, 2019",LOCAL,"HOSPITALS, INCREASE BED CAPACITY",HEALTH AND DEMOGRAPHY,APPROVED BY THE PRESIDENT OF THE PHILIPPINES
Senate Bill No. 715,18th Congress (July 2019 - 2022),https://ldr.senate.gov.ph/bills/senate-bill-no-715-18th-congress-republic,LOWERING OPTIONAL RETIREMENT AGE OF PUBLIC SCHOOL TEACHERS TO 55 YEARS OLD,"AN ACT LOWERING THE OPTIONAL RETIREMENT AGE OF PUBLIC SCHOOL TEACHERS FROM SIXTY (60) YEARS OLD TO FIFTY-FIVE (55) YEARS OLD, AMENDING FOR THE PURPOSE SECTION 13-A OF REPUBLIC ACT NO. 8291 OTHERWISE KNOWN AS THE GOVERNMENT SERVICE INSURANCE SYSTEM ACT OF 1997","VILLANUEVA, JOEL","July 24, 2019",NATIONAL,RETIREMENT AGE PUBLIC SCHOOL TEACHERS GOVERNMENT SERVICE INSURANCE SYSTEM (GSIS),"CIVIL SERVICE, GOVERNMENT REORGANIZATION AND PROFESSIONAL REGULATION",PENDING IN THE COMMITTEE
Senate Bill No. 191,18th Congress (July 2019 - 2022),https://ldr.senate.gov.ph/bills/senate-bill-no-191-18th-congress-republic,SENIOR HIGH SCHOOL RESERVE OFFICERS TRAINING CORPS (ROTC) ACT,"AN ACT MANDATING THE INSTITUTIONALIZATION, DEVELOPMENT, TRAINING ORGANIZATION AND ADMINISTRATION OF BASIC RESERVE OFFICERS TRAINING CORPS (ROTC) IN GRADES 11 AND 12 IN PUBLIC AND PRIVATE EDUCATIONAL INSTITUTIONS, FURTHER AMENDING REPUBLIC ACT NO. 7077, OTHERWISE KNOWN AS TEE CITIZEN ARMED FORCE OR ARMED FORCES OF THE PHILIPPINES RESERVIST ACT, AS AMENDED BY REPUBLIC ACT NO. 9163, OTHERWISE KNOWN AS THE NATIONAL SERVICE TRAINING PROGRAM AND APPROPRIATING FUNDS THEREFOR","PACQUIAO, EMMANUEL ""MANNY"" D.","July 2, 2019",NATIONAL,RESERVE OFFICERS TRAINING CORPS (ROTC) NATIONAL SERVICE TRAINING PROGRAM (NSTP) CITIZEN SERVICE TRAINING COURSE,"BASIC EDUCATION, ARTS AND CULTURE",PENDING IN THE COMMITTEE
Senate Bill No. 202,18th Congress (July 2019 - 2022),https://ldr.senate.gov.ph/bills/senate-bill-no-202-18th-congress-republic,DEPARTMENT OF OFW ACT OF 2019,"AN ACT CREATING THE DEPARTMENT OF OVERSEAS FILIPINOS, DEFINING ITS POWERS AND FUNCTIONS, APPROPRIATING FUNDS THEREFOR, RATIONALIZING THE ORGANIZATION AND FUNCTIONS OF GOVERNMENT AGENCIES RELATED TO MIGRATION, AND FOR OTHER PURPOSES","GO, CHRISTOPHER LAWRENCE T.","July 2, 2019",NATIONAL,DEPARTMENT OF OVERSEAS FILIPINO WORKERS (DOFW) OVERSEAS FILIPINO WORKERS (OFWS)/ MIGRANT WORKERS,"LABOR, EMPLOYMENT AND HUMAN RESOURCES DEVELOPMENT",CONSOLIDATED/SUBSTITUTED IN THE COMMITTEE REPORT
Senate Bill No. 1023,18th Congress (July 2019 - 2022),https://ldr.senate.gov.ph/bills/senate-bill-no-1023-18th-congress-republic,AMENDING SEC. 19 OF R. A. NO. 10591 (COMPREHENSIVE FIREARMS AND AMMUNITION REGULATION ACT ),AN ACT AMENDING SECTION 19 OF REPUBLIC ACT NO. 10591 OR THE COMPREHENSIVE FIREARMS AND AMMUNITION REGULATION ACT,"ZUBIRI, JUAN MIGUEL ""MIGZ"" F.","September 9, 2019",NATIONAL,COMPREHENSIVE FIREARMS AND AMMUNITION REGULATION ACT (R.A.10591) FIREARMS,PUBLIC ORDER AND DANGEROUS DRUGS,CONSOLIDATED/SUBSTITUTED IN THE COMMITTEE REPORT
Senate Bill No. 1087,18th Congress (July 2019 - 2022),https://ldr.senate.gov.ph/bills/senate-bill-no-1087-18th-congress-republic,TEACHING SUPPLIES ALLOWANCE ACT OF 2019,AN ACT INSTITUTIONALIZING THE GRANT OF A TEACHING SUPPLIES ALLOWANCE FOR PUBLIC SCHOOL TEACHERS AND APPROPRIATING FUNDS THEREFOR,"GATCHALIAN, WIN","October 1, 2019",NATIONAL,TEACHING SUPPLIES ALLOWANCE PUBLIC SCHOOL TEACHERS,"CIVIL SERVICE, GOVERNMENT REORGANIZATION AND PROFESSIONAL REGULATION",PENDING IN THE COMMITTEE
Senate Bill No. 30,18th Congress (July 2019 - 2022),https://ldr.senate.gov.ph/bills/senate-bill-no-30-18th-congress-republic,ANTI-POLITICAL DYNASTY ACT OF 2019,AN ACT PROHIBITING THE ESTABLISHMENT OF POLITICAL DYNASTIES,"LACSON, PANFILO M.","July 1, 2019",NATIONAL,POLITICAL DYNASTY/POLITICAL DYNASTIES,ELECTORAL REFORMS AND PEOPLES PARTICIPATION,PENDING IN THE COMMITTEE
Senate Bill No. 95,18th Congress (July 2019 - 2022),https://ldr.senate.gov.ph/bills/senate-bill-no-95-18th-congress-republic,PONDO SA PAGBABAGO AT PAG-ASENSO (P3) ACT,AN ACT PROVIDING A SOCIALIZED MICROFINANCING PROGRAM FOR MICRO ENTERPRISES THEREBY PROMOTING ENTREPRENEURSHIP,"PIMENTEL, AQUILINO ""KOKO"" III","July 1, 2019",NATIONAL,PONDO SA PAGBABAGO AT PAG-ASENSO (P3) POVERTY ALLEVIATION,"TRADE, COMMERCE AND ENTREPRENEURSHIP",PENDING IN THE COMMITTEE
Senate Bill No. 868,18th Congress (July 2019 - 2022),https://ldr.senate.gov.ph/bills/senate-bill-no-868-18th-congress-republic,AMENDING THE DOWNSTREAM OIL DEREGULATION ACT OF 1998,"AN ACT TO PROMOTE FAIR TRADE IN THE OIL INDUSTRY AND FOR OTHER PURPOSES, AMENDING REPUBLIC ACT NO. 8479, OTHERWISE KNOWN AS THE 'DOWNSTREAM OIL DEREGULATION ACT OF 1998'",Ralph G. Recto,"August 6, 2019",NATIONAL,FAIR TRADE (OIL INDUSTRY) DOWNSTREAM OIL INDUSTRY DEREGULATION ACT (R.A.NO. 8479) Petroleum products,ENERGY,PENDING IN THE COMMITTEE
Senate Bill No. 939,18th Congress (July 2019 - 2022),https://ldr.senate.gov.ph/bills/senate-bill-no-939-18th-congress-republic,SCHOOL BUS SAFETY ACT,AN ACT PRESCRIBING SCHOOL BUS SAFETY STANDARDS AND FOR OTHER PURPOSES,"POE, GRACE","August 20, 2019",NATIONAL,SCHOOL BUS,PUBLIC SERVICES,PENDING IN THE COMMITTEE
Senate Bill No. 1130,18th Congress (July 2019 - 2022),https://ldr.senate.gov.ph/bills/senate-bill-no-1130-18th-congress-republic,FULL TUITION SUBSIDY TO MEDICAL STUDENTS ENROLLED IN SUCS ACT,"AN ACT PROVIDING FOR FULL TUITION SUBSIDY TO MEDICAL STUDENTS ENROLLED IN STATE UNIVERSITIES AND COLLEGES (SUCS) AMENDING FOR THE PURPOSE REPUBLIC ACT NO. 10931, OTHERWISE KNOWN AS THE 'UNIVERSAL ACCESS TO QUALITY TERTIARY EDUCATION ACT', AND APPROPRIATING FUNDS THEREFOR",Ralph G. Recto,"November 4, 2019",NATIONAL,MEDICAL SCHOLARSHIP STATE COLLEGES AND UNIVERSITIES (SCUS) UNIVERSAL ACCESS TO QUALITY TERTIARY EDUCATION,"HIGHER, TECHNICAL AND VOCATIONAL EDUCATION",CONSOLIDATED/SUBSTITUTED IN THE COMMITTEE REPORT
Senate Bill No. 1194,18th Congress (July 2019 - 2022),https://ldr.senate.gov.ph/bills/senate-bill-no-1194-18th-congress-republic,REGULATING THE PRACTICE OF ENVIRONMENTAL ENGINEERING IN THE PHILIPPINES,"AN ACT REGULATING THE PRACTICE OF ENVIRONMENTAL ENGINEERING IN THE PHILIPPINES, AND PROVIDING FUNDS THEREFOR","REVILLA JR., RAMON BONG","November 26, 2019",NATIONAL,N/A,N/A,WITHDRAWN
Senate Bill No. 874,18th Congress (July 2019 - 2022),https://ldr.senate.gov.ph/bills/senate-bill-no-874-18th-congress-republic,MINIMUM TAKE-HOME PAY ACT,AN ACT PROVIDING FOR A MINIMUM MONTHLY NET TAKE-HOME PAY FOR ALL GOVERNMENT EMPLOYEES AFTER AUTHORIZED DEDUCTIONS,"DE LIMA, LEILA M.","August 6, 2019",NATIONAL,MINIMUM TAKE HOME PAY GOVERNMENT EMPLOYEES,"CIVIL SERVICE, GOVERNMENT REORGANIZATION AND PROFESSIONAL REGULATION",PENDING IN THE COMMITTEE
Senate Bill No. 950,18th Congress (July 2019 - 2022),https://ldr.senate.gov.ph/bills/senate-bill-no-950-18th-congress-republic,FALSE BOMB THREAT PROHIBITION ACT,"AN ACT PENALIZING THE DISSEMINATION OF FALSE INFORMATION AS TO THE PRESENCE OF BOMBS, EXPLOSIVES AND OTHER INCENDIARY DEVICES IN HIGH DENSITY OR SENSITIVE PLACES AND PROVIDING PENALTIES THEREFOR","POE, GRACE","August 20, 2019",NATIONAL,"FALSE BOMB THREAT BOMBS, EXPLOSIVES AND OTHER INCENDIARY DEVICES FAKE NEWS",PUBLIC ORDER AND DANGEROUS DRUGS,PENDING IN THE COMMITTEE
Senate Bill No. 486,18th Congress (July 2019 - 2022),https://ldr.senate.gov.ph/bills/senate-bill-no-486-18th-congress-republic,UNPAID CARE WORKERS ACT,"AN ACT TO MAXIMIZE THE CONTRIBUTION OF UNPAID CARE WORKERS TO NATION BUILDING, GRANT BENEFITS AND PRIVILEGES, AND FOR OTHER PURPOSES","SOTTO III, VICENTE C.","July 15, 2019",NATIONAL,N/A,"SOCIAL JUSTICE, WELFARE AND RURAL DEVELOPMENT",PENDING IN THE COMMITTEE
Senate Bill No. 449,18th Congress (July 2019 - 2022),https://ldr.senate.gov.ph/bills/senate-bill-no-449-18th-congress-republic,UPGRADING THE POSITION OF SANITATION INSPECTOR,AN ACT UPGRADING THE POSITION OF SANITATION INSPECTOR TO THE NEXT HIGHER SALARY GRADE AND APPROPRIATING FUNDS THEREFOR,"REVILLA JR., RAMON BONG","July 15, 2019",NATIONAL,SALARY GRADE LEVEL,"CIVIL SERVICE, GOVERNMENT REORGANIZATION AND PROFESSIONAL REGULATION",PENDING IN THE COMMITTEE
Senate Bill No. 641,18th Congress (July 2019 - 2022),https://ldr.senate.gov.ph/bills/senate-bill-no-641-18th-congress-republic,SERVICE INCENTIVE LEAVE OF EMPLOYEES,"AN ACT INCREASING THE SERVICE INCENTIVE LEAVE OF EMPLOYEES, AMENDING FOR THE PURPOSE ARTICLE 95 OF PRESIDENTIAL DECREE NO. 442, AS AMENDED, OTHERWISE KNOWN AS THE LABOR CODE OF THE PHILIPPINES","REVILLA JR., RAMON BONG","July 22, 2019",NATIONAL,LABOR CODE OF THE PHILIPPINES (P.D. NO. 442) SERVICE INCENTIVE LEAVE,"LABOR, EMPLOYMENT AND HUMAN RESOURCES DEVELOPMENT",PENDING IN THE COMMITTEE
Senate Bill No. 684,18th Congress (July 2019 - 2022),https://ldr.senate.gov.ph/bills/senate-bill-no-684-18th-congress-republic,"PROMOTING THE ENTREPRENEURSHIP BY STRENGTHENING, EMPOWERING, AND ENHANCING THE FINANCING PROGRAMS","AN ACT FURTHER PROMOTING THE ENTREPRENEURSHIP BY STRENGTHENING, EMPOWERING, AND ENHANCING THE FINANCING PROGRAMS FOR MICRO, SMALL AND MEDIUM ENTERPRISES, AMENDING FOR THE PURPOSE REPUBLIC ACT NO. 6977, AS AMENDED, OTHERWISE KNOWN AS THE 'MAGNA CARTA FOR MICRO, SMALL AND MEDIUM ENTERPRISES (MSMES)' AND FOR OTHER PURPOSES","PIMENTEL, AQUILINO ""KOKO"" III","July 22, 2019",NATIONAL,"ENTREPRENEURSHIP MICRO, SMALL AND MEDIUM ENTERPRISES (MSMES) MAGNA CARTA FOR MICRO, SMALL AND MEDIUM-SCALE ENTERPRISES (R.A.NO. 6977)","TRADE, COMMERCE AND ENTREPRENEURSHIP",PENDING IN THE COMMITTEE
Senate Bill No. 263,18th Congress (July 2019 - 2022),https://ldr.senate.gov.ph/bills/senate-bill-no-263-18th-congress-republic,SOLID WASTE IMPORTATION BAN ACT OF 2019,AN ACT BANNING SOLID WASTE IMPORTATION,"PANGILINAN, FRANCIS ""KIKO"" N.","July 8, 2019",NATIONAL,SOLID WASTE WASTE IMPORTATION BAN,"ENVIRONMENT, NATURAL RESOURCES AND CLIMATE CHANGE",PENDING IN THE COMMITTEE
Senate Bill No. 345,18th Congress (July 2019 - 2022),https://ldr.senate.gov.ph/bills/senate-bill-no-345-18th-congress-republic,INCLUSIVE EDUCATION FOR CHILDREN AND YOUTH WITH SPECIAL NEEDS ACT,"AN ACT INSTITUTING INCLUSIVE EDUCATION AND ESTABLISHING INCLUSIVE EDUCATION HUBS FOR CHILDREN AND YOUTH WITH SPECIAL NEEDS IN ALL PUBLIC SCHOOLS DIVISIONS, PROVIDING FOR STANDARDS AND GUIDELINES, AND APPROPRIATING FUNDS THEREFOR","VILLANUEVA, JOEL","July 11, 2019",NATIONAL,INCLUSIVE EDUCATION CHILDREN AND YOUTH WITH SPECIAL NEEDS (CYSN) YOUTH,"BASIC EDUCATION, ARTS AND CULTURE",CONSOLIDATED/SUBSTITUTED IN THE COMMITTEE REPORT
Senate Bill No. 1024,18th Congress (July 2019 - 2022),https://ldr.senate.gov.ph/bills/senate-bill-no-1024-18th-congress-republic,"AMENDING R. A. NO. 7042 (FOREIGN INVESTMENTS ACT OF 1991), AS AMENDED","AN ACT PROMOTING FOREIGN INVESTMENTS, AMENDING THEREBY REPUBLIC ACT NO. 7042 OTHERWISE KNOWN AS THE 'FOREIGN INVESTMENTS ACT OF 1991', AS AMENDED, AND FOR OTHER PURPOSES","MARCOS, IMEE R.","September 9, 2019",NATIONAL,Foreign investments,ECONOMIC AFFAIRS,CONSOLIDATED/SUBSTITUTED IN THE COMMITTEE REPORT
Senate Bill No. 1088,18th Congress (July 2019 - 2022),https://ldr.senate.gov.ph/bills/senate-bill-no-1088-18th-congress-republic,EMPOWERING THE MEMBERS OF THE SANGGUNIANG KABATAAN (SK),"AN ACT TO FURTHER EMPOWER THE MEMBERS OF THE SANGGUNIANG KABATAAN (SK) BY AMENDING CERTAIN PROVISIONS IN REPUBLIC ACT NO. 10742, OTHERWISE KNOWN AS THE 'SANGGUNIANG KABATAAN REFORM ACT OF 2015'","ANGARA, SONNY","October 1, 2019",NATIONAL,N/A,YOUTH,CONSOLIDATED/SUBSTITUTED IN THE COMMITTEE REPORT
Senate Bill No. 56,18th Congress (July 2019 - 2022),https://ldr.senate.gov.ph/bills/senate-bill-no-56-18th-congress-republic,FOUNDLING RECOGNITION ACT,AN ACT AFFORDING STATUS TO A DESERTED OR ABANDONED CHILD WITH UNKNOWN PARENTS,"LAPID, MANUEL ""LITO"" M.","July 1, 2019",NATIONAL,FOUNDLING RECOGNITION Abandonment CHILDREN/CHILD CARE,"WOMEN, CHILDREN, FAMILY RELATIONS AND GENDER EQUALITY",CONSOLIDATED/SUBSTITUTED IN THE COMMITTEE REPORT
Senate Bill No. 780,18th Congress (July 2019 - 2022),https://ldr.senate.gov.ph/bills/senate-bill-no-780-18th-congress-republic,CRIME COMMITTED AGAINST LAWYERS AND JUSTICE SECTOR OFFICIALS AS AGGRAVATING CIRCUMSTANCE,"AN ACT AMENDING ARTICLE 14 OF THE REVISED PENAL CODE TO ADD, AS AN AGGRAVATING CIRCUMSTANCE, THE CRIME HAVING BEEN COMMITTED AGAINST LAWYERS AND JUSTICE SECTOR OFFICIALS","DE LIMA, LEILA M.","July 25, 2019",NATIONAL,LAWYERS JUDICIARY REVISED PENAL CODE (R.A. NO. 3815) Judges,JUSTICE AND HUMAN RIGHTS,PENDING IN THE COMMITTEE
Senate Bill No. 835,18th Congress (July 2019 - 2022),https://ldr.senate.gov.ph/bills/senate-bill-no-835-18th-congress-republic,AGRICULTURE AND FISHERIES EXTENSION ACT,"AN ACT STRENGTHENING THE NATIONAL AGRICULTURE AND FISHERIES EXTENSION SYSTEM TO ACCELERATE AGRICULTURE AND FISHERIES DEVELOPMENT, APPROPRIATING FUNDS THEREFOR AND FOR OTHER PURPOSES","BINAY, MARIA LOURDES NANCY S.","July 30, 2019",NATIONAL,AGRICULTURE AND FISHERIES EXTENSION ACT,"AGRICULTURE, FOOD AND AGRARIAN REFORM",PENDING IN THE COMMITTEE
Senate Bill No. 1162,18th Congress (July 2019 - 2022),https://ldr.senate.gov.ph/bills/senate-bill-no-1162-18th-congress-republic,"STRENGTHENING THE WITNESS PROTECTION, SECURITY AND BENEFIT PROGRAM","AN ACT STRENGTHENING THE WITNESS PROTECTION, SECURITY AND BENEFIT PROGRAM, AMENDING FOR THE PURPOSE REPUBLIC ACT NO. 6981, OTHERWISE KNOWN AS THE 'WITNESS PROTECTION, SECURITY AND BENEFIT ACT","ANGARA, SONNY","November 11, 2019",NATIONAL,WITNESS PROTECTION,JUSTICE AND HUMAN RIGHTS,PENDING IN THE COMMITTEE
Senate Bill No. 1227,18th Congress (July 2019 - 2022),https://ldr.senate.gov.ph/bills/senate-bill-no-1227-18th-congress-republic,RENTAL HOUSING SUBSIDY PROGRAM ACT OF 2019,AN ACT ESTABLISHING THE RENTAL HOUSING SUBSIDY PROGRAM AND PROVIDING FUNDS THEREFOR AND FOR OTHER PURPOSES,"GO, CHRISTOPHER LAWRENCE T.","December 10, 2019",NATIONAL,HOUSING (AFFORDABLE RESIDENTIAL HOUSING),"URBAN PLANNING, HOUSING AND RESETTLEMENT",CONSOLIDATED/SUBSTITUTED IN THE COMMITTEE REPORT
Senate Bill No. 923,18th Congress (July 2019 - 2022),https://ldr.senate.gov.ph/bills/senate-bill-no-923-18th-congress-republic,GSIS COVERAGE OF BARANGAY OFFICIALS ACT,"AN ACT MANDATING THE INCLUSION OF BARANGAY OFFICIALS WITHIN THE COVERAGE OF THE GOVERNMENT SERVICE INSURANCE (GSIS), AMENDING FOR THIS PURPOSE REPUBLIC ACT NO. 8291 ENTITLED 'THE GOVERNMENT SERVICE INSURANCE SYSTEM ACT OF 1997', AND FOR OTHER PURPOSES","VILLAR, CYNTHIA A.","August 19, 2019",NATIONAL,BARANGAY OFFICIALS GOVERNMENT SERVICE INSURANCE SYSTEM (GSIS),GOVERNMENT CORPORATIONS AND PUBLIC ENTERPRISES,PENDING IN THE COMMITTEE
Senate Bill No. 982,18th Congress (July 2019 - 2022),https://ldr.senate.gov.ph/bills/senate-bill-no-982-18th-congress-republic,ORDER OF PRESIDENTIAL SUCCESSION,AN ACT PRESCRIBING THE ORDER OF PRESIDENTIAL SUCCESSION,"LACSON, PANFILO M.","August 28, 2019",NATIONAL,succession PRESIDENT OF THE PHILIPPINES,CONSTITUTIONAL AMENDMENTS AND REVISION OF CODES,PENDING IN THE COMMITTEE
Senate Bill No. 385,18th Congress (July 2019 - 2022),https://ldr.senate.gov.ph/bills/senate-bill-no-385-18th-congress-republic,AIR PASSENGER BILL OF RIGHTS ACT,AN ACT PROVIDING FOR THE PROTECTION OF THE RIGHTS OF AIRLINE PASSENGERS,"PACQUIAO, EMMANUEL ""MANNY"" D.","July 11, 2019",NATIONAL,AIRLINE PASSENGERS BILL OF RIGHTS PASSENGERS,PUBLIC SERVICES,PENDING IN THE COMMITTEE
Senate Bill No. 470,18th Congress (July 2019 - 2022),https://ldr.senate.gov.ph/bills/senate-bill-no-470-18th-congress-republic,BARANGAY OFFICIALS AND VOLUNTEER WORKERS' SOCIAL SECURITY BENEFITS ACT,"AN ACT PROVIDING SOCIAL SECURITY BENEFITS FOR BARANGAY OFFICIALS AND VOLUNTEER WORKERS, APPROPRIATING FUNDS THEREFOR AND FOR OTHER PURPOSES",Ralph G. Recto,"July 15, 2019",NATIONAL,BARANGAY CIVILIAN VOLUNTEERS BARANGAY OFFICIALS SOCIAL SECURITY AND WELFARE BENEFITS,LOCAL GOVERNMENT,PENDING IN THE COMMITTEE
Senate Bill No. 1237,18th Congress (July 2019 - 2022),https://ldr.senate.gov.ph/bills/senate-bill-no-1237-18th-congress-republic,CREATING THE PHILIPPINE JUDICIAL MARSHAL SERVICE,"AN ACT CREATING THE PHILIPPINE JUDICIAL MARSHAL SERVICE DEFINING ITS FUNCTIONS AND POWERS, APPROPRIATING FUNDS THEREFOR, AND FOR OTHER PURPOSES","DELA ROSA, RONALD ""BATO""","December 16, 2019",NATIONAL,PHILIPPINE JUDICIAL MARSHAL SERVICE,JUSTICE AND HUMAN RIGHTS,CONSOLIDATED/SUBSTITUTED IN THE COMMITTEE REPORT
Senate Bill No. 661,18th Congress (July 2019 - 2022),https://ldr.senate.gov.ph/bills/senate-bill-no-661-18th-congress-republic,"GOLF CLUBS TO PROVIDE SSS, PHILHEALTH AND PAGIBIG FUND COVERAGE TO GOLF CADDIES/SERVICE WORKERS",AN ACT MANDATING GOLF CLUBS TO PROVIDE SOCIAL SECURITY AND WELFARE BENEFITS TO GOLF CADDIES AND OTHER RELATED SERVICE WORKERS THROUGH A SHARED CONTRIBUTION SCHEME,"REVILLA JR., RAMON BONG","July 22, 2019",NATIONAL,GOLF CADDIES SOCIAL SECURITY AND WELFARE BENEFITS PHILIPPINE HEALTH INSURANCE CORPORATION (PHILHEALTH/PHIC) HOME DEVELOPMENT MUTUAL FUND (HDMF/PAG-IBIG FUND),"LABOR, EMPLOYMENT AND HUMAN RESOURCES DEVELOPMENT",PENDING IN THE COMMITTEE
Senate Bill No. 736,18th Congress (July 2019 - 2022),https://ldr.senate.gov.ph/bills/senate-bill-no-736-18th-congress-republic,DISASTER PREPAREDNESS IN SCHOOLS ACT,AN ACT MANDATING THE CREATION OF A SCHOOL DISASTER MANAGEMENT COMMITTEE TO CONDUCT SAFETY DRILLS FOR EMERGENCY SITUATIONS IN ALL SCHOOLS,"GATCHALIAN, WIN","July 24, 2019",NATIONAL,DISASTER PREPAREDNESS/DISASTER INFORMATION SAFETY EDUCATION AND AWARENESS SCHOOLS (PUBLIC AND PRIVATE),"BASIC EDUCATION, ARTS AND CULTURE",PENDING IN THE COMMITTEE
Senate Bill No. 313,18th Congress (July 2019 - 2022),https://ldr.senate.gov.ph/bills/senate-bill-no-313-18th-congress-republic,ESTABLISHING THE FISCAL REGIME FOR THE MINING INDUSTRY,AN ACT ESTABLISHING THE FISCAL REGIME FOR THE MINING INDUSTRY,"ZUBIRI, JUAN MIGUEL ""MIGZ"" F.","July 10, 2019",NATIONAL,TAXES/TAXATION MINERAL RESOURCES,WAYS AND MEANS,PENDING IN THE COMMITTEE
Senate Bill No. 992,18th Congress (July 2019 - 2022),https://ldr.senate.gov.ph/bills/senate-bill-no-992-18th-congress-republic,LOW CARBON ECONOMY ACT,AN ACT PROMOTING A LOW CARBON ECONOMY AND ESTABLISHING AN EMISSIONS CAP-AND-TRADE SYSTEM IN THE INDUSTRY SECTOR TO REDUCE GREENHOUSE GAS EMISSIONS AND PROTECTING THE CLIMATE,"BINAY, MARIA LOURDES NANCY S.","August 28, 2019",NATIONAL,LOW CARBON ECONOMY,"ENVIRONMENT, NATURAL RESOURCES AND CLIMATE CHANGE",PENDING IN THE COMMITTEE
Senate Bill No. 1056,18th Congress (July 2019 - 2022),https://ldr.senate.gov.ph/bills/senate-bill-no-1056-18th-congress-republic,COMPREHENSIVE AND RESPONSIVE CIVIL REGISTRATION AND VITAL STATISTICS ACT,"AN ACT PROVIDING FOR A COMPREHENSIVE AND RESPONSIVE CIVIL REGISTRATION AND VITAL STATISTICS SYSTEM, PROVIDING FUNDS THEREOF, AND FOR OTHER PURPOSES","HONTIVEROS, RISA","September 17, 2019",NATIONAL,CIVIL REGISTRATION SYSTEM,HEALTH AND DEMOGRAPHY,PENDING IN THE COMMITTEE
Senate Bill No. 578,18th Congress (July 2019 - 2022),https://ldr.senate.gov.ph/bills/senate-bill-no-578-18th-congress-republic,ABOT ALAM ACT OF 2019,"AN ACT INSTITUTIONALIZING THE 'ABOT ALAM' PROGRAM OF THE DEPARTMENT OF EDUCATION, APPROPRIATING FUNDS THEREFOR, AND FOR OTHER PURPOSES","POE, GRACE","July 17, 2019",NATIONAL,ABOT ALAM PROGRAM DEPARTMENT OF EDUCATION (DEPED),"BASIC EDUCATION, ARTS AND CULTURE",PENDING IN THE COMMITTEE
Senate Bill No. 542,18th Congress (July 2019 - 2022),https://ldr.senate.gov.ph/bills/senate-bill-no-542-18th-congress-republic,INCREASING THE POSITIONS RESERVED FOR PERSONS WITH DISABILITIES,"AN ACT INCREASING THE POSITIONS RESERVED FOR PERSONS WITH DISABILITIES, AMENDING FOR THE PURPOSE REPUBLIC ACT NO. 7277, AS AMENDED, OTHERWISE KNOWN AS THE MAGNA CARTA FOR DISABLED PERSONS","ZUBIRI, JUAN MIGUEL ""MIGZ"" F.","July 16, 2019",NATIONAL,PERSONS WITH DISABILITIES (PWDS) MAGNA CARTA FOR DISABLED PERSONS,"SOCIAL JUSTICE, WELFARE AND RURAL DEVELOPMENT",PENDING IN THE COMMITTEE
Senate Bill No. 744,18th Congress (July 2019 - 2022),https://ldr.senate.gov.ph/bills/senate-bill-no-744-18th-congress-republic,SOCIAL SECURITY CONDONATION PROGRAM,"AN ACT PROVIDING FOR THE CONDONATION OF PENALTIES FOR UNPAID SOCIAL SECURITY SYSTEM CONTRIBUTIONS OF HOUSEHOLD EMPLOYERS RELATIVE TO REPUBLIC ACT NO. 7655, ENTITLED 'AN ACT INCREASING THE MINIMUM WAGE OF HOUSEHELPERS, AMENDING FOR THE PURPOSE ARTICLE 143 OF PRESIDENTIAL DECREE NO. 442, AS AMENDED' AND REPUBLIC ACT NO. 10361, ALSO KNOWN AS THE 'DOMESTIC WORKERS ACT' OR 'BATAS KASAMBAHAY'","GATCHALIAN, WIN","July 24, 2019",NATIONAL,CONDONATION SOCIAL SECURITY SYSTEM (SSS) DOMESTIC WORKERS HOUSEHOLD HELPERS BATAS KASAMBAHAY (R.A.NO. 10361),GOVERNMENT CORPORATIONS AND PUBLIC ENTERPRISES,PENDING IN THE COMMITTEE
Senate Bill No. 847,18th Congress (July 2019 - 2022),https://ldr.senate.gov.ph/bills/senate-bill-no-847-18th-congress-republic,THE COMMUTERS' WELFARE ACT,"AN ACT PROVIDING A FRAMEWORK FOR A COMMUTER-CENTERED TRANSPORTATION POLICY, APPROPRIATING FUNDS THEREFOR, AND FOR OTHER PURPOSES","POE, GRACE","July 31, 2019",NATIONAL,COMMUTERS WELFARE TRANSPORTATION/TRANSPORT SECTOR,PUBLIC SERVICES,PENDING IN THE COMMITTEE
Senate Bill No. 1003,18th Congress (July 2019 - 2022),https://ldr.senate.gov.ph/bills/senate-bill-no-1003-18th-congress-republic,"AMENDING ARTICLES 29, 97, 98, AND 99 OF ACT NO. 3815 (THE REVISED PENAL CODE)","AN ACT AMENDING ARTICLES 29, 97, 98, AND 99 OF ACT NO. 3815, OTHERWISE KNOWN AS THE REVISED PENAL CODE, AND FOR OTHER PURPOSES","GO, CHRISTOPHER LAWRENCE T.","September 3, 2019",NATIONAL,GOOD CONDUCT TIME ALLOWANCE (GCTA R.A.NO. 10592) REVISED PENAL CODE (R.A. NO. 3815) HEINOUS CRIMES,JUSTICE AND HUMAN RIGHTS,PENDING IN THE COMMITTEE
Senate Bill No. 1067,18th Congress (July 2019 - 2022),https://ldr.senate.gov.ph/bills/senate-bill-no-1067-18th-congress-republic,CREATING IN THE DEPARTMENT OF EDUCATION THE PLANTILLA POSITIONS OF GUIDANCE COUNSELORS,"AN ACT CREATING IN THE DEPARTMENT OF EDUCATION THE PLANTILLA POSITIONS OF GUIDANCE COUNSELORS IN EVERY ELEMENTARY SCHOOL AND ADDITIONAL PLANTILLA POSITIONS OF GUIDANCE COUNSELOR FOR HIGH SCHOOL, INCREASING THE SALARIES OF GUIDANCE COUNSELORS AND GUIDANCE-RELATED POSITIONS, AND APPROPRIATING FUNDS THEREFOR","LAPID, MANUEL ""LITO"" M.","September 23, 2019",NATIONAL,GUIDANCE COUNSELORS DEPARTMENT OF EDUCATION (DEPED),"BASIC EDUCATION, ARTS AND CULTURE",PENDING IN THE COMMITTEE
Senate Bill No. 34,18th Congress (July 2019 - 2022),https://ldr.senate.gov.ph/bills/senate-bill-no-34-18th-congress-republic,AMENDING THE ORGANIC AGRICULTURE ACT (R.A.NO. 10068),AN ACT AMENDING REPUBLIC ACT NO. 10068 OR THE ORGANIC AGRICULTURE ACT OF 2010,"PANGILINAN, FRANCIS ""KIKO"" N.","July 1, 2019",NATIONAL,ORGANIC AGRICULTURE/ORGANIC FARMING,"AGRICULTURE, FOOD AND AGRARIAN REFORM",CONSOLIDATED/SUBSTITUTED IN THE COMMITTEE REPORT
Senate Bill No. 759,18th Congress (July 2019 - 2022),https://ldr.senate.gov.ph/bills/senate-bill-no-759-18th-congress-republic,PHILIPPINE CARPOOL SERVICE ACT,"AN ACT ESTABLISHING CARPOOL SERVICE IN THE COUNTRY, REGULATING ITS USE AND OPERATION, AND FOR OTHER PURPOSES",Ralph G. Recto,"July 24, 2019",NATIONAL,CARPOOL,PUBLIC SERVICES,PENDING IN THE COMMITTEE
Senate Bill No. 775,18th Congress (July 2019 - 2022),https://ldr.senate.gov.ph/bills/senate-bill-no-775-18th-congress-republic,THE DIGNITY IN COMMUTING ACT,"AN ACT PROVIDING FOR A MAGNA CARTA FOR DIGNIFIED COMMUTING, CREATING THE NATIONAL OFFICE OF COMMUTER AFFAIRS, APPROPRIATING FUNDS THEREFOR, AND FOR OTHER PURPOSES","PANGILINAN, FRANCIS ""KIKO"" N.","July 24, 2019",NATIONAL,MAGNA CARTA FOR DIGNIFIED COMMUTING COMMUTERS WELFARE TRANSPORTATION/TRANSPORT SECTOR,PUBLIC SERVICES,PENDING IN THE COMMITTEE
Senate Bill No. 831,18th Congress (July 2019 - 2022),https://ldr.senate.gov.ph/bills/senate-bill-no-831-18th-congress-republic,STREET CHILDREN WELFARE ACT,"AN ACT ADVANCING THE RIGHTS OF STREET CHILDREN BY STRENGTHENING THE BARANGAY COUNCIL FOR THE PROTECTION OF CHILDREN (BCPC) AND ESTABLISHING AN INCENTIVES SYSTEM FOR THE PRIVATE SECTOR ENGAGED IN THE PROMOTION OF THE WELFARE OF STREET CHILDREN, AND FOR OTHER PURPOSES",Ralph G. Recto,"July 30, 2019",NATIONAL,STREET CHILDREN CHILDREN/CHILD CARE,"WOMEN, CHILDREN, FAMILY RELATIONS AND GENDER EQUALITY",PENDING IN THE COMMITTEE
Senate Bill No. 807,18th Congress (July 2019 - 2022),https://ldr.senate.gov.ph/bills/senate-bill-no-807-18th-congress-republic,PHILIPPINE FIBER INDUSTRY DEVELOPMENT PROGRAM OF 2019,"AN ACT INSTITUTIONALIZING THE PHILIPPINE FIBER INDUSTRY DEVELOPMENT PROGRAM, PROVIDING FUNDS THEREFOR AND FOR OTHER PURPOSES","VILLAR, CYNTHIA A.","July 29, 2019",NATIONAL,PHILIPPINE FIBER INDUSTRY DEVELOPMENT PROGRAM,"AGRICULTURE, FOOD AND AGRARIAN REFORM",PENDING IN THE COMMITTEE
Senate Bill No. 298,18th Congress (July 2019 - 2022),https://ldr.senate.gov.ph/bills/senate-bill-no-298-18th-congress-republic,COMPREHENSIVE RENAL REPLACEMENT THERAPY ACT OF 2019,"AN ACT REQUIRING ALL NATIONAL, REGIONAL, AND PROVINCIAL GOVERNMENT HOSPITALS TO ESTABLISH, OPERATE AND MAINTAIN A DIALYSIS WARD OR UNIT IN THEIR RESPECTIVE HOSPITAL AND PROVIDING FREE DIALYSIS TREATMENT TO INDIGENT PATIENTS","REVILLA JR., RAMON BONG","July 8, 2019",NATIONAL,RENAL REPLACEMENT THERAPY ACT DIALYSIS CENTER,HEALTH AND DEMOGRAPHY,PENDING IN THE COMMITTEE
Senate Bill No. 1117,18th Congress (July 2019 - 2022),https://ldr.senate.gov.ph/bills/senate-bill-no-1117-18th-congress-republic,SCHOLARSHIP TO CHILDREN AND DEPENDENTS OF FARMERS,AN ACT PROVIDING FOR THE SCHOLARSHIP TO CHILDREN AND DEPENDENTS OF FARMERS AND FOR OTHER PURPOSES,"REVILLA JR., RAMON BONG","October 14, 2019",NATIONAL,SCHOLARSHIP GRANTS CHILDREN AND YOUTH FARMERS,"AGRICULTURE, FOOD AND AGRARIAN REFORM",PENDING IN THE COMMITTEE
Senate Bill No. 1182,18th Congress (July 2019 - 2022),https://ldr.senate.gov.ph/bills/senate-bill-no-1182-18th-congress-republic,"MANDATORY ESTABLISHMENT OF PROVINCIAL, CITY AND MUNICIPAL POPULATION OFFICE OF 2019","AN ACT INSTITUTIONALIZING THE MANDATORY ESTABLISHMENT OF A POPULATION OFFICE IN ALL PROVINCES, CITIES AND MUNICIPALITIES AMENDING FOR THE PURPOSE SECTION 488 (A) OF REPUBLIC ACT NO. 7160, OTHERWISE KNOWN AS 'THE LOCAL GOVERNMENT CODE OF 1991', AS AMENDED","REVILLA JR., RAMON BONG","November 19, 2019",NATIONAL,POPULATION LOCAL GOVERNMENT CODE (R.A. NO. 7160),LOCAL GOVERNMENT,PENDING IN THE COMMITTEE
Senate Bill No. 867,18th Congress (July 2019 - 2022),https://ldr.senate.gov.ph/bills/senate-bill-no-867-18th-congress-republic,JUST AND HUMANE PUBLIC UTILITY VEHICLES MODERNIZATION ACT,"AN ACT PROVIDING FOR A JUST AND HUMANE PUBLIC UTILITY VEHICLE (PUV) MODERNIZATION PROGRAM, WITH TRANSITORY ASSISTANCE AND SERVICES RENDERED TO PUV DRIVERS, OPERATORS AND STAKEHOLDERS, APPROPRIATING FUNDS THEREFOR, AND FOR OTHER PURPOSES","POE, GRACE","August 5, 2019",NATIONAL,PUBLIC UTILITY VEHICLES,PUBLIC SERVICES,PENDING IN THE COMMITTEE
Senate Bill No. 938,18th Congress (July 2019 - 2022),https://ldr.senate.gov.ph/bills/senate-bill-no-938-18th-congress-republic,TUBIG PARA SA MGA EMPLEYADO ACT,"AN ACT MANDATING ALL EMPLOYERS IN THE PRIVATE AND PUBLIC SECTORS, INCLUDING ALL GOVERNMENT OFFICES, AGENCIES AND INSTRUMENTALITIES, TO PROVIDE, FREE OF CHARGE, CLEAN, HEALTHY, SUFFICIENT AND ACCESSIBLE DRINKING WATER TO ALL ITS EMPLOYEES","POE, GRACE","August 20, 2019",NATIONAL,DRINKING WATER GOVERNMENT EMPLOYEES,"LABOR, EMPLOYMENT AND HUMAN RESOURCES DEVELOPMENT",PENDING IN THE COMMITTEE
Senate Bill No. 708,18th Congress (July 2019 - 2022),https://ldr.senate.gov.ph/bills/senate-bill-no-708-18th-congress-republic,INFANT-FRIENDLY FACILITIES ACT,AN ACT REQUIRING THE PROVISION OF INFANT-FRIENDLY FACILITIES IN GOVERNMENT AGENCIES AND OTHER ESTABLISHMENTS,"VILLANUEVA, JOEL","July 24, 2019",NATIONAL,N/A,"WOMEN, CHILDREN, FAMILY RELATIONS AND GENDER EQUALITY",PENDING IN THE COMMITTEE
Senate Bill No. 1022,18th Congress (July 2019 - 2022),https://ldr.senate.gov.ph/bills/senate-bill-no-1022-18th-congress-republic,FOREST LANDS LIMITS ACT OF 2019,AN ACT PROVIDING FOR THE DELINEATION OF THE SPECIFIC FOREST LIMITS OF THE PUBLIC DOMAIN AND FOR OTHER PURPOSES,Ralph G. Recto,"September 9, 2019",NATIONAL,FOREST LAND/FOREST LIMITS,"ENVIRONMENT, NATURAL RESOURCES AND CLIMATE CHANGE",PENDING IN THE COMMITTEE
Senate Bill No. 158,18th Congress (July 2019 - 2022),https://ldr.senate.gov.ph/bills/senate-bill-no-158-18th-congress-republic,"STRENGTHENING ACCESS TO CREDIT OF MICRO, SMALL AND MEDIUM ENTERPRISES","AN ACT STRENGTHENING ACCESS TO CREDIT OF MICRO, SMALL AND MEDIUM ENTERPRISES, AMENDING FOR THE PURPOSE REPUBLIC ACT NO. 6977, AS AMENDED, OTHERWISE KNOWN AS THE 'MAGNA CARTA FOR MICRO, SMALL AND MEDIUM ENTERPRISES' AND FOR OTHER PURPOSES","VILLANUEVA, JOEL","July 2, 2019",NATIONAL,"MICRO, SMALL AND MEDIUM ENTERPRISES (MSMES) MAGNA CARTA FOR MICRO, SMALL AND MEDIUM-SCALE ENTERPRISES (R.A.NO. 6977)","TRADE, COMMERCE AND ENTREPRENEURSHIP",PENDING IN THE COMMITTEE
Senate Bill No. 1086,18th Congress (July 2019 - 2022),https://ldr.senate.gov.ph/bills/senate-bill-no-1086-18th-congress-republic,NATIONAL ACADEMY OF SPORTS ACT,AN ACT CREATING AND ESTABLISHING THE PHILIPPINE HIGH SCHOOL FOR SPORTS AND PROVIDING FUNDS THEREFOR,"ANGARA, SONNY","October 1, 2019",NATIONAL,PHILIPPINE HIGH SCHOOL FOR SPORTS (PHSS),"BASIC EDUCATION, ARTS AND CULTURE",APPROVED BY THE PRESIDENT OF THE PHILIPPINES
Senate Bill No. 243,18th Congress (July 2019 - 2022),https://ldr.senate.gov.ph/bills/senate-bill-no-243-18th-congress-republic,UNIFORMED PERSONNEL EDUCATIONAL ASSISTANCE AND BENEFITS ACT,"AN ACT GRANTING EDUCATIONAL ASSISTANCE AND BENEFITS TO THE DEPENDENTS OF ALL MEMBERS OF THE ARMED FORCES OF THE PHILIPPINES (AFP), PHILIPPINE NATIONAL POLICE (PNP), BUREAU OF FIRE PROTECTION (BFP), BUREAU OF JAIL MANAGEMENT AND PENOLOGY (BJMP), NATIONAL BUREAU OF INVESTIGATION (NBI), PHILIPPINE DRUG ENFORCEMENT AGENCY (PDEA), PHILIPPINE COAST GUARD (PCG) AND BUREAU OF CORRECTIONS (BUCOR) WHO ARE KILLED OR PERMANENTLY INCAPACITATED WHILE IN THE PERFORMANCE OF THEIR DUTY OR BY REASON OF THEIR OFFICE OR POSITION","SOTTO III, VICENTE C.","July 8, 2019",NATIONAL,EDUCATIONAL BENEFITS ARMED FORCES OF THE PHILIPPINES (AFP) PHILIPPINE NATIONAL POLICE (PNP) BUREAU OF FIRE PROTECTION BUREAU OF JAIL MANAGEMENT AND PENOLOGY NATIONAL BUREAU OF INVESTIGATION (NBI) PHILIPPINE DRUG ENFORCEMENT AGENCY (PDEA) PHILIPPINE COAST GUARD BUREAU OF CORRECTIONS (BUCOR),"CIVIL SERVICE, GOVERNMENT REORGANIZATION AND PROFESSIONAL REGULATION",PENDING IN THE COMMITTEE
Senate Bill No. 315,18th Congress (July 2019 - 2022),https://ldr.senate.gov.ph/bills/senate-bill-no-315-18th-congress-republic,ANTI-DISCRIMINATION ACT OF 2019,"AN ACT PROHIBITING DISCRIMINATION ON THE BASIS OF ETHNICITY, RACE, RELIGION OR BELIEF, SEX OR GENDER OR SEXUAL ORIENTATION, LANGUAGE, DISABILITY, EDUCATIONAL ATTAINMENT, AND OTHER FORMS OF DISCRIMINATION, PROVIDING PENALTIES THEREFOR, AND FOR OTHER PURPOSES","POE, GRACE","July 10, 2019",NATIONAL,ANTI-DISCRIMINATION ETHNIC RELIGION/BELIEFS GENDER DISCRIMINATION SEXUAL ORIENTATION (LESBIANS/GAYS/SOGIE),CULTURAL COMMUNITIES,PENDING IN THE COMMITTEE
Senate Bill No. 1160,18th Congress (July 2019 - 2022),https://ldr.senate.gov.ph/bills/senate-bill-no-1160-18th-congress-republic,"MARITIME SAFETY, SECURITY AND PREVENTION OF SHIP-SOURCED POLLUTION ACT OF THE PHILIPPINES",AN ACT PROVIDING FOR THE FULL AND EFFECTIVE IMPLEMENTATION AND ENFORCEMENT OF INTERNATIONAL MARITIME INSTRUMENTS OF WHICH THE PHILIPPINES IS A STATE-PARTY,"ANGARA, SONNY","November 11, 2019",NATIONAL,MARITIME SAFETY SHIP POLLUTION,PUBLIC SERVICES,PENDING IN THE COMMITTEE
Senate Bill No. 1225,18th Congress (July 2019 - 2022),https://ldr.senate.gov.ph/bills/senate-bill-no-1225-18th-congress-republic,EXPANDING THE COVERAGE OF INCENTIVES GRANTED TO NATIONAL ATHLETES AND COACHES,"AN ACT FURTHER EXPANDING THE COVERAGE OF INCENTIVES GRANTED TO NATIONAL ATHLETES AND COACHES, AMENDING FOR THE PURPOSE SECTION 8 OF REPUBLIC ACT NO. 10699 OR THE 'NATIONAL ATHLETES AND COACHES BENEFITS AND INCENTIVES ACT","ANGARA, SONNY","December 10, 2019",NATIONAL,"ATHLETES, COACHES, TRAINERS BENEFITS AND INCENTIVES ACT (R.A.NO. 9064)",SPORTS,PENDING IN THE COMMITTEE
Senate Bill No. 698,18th Congress (July 2019 - 2022),https://ldr.senate.gov.ph/bills/senate-bill-no-698-18th-congress-republic,AUTHORIZING THE DOH TO SET AND APPROVE THE BED CAPACITY/SERVICE CAPABILITY OF ALL DOH HOSPITALS,AN ACT AUTHORIZING THE DEPARTMENT OF HEALTH TO SET AND APPROVE THE BED CAPACITY AND THE SERVICE CAPABILITY OF ALL DOH HOSPITALS,"ANGARA, SONNY","July 23, 2019",NATIONAL,"DEPARTMENT OF HEALTH (DOH) HOSPITALS, INCREASE BED CAPACITY",HEALTH AND DEMOGRAPHY,CONSOLIDATED/SUBSTITUTED IN THE COMMITTEE REPORT
Senate Bill No. 415,18th Congress (July 2019 - 2022),https://ldr.senate.gov.ph/bills/senate-bill-no-415-18th-congress-republic,RANK CLASSIFICATION IN THE BUREAU OF FIRE PROTECTION AND BUREAU OF JAIL MANAGEMENT AND PENOLOGY,"AN ACT PROVIDING FOR THE RANK CLASSIFICATION IN THE BUREAU OF FIRE PROTECTION (BFP) AND BUREAU OF JAIL MANAGEMENT AND PENOLOGY (BJMP), AMENDING FOR THE PURPOSE SECTIONS 58 AND 64 OF REPUBLIC ACT NUMBER 6975, AS AMENDED, OTHERWISE KNOWN AS THE 'DEPARTMENT OF INTERIOR AND LOCAL GOVERNMENT ACT OF 1990","LACSON, PANFILO M.","July 15, 2019",NATIONAL,BUREAU OF FIRE PROTECTION BUREAU OF JAIL MANAGEMENT AND PENOLOGY DEPARTMENT OF THE INTERIOR AND LOCAL GOVERNMENT (DILG),PUBLIC ORDER AND DANGEROUS DRUGS,CONSOLIDATED/SUBSTITUTED IN THE COMMITTEE REPORT
Senate Bill No. 690,18th Congress (July 2019 - 2022),https://ldr.senate.gov.ph/bills/senate-bill-no-690-18th-congress-republic,"ON-SITE, IN-CITY OR NEAR-CITY RESETTLEMENT ACT","AN ACT ESTABLISHING AN ON-SITE, IN-CITY OR NEAR-CITY RESETTLEMENT PROGRAM FOR INFORMAL SETTLER FAMILIES IN ACCORDANCE WITH A PEOPLE'S PLAN AND MANDATING RELOCATING LOCAL GOVERNMENT UNITS TO PROVIDE OTHER BASIC SERVICES AND LIVELIHOOD COMPONENTS IN FAVOR OF THE RECIPIENT LOCAL GOVERNMENT UNIT, AMENDING FOR THE PURPOSE REPUBLIC ACT NO. 7279, AS AMENDED, OTHERWISE KNOWN AS THE 'URBAN DEVELOPMENT AND HOUSING ACT OF 1992","PANGILINAN, FRANCIS ""KIKO"" N.","July 22, 2019",NATIONAL,"ON-SITE, IN-CITY OR NEAR-CITY RESETTLEMENT URBAN DEVELOPMENT AND HOUSING ACT (R.A. NO. 7279) LOCAL GOVERNMENT UNITS (LGUs) INFORMAL SETTLERS/SQUATTERS/SQUATTING RESETTLEMENT PROGRAM","URBAN PLANNING, HOUSING AND RESETTLEMENT",PENDING IN THE COMMITTEE
Senate Bill No. 656,18th Congress (July 2019 - 2022),https://ldr.senate.gov.ph/bills/senate-bill-no-656-18th-congress-republic,CORPORATE SOCIAL RESPONSIBILITY ACT OF 2019,"AN ACT ENCOURAGING CORPORATE SOCIAL RESPONSIBILITY, PROVIDING INCENTIVES THEREFOR, AND FOR OTHER PURPOSES","REVILLA JR., RAMON BONG","July 22, 2019",NATIONAL,CORPORATE SOCIAL RESPONSIBILITY,"TRADE, COMMERCE AND ENTREPRENEURSHIP",PENDING IN THE COMMITTEE
Senate Bill No. 727,18th Congress (July 2019 - 2022),https://ldr.senate.gov.ph/bills/senate-bill-no-727-18th-congress-republic,TEACHER EDUCATION SCHOLARSHIP PROGRAM OF 2019,AN ACT PROVIDING SCHOLARSHIP GRANTS TO STUDENTS ENROLLING IN TEACHER EDUCATION AND PROVIDING INCENTIVES FOR TEACHING IN PUBLIC SCHOOLS,"GATCHALIAN, WIN","July 24, 2019",NATIONAL,SCHOLARSHIP GRANTS STUDENTS,"HIGHER, TECHNICAL AND VOCATIONAL EDUCATION",PENDING IN THE COMMITTEE
Senate Bill No. 187,18th Congress (July 2019 - 2022),https://ldr.senate.gov.ph/bills/senate-bill-no-187-18th-congress-republic,QUALIFIED RECLUSION PERPETUA ACT,"AN ACT PUNISHING EXTRAORDINARY HEINOUS CRIMES WITH THE PENALTY OF QUALIFIED RECLUSION PERPETUA, THEREBY AMENDING REPUBLIC ACT NO. 9346, OTHERWISE KNOWN AS AN ACT PROHIBITING THE IMPOSITION OF DEATH PENALTY IN THE PHILIPPINES, AND FOR OTHER PURPOSES","DE LIMA, LEILA M.","July 2, 2019",NATIONAL,HEINOUS CRIMES QUALIFIED RECLUSION PERPETUA,JUSTICE AND HUMAN RIGHTS,PENDING IN THE COMMITTEE
Senate Bill No. 222,18th Congress (July 2019 - 2022),https://ldr.senate.gov.ph/bills/senate-bill-no-222-18th-congress-republic,POSTPONING THE MAY 2020 BARANGAY AND SANGGUNIANG KABATAAN ELECTIONS,"AN ACT POSTPONING THE MAY 2020 BARANGAY AND SANGGUNIANG KABATAAN ELECTIONS, AMENDING FOR THE PURPOSE REPUBLIC ACT NO. 9164, AS AMENDED AND FOR OTHER PURPOSES","MARCOS, IMEE R.","July 3, 2019",NATIONAL,BARANGAY ELECTIONS/SK ELECTIONS,ELECTORAL REFORMS AND PEOPLES PARTICIPATION,CONSOLIDATED/SUBSTITUTED IN THE COMMITTEE REPORT
Senate Bill No. 276,18th Congress (July 2019 - 2022),https://ldr.senate.gov.ph/bills/senate-bill-no-276-18th-congress-republic,FREE PROFESSIONAL EXAMINATIONS ACT,AN ACT PROVIDING A MECHANISM FOR FREE PROFESSIONAL EXAMINATIONS AND FOR OTHER PURPOSES,"LAPID, MANUEL ""LITO"" M.","July 8, 2019",NATIONAL,PROFESSIONAL LICENSURE EXAMINATIONS,"CIVIL SERVICE, GOVERNMENT REORGANIZATION AND PROFESSIONAL REGULATION",PENDING IN THE COMMITTEE
Senate Bill No. 357,18th Congress (July 2019 - 2022),https://ldr.senate.gov.ph/bills/senate-bill-no-357-18th-congress-republic,MAGNA CARTA OF FILIPINO SEAFARERS,AN ACT INSTITUTING THE MAGNA CARTA OF FILIPINO SEAFARERS,"HONTIVEROS, RISA","July 11, 2019",NATIONAL,MAGNA CARTA OF FILIPINO SEAFARERS SEAFARERS,"LABOR, EMPLOYMENT AND HUMAN RESOURCES DEVELOPMENT",CONSOLIDATED/SUBSTITUTED IN THE COMMITTEE REPORT
Senate Bill No. 631,18th Congress (July 2019 - 2022),https://ldr.senate.gov.ph/bills/senate-bill-no-631-18th-congress-republic,ABOLISHING THE TRAVEL TAX,AN ACT ABOLISHING THE TRAVEL TAX,"PANGILINAN, FRANCIS ""KIKO"" N.","July 22, 2019",NATIONAL,TRAVEL TAX ABOLITION TAXES/TAXATION,WAYS AND MEANS,PENDING IN THE COMMITTEE
Senate Bill No. 404,18th Congress (July 2019 - 2022),https://ldr.senate.gov.ph/bills/senate-bill-no-404-18th-congress-republic,RESEARCH AND DEVELOPMENT EFFICIENCY ACT,AN ACT TO IMPROVE THE EFFICIENCY OF NATIONAL RESEARCH AND DEVELOPMENT,"TOLENTINO, FRANCIS ""TOL"" N.","July 11, 2019",NATIONAL,RESEARCH AND DEVELOPMENT COUNCIL,SCIENCE AND TECHNOLOGY,PENDING IN THE COMMITTEE
Senate Bill No. 678,18th Congress (July 2019 - 2022),https://ldr.senate.gov.ph/bills/senate-bill-no-678-18th-congress-republic,ALL GOVERNMENT CONTRACTUAL/CASUAL EMPLOYEES BE PAID CORRESPONDING WAGES DURING HOLIDAYS,"AN ACT PROVIDING THAT ALL CONTRACTUAL AND CASUAL EMPLOYEES IN THE GOVERNMENT SERVICE BE PAID CORRESPONDING WAGES DURING SPECIAL PUBLIC AND LOCAL HOLIDAYS, AND APPROPRIATING FUNDS THEREFOR","REVILLA JR., RAMON BONG","July 22, 2019",NATIONAL,GOVERNMENT EMPLOYEES (CASUAL/CONTRACTUAL) HOLIDAYS,"CIVIL SERVICE, GOVERNMENT REORGANIZATION AND PROFESSIONAL REGULATION",PENDING IN THE COMMITTEE
Senate Bill No. 448,18th Congress (July 2019 - 2022),https://ldr.senate.gov.ph/bills/senate-bill-no-448-18th-congress-republic,"PROHIBITING THE USE OF WORDS THAT WOULD DENOTE RELIGIOUS, REGIONAL OR ETHNIC AFFILIATION","AN ACT PROHIBITING THE USE OF WORDS THAT WOULD DENOTE RELIGIOUS, REGIONAL OR ETHNIC AFFILIATION IN PRINT, RADIO, TELEVISION INCLUDING CABLE TELEVISION AND OTHER FORMS OF BROADCAST MEDIA TO REFER TO OR DESCRIBE ANY PERSON SUSPECTED OR CONVICTED OF A CRIME OR UNLAWFUL ACT AND PROVIDING PENALTIES THEREFOR","REVILLA JR., RAMON BONG","July 15, 2019",NATIONAL,ISLAMIC MUSLIM,PUBLIC INFORMATION AND MASS MEDIA,"PENDING SECOND READING, SPECIAL ORDER"
Senate Bill No. 1233,18th Congress (July 2019 - 2022),https://ldr.senate.gov.ph/bills/senate-bill-no-1233-18th-congress-republic,MIGRANT WORKERS AND OVERSEAS FILIPINOS LEGAL ASSISTANCE FUND,"AN ACT EXPANDING THE USE OF THE LEGAL ASSISTANCE FUND, AMENDING FOR THE PURPOSE SECTION 26 OF REPUBLIC ACT NO. 8042, AS AMENDED, OTHERWISE KNOWN AS THE MIGRANT WORKERS AND OVERSEAS FILIPINOS ACT OF 1995","DELA ROSA, RONALD ""BATO""","December 12, 2019",NATIONAL,MIGRANT WORKERS AND OVERSEAS FILIPINOS legal assistance,"LABOR, EMPLOYMENT AND HUMAN RESOURCES DEVELOPMENT",PENDING IN THE HOUSE OF REPRESENTATIVES
Senate Bill No. 849,18th Congress (July 2019 - 2022),https://ldr.senate.gov.ph/bills/senate-bill-no-849-18th-congress-republic,EMANCIPATION OF TENANTS ACT OF 2019,"AN ACT FULFILLING THE EMANCIPATION OF TENANTS FROM THE BONDAGE OF THE SOIL, AMENDING P.D. NO. 27, AND R.A. NO. 6657, AS AMENDED, AMONG OTHERS, AND FOR OTHER PURPOSES","MARCOS, IMEE R.","August 1, 2019",NATIONAL,EMANCIPATION OF TENANTS COMPREHENSIVE AGRARIAN REFORM LAW (CARL) R.A.NO. 6657),"AGRICULTURE, FOOD AND AGRARIAN REFORM",PENDING IN THE COMMITTEE
Senate Bill No. 409,18th Congress (July 2019 - 2022),https://ldr.senate.gov.ph/bills/senate-bill-no-409-18th-congress-republic,MOTORCYCLES-FOR-HIRE ACT,"AN ACT RECOGNIZING MOTORCYCLES AS PUBLIC UTILITY VEHICLES, AMENDING FOR THIS PURPOSE REPUBLIC ACT NO. 4136, OTHERWISE KNOWN AS THE 'LAND TRANSPORTATION AND TRAFFIC CODE' AND REPUBLIC ACT NO. 7160, OTHERWISE KNOWN AS THE 'LOCAL GOVERNMENT CODE', AS AMENDED, AND FOR OTHER PURPOSES","MARCOS, IMEE R.","July 11, 2019",NATIONAL,MOTORCYCLE PUBLIC UTILITY VEHICLES LAND TRANSPORTATION AND TRAFFIC CODE (R.A. NO. 4136) LOCAL GOVERNMENT CODE (R.A. NO. 7160),PUBLIC SERVICES,CONSOLIDATED/SUBSTITUTED IN THE COMMITTEE REPORT
Senate Bill No. 459,18th Congress (July 2019 - 2022),https://ldr.senate.gov.ph/bills/senate-bill-no-459-18th-congress-republic,"AMENDING R.A.NO. 386 TO SET THE MINIMUM AMOUNT OF DEATH INDEMNITY TO P50,000.00","AN ACT AMENDING ARTICLE 2206 OF REPUBLIC ACT NO. 386, OTHERWISE KNOWN AS THE CIVIL CODE OF THE PHILIPPINES","REVILLA JR., RAMON BONG","July 15, 2019",NATIONAL,CIVIL CODE OF THE PHILIPPINES DEATH INDEMNITY,JUSTICE AND HUMAN RIGHTS,PENDING IN THE COMMITTEE
Senate Bill No. 1131,18th Congress (July 2019 - 2022),https://ldr.senate.gov.ph/bills/senate-bill-no-1131-18th-congress-republic,TEACHING CAREER PROGRESSION ACT,AN ACT CREATING HIGHER LEVEL TEACHING POSITIONS OF PUBLIC SCHOOL TEACHERS AND PROVIDING FUNDS THEREFOR,Ralph G. Recto,"November 4, 2019",NATIONAL,PUBLIC SCHOOL TEACHERS SALARY GRADE LEVEL,"CIVIL SERVICE, GOVERNMENT REORGANIZATION AND PROFESSIONAL REGULATION",PENDING IN THE COMMITTEE
Senate Bill No. 1195,18th Congress (July 2019 - 2022),https://ldr.senate.gov.ph/bills/senate-bill-no-1195-18th-congress-republic,USE OF THE RICE SUBSIDY AS PROVIDED FOR UNDER THE PANTAWID PAMILYANG PILIPINO PROGRAM (4PS),"AN ACT AUTHORIZING THE USE OF THE RICE SUBSIDY AS PROVIDED FOR UNDER THE PANTAWID PAMILYANG PILIPINO PROGRAM (4PS) IN THE GENERAL APPROPRIATIONS ACT OF 2019 FOR THE PURCHASE OF PALAY FROM FARMERS, MANDATING FOR THE PURPOSE THE DSWD IN COORDINATION WITH THE DEPARTMENT OF AGRICULTURE AND NFA TO BUY PALAY FROM THE LOCAL FARMERS FROM THE PROVINCES OF PANGASINAN, ILOCOS NORTE, CAGAYAN, ISABELA, NUEVA VIZCAYA, MINDORO ORIENTAL, MINDORO OCCIDENTAL, TARLAC, NUEVA ECIJA, ZAMBOANGA DEL SUR AND ILOILO AND DISTRIBUTE RICE SUBSIDY IN THE FORM OF ACTUAL RICE, INSTEAD OF CASH ASSISTANCE, TO QUALIFIED BENEFICIARIES","VILLAR, CYNTHIA A.","November 26, 2019",NATIONAL,RICE SUBSIDY PROGRAM PANTAWID PAMILYANG PILIPINO PROGRAM (4PS) GENERAL APPROPRIATIONS ACT (GAA) FARMERS Department of Social Welfare and Development (DSWD) DEPARTMENT OF AGRICULTURE NATIONAL FOOD AUTHORITY (NFA),"AGRICULTURE, FOOD AND AGRARIAN REFORM",PENDING IN THE COMMITTEE
Senate Bill No. 896,18th Congress (July 2019 - 2022),https://ldr.senate.gov.ph/bills/senate-bill-no-896-18th-congress-republic,COMPREHENSIVE AUTISM INTERVENTION ACT,AN ACT INSTITUTING A NATIONAL COMPREHENSIVE PROGRAM ON AUTISM AND FOR OTHER PURPOSES,"LAPID, MANUEL ""LITO"" M.","August 13, 2019",NATIONAL,AUTISM,HEALTH AND DEMOGRAPHY,PENDING IN THE COMMITTEE
Senate Bill No. 947,18th Congress (July 2019 - 2022),https://ldr.senate.gov.ph/bills/senate-bill-no-947-18th-congress-republic,BFP MODERNIZATION ACT OF 2019,"AN ACT MODERNIZING THE BUREAU OF FIRE PROTECTION (BFP), AMENDING FOR THE PURPOSE REPUBLIC ACT 6975, OTHERWISE KNOWN AS THE 'DEPARTMENT OF THE INTERIOR AND LOCAL GOVERNMENT ACT OF 1990,' PROVIDING FUNDS THEREFOR, AND FOR OTHER PURPOSES","SOTTO III, VICENTE C.","August 20, 2019",NATIONAL,BUREAU OF FIRE PROTECTION DEPARTMENT OF THE INTERIOR AND LOCAL GOVERNMENT (DILG),PUBLIC ORDER AND DANGEROUS DRUGS,CONSOLIDATED/SUBSTITUTED IN THE COMMITTEE REPORT
Senate Bill No. 145,18th Congress (July 2019 - 2022),https://ldr.senate.gov.ph/bills/senate-bill-no-145-18th-congress-republic,"BUY PINOY, BUILD PINOY MONTH ACT","AN ACT DESIGNATING THE MONTH OF NOVEMBER AS 'BUY PINOY, BUILD PINOY MONTH' TO ENCOURAGE THE PUBLIC AND PRIVATE SECTORS TO PRIORITIZE THE PURCHASE AND UTILIZATION OF FILIPINO PRODUCTS, LABOR AND SERVICES","VILLAR, CYNTHIA A.","July 2, 2019",NATIONAL,BUY PINOY/TATAK PINOY PHILIPPINE MADE MATERIALS/PRODUCTS,"TRADE, COMMERCE AND ENTREPRENEURSHIP",PENDING IN THE COMMITTEE
Senate Bill No. 223,18th Congress (July 2019 - 2022),https://ldr.senate.gov.ph/bills/senate-bill-no-223-18th-congress-republic,TO CLEARLY DEFINE THE NATIONAL TAXES REVENUE BASE,"AN ACT TO CLEARLY DEFINE THE NATIONAL TAXES REVENUE BASE, ENHANCE THE JUST SHARE FROM THE NATIONAL TAXES OF THE LOCAL GOVERNMENT UNITS, AND RENAME THE 'INTERNAL REVENUE ALLOTMENT' (IRA) TO NATIONAL TAX ALLOTMENT (NATA), AMENDING FOR THE PURPOSE, REPUBLIC ACT NO. 7160, OTHERWISE KNOWN AS THE LOCAL GOVERNMENT CODE OF 1991","MARCOS, IMEE R.","July 3, 2019",NATIONAL,LOCAL GOVERNMENT UNITS (LGUs) INTERNAL REVENUE ALLOTMENT (LOCAL GOVERNMENT UNITS) LOCAL GOVERNMENT CODE (R.A. NO. 7160),LOCAL GOVERNMENT,PENDING IN THE COMMITTEE
Senate Bill No. 570,18th Congress (July 2019 - 2022),https://ldr.senate.gov.ph/bills/senate-bill-no-570-18th-congress-republic,INCREASING THE MONTHLY SOCIAL PENSION OF SENIOR CITIZENS,"AN ACT INCREASING THE MONTHLY SOCIAL PENSION OF SENIOR CITIZENS AND EXPANDING THE COVERAGE THEREOF, AMENDING FOR THE PURPOSE SECTIONS 2 AND 5 OF REPUBLIC ACT NO. 7432, AS AMENDED BY REPUBLIC ACT NO. 9257, FURTHER AMENDED BY REPUBLIC ACT NO. 9994, OTHERWISE KNOWN AS THE 'EXPANDED SENIOR CITIZENS ACT OF 2010'","BINAY, MARIA LOURDES NANCY S.","July 17, 2019",NATIONAL,PENSION,"SOCIAL JUSTICE, WELFARE AND RURAL DEVELOPMENT",PENDING IN THE COMMITTEE
Senate Bill No. 534,18th Congress (July 2019 - 2022),https://ldr.senate.gov.ph/bills/senate-bill-no-534-18th-congress-republic,FINANCIAL CONSUMER PROTECTION ACT,AN ACT PROVIDING FOR THE PROTECTION OF FINANCIAL CONSUMERS AND FOR OTHER PURPOSES,"ZUBIRI, JUAN MIGUEL ""MIGZ"" F.","July 16, 2019",NATIONAL,FINANCIAL CONSUMER PROTECTION,"BANKS, FINANCIAL INSTITUTIONS AND CURRENCIES",PENDING IN THE COMMITTEE
Senate Bill No. 279,18th Congress (July 2019 - 2022),https://ldr.senate.gov.ph/bills/senate-bill-no-279-18th-congress-republic,EMPLOYMENT OPPORTUNITIES FOR FAMILY MEMBERS OF VETERANS ACT,"AN ACT EXTENDING PREFERENCE OF EMPLOYMENT TO CHILDREN OF VETERANS IN THE GOVERNMENT, INCLUDING GOVERNMENT OWNED AND CONTROLLED CORPORATIONS AND FOR OTHER PURPOSES","LAPID, MANUEL ""LITO"" M.","July 8, 2019",NATIONAL,EMPLOYMENT ASSISTANCE PROGRAM VETERANS,"CIVIL SERVICE, GOVERNMENT REORGANIZATION AND PROFESSIONAL REGULATION",PENDING IN THE COMMITTEE
Senate Bill No. 788,18th Congress (July 2019 - 2022),https://ldr.senate.gov.ph/bills/senate-bill-no-788-18th-congress-republic,NATIONAL EVALUATION POLICY,AN ACT ESTABLISHING A NATIONAL EVALUATION POLICY,"HONTIVEROS, RISA","July 25, 2019",NATIONAL,NATIONAL EVALUATION POLICY,ECONOMIC AFFAIRS,PENDING IN THE COMMITTEE
Senate Bill No. 360,18th Congress (July 2019 - 2022),https://ldr.senate.gov.ph/bills/senate-bill-no-360-18th-congress-republic,SHARK CONSERVATION ACT OF THE PHILIPPINES,"AN ACT REGULATING THE CATCHING, SALE, PURCHASE, POSSESSION, TRANSPORTATION, IMPORTATION, AND EXPORTATION OF ALL SHARKS, RAYS, AND CHIMAERAS AND ANY PART THEREOF IN THE COUNTRY","HONTIVEROS, RISA","July 11, 2019",NATIONAL,SHARKS/RAYS,"AGRICULTURE, FOOD AND AGRARIAN REFORM",PENDING IN THE COMMITTEE
Senate Bill No. 852,18th Congress (July 2019 - 2022),https://ldr.senate.gov.ph/bills/senate-bill-no-852-18th-congress-republic,NATIONAL SIGHT STRATEGY PLAN ACT,AN ACT TO ESTABLISH THE NATIONAL SIGHT STRATEGY PLAN,"DE LIMA, LEILA M.","August 1, 2019",NATIONAL,SIGHT STRATEGY PLAN VISION CARE,HEALTH AND DEMOGRAPHY,PENDING IN THE COMMITTEE
Senate Bill No. 495,18th Congress (July 2019 - 2022),https://ldr.senate.gov.ph/bills/senate-bill-no-495-18th-congress-republic,DEATH PENALTY ACT,AN ACT IMPOSING DEATH PENALTY IN THE PHILIPPINES,"SOTTO III, VICENTE C.","July 15, 2019",NATIONAL,Death penalty,JUSTICE AND HUMAN RIGHTS,PENDING IN THE COMMITTEE
Senate Bill No. 439,18th Congress (July 2019 - 2022),https://ldr.senate.gov.ph/bills/senate-bill-no-439-18th-congress-republic,THE MANDATORY DISASTER RELIEF AND RESPONSE INCLUSION IN SCHOOL CURRICULA ACT OF 2019,"AN ACT REQUIRING MANDATORY DISASTER RELIEF AND RESPONSE INCLUSION IN CURRICULUM OF ALL PRIMARY AND SECONDARY SCHOOLS, AND FOR OTHER PURPOSES","REVILLA JR., RAMON BONG","July 15, 2019",NATIONAL,Primary Education Secondary Education DISASTER PREPAREDNESS/DISASTER INFORMATION CURRICULUM/CURRICULA,"BASIC EDUCATION, ARTS AND CULTURE",PENDING IN THE COMMITTEE
Senate Bill No. 170,18th Congress (July 2019 - 2022),https://ldr.senate.gov.ph/bills/senate-bill-no-170-18th-congress-republic,UNLOCK MY MOBILE ACT,AN ACT PROMOTING CONSUMER PROTECTION AND FOSTERING COMPETITION IN THE TELECOMMUNICATIONS INDUSTRY BY MANDATING THE UNLOCKING OF MOBILE WIRELESS DEVICES,"GATCHALIAN, WIN","July 2, 2019",NATIONAL,MOBILE WIRELESS DEVICES CELLULAR PHONES/CELL PHONES,"TRADE, COMMERCE AND ENTREPRENEURSHIP",PENDING IN THE COMMITTEE
Senate Bill No. 1004,18th Congress (July 2019 - 2022),https://ldr.senate.gov.ph/bills/senate-bill-no-1004-18th-congress-republic,HEINOUS CRIMES PENITENTIARY ACT OF 2019,AN ACT ESTABLISHING A SEPARATE PRISON FACILITY FOR THOSE CONVICTED OF HEINOUS CRIMES,"ZUBIRI, JUAN MIGUEL ""MIGZ"" F.","September 3, 2019",NATIONAL,HEINOUS CRIMES JAIL FACILITY/PRISON FACILITY,JUSTICE AND HUMAN RIGHTS,CONSOLIDATED/SUBSTITUTED IN THE COMMITTEE REPORT
Senate Bill No. 673,18th Congress (July 2019 - 2022),https://ldr.senate.gov.ph/bills/senate-bill-no-673-18th-congress-republic,"AMENDING P.D.NO. 442, INSERTING ART. 83-A, ADOPTION OF VOLUNTARY WORK ARRANGEMENT","AN ACT AMENDING ARTICLE 83 OF THE PRESIDENTIAL DECREE NO. 442, OTHERWISE KNOWN AS THE LABOR CODE OF THE PHILIPPINES, AS AMENDED","REVILLA JR., RAMON BONG","July 22, 2019",NATIONAL,LABOR CODE OF THE PHILIPPINES (P.D. NO. 442),"LABOR, EMPLOYMENT AND HUMAN RESOURCES DEVELOPMENT",PENDING IN THE COMMITTEE
Senate Bill No. 1068,18th Congress (July 2019 - 2022),https://ldr.senate.gov.ph/bills/senate-bill-no-1068-18th-congress-republic,PILI INDUSTRY DEVELOPMENT ACT,"AN ACT DEVELOPING THE PILI INDUSTRY, CREATING FOR THE PURPOSE THE PILI SUBSIDY FUND AND THE PILI RESEARCH AND DEVELOPMENT CENTER, AND DECLARING THE PROVINCE OF SORSOGON AS THE PILI CAPITAL OF THE PHILIPPINES","POE, GRACE","September 23, 2019",NATIONAL,PILI INDUSTRY,"AGRICULTURE, FOOD AND AGRARIAN REFORM",PENDING IN THE COMMITTEE
Senate Bill No. 344,18th Congress (July 2019 - 2022),https://ldr.senate.gov.ph/bills/senate-bill-no-344-18th-congress-republic,PAGKAIN PARA SA LAHAT ACT,"AN ACT ESTABLISHING THE PAGKAIN PARA SA LAHAT PROGRAM, AND FOR OTHER PURPOSES","VILLANUEVA, JOEL","July 11, 2019",NATIONAL,PAGKAIN PARA SA LAHAT PROGRAM FOOD BANKS AND SOUP KITCHENS,"AGRICULTURE, FOOD AND AGRARIAN REFORM",PENDING IN THE COMMITTEE
Senate Bill No. 1177,18th Congress (July 2019 - 2022),https://ldr.senate.gov.ph/bills/senate-bill-no-1177-18th-congress-republic,SUPPORT FOR THE SURVIVING HEIRS OF SLAIN JUDICIARY OFFICIALS ACT,"AN ACT PROVIDING SUPPORT FOR THE SURVIVING HEIRS OF SLAIN JUSTICES AND JUDGES, AMENDING FOR THE PURPOSE REPUBLIC ACT NO. 910, AS AMENDED, AND FOR OTHER PURPOSES","PIMENTEL, AQUILINO ""KOKO"" III","November 18, 2019",NATIONAL,Judges JUDICIARY,JUSTICE AND HUMAN RIGHTS,PENDING IN THE COMMITTEE
Senate Bill No. 626,18th Congress (July 2019 - 2022),https://ldr.senate.gov.ph/bills/senate-bill-no-626-18th-congress-republic,AMENDING SECTIONS 74 AND 75 OF R.A. NO. 7160 (LOCAL GOVERNMENT CODE OF 1991),"AN ACT AMENDING SECTIONS 74 AND 75 OF REPUBLIC ACT NO. 7160, ALSO KNOWN AS THE LOCAL GOVERNMENT CODE OF 1991","DE LIMA, LEILA M.","July 18, 2019",NATIONAL,LOCAL GOVERNMENT CODE (R.A. NO. 7160) ELECTIONS/ELECTORAL REFORMS ELECTIVE OFFICIAL(RECALL),LOCAL GOVERNMENT,PENDING IN THE COMMITTEE
Senate Bill No. 1251,18th Congress (July 2019 - 2022),https://ldr.senate.gov.ph/bills/senate-bill-no-1251-18th-congress-republic,COMPENSATION TO SANGGUNIANG KABATAAN OFFICIALS,"AN ACT PROVIDING COMPENSATION TO SANGGUNIANG KABATAAN OFFICIALS FURTHER AMENDING REPUBLIC ACT NO. 10742, ENTITLED 'SANGGUNIANG KABATAAN REFORM ACT OF 2015'","BINAY, MARIA LOURDES NANCY S.","December 18, 2019",NATIONAL,SANGGUNIANG KABATAAN (SK),LOCAL GOVERNMENT,PENDING IN THE COMMITTEE
Senate Bill No. 672,18th Congress (July 2019 - 2022),https://ldr.senate.gov.ph/bills/senate-bill-no-672-18th-congress-republic,PENALTIES FOR NON-COMPLIANCE OF THE PRESCRIBED INCREASES AND ADJUSTMENTS IN THE WAGE RATES,"AN ACT INCREASING THE PENALTIES FOR NON-COMPLIANCE OF THE PRESCRIBED INCREASES AND ADJUSTMENTS IN THE WAGE RATES OF WORKERS, AMENDING FOR THE PURPOSE REPUBLIC ACT NO. 6727, OTHERWISE KNOWN AS THE 'WAGE RATIONALIZATION ACT' AND FOR OTHER PURPOSES","REVILLA JR., RAMON BONG","July 22, 2019",NATIONAL,WAGE INCREASE/SALARY INCREASE WAGE RATIONALIZATION/WAGE RATIONALIZATION ACT (R.A.NO. 6727),"LABOR, EMPLOYMENT AND HUMAN RESOURCES DEVELOPMENT",PENDING IN THE COMMITTEE
Senate Bill No. 1007,18th Congress (July 2019 - 2022),https://ldr.senate.gov.ph/bills/senate-bill-no-1007-18th-congress-republic,TO RECONSTRUCT AND REHABILITATE THE EXISTING 479-KILOMETER PHILIPPINE NATIONAL RAILWAYS LINE,"AN ACT TO RECONSTRUCT AND REHABILITATE THE EXISTING 479 KILOMETER PHILIPPINE NATIONAL RAILWAYS LINE FROM SAN FERNANDO, LA UNION TO LEGAZPI CITY, ALBAY, PROVIDING FUNDS FROM THE ANNUAL VALUE-ADDED TAX COLLECTIONS, AMENDING FOR THE PURPOSE THE NATIONAL INTERNAL REVENUE CODE OF 1997, AS AMENDED",Ralph G. Recto,"September 4, 2019",NATIONAL,PHILIPPINE NATIONAL RAILWAYS (PNR) NATIONAL INTERNAL REVENUE CODE (NIRC) TAXES (VALUE-ADDED TAX / VAT),WAYS AND MEANS,PENDING IN THE COMMITTEE
Senate Bill No. 1071,18th Congress (July 2019 - 2022),https://ldr.senate.gov.ph/bills/senate-bill-no-1071-18th-congress-republic,PHILIPPINE PARALEGAL ACT OF 2019,"AN ACT PROFESSIONALIZING PARALEGAL PRACTICE IN THE PHILIPPINES, CREATING FOR THIS PURPOSE A PROFESSIONAL REGULATORY BOARD OF PARALEGALS, APPROPRIATING FUNDS THEREFOR AND FOR OTHER PURPOSES","ZUBIRI, JUAN MIGUEL ""MIGZ"" F.","September 23, 2019",NATIONAL,PARALEGAL,"CIVIL SERVICE, GOVERNMENT REORGANIZATION AND PROFESSIONAL REGULATION",PENDING IN THE COMMITTEE
Senate Bill No. 169,18th Congress (July 2019 - 2022),https://ldr.senate.gov.ph/bills/senate-bill-no-169-18th-congress-republic,THE NATIONAL ECONOMIC AND DEVELOPMENT AUTHORITY ACT OF 2019,"AN ACT INSTITUTIONALIZING THE NATIONAL ECONOMIC AND DEVELOPMENT AUTHORITY AS THE INDEPENDENT ECONOMIC AND PLANNING AGENCY OF THE PHILIPPINE GOVERNMENT, DEFINING ITS FUNCTIONS AND AMENDING EXECUTIVE ORDER NO. 230 SERIES OF 1987, AS AMENDED, APPROPRIATING FUNDS THEREFOR, AND FOR OTHER PURPOSES","GATCHALIAN, WIN","July 2, 2019",NATIONAL,NATIONAL ECONOMIC DEVELOPMENT AUTHORITY (NEDA),ECONOMIC AFFAIRS,CONSOLIDATED/SUBSTITUTED IN THE COMMITTEE REPORT
Senate Bill No. 569,18th Congress (July 2019 - 2022),https://ldr.senate.gov.ph/bills/senate-bill-no-569-18th-congress-republic,MOTORCYCLE SAFETY TRAINING ACT OF 2019,AN ACT MANDATING THE MOTORCYCLE SAFETY TRAINING PROGRAM TO BE INCLUDED IN THE REQUIREMENTS FOR THE REGISTRATION OF MOTORCYCLES,"BINAY, MARIA LOURDES NANCY S.","July 17, 2019",NATIONAL,MOTORCYCLE SAFETY EDUCATION AND AWARENESS,PUBLIC SERVICES,PENDING IN THE COMMITTEE
Senate Bill No. 533,18th Congress (July 2019 - 2022),https://ldr.senate.gov.ph/bills/senate-bill-no-533-18th-congress-republic,EMERGENCY VOLUNTEER PROTECTION ACT OF 2019,AN ACT ENCOURAGING VOLUNTEERISM DURING EMERGENCIES BY PROTECTING VOLUNTEERS FROM LIABILITY,"ZUBIRI, JUAN MIGUEL ""MIGZ"" F.","July 16, 2019",NATIONAL,volunteers EMERGENCY RESPONSE/EMERGENCY PREPAREDNESS,"SOCIAL JUSTICE, WELFARE AND RURAL DEVELOPMENT",PENDING IN THE COMMITTEE
Senate Bill No. 774,18th Congress (July 2019 - 2022),https://ldr.senate.gov.ph/bills/senate-bill-no-774-18th-congress-republic,RAISING THE AGE OF CONSENT,"AN ACT RAISING THE AGE OF CONSENT AND AMENDING FOR THIS PURPOSE ARTICLE 266 OF ACT NO. 3815, AS AMENDED, OTHERWISE KNOWN AS THE REVISED PENAL CODE","MARCOS, IMEE R.","July 24, 2019",NATIONAL,AGE OF CONSENT REVISED PENAL CODE (R.A. NO. 3815),JUSTICE AND HUMAN RIGHTS,CONSOLIDATED/SUBSTITUTED IN THE COMMITTEE REPORT
Senate Bill No. 830,18th Congress (July 2019 - 2022),https://ldr.senate.gov.ph/bills/senate-bill-no-830-18th-congress-republic,PHILIPPINE MEDICAL ACADEMY AND SCHOLARSHIP ACT,"AN ACT CREATING THE PHILIPPINE MEDICAL ACADEMY, ESTABLISHING THE PHILIPPINE MEDICAL SCHOLARSHIP PROGRAM AND APPROPRIATING FUNDS THEREFOR",Ralph G. Recto,"July 30, 2019",NATIONAL,PHILIPPINE MEDICAL ACADEMY MEDICAL SCHOLARSHIP,HEALTH AND DEMOGRAPHY,PENDING IN THE COMMITTEE
Senate Bill No. 1156,18th Congress (July 2019 - 2022),https://ldr.senate.gov.ph/bills/senate-bill-no-1156-18th-congress-republic,FOREIGN INVESTMENT ACT (AMENDMENTS),"AN ACT PROMOTING FOREIGN INVESTMENTS, AMENDING THEREBY REPUBLIC ACT NO. 7042 OTHERWISE KNOWN AS THE 'FOREIGN INVESTMENT ACT OF 1991', AS AMENDED, AND FOR OTHER PURPOSES","PANGILINAN, FRANCIS ""KIKO"" N.","November 7, 2019",NATIONAL,Foreign investments,ECONOMIC AFFAIRS,PASSED BY BOTH HOUSES
Senate Bill No. 544,18th Congress (July 2019 - 2022),https://ldr.senate.gov.ph/bills/senate-bill-no-544-18th-congress-republic,METRO BATAAN DEVELOPMENT AUTHORITY ACT OF 2019,"AN ACT CREATING THE METRO BATAAN DEVELOPMENT AUTHORITY, DEFINING ITS POWERS AND FUNCTIONS, PROVIDING FUNDS THEREFOR AND FOR OTHER PURPOSES","ZUBIRI, JUAN MIGUEL ""MIGZ"" F.","July 16, 2019",NATIONAL,METRO BATAAN DEVELOPMENT AUTHORITY,LOCAL GOVERNMENT,PENDING IN THE COMMITTEE
Senate Bill No. 1220,18th Congress (July 2019 - 2022),https://ldr.senate.gov.ph/bills/senate-bill-no-1220-18th-congress-republic,STRENGTHENING R.A.NO. 9208 (TO ELIMINATE TRAFFICKING IN PERSONS ESPECIALLY WOMEN AND CHILDREN),"AN ACT STRENGTHENING REPUBLIC ACT NO. 9208, AS AMENDED BY REPUBLIC ACT NO. 10364, ENTITLED 'AN ACT TO INSTITUTE POLICIES TO ELIMINATE TRAFFICKING IN PERSONS ESPECIALLY WOMEN AND CHILDREN, ESTABLISHING THE NECESSARY INSTITUTIONAL MECHANISMS FOR THE PROTECTION AND SUPPORT OF TRAFFICKED PERSONS, PROVIDING PENALTIES FOR ITS VIOLATIONS AND FOR OTHER PURPOSES","CAYETANO, PIA S.","December 9, 2019",NATIONAL,HUMAN TRAFFICKING WOMEN CHILDREN AND YOUTH,"WOMEN, CHILDREN, FAMILY RELATIONS AND GENDER EQUALITY",CONSOLIDATED/SUBSTITUTED IN THE COMMITTEE REPORT
Senate Bill No. 911,18th Congress (July 2019 - 2022),https://ldr.senate.gov.ph/bills/senate-bill-no-911-18th-congress-republic,OPEN ACCESS IN DATA TRANSMISSION ACT OF 2019,"AN ACT PROMOTING OPEN ACCESS IN DATA TRANSMISSION, PROVIDING ADDITIONAL POWERS TO THE NATIONAL TELECOMMUNICATIONS COMMISSION, AND FOR OTHER PURPOSES","REVILLA JR., RAMON BONG","August 15, 2019",NATIONAL,OPEN ACCESS IN DATA TRANSMISSION National Telecommunications Commission (NTC),SCIENCE AND TECHNOLOGY,PENDING IN THE COMMITTEE
Senate Bill No. 976,18th Congress (July 2019 - 2022),https://ldr.senate.gov.ph/bills/senate-bill-no-976-18th-congress-republic,FOOD ALLERGEN AWARENESS AND LABELING ACT,AN ACT REQUIRING THE DISCLOSURE OF FOOD ALLERGEN INFORMATION ON MENUS AND BOARDS OF FOOD ESTABLISHMENTS AND RAISING AWARENESS ON FOOD ALLERGENS,"LAPID, MANUEL ""LITO"" M.","August 28, 2019",NATIONAL,FOOD ALLERGY/ANAPHYLAXIS FOOD ESTABLISHMENTS FOOD LABELING/PACKAGING,HEALTH AND DEMOGRAPHY,PENDING IN THE COMMITTEE
Senate Bill No. 288,18th Congress (July 2019 - 2022),https://ldr.senate.gov.ph/bills/senate-bill-no-288-18th-congress-republic,ABSOLUTE DIVORCE ACT,AN ACT INSTITUTING ABSOLUTE DIVORCE AND DISSOLUTION OF MARRIAGE IN THE PHILIPPINES,"CAYETANO, PIA S.","July 8, 2019",NATIONAL,DIVORCE MARRIAGE,"WOMEN, CHILDREN, FAMILY RELATIONS AND GENDER EQUALITY",PENDING IN THE COMMITTEE
Senate Bill No. 335,18th Congress (July 2019 - 2022),https://ldr.senate.gov.ph/bills/senate-bill-no-335-18th-congress-republic,SHARK CONSERVATION ACT OF THE PHILIPPINES,"AN ACT REGULATING THE CATCHING, SALE, PURCHASE, POSSESSION, TRANSPORTATION, IMPORTATION, AND EXPORTATION OF ALL SHARKS, RAYS, AND CHIMAERAS AND ANY PART THEREOF IN THE COUNTRY","VILLAR, CYNTHIA A.","July 11, 2019",NATIONAL,SHARKS/RAYS,"AGRICULTURE, FOOD AND AGRARIAN REFORM",PENDING IN THE COMMITTEE
Senate Bill No. 878,18th Congress (July 2019 - 2022),https://ldr.senate.gov.ph/bills/senate-bill-no-878-18th-congress-republic,TOURIST PROTECTION AND ASSISTANCE ACT,AN ACT ESTABLISHING AN INTER-GOVERNMENTAL TASK FORCE FOR THE PROTECTION AND ASSISTANCE OF TOURISTS,"LAPID, MANUEL ""LITO"" M.","August 7, 2019",NATIONAL,TOURISM TOURIST PROTECTION,TOURISM,PENDING IN THE COMMITTEE
Senate Bill No. 972,18th Congress (July 2019 - 2022),https://ldr.senate.gov.ph/bills/senate-bill-no-972-18th-congress-republic,GOOD SAMARITAN ACT OF 2019,AN ACT TO ENCOURAGE GOOD SAMARITANS WHO PROVIDE REASONABLE ASSISTANCE IN AN EMERGENCY BY PROTECTING THEM FROM LIABILITY,"GORDON, RICHARD J.","August 27, 2019",NATIONAL,GOOD SAMARITAN ACT,"SOCIAL JUSTICE, WELFARE AND RURAL DEVELOPMENT",PENDING IN THE COMMITTEE
Senate Bill No. 413,18th Congress (July 2019 - 2022),https://ldr.senate.gov.ph/bills/senate-bill-no-413-18th-congress-republic,CITIZEN SERVICE ACT OF 2019,"AN ACT ESTABLISHING THE CITIZEN SERVICE PROGRAM IN ALL EDUCATIONAL LEVELS, AMENDING FOR THIS PURPOSE REPUBLIC ACT NO. 9163 AND FOR OTHER PURPOSES","MARCOS, IMEE R.","July 11, 2019",NATIONAL,CITIZEN SERVICE TRAINING COURSE RESERVE OFFICERS TRAINING CORPS (ROTC),"BASIC EDUCATION, ARTS AND CULTURE",PENDING IN THE COMMITTEE
Senate Bill No. 790,18th Congress (July 2019 - 2022),https://ldr.senate.gov.ph/bills/senate-bill-no-790-18th-congress-republic,COMPLETION OF THE LAND ACQUISITION AND DISTRIBUTION COMPONENT OF CARP,"AN ACT MANDATING THE COMPLETION OF THE LAND ACQUISITION AND DISTRIBUTION (LAD) COMPONENT OF THE COMPREHENSIVE AGRARIAN REFORM PROGRAM (CARP) PURSUANT TO REPUBLIC ACT NO. 6657, OTHERWISE KNOWN AS THE 'COMPREHENSIVE AGRARIAN REFORM LAW', AS AMENDED","HONTIVEROS, RISA","July 25, 2019",NATIONAL,LAND ACQUISITION AND DISTRIBUTION (LAD) COMPREHENSIVE AGRARIAN REFORM LAW (CARL) R.A.NO. 6657) CONGRESSIONAL OVERSIGHT COMMITTEE ON AGRARIAN REFORM (COCAR),"AGRICULTURE, FOOD AND AGRARIAN REFORM",PENDING IN THE COMMITTEE
Senate Bill No. 854,18th Congress (July 2019 - 2022),https://ldr.senate.gov.ph/bills/senate-bill-no-854-18th-congress-republic,NUTRITIONAL INFORMATION DISCLOSURE ACT OF 2019,AN ACT REQUIRING THE DISCLOSURE OF NUTRITIONAL INFORMATION IN MENUS OF FOOD SERVICE ESTABLISHMENTS,"DE LIMA, LEILA M.","August 1, 2019",NATIONAL,NUTRITIONAL INFORMATION DISCLOSURE FOOD LABELING/PACKAGING FOOD ESTABLISHMENTS,HEALTH AND DEMOGRAPHY,PENDING IN THE COMMITTEE
Senate Bill No. 303,18th Congress (July 2019 - 2022),https://ldr.senate.gov.ph/bills/senate-bill-no-303-18th-congress-republic,FAMILY AND MEDICAL LEAVE ACT OF 2019,"AN ACT GRANTING 15 DAYS OF PAID LEAVE A YEAR TO EMPLOYEES WHOSE SPOUSE, PARENT, UNMARRIED CHILD, OR WHEN THEY THEMSELVES ARE SUFFERING FROM SERIOUS ILLNESS","REVILLA JR., RAMON BONG","July 8, 2019",NATIONAL,LEAVE OF ABSENCE (FAMILY/MEDICAL LEAVE),"LABOR, EMPLOYMENT AND HUMAN RESOURCES DEVELOPMENT",PENDING IN THE COMMITTEE
Senate Bill No. 366,18th Congress (July 2019 - 2022),https://ldr.senate.gov.ph/bills/senate-bill-no-366-18th-congress-republic,MAGNA CARTA FOR BARANGAY OFFICIALS,MAGNA CARTA FOR BARANGAY OFFICIALS,"GATCHALIAN, WIN","July 11, 2019",NATIONAL,MAGNA CARTA FOR BARANGAYS BARANGAY OFFICIALS,LOCAL GOVERNMENT,PENDING IN THE COMMITTEE
Senate Bill No. 1252,18th Congress (July 2019 - 2022),https://ldr.senate.gov.ph/bills/senate-bill-no-1252-18th-congress-republic,PHILIPPINE BUILDING ACT OF 2019,"AN ACT REGULATING THE PLANNING, DESIGN, CONSTRUCTION, OCCUPANCY, AND MAINTENANCE OF BUILDINGS, PROMOTING BUILDING RESILIENCE VERSUS FIRE, FLOOD, STORM, EARTHQUAKE AND MULTIPLE HAZARDS, ENACTING A NEW PHILIPPINE BUILDING ACT, THEREBY REPEALING PRESIDENTIAL DECREE NO. 1096, AND FOR OTHER PURPOSES","GO, CHRISTOPHER LAWRENCE T.","December 18, 2019",NATIONAL,BUILDINGS/STRUCTURES,PUBLIC WORKS,PENDING IN THE COMMITTEE
Senate Bill No. 928,18th Congress (July 2019 - 2022),https://ldr.senate.gov.ph/bills/senate-bill-no-928-18th-congress-republic,SUPPLEMENTAL APPROPRIATIONS FOR FY 2019,"AN ACT APPROPRIATING THE SUM OF ONE BILLION ONE HUNDRED SIXTY-ONE MILLION SEVEN HUNDRED TEN THOUSAND PESOS (P1,161,710, 000.00) AS SUPPLEMENTAL APPROPRIATIONS FOR FY 2019 AND FOR OTHER PURPOSES","GORDON, RICHARD J.","August 20, 2019",NATIONAL,SUPPLEMENTAL APPROPRIATIONS DENGUE VACCINATION,RULES,PENDING IN THE COMMITTEE
Senate Bill No. 1008,18th Congress (July 2019 - 2022),https://ldr.senate.gov.ph/bills/senate-bill-no-1008-18th-congress-republic,AMENDING REPUBLIC ACT NO. 4566 (CONTRACTOR ' LICENSE LAW),"AN ACT FURTHER AMENDING REPUBLIC ACT NO. 4566 TO PROMOTE COMPETITION AND INVESTMENTS IN THE CONSTRUCTION CONTRACTING SERVICES INDUSTRY, AND FOR OTHER PURPOSES","GATCHALIAN, WIN","September 4, 2019",NATIONAL,CONTRACTORS LICENSE LAW (R.A. NO. 4566),"TRADE, COMMERCE AND ENTREPRENEURSHIP",CONSOLIDATED/SUBSTITUTED IN THE COMMITTEE REPORT
Senate Bill No. 403,18th Congress (July 2019 - 2022),https://ldr.senate.gov.ph/bills/senate-bill-no-403-18th-congress-republic,NUCLEAR SCIENCE AND NUCLEAR ENGINEERING SCHOLARSHIP ACT,AN ACT ESTABLISHING A NATIONAL SCHOLARSHIP PROGRAM FOR STUDIES IN NUCLEAR SCIENCE AND NUCLEAR ENGINEERING,"TOLENTINO, FRANCIS ""TOL"" N.","July 11, 2019",NATIONAL,NUCLEAR SCIENCE AND NUCLEAR ENGINEERING SCHOLARSHIP GRANTS,"HIGHER, TECHNICAL AND VOCATIONAL EDUCATION",PENDING IN THE COMMITTEE
Senate Bill No. 1072,18th Congress (July 2019 - 2022),https://ldr.senate.gov.ph/bills/senate-bill-no-1072-18th-congress-republic,DRONE REGULATION ACT,"AN ACT REGULATING THE SALE, LEASE, OWNERSHIP AND OPERATION OF DRONES, MANDATING THE REGISTRATION OF DRONE DEALERS AND DRONE OWNERS/OPERATORS, AND PRESCRIBING PENALTIES FOR THE VIOLATION THEREOF","LAPID, MANUEL ""LITO"" M.","September 24, 2019",NATIONAL,DRONES,PUBLIC SERVICES,PENDING IN THE COMMITTEE
Senate Bill No. 433,18th Congress (July 2019 - 2022),https://ldr.senate.gov.ph/bills/senate-bill-no-433-18th-congress-republic,AMENDING SEC. 6 OF R. A. NO. 8370 (CHILDREN'S TELEVISION ACT OF 1997),"AN ACT CHANGING THE COMPOSITION OF THE ADVISORY COMMITTEE OF THE NATIONAL COUNCIL FOR THE CHILDREN'S TELEVISION, AMENDING FOR THE PURPOSE SECTION 6 OF REPUBLIC ACT NO. 8370, OTHERWISE KNOWN AS THE 'CHILDREN'S TELEVISION ACT OF 1997","REVILLA JR., RAMON BONG","July 15, 2019",NATIONAL,NATIONAL COUNCIL FOR CHILDRENS TELEVISION,PUBLIC INFORMATION AND MASS MEDIA,PENDING IN THE COMMITTEE
Senate Bill No. 490,18th Congress (July 2019 - 2022),https://ldr.senate.gov.ph/bills/senate-bill-no-490-18th-congress-republic,"AMENDING R.A.NO. 3019, ANTI GRAFT AND CORRUPT PRACTICES ACT","AN ACT AMENDING SECTION 13 OF THE REPUBLIC ACT NO. 3019, AS AMENDED, ENTITLED THE 'ANTI GRAFT AND CORRUPT PRACTICES ACT'","SOTTO III, VICENTE C.","July 15, 2019",NATIONAL,Anti-Graft and Corrupt Practices Act PREVENTIVE SUSPENSION GOVERNMENT OFFICIAL/PUBLIC OFFICIAL,JUSTICE AND HUMAN RIGHTS,PENDING IN THE COMMITTEE
Senate Bill No. 444,18th Congress (July 2019 - 2022),https://ldr.senate.gov.ph/bills/senate-bill-no-444-18th-congress-republic,INCREASING THE TAX ON IDLE LANDS,"AN ACT INCREASING THE TAX ON IDLE LANDS, AMENDING FOR THE PURPOSE SECTION 236 OF REPUBLIC ACT NO. 7160, OTHERWISE KNOWN AS THE LOCAL GOVERNMENT CODE OF 1991","REVILLA JR., RAMON BONG","July 15, 2019",NATIONAL,TAXES (AD VALOREM TAX) LOCAL GOVERNMENT CODE (R.A. NO. 7160),LOCAL GOVERNMENT,PENDING IN THE COMMITTEE
Senate Bill No. 769,18th Congress (July 2019 - 2022),https://ldr.senate.gov.ph/bills/senate-bill-no-769-18th-congress-republic,SUSTAINABLE DEVELOPMENT GOALS AND AMBISYON NATIN 2040 FUND ACT,AN ACT ESTABLISHING SUSTAINABLE DEVELOPMENT GOALS (SDG) AND AMBISYON NATIN 2040 FUND,"ANGARA, SONNY","July 24, 2019",NATIONAL,SUSTAINABLE DEVELOPMENT GOALS,ECONOMIC AFFAIRS,PENDING IN THE COMMITTEE
Senate Bill No. 505,18th Congress (July 2019 - 2022),https://ldr.senate.gov.ph/bills/senate-bill-no-505-18th-congress-republic,"AMENDING E.O.NO. 209, GRANTING THE GOVERNOR TO SOLEMNIZE MARRIAGES","AN ACT AMENDING EXECUTIVE ORDER NO. 209, OTHERWISE KNOWN AS THE FAMILY CODE OF THE PHILIPPINES AND FOR OTHER PURPOSES","CAYETANO, PIA S.","July 16, 2019",NATIONAL,FAMILY CODE (E.O. NO. 209) MARRIAGE,"WOMEN, CHILDREN, FAMILY RELATIONS AND GENDER EQUALITY",PENDING IN THE COMMITTEE
Senate Bill No. 826,18th Congress (July 2019 - 2022),https://ldr.senate.gov.ph/bills/senate-bill-no-826-18th-congress-republic,AMENDING SEC. 6 OF THE FORFEITURE LAW (R.A.NO. 1379),"AN ACT AMENDING SECTION 6 OF REPUBLIC ACT NO. 1379, OTHERWISE KNOWN AS THE 'FORFEITURE LAW', TO PROVIDE A FIXED PERCENTAGE OF THE VALUE OF FORFEITED PROPERTIES IN CORRUPTION CASES AS ADDITIONAL FUNDING FOR THE OFFICE OF THE OMBUDSMAN AND FOR OTHER PURPOSES","ANGARA, SONNY","July 30, 2019",NATIONAL,"FORFEITURE LAW (R.A.NO. 1379, AMENDMENTS) OMBUDSMAN Ill-gotten wealth",JUSTICE AND HUMAN RIGHTS,PENDING IN THE COMMITTEE
Senate Bill No. 620,18th Congress (July 2019 - 2022),https://ldr.senate.gov.ph/bills/senate-bill-no-620-18th-congress-republic,THE POLITICAL PARTY SYSTEM REFORM ACT,"AN ACT STRENGTHENING THE POLITICAL PARTY SYSTEM OF THE PHILIPPINES, CREATING A STATE SUBSIDY FUND FOR POLITICAL PARTIES, AND FOR OTHER PURPOSES","DE LIMA, LEILA M.","July 18, 2019",NATIONAL,POLITICAL PARTY,ELECTORAL REFORMS AND PEOPLES PARTICIPATION,PENDING IN THE COMMITTEE
Senate Bill No. 264,18th Congress (July 2019 - 2022),https://ldr.senate.gov.ph/bills/senate-bill-no-264-18th-congress-republic,ANTI-POLITICAL DYNASTY ACT OF 2019,"AN ACT DEFINING AND PROHIBITING POLITICAL DYNASTIES, PROVIDING PENALTIES THEREFOR, AND FOR OTHER PURPOSES","PANGILINAN, FRANCIS ""KIKO"" N.","July 8, 2019",NATIONAL,POLITICAL DYNASTY/POLITICAL DYNASTIES,ELECTORAL REFORMS AND PEOPLES PARTICIPATION,PENDING IN THE COMMITTEE
Senate Bill No. 391,18th Congress (July 2019 - 2022),https://ldr.senate.gov.ph/bills/senate-bill-no-391-18th-congress-republic,MAGNA CARTA FOR BARANGAY ACT OF 2019,AN ACT PROVIDING FOR A MAGNA CARTA FOR BARANGAYS,"GO, CHRISTOPHER LAWRENCE T.","July 11, 2019",NATIONAL,MAGNA CARTA FOR BARANGAYS,LOCAL GOVERNMENT,PENDING IN THE COMMITTEE
Senate Bill No. 862,18th Congress (July 2019 - 2022),https://ldr.senate.gov.ph/bills/senate-bill-no-862-18th-congress-republic,NATIONAL AUTISM CARE PLAN,NATIONAL AUTISM CARE PLAN,"HONTIVEROS, RISA","August 14, 2019",NATIONAL,N/A,N/A,WITHDRAWN
Senate Bill No. 1013,18th Congress (July 2019 - 2022),https://ldr.senate.gov.ph/bills/senate-bill-no-1013-18th-congress-republic,POTABLE WATER ACT OF 2019,AN ACT TO PROMOTE RURAL HEALTH BY MANDATING THE NATIONAL GOVERNMENT TO CONSTRUCT POTABLE WATER SUPPLY SYSTEM IN EVERY BARANGAY IN THE COUNTRY AND ALLOCATE FUNDS THEREFOR,"PACQUIAO, EMMANUEL ""MANNY"" D.","September 4, 2019",NATIONAL,POTABLE WATER SUPPLY SYSTEM BARANGAYS,LOCAL GOVERNMENT,PENDING IN THE COMMITTEE
Senate Bill No. 1077,18th Congress (July 2019 - 2022),https://ldr.senate.gov.ph/bills/senate-bill-no-1077-18th-congress-republic,NATIONAL TRANSPORTATION SAFETY BOARD ACT,"AN ACT CREATING A NATIONAL TRANSPORTATION SAFETY BOARD, PRESCRIBING ITS POWERS AND FUNCTIONS, AND APPROPRIATING FUNDS THEREOF","POE, GRACE","September 26, 2019",NATIONAL,NATIONAL TRANSPORTATION SAFETY BOARD,PUBLIC SERVICES,PENDING CONFERENCE COMMITTEE
Senate Bill No. 270,18th Congress (July 2019 - 2022),https://ldr.senate.gov.ph/bills/senate-bill-no-270-18th-congress-republic,EXEMPTING THE SALE OF REAL PROPERTY IN THE EXERCISE OF THE STATE'S POWER OF EMINENT DOMAIN,"AN ACT EXEMPTING THE SALE OF REAL PROPERTY IN THE EXERCISE OF THE STATE'S POWER OF EMINENT DOMAIN FROM THE PAYMENT OF CAPITAL GAINS AND DOCUMENTARY STAMP TAXES, AMENDING FOR THE PURPOSE SECTIONS 24 (D) AND 199 OF REPUBLIC ACT NO. 8424, AS AMENDED, OTHERWISE KNOWN AS THE 'NATIONAL INTERNAL REVENUE CODE OF 1997'",Ralph G. Recto,"July 8, 2019",NATIONAL,REAL PROPERTY EMINENT DOMAIN TAX EXEMPTION NATIONAL INTERNAL REVENUE CODE (NIRC) DOCUMENTARY STAMP TAX,WAYS AND MEANS,PENDING IN THE COMMITTEE
Senate Bill No. 350,18th Congress (July 2019 - 2022),https://ldr.senate.gov.ph/bills/senate-bill-no-350-18th-congress-republic,PEDESTRIAN SAFETY ACT,"AN ACT ENHANCING THE SAFETY OF PEDESTRIANS, FURTHER AMENDING REPUBLIC ACT NO. 4136, AS AMENDED, OTHERWISE KNOWN AS LAND TRANSPORTATION AND TRAFFIC CODE AND FOR OTHER PURPOSES","VILLANUEVA, JOEL","July 11, 2019",NATIONAL,PEDESTRIAN LAND TRANSPORTATION AND TRAFFIC CODE (R.A. NO. 4136),PUBLIC SERVICES,PENDING IN THE COMMITTEE
Senate Bill No. 1151,18th Congress (July 2019 - 2022),https://ldr.senate.gov.ph/bills/senate-bill-no-1151-18th-congress-republic,RELIEF GOODS FREE TRANSPORTATION ACT,AN ACT PROVIDING FOR FREE FREIGHT SERVICES IN THE TRANSPORTATION OF RELIEF GOODS TO CALAMITY-STRICKEN AREAS,"LAPID, MANUEL ""LITO"" M.","November 6, 2019",NATIONAL,CALAMITY/DISASTER RELIEF GOODS,PUBLIC SERVICES,PENDING IN THE COMMITTEE
Senate Bill No. 406,18th Congress (July 2019 - 2022),https://ldr.senate.gov.ph/bills/senate-bill-no-406-18th-congress-republic,VAT E-BILLING ACT,"AN ACT AMENDING SECTIONS 34, 110, 113, 237-A, 255, 256, AND 257 OF THE NATIONAL INTERNAL REVENUE CODE OF 1997, AS AMENDED, AND FOR OTHER PURPOSES","MARCOS, IMEE R.","July 11, 2019",NATIONAL,TAXES (VALUE-ADDED TAX / VAT) ELECTRONIC BILLING,WAYS AND MEANS,PENDING IN THE COMMITTEE
Senate Bill No. 1214,18th Congress (July 2019 - 2022),https://ldr.senate.gov.ph/bills/senate-bill-no-1214-18th-congress-republic,COMPREHENSIVE ANTI-DISCRIMINATION ACT,"AN ACT PROHIBITING DISCRIMINATION ON THE BASIS OF AGE, SEX, CIVIL STATUS, COLOR, ECONOMIC STATUS, ETHNICITY, MEDICAL CONDITION, PHYSICAL DISABILITY, POLITICAL OPINION OR AFFILIATION, RACE, OR RELIGIOUS BELIEF, PROVIDING PENALTIES THEREFOR AND FOR OTHER PURPOSES","VILLANUEVA, JOEL","December 9, 2019",NATIONAL,ANTI-DISCRIMINATION,CULTURAL COMMUNITIES,PENDING IN THE COMMITTEE
Senate Bill No. 456,18th Congress (July 2019 - 2022),https://ldr.senate.gov.ph/bills/senate-bill-no-456-18th-congress-republic,"THE P3,000.00 INCREASE IN THE MONTHLY PENSION FOR WAR VETERANS ACT OF 2019","AN ACT PROVIDING FOR A THREE THOUSAND PESO (P3,000.00) INCREASE IN THE MONTHLY PENSION OF WAR VETERANS AND THEIR DEPENDENTS","REVILLA JR., RAMON BONG","July 15, 2019",NATIONAL,VETERANS PENSION,"NATIONAL DEFENSE AND SECURITY, PEACE, UNIFICATION AND RECONCILIATION",PENDING IN THE COMMITTEE
Senate Bill No. 964,18th Congress (July 2019 - 2022),https://ldr.senate.gov.ph/bills/senate-bill-no-964-18th-congress-republic,TEACHERS OF CHILDREN WITH HANDICAPS ENHANCEMENT ACT,AN ACT ESTABLISHING A COMPREHENSIVE TRAINING PROGRAM FOR TEACHERS OF CHILDREN WITH HANDICAPS,"BINAY, MARIA LOURDES NANCY S.","August 27, 2019",NATIONAL,TEACHERS CHILDREN WITH DISABILITIES HANDICAPPED/DISABLED/DIFFERENTLY ABLED,"HIGHER, TECHNICAL AND VOCATIONAL EDUCATION",PENDING IN THE COMMITTEE
Senate Bill No. 137,18th Congress (July 2019 - 2022),https://ldr.senate.gov.ph/bills/senate-bill-no-137-18th-congress-republic,COMPREHENSIVE ANTI-DISCRIMINATION ACT OF 2019,"AN ACT PROHIBITING DISCRIMINATION ON THE BASIS OF AGE, RACIAL OR ETHNIC ORIGIN, RELIGIOUS BELIEF OR ACTIVITY, POLITICAL INCLINATION OR CONVICTION, SOCIAL CLASS, SEX, GENDER, SEXUAL ORIENTATION, GENDER IDENTITY AND EXPRESSIONS, MARITAL OR RELATIONSHIP STATUS, DISABILITY, HIV STATUS, HEALTH STATUS OR MEDICAL HISTORY, LANGUAGE, PHYSICAL FEATURES, AND OTHER STATUS, AND PROVIDING PENALTIES THEREFOR","ANGARA, SONNY","July 2, 2019",NATIONAL,ANTI-DISCRIMINATION AGE DISCRIMINATION RELIGION/BELIEFS ETHNIC GENDER DISCRIMINATION,CULTURAL COMMUNITIES,PENDING IN THE COMMITTEE
Senate Bill No. 211,18th Congress (July 2019 - 2022),https://ldr.senate.gov.ph/bills/senate-bill-no-211-18th-congress-republic,THE DEPARTMENT OF DISASTER MANAGEMENT ACT,"AN ACT CREATING THE DEPARTMENT OF DISASTER MANAGEMENT, DEFINING ITS POWERS AND FUNCTIONS, AND APPROPRIATING FUNDS THEREFOR, AND FOR OTHER PURPOSES","TOLENTINO, FRANCIS ""TOL"" N.","July 2, 2019",NATIONAL,DEPARTMENT OF DISASTER AND EMERGENCY MANAGEMENT DISASTER AWARENESS/MITIGATION/POST-DISASTER RECOVERY RESILIENCE,"NATIONAL DEFENSE AND SECURITY, PEACE, UNIFICATION AND RECONCILIATION",PENDING IN THE COMMITTEE
Senate Bill No. 564,18th Congress (July 2019 - 2022),https://ldr.senate.gov.ph/bills/senate-bill-no-564-18th-congress-republic,MAGNA CARTA OF THE OUT-OF-SCHOOL YOUTH,AN ACT PROVIDING FOR THE MAGNA CARTA OF THE OUT-OF-SCHOOL YOUTH,"BINAY, MARIA LOURDES NANCY S.","July 17, 2019",NATIONAL,MAGNA CARTA OF THE OUT-OF-SCHOOL YOUTH,YOUTH,PENDING IN THE COMMITTEE
Senate Bill No. 528,18th Congress (July 2019 - 2022),https://ldr.senate.gov.ph/bills/senate-bill-no-528-18th-congress-republic,PHILIPPINE LEGISLATIVE ACADEMY,"AN ACT ESTABLISHING THE PHILIPPINE LEGISLATIVE ACADEMY, DEFINING ITS POWERS AND FUNCTIONS, APPROPRIATING FUNDS THEREFOR AND FOR OTHER PURPOSES","ZUBIRI, JUAN MIGUEL ""MIGZ"" F.","July 16, 2019",NATIONAL,PHILIPPINE LEGISLATIVE ACADEMY,ACCOUNTS,PENDING IN THE COMMITTEE
Senate Bill No. 256,18th Congress (July 2019 - 2022),https://ldr.senate.gov.ph/bills/senate-bill-no-256-18th-congress-republic,THE AGRICULTURAL LAND CONVERSION BAN ACT,"AN ACT PROHIBITING THE CONVERSION OF IRRIGATED AND IRRIGABLE AGRICULTURAL LANDS FOR NON-AGRICULTURAL USES, AMENDING FOR THE PURPOSE SECTION 20 OF REPUBLIC ACT NO. 7160, OTHERWISE KNOWN AS THE LOCAL GOVERNMENT CODE OF 1991","PANGILINAN, FRANCIS ""KIKO"" N.","July 8, 2019",NATIONAL,AGRICULTURAL LAND CONVERSION LOCAL GOVERNMENT CODE (R.A. NO. 7160),LOCAL GOVERNMENT,PENDING IN THE COMMITTEE
Senate Bill No. 331,18th Congress (July 2019 - 2022),https://ldr.senate.gov.ph/bills/senate-bill-no-331-18th-congress-republic,DISASTER RESILIENCE ACT OF 2019,"AN ACT CREATING THE DEPARTMENT OF DISASTER RESILIENCE, DEFINING ITS POWER AND FUNCTIONS, APPROPRIATING FUNDS THEREFOR","ANGARA, SONNY","July 10, 2019",NATIONAL,DEPARTMENT OF DISASTER RESILIENCE DISASTER RISK REDUCTION AND MANAGEMENT,"NATIONAL DEFENSE AND SECURITY, PEACE, UNIFICATION AND RECONCILIATION",PENDING IN THE COMMITTEE
Senate Bill No. 595,18th Congress (July 2019 - 2022),https://ldr.senate.gov.ph/bills/senate-bill-no-595-18th-congress-republic,INCOME TAX REFORM FOR CORPORATE TAXPAYERS,"AN ACT INSTITUTING INCOME TAX REFORM FOR CORPORATE TAXPAYERS, AMENDING FOR THIS PURPOSE SECTIONS 27(A) AND 28 OF THE NATIONAL INTERNAL REVENUE CODE OF 1997, AS AMENDED",Ralph G. Recto,"July 17, 2019",NATIONAL,NATIONAL INTERNAL REVENUE CODE (NIRC) TAX REFORM ACT TAXES (CORPORATE INCOME TAX RATE),WAYS AND MEANS,CONSOLIDATED/SUBSTITUTED IN THE COMMITTEE REPORT
Senate Bill No. 611,18th Congress (July 2019 - 2022),https://ldr.senate.gov.ph/bills/senate-bill-no-611-18th-congress-republic,DIALYSIS TREATMENTS TO INDIGENT PATIENTS,"AN ACT REQUIRING THE ESTABLISHMENT OF DIALYSIS CLINICS IN ALL NATIONAL, REGIONAL AND PROVINCIAL HOSPITALS AND PROVIDING FOR FREE DIALYSIS TREATMENTS TO INDIGENT PATIENTS AND APPROPRIATING FUNDS THEREFOR","VILLANUEVA, JOEL","July 18, 2019",NATIONAL,DIALYSIS CENTER DIALYSIS TREATMENT INDIGENT PERSONS,HEALTH AND DEMOGRAPHY,PENDING IN THE COMMITTEE
Senate Bill No. 184,18th Congress (July 2019 - 2022),https://ldr.senate.gov.ph/bills/senate-bill-no-184-18th-congress-republic,MAGNA CARTA FOR CHILD DAY CARE WORKERS ACT OF 2019,AN ACT INSTITUTING THE MAGNA CARTA FOR CHILD DAY CARE WORKERS AND PROVIDING FUNDS THEREFOR,"DE LIMA, LEILA M.","July 2, 2019",NATIONAL,MAGNA CARTA FOR DAY CARE WORKERS,"SOCIAL JUSTICE, WELFARE AND RURAL DEVELOPMENT",PENDING IN THE COMMITTEE
Senate Bill No. 227,18th Congress (July 2019 - 2022),https://ldr.senate.gov.ph/bills/senate-bill-no-227-18th-congress-republic,ROTC ACT OF 2019,"AN ACT MANDATING THE INSTITUTIONALIZATION, DEVELOPMENT, TRAINING, ORGANIZATION AND ADMINISTRATION OF BASIC RESERVE OFFICERS TRAINING CORPS (ROTC) IN GRADES 11 AND 12 IN PUBLIC AND PRIVATE EDUCATIONAL INSTITUTIONS, FURTHER AMENDING REPUBLIC ACT NO. 7077, OTHERWISE KNOWN AS THE 'CITIZEN ARMED FORCES OF THE PHILIPPINES RESERVIST ACT', AS AMENDED BY REPUBLIC ACT NO. 9163, OTHERWISE KNOWN AS THE 'NATIONAL SERVICE TRAINING PROGRAM' AND APPROPRIATING FUNDS THEREFOR","DELA ROSA, RONALD ""BATO""","July 4, 2019",NATIONAL,RESERVE OFFICERS TRAINING CORPS (ROTC) NATIONAL SERVICE TRAINING PROGRAM (NSTP) CITIZEN SERVICE TRAINING COURSE Secondary Education,"BASIC EDUCATION, ARTS AND CULTURE",PENDING IN THE COMMITTEE
Senate Bill No. 1047,18th Congress (July 2019 - 2022),https://ldr.senate.gov.ph/bills/senate-bill-no-1047-18th-congress-republic,PANTAWID MAGSASAKANG PILIPINO ACT,"AN ACT PROVIDING DIRECT FINANCIAL ASSISTANCE TO FILIPINO RICE FARMERS, ESTABLISHING FOR THE PURPOSE THE PANTAWID MAGSASAKANG PILIPINO PROGRAM, PROVIDING FUNDS THEREFOR, AND FOR OTHER PURPOSES",Ralph G. Recto,"September 16, 2019",NATIONAL,FARMERS FINANCIAL ASSISTANCE PANTAWID MAGSASAKANG PILIPINO PROGRAM,"SOCIAL JUSTICE, WELFARE AND RURAL DEVELOPMENT",PENDING IN THE COMMITTEE
Senate Bill No. 153,18th Congress (July 2019 - 2022),https://ldr.senate.gov.ph/bills/senate-bill-no-153-18th-congress-republic,ALLOWING THE ADOPTION OF ALTERNATIVE WORK ARRANGEMENTS,"AN ACT ALLOWING THE ADOPTION OF ALTERNATIVE WORK ARRANGEMENTS, AMENDING FOR THE PURPOSE PRESIDENTIAL DECREE NO. 442, OTHERWISE KNOWN AS THE LABOR CODE OF THE PHILIPPINES, AS AMENDED","VILLANUEVA, JOEL","July 2, 2019",NATIONAL,ALTERNATIVE WORK ARRANGEMENT LABOR CODE OF THE PHILIPPINES (P.D. NO. 442),"LABOR, EMPLOYMENT AND HUMAN RESOURCES DEVELOPMENT",PENDING IN THE COMMITTEE
Senate Bill No. 803,18th Congress (July 2019 - 2022),https://ldr.senate.gov.ph/bills/senate-bill-no-803-18th-congress-republic,BASIC FIRST AID TRAINING FOR PERSONNEL OF TOURISM ENTERPRISES,"AN ACT REQUIRING A BASIC FIRST AID TRAINING FOR PERSONNEL OF TOURISM ENTERPRISES, TOURISM-ORIENTED NONGOVERNMENT ORGANIZATIONS AND PEOPLE'S ORGANIZATIONS, AND INDIVIDUAL PROVIDERS OF TOURISM-RELATED SERVICES","REVILLA JR., RAMON BONG","July 29, 2019",NATIONAL,FIRST AID TRAINING TOURISM,TOURISM,PENDING IN THE COMMITTEE
Senate Bill No. 238,18th Congress (July 2019 - 2022),https://ldr.senate.gov.ph/bills/senate-bill-no-238-18th-congress-republic,EXPANDED SOLO PARENTS' WELFARE ACT,"AN ACT AMENDING REPUBLIC ACT 8972 OTHERWISE KNOWN AS THE ACT PROVIDING FOR BENEFITS AND PRIVILEGES TO SOLO PARENTS AND THEIR CHILDREN, APPROPRIATING FUNDS THEREFOR AND FOR OTHER PURPOSES","SOTTO III, VICENTE C.","July 8, 2019",NATIONAL,SOLO PARENTS WELFARE ACT (R.A.NO. 8972) LEAVE OF ABSENCE (7-DAYS PARENTAL LEAVE WITH PAY) DISCOUNT PRIVILEGES,"WOMEN, CHILDREN, FAMILY RELATIONS AND GENDER EQUALITY",CONSOLIDATED/SUBSTITUTED IN THE COMMITTEE REPORT
Senate Bill No. 1120,18th Congress (July 2019 - 2022),https://ldr.senate.gov.ph/bills/senate-bill-no-1120-18th-congress-republic,MOTORCYCLE MEDICAL EMERGENCY FIRST RESPONDER ACT,AN ACT MANDATING ALL PUBLIC AND PRIVATE MEDICAL INSTITUTIONS AND HOSPITALS TO PROVIDE FOR MOTORCYCLE MEDICAL EMERGENCY FIRST-RESPONDERS,"REVILLA JR., RAMON BONG","October 14, 2019",NATIONAL,EMERGENCY RESPONSE/EMERGENCY PREPAREDNESS MOTORCYCLE MEDICAL EMERGENCY FIRST RESPONDER,HEALTH AND DEMOGRAPHY,PENDING IN THE COMMITTEE
Senate Bill No. 1185,18th Congress (July 2019 - 2022),https://ldr.senate.gov.ph/bills/senate-bill-no-1185-18th-congress-republic,GOOD MANNERS AND RIGHT CONDUCT ACT OF 2019,AN ACT INSTITUTIONALIZING THE INCLUSION OF GOOD MANNERS AND RIGHT CONDUCT CURRICULUM STARTING FROM KINDERGARTEN TO GRADE 3,"LACSON, PANFILO M.","November 20, 2019",NATIONAL,GOOD MANNERS AND RIGHT CONDUCT CURRICULUM/CURRICULA,"BASIC EDUCATION, ARTS AND CULTURE",CONSOLIDATED/SUBSTITUTED IN THE COMMITTEE REPORT
Senate Bill No. 132,18th Congress (July 2019 - 2022),https://ldr.senate.gov.ph/bills/senate-bill-no-132-18th-congress-republic,UNDERPRIVILEGED STUDENTS' DISCOUNT ACT OF 2019,"AN ACT GRANTING DISCOUNTS ON BASIC AND EDUCATION SERVICES TO UNDERPRIVILEGED STUDENTS IN ALL LEVELS, INCLUDING THOSE ENROLLED IN TECHNICAL-VOCATIONAL (TECH-VOC) INSTITUTIONS","ANGARA, SONNY","July 2, 2019",NATIONAL,STUDENTS DISCOUNT PRIVILEGES TECHNICAL-VOCATIONAL (TECH-VOC),"BASIC EDUCATION, ARTS AND CULTURE",PENDING IN THE COMMITTEE
Senate Bill No. 206,18th Congress (July 2019 - 2022),https://ldr.senate.gov.ph/bills/senate-bill-no-206-18th-congress-republic,AMENDING R.A. NO. 8972 (SOLO PARENTS WELFARE ACT),"AN ACT AMENDING REPUBLIC ACT NO. 8972 OTHERWISE KNOWN AS THE SOLO PARENTS WELFARE ACT OF 2000, PROVIDING ADDITIONAL BENEFITS, AND FOR OTHER PURPOSES","GO, CHRISTOPHER LAWRENCE T.","July 2, 2019",NATIONAL,SOLO PARENTS WELFARE ACT (R.A.NO. 8972),"WOMEN, CHILDREN, FAMILY RELATIONS AND GENDER EQUALITY",CONSOLIDATED/SUBSTITUTED IN THE COMMITTEE REPORT
Senate Bill No. 36,18th Congress (July 2019 - 2022),https://ldr.senate.gov.ph/bills/senate-bill-no-36-18th-congress-republic,RAINWATER RUNOFF,"AN ACT PROVIDING FOR THE MANAGEMENT, CONTROL, REGULATION, AND UTILIZATION OF RAINWATER RUNOFF, AND THE IMPROVEMENT OF ECOLOGICAL CHARACTERISTICS OF CATCHMENTS TO ADDRESS FLOODING AND WATER SUPPLY NEEDS IN URBAN AND RURAL CENTERS, AND CREATING THE NECESSARY INSTITUTIONAL MECHANISMS THEREFOR","PANGILINAN, FRANCIS ""KIKO"" N.","July 1, 2019",NATIONAL,RAINWATER WATER RESOURCES MANAGEMENT WATER/WATER SUPPLY,PUBLIC WORKS,PENDING IN THE COMMITTEE
Senate Bill No. 100,18th Congress (July 2019 - 2022),https://ldr.senate.gov.ph/bills/senate-bill-no-100-18th-congress-republic,NATIONAL CENTER FOR GERIATRIC HEALTH AND RESEARCH INSTITUTE ACT,"AN ACT CONVERTING THE NATIONAL CENTER FOR GERIATRIC HEALTH INTO A CORPORATE BODY TO BE KNOWN AS THE 'NATIONAL CENTER FOR GERIATRIC HEALTH AND RESEARCH INSTITUTE,' AND APPROPRIATING FUNDS THEREFOR","PIMENTEL, AQUILINO ""KOKO"" III","July 1, 2019",NATIONAL,NATIONAL GERIATRIC HEALTH CENTRE AND GERONTOLOGY RESEARCH INSTITUTE,GOVERNMENT CORPORATIONS AND PUBLIC ENTERPRISES,PENDING IN THE COMMITTEE
Senate Bill No. 657,18th Congress (July 2019 - 2022),https://ldr.senate.gov.ph/bills/senate-bill-no-657-18th-congress-republic,CREATING THE POSITION OF BARANGAY NUTRITION WORKER IN EVERY BARANGAY,"AN ACT CREATING THE POSITION OF BARANGAY NUTRITION WORKER IN EVERY BARANGAY PROVIDING INCENTIVES THERETO, APPROPRIATING FUNDS THEREFOR, AMENDING FOR THE PURPOSE PRESIDENTIAL DECREE NO. 1569","REVILLA JR., RAMON BONG","July 22, 2019",NATIONAL,BARANGAY NUTRITION WORKER,HEALTH AND DEMOGRAPHY,PENDING IN THE COMMITTEE
Senate Bill No. 551,18th Congress (July 2019 - 2022),https://ldr.senate.gov.ph/bills/senate-bill-no-551-18th-congress-republic,ANTI-OVERLOADING ACT OF 2019,AN ACT INCREASING THE PENALTY FOR OVERLOADING OF PASSENGERS IN PUBLIC UTILITY VEHICLES AND FOR OTHER PURPOSES,"PACQUIAO, EMMANUEL ""MANNY"" D.","July 16, 2019",NATIONAL,OVERLOADING PUBLIC UTILITY VEHICLES PASSENGERS,PUBLIC SERVICES,PENDING IN THE COMMITTEE
Senate Bill No. 729,18th Congress (July 2019 - 2022),https://ldr.senate.gov.ph/bills/senate-bill-no-729-18th-congress-republic,TRANSPORTATION NETWORK SERVICE ACT,"AN ACT REGULATING TRANSPORTATION NETWORK SERVICES, IMPOSING AND AUTHORIZING FEES, PROVIDING PENALTIES FOR VIOLATIONS THEREOF AND FOR OTHER PURPOSES","GATCHALIAN, WIN","July 24, 2019",NATIONAL,TRANSPORTATION NETWORK SERVICES,PUBLIC SERVICES,PENDING IN THE COMMITTEE
Senate Bill No. 47,18th Congress (July 2019 - 2022),https://ldr.senate.gov.ph/bills/senate-bill-no-47-18th-congress-republic,MULTIPURPOSE GYM IN ALL MUNICIPALITIES AND CITIES ACT,AN ACT PROVIDING FOR THE CONSTRUCTION OF A MULTIPURPOSE GYM IN ALL MUNICIPALITIES AND CITIES TO SERVE AS EVACUATION CENTER DURING TIMES OF CALAMITY OR DISASTER AND APPROPRIATING FUNDS THEREFOR,Ralph G. Recto,"July 1, 2019",NATIONAL,GYM EVACUATION CENTER,PUBLIC WORKS,PENDING IN THE COMMITTEE
Senate Bill No. 111,18th Congress (July 2019 - 2022),https://ldr.senate.gov.ph/bills/senate-bill-no-111-18th-congress-republic,THE E-VAW LAW OF 2019,"AN ACT AMENDING REPUBLIC ACT NO. 9262, DEFINING ELECTRONIC VIOLENCE AGAINST WOMEN OR E-VAW, PROVIDING PROTECTIVE MEASURES AND PRESCRIBING PENALTIES THEREFOR, AND FOR OTHER PURPOSES","BINAY, MARIA LOURDES NANCY S.","July 1, 2019",NATIONAL,ELECTRONIC VIOLENCE AGAINST WOMEN (E-VAW),"WOMEN, CHILDREN, FAMILY RELATIONS AND GENDER EQUALITY",PENDING IN THE COMMITTEE
Senate Bill No. 663,18th Congress (July 2019 - 2022),https://ldr.senate.gov.ph/bills/senate-bill-no-663-18th-congress-republic,REQUIRING PUBLIC OFFICIALS AND EMPLOYEES TO SUBMIT A WRITTEN PERMISSION IN FAVOR OF THE OMBUDSMAN,"AN ACT REQUIRING PUBLIC OFFICIALS AND EMPLOYEES TO SUBMIT A WRITTEN PERMISSION OR WAIVER IN FAVOR OF THE OMBUDSMAN TO LOOK INTO ALL DEPOSITS OF WHATEVER NATURE WITH BANKS OR BANKING INSTITUTIONS BOTH WITHIN AND OUTSIDE THE PHILIPPINES INCLUDING INVESTMENTS BONDS ISSUED BY THE GOVERNMENT OF THE PHILIPPINES, ITS POLITICAL SUBDIVISIONS AND INSTRUMENTALITIES AND PROVIDING PENALTIES THEREFOR","REVILLA JR., RAMON BONG","July 22, 2019",NATIONAL,BANK DEPOSITS/BANK ACCOUNTS WAIVER OMBUDSMAN GOVERNMENT OFFICIAL/PUBLIC OFFICIAL GOVERNMENT EMPLOYEES,JUSTICE AND HUMAN RIGHTS,PENDING IN THE COMMITTEE
Senate Bill No. 737,18th Congress (July 2019 - 2022),https://ldr.senate.gov.ph/bills/senate-bill-no-737-18th-congress-republic,HOMES FOR ABANDONED SENIORS ACT OF 2019,"AN ACT ESTABLISHING A NURSING HOME FOR HOMELESS AND ABANDONED SENIOR CITIZENS IN EVERY CITY OR MUNICIPALITY IN THE PHILIPPINES, APPROPRIATING FUNDS THEREFOR, AND FOR OTHER PURPOSES","GATCHALIAN, WIN","July 24, 2019",NATIONAL,SENIOR CITIZEN/ELDERLY Abandonment homeless,"SOCIAL JUSTICE, WELFARE AND RURAL DEVELOPMENT",PENDING IN THE COMMITTEE
Senate Bill No. 994,18th Congress (July 2019 - 2022),https://ldr.senate.gov.ph/bills/senate-bill-no-994-18th-congress-republic,INTERNS' RIGHTS AND WELFARE ACT OF 2019,AN ACT PROVIDING FOR A NATIONAL FRAMEWORK FOR INTERNS' RIGHTS AND WELFARE,"HONTIVEROS, RISA","September 2, 2019",NATIONAL,INTERNSHIP,"HIGHER, TECHNICAL AND VOCATIONAL EDUCATION",PENDING IN THE COMMITTEE
Senate Bill No. 408,18th Congress (July 2019 - 2022),https://ldr.senate.gov.ph/bills/senate-bill-no-408-18th-congress-republic,TOTAL BAN OF WASTE IMPORTATION ACT OF 2019,"AN ACT IMPOSING A TOTAL BAN ON THE IMPORTATION OF WASTE AND ITS BY-PRODUCTS OR RESIDUES, AND PROVIDING PENALTIES THEREFOR","MARCOS, IMEE R.","July 11, 2019",NATIONAL,WASTE IMPORTATION BAN,"ENVIRONMENT, NATURAL RESOURCES AND CLIMATE CHANGE",PENDING IN THE COMMITTEE
Senate Bill No. 1058,18th Congress (July 2019 - 2022),https://ldr.senate.gov.ph/bills/senate-bill-no-1058-18th-congress-republic,PHILIPPINE MICROBIOLOGY ACT OF 2019,AN ACT REGULATING THE PRACTICE OF MICROBIOLOGY IN THE PHILIPPINES AND FOR OTHER PURPOSES,"ZUBIRI, JUAN MIGUEL ""MIGZ"" F.","September 17, 2019",NATIONAL,MICROBIOLOGY,"CIVIL SERVICE, GOVERNMENT REORGANIZATION AND PROFESSIONAL REGULATION",PENDING IN THE COMMITTEE
Senate Bill No. 351,18th Congress (July 2019 - 2022),https://ldr.senate.gov.ph/bills/senate-bill-no-351-18th-congress-republic,ALTERNATIVE MODES OF TRANSPORTATION ACT,"AN ACT RECOGNIZING ALTERNATIVE MODES OF PUBLIC TRANSPORTATION, PROVIDING REGULATIONS GOVERNING THEIR OPERATIONS, AND FOR OTHER PURPOSES","VILLANUEVA, JOEL","July 11, 2019",NATIONAL,TRANSPORTATION NETWORK SERVICES RIDESHARE NETWORK SERVICES/RIDESHARE SUPPORT COMPANIES,PUBLIC SERVICES,PENDING IN THE COMMITTEE
Senate Bill No. 980,18th Congress (July 2019 - 2022),https://ldr.senate.gov.ph/bills/senate-bill-no-980-18th-congress-republic,AMENDING SEC. 23 OF R. A. NO. 9184 (THE GOVERNMENT PROCUREMENT REFORM ACT),"AN ACT STRENGTHENING LOCAL INFRASTRUCTURE INDUSTRY PLAYERS, AMENDING FOR THE PURPOSE SECTION 23 OF REPUBLIC ACT NO. 9184, OTHERWISE KNOWN AS THE GOVERNMENT PROCUREMENT REFORM ACT, AND FOR OTHER PURPOSES",Ralph G. Recto,"August 28, 2019",NATIONAL,Government procurement INFRASTRUCTURES,FINANCE,PENDING IN THE COMMITTEE
Senate Bill No. 43,18th Congress (July 2019 - 2022),https://ldr.senate.gov.ph/bills/senate-bill-no-43-18th-congress-republic,FULL CROP INSURANCE COVERAGE TO QUALIFIED COMPREHENSIVE AGRARIAN REFORM PROGRAM BENEFICIARIES,"AN ACT AUTHORIZING THE GRANT OF A FULL CROP INSURANCE COVERAGE TO QUALIFIED BENEFICIARIES OF THE COMPREHENSIVE AGRARIAN REFORM PROGRAM AMENDING FOR THE PURPOSE SECTION 14 OF REPUBLIC ACT NO. 9700, OTHERWISE KNOWN AS THE COMPREHENSIVE AGRARIAN REFORM PROGRAM EXTENSION WITH REFORMS",Ralph G. Recto,"July 1, 2019",NATIONAL,CROP INSURANCE COMPREHENSIVE AGRARIAN REFORM PROGRAM EXTENSION WITH REFORMS (R.A.NO. 9700),"AGRICULTURE, FOOD AND AGRARIAN REFORM",PENDING IN THE COMMITTEE
Senate Bill No. 107,18th Congress (July 2019 - 2022),https://ldr.senate.gov.ph/bills/senate-bill-no-107-18th-congress-republic,PHILIPPINE IMMIGRATION ACT,PHILIPPINE IMMIGRATION ACT,"ZUBIRI, JUAN MIGUEL ""MIGZ"" F.","July 1, 2019",NATIONAL,IMMIGRATION ACT,JUSTICE AND HUMAN RIGHTS,PENDING IN THE COMMITTEE
Senate Bill No. 660,18th Congress (July 2019 - 2022),https://ldr.senate.gov.ph/bills/senate-bill-no-660-18th-congress-republic,TEACHER'S HOUSING PROGRAM,AN ACT TO PROVIDE FOR A HOUSING PROGRAM FOR TEACHERS,"REVILLA JR., RAMON BONG","July 22, 2019",NATIONAL,HOUSING (AFFORDABLE RESIDENTIAL HOUSING) PUBLIC SCHOOL TEACHERS,"URBAN PLANNING, HOUSING AND RESETTLEMENT",PENDING IN THE COMMITTEE
Senate Bill No. 749,18th Congress (July 2019 - 2022),https://ldr.senate.gov.ph/bills/senate-bill-no-749-18th-congress-republic,STRENGTHENING THE DRUG REHABILITATION PROGRAMS OF THE GOVERNMENT,"AN ACT STRENGTHENING THE DRUG REHABILITATION PROGRAMS OF THE GOVERNMENT, AMENDING FOR THIS PURPOSE REPUBLIC ACT NO, 9165 OTHERWISE KNOWN AS THE 'COMPREHENSIVE DANGEROUS DRUGS ACT OF 2002', AS AMENDED, APPROPRIATING FUNDS THEREOF, AND FOR OTHER PURPOSES","POE, GRACE","July 24, 2019",NATIONAL,"DANGEROUS DRUGS ACT OF 2002, R.A.NO. 9165 DRUG REHABILITATION",PUBLIC ORDER AND DANGEROUS DRUGS,PENDING IN THE COMMITTEE
Senate Bill No. 481,18th Congress (July 2019 - 2022),https://ldr.senate.gov.ph/bills/senate-bill-no-481-18th-congress-republic,"IGLESIA NI CRISTO, JULY 27 OF EVERY YEAR AS SPECIAL NATIONAL NONWORKING HOLIDAY",AN ACT DECLARING JULY 27 OF EVERY YEAR AS A SPECIAL NATIONAL NONWORKING HOLIDAY IN COMMEMORATION OF THE FOUNDING ANNIVERSARY OF THE IGLESIA NI CRISTO IN THE PHILIPPINES,Ralph G. Recto,"July 15, 2019",NATIONAL,IGLESIA NI CRISTO (INC) HOLIDAYS (SPECIAL NON-WORKING),CONSTITUTIONAL AMENDMENTS AND REVISION OF CODES,PENDING IN THE COMMITTEE
Senate Bill No. 455,18th Congress (July 2019 - 2022),https://ldr.senate.gov.ph/bills/senate-bill-no-455-18th-congress-republic,STRENGTHEN THE APPREHENSION AGAINST THE OBSTRUCTION OF JUSTICE,"AN ACT TO FURTHER STRENGTHEN THE APPREHENSION AGAINST THE OBSTRUCTION OF JUSTICE, AMENDING FOR THE PURPOSE SECTION 1 OF PRESIDENTIAL DECREE NO. 1829, OTHERWISE KNOWN AS PENALIZING OBSTRUCTION OF APPREHENSION AND PROSECUTION OF CRIMINAL OFFENDERS","REVILLA JR., RAMON BONG","July 15, 2019",NATIONAL,"PRESIDENTIAL DECREE (P.D.NO. 1829, PENALIZING OBSTRUCTION OF APPREHENSION/PROSECUTION)",JUSTICE AND HUMAN RIGHTS,PENDING IN THE COMMITTEE
Senate Bill No. 552,18th Congress (July 2019 - 2022),https://ldr.senate.gov.ph/bills/senate-bill-no-552-18th-congress-republic,CHILD INTERNET SAFETY AND PROTECTION ACT OF 2019,AN ACT PROVIDING INTERNET SAFETY AND PROTECTION FOR CHILDREN,"PACQUIAO, EMMANUEL ""MANNY"" D.","July 16, 2019",NATIONAL,CHILD INTERNET SAFETY AND PROTECTION,"WOMEN, CHILDREN, FAMILY RELATIONS AND GENDER EQUALITY",PENDING IN THE COMMITTEE
Senate Bill No. 516,18th Congress (July 2019 - 2022),https://ldr.senate.gov.ph/bills/senate-bill-no-516-18th-congress-republic,NATIONAL PEACE POLICY ACT OF 2019,AN ACT DECLARING A NATIONAL PEACE POLICY THEREBY CREATING A COMMISSION ON PEACE,"DELA ROSA, RONALD ""BATO""","July 16, 2019",NATIONAL,PEACE COMMISSION ON PEACE,"NATIONAL DEFENSE AND SECURITY, PEACE, UNIFICATION AND RECONCILIATION",PENDING IN THE COMMITTEE
Senate Bill No. 873,18th Congress (July 2019 - 2022),https://ldr.senate.gov.ph/bills/senate-bill-no-873-18th-congress-republic,HEALTHY FOOD CHOICES FOR KIDS ACT,AN ACT ESTABLISHING A LABELING AND NUTRITIONAL AWARENESS PROGRAM THAT REQUIRES SCHOOLS TO POST NUTRITIONAL CONTENT INFORMATION REGARDING FOOD SERVED IN THEIR CANTEENS,"BINAY, MARIA LOURDES NANCY S.","August 6, 2019",NATIONAL,FOOD LABELING/PACKAGING NUTRITIONAL INFORMATION DISCLOSURE,"BASIC EDUCATION, ARTS AND CULTURE",PENDING IN THE COMMITTEE
Senate Bill No. 948,18th Congress (July 2019 - 2022),https://ldr.senate.gov.ph/bills/senate-bill-no-948-18th-congress-republic,SUSTAINABLE TRANSPORTATION ACT,AN ACT PROMOTING SUSTAINABLE AND ALTERNATIVE MODES OF TRANSPORTATION AND OTHER MOBILITY OPTIONS,"BINAY, MARIA LOURDES NANCY S.","August 20, 2019",NATIONAL,SUSTAINABLE TRANSPORTATION,"SUSTAINABLE DEVELOPMENT GOALS, INNOVATION AND FUTURES THINKING",PENDING IN THE COMMITTEE
Senate Bill No. 2,18th Congress (July 2019 - 2022),https://ldr.senate.gov.ph/bills/senate-bill-no-2-18th-congress-republic,ANTI-DRUG PENAL INSTITUTION ACT,"AN ACT ESTABLISHING A DETENTION PROGRAM AND FACILITY FOR HIGH-LEVEL DRUG OFFENDERS WITHIN THE NATIONAL PENITENTIARY SYSTEM UNDER THE BUREAU OF CORRECTIONS, APPROPRIATING FUNDS THEREFOR AND FOR OTHER PURPOSES","SOTTO III, VICENTE C.","July 1, 2019",NATIONAL,ILLEGAL DRUGS ANTI-DRUG PENAL INSTITUTION BUREAU OF CORRECTIONS (BUCOR),JUSTICE AND HUMAN RIGHTS,CONSOLIDATED/SUBSTITUTED IN THE COMMITTEE REPORT
Senate Bill No. 76,18th Congress (July 2019 - 2022),https://ldr.senate.gov.ph/bills/senate-bill-no-76-18th-congress-republic,VAT EXEMPTION ON DRUGS AND MEDICINES PRESCRIBED FOR MENTAL HEALTH CONDITIONS,"AN ACT EXEMPTING DRUGS AND MEDICINES PRESCRIBED FOR MENTAL HEALTH CONDITIONS FROM VALUE-ADDED TAX, AMENDING FOR THE PURPOSE SECTION 109 OF THE NATIONAL INTERNAL REVENUE CODE OF 1997, AS AMENDED","REVILLA JR., RAMON BONG","July 1, 2019",NATIONAL,MENTAL HEALTH MEDICINES/DRUGS TAXES (VALUE-ADDED TAX / VAT) TAX EXEMPTION NATIONAL INTERNAL REVENUE CODE (NIRC),WAYS AND MEANS,PENDING IN THE COMMITTEE
Senate Bill No. 639,18th Congress (July 2019 - 2022),https://ldr.senate.gov.ph/bills/senate-bill-no-639-18th-congress-republic,NATIONAL MANGROVE FOREST PROTECTION AND PRESERVATION ACT OF 2019,"AN ACT PROVIDING FOR THE PRESERVATION, REFORESTATION, AFFORESTATION, AND SUSTAINABLE DEVELOPMENT OF MANGROVE FORESTS IN THE PHILIPPINES, PROVIDING PENALTIES THEREFOR, AND FOR OTHER PURPOSES","PANGILINAN, FRANCIS ""KIKO"" N.","July 22, 2019",NATIONAL,MANGROVE FORESTS REFORESTATION,"ENVIRONMENT, NATURAL RESOURCES AND CLIMATE CHANGE",PENDING IN THE COMMITTEE
Senate Bill No. 683,18th Congress (July 2019 - 2022),https://ldr.senate.gov.ph/bills/senate-bill-no-683-18th-congress-republic,REMITTANCE ACT,"AN ACT PROTECTING THE REMITTANCES OR MONEY TRANSFERS OF OVERSEAS FILIPINO WORKERS (OFWS) BY REQUIRING THE DISCLOSURE OF FINANCE CHARGES AND OTHER FEES IN CONNECTION WITH MONEY TRANSFER, COMPELLING STRICT ADHERENCE TO THE TERMS AND CONDITIONS OF THEIR TRANSFER, PENALIZING VIOLATIONS THEREOF, AND FOR OTHER PURPOSES","PIMENTEL, AQUILINO ""KOKO"" III","July 22, 2019",NATIONAL,REMITTANCE OVERSEAS FILIPINO WORKERS (OFWS)/ MIGRANT WORKERS,"BANKS, FINANCIAL INSTITUTIONS AND CURRENCIES",PENDING IN THE COMMITTEE
Senate Bill No. 392,18th Congress (July 2019 - 2022),https://ldr.senate.gov.ph/bills/senate-bill-no-392-18th-congress-republic,BARANGAY HEALTH WORKERS ACT OF 2019,"AN ACT MANDATING THE APPOINTMENT OF BARANGAY HEALTH WORKERS IN BARANGAYS, PROVIDING FOR THEIR DUTIES AND RESPONSIBILITIES, COMPENSATION AND BENEFITS, AND FOR OTHER PURPOSES","GO, CHRISTOPHER LAWRENCE T.","July 11, 2019",NATIONAL,BARANGAY HEALTH WORKER,HEALTH AND DEMOGRAPHY,PENDING IN THE COMMITTEE
Senate Bill No. 424,18th Congress (July 2019 - 2022),https://ldr.senate.gov.ph/bills/senate-bill-no-424-18th-congress-republic,GRANTING CIVIL SERVICE ELIGIBILITY TO CASUAL OR CONTRACTUAL EMPLOYEES OF THE GOVERNMENT,AN ACT GRANTING CIVIL SERVICE ELIGIBILITY TO CASUAL OR CONTRACTUAL EMPLOYEES OF THE GOVERNMENT WHO HAVE RENDERED AT LEAST FIVE (5) YEARS OF CONTINUOUS EFFICIENT SERVICE,"PANGILINAN, FRANCIS ""KIKO"" N.","July 15, 2019",NATIONAL,GOVERNMENT EMPLOYEES (CASUAL/CONTRACTUAL) CIVIL SERVICE ELIGIBILITY,"CIVIL SERVICE, GOVERNMENT REORGANIZATION AND PROFESSIONAL REGULATION",PENDING IN THE COMMITTEE
Senate Bill No. 778,18th Congress (July 2019 - 2022),https://ldr.senate.gov.ph/bills/senate-bill-no-778-18th-congress-republic,STRENGTHENING THE COMMISSION ON ELECTIONS,"AN ACT STRENGTHENING THE COMMISSION ON ELECTIONS, AMENDING FOR THE PURPOSE PERTINENT PROVISIONS OF BATAS PAMBANSA BLG. 881, OTHERWISE KNOWN AS THE 'OMNIBUS ELECTION CODE', AS AMENDED, PROVIDING FUNDS THEREFOR, AND FOR OTHER PURPOSES","DE LIMA, LEILA M.","July 25, 2019",NATIONAL,COMMISSION ON ELECTION (COMELEC) OMNIBUS ELECTION CODE (BATAS PAMBANSA BLG. 881),ELECTORAL REFORMS AND PEOPLES PARTICIPATION,PENDING IN THE COMMITTEE
Senate Bill No. 833,18th Congress (July 2019 - 2022),https://ldr.senate.gov.ph/bills/senate-bill-no-833-18th-congress-republic,DEPARTMENT OF CULTURE ACT OF 2019,"AN ACT ESTABLISHING THE DEPARTMENT OF CULTURE, APPROPRIATING FUNDS THEREFOR, AND FOR OTHER PURPOSES","ANGARA, SONNY","July 30, 2019",NATIONAL,DEPARTMENT OF CULTURE,"BASIC EDUCATION, ARTS AND CULTURE",PENDING IN THE COMMITTEE
Senate Bill No. 584,18th Congress (July 2019 - 2022),https://ldr.senate.gov.ph/bills/senate-bill-no-584-18th-congress-republic,BEREAVEMENT LEAVE ACT OF 2019,AAN ACT GRANTING BEREAVEMENT LEAVE OF TEN (10) DAYS WITH FULL PAY TO ALL EMPLOYEES IN THE PRIVATE AND PUBLIC SECTORS AND FOR OTHER PURPOSES,"POE, GRACE","July 17, 2019",NATIONAL,BEREAVEMENT LEAVE,"LABOR, EMPLOYMENT AND HUMAN RESOURCES DEVELOPMENT",PENDING IN THE COMMITTEE
Senate Bill No. 186,18th Congress (July 2019 - 2022),https://ldr.senate.gov.ph/bills/senate-bill-no-186-18th-congress-republic,"COMPREHENSIVE STATEMENT OF ASSETS, LIABILITIES AND NET WORTH ACT OF 2019","AN ACT PROVIDING FOR A COMPREHENSIVE LAW ON STATEMENT OF ASSETS, LIABILITIES AND NET WORTH AND PROVIDING PENALTIES FOR VIOLATIONS THEREOF","DE LIMA, LEILA M.","July 2, 2019",NATIONAL,"Statement of Assets, Liabilities and Net Worth (SALN)","CIVIL SERVICE, GOVERNMENT REORGANIZATION AND PROFESSIONAL REGULATION",PENDING IN THE COMMITTEE
Senate Bill No. 1141,18th Congress (July 2019 - 2022),https://ldr.senate.gov.ph/bills/senate-bill-no-1141-18th-congress-republic,BAHAY-WIKA ACT OF 2019,AN ACT INSTITUTIONALIZING A NATIONWIDE LANGUAGE REVITALIZATION PROGRAM AND PROVIDING FUNDS THEREFOR,"LAPID, MANUEL ""LITO"" M.","November 5, 2019",NATIONAL,BAHAY-WIKA LANGUAGE REVITALIZATION Filipino Language,"BASIC EDUCATION, ARTS AND CULTURE",PENDING IN THE COMMITTEE
Senate Bill No. 224,18th Congress (July 2019 - 2022),https://ldr.senate.gov.ph/bills/senate-bill-no-224-18th-congress-republic,"LOCAL ROAD REPAIR, REHABILITATION, AND IMPROVEMENT ACT OF 2018","AN ACT PROVIDING FOR THE INSTITUTIONALIZATION OF THE CONDITIONAL MATCHING GRANT TO PROVINCES (CMGP) FOR ROAD AND BRIDGE REPAIR, REHABILITATION, AND IMPROVEMENT","MARCOS, IMEE R.","July 3, 2019",NATIONAL,ROAD MAINTENANCE Department of Public Works and Highways (DPWH) CONDITIONAL MATCHING GRANT TO PROVINCES (CGMP),LOCAL GOVERNMENT,PENDING IN THE COMMITTEE
Senate Bill No. 1205,18th Congress (July 2019 - 2022),https://ldr.senate.gov.ph/bills/senate-bill-no-1205-18th-congress-republic,LABOR EDUCATION ACT OF 2019,AN ACT INTEGRATING LABOR EDUCATION INTO THE SOCIAL SCIENCE SUBJECTS IN THE HIGHER EDUCATION CURRICULUM,"REVILLA JR., RAMON BONG","November 27, 2019",NATIONAL,LABOR EDUCATION CURRICULUM/CURRICULA,"HIGHER, TECHNICAL AND VOCATIONAL EDUCATION",CONSOLIDATED/SUBSTITUTED IN THE COMMITTEE REPORT
Senate Bill No. 501,18th Congress (July 2019 - 2022),https://ldr.senate.gov.ph/bills/senate-bill-no-501-18th-congress-republic,ANTI-PROSTITUTION ACT,"AN ACT ADDRESSING THE SYSTEM OF PROSTITUTION, IMPOSING PENALTIES ON ITS PERPETRATORS, PROVIDING PROTECTIVE MEASURES AND SUPPORT SERVICES FOR ITS VICTIMS, REPEALING FOR THE PURPOSE ARTICLES 202 AND 341 OF THE PENAL CODE","CAYETANO, PIA S.","July 16, 2019",NATIONAL,PROSTITUTION REVISED PENAL CODE (R.A. NO. 3815),JUSTICE AND HUMAN RIGHTS,PENDING IN THE COMMITTEE
Senate Bill No. 610,18th Congress (July 2019 - 2022),https://ldr.senate.gov.ph/bills/senate-bill-no-610-18th-congress-republic,BLEEDING DISORDER STANDARDS OF CARE ACT,"AN ACT PROVIDING A STANDARD OF CARE FOR THE TREATMENT OF PERSONS WITH BLEEDING DISORDERS, ESTABLISHING TREATMENT CENTERS AND APPROPRIATING FUNDS THEREFOR","VILLANUEVA, JOEL","July 18, 2019",NATIONAL,health care PERSONS WITH BLEEDING DISORDERS HEMOPHILIA VON WILLEBRAND DISEASE/BLEEDING DISORDER,HEALTH AND DEMOGRAPHY,PENDING IN THE COMMITTEE
Senate Bill No. 236,18th Congress (July 2019 - 2022),https://ldr.senate.gov.ph/bills/senate-bill-no-236-18th-congress-republic,SIM CARD REGISTRATION ACT,AN ACT TO ERADICATE MOBILE PHONE-AIDED TERRORISM AND CRIMINAL ACTIVITIES MANDATING FOR THIS PURPOSE OWNERSHIP REGISTRATION OF ALL PRE-PAID SIM CARDS FOR CELLULAR PHONES,"SOTTO III, VICENTE C.","July 8, 2019",NATIONAL,SIM CARD REGISTRATION MOBILE WIRELESS DEVICES CELLULAR PHONES/CELL PHONES PHONE-AIDED TERRORISM AND CRIMINAL ACTIVITIES,PUBLIC SERVICES,CONSOLIDATED/SUBSTITUTED IN THE COMMITTEE REPORT
Senate Bill No. 393,18th Congress (July 2019 - 2022),https://ldr.senate.gov.ph/bills/senate-bill-no-393-18th-congress-republic,FREE LEGAL ASSISTANCE TO ANY OFFICER OR ENLISTED PERSONNEL OF THE AFP AND PNP,"AN ACT PROVIDING FREE LEGAL ASSISTANCE TO ANY OFFICER OR ENLISTED PERSONNEL OF THE ARMED FORCES OF THE PHILIPPINES AND THE PHILIPPINE NATIONAL POLICE ON ANY CHARGE BEFORE THE PROSECUTOR'S OFFICE, COURT OR ANY COMPETENT BODY ARISING FROM AN INCIDENT OR INCIDENTS RELATED TO THE PERFORMANCE OF OFFICIAL DUTY","GO, CHRISTOPHER LAWRENCE T.","July 11, 2019",NATIONAL,FREE LEGAL AID ARMED FORCES OF THE PHILIPPINES (AFP) PHILIPPINE NATIONAL POLICE (PNP),"NATIONAL DEFENSE AND SECURITY, PEACE, UNIFICATION AND RECONCILIATION",PENDING IN THE COMMITTEE
Senate Bill No. 425,18th Congress (July 2019 - 2022),https://ldr.senate.gov.ph/bills/senate-bill-no-425-18th-congress-republic,"INCREASING THE SERVICE INCENTIVE LEAVE OF EMPLOYEES,","AN ACT INCREASING THE SERVICE INCENTIVE LEAVE OF EMPLOYEES, AMENDING FOR THE PURPOSE ARTICLE 95 OF PRESIDENTIAL DECREE NO. 442, AS AMENDED, OTHERWISE KNOWN AS THE LABOR CODE OF THE PHILIPPINES","PANGILINAN, FRANCIS ""KIKO"" N.","July 15, 2019",NATIONAL,SERVICE INCENTIVE LEAVE EMPLOYEES LABOR CODE OF THE PHILIPPINES (P.D. NO. 442),"LABOR, EMPLOYMENT AND HUMAN RESOURCES DEVELOPMENT",PENDING IN THE COMMITTEE
Senate Bill No. 644,18th Congress (July 2019 - 2022),https://ldr.senate.gov.ph/bills/senate-bill-no-644-18th-congress-republic,SELF-EMPLOYED WORKERS PROTECTION AND ENHANCEMENT ACT,"AN ACT TO FURTHER STRENGTHEN THE STANDARD OF PROTECTION AND ENHANCEMENT OF THE WELFARE OF SELF-EMPLOYED WORKERS AND CRAFTSMEN AND THE PROMOTION OF ENTREPRENEURSHIP THEREBY AMENDING FOR THIS PURPOSE, SECTION 8 OF REPUBLIC ACT NO. 8282 OTHERWISE KNOWN AS THE SOCIAL SECURITY ACT OF 1997","REVILLA JR., RAMON BONG","July 22, 2019",NATIONAL,SELF-EMPLOYED WORKERS/CRAFTSMEN SOCIAL SECURITY ACT OF 1997 (R.A.NO. 8282),"LABOR, EMPLOYMENT AND HUMAN RESOURCES DEVELOPMENT",CONSOLIDATED/SUBSTITUTED IN THE COMMITTEE REPORT
Senate Bill No. 717,18th Congress (July 2019 - 2022),https://ldr.senate.gov.ph/bills/senate-bill-no-717-18th-congress-republic,KABUHAYAN FOR OFFENDERS THROUGH SKILLS ADVANCEMENT (KOSA) ACT,"AN ACT INSTITUTIONALIZING SKILLS TRAINING PROGRAM AND PROVIDING JOB OPPORTUNITIES TO INMATES IN DETENTION FACILITIES, APPROPRIATING FUNDS THEREFOR AND FOR OTHER PURPOSES","VILLANUEVA, JOEL","July 24, 2019",NATIONAL,PRISONERS/INMATES INSTITUTIONALIZED PERSONS SKILLS TRAINING/RETRAINING,JUSTICE AND HUMAN RIGHTS,PENDING IN THE COMMITTEE
Senate Bill No. 251,18th Congress (July 2019 - 2022),https://ldr.senate.gov.ph/bills/senate-bill-no-251-18th-congress-republic,THE LOCAL GOVERNMENT UNITS' INCOME CLASSIFICATION ACT OF 2019,"AN ACT INSTITUTIONALIZING THE INCOME CLASSIFICATION OF PROVINCES, CITIES AND MUNICIPALITIES, AND FOR OTHER PURPOSES","LACSON, PANFILO M.","July 8, 2019",NATIONAL,LOCAL GOVERNMENT UNITS (LGUs) INCOME CLASSIFICATION DEPARTMENT OF FINANCE,LOCAL GOVERNMENT,PENDING IN THE COMMITTEE
Senate Bill No. 318,18th Congress (July 2019 - 2022),https://ldr.senate.gov.ph/bills/senate-bill-no-318-18th-congress-republic,THE NEW PUBLIC SERVICE LAW OF THE PHILIPPINES,"AN ACT FURTHER AMENDING COMMONWEALTH ACT NO. 146, OTHERWISE KNOWN AS THE PUBLIC SERVICE ACT, AS AMENDED, AND FOR OTHER PURPOSES","POE, GRACE","July 10, 2019",NATIONAL,PUBLIC SERVICE ACT (COMMONWEALTH ACT NO. 146),PUBLIC SERVICES,CONSOLIDATED/SUBSTITUTED IN THE COMMITTEE REPORT
Senate Bill No. 130,18th Congress (July 2019 - 2022),https://ldr.senate.gov.ph/bills/senate-bill-no-130-18th-congress-republic,MAGNA CARTA FOR TRICYCLE DRIVERS AND OPERATORS ACT OF 2019,"AN ACT PROVIDING FOR A MAGNA CARTA FOR TRICYCLE DRIVERS AND OPERATORS, INSTITUTIONALIZING MECHANISMS FOR ITS IMPLEMENTATION AND FOR OTHER PURPOSES","POE, GRACE","July 2, 2019",NATIONAL,TRICYCLES/PEDICABS,PUBLIC SERVICES,PENDING IN THE COMMITTEE
Senate Bill No. 204,18th Congress (July 2019 - 2022),https://ldr.senate.gov.ph/bills/senate-bill-no-204-18th-congress-republic,FIRE PROTECTION MODERNIZATION ACT OF 2019,"AN ACT STRENGTHENING AND MODERNIZING THE BUREAU OF FIRE PROTECTION, PROVIDING FUNDS THEREFOR, AND FOR OTHER PURPOSES","GO, CHRISTOPHER LAWRENCE T.","July 2, 2019",NATIONAL,BUREAU OF FIRE PROTECTION,PUBLIC ORDER AND DANGEROUS DRUGS,CONSOLIDATED/SUBSTITUTED IN THE COMMITTEE REPORT
