Bill_No,Congress_Name,Bill_URL,Short_Title,Long_Title,Author,Date_Filed,Scope,Subjects,Primary_Committee,Legislative_Status
Senate Bill No. 3218,16th Congress (July 2013 - 2016),https://ldr.senate.gov.ph/bills/senate-bill-no-3218-16th-congress-republic,COASTAL TOURISM PLANNING AND DEVELOPMENT ACT,AN ACT PROVIDING FOR A COASTAL TOURISM PLANNING AND DEVELOPMENT PROGRAM,Miriam Defensor Santiago,"February 2, 2016",NATIONAL,TOURISM (COASTAL),N/A,SENT TO THE ARCHIVES
Senate Bill No. 3114,16th Congress (July 2013 - 2016),https://ldr.senate.gov.ph/bills/senate-bill-no-3114-16th-congress-republic,REGULATING THE DECIBEL EMISSION OF TOYS,AN ACT REGULATING THE DECIBEL EMISSION OF TOYS,Miriam Defensor Santiago,"January 25, 2016",NATIONAL,TOY SAFETY,"TRADE, COMMERCE AND ENTREPRENEURSHIP",PENDING IN THE COMMITTEE
Senate Bill No. 3181,16th Congress (July 2013 - 2016),https://ldr.senate.gov.ph/bills/senate-bill-no-3181-16th-congress-republic,PUNISHING THE DEFILEMENT OF WATER SUPPLY,AN ACT PUNISHING THE DEFILEMENT OF WATER SUPPLY,Miriam Defensor Santiago,"January 28, 2016",NATIONAL,WATER SUPPLY,N/A,SENT TO THE ARCHIVES
Senate Bill No. 3080,16th Congress (July 2013 - 2016),https://ldr.senate.gov.ph/bills/senate-bill-no-3080-16th-congress-republic,SCHOOL HEALTH SERVICE PRACTITIONERS,AN ACT REQUIRING SCHOOL HEALTH SERVICE PRACTITIONERS IN SCHOOLS WITHIN A CITY WITH A POPULATION OF ONE MILLION OR MORE,Miriam Defensor Santiago,"January 13, 2016",NATIONAL,health care SCHOOL HEALTH,HEALTH AND DEMOGRAPHY,PENDING IN THE COMMITTEE
Senate Bill No. 3145,16th Congress (July 2013 - 2016),https://ldr.senate.gov.ph/bills/senate-bill-no-3145-16th-congress-republic,STOCK MARKET INSTRUCTION IN HIGH SCHOOL EDUCATION,AN ACT REQUIRING STOCK MARKET INSTRUCTION IN HIGH SCHOOL EDUCATION,Miriam Defensor Santiago,"January 26, 2016",NATIONAL,STOCK MARKET Secondary Education CURRICULUM,"EDUCATION, ARTS AND CULTURE",PENDING IN THE COMMITTEE
Senate Bill No. 3093,16th Congress (July 2013 - 2016),https://ldr.senate.gov.ph/bills/senate-bill-no-3093-16th-congress-republic,NATIONAL LAND USE POLICY,"AN ACT INSTITUTING A NATIONAL LAND USE POLICY PROVIDING THE IMPLEMENTATING MECHANISMS THEREFOR, AND FOR OTHER PURPOSES","ESCUDERO, FRANCIS G.","January 25, 2016",NATIONAL,N/A,N/A,WITHDRAWN
Senate Bill No. 3209,16th Congress (July 2013 - 2016),https://ldr.senate.gov.ph/bills/senate-bill-no-3209-16th-congress-republic,ANTI- MAIL ORDER SPOUSE ACT,"AN ACT PROVIDING STRONGER MEASURES AGAINST UNLAWFUL PRACTICES, BUSINESSES, AND SCHEMES OF MATCHING AND OFFERING FILIPINOS TO FOREIGN NATIONALS FOR PURPOSES OF MARRIAGE OF COMMON LAW PARTNERSHIP, REPEALING FOR THE PURPOSE REPUBLIC ACT NO. 6955, ALSO REFERRED TO AS THE ANTI-MAIL ORDER BRIDE LAW","CAYETANO, PIA S.","February 2, 2016",NATIONAL,MAIL-ORDER BRIDE (R.A.NO. 6955),"WOMEN, CHILDREN, FAMILY RELATIONS AND GENDER EQUALITY",LAPSED INTO LAW
Senate Bill No. 3059,16th Congress (July 2013 - 2016),https://ldr.senate.gov.ph/bills/senate-bill-no-3059-16th-congress-republic,MEAT ADDITIVE DISCLOSURE ACT,AN ACT REQUIRING MEAT PACKERS TO DISCLOSE THE ADDITIVES THAT THEY PLACE IN THEIR PRODUCTS,Miriam Defensor Santiago,"November 1, 2016",NATIONAL,MEAT PRODUCTS,"TRADE, COMMERCE AND ENTREPRENEURSHIP",PENDING IN THE COMMITTEE
Senate Bill No. 3124,16th Congress (July 2013 - 2016),https://ldr.senate.gov.ph/bills/senate-bill-no-3124-16th-congress-republic,NATIONAL CRIME DATABASE ACT,AN ACT ESTABLISHING A NATIONAL CRIME DATABASE,Miriam Defensor Santiago,"January 25, 2016",NATIONAL,CRIME DATABASE,PUBLIC ORDER AND DANGEROUS DRUGS,PENDING IN THE COMMITTEE
Senate Bill No. 3192,16th Congress (July 2013 - 2016),https://ldr.senate.gov.ph/bills/senate-bill-no-3192-16th-congress-republic,PASSENGER VEHICLE LOSS DISCLOSURE ACT,AN ACT IMPROVING CONSUMER ACCESS TO PASSENGER VEHICLE LOSS DATA HELD BY INSURERS,Miriam Defensor Santiago,"January 2, 2016",NATIONAL,PASSENGER VEHICLE LOSS DISCLOSURE,N/A,SENT TO THE ARCHIVES
Senate Bill No. 3104,16th Congress (July 2013 - 2016),https://ldr.senate.gov.ph/bills/senate-bill-no-3104-16th-congress-republic,PROFESSIONAL SPORTS INTEGRITY AND ACCOUNTABILITY ACT,AN ACT MANDATING A UNIFORM RANDOM DRUG TESTING FOR PROFESSIONAL ATHLETES,Miriam Defensor Santiago,"January 25, 2016",NATIONAL,DRUG TESTING ATHLETES SPORTS DEVELOPMENT PROGRAM,"GAMES, AMUSEMENT AND SPORTS",PENDING IN THE COMMITTEE
Senate Bill No. 3161,16th Congress (July 2013 - 2016),https://ldr.senate.gov.ph/bills/senate-bill-no-3161-16th-congress-republic,ANTI-MICROBIAL RESISTANT INFECTIONS,AN ACT REQUIRING HEALTH CARE PROVIDERS TO REPORT CASES OF ANTIMICROBIAL RESISTANT INFECTIONS,Miriam Defensor Santiago,"January 28, 2016",NATIONAL,health care INFECTIONS (ANTIMICROBIAL RESISTANT INFECTIONS),N/A,SENT TO THE ARCHIVES
Senate Bill No. 3171,16th Congress (July 2013 - 2016),https://ldr.senate.gov.ph/bills/senate-bill-no-3171-16th-congress-republic,MANDATORY MARRIAGE COUNSELING ACT,"AN ACT AMENDING ARTICLE 16 OF EXECUTIVE ORDER NO. 209 AS AMENDED BY EXECUTIVE ORDER NO. 227, OTHERWISE KNOWN AS THE FAMILY CODE OF THE PHILIPPINES, MAKING IT MANDATORY FOR COUPLES TO UNDERGO COUNSELING PRIOR TO THE ISSUANCE OF A MARRIAGE LICENSE",Miriam Defensor Santiago,"January 28, 2016",NATIONAL,FAMILY CODE (E.O. NO. 209) MARRIAGE LICENSE,N/A,SENT TO THE ARCHIVES
Senate Bill No. 3070,16th Congress (July 2013 - 2016),https://ldr.senate.gov.ph/bills/senate-bill-no-3070-16th-congress-republic,REGULATION OF OFFICE-BASED SURGICAL PROCEDURE ACT,AN ACT REGULATING OFFICE-BASED INVASIVE PROCEDURES,Miriam Defensor Santiago,"December 1, 2016",NATIONAL,HEALTH FACILITIES,HEALTH AND DEMOGRAPHY,PENDING IN THE COMMITTEE
Senate Bill No. 3135,16th Congress (July 2013 - 2016),https://ldr.senate.gov.ph/bills/senate-bill-no-3135-16th-congress-republic,INFANT AND TODDLER DURABLE PRODUCT SAFETY ACT,AN ACT TO PROMULGATE A CONSUMER PRODUCT SAFETY STANDARD FOR EACH DURABLE INFANT OR TODDLER PRODUCT,Miriam Defensor Santiago,"January 26, 2016",NATIONAL,INFANT/TODDLER PRODUCT BABY/INFANT DEPARTMENT OF TRADE AND INDUSTRY (DTI),"TRADE, COMMERCE AND ENTREPRENEURSHIP",PENDING IN THE COMMITTEE
Senate Bill No. 3203,16th Congress (July 2013 - 2016),https://ldr.senate.gov.ph/bills/senate-bill-no-3203-16th-congress-republic,RECORDING AND REPORTING OF OCCUPATIONAL INJURIES AND ILLNESSES ACT,AN ACT DIRECTING THE SECRETARY OF THE DEPARTMENT OF LABOR AND EMPLOYMENT TO REVISE REGULATIONS CONCERNING THE RECORDING AND REPORTING OF OCCUPATIONAL INJURIES AND ILLNESSES,Miriam Defensor Santiago,"January 2, 2016",NATIONAL,OCCUPATIONAL INJURIES/ILLNESSES DEPARTMENT OF LABOR AND EMPLOYMENT (DOLE),N/A,SENT TO THE ARCHIVES
Senate Bill No. 3219,16th Congress (July 2013 - 2016),https://ldr.senate.gov.ph/bills/senate-bill-no-3219-16th-congress-republic,ENVIRONMENTAL RECORD OF APPLICANTS DISCLOSURE ACT,AN ACT REQUIRING DISCLOSURE OF ENVIRONMENTAL RECORD OF APPLICANTS FOR AN ENVIRONMENTAL COMPLIANCE CERTIFICATE,Miriam Defensor Santiago,"February 2, 2016",NATIONAL,ENVIRONMENTAL COMPLIANCE CERTIFICATE (ECC) ENVIRONMENTAL PROTECTION,N/A,SENT TO THE ARCHIVES
Senate Bill No. 3051,16th Congress (July 2013 - 2016),https://ldr.senate.gov.ph/bills/senate-bill-no-3051-16th-congress-republic,EMERGENCY COMMUNICATIONS ACT,AN ACT SUPPORTING AND REGULATING THE USE OF EMERGENCY TELEPHONE CALLS AND COMMUNICATIONS,Miriam Defensor Santiago,"November 1, 2016",NATIONAL,EMERGENCY RESPONSE/EMERGENCY PREPAREDNESS TELECOMMUNICATIONS EMERGENCY HOTLINE 117/EMERGENCY CALLS TELEPHONES,PUBLIC ORDER AND DANGEROUS DRUGS,PENDING IN THE COMMITTEE
Senate Bill No. 3115,16th Congress (July 2013 - 2016),https://ldr.senate.gov.ph/bills/senate-bill-no-3115-16th-congress-republic,HEALTHY FOOD CHOICES FOR KIDS ACT,AN ACT ESTABLISHING A PILOT PROGRAM THAT REQUIRES SCHOOLS TO POST NUTRITIONAL CONTENT INFORMATION REGARDING FOODS SERVED AT SCHOOLS,Miriam Defensor Santiago,"January 25, 2016",NATIONAL,nutrition,"EDUCATION, ARTS AND CULTURE",PENDING IN THE COMMITTEE
Senate Bill No. 3182,16th Congress (July 2013 - 2016),https://ldr.senate.gov.ph/bills/senate-bill-no-3182-16th-congress-republic,"AMENDING P.D. NO. 1869, EXCLUDING JAI-ALAI FROM FRANCHISED ACTIVITIES OF PAGCOR","AN ACT AMENDING PRESIDENTIAL DECREE NO. 1869, EXPRESSLY EXCLUDING JAI-ALAI GAMES FROM THE FRANCHISED ACTIVITIES OF THE PHILIPPINE AMUSEMENT AND GAMING CORPORATION",Miriam Defensor Santiago,"January 28, 2016",NATIONAL,JAI-ALAI GAMES PHILIPPINE AMUSEMENT AND GAMING CORPORATION (PAGCOR),N/A,SENT TO THE ARCHIVES
Senate Bill No. 3081,16th Congress (July 2013 - 2016),https://ldr.senate.gov.ph/bills/senate-bill-no-3081-16th-congress-republic,SPECIAL POLLING ACT,AN ACT PROVIDING FOR A SPECIAL POLLING PLACE FOR PERSONS WITH DISABILITY AND THE ELDERLY,Miriam Defensor Santiago,"January 13, 2016",NATIONAL,PERSONS WITH DISABILITIES (PWDS) SENIOR CITIZEN/ELDERLY ELECTIONS/ELECTORAL REFORMS,ELECTORAL REFORMS AND PEOPLES PARTICIPATION,PENDING IN THE COMMITTEE
Senate Bill No. 3146,16th Congress (July 2013 - 2016),https://ldr.senate.gov.ph/bills/senate-bill-no-3146-16th-congress-republic,GOVERNMENT PERFORMANCE AND RESULTS ACT,"AN ACT PROVIDING FOR THE ESTABLISHMENT, TESTING, AND EVALUATION OF STRATEGIC PLANNING AND PERFORMANCE MEASUREMENT IN THE GOVERNMENT",Miriam Defensor Santiago,"January 26, 2016",NATIONAL,GOVERNMENT PERFORMANCE ACT,"CIVIL SERVICE, GOVERNMENT REORGANIZATION AND PROFESSIONAL REGULATION",PENDING IN THE COMMITTEE
Senate Bill No. 3094,16th Congress (July 2013 - 2016),https://ldr.senate.gov.ph/bills/senate-bill-no-3094-16th-congress-republic,TRAIN PROTECTION ACT,"AN ACT DEFINING THE CRIME OF ROBBERY OF TRAIN IMPLEMENTS, CLASSIFYING THE ACT AS HEINOUS CRIME AND IMPOSING PENALTY THEREOF","EJERCITO, JOSEPH VICTOR G.","January 25, 2016",NATIONAL,PHILIPPINE NATIONAL RAILWAYS (PNR) THEFT AND ROBBERY HEINOUS CRIMES,JUSTICE AND HUMAN RIGHTS,PENDING IN THE COMMITTEE
Senate Bill No. 3210,16th Congress (July 2013 - 2016),https://ldr.senate.gov.ph/bills/senate-bill-no-3210-16th-congress-republic,PALLIATIVE AND HOSPICE CARE,AN ACT INTEGRATING PALLIATIVE AND HOSPICE CARE INTO THE PHILIPPINE HEALTH CARE SYSTEM,"Ferdinand ""Bongbong"" R. Marcos, Jr.","February 2, 2016",NATIONAL,PALLIATIVE CARE,HEALTH AND DEMOGRAPHY,"PENDING SECOND READING, SPECIAL ORDER"
Senate Bill No. 3060,16th Congress (July 2013 - 2016),https://ldr.senate.gov.ph/bills/senate-bill-no-3060-16th-congress-republic,UNDIAGNOSED DISEASES REGISTRY ACT,AN ACT PROVIDING FOR THE ESTABLISHMENT AND MAINTENANCE OF AN UNDIAGNOSED DISEASES REGISTRY,Miriam Defensor Santiago,"November 1, 2016",NATIONAL,HEALTH CARE DELIVERY SYSTEM DISEASES REGISTRY,HEALTH AND DEMOGRAPHY,PENDING IN THE COMMITTEE
Senate Bill No. 3125,16th Congress (July 2013 - 2016),https://ldr.senate.gov.ph/bills/senate-bill-no-3125-16th-congress-republic,CARE FOR LIFE ACT,AN ACT ESTABLISHING A PREGNANCY SUPPORT SERVICES OFFICE UNDER THE DEPARTMENT OF HEALTH,Miriam Defensor Santiago,"January 25, 2016",NATIONAL,pregnancy DEPARTMENT OF HEALTH (DOH),HEALTH AND DEMOGRAPHY,PENDING IN THE COMMITTEE
Senate Bill No. 3193,16th Congress (July 2013 - 2016),https://ldr.senate.gov.ph/bills/senate-bill-no-3193-16th-congress-republic,LANDOWNERS PROTECTION ACT,"AN ACT PROVIDING FOR A MANDATORY PERIOD TO RELOCATE SQUATTERS, GRANTING DISTURBANCE FEES TO OWNERS OF ILLEGALLY OCCUPIED RESIDENTIAL LAND, AND PENALIZING VIOLATIONS THEREOF",Miriam Defensor Santiago,"January 2, 2016",NATIONAL,LANDOWNERS PROTECTION SQUATTERS/SQUATTING,N/A,SENT TO THE ARCHIVES
Senate Bill No. 3105,16th Congress (July 2013 - 2016),https://ldr.senate.gov.ph/bills/senate-bill-no-3105-16th-congress-republic,GREEN ENERGY FOR HOMES AND BUILDINGS ACT,"AN ACT ESTABLISHING A GREEN ENERGY FOR HOMES AND BUILDINGS PROGRAM IN THE DEPARTMENT OF ENERGY TO PROVIDE FINANCIAL ASSISTANCE TO PROMOTE RESIDENTIAL, COMMERCIAL, AND INDUSTRIAL SCALE ENERGY EFFICIENCY AND ON-SITE RENEWABLE TECHNOLOGIES",Miriam Defensor Santiago,"January 25, 2016",NATIONAL,RENEWABLE ENERGY DEPARTMENT OF ENERGY (DOE) GREENHOUSE GAS,ENERGY,PENDING IN THE COMMITTEE
Senate Bill No. 3162,16th Congress (July 2013 - 2016),https://ldr.senate.gov.ph/bills/senate-bill-no-3162-16th-congress-republic,"AMENDING SEC. 51 (A)(1) OF R.A. NO. 6975, AS AMENDED BY R.A NO. 8551","AN ACT AMENDING SECTION 5 (A)(1), SECTION 51 (A)(2), SECTION 51 (B)(4)(I), AND SECTION 52 OF REPUBLIC ACT NO. 6975, AS AMENDED BY REPUBLIC ACT 8551, OTHERWISE KNOWN AS THE DEPARTMENT OF THE INTERIOR AND LOCAL GOVERNMENT ACT OF 1990",Miriam Defensor Santiago,"January 28, 2016",NATIONAL,DEPARTMENT OF THE INTERIOR AND LOCAL GOVERNMENT (DILG) PHILIPPINE NATIONAL POLICE (PNP),N/A,SENT TO THE ARCHIVES
Senate Bill No. 3172,16th Congress (July 2013 - 2016),https://ldr.senate.gov.ph/bills/senate-bill-no-3172-16th-congress-republic,ENVIRONMENTAL COMPLIANCE ASSISTANCE ACT,"AN ACT AUTHORIZING THE DEPARTMENT OF ENVIRONMENT AND NATURAL RESOURCES TO AWARD GRANTS TO ASSIST BARANGAYS IN COMPLYING WITH ENVIRONMENTAL REQUIREMENTS, AND AUTHORIZING THE USE OF PENALTY AMOUNTS COLLECTED UNDER LAWS TO FINANCE THE GRANTS",Miriam Defensor Santiago,"January 28, 2016",NATIONAL,Department of Environment and Natural Resources (DENR) BARANGAYS,N/A,SENT TO THE ARCHIVES
Senate Bill No. 3071,16th Congress (July 2013 - 2016),https://ldr.senate.gov.ph/bills/senate-bill-no-3071-16th-congress-republic,PEOPLE'S INITIATIVE TO AMEND THE CONSTITUTION ACT,AN ACT PROVIDING FOR PEOPLE'S INITIATIVE TO AMEND THE CONSTITUTION,Miriam Defensor Santiago,"December 1, 2016",NATIONAL,CONSTITUTIONAL AMENDMENTS PEOPLES INITIATIVE,CONSTITUTIONAL AMENDMENTS AND REVISION OF CODES,PENDING IN THE COMMITTEE
Senate Bill No. 3136,16th Congress (July 2013 - 2016),https://ldr.senate.gov.ph/bills/senate-bill-no-3136-16th-congress-republic,USED CAR LEMON ACT,AN ACT REQUIRING USED CAR DEALERS TO PROVIDE CONSUMERS WITH A WRITTEN WARRANTY AGAINST DEFECTS AND REQUIRING PRIVATE SELLERS TO DISCLOSE ANY KNOWN USE OR SAFETY DEFECTS,Miriam Defensor Santiago,"January 26, 2016",NATIONAL,LEMON LAW Motor Vehicles,"TRADE, COMMERCE AND ENTREPRENEURSHIP",PENDING IN THE COMMITTEE
Senate Bill No. 3206,16th Congress (July 2013 - 2016),https://ldr.senate.gov.ph/bills/senate-bill-no-3206-16th-congress-republic,PHILIPPINE BAMBOO INDUSTRY DEVELOPMENT PROGRAM ACT OF 2016,AN ACT INSTITUTIONALIZING A PHILIPPINE BAMBOO INDUSTRY DEVELOPMENT PROGRAM,"Paolo Benigno ""Bam"" Aquino IV","January 2, 2016",NATIONAL,BAMBOO INDUSTRY,N/A,SENT TO THE ARCHIVES
Senate Bill No. 3224,16th Congress (July 2013 - 2016),https://ldr.senate.gov.ph/bills/senate-bill-no-3224-16th-congress-republic,SOLO PARENTS AND THEIR CHILDREN'S WELFARE ACT,"AN ACT AMENDING REPUBLIC ACT NO. 8972, OTHERWISE KNOWN AS THE SOLO PARENTS WELFARE ACT OF 2000, AND FOR OTHER PURPOSES.","Ferdinand ""Bongbong"" R. Marcos, Jr.","September 2, 2016",NATIONAL,SOLO PARENTS WELFARE ACT (R.A.NO. 8972),N/A,SENT TO THE ARCHIVES
Senate Bill No. 3052,16th Congress (July 2013 - 2016),https://ldr.senate.gov.ph/bills/senate-bill-no-3052-16th-congress-republic,HEALTHY WORKFORCE ACT,AN ACT PROVIDING A TAX CREDIT TO EMPLOYERS FOR THE COSTS OF IMPLEMENTING WELLNESS PROGRAMS,Miriam Defensor Santiago,"November 1, 2016",NATIONAL,health care HEALTHY WORKFORCE ACT TAX CREDIT,HEALTH AND DEMOGRAPHY,PENDING IN THE COMMITTEE
Senate Bill No. 3116,16th Congress (July 2013 - 2016),https://ldr.senate.gov.ph/bills/senate-bill-no-3116-16th-congress-republic,ELECTRONIC DEVICE RECYCLING RESEARCH AND DEVELOPMENT ACT,"AN ACT PROVIDING GRANTS FOR ELECTRONIC DEVICE RECYCLING RESEARCH, DEVELOPMENT, AND DEMONSTRATION PROJECTS",Miriam Defensor Santiago,"January 25, 2016",NATIONAL,ELECTRONIC WASTE (E-WASTE) RECYCLING,ENVIRONMENT AND NATURAL RESOURCES,PENDING IN THE COMMITTEE
Senate Bill No. 3183,16th Congress (July 2013 - 2016),https://ldr.senate.gov.ph/bills/senate-bill-no-3183-16th-congress-republic,SALT INTAKE REGULATION ACT,"AN ACT REGULATING THE SALT INTAKE OF CONSUMERS BY PROVIDING ALTERNATIVES TO THE CONVENTIONAL USE OF SALT, REQUIRING STRICT LABELLING STANDARDS, CONSUMER EDUCATION, AND INITIATING PARTNERSHIP WITH THE FOOD INDUSTRY",Miriam Defensor Santiago,"January 28, 2016",NATIONAL,SALT,N/A,SENT TO THE ARCHIVES
Senate Bill No. 3082,16th Congress (July 2013 - 2016),https://ldr.senate.gov.ph/bills/senate-bill-no-3082-16th-congress-republic,HOSPITAL ENERGY INDEPENDENCE ACT,AN ACT DIRECTING THE SECRETARY OF ENERGY TO ESTABLISH A PILOT PROGRAM TO AWARD GRANTS AND LOAN GUARANTEES TO HOSPITALS TO CARRY OUT PROJECTS FOR THE PURPOSE OF REDUCING ENERGY COSTS AND INCREASING RESILIENCE TO IMPROVE SECURITY,Miriam Defensor Santiago,"January 13, 2016",NATIONAL,HOSPITALS Energy conservation DEPARTMENT OF ENERGY (DOE),ENERGY,PENDING IN THE COMMITTEE
Senate Bill No. 3147,16th Congress (July 2013 - 2016),https://ldr.senate.gov.ph/bills/senate-bill-no-3147-16th-congress-republic,CENTER FOR THE STUDY OF WOMEN AND WORKPLACE POLICY ACT,AN ACT DIRECTING THE SECRETARY OF LABOR AND EMPLOYMENT TO AWARD A GRANT TO A PUBLIC UNIVERSITY TO ESTABLISH THE CENTER FOR THE STUDY OF WOMEN AND WORKPLACE POLICY,Miriam Defensor Santiago,"January 26, 2016",NATIONAL,WOMEN STATE COLLEGES AND UNIVERSITIES (SCUS),"LABOR, EMPLOYMENT AND HUMAN RESOURCES DEVELOPMENT",PENDING IN THE COMMITTEE
Senate Bill No. 3095,16th Congress (July 2013 - 2016),https://ldr.senate.gov.ph/bills/senate-bill-no-3095-16th-congress-republic,CREATING THE MINDANAO RAILWAYS CORPORATION,"AN ACT CREATING THE MINDANAO RAILWAYS CORPORATION PRESCRIBING ITS POWERS, FUNCTIONS, AND DUTIES, AND PROVIDING FOR THE NECESSARY FUNDS FOR ITS OPERATION","PIMENTEL, AQUILINO ""KOKO"" III","January 25, 2016",NATIONAL,MINDANAO RAILWAYS CORPORATION,GOVERNMENT CORPORATIONS AND PUBLIC ENTERPRISES,PENDING IN THE COMMITTEE
Senate Bill No. 3211,16th Congress (July 2013 - 2016),https://ldr.senate.gov.ph/bills/senate-bill-no-3211-16th-congress-republic,ANTI-DISTRACTED DRIVING ACT,AN ACT DEFINING AND PENALIZING DISTRACTED DRIVING,"ESTRADA, JINGGOY E.","February 2, 2016",NATIONAL,DRIVING BEHAVIOR,PUBLIC SERVICES,LAPSED INTO LAW
Senate Bill No. 3061,16th Congress (July 2013 - 2016),https://ldr.senate.gov.ph/bills/senate-bill-no-3061-16th-congress-republic,ANTI-POLITICAL SIGNS ON GOVERNMENT PROPERTY ACT,AN ACT PROHIBITING THE POSTING OF POLITICAL SIGNS ON GOVERNMENT PROPERTY,Miriam Defensor Santiago,"November 1, 2016",NATIONAL,GOVERNMENT PROPERTY ELECTIONS/ELECTORAL REFORMS,ELECTORAL REFORMS AND PEOPLES PARTICIPATION,PENDING IN THE COMMITTEE
Senate Bill No. 3126,16th Congress (July 2013 - 2016),https://ldr.senate.gov.ph/bills/senate-bill-no-3126-16th-congress-republic,INTERNATIONAL SCIENCE AND TECHNOLOGY COOPERATION ACT,AN ACT PROVIDING FOR THE ESTABLISHMENT OF A COMMITTEE TO IDENTIFY AND COORDINATE INTERNATIONAL SCIENCE AND TECHNOLOGY COOPERATION THAT CAN STRENGTHEN THE DOMESTIC SCIENCE AND TECHNOLOGY ENTERPRISE AND SUPPORT PHILIPPINE FOREIGN POLICY GOALS,Miriam Defensor Santiago,"January 25, 2016",NATIONAL,SCIENCE AND TECHNOLOGY,SCIENCE AND TECHNOLOGY,PENDING IN THE COMMITTEE
Senate Bill No. 3194,16th Congress (July 2013 - 2016),https://ldr.senate.gov.ph/bills/senate-bill-no-3194-16th-congress-republic,NATIONAL POLICE COMMISSION REORGANIZATION ACT,AN ACT PROVIDING FOR THE REORGANIZATION OF THE NATIONAL POLICE COMMISSION,Miriam Defensor Santiago,"January 2, 2016",NATIONAL,NATIONAL POLICE COMMISSION (NAPOLCOM) REORGANIZATION,N/A,SENT TO THE ARCHIVES
Senate Bill No. 3106,16th Congress (July 2013 - 2016),https://ldr.senate.gov.ph/bills/senate-bill-no-3106-16th-congress-republic,DOLPHIN PROTECTION CONSUMER INFORMATION ACT,AN ACT PROTECTING DOLPHINS BY INFORMING CONSUMERS OF THE ORIGIN OF TUNA PRODUCTS,Miriam Defensor Santiago,"January 25, 2016",NATIONAL,DOLPHIN PROTECTION ENDANGERED SPECIES MERCURY,AGRICULTURE AND FOOD,PENDING IN THE COMMITTEE
Senate Bill No. 3163,16th Congress (July 2013 - 2016),https://ldr.senate.gov.ph/bills/senate-bill-no-3163-16th-congress-republic,"AMENDING TITLE I, BOOK II OF R.A. NO. 7160, LOCAL GOVERNMENT CODE OF 1991","AN ACT AMENDING TITLE I, BOOK II OF REPUBLIC ACT NO 7160, OTHERWISE KNOWN AS THE LOCAL GOVERNMENT CODE OF 1991",Miriam Defensor Santiago,"January 28, 2016",NATIONAL,LOCAL GOVERNMENT CODE (R.A. NO. 7160) TAXES/TAXATION,N/A,SENT TO THE ARCHIVES
Senate Bill No. 3173,16th Congress (July 2013 - 2016),https://ldr.senate.gov.ph/bills/senate-bill-no-3173-16th-congress-republic,EYEWITNESS IDENTIFICATION REFORM ACT,AN ACT IMPROVING THE ACCURACY OF EYEWITNESS IDENTIFICATIONS,Miriam Defensor Santiago,"January 28, 2016",NATIONAL,EYEWITNESS IDENTIFICATION,N/A,SENT TO THE ARCHIVES
Senate Bill No. 3072,16th Congress (July 2013 - 2016),https://ldr.senate.gov.ph/bills/senate-bill-no-3072-16th-congress-republic,HOSPITAL CCTV ACT,AN ACT REQUIRING HOSPITALS TO INSTALL CLOSED CIRCUIT TELEVISION (CCTV) CAMERAS IN SELECTED PORTIONS OF THE HOSPITAL AND PENALIZING THE PUBLICATION OF THE VIDEO TAKEN BY THIS CAMERAS WITHOUT A COURT ORDER,Miriam Defensor Santiago,"December 1, 2016",NATIONAL,CLOSED CIRCUIT TELEVISION CAMERAS (CCTV) HOSPITALS,HEALTH AND DEMOGRAPHY,PENDING IN THE COMMITTEE
Senate Bill No. 3137,16th Congress (July 2013 - 2016),https://ldr.senate.gov.ph/bills/senate-bill-no-3137-16th-congress-republic,"AMENDING SEC. 294 OF R.A. NO. 7160, LOCAL GOVERNMENT CODE OF 1991","AN ACT AUTHORIZING LOCAL GOVERNMENT UNITS TO APPLY THE SHARE OF THE PROCEEDS EARNED FROM THE DEVELOPMENT AND UTILIZATION OF HYDROTHERMAL, GEOTHERMAL, AND OTHER SOURCES OF ENERGY FOR ELECTRIFICATION OF OTHER AREAS WITHIN THE PROVINCE WHERE THE SOURCE OF ENERGY IS LOCATED AMENDING FOR THE PURPOSE SECTION 294 OF REPUBLIC ACT NO. 7160, OTHERWISE KNOWN AS THE LOCAL GOVERNMENT CODE OF 1991",Miriam Defensor Santiago,"January 26, 2016",NATIONAL,LOCAL GOVERNMENT CODE (R.A. NO. 7160) LOCAL GOVERNMENT UNITS (LGUs),LOCAL GOVERNMENT,PENDING IN THE COMMITTEE
Senate Bill No. 3207,16th Congress (July 2013 - 2016),https://ldr.senate.gov.ph/bills/senate-bill-no-3207-16th-congress-republic,THE NATIONAL PAYMENT SYSTEMS ACT OF 2016,AN ACT PROVIDING FOR THE REGULATION AND SUPERVISION OF PAYMENT SYSTEMS,"Paolo Benigno ""Bam"" Aquino IV","January 2, 2016",NATIONAL,PAYMENT SYSTEM,N/A,SENT TO THE ARCHIVES
Senate Bill No. 3079,16th Congress (July 2013 - 2016),https://ldr.senate.gov.ph/bills/senate-bill-no-3079-16th-congress-republic,TEACHERS OF CHILDREN WITH HANDICAPS ENHANCEMENT ACT,AN ACT ESTABLISHING A COMPREHENSIVE TRAINING PROGRAM FOR TEACHERS OF CHILDREN WITH HANDICAP,Miriam Defensor Santiago,"January 13, 2016",NATIONAL,TEACHERS HANDICAPPED/DISABLED/DIFFERENTLY ABLED,"EDUCATION, ARTS AND CULTURE",PENDING IN THE COMMITTEE
Senate Bill No. 3144,16th Congress (July 2013 - 2016),https://ldr.senate.gov.ph/bills/senate-bill-no-3144-16th-congress-republic,MOTOR VEHICLE SAFETY ACT,AN ACT PROHIBITING A PERSON FROM KNOWINGLY PERMITTING A MOTOR VEHICLE OWNED OR CONTROLLED BY HIM TO BE DRIVEN BY A PERSON WHO IS NOT AUTHORIZED TO DRIVE UNDER THE LAW,Miriam Defensor Santiago,"January 26, 2016",NATIONAL,Motor Vehicles,PUBLIC SERVICES,PENDING IN THE COMMITTEE
Senate Bill No. 3217,16th Congress (July 2013 - 2016),https://ldr.senate.gov.ph/bills/senate-bill-no-3217-16th-congress-republic,CONSUMER PROTECTION ACT,AN ACT PROVIDING FOR A CONSUMER PROTECTION OFFICE IN EVERY PROVINCE AND CITY,Miriam Defensor Santiago,"February 2, 2016",NATIONAL,CONSUMER PROTECTION,N/A,SENT TO THE ARCHIVES
Senate Bill No. 3113,16th Congress (July 2013 - 2016),https://ldr.senate.gov.ph/bills/senate-bill-no-3113-16th-congress-republic,BREAST CANCER PATIENT PROTECTION ACT,"AN ACT REQUIRING HEALTH PLANS TO PROVIDE COVERAGE FOR A MINIMUM HOSPITAL STAY FOR MASTECTOMIES, LUMPECTOMIES, AND LYMPH NODE DISSECTION FOR THE TREATMENT OF BREAST CANCER AND COVERAGE FOR SECONDARY CONSULTATIONS",Miriam Defensor Santiago,"January 25, 2016",NATIONAL,BREAST CARE CANCER health care,HEALTH AND DEMOGRAPHY,PENDING IN THE COMMITTEE
Senate Bill No. 3180,16th Congress (July 2013 - 2016),https://ldr.senate.gov.ph/bills/senate-bill-no-3180-16th-congress-republic,PROHIBITING THE DISPOSAL OF ELECTRONIC EQUIPMENT,AN ACT PROHIBITING THE DISPOSAL OF ELECTRONIC EQUIPMENT AT SOLID WASTE MANAGEMENT FACILITIES,Miriam Defensor Santiago,"January 28, 2016",NATIONAL,ELECTRONIC EQUIPMENT SOLID WASTE WASTE MANAGEMENT,N/A,SENT TO THE ARCHIVES
Senate Bill No. 3089,16th Congress (July 2013 - 2016),https://ldr.senate.gov.ph/bills/senate-bill-no-3089-16th-congress-republic,OPEN DOOR POLICY ACT OF 2015,AN ACT PROHIBITING GOVERNMENT OFFICES AND AGENCIES FROM DENYING CITIZENS ACCESS TO FRONTLINE SERVICES AND ATTENDANCE IN PRIVATE OR PUBLIC MEETING ON THE BASIS OF ATTIRE.,"Paolo Benigno ""Bam"" Aquino IV","January 20, 2016",NATIONAL,GOVERNMENT AGENCIES (FRONTLINE SERVICES),"CIVIL SERVICE, GOVERNMENT REORGANIZATION AND PROFESSIONAL REGULATION",PENDING IN THE COMMITTEE
Senate Bill No. 3205,16th Congress (July 2013 - 2016),https://ldr.senate.gov.ph/bills/senate-bill-no-3205-16th-congress-republic,INTEGRATED HISTORY ACT OF 2016,"AN ACT MANDATING THE INTEGRATION OF FILIPINO-MUSLIM AND INDIGENOUS PEOPLES HISTORY, CULTURE AND IDENTITY IN THE STUDY OF PHILIPPINE HISTORY IN BOTH BASIC AND HIGHER EDUCATION","ANGARA, SONNY","January 2, 2016",NATIONAL,BASIC EDUCATION PROGRAM COMMISSION ON HIGHER EDUCATION (CHED),"EDUCATION, ARTS AND CULTURE",LAPSED INTO LAW
Senate Bill No. 3050,16th Congress (July 2013 - 2016),https://ldr.senate.gov.ph/bills/senate-bill-no-3050-16th-congress-republic,PERSONAL PRIVACY ACT,AN ACT DEFINING AND PENALIZING THE CRIMINAL INVASION OF PERSONAL PRIVACY,Miriam Defensor Santiago,"November 1, 2016",NATIONAL,PRIVACY,JUSTICE AND HUMAN RIGHTS,PENDING IN THE COMMITTEE
Senate Bill No. 3058,16th Congress (July 2013 - 2016),https://ldr.senate.gov.ph/bills/senate-bill-no-3058-16th-congress-republic,POLYCHLORINATED BIPHENYLS REGULATION ACT,AN ACT REGULATING THE HANDLING AND DISPOSAL OF POLYCHLORINATED BIPHENYLS,Miriam Defensor Santiago,"November 1, 2016",NATIONAL,POLYCHLORINATED BIPHENYLS (PCB),HEALTH AND DEMOGRAPHY,PENDING IN THE COMMITTEE
Senate Bill No. 3123,16th Congress (July 2013 - 2016),https://ldr.senate.gov.ph/bills/senate-bill-no-3123-16th-congress-republic,PREVENTING FALSE CONFESSIONS ACT,AN ACT DIRECTING THE ELECTRONIC RECORDING OF CUSTODIAL INTERROGATIONS TO PREVENT THE USE OF FALSE CONFESSIONS,Miriam Defensor Santiago,"January 25, 2016",NATIONAL,ELECTRONIC CUSTODIAL INVESTIGATION/INTERROGATION FALSE CONFESSIONS,JUSTICE AND HUMAN RIGHTS,PENDING IN THE COMMITTEE
Senate Bill No. 3191,16th Congress (July 2013 - 2016),https://ldr.senate.gov.ph/bills/senate-bill-no-3191-16th-congress-republic,PREVENTING WRONGFUL CONVICTION ACT,AN ACT CREATING A CRIMINAL JUSTICE REFORM COMMISSION CHARGED WITH THE INVESTIGATION AND PREVENTION OF WRONGFUL CONVICTIONS,Miriam Defensor Santiago,"January 2, 2016",NATIONAL,CRIMINAL JUSTICE REFORM COMMISSION,N/A,SENT TO THE ARCHIVES
Senate Bill No. 3202,16th Congress (July 2013 - 2016),https://ldr.senate.gov.ph/bills/senate-bill-no-3202-16th-congress-republic,POST TRAUMATIC STRESS DISORDER AWARENESS AND EDUCATION ACT,AN ACT ESTABLISHING A POST TRAUMATIC STRESS DISORDER AWARENESS AND EDUCATION PROGRAM,Miriam Defensor Santiago,"January 2, 2016",NATIONAL,TRAUMATIC STRESS DISORDER,N/A,SENT TO THE ARCHIVES
Senate Bill No. 3103,16th Congress (July 2013 - 2016),https://ldr.senate.gov.ph/bills/senate-bill-no-3103-16th-congress-republic,WORKPLACE GOODS JOB GROWTH AND COMPETITIVENESS ACT,AN ACT ESTABLISHING A STATUTE OF REPOSE FOR DURABLE GOODS USED IN A TRADE OR BUSINESS,Miriam Defensor Santiago,"January 25, 2016",NATIONAL,STATUTE OF REPOSE FOR DURABLE GOODS,"TRADE, COMMERCE AND ENTREPRENEURSHIP",PENDING IN THE COMMITTEE
Senate Bill No. 3160,16th Congress (July 2013 - 2016),https://ldr.senate.gov.ph/bills/senate-bill-no-3160-16th-congress-republic,"AMENDING R.A. NO. 8042, MIGRANT WORKERS AND OVERSEAS FILIPINOS ACT OF 1995","AN ACT STRENGTHENING THE REGULATORY FUNCTIONS OF THE PHILIPPINE OVERSEAS EMPLOYMENT ADMINSTRATION (POEA), AMENDING FOR THIS PURPOSE REPUBLIC ACT NO. 8042, OTHERWISE KNOWN AS THE MIGRANT WORKERS AND OVERSEAS FILIPINOS ACT OF 1995",Miriam Defensor Santiago,"January 28, 2016",NATIONAL,Philippine Overseas Employment Administration (POEA) DEPARTMENT OF LABOR AND EMPLOYMENT (DOLE) Migrant workers,N/A,SENT TO THE ARCHIVES
Senate Bill No. 3170,16th Congress (July 2013 - 2016),https://ldr.senate.gov.ph/bills/senate-bill-no-3170-16th-congress-republic,"AMENDING R.A. NO. 8794, MOTOR VEHICLE USER'S CHARGE","AN ACT AMENDING REPUBLIC ACT NO. 8794, OTHERWISE KNOWN AS AN ACT IMPOSING A MOTOR VEHICLE USER'S CHARGE ON OWNERS OF ALL TYPES OF MOTOR VEHICLES",Miriam Defensor Santiago,"January 28, 2016",NATIONAL,MOTOR VEHICLES USERS CHARGE (MVUC) (R.A. NO. 8794),N/A,SENT TO THE ARCHIVES
Senate Bill No. 3069,16th Congress (July 2013 - 2016),https://ldr.senate.gov.ph/bills/senate-bill-no-3069-16th-congress-republic,PROVINCIAL SPORTS COMPLEX,AN ACT ESTABLISHING PROVINCIAL SPORTS COMPLEX,Miriam Defensor Santiago,"December 1, 2016",NATIONAL,SPORTS COMPLEX/SPORTS CENTER/MULTI-PURPOSE SPORTS CENTER/SPORTS ACADEMY,"GAMES, AMUSEMENT AND SPORTS",PENDING IN THE COMMITTEE
Senate Bill No. 3134,16th Congress (July 2013 - 2016),https://ldr.senate.gov.ph/bills/senate-bill-no-3134-16th-congress-republic,"LOCAL GOVERNMENT CODE (R.A.NO. 7160), AMENDING SEC. 99, PAR. (D)","AN ACT REQUIRING THE CONCURRENCE OF THE LOCAL SCHOOL BOARD ON THE ASSIGNMENT OF DIVISION SUPERINTENDENTS, DISTRICT SUPERVISORS, SCHOOL PRINCIPALS, AND OTHER SCHOOL OFFICIALS AMENDING FOR THE PURPOSE SECTION 99, PARAGRAPH (D) OF REPUBLIC ACT NO. 7160, OTHERWISE KNOWN AS THE LOCAL GOVERNMENT CODE OF 1991",Miriam Defensor Santiago,"January 26, 2016",NATIONAL,SCHOOLS DISTRICT SUPERVISOR Local School Boards LOCAL GOVERNMENT CODE (R.A. NO. 7160),"EDUCATION, ARTS AND CULTURE",PENDING IN THE COMMITTEE
Senate Bill No. 3169,16th Congress (July 2013 - 2016),https://ldr.senate.gov.ph/bills/senate-bill-no-3169-16th-congress-republic,MENTAL HEALTH ON CAMPUS IMPROVEMENT ACT,AN ACT IMPROVING THE MENTAL AND BEHAVIORAL HEALTH SERVICES IN COLLEGE AND UNIVERSITY CAMPUSES,Miriam Defensor Santiago,"January 28, 2016",NATIONAL,MENTAL HEALTH,N/A,SENT TO THE ARCHIVES
Senate Bill No. 3068,16th Congress (July 2013 - 2016),https://ldr.senate.gov.ph/bills/senate-bill-no-3068-16th-congress-republic,SAFETY INTERNET EDUCATION ACT,AN ACT REQUIRING THE DEPARTMENT OF EDUCATION TO DEVELOP A SAFETY INTERNET EDUCATION PROGRAM AND INCLUDE THIS IN THE CURRICULUM OF ALL ELEMENTARY AND SECONDARY SCHOOLS,Miriam Defensor Santiago,"November 1, 2016",NATIONAL,"INTERNET SAFETY DEPARTMENT OF EDUCATION, CULTURE AND SPORTS (DEPED) CURRICULUM Secondary Education","EDUCATION, ARTS AND CULTURE",PENDING IN THE COMMITTEE
Senate Bill No. 3133,16th Congress (July 2013 - 2016),https://ldr.senate.gov.ph/bills/senate-bill-no-3133-16th-congress-republic,CLIMATE CHANGE DRINKING WATER ADAPTATION,AN ACT COMMISSIONING A RESEARCH ON CLIMATE CHANGE DRINKING WATER ADAPTATION,Miriam Defensor Santiago,"January 26, 2016",NATIONAL,DRINKING WATER CLIMATE CHANGE WATER RESOURCES MANAGEMENT,ENVIRONMENT AND NATURAL RESOURCES,PENDING IN THE COMMITTEE
Senate Bill No. 3201,16th Congress (July 2013 - 2016),https://ldr.senate.gov.ph/bills/senate-bill-no-3201-16th-congress-republic,COUNTRYSIDE SPORTS DEVELOPMENT ACT,AN ACT PROVIDING FOR A COUNTRYSIDE SPORTS DEVELOPMENT PROGRAM,Miriam Defensor Santiago,"January 2, 2016",NATIONAL,SPORTS DEVELOPMENT PROGRAM,N/A,SENT TO THE ARCHIVES
Senate Bill No. 3102,16th Congress (July 2013 - 2016),https://ldr.senate.gov.ph/bills/senate-bill-no-3102-16th-congress-republic,PUBLIC OFFICERS AND EMPLOYEES SMOKING BAN ACT,AN ACT BANNING PUBLIC OFFICERS AND EMPLOYEES FROM SMOKING WITHIN THE WORK PREMISES DURING OFFICIAL WORK HOURS AND PROVIDING PENALTIES THEREFOR,Miriam Defensor Santiago,"January 25, 2016",NATIONAL,SMOKING ANTI-SMOKING,"CIVIL SERVICE, GOVERNMENT REORGANIZATION AND PROFESSIONAL REGULATION",PENDING IN THE COMMITTEE
Senate Bill No. 3159,16th Congress (July 2013 - 2016),https://ldr.senate.gov.ph/bills/senate-bill-no-3159-16th-congress-republic,STAY CLEAN AND SOBER ACT,"AN ACT ESTABLISHING COMPREHENSIVE ALCOHOL, TOBACCO AND OTHER DRUG ABUSE PROGRAMS IN EVERY SCHOOL",Miriam Defensor Santiago,"January 28, 2016",NATIONAL,ALCOHOL ABUSE DRUG ADDICT TOBACCO ABUSE,N/A,SENT TO THE ARCHIVES
Senate Bill No. 3177,16th Congress (July 2013 - 2016),https://ldr.senate.gov.ph/bills/senate-bill-no-3177-16th-congress-republic,YOUNG ATHLETES ASSISTANCE ACT,AN ACT ASSISTING YOUNG ATHLETES BY PROVIDING PROGRAMS AND INCENTIVES FOR THEIR DEVELOPMENT,Miriam Defensor Santiago,"January 28, 2016",NATIONAL,ATHLETES YOUTH,N/A,SENT TO THE ARCHIVES
Senate Bill No. 3188,16th Congress (July 2013 - 2016),https://ldr.senate.gov.ph/bills/senate-bill-no-3188-16th-congress-republic,LEAD CONTAMINATION CONTROL ACT,AN ACT STOPPING THE HAZARDOUS EFFECTS OF LEAD CONTAMINATION OF WATER SUPPLIES IN DRINKING WATER COOLERS,Miriam Defensor Santiago,"January 2, 2016",NATIONAL,LEAD CONTENT WATER SUPPLY DRINKING WATER,N/A,SENT TO THE ARCHIVES
Senate Bill No. 3090,16th Congress (July 2013 - 2016),https://ldr.senate.gov.ph/bills/senate-bill-no-3090-16th-congress-republic,SPECIAL PROGRAM FOR EMPLOYMENT OF STUDENTS,"AN ACT AMENDING CERTAIN PROVISIONS OF R.A. 9547 OTHERWISE KNOWN AS AN ACT STRENGTHENING AND EXPANDING THE COVERAGE OF THE SPECIAL PROGRAM FOR EMPLOYMENT OF STUDENTS, AMENDING FOR THE PURPOSE PROVISIONS OF R.A. 7323, OTHERWISE KNOWN AS THE SPECIAL PROGRAM FOR EMPLOYMENT OF STUDENTS","ESTRADA, JINGGOY E.","January 21, 2016",NATIONAL,STUDENT EMPLOYMENT YOUTH,"LABOR, EMPLOYMENT AND HUMAN RESOURCES DEVELOPMENT",LAPSED INTO LAW
Senate Bill No. 3152,16th Congress (July 2013 - 2016),https://ldr.senate.gov.ph/bills/senate-bill-no-3152-16th-congress-republic,"TAX EXEMPTION TO PIA ALONZO WURTZBACH' AWARDS, PRICES AND WINNINGS",AN ACT EXEMPTING FROM INCOME TAX THE PRIZES AND AWARDS GIVEN TO PIA ALONZO WURTZBACH AS MISS UNIVERSE 2015,Ralph G. Recto,"January 26, 2016",NATIONAL,TAX EXEMPTION,WAYS AND MEANS,PENDING IN THE COMMITTEE
Senate Bill No. 3088,16th Congress (July 2013 - 2016),https://ldr.senate.gov.ph/bills/senate-bill-no-3088-16th-congress-republic,UNIFIED UNIFORMED PERSONNEL RETIREMENT BENEFITS AND PENSION REFORM ACT OF 2016,AN ACT AMENDING PERTINENT LAWS ON THE RETIREMENT BENEFITS AND PENSION OF THE UNIFORMED PERSONNEL OF THE UNIFORMED SERVICES AND PROVIDING FUNDS THEREFOR,Antonio F. Trillanes IV,"January 18, 2016",NATIONAL,ARMED FORCES OF THE PHILIPPINES (AFP) RETIREMENT BENEFITS,NATIONAL DEFENSE AND SECURITY,PENDING IN THE HOUSE OF REPRESENTATIVES
Senate Bill No. 3120,16th Congress (July 2013 - 2016),https://ldr.senate.gov.ph/bills/senate-bill-no-3120-16th-congress-republic,NUCLEAR SCIENCE AND NUCLEAR ENGINEERING SCHOLARSHIP ACT,AN ACT ESTABLISHING A NATIONAL SCHOLARSHIP PROGRAM FOR STUDIES IN NUCLEAR SCIENCE AND NUCLEAR ENGINEERING,Miriam Defensor Santiago,"January 25, 2016",NATIONAL,SCIENCE AND TECHNOLOGY NUCLEAR ENGINEERING SCHOLARSHIP GRANTS,SCIENCE AND TECHNOLOGY,PENDING IN THE COMMITTEE
Senate Bill No. 3066,16th Congress (July 2013 - 2016),https://ldr.senate.gov.ph/bills/senate-bill-no-3066-16th-congress-republic,"AMENDING R.A. 9211, WARNINGS ON CIGARETTE PACKAGES","AN ACT AMENDING REPUBLIC ACT NO. 9211, OR THE TOBACCO REGULATION ACT OF 2003, SECTION 13, ON WARNINGS ON CIGARETTE PACKAGES",Miriam Defensor Santiago,"November 1, 2016",NATIONAL,"TOBACCO REGULATION ACT, AMENDMENTS (R.A. NO. 9211) CIGARS/CIGARETTES LABEL/LABELING",HEALTH AND DEMOGRAPHY,PENDING IN THE COMMITTEE
Senate Bill No. 3131,16th Congress (July 2013 - 2016),https://ldr.senate.gov.ph/bills/senate-bill-no-3131-16th-congress-republic,"AMENDING R.A. NO. 8794, ABOLISHING THE ROAD BOARD","AN ACT ABOLISHING THE ROAD BOARD CREATED BY VIRTUE OF REPUBLIC ACT NO. 8794 AND TRANSFERRING ITS POWERS AND FUNCTIONS TO THE DEPARTMENT OF PUBLIC WORKS AND HIGHWAYS AND TO THE DEPARTMENT OF TRANSPORTATION AND COMMUNICATIONS, AMENDING FOR THE PURPOSE REPUBLIC ACT NO. 8794","PIMENTEL, AQUILINO ""KOKO"" III","January 25, 2016",NATIONAL,Department of Public Works and Highways (DPWH) Department of Transportation and Communications (DOTC) MOTOR VEHICLES USERS CHARGE (MVUC) (R.A. NO. 8794),PUBLIC WORKS,PENDING IN THE COMMITTEE
Senate Bill No. 3199,16th Congress (July 2013 - 2016),https://ldr.senate.gov.ph/bills/senate-bill-no-3199-16th-congress-republic,PROBATION AND PAROLE OFFICERS HAZARDOUS PAY ACT,AN ACT PROVIDING HAZARDOUS PAY TO PROBATION AND PAROLE OFFICERS WHO PERFORM THE DUTY OF SUPERVISING AND COUNSELING PAROLEES,Miriam Defensor Santiago,"January 2, 2016",NATIONAL,HAZARD PAY PROBATION/PAROLE OFFICERS,N/A,SENT TO THE ARCHIVES
Senate Bill No. 3100,16th Congress (July 2013 - 2016),https://ldr.senate.gov.ph/bills/senate-bill-no-3100-16th-congress-republic,SHAKEN BABY SYNDROME PREVENTION ACT,AN ACT TO ENHANCE THE EFORTS FOCUSED ON PUBLIC AWARENESS AND EDUCATION ABOUT THE RISKS AND DANGERS ASSOCIATED WITH SHAKEN BABY SYNDROME,Miriam Defensor Santiago,"January 25, 2016",NATIONAL,SHAKEN BABY SYNDROME,HEALTH AND DEMOGRAPHY,PENDING IN THE COMMITTEE
Senate Bill No. 3157,16th Congress (July 2013 - 2016),https://ldr.senate.gov.ph/bills/senate-bill-no-3157-16th-congress-republic,PREVENTIVE SUSPENSION OF APPOINTIVE LOCAL OFFICIALS NOT EXCEEDING 90 DAYS,"AN ACT AMENDING SECTION 85, PARAGRAPH (A) OF REPUBLIC ACT NO. 7160, OTHERWISE KNOWN AS THE LOCAL GOVERNMENT CODE",Miriam Defensor Santiago,"January 28, 2016",NATIONAL,PREVENTIVE SUSPENSION OF APPOINTIVE LOCAL OFFICIALS AND EMPLOYEES,N/A,SENT TO THE ARCHIVES
Senate Bill No. 3167,16th Congress (July 2013 - 2016),https://ldr.senate.gov.ph/bills/senate-bill-no-3167-16th-congress-republic,REGISTER OF DEEDS TO INITIATE THE FILING OF PETITION FOR RECONSITUTION OF LOST TORRENS TITLE,"AN ACT AMENDING THE PRESIDENTIAL DECREE NO. 1529, OTHERWISE KNOWN AS THE PROPERTY REGISTRATION DECREE, SECTION 110",Miriam Defensor Santiago,"January 28, 2016",NATIONAL,PROPERTY REGISTRATION PRESIDENTIAL DECREE (P.D.NO. 1529),N/A,SENT TO THE ARCHIVES
Senate Bill No. 3077,16th Congress (July 2013 - 2016),https://ldr.senate.gov.ph/bills/senate-bill-no-3077-16th-congress-republic,REPORT ON INJURIES SUSTAINED BY ELEMENTARY AND HIGH SCHOOL STUDENTS IN SPORTS PROGRAMS,AN ACT REQUIRING AN ANNUAL REPORT ON INJURIES SUSTAINED BY ELEMENTARY AND HIGH SCHOOL STUDENTS PARTICIPATING IN SCHOOL SPORTS AND PHYSICAL EDUCATION PROGRAMS,Miriam Defensor Santiago,"January 13, 2016",NATIONAL,school sports PHYSICAL EDUCATION (P.E.),"EDUCATION, ARTS AND CULTURE",PENDING IN THE COMMITTEE
Senate Bill No. 3142,16th Congress (July 2013 - 2016),https://ldr.senate.gov.ph/bills/senate-bill-no-3142-16th-congress-republic,MUSIC PLAYER NOISE WARNING ACT,AN ACT PROHIBITING A MANUFACTURER FROM DISTRIBUTING PERSONAL AUDIO PLAYERS UNLESS THERE IS A WARNING LABEL ON THE PRODUCT WHICH PROVIDES THAT IT MAY CAUSE HEARING DAMAGE,Miriam Defensor Santiago,"January 26, 2016",NATIONAL,AUDIO PLAYERS LABEL/LABELING,"TRADE, COMMERCE AND ENTREPRENEURSHIP",PENDING IN THE COMMITTEE
Senate Bill No. 3215,16th Congress (July 2013 - 2016),https://ldr.senate.gov.ph/bills/senate-bill-no-3215-16th-congress-republic,TRAUMATIC BRAIN INJURY PREVENTION AND INFORMATION ACT,AN ACT INCREASING AWARENESS ABOUT SPORTS-RELATED TRAUMATIC BRAIN INJURIES,Miriam Defensor Santiago,"February 2, 2016",NATIONAL,SPORTS INJURY PREVENTION BRAINS,N/A,SENT TO THE ARCHIVES
Senate Bill No. 3111,16th Congress (July 2013 - 2016),https://ldr.senate.gov.ph/bills/senate-bill-no-3111-16th-congress-republic,"AMENDING R.A. NO. 6539, ANTI-CARNAPPING ACT OF 1972","AN ACT AMENDING REPUBLIC ACT NO. 6539, ALSO KNOWN AS THE ANTI-CARNAPPING ACT OF 1972, SECTION 14 ON THE PENALTIES FOR CARNAPPING",Miriam Defensor Santiago,"January 25, 2016",NATIONAL,ANTI-CARNAPPING ARMED FORCES OF THE PHILIPPINES (AFP) PHILIPPINE NATIONAL POLICE (PNP) LAW ENFORCEMENT AGENCY,PUBLIC ORDER AND DANGEROUS DRUGS,PENDING IN THE COMMITTEE
Senate Bill No. 3178,16th Congress (July 2013 - 2016),https://ldr.senate.gov.ph/bills/senate-bill-no-3178-16th-congress-republic,PROVINCIAL ENVIRONMENT AND NATURAL RESOURCES OFFICER (PENRO),"AN ACT AMENDING SECTION 463, CHAPTER 2, TITLE 4, BOOK 3 OF REPUBLIC ACT NO. 7160, OTHERWISE KNOWN AS THE LOCAL GOVERNMENT CODE OF 1991",Miriam Defensor Santiago,"January 28, 2016",NATIONAL,LOCAL GOVERNMENT CODE (R.A. NO. 7160) PROVINCIAL ENVIRONMENT AND NATURAL RESOURCES OFFICER (PENRO),N/A,SENT TO THE ARCHIVES
Senate Bill No. 3189,16th Congress (July 2013 - 2016),https://ldr.senate.gov.ph/bills/senate-bill-no-3189-16th-congress-republic,"AMENDING SECS. 6 AND 11 OF R.A. NO. 1169, THE CHARITY SWEEPTAKES , HORSE RACES, AND LOTTERIES","AN ACT AMENDING SECTIONS 6 AND 11 OF REPUBLIC ACT NO 1169, AS AMENDED, ALSO KNOWN AS AN ACT PROVIDING FOR CHARITY SWEEPSTAKES, HORSE RACES, AND LOTTERIES",Miriam Defensor Santiago,"January 2, 2016",NATIONAL,LOTTERY HORSE RACING PHILIPPINE CHARITY SWEEPSTAKES OFFICE (PCSO),N/A,SENT TO THE ARCHIVES
Senate Bill No. 3091,16th Congress (July 2013 - 2016),https://ldr.senate.gov.ph/bills/senate-bill-no-3091-16th-congress-republic,JOBSTART PHILIPPINE ACT,AN ACT INSTITUTIONALIZING THE NATIONWIDE IMPLEMENTATION OF THE JOBSTART PHILIPPINES PROGRAM AND PROVIDING FUNDS THEREFOR,"ANGARA, SONNY","January 21, 2016",NATIONAL,JOBSTART PROGRAM,"LABOR, EMPLOYMENT AND HUMAN RESOURCES DEVELOPMENT",APPROVED BY THE PRESIDENT OF THE PHILIPPINES
Senate Bill No. 3154,16th Congress (July 2013 - 2016),https://ldr.senate.gov.ph/bills/senate-bill-no-3154-16th-congress-republic,INTEGRATED COASTAL MANAGEMENT ACT,AN ACT TO ADOPT INTEGRATED COASTAL MANAGEMENT AS A NATIONAL STRATEGY TO ENSURE THE SUSTAINABLE DEVELOPMENT OF THE COASTAL AND MARINE ENVIRONMENT AND RESOURCES AND TO ESTABLISH SUPPORTING MECHANISMS FOR ITS IMPLEMENTATION AND PROVIDE FUNDS THEREFOR,"LEGARDA, LOREN B.","January 27, 2016",NATIONAL,COASTAL ENVIRONMENT PROGRAM MARINE RESOURCES AWARENESS,ENVIRONMENT AND NATURAL RESOURCES,"PENDING SECOND READING, ORDINARY BUSINESS"
Senate Bill No. 3048,16th Congress (July 2013 - 2016),https://ldr.senate.gov.ph/bills/senate-bill-no-3048-16th-congress-republic,AIRLINE PASSENGER FAIRNESS ACT,AN ACT ESTABLISHING A NATIONAL POLICY OF BASIC CONSUMER FAIR TREATMENT FOR AIRLINE PASSENGERS,Miriam Defensor Santiago,"November 1, 2016",NATIONAL,AIRLINE PASSENGER FAIRNESS ACT,PUBLIC SERVICES,PENDING IN THE COMMITTEE
Senate Bill No. 3056,16th Congress (July 2013 - 2016),https://ldr.senate.gov.ph/bills/senate-bill-no-3056-16th-congress-republic,BLUEPRINT FOR HEALTH ACT,AN ACT ESTABLISHING A BLUEPRINT FOR HEALTH IN ORDER TO CREATE A COMPREHENSIVE SYSTEM OF CARE INCORPORATING MEDICAL HOMES TO IMPROVE THE DELIVERY AND AFFORDABILITY OF HEALTH CARE,Miriam Defensor Santiago,"November 1, 2016",NATIONAL,HEALTH CARE DELIVERY SYSTEM,HEALTH AND DEMOGRAPHY,PENDING IN THE COMMITTEE
Senate Bill No. 3121,16th Congress (July 2013 - 2016),https://ldr.senate.gov.ph/bills/senate-bill-no-3121-16th-congress-republic,PUBLIC AD DISCLOSURE ACT,AN ACT REQUIRING THE DISCLOSURE OF THE SOURCE OF FUNDING OF PUBLICLY FUNDED ADVERTISEMENTS,Miriam Defensor Santiago,"January 25, 2016",NATIONAL,ADVERTISING,PUBLIC INFORMATION AND MASS MEDIA,PENDING IN THE COMMITTEE
Senate Bill No. 3067,16th Congress (July 2013 - 2016),https://ldr.senate.gov.ph/bills/senate-bill-no-3067-16th-congress-republic,TAX EXEMPTION FROM DONATIONS AND GRANTS TO NON-STOCK AND NON-PROFIT EDUCATIONAL INSTITUTIONS,"AN ACT EXEMPTING FROM TAXATION ALL DONATIONS, GRANTS OR GIFTS TO NON-STOCK AND NON-PROFIT EDUCATIONAL INSTITUTIONS",Miriam Defensor Santiago,"November 1, 2016",NATIONAL,TAX EXEMPTION DONATIONS educational institutions,WAYS AND MEANS,PENDING IN THE COMMITTEE
Senate Bill No. 3132,16th Congress (July 2013 - 2016),https://ldr.senate.gov.ph/bills/senate-bill-no-3132-16th-congress-republic,RIGHTS OF INTERNALLY DISPLACED PERSONS ACT (RIDPA),AN ACT PROTECTING THE RIGHTS OF INTERNALLY DISPLACED PERSONS AND PENALIZING THE ACTS OF ARBITRARY INTERNAL DISPLACEMENT,"Teofisto ""TG"" D. Guingona III","January 26, 2016",NATIONAL,DISPLACED PERSONS INTERNAL DISPLACEMENT,JUSTICE AND HUMAN RIGHTS,PENDING IN THE COMMITTEE
Senate Bill No. 3200,16th Congress (July 2013 - 2016),https://ldr.senate.gov.ph/bills/senate-bill-no-3200-16th-congress-republic,COMMITMENT TO KIDS AND CHARACTER ACT,AN ACT ESTABLISHING A NATIONAL CLEARINGHOUSE FOR CHARACTER EDUCATION,Miriam Defensor Santiago,"January 2, 2016",NATIONAL,CHARACTER EDUCATION CHILDREN/CHILD CARE,N/A,SENT TO THE ARCHIVES
Senate Bill No. 3101,16th Congress (July 2013 - 2016),https://ldr.senate.gov.ph/bills/senate-bill-no-3101-16th-congress-republic,NATIONAL COMMISSION ON THE IMPACT OF FILIPINO CULTURE ON THE YOUTH ACT,AN ACT TO ESTABLISH THE NATIONAL COMMISSION ON THE IMPACT OF FILIPINO CULTURE ON THE YOUTH,Miriam Defensor Santiago,"January 25, 2016",NATIONAL,YOUTH,YOUTH,PENDING IN THE COMMITTEE
Senate Bill No. 3158,16th Congress (July 2013 - 2016),https://ldr.senate.gov.ph/bills/senate-bill-no-3158-16th-congress-republic,RETINOBLASTOMA AWARENESS ACT,AN ACT DIRECTING THE SECRETARY OF HEALTH TO ESTABLISH A RETINOBLASTOMA PUBLIC AWARENESS AND PREVENTION PROGRAM,Miriam Defensor Santiago,"January 28, 2016",NATIONAL,RETINOBLASTOMA AWARENESS ACT EYE CANCER (RETINOBLASTOMA),N/A,SENT TO THE ARCHIVES
Senate Bill No. 3168,16th Congress (July 2013 - 2016),https://ldr.senate.gov.ph/bills/senate-bill-no-3168-16th-congress-republic,GREEN ENERGY EDUCATION ACT,AN ACT AUTHORIZING HIGHER EDUCATION CURRICULUM DEVELOPMENT AND GRADUATE TRAINING IN ADVANCED ENERGY AND GREEN BUILDING TECHNOLOGIES,Miriam Defensor Santiago,"January 28, 2016",NATIONAL,GREEN ENERGY EDUCATION CURRICULUM,N/A,SENT TO THE ARCHIVES
Senate Bill No. 2942,16th Congress (July 2013 - 2016),https://ldr.senate.gov.ph/bills/senate-bill-no-2942-16th-congress-republic,BARANGAY WORKERS INCENTIVES ACT,"AN ACT PROVIDING INCENTIVES TO ALL BARANGAY OFFICIALS, INCLUDING BARANGAY TANODS AND MEMBERS OF THE LUPONG TAGAPAMAYAPA, AND BARANGAY EMPLOYEES",Miriam Defensor Santiago,"August 9, 2015",NATIONAL,BARANGAY TANOD BRIGADES BARANGAY CAPTAIN/PUNONG BARANGAY,LOCAL GOVERNMENT,PENDING IN THE COMMITTEE
Senate Bill No. 3006,16th Congress (July 2013 - 2016),https://ldr.senate.gov.ph/bills/senate-bill-no-3006-16th-congress-republic,BICYCLE HELMET SAFETY ACT,AN ACT TO PROTECT CONSUMERS BY PROMULGATING UNIFORM MANUFACTURING STANDARDS FOR BICYCLE HELMETS AND PROMOTING ITS USE,Miriam Defensor Santiago,"September 11, 2015",NATIONAL,BICYCLE,"TRADE, COMMERCE AND ENTREPRENEURSHIP",PENDING IN THE COMMITTEE
Senate Bill No. 2698,16th Congress (July 2013 - 2016),https://ldr.senate.gov.ph/bills/senate-bill-no-2698-16th-congress-republic,ONLINE NETWORK ESTABLISHMENT POLICY FOR THE PHILIPPINES,AN ACT PROVIDING FOR AN ONLINE NETWORK ESTABLISHMENT FOR THE PHILIPPINES,"Paolo Benigno ""Bam"" Aquino IV","March 16, 2015",NATIONAL,INFORMATION AND COMMUNICATIONS TECHNOLOGY (ICT),SCIENCE AND TECHNOLOGY,PENDING IN THE COMMITTEE
Senate Bill No. 2763,16th Congress (July 2013 - 2016),https://ldr.senate.gov.ph/bills/senate-bill-no-2763-16th-congress-republic,ABSENTEE VOTING,"AN ACT PROVIDING FOR A SYSTEM OF ABSENTEE VOTING FOR QUALIFIED MEMBERS OF THE ELECTORAL STAFF OF NATIONAL CANDIDATES AND ACCREDITED NATIONAL POLITICAL PARTIES AND PARTY-LISTS, AND ELECTION LAWYERS","LAPID, MANUEL ""LITO"" M.","May 13, 2015",NATIONAL,ABSENTEE VOTING POLITICAL PARTY LAWYERS,ELECTORAL REFORMS AND PEOPLES PARTICIPATION,"PENDING SECOND READING, SPECIAL ORDER"
Senate Bill No. 2832,16th Congress (July 2013 - 2016),https://ldr.senate.gov.ph/bills/senate-bill-no-2832-16th-congress-republic,FREE/DISCOUNTED TICKETS TO PHILIPPINE MILITARY IN ALL THREATERS AND CINEMAS,AN ACT ENCOURAGING ALL THEATERS AND CINEMAS IN THE PHILIPPINES TO GRANT FREE ADMISSION OR ADMISSION AT DISCOUNTED RATES TO MEMBERS OF THE PHILIPPINE MILITARY,"BINAY, MARIA LOURDES NANCY S.","August 6, 2015",NATIONAL,TAXES (AMUSEMENT TAX) PHILIPPINE MILITARY TROOPS DISCOUNT PRIVILEGES,WAYS AND MEANS,PENDING IN THE COMMITTEE
Senate Bill No. 2900,16th Congress (July 2013 - 2016),https://ldr.senate.gov.ph/bills/senate-bill-no-2900-16th-congress-republic,LABELING OF COSMETICS,AN ACT REQUIRING COSMETIC PACKAGING TO BEAR A WARNING LABEL WITH RESPECT TO CERTAIN INGREDIENTS,Miriam Defensor Santiago,"December 8, 2015",NATIONAL,COSMETICS AND PERSONAL CARE PRODUCTS LABEL/LABELING,"TRADE, COMMERCE AND ENTREPRENEURSHIP",PENDING IN THE COMMITTEE
Senate Bill No. 2592,16th Congress (July 2013 - 2016),https://ldr.senate.gov.ph/bills/senate-bill-no-2592-16th-congress-republic,BONE MARROW FAILURE DISEASE RESEARCH ACT,AN ACT TO ESTABLISH A NATIONAL ACQUIRED BONE MARROW FAILURE DISEASE REGISTRY ON ACQUIRED BONE MARROW FAILURE DISEASES,Miriam Defensor Santiago,"January 28, 2015",NATIONAL,BONE MARROW FAILURE DISEASES,HEALTH AND DEMOGRAPHY,PENDING IN THE COMMITTEE
Senate Bill No. 2656,16th Congress (July 2013 - 2016),https://ldr.senate.gov.ph/bills/senate-bill-no-2656-16th-congress-republic,INCREASING MATERNITY LEAVE BENEFITS (60 TO 120 DAYS),"AN ACT INCREASING MATERNITY ELAVE BENEFITS FROM SIXTY (60) DAYS TO ONE HUNDRED TWENTY (120) DAYS OR FOUR MONTHS, AMENDING FOR THE PURPOSE, P.D. 442, AS AMENDED BY R.A. 7322",Antonio F. Trillanes IV,"February 17, 2015",NATIONAL,Maternity Leave LABOR CODE OF THE PHILIPPINES (P.D. NO. 442) LEAVE OF ABSENCE,"LABOR, EMPLOYMENT AND HUMAN RESOURCES DEVELOPMENT",WITHDRAWN
Senate Bill No. 2973,16th Congress (July 2013 - 2016),https://ldr.senate.gov.ph/bills/senate-bill-no-2973-16th-congress-republic,HAZARD PAY FOR FIRST AND SECOND LEVEL COURT JUDGES ACT,AN ACT GRANTING HAZARD PAY TO ALL FIRST AND SECOND LEVEL COURT JUDGES DURING THEIR INCUMBENCY AND APPROPRIATING FUNDS THEREFOR,"BINAY, MARIA LOURDES NANCY S.","September 29, 2015",NATIONAL,Judges,JUSTICE AND HUMAN RIGHTS,"PENDING SECOND READING, ORDINARY BUSINESS"
Senate Bill No. 3038,16th Congress (July 2013 - 2016),https://ldr.senate.gov.ph/bills/senate-bill-no-3038-16th-congress-republic,"AMENDING RA 8485, ANIMAL WELFARE ACT (USE OF ANIMALS FOR MARKETING MEDICAL DEVICES BAN)","AN ACT AMENDING REPUBLIC ACT NO. 8485, ALSO KNOWN AS ANIMAL WELFARE ACT OF 1998, TO PROHIBIT THE USE OF ANIMALS FOR MARKETING MEDICAL DEVICES",Miriam Defensor Santiago,"December 16, 2015",NATIONAL,ANIMAL WELFARE,AGRICULTURE AND FOOD,PENDING IN THE COMMITTEE
Senate Bill No. 2731,16th Congress (July 2013 - 2016),https://ldr.senate.gov.ph/bills/senate-bill-no-2731-16th-congress-republic,PREGNANT WOMEN'S WELFARE ACT OF 2015,"AN ACT PROVIDING FOR THE BENEFITS AND PRIVILEGES TO PREGNANT WOMEN AND THEIR FAMILIES, APPROPRIATING FUNDS THEREFOR AND FOR OTHER PURPOSES",Miriam Defensor Santiago,"April 23, 2015",NATIONAL,WOMEN EXPECTANT MOTHERS pregnancy,"WOMEN, CHILDREN, FAMILY RELATIONS AND GENDER EQUALITY",PENDING IN THE COMMITTEE
Senate Bill No. 2795,16th Congress (July 2013 - 2016),https://ldr.senate.gov.ph/bills/senate-bill-no-2795-16th-congress-republic,PHILIPPINE NATIONAL POLICE REORGANIZATION ACT OF 2015,"AN ACT REORGANIZING THE PHILIPPINE NATIONAL POLICE, PROVIDING FUNDS THEREFOR, AND FOR OTHER PURPOSES","ESTRADA, JINGGOY E.","March 6, 2015",NATIONAL,PHILIPPINE NATIONAL POLICE (PNP),PUBLIC ORDER AND DANGEROUS DRUGS,PENDING IN THE COMMITTEE
Senate Bill No. 2550,16th Congress (July 2013 - 2016),https://ldr.senate.gov.ph/bills/senate-bill-no-2550-16th-congress-republic,FOOD ESTABLISHMENT SANITATION ACT OF 2014,AN ACT REQUIRING FOOD ESTABLISHMENTS TO COMPLY WITH SANITATION STANDARDS,Miriam Defensor Santiago,"May 1, 2015",NATIONAL,FOOD ESTABLISHMENTS SANITATION,"TRADE, COMMERCE AND ENTREPRENEURSHIP",PENDING IN THE COMMITTEE
Senate Bill No. 2868,16th Congress (July 2013 - 2016),https://ldr.senate.gov.ph/bills/senate-bill-no-2868-16th-congress-republic,ANTI-HAZING ACT OF 2015 OR THE SERVANDO ACT OF 2015,"AN ACT PROHIBITING HAZING AND REGULATING OTHER FORMS OF INITIATION RITES OF FRATERNITIES, SORORITIES, AND OTHER ORGANIZATIONS, AND PROVIDING PENALTIES FOR VIOLATION THEREOF, REPEALING FOR THE PURPOSE REPUBLIC ACT NO. 8049","EJERCITO, JOSEPH VICTOR G.","July 27, 2015",NATIONAL,Hazing,PUBLIC ORDER AND DANGEROUS DRUGS,PENDING IN THE COMMITTEE
Senate Bill No. 2624,16th Congress (July 2013 - 2016),https://ldr.senate.gov.ph/bills/senate-bill-no-2624-16th-congress-republic,TRANSPORTATION SAFETY ACT OF 2015,"AN ACT CREATING A NATIONAL TRANSPORTATION SAFETY BOARD, PRESCRIBING ITS POWERS AND FUNCTIONS, APPROPRIATING FUNDS THEREFOR, AND FOR OTHER PURPOSES","REVILLA JR., RAMON BONG","March 2, 2015",NATIONAL,TRANSPORTATION NATIONAL TRANSPORTATION SAFETY BOARD,"CIVIL SERVICE, GOVERNMENT REORGANIZATION AND PROFESSIONAL REGULATION",PENDING IN THE COMMITTEE
Senate Bill No. 2816,16th Congress (July 2013 - 2016),https://ldr.senate.gov.ph/bills/senate-bill-no-2816-16th-congress-republic,TOXIC PACKAGING PREVENTION ACT,AN ACT PREVENTING THE MANUFACTURE OR IMPORTATION OF PRODUCTS WITH TOXIC AND HAZARDOUS PACKAGING,Miriam Defensor Santiago,"August 6, 2015",NATIONAL,PACKAGING (TOXIC/HAZARDOUS MATERIALS) TOXIC CHEMICALS,"TRADE, COMMERCE AND ENTREPRENEURSHIP",PENDING IN THE COMMITTEE
Senate Bill No. 2879,16th Congress (July 2013 - 2016),https://ldr.senate.gov.ph/bills/senate-bill-no-2879-16th-congress-republic,SOCIAL SECURITY ACT (MONTHLY PENSION INCREASE),"AN ACT INCREASING THE MONTHLY PENSION UNDER THE SOCIAL SECURITY SYSTEM, AMENDING FOR THIS PURPOSE SECTION 12 OF REPUBLIC ACT NO. 1161, AS AMENDED, OTHERWISE KNOWN AS THE SOCIAL SECURITY ACT OF 1997","VILLAR, CYNTHIA A.","March 8, 2015",NATIONAL,SOCIAL SECURITY ACT OF 1997 (R.A.NO. 8282) PENSION,GOVERNMENT CORPORATIONS AND PUBLIC ENTERPRISES,CONSOLIDATED/SUBSTITUTED IN THE COMMITTEE REPORT
Senate Bill No. 2571,16th Congress (July 2013 - 2016),https://ldr.senate.gov.ph/bills/senate-bill-no-2571-16th-congress-republic,"AMENDING ART. 155, REVISED PENAL CODE (CRIME OF ALARM AND SCANDAL)","AN ACT IMPOSING MORE STRINGENT PENALTIES FOR THE CRIME OF ALARM AND SCANDAL, AMENDING FOR THIS PURPOSE ARTICLE 155 OF REPUBLIC ACT NO. 3815 OTHERWISE KNOWN AS THE REVISED PENAL CODE, AS AMENDED, AND FOR OTHER RELATED PURPOSES",Antonio F. Trillanes IV,"January 20, 2015",NATIONAL,REVISED PENAL CODE (R.A. NO. 3815),JUSTICE AND HUMAN RIGHTS,PENDING IN THE COMMITTEE
Senate Bill No. 2635,16th Congress (July 2013 - 2016),https://ldr.senate.gov.ph/bills/senate-bill-no-2635-16th-congress-republic,POLITICAL PARTY DEVELOPMENT ACT OF 2015,"AN ACT STRENGTHENING THE POLITICAL PARTY SYSTEM, APPROPRIATING FUNDS THEREFOR, AND FOR OTHER PURPOSES","ESTRADA, JINGGOY E.","September 2, 2015",NATIONAL,POLITICAL PARTY,ELECTORAL REFORMS AND PEOPLES PARTICIPATION,PENDING IN THE COMMITTEE
Senate Bill No. 2953,16th Congress (July 2013 - 2016),https://ldr.senate.gov.ph/bills/senate-bill-no-2953-16th-congress-republic,"INCREASING THE ALLOWABLE PERSONAL EXEMPTION OF INDIVIDUAL TAXPAYER TO P150,000.00","AN ACT INCREASING THE ALLOWABLE PERSONAL EXEMPTION OF INDIVIDUAL TAXPAYERS, AMENDING FOR THE PURPOSE SECTION 35 (A) OF THE NATIONAL INTERNAL REVENUE CODE OF 1997, AS AMENDED, AND FOR OTHER PURPOSES",Ralph G. Recto,"September 16, 2015",NATIONAL,NATIONAL INTERNAL REVENUE CODE (NIRC) TAX EXEMPTION,WAYS AND MEANS,PENDING IN THE COMMITTEE
Senate Bill No. 3018,16th Congress (July 2013 - 2016),https://ldr.senate.gov.ph/bills/senate-bill-no-3018-16th-congress-republic,MANUFACTURING MILK ACT,AN ACT TO REGULATE AND PROVIDE STANDARDS FOR THE MANUFACTURE AND SALE OF MILK AND DAIRY PRODUCTS,Miriam Defensor Santiago,"November 26, 2015",NATIONAL,MILK,"TRADE, COMMERCE AND ENTREPRENEURSHIP",PENDING IN THE COMMITTEE
Senate Bill No. 2730,16th Congress (July 2013 - 2016),https://ldr.senate.gov.ph/bills/senate-bill-no-2730-16th-congress-republic,"AMENDING SECS. 32 & 33, MAGNA CARTA FOR PERSONS WITH DISABILITIES","AN ACT EXPANDING THE BENEFITS AND PRIVILEGES OF PERSONS WITH DISABILITIES, AMENDING SECTIONS 32 AND 33 OF REPUBLIC ACT 7277, AS AMENDED, OTHERWISE KNOWN AS THE 'MAGNA CARTA FOR PERSONS WITH DISABILITIES' AND FOR OTHER PURPOSES","Paolo Benigno ""Bam"" Aquino IV","April 22, 2015",NATIONAL,MAGNA CARTA FOR PERSONS WITH DISABILITY (R.A. NO. 7277) PERSONS WITH DISABILITIES (PWDS) VALUE-ADDED TAX (VAT),WAYS AND MEANS,CONSOLIDATED/SUBSTITUTED IN THE COMMITTEE REPORT
Senate Bill No. 2794,16th Congress (July 2013 - 2016),https://ldr.senate.gov.ph/bills/senate-bill-no-2794-16th-congress-republic,NEW ANTI-CARNAPPING ACT OF 2015,AN ACT PROVIDING FOR A NEW ANTI-CARNAPPING LAW OF THE PHILIPPINES,"ESCUDERO, FRANCIS G.","February 6, 2015",NATIONAL,ANTI-CARNAPPING,PUBLIC ORDER AND DANGEROUS DRUGS,LAPSED INTO LAW
Senate Bill No. 2549,16th Congress (July 2013 - 2016),https://ldr.senate.gov.ph/bills/senate-bill-no-2549-16th-congress-republic,PUT SCHOOL COUNSELORS WHERE THEY ARE NEEDED ACT,AN ACT CREATING A DEMONSTRATION PROJECT TO FUND ADDITIONAL SECONDARY SCHOOL COUNSELORS IN TROUBLED SCHOOLS TO REDUCE THE DROPOUT RATE,Miriam Defensor Santiago,"May 1, 2015",NATIONAL,SCHOOL COUNSELORS STUDENTS,"EDUCATION, ARTS AND CULTURE",PENDING IN THE COMMITTEE
Senate Bill No. 2867,16th Congress (July 2013 - 2016),https://ldr.senate.gov.ph/bills/senate-bill-no-2867-16th-congress-republic,MULTIPURPOSE GYM IN ALL MUNICIPALITIES AND CITIES ACT OF 2015,AN ACT PROVIDING FOR THE CONSTRUCTION OF A MULTIPURPOSE GYM IN ALL MUNICIPALITIES AND CITIES TO SERVE AS EVACUATION CENTER DURING TIMES OF CALAMITY OR DISASTER AND APPROPRIATING FUNDS THEREFOR,Ralph G. Recto,"July 27, 2015",NATIONAL,CALAMITY/DISASTER GYM,PUBLIC WORKS,PENDING IN THE COMMITTEE
Senate Bill No. 2623,16th Congress (July 2013 - 2016),https://ldr.senate.gov.ph/bills/senate-bill-no-2623-16th-congress-republic,ARCHITECTURE ACT,"AN ACT TO STRENGTHEN THE ARCHITECTURE PROFESSION, AMENDING FOR THE PURPOSE CERTAIN PROVISIONS OF REPUBLIC ACT NO. 9266, OTHERWISE KNOWN AS THE ARCHITECTURE ACT OF 2004",Antonio F. Trillanes IV,"February 2, 2015",NATIONAL,ARCHITECTURE,"CIVIL SERVICE, GOVERNMENT REORGANIZATION AND PROFESSIONAL REGULATION",PENDING IN THE COMMITTEE
Senate Bill No. 2941,16th Congress (July 2013 - 2016),https://ldr.senate.gov.ph/bills/senate-bill-no-2941-16th-congress-republic,LOCAL PRODUCTS SHALL BEAR THE LABEL,"AN ACT AMENDING REPUBLIC ACT NO. 7394, ALSO KNOWN AS THE CONSUMER ACT OF THE PHILIPPINES, ARTICLE 77",Miriam Defensor Santiago,"August 9, 2015",NATIONAL,CONSUMER ACT (R.A.NO. 7394) LABEL/LABELING,"TRADE, COMMERCE AND ENTREPRENEURSHIP",PENDING IN THE COMMITTEE
Senate Bill No. 3005,16th Congress (July 2013 - 2016),https://ldr.senate.gov.ph/bills/senate-bill-no-3005-16th-congress-republic,BIRTH DEFECTS PREVENTION ACT,AN ACT TO PROVIDE SURVEILLANCE RESEARCH AND SERVICES AIMED AT THE PREVENTION OF BIRTH DEFECTS,Miriam Defensor Santiago,"September 11, 2015",NATIONAL,BIRTH DEFECTS PREVENTION,HEALTH AND DEMOGRAPHY,PENDING IN THE COMMITTEE
Senate Bill No. 2697,16th Congress (July 2013 - 2016),https://ldr.senate.gov.ph/bills/senate-bill-no-2697-16th-congress-republic,PHILIPPINE HIGH SCHOOL FOR SPORTS ACT,AN ACT ESTABLISHING A PHILIPPINE HIGH SCHOOL FOR SPORTS AND APPROPRIATING FUNDS THEREFOR,"Paolo Benigno ""Bam"" Aquino IV","March 16, 2015",NATIONAL,PHILIPPINE HIGH SCHOOL FOR SPORTS (PHSS),"EDUCATION, ARTS AND CULTURE",PENDING IN THE COMMITTEE
Senate Bill No. 2762,16th Congress (July 2013 - 2016),https://ldr.senate.gov.ph/bills/senate-bill-no-2762-16th-congress-republic,STRATEGIC TRADE MANAGEMENT ACT (STMA),"AN ACT PREVENTING THE PROLIFERATION OF WEAPONS OF MASS DESTRUCTION BY MANAGING THE TRADE IN STRATEGIC GOODS, THE PROVISION OF RELATED SERVICES, AND FOR OTHER PURPOSES",Antonio F. Trillanes IV,"December 5, 2015",NATIONAL,WEAPONS NUCLEAR WEAPONS,NATIONAL DEFENSE AND SECURITY,APPROVED BY THE PRESIDENT OF THE PHILIPPINES
Senate Bill No. 2830,16th Congress (July 2013 - 2016),https://ldr.senate.gov.ph/bills/senate-bill-no-2830-16th-congress-republic,STILLBIRTHS AWARENESS AND RESEARCH ACT,"AN ACT PROVIDING FOR A NATIONAL COLLECTION OF DATA ON STILLBIRTHS IN A STANDARDIZED MANNER, PROVIDING FOR INFORMATION AND RESEARCH PROGRAM ON STILLBIRTHS",Miriam Defensor Santiago,"August 6, 2015",NATIONAL,STILLBIRTHS pregnancy,HEALTH AND DEMOGRAPHY,PENDING IN THE COMMITTEE
Senate Bill No. 2846,16th Congress (July 2013 - 2016),https://ldr.senate.gov.ph/bills/senate-bill-no-2846-16th-congress-republic,GUN SAFETY EDUCATION ACT,AN ACT REQUIRING THE DEPARTMENT OF EDUCATION TO DEVELOP A GUN SAFETY EDUCATION PROGRAM AND INCLUDE THIS IN THE CURRICULUM OF ALL ELEMENTARY AND SECONDARY SCHOOLS,Miriam Defensor Santiago,"June 22, 2015",NATIONAL,"FIREARMS CURRICULUM DEPARTMENT OF EDUCATION, CULTURE AND SPORTS (DEPED)","EDUCATION, ARTS AND CULTURE",PENDING IN THE COMMITTEE
Senate Bill No. 2910,16th Congress (July 2013 - 2016),https://ldr.senate.gov.ph/bills/senate-bill-no-2910-16th-congress-republic,PHILIPPINE MENTAL HEALTH ACT OF 2015,"AN ACT PROMULGATING A NATIONAL MENTAL HEALTH POLICY TOWARDS THE ENHANCEMENT OF INTEGRATED MENTAL HEALTH SERVICES, THE PROMOTION AND PROTECTION OF PERSONS UTILIZING MENTAL HEALTH SERVICES, APPROPRIATING FUNDS THEREFOR AND FOR OTHER PURPOSES","CAYETANO, PIA S.","August 19, 2015",NATIONAL,MENTAL HEALTH,HEALTH AND DEMOGRAPHY,PENDING IN THE COMMITTEE
Senate Bill No. 2602,16th Congress (July 2013 - 2016),https://ldr.senate.gov.ph/bills/senate-bill-no-2602-16th-congress-republic,FAILURE OR REFUSAL TO TESTIFY AS WITNESS IN ANY CRIMINAL PROCEEDINGS,"AN ACT PENALIZING MEMBERS OF LAW ENFORCEMENT AGENCY, OTHER GOVERNMENT OFFICIALS OR EMPLOYEES WHO FAIL OR REFUSE TO TESTIFY AS PROSECUTION WITNESSES IN ANY CRIMINAL PROCEEDINGS AND FOR OTHER PURPOSES","ESTRADA, JINGGOY E.","February 2, 2015",NATIONAL,LAW ENFORCEMENT AGENCY WITNESS (FAILURE TO TESTIFY),JUSTICE AND HUMAN RIGHTS,PENDING IN THE COMMITTEE
Senate Bill No. 2666,16th Congress (July 2013 - 2016),https://ldr.senate.gov.ph/bills/senate-bill-no-2666-16th-congress-republic,COLLABORATIVE ACADEMIC RESEARCH EFFORTS FOR TOURETTE SYNDROME ACT OF 2015,AN ACT SUPPORTING COLLABORATIVE ACADEMIC RESEARCH EFFORTS FOR TOURETTE SYNDROME,Miriam Defensor Santiago,"February 25, 2015",NATIONAL,TOURETTE SYNDROME (TS),HEALTH AND DEMOGRAPHY,PENDING IN THE COMMITTEE
Senate Bill No. 2984,16th Congress (July 2013 - 2016),https://ldr.senate.gov.ph/bills/senate-bill-no-2984-16th-congress-republic,PHILHEALTH PARA SA BUNTIS AT KANYANG SANGGOL ACT OF 2015,"AN ACT GRANTING AUTOMATIC PHILHEALTH COVERAGE FOR ALL WOMEN ABOUT TO GIVE BIRTH AND THEIR NEWBORN CHILDREN, AMENDING FOR THE PURPOSE REPUBLIC ACT NO. 7875, AS AMENDED BY REPUBLIC ACT NO. 10606, OTHERWISE KNOWN AS THE 'NATIONAL HEALTH INSURANCE ACT OF 2013', PROVIDING FUNDS THEREFOR AND FOR OTHER PURPOSES",Ralph G. Recto,"June 10, 2015",NATIONAL,pregnancy WOMEN PHILIPPINE HEALTH INSURANCE CORPORATION (PHILHEALTH),HEALTH AND DEMOGRAPHY,PENDING IN THE COMMITTEE
Senate Bill No. 2740,16th Congress (July 2013 - 2016),https://ldr.senate.gov.ph/bills/senate-bill-no-2740-16th-congress-republic,SOCIAL MEDIA PRIVACY IN EDUCATION ACT,AN ACT PROTECTING THE RIGHT TO SOCIAL MEDIA PRIVACY IN EDUCATIONAL INSTITUTIONS,Miriam Defensor Santiago,"April 29, 2015",NATIONAL,SOCIAL MEDIA PRIVACY educational institutions,JUSTICE AND HUMAN RIGHTS,PENDING IN THE COMMITTEE
Senate Bill No. 2805,16th Congress (July 2013 - 2016),https://ldr.senate.gov.ph/bills/senate-bill-no-2805-16th-congress-republic,CARBON MONOXIDE POISONING PREVENTION ACT,AN ACT TO PREVENT CARBON MONOXIDE POISONING,Miriam Defensor Santiago,"August 6, 2015",NATIONAL,CARBON MONOXIDE POISON PREVENTION,PUBLIC SERVICES,PENDING IN THE COMMITTEE
Senate Bill No. 2560,16th Congress (July 2013 - 2016),https://ldr.senate.gov.ph/bills/senate-bill-no-2560-16th-congress-republic,HEALTHY PLACES ACT,AN ACT REQUIRING GOVERNMENT AGENCIES TO SUPPORT HEALTH IMPACT ASSESSMENTS AND TAKE OTHER ACTIONS TO IMPROVE THE HEALTH AND THE ENVIRONMENTAL QUALITY OF COMMUNITIES,Miriam Defensor Santiago,"May 1, 2015",NATIONAL,HEALTHY PLACES ACT,HEALTH AND DEMOGRAPHY,PENDING IN THE COMMITTEE
Senate Bill No. 2815,16th Congress (July 2013 - 2016),https://ldr.senate.gov.ph/bills/senate-bill-no-2815-16th-congress-republic,EMPLOYMENT TO LOCAL RESIDENTS BY INDUSTRIES ENGAGED IN EXPLOITATION OF NATURAL RESOURCES,"AN ACT REQUIRING INDUSTRIES ENGAGED IN THE EXPLOITATION OF NATURAL RESOURCES TO GIVE PREFERENTIAL EMPLOYMENT TO LOCAL RESIDENTS, AMENDING FOR THE PURPOSE THE LABOR CODE OF THE PHILIPPINES",Miriam Defensor Santiago,"August 6, 2015",NATIONAL,NATURAL RESOURCES LABOR CODE OF THE PHILIPPINES (P.D. NO. 442),"LABOR, EMPLOYMENT AND HUMAN RESOURCES DEVELOPMENT",PENDING IN THE COMMITTEE
Senate Bill No. 2878,16th Congress (July 2013 - 2016),https://ldr.senate.gov.ph/bills/senate-bill-no-2878-16th-congress-republic,ENHANCED AND SUSTAINED UNIVERSAL HEALTH CARE ACT OF 2015 (ENSURE HEALTH ACT),"AN ACT TO ENHANCE AND SUSTAIN THE UNIVERSAL HEALTH CARE (UHC) BY ESTABLISHING A MEDICAL RESIDENCY EXPANSION TRAINING PROGRAM, APPROPRIATING FUNDS THEREFOR, AND FOR OTHER PURPOSES","ANGARA, SONNY","July 29, 2015",LOCAL,ENSURE HEALTH ACT MEDICAL RESIDENCY TRAINING,HEALTH AND DEMOGRAPHY,PENDING IN THE COMMITTEE
Senate Bill No. 2570,16th Congress (July 2013 - 2016),https://ldr.senate.gov.ph/bills/senate-bill-no-2570-16th-congress-republic,10% BUDGETARY ALLOCATION OF BARANGAYS FOR ACTIVITIES/SERVICES FOR SENIOR CITIZENS,"AN ACT INSTITUTIONALIZING A TEN PERCENT BUDGETARY ALLOCATION OF BARANGAYS FOR THE IMPLEMENTATION OF PROGRAMS, ACTIVITIES AND SERVICES FOR SENIOR CITIZENS, AMENDING FOR THIS PURPOSE PERTINENT PROVISIONS OF REPUBLIC ACT 7160, OTHERWISE KNOWN AS THE 'LOCAL GOVERNMENT CODE' AND FOR OTHER PURPOSES","ANGARA, SONNY","January 14, 2015",NATIONAL,LOCAL GOVERNMENT CODE (R.A. NO. 7160) INTERNAL REVENUE ALLOTMENT (LOCAL GOVERNMENT UNITS) SENIOR CITIZEN/ELDERLY,LOCAL GOVERNMENT,PENDING IN THE COMMITTEE
Senate Bill No. 2634,16th Congress (July 2013 - 2016),https://ldr.senate.gov.ph/bills/senate-bill-no-2634-16th-congress-republic,FREE MEDICAL AND DENTAL ASSISTANCE TO INDIGENT CHILDREN,"AN ACT REQUIRING ALL GOVERNMENT AND PRIVATE HOSPITALS, MEDICAL CENTERS, CLINICS, INFIRMARIES, AND PUERICULTURE CENTERS TO GIVE FREE MEDICAL AND DENTAL ASSISTANCE TO INDIGENT CHILDREN","ESTRADA, JINGGOY E.","September 2, 2015",NATIONAL,indigent children MEDICAL/DENTAL ASSISTANCE,HEALTH AND DEMOGRAPHY,PENDING IN THE COMMITTEE
Senate Bill No. 2952,16th Congress (July 2013 - 2016),https://ldr.senate.gov.ph/bills/senate-bill-no-2952-16th-congress-republic,UNIFORMED PERSONNEL EDUCATIONAL ASSISTANCE AND BENEFITS ACT OF 2015,"AN ACT GRANTING EDUCATIONAL ASSISTANCE AND BENEFITS TO THE DEPENDENTS OF ALL MEMBERS OF THE ARMED FORCES OF THE PHILIPPINES (AFP), PHILIPPINE NATIONAL POLICE (PNP), BUREAU OF FIRE PROTECTION (BFP), BUREAU OF JAIL MANAGEMENT AND PENOLOGY (BJMP), NATIONAL BUREAU OF INVESTIGATION (NBI), PHILIPPINE DRUG ENFORCEMENT AGENCY (PDEA), PHILIPPINE COAST GUARD (PCG) AND BUREAU OF CORRECTIONS (BUCOR) WHO ARE KILLED OR PERMANENTLY INCAPACITATED WHILE IN THE PERFORMANCE OF THEIR DUTY OR BY REASON OF THEIR OFFICE OR POSITION","SOTTO III, VICENTE C.","September 16, 2015",NATIONAL,ARMED FORCES OF THE PHILIPPINES (AFP) PHILIPPINE NATIONAL POLICE (PNP) BUREAU OF FIRE PROTECTION BUREAU OF JAIL MANAGEMENT AND PENOLOGY,"CIVIL SERVICE, GOVERNMENT REORGANIZATION AND PROFESSIONAL REGULATION",PENDING IN THE HOUSE OF REPRESENTATIVES
Senate Bill No. 3017,16th Congress (July 2013 - 2016),https://ldr.senate.gov.ph/bills/senate-bill-no-3017-16th-congress-republic,"ASTHMA AWARENESS, EDUCATION, AND TREATMENT ACT",AN ACT AUTHORIZING THE DEPARTMENT OF HEALTH TO CARRY OUT PROGRAMS AND GRANTS REGARDING THE PREVENTION AND MANAGEMENT OF ASTHMA AND RELATED RESPIRATORY PROBLEMS FOR LOW-INCOME FAMILIES AND COMMUNITIES.,Miriam Defensor Santiago,"November 26, 2015",NATIONAL,ASTHMA,HEALTH AND DEMOGRAPHY,PENDING IN THE COMMITTEE
Senate Bill No. 2708,16th Congress (July 2013 - 2016),https://ldr.senate.gov.ph/bills/senate-bill-no-2708-16th-congress-republic,ANTI-SPYWARE ACT OF 2015,AN ACT REGULATING THE UNAUTHORIZED INSTALLATION OF COMPUTER SOFTWARE AND REQUIRING THE CLEAR DISCLOSURE TO COMPUTER USERS OF CERTAIN COMPUTER SOFTWARE FEATURES THAT MAY POSE A THREAT TO USER PRIVACY,Miriam Defensor Santiago,"March 17, 2015",NATIONAL,COMPUTER SPYWARE PRIVACY,SCIENCE AND TECHNOLOGY,PENDING IN THE COMMITTEE
Senate Bill No. 2773,16th Congress (July 2013 - 2016),https://ldr.senate.gov.ph/bills/senate-bill-no-2773-16th-congress-republic,INCREASING THE LEGAL DIVISIONS OF THE OFFICE OF THE SOLICITOR GENERAL FROM 15 TO 30,"AN ACT TO FURTHER STRENGTHEN THE OFFICE OF THE SOLICITOR GENERAL, AMENDING FOR THE PURPOSE REPUBLIC ACT NO. 9417",Miriam Defensor Santiago,"May 19, 2015",NATIONAL,OFFICE OF THE SOLICITOR GENERAL,JUSTICE AND HUMAN RIGHTS,PENDING IN THE COMMITTEE
Senate Bill No. 2963,16th Congress (July 2013 - 2016),https://ldr.senate.gov.ph/bills/senate-bill-no-2963-16th-congress-republic,ELECTRICAL ENGINEERING ACT,AN ACT STRENGTHENING THE PRACTICE OF ELECTRICAL ENGINEERING IN THE PHILIPPINES AND INSTITUTING HIGHER STANDARDS OF REGULATION IN THE LICENSING AND REGISTRATION OF ELECTRICAL ENGINEERING,"Paolo Benigno ""Bam"" Aquino IV","September 23, 2015",NATIONAL,ELECTRICAL ENGINEERING,"CIVIL SERVICE, GOVERNMENT REORGANIZATION AND PROFESSIONAL REGULATION",PENDING IN THE COMMITTEE
Senate Bill No. 3027,16th Congress (July 2013 - 2016),https://ldr.senate.gov.ph/bills/senate-bill-no-3027-16th-congress-republic,OLD-AGE PENSION OF MILITARY VETERANS,AN ACT TO INCREASE THE OLD-AGE PENSION OF MILITARY VETERANS AMENDING FOR THE PURPOSE SECTION 10 OF REPUBLIC ACT NO. 6948,Antonio F. Trillanes IV,"August 12, 2015",NATIONAL,PENSION VETERANS,NATIONAL DEFENSE AND SECURITY,"PENDING SECOND READING, SPECIAL ORDER"
Senate Bill No. 2719,16th Congress (July 2013 - 2016),https://ldr.senate.gov.ph/bills/senate-bill-no-2719-16th-congress-republic,PUBLIC FINANCIAL ACCOUNTABILITY ACT,"AN ACT TO ENFORCE GREATER ACCOUNTABILITY IN PUBLIC FINANCIAL MANAGEMENT (PFM) BY STRENGTHENING CONGRESS' POWER OF THE PURSE, INSTITUTING AN INTEGRATED PFM SYSTEM, AND INCREASING BUDGET TRANSPARENCY AND PARTICIPATION, AND FOR OTHER PURPOSES",Ralph G. Recto,"April 14, 2015",NATIONAL,PUBLIC FINANCIAL MANAGEMENT (PFM),FINANCE,PENDING IN THE COMMITTEE
Senate Bill No. 2784,16th Congress (July 2013 - 2016),https://ldr.senate.gov.ph/bills/senate-bill-no-2784-16th-congress-republic,SOCIAIZED HOUSING PROJECTS AND HOUSING OR REHABILITATION PROJECTS (VAT EXEMPT),"AN ACT EXEMPTING SALES OF CONSTRUCTION MATERIALS AND LEASE OF CONSTRUCTION EQUIPMENT INTENDED FOR SOCIALIZED HOUSING PROJECTS AND HOUSING OR REHABILITATION PROJECTS FOR VICTIMS OF DISASTERS, FROM VALUE-ADDED TAX; AMENDING FOR THE PURPOSE SECTION 109 OF THE NATIONAL INTERNAL REVENUE CODE","BINAY, MARIA LOURDES NANCY S.","May 26, 2015",NATIONAL,TAX EXEMPTION NATIONAL INTERNAL REVENUE CODE (NIRC) VALUE-ADDED TAX (VAT) HOUSING (SOCIALIZED HOUSING),WAYS AND MEANS,PENDING IN THE COMMITTEE
Senate Bill No. 2857,16th Congress (July 2013 - 2016),https://ldr.senate.gov.ph/bills/senate-bill-no-2857-16th-congress-republic,PHILIPPINE ADOPTION ACT,AN ACT MERGING THE DOMESTIC AND INTER-COUNTRY ADOPTION LAWS,Miriam Defensor Santiago,"July 15, 2015",NATIONAL,ADOPTION,CONSTITUTIONAL AMENDMENTS AND REVISION OF CODES,PENDING IN THE COMMITTEE
Senate Bill No. 2921,16th Congress (July 2013 - 2016),https://ldr.senate.gov.ph/bills/senate-bill-no-2921-16th-congress-republic,SOCIAL SECURITY LAW,"AN ACT AUTHORIZING THE SOCIAL SECURITY COMMISSION TO CONDONE PENALTIES ON DELINQUENT CONTRIBUTIONS AND TO DETERMINE THE MONTHLY SALARY CREDITS, THE SCHEDULE AND RATE OF CONTRIBUTIONS AND THE RATE OF PENALTY ON DELINQUENT CONTRIBUTIONS AND UNPAID LOAN AMORTIZATIONS, AMENDING FOR THE PURPOSE REPUBLIC ACT NO. 1161, AS AMENDED, OTHERWISE KNOWN AS THE SOCIAL SECURITY LAW","ESCUDERO, FRANCIS G.","January 9, 2015",NATIONAL,SOCIAL SECURITY LAW (RA 1161),GOVERNMENT CORPORATIONS AND PUBLIC ENTERPRISES,PENDING IN THE COMMITTEE
Senate Bill No. 2613,16th Congress (July 2013 - 2016),https://ldr.senate.gov.ph/bills/senate-bill-no-2613-16th-congress-republic,PLASTIC BAG REGULATION ACT OF 2015,"AN ACT REGULATING THE PRODUCTION, IMPORTATION, SALE, PROVISION, USE, RECOVERY, COLLECTION, RECYCLING AND DISPOSAL OF PLASTIC BAGS","REVILLA JR., RAMON BONG","February 2, 2015",NATIONAL,PLASTIC/PLASTIC BAGS,ENVIRONMENT AND NATURAL RESOURCES,PENDING IN THE COMMITTEE
Senate Bill No. 2677,16th Congress (July 2013 - 2016),https://ldr.senate.gov.ph/bills/senate-bill-no-2677-16th-congress-republic,CELLPHONE REGISTRATION ACT OF 2015,AN ACT TO ERADICATE MOBILE PHONE-AIDED TERRORISM AND CRIMINAL ACTIVITIES MANDATING FOR THIS PURPOSE OWNERSHIP REGISTRATION OF ALL PRE-PAID SIM CARDS FOR CELLULAR PHONES,"SOTTO III, VICENTE C.","March 3, 2015",NATIONAL,CELLULAR PHONES/CELL PHONES,PUBLIC SERVICES,PENDING IN THE COMMITTEE
Senate Bill No. 2931,16th Congress (July 2013 - 2016),https://ldr.senate.gov.ph/bills/senate-bill-no-2931-16th-congress-republic,INTEGRATION OF THE PROFESSIONS ACT OF 2015,"AN ACT MANDATING THE INTEGRATION OF PROFESSIONS BY CREATING AN ACCREDITED INTEGRATED PROFESSIONAL ORGANIZATIONS (AIPOS) FOR EVERY PROFESSION, APPROPRIATING FUNDS THEREFOR, AND FOR OTHER PURPOSES",Antonio F. Trillanes IV,"March 9, 2015",NATIONAL,PROFESSIONAL REGULATION COMMISSION (PRC) ACCREDITED INTEGRATED PROFESSIONAL ORGANIZATIONS (AIPOS),"CIVIL SERVICE, GOVERNMENT REORGANIZATION AND PROFESSIONAL REGULATION",PENDING IN THE COMMITTEE
Senate Bill No. 2995,16th Congress (July 2013 - 2016),https://ldr.senate.gov.ph/bills/senate-bill-no-2995-16th-congress-republic,SOCIAL SECURITY LAW,"AN ACT RATIONALIZING THE POWERS, DUTIES AND ACCOUNTABILITIES OF THE SOCIAL SECURITY COMMISSION, FURTHER AMENDING FOR THE PURPOSE REPUBLIC ACT NO. 1161, AS AMENDED, OTHERWISE KNOWN AS THE SOCIAL SECURITY LAW",Ralph G. Recto,"October 27, 2015",NATIONAL,SOCIAL SECURITY LAW (RA 1161),GOVERNMENT CORPORATIONS AND PUBLIC ENTERPRISES,PENDING IN THE COMMITTEE
Senate Bill No. 2686,16th Congress (July 2013 - 2016),https://ldr.senate.gov.ph/bills/senate-bill-no-2686-16th-congress-republic,DEPARTMENT OF INFORMATION AND COMMUNICATIONS TECHNOLOGY ACT OF 2015,"AN ACT CREATING THE DEPARTMENT OF INFORMATION AND COMMUNICATIONS TECHNOLOGY, DEFINING ITS POWERS AND FUNCTIONS, APPROPRIATING FUNDS THEREFOR, AND FOR OTHER PURPOSES","LEGARDA, LOREN B.","November 3, 2015",NATIONAL,DEPARTMENT OF INFORMATION AND COMMUNICATIONS TECHNOLOGY,SCIENCE AND TECHNOLOGY,CONSOLIDATED WITH APPROVED BILL
Senate Bill No. 2751,16th Congress (July 2013 - 2016),https://ldr.senate.gov.ph/bills/senate-bill-no-2751-16th-congress-republic,BUDGET IMPOUNDMENT CONTROL ACT OF 2015,THE BUDGET IMPOUNDMENT CONTROL ACT,Miriam Defensor Santiago,"May 5, 2015",NATIONAL,BUDGET IMPOUNDMENT CONTROL,FINANCE,"PENDING SECOND READING, ORDINARY BUSINESS"
Senate Bill No. 2826,16th Congress (July 2013 - 2016),https://ldr.senate.gov.ph/bills/senate-bill-no-2826-16th-congress-republic,DOG AND CAT PROTECTION ACT,"AN ACT TO PROHIBIT THE IMPORTATION OF PRODUCTS MADE WITH DOG OR CAT FUR, TO PROHIBIT THE SALE, MANUFACTURE, OFFER FOR SALE, TRANSPORTATION, AND THE DISTRIBUTION OF PRODUCTS MADE WITH DOG OR CAT FUR IN THE PHILIPPINES",Miriam Defensor Santiago,"August 6, 2015",NATIONAL,ANIMAL WELFARE,"TRADE, COMMERCE AND ENTREPRENEURSHIP",PENDING IN THE COMMITTEE
Senate Bill No. 2889,16th Congress (July 2013 - 2016),https://ldr.senate.gov.ph/bills/senate-bill-no-2889-16th-congress-republic,JOBSTART PHILIPPINES ACT,AN ACT INSTITUTIONALIZING THE NATIONWIDE IMPLEMENTATION OF THE JOBSTART PHILIPPINES PROGRAM AND PROVIDING FUNDS THEREFOR,"ANGARA, SONNY","April 8, 2015",NATIONAL,JOBSTART PROGRAM,"LABOR, EMPLOYMENT AND HUMAN RESOURCES DEVELOPMENT",CONSOLIDATED/SUBSTITUTED IN THE COMMITTEE REPORT
Senate Bill No. 2583,16th Congress (July 2013 - 2016),https://ldr.senate.gov.ph/bills/senate-bill-no-2583-16th-congress-republic,COMPREHENSIVE NURSING LAW OF 2015,"AN ACT PROVIDING FOR A COMPREHENSIVE NURSING LAW TOWARDS QUALITY HEALTH CARE SYSTEM, REPEALING FOR THIS PURPOSE RA 9173 OTHERWISE KNOWN AS THE PHILIPPINE NURSING ACT OF 2002, AND APPROPRIATING FUNDS THEREFOR","Teofisto ""TG"" D. Guingona III","January 22, 2015",NATIONAL,PHILIPPINE NURSING ACT HEALTH CARE DELIVERY SYSTEM,"CIVIL SERVICE, GOVERNMENT REORGANIZATION AND PROFESSIONAL REGULATION",CONSOLIDATED/SUBSTITUTED IN THE COMMITTEE REPORT
Senate Bill No. 2645,16th Congress (July 2013 - 2016),https://ldr.senate.gov.ph/bills/senate-bill-no-2645-16th-congress-republic,REVISED CHARTER OF THE CITY OF BAGUIO,AN ACT REVISING THE CHARTER OF THE CITY OF BAGUIO,"Teofisto ""TG"" D. Guingona III","November 2, 2015",LOCAL,"CITY CHARTER, REVISION/AMENDMENTS",LOCAL GOVERNMENT,PENDING IN THE COMMITTEE
Senate Bill No. 2638,16th Congress (July 2013 - 2016),https://ldr.senate.gov.ph/bills/senate-bill-no-2638-16th-congress-republic,DEPARTMENT OF INFORMATION AND COMMUNICATIONS TECHNOLOGY ACT OF 2015,"AN ACT CREATING THE DEPARTMENT OF INFORMATION AND COMMUNICATIONS TECHNOLOGY, DEFINING ITS POWERS AND FUNCTIONS, APPROPRIATING FUNDS THEREFOR, AND FOR OTHER PURPOSES","ANGARA, SONNY","September 2, 2015",NATIONAL,DEPARTMENT OF INFORMATION AND COMMUNICATIONS TECHNOLOGY,SCIENCE AND TECHNOLOGY,CONSOLIDATED/SUBSTITUTED IN THE COMMITTEE REPORT
Senate Bill No. 2962,16th Congress (July 2013 - 2016),https://ldr.senate.gov.ph/bills/senate-bill-no-2962-16th-congress-republic,LONE LEGISLATIVE DISTRICT OF THE CITY OF SAN FERNANDO,AN ACT SEPARATING THE CITY OF SAN FERNANDO FROM THE THIRD LEGISLATIVE DISTRICT OF THE PROVINCE OF PAMPANGA TO CONSTITUTE THE LONE LEGISLATIVE DISTRICT OF THE CITY OF SAN FERNANDO,"Paolo Benigno ""Bam"" Aquino IV","September 22, 2015",NATIONAL,LEGISLATIVE DISTRICTS,LOCAL GOVERNMENT,PENDING IN THE COMMITTEE
Senate Bill No. 3026,16th Congress (July 2013 - 2016),https://ldr.senate.gov.ph/bills/senate-bill-no-3026-16th-congress-republic,THE PHILIPPINE CRIMINOLOGY PROFESSION ACT OF 2015,"AN ACT REGULATING THE PRACTICE OF CRIMINOLOGY PROFESSION IN THE PHILIPPINES, AND APPROPRIATING FUNDS THEREFOR, REPEALING FOR THE PURPOSE REPUBLIC ACT NO. 6506, OTHERWISE KNOWN AS AN ACT CREATING THE BOARD EXAMINERS FOR CRIMINOLOGISTS IN THE PHILIPPINES",Antonio F. Trillanes IV,"August 12, 2015",NATIONAL,CRIMINOLOGY/CRIMONOLOGISTS,"CIVIL SERVICE, GOVERNMENT REORGANIZATION AND PROFESSIONAL REGULATION","PENDING SECOND READING, SPECIAL ORDER"
Senate Bill No. 2718,16th Congress (July 2013 - 2016),https://ldr.senate.gov.ph/bills/senate-bill-no-2718-16th-congress-republic,CHILDREN'S EMERGENCY RELIEF AND PROTECTION ACT,"AN ACT PROVIDING EMERGENCY RELIEF AND PROTECTION FOR CHILDREN DURING DISASTER, CALAMITY AND OTHER EMERGENCY SITUATION","VILLAR, CYNTHIA A.","August 4, 2015",NATIONAL,EMERGENCY RESPONSE/EMERGENCY PREPAREDNESS CHILDREN/CHILD CARE,"WOMEN, CHILDREN, FAMILY RELATIONS AND GENDER EQUALITY",CONSOLIDATED/SUBSTITUTED IN THE COMMITTEE REPORT
Senate Bill No. 2783,16th Congress (July 2013 - 2016),https://ldr.senate.gov.ph/bills/senate-bill-no-2783-16th-congress-republic,MANDATORY NUTRITIONAL LABELING BY FOOD SERVICE ESTABLISHMENTS ACT OF 2015,AN ACT MANDATING THE POSTING OF NUTRITIONAL INFORMATION ON MENU ITEMS OF FOOD SERVICE ESTABLISHMENTS,"BINAY, MARIA LOURDES NANCY S.","May 25, 2015",NATIONAL,FOOD ESTABLISHMENTS FOOD PRODUCTS LABEL,HEALTH AND DEMOGRAPHY,PENDING IN THE COMMITTEE
Senate Bill No. 2856,16th Congress (July 2013 - 2016),https://ldr.senate.gov.ph/bills/senate-bill-no-2856-16th-congress-republic,DEFIBRILLATORS IN AIRPORTS ACT,AN ACT REQUIRING THE PLACEMENT OF DEFIBRILLATORS IN PUBLIC USE AIRPORTS,Miriam Defensor Santiago,"July 15, 2015",NATIONAL,AIRPORT CARDIOPULMONARY RESUSCITATION/AUTOMATED EXTERNAL DEFIBRILLATOR,PUBLIC SERVICES,PENDING IN THE COMMITTEE
Senate Bill No. 2920,16th Congress (July 2013 - 2016),https://ldr.senate.gov.ph/bills/senate-bill-no-2920-16th-congress-republic,NOTIFICATION OF CHARGES OR CONVICTION ACT,AN ACT REQUIRING ALL GOVERNMENT EMPLOYEES TO PROVIDE NOTICE ON ANY CHARGES OR CONVICTION AGAINST THEM TO THEIR DEPARTMENT OR AGENCY HEAD,Miriam Defensor Santiago,"August 26, 2015",NATIONAL,GOVERNMENT EMPLOYEES,"CIVIL SERVICE, GOVERNMENT REORGANIZATION AND PROFESSIONAL REGULATION",PENDING IN THE COMMITTEE
Senate Bill No. 2606,16th Congress (July 2013 - 2016),https://ldr.senate.gov.ph/bills/senate-bill-no-2606-16th-congress-republic,NATIONAL FARMERS' DAY,AN ACT DECLARING JANUARY TWENTY-TWO OF EVERY YEAR AS A SPECIAL WORKING HOLIDAY TO BE KNOWN AS NATIONAL FARMERS' DAY,"REVILLA JR., RAMON BONG","February 2, 2015",NATIONAL,HOLIDAYS (SPECIAL WORKING),AGRICULTURE AND FOOD,PENDING IN THE COMMITTEE
Senate Bill No. 2669,16th Congress (July 2013 - 2016),https://ldr.senate.gov.ph/bills/senate-bill-no-2669-16th-congress-republic,TAX INCENTIVES MANAGEMENT AND TRANSPARENCY ACT (TIMTA),"AN ACT INSTITUTING A SYSTEM FOR TAX INCENTIVES MANAGEMENT AND TRANSPARENCY, AND FOR OTHER PURPOSES","DRILON, FRANKLIN M.","February 25, 2015",NATIONAL,TAX INCENTIVES,WAYS AND MEANS,CONSOLIDATED WITH APPROVED BILL
Senate Bill No. 2617,16th Congress (July 2013 - 2016),https://ldr.senate.gov.ph/bills/senate-bill-no-2617-16th-congress-republic,BALANCED HOUSING DEVELOPMENT PROGRAM AMENDMENT OF 2015,"AN ACT STRENGTHENING THE BALANCED HOUSING DEVELOPMENT PROGRAM, AMENDING FOR THE PURPOSE REPUBLIC ACT NO. 7279, ENTITLED AN ACT TO PROVIDE FOR A COMPREHENSIVE AND CONTINUING URBAN DEVELOPMENT AND HOUSING PROGRAM, ESTABLISH THE MECHANISM FOR ITS IMPLEMENTATION AND FOR OTHER PURPOSES","REVILLA JR., RAMON BONG","February 2, 2015",NATIONAL,HOUSING PROJECTS URBAN DEVELOPMENT AND HOUSING ACT,"URBAN PLANNING, HOUSING AND RESETTLEMENT",CONSOLIDATED/SUBSTITUTED IN THE COMMITTEE REPORT
Senate Bill No. 2681,16th Congress (July 2013 - 2016),https://ldr.senate.gov.ph/bills/senate-bill-no-2681-16th-congress-republic,SOCIAL MEDIA PRIVACY ACT,AN ACT PROHIBITING EMPLOYERS FROM COMPELLING EMPLOYEES AND APPLICANTS FOR EMPLOYMENT TO PROVIDE ACCESS TO THEIR SOCIAL MEDIA ACCOUNTS,Miriam Defensor Santiago,"September 3, 2015",NATIONAL,SOCIAL MEDIA,JUSTICE AND HUMAN RIGHTS,PENDING IN THE COMMITTEE
Senate Bill No. 2899,16th Congress (July 2013 - 2016),https://ldr.senate.gov.ph/bills/senate-bill-no-2899-16th-congress-republic,AMENDING SECS. 32 & 51 (NATIONAL INTERNAL REVENUE CODE),"AN ACT TO STRENGTHEN THE COUNTRY'S GROSS INTERNATIONAL RESERVES (GIR) AMENDING FOR THE PURPOSE SECTIONS 32 AND 151 OF THE NATIONAL INTERNAL REVENUE CODE, AS AMENDED, AND FOR OTHER PURPOSES","ANGARA, SONNY","December 8, 2015",NATIONAL,NATIONAL INTERNAL REVENUE CODE (NIRC) GOLD TAXES/TAXATION,WAYS AND MEANS,PENDING IN THE COMMITTEE
Senate Bill No. 2585,16th Congress (July 2013 - 2016),https://ldr.senate.gov.ph/bills/senate-bill-no-2585-16th-congress-republic,IMMEDIATE RICE SECURITY ACT OF 2015,"AN ACT TO INCREASE SHORT TERM GRAIN AVAILABILITY, MINIMIZE VULNERABILITY TO EXTERNAL PRICE AND SUPPLY SHOCKS AND ACHIEVE IMMEDIATE RICE SECURITY, MANDATING FOR THAT PURPOSE THE CREATION OF A FERTILIZER SUPPORT MECHANISM AND THE RESTRUCTURING AND REORIENTATION OF THE NATIONAL FOOD AUTHORITY, APPROPRIATING FUNDS THEREFOR AND FOR OTHER PURPOSES","ESTRADA, JINGGOY E.","January 26, 2015",NATIONAL,RICE SECURITY FERTILIZER NATIONAL FOOD AUTHORITY (NFA),AGRICULTURE AND FOOD,PENDING IN THE COMMITTEE
Senate Bill No. 2649,16th Congress (July 2013 - 2016),https://ldr.senate.gov.ph/bills/senate-bill-no-2649-16th-congress-republic,GOVERNMENT ACCOUNTING ACT OF 2015,"AN ACT PROFESSIONALIZING THE GOVERNMENT ACCOUNTING SERVICE TO SERVE AS A TOOL FOR EFFECTIVE MANAGEMENT AND CONTROL OF GOVERNMENT RESOURCES, CREATING FOR THE PURPOSE THE GOVERNMENT ACCOUNTANCY OFFICE UNDER THE DEPARTMENT OF BUDGET AND MANAGEMENT AND FOR OTHER PURPOSES","ESTRADA, JINGGOY E.","February 16, 2015",NATIONAL,GOVERNMENT ACCOUNTING DEPARTMENT OF BUDGET AND MANAGEMENT (DBM),"CIVIL SERVICE, GOVERNMENT REORGANIZATION AND PROFESSIONAL REGULATION",PENDING IN THE COMMITTEE
Senate Bill No. 2974,16th Congress (July 2013 - 2016),https://ldr.senate.gov.ph/bills/senate-bill-no-2974-16th-congress-republic,INCOME TAX REFORM FOR CORPORATE TAXPAYERS,"AN ACT INSTITUTING INCOME TAX REFORM FOR INDIVIDUAL AND CORPORATE TAXPAYERS, AMENDING FOR THIS PURPOSE SECTIONS 24(A)(2), 27(A) AND 35(A) OF THE NATIONAL INTERNAL REVENUE CODE OF 1997, AS AMENDED, AND FOR OTHER PURPOSES",Ralph G. Recto,"September 29, 2015",NATIONAL,TAX REFORM ACT NATIONAL INTERNAL REVENUE CODE (NIRC),WAYS AND MEANS,PENDING IN THE COMMITTEE
Senate Bill No. 3037,16th Congress (July 2013 - 2016),https://ldr.senate.gov.ph/bills/senate-bill-no-3037-16th-congress-republic,"REVISED PENAL CODE, ART. 145 (PENALTY FOR THE CRIME COMMITTED BY A MEMBER OF CONGRESS)","AN ACT AMENDING ART. 145 OF ACT NO. 3815, ALSO KNOWN AS THE REVISED PENAL CODE, AS AMENDED, ON THE DURATION OF THE PENALTY FOR THE CRIME WHICH A MEMBER OF CONGRESS HAS COMMITTED BEFORE HE OR SHE CAN BE PREVENTED FROM ATTENDING SESSIONS OF CONGRESS, IN ORDER TO MAKE THE SAME CONSISTENT WITH THE CONSTITUTION",Miriam Defensor Santiago,"December 16, 2015",NATIONAL,REVISED PENAL CODE (R.A. NO. 3815) Congress PARLIAMENTARY IMMUNITY,JUSTICE AND HUMAN RIGHTS,PENDING IN THE COMMITTEE
Senate Bill No. 2543,16th Congress (July 2013 - 2016),https://ldr.senate.gov.ph/bills/senate-bill-no-2543-16th-congress-republic,YOUTH LEGISLATORS PROGRAM ACT,AN ACT INSTITUTING THE YOUTH LEGISLATORS PROGRAM,Miriam Defensor Santiago,"May 1, 2015",NATIONAL,YOUTH,YOUTH,PENDING IN THE COMMITTEE
Senate Bill No. 2554,16th Congress (July 2013 - 2016),https://ldr.senate.gov.ph/bills/senate-bill-no-2554-16th-congress-republic,"AMENDING ART. 941, CIVIL CODE (LEGACIES AND DEVISES)","AN ACT AMENDING REPUBLIC ACT NO. 386, ALSO KNOWN AS THE CIVIL CODE, ARTICLE 941, ON LEGACIES AND DEVISES",Miriam Defensor Santiago,"May 1, 2015",NATIONAL,CIVIL CODE OF THE PHILIPPINES REAL PROPERTY,JUSTICE AND HUMAN RIGHTS,PENDING IN THE COMMITTEE
Senate Bill No. 2564,16th Congress (July 2013 - 2016),https://ldr.senate.gov.ph/bills/senate-bill-no-2564-16th-congress-republic,PUBLIC SCHOOL HEALTH ACT,AN ACT PROMOTING THE HEALTH OF CHILDREN ATTENDING PUBLIC ELEMENTARY AND SECONDARY SCHOOLS,Miriam Defensor Santiago,"May 1, 2015",NATIONAL,SCHOOL HEALTH,"EDUCATION, ARTS AND CULTURE",PENDING IN THE COMMITTEE
Senate Bill No. 2628,16th Congress (July 2013 - 2016),https://ldr.senate.gov.ph/bills/senate-bill-no-2628-16th-congress-republic,PUP-SABLAYAN CAMPUS ACT,"AN ACT ESTABLISHING POLYTECHNIC UNIVERSITY OF THE PHILIPPINES- SABLAYAN CAMPUS IN THE MUNICIPALITY OF SABLAYAN, OCCIDENTAL MINDORO TO BE KNOWN AS 'PUP- SABLAYAN CAMPUS' APPROPRIATING FUNDS THEREFOR AND FOR OTHER PURPOSES","EJERCITO, JOSEPH VICTOR G.","March 2, 2015",LOCAL,STATE COLLEGES AND UNIVERSITIES (SCUS),"EDUCATION, ARTS AND CULTURE",PENDING IN THE COMMITTEE
Senate Bill No. 2596,16th Congress (July 2013 - 2016),https://ldr.senate.gov.ph/bills/senate-bill-no-2596-16th-congress-republic,PUBLICATION OF NOTICES OF TERMINATION OF EMPLOYMENT IN NEWSPAPERS/SOCIAL MEDIA,"AN ACT REGULATING THE PRACTICE OF EMPLOYERS IN POSTING NOTICES OF TERMINATION OF EMPLOYMENT OF FORMER EMPLOYEES IN NEWSPAPERS, SOCIAL MEDIA AND OTHER PUBLIC INFORMATION VENUES","ANGARA, SONNY","January 29, 2015",NATIONAL,EMPLOYMENT NOTICE OF TERMINATION,"LABOR, EMPLOYMENT AND HUMAN RESOURCES DEVELOPMENT",PENDING IN THE COMMITTEE
Senate Bill No. 2660,16th Congress (July 2013 - 2016),https://ldr.senate.gov.ph/bills/senate-bill-no-2660-16th-congress-republic,"NORTHERN MINDANAO MEDICAL CENTER, INCREASE BED CAPACITY TO 600 BEDS","AN ACT INCREASING THE BED CAPACITY OF THE NORTHERN MINDANAO MEDICAL CENTER IN CAGAYAN DE ORO CITY, AMENDING FOR THE PURPOSE REPUBLIC ACT NO. 7938, APPROPRIATING FUNDS THEREFOR AND FOR OTHER PURPOSES","Teofisto ""TG"" D. Guingona III","February 23, 2015",LOCAL,"HOSPITALS, INCREASE BED CAPACITY",HEALTH AND DEMOGRAPHY,CONSOLIDATED/SUBSTITUTED IN THE COMMITTEE REPORT
Senate Bill No. 2575,16th Congress (July 2013 - 2016),https://ldr.senate.gov.ph/bills/senate-bill-no-2575-16th-congress-republic,SECRECY OF FOREIGN CURRENCY DEPOSITS,"AN ACT AMENDING REPUBLIC ACT NO. 6426, OTHERWISE KNOWN AS 'FOREIGN CURRENCY DEPOSIT ACT OF THE PHILIPPINES', AND FOR OTHER PURPOSES","ESTRADA, JINGGOY E.","January 20, 2015",NATIONAL,BANK DEPOSITS/BANK ACCOUNTS IMPEACHMENT Anti-Graft and Corrupt Practices Act,"BANKS, FINANCIAL INSTITUTIONS AND CURRENCIES",PENDING IN THE COMMITTEE
Senate Bill No. 2639,16th Congress (July 2013 - 2016),https://ldr.senate.gov.ph/bills/senate-bill-no-2639-16th-congress-republic,PHILIPPINES-FRANCE FRIENDSHIP DAY,AN ACT DECLARING EVERY 26TH OF JUNE OF EVERY YEAR AS PHILIPPINES-FRANCE FRIENDSHIP DAY,"ANGARA, SONNY","October 2, 2015",NATIONAL,PHILIPPINE-FRANCE FRIENDSHIP DAY,"EDUCATION, ARTS AND CULTURE",PENDING IN THE COMMITTEE
Senate Bill No. 2935,16th Congress (July 2013 - 2016),https://ldr.senate.gov.ph/bills/senate-bill-no-2935-16th-congress-republic,PRE-EMPLOYMENT PRIVILEGE TO INDIGENTS ACT,AN ACT PROVIDING PRE-EMPLOYMENT PRIVILEGE TO INDIGENTS BY GRANTING A DISCOUNT ON FEES IN SECURING PRE-EMPLOYMENT CERTIFICATIONS AND CLEARANCES FROM GOVERNMENT AGENCIES,"REVILLA JR., RAMON BONG","July 9, 2015",NATIONAL,INDIGENT PERSON,"SOCIAL JUSTICE, WELFARE AND RURAL DEVELOPMENT",PENDING IN THE COMMITTEE
Senate Bill No. 3000,16th Congress (July 2013 - 2016),https://ldr.senate.gov.ph/bills/senate-bill-no-3000-16th-congress-republic,"UNLAWFUL ACQUISITION, OR POSSESSION OF FIREARMS AND AMMUNITION","AN ACT AMENDING REPUBLIC ACT NO. 10591, OTHERWISE KNOWN AS AN ACT PROVIDING FOR A COMPREHENSIVE LAW ON FIREARMS AND AMMUNITION AND PROVIDING PENALTIES FOR VIOLATIONS THEREOF","Paolo Benigno ""Bam"" Aquino IV","April 11, 2015",NATIONAL,FIREARMS TANIM-BALA (PLANTING BULLETS),PUBLIC ORDER AND DANGEROUS DRUGS,PENDING IN THE COMMITTEE
Senate Bill No. 2946,16th Congress (July 2013 - 2016),https://ldr.senate.gov.ph/bills/senate-bill-no-2946-16th-congress-republic,GOVERNMENT INTERNSHIP PROGRAM (GIP) ACT,"AN ACT INSTITUTIONALIZING THE IMPLEMENTATION OF THE GOVERNMENT INTERNSHIP PROGRAM, PROVIDING FUNDS FOR ITS IMPLEMENTATION AND FOR OTHER PURPOSES","POE, GRACE","September 9, 2015",NATIONAL,INTERNSHIP,"CIVIL SERVICE, GOVERNMENT REORGANIZATION AND PROFESSIONAL REGULATION",PENDING IN THE COMMITTEE
Senate Bill No. 3010,16th Congress (July 2013 - 2016),https://ldr.senate.gov.ph/bills/senate-bill-no-3010-16th-congress-republic,PRESCRIPTION DRUG CONSUMER INFORMATION ACT,AN ACT DIRECTING THE DEPARTMENT OF HEALTH TO PREPARE AND PUBLISH ANNUALLY A CONSUMER GUIDE TO PRESCRIPTION DRUG PRICES,Miriam Defensor Santiago,"November 23, 2015",NATIONAL,CONSUMER PROTECTION DEPARTMENT OF HEALTH (DOH),HEALTH AND DEMOGRAPHY,PENDING IN THE COMMITTEE
Senate Bill No. 2702,16th Congress (July 2013 - 2016),https://ldr.senate.gov.ph/bills/senate-bill-no-2702-16th-congress-republic,YOUTH PARTICIPATION IN DISASTER RISK REDUCTION AND MANAGEMENT ACT,"AN ACT INCLUDING RESPONSIVE, EMPOWERED AND SERVICE-CENTERED YOUTH IN THE DISASTER RISK REDUCTION AND MANAGEMENT COUNCIL IN ALL LEVELS, AMENDING FOR THE PURPOSE REPUBLIC ACT NO. 10121, OTHERWISE KNOWN AS THE PHILIPPINE DISASTER RISK REDUCTION AND MANAGEMENT ACT OF 2010","Paolo Benigno ""Bam"" Aquino IV","March 17, 2015",NATIONAL,DISASTER AWARENESS/MITIGATION YOUTH PHILIPPINE DISASTER RISK REDUCTION AND MANAGEMENT ACT OF 2010 (R.A.NO. 10121),YOUTH,CONSOLIDATED/SUBSTITUTED IN THE COMMITTEE REPORT
Senate Bill No. 2768,16th Congress (July 2013 - 2016),https://ldr.senate.gov.ph/bills/senate-bill-no-2768-16th-congress-republic,"UPGRADING THE AMAI PAKPAK MEDICAL CENTER MARAWI CITY, LANAO DEL SUR","AN ACT UPGRADING THE AMAI PAKPAK MEDICAL CENTER IN MARAWI CITY, LANAO DEL SUR AND APPROPRIATING FUNDS THEREFOR","Teofisto ""TG"" D. Guingona III","May 18, 2015",NATIONAL,"HOSPITALS, UPGRADING",HEALTH AND DEMOGRAPHY,"PENDING SECOND READING, SPECIAL ORDER"
Senate Bill No. 2841,16th Congress (July 2013 - 2016),https://ldr.senate.gov.ph/bills/senate-bill-no-2841-16th-congress-republic,NATIONAL CULTURAL HERITAGE,"AN ACT STRENGTHENING THE MECHANISMS FOR THE PROTECTION AND CONSERVATION OF THE NATIONAL CULTURAL HERITAGE BY BROADENING THE MANDATE OF THE NATIONAL COMMISSION FOR CULTURE AND THE ARTS, ENHANCING ITS POWERS AND FUNCTIONS, RATIONALIZING THE POWERS AND DUTIES OF AFFILIATED CULTURAL AGENCIES, PROVIDING STIFFER PENALTIES FOR VIOLATIONS THEREOF, AND APPROPRIATING FUNDS THEREFOR, AMENDING FOR THE PURPOSE REPUBLIC ACT NO. 10066, OTHERWISE KNOWN AS THE 'NATIONAL CULTURAL HERITAGE ACT OF 2009' AND REPUBLIC ACT NO. 7356 OTHERWISE KNOWN AS THE LAW CREATING THE NATIONAL COMMISSION FOR CULTURE AND THE ARTS","CAYETANO, PIA S.","September 6, 2015",NATIONAL,NATIONAL COMMISSION FOR CULTURE AND THE ARTS HERITAGE SITES/CULTURAL PROPERTY,"EDUCATION, ARTS AND CULTURE",PENDING IN THE COMMITTEE
Senate Bill No. 2904,16th Congress (July 2013 - 2016),https://ldr.senate.gov.ph/bills/senate-bill-no-2904-16th-congress-republic,MEDICAL ACT (INCREASING PENALTIES),"AN ACT INCREASING PENALTIES FOR PERSONS FOUND GUILTY OF ILLEGAL PRACTICE OF MEDICINE, AMENDING FOR THE PURPOSE REPUBLIC ACT NO. 2382, OTHERWISE KNOWN AS THE MEDICAL ACT OF 1959",Miriam Defensor Santiago,"August 18, 2015",NATIONAL,MEDICAL PRACTITIONERS,"CIVIL SERVICE, GOVERNMENT REORGANIZATION AND PROFESSIONAL REGULATION",PENDING IN THE COMMITTEE
Senate Bill No. 2978,16th Congress (July 2013 - 2016),https://ldr.senate.gov.ph/bills/senate-bill-no-2978-16th-congress-republic,SAFE CLEANING PRODUCTS IN SCHOOLS ACT,AN ACT MANDATING THE USE OF SAFE CLEANING PRODUCTS IN SCHOOLS TO PROTECT THE HEALTH OF STUDENTS,Miriam Defensor Santiago,"January 10, 2015",NATIONAL,STUDENTS CLEANING AGENTS/DISHWASHING DETERGENTS,"EDUCATION, ARTS AND CULTURE",PENDING IN THE COMMITTEE
Senate Bill No. 3042,16th Congress (July 2013 - 2016),https://ldr.senate.gov.ph/bills/senate-bill-no-3042-16th-congress-republic,CHEMICAL TESTING FOR PROSPECTIVE ADOPTED PARENTS,AN ACT REQUIRING CHEMICAL TESTING FOR PROSPECTIVE ADOPTIVE PARENTS,Miriam Defensor Santiago,"December 16, 2015",NATIONAL,ADOPTION DRUG TESTING parents,"SOCIAL JUSTICE, WELFARE AND RURAL DEVELOPMENT",PENDING IN THE COMMITTEE
Senate Bill No. 2735,16th Congress (July 2013 - 2016),https://ldr.senate.gov.ph/bills/senate-bill-no-2735-16th-congress-republic,ANTI-NEGLECTED CHILDREN'S ACT OF 2015,AN ACT PENALIZING THE NEGLECT OF A CHILD BY PARENTS OR PERSONS LEGALLY RESPONSIBLE FOR SUCH CHILD'S CARE,Miriam Defensor Santiago,"April 23, 2015",NATIONAL,CHILDREN/CHILD CARE parents,JUSTICE AND HUMAN RIGHTS,PENDING IN THE COMMITTEE
Senate Bill No. 2799,16th Congress (July 2013 - 2016),https://ldr.senate.gov.ph/bills/senate-bill-no-2799-16th-congress-republic,RESEARCH EVALUATION PROCESS ESTABLISHMENT ACT,"AN ACT AMENDING ACT NO. 4120, OTHERWISE KNOWN AS AN ACT CREATING A NATIONAL RESEARCH COUNCIL OF THE PHILIPPINE ISLANDS FOR THE PROMOTION OF RESEARCH WORK ALONG SCIENTIFIC LINES",Miriam Defensor Santiago,"March 6, 2015",NATIONAL,NATIONAL RESEARCH COUNCIL,SCIENCE AND TECHNOLOGY,PENDING IN THE COMMITTEE
Senate Bill No. 2809,16th Congress (July 2013 - 2016),https://ldr.senate.gov.ph/bills/senate-bill-no-2809-16th-congress-republic,"AMENDING ART. 18, FAMILY CODE","AN ACT AMENDING EXECUTIVE ORDER NO. 209, ALSO KNOWN AS THE FAMILY CODE OF THE PHILIPPINES, ARTICLE 18",Miriam Defensor Santiago,"August 6, 2015",NATIONAL,FAMILY CODE (E.O. NO. 209) MARRIAGE LICENSE,"WOMEN, CHILDREN, FAMILY RELATIONS AND GENDER EQUALITY",PENDING IN THE COMMITTEE
Senate Bill No. 2872,16th Congress (July 2013 - 2016),https://ldr.senate.gov.ph/bills/senate-bill-no-2872-16th-congress-republic,PENALIZING CHARGING OF TAXI FARES HIGHER THAN OFFICIAL RATES,"AN ACT PENALIZING THE CHARGING OF TAXI FARES WHICH ARE HIGHER THAN THE OFFICIAL RATES, THE FAILURE TO USE THE TAXI METERS OR THE REFUSAL TO CARRY WITHOUT CAUSE TAXI PASSENGERS TO THEIR PLACES OF DESTINATION","ESTRADA, JINGGOY E.","July 28, 2015",NATIONAL,TAXI,PUBLIC SERVICES,PENDING IN THE COMMITTEE
Senate Bill No. 2820,16th Congress (July 2013 - 2016),https://ldr.senate.gov.ph/bills/senate-bill-no-2820-16th-congress-republic,NON-INDIGENOUS SPECIES MANAGEMENT ACT,AN ACT CREATING THE NON-INDIGENOUS SPECIES MANAGEMENT PLAN AND LISTING PROCESS FOR NON-NATIVE SPECIES,Miriam Defensor Santiago,"August 6, 2015",NATIONAL,"SPECIES (NON-INDIGENOUS, INVASIVE)",ENVIRONMENT AND NATURAL RESOURCES,PENDING IN THE COMMITTEE
Senate Bill No. 2883,16th Congress (July 2013 - 2016),https://ldr.senate.gov.ph/bills/senate-bill-no-2883-16th-congress-republic,CEASE AND DESIST POWER OF THE NATIONAL COMMISSION ON CULTURE AND THE ARTS,"AN ACT STRENGTHENING THE CEASE AND DESIST POWER OF THE NATIONAL COMMISSION ON CULTURE AND THE ARTS, AMENDING FOR THIS PURPOSE SECTION 25 OF REPUBLIC ACT NO. 10055 OR THE NATIONAL CULTURAL HERITAGE ACT OF 2009, AND FOR OTHER PURPOSES","CAYETANO, PIA S.","March 8, 2015",NATIONAL,NATIONAL COMMISSION FOR CULTURE AND THE ARTS,N/A,WITHDRAWN
Senate Bill No. 2957,16th Congress (July 2013 - 2016),https://ldr.senate.gov.ph/bills/senate-bill-no-2957-16th-congress-republic,AUTOMATED ELECTION SYSTEM,"AN ACT AMENDING REPUBLIC ACT NO. 8436, SECTION 6 ALSO KNOWN AS 'AN ACT AUTHORIZING THE COMMISSION ON ELECTIONS TO USE AN AUTOMATED ELECTION SYSTEM IN THE MAY 11, 1998 NATIONAL OR LOCAL ELECTIONS AND IN SUBSEQUENT NATIONAL AND LOCAL ELECTORAL EXERCISES,' AS AMENDED BY REPUBLIC ACT NO. 9369, ON THE MINIMUM SYSTEM CAPABILITIES OF THE AUTOMATED ELECTION SYSTEM",Miriam Defensor Santiago,"September 17, 2015",NATIONAL,AUTOMATED ELECTION SYSTEM COMMISSION ON ELECTION (COMELEC) ELECTIONS/ELECTORAL REFORMS,ELECTORAL REFORMS AND PEOPLES PARTICIPATION,PENDING IN THE COMMITTEE
Senate Bill No. 3022,16th Congress (July 2013 - 2016),https://ldr.senate.gov.ph/bills/senate-bill-no-3022-16th-congress-republic,INSPECTION AND SECURITY MEASURES ACT,AN ACT REQUIRING MANDATORY SECURITY INSPECTION AND USE OF OTHER SAFETY MEASURES IN SHOPPING MALLS AND OTHER PUBLIC PLACES THROUGHOUT THE COUNTRY.,Miriam Defensor Santiago,"November 26, 2015",NATIONAL,SECURITY PROTOCOL,PUBLIC ORDER AND DANGEROUS DRUGS,PENDING IN THE COMMITTEE
Senate Bill No. 2713,16th Congress (July 2013 - 2016),https://ldr.senate.gov.ph/bills/senate-bill-no-2713-16th-congress-republic,MAGNA CARTA FOR PERSONS WITH DISABILITIES,"AN ACT EXPANDING THE BENEFITS AND PRIVILEGES OF PERSONS WITH DISABILITIES, AMENDING SECTIONS 32 AND 33 OF REPUBLIC ACTNO. 7227, AS AMENDED, OTHERWISE KNOWN AS THE 'MAGNA CARTA FOR PERSONS WITH DISABILITIES' AND FOR OTHER PURPOSES","Paolo Benigno ""Bam"" Aquino IV","March 18, 2015",NATIONAL,MAGNA CARTA FOR PERSONS WITH DISABILITY (R.A. NO. 7277) HANDICAPPED/DISABLED/DIFFERENTLY ABLED,WAYS AND MEANS,CONSOLIDATED/SUBSTITUTED IN THE COMMITTEE REPORT
Senate Bill No. 2778,16th Congress (July 2013 - 2016),https://ldr.senate.gov.ph/bills/senate-bill-no-2778-16th-congress-republic,HEALTH FACILITIES REGULATION ACT,"AN ACT STRENGTHENING THE REGULATION OF HEALTH FACILITIES AND SERVICES IN THE PHILIPPINES, REPEALING FOR THE PURPOSE REPUBLIC ACT NO. 4226, OTHERWISE KNOWN AS THE HOSPITAL LICENSURE ACT, AND FOR OTHER PURPOSES","LEGARDA, LOREN B.","May 25, 2015",NATIONAL,HEALTH FACILITIES HOSPITAL LICENSURE ACT (R.A.NO. 4226),HEALTH AND DEMOGRAPHY,"PENDING SECOND READING, SPECIAL ORDER"
Senate Bill No. 2851,16th Congress (July 2013 - 2016),https://ldr.senate.gov.ph/bills/senate-bill-no-2851-16th-congress-republic,AVOCADO BROADBAND TELECOMS INC.,"AN ACT GRANTING THE AVOCADO BROADBAND TELECOMS INC. A FRANCHISE TO CONSTRUCT, INSTALL,ESTABLISH, OPERATE AND MAINTAIN TELECOMMUNICATIONS SYSTEMS THROUGHOUT THE PHILIPPINES","Paolo Benigno ""Bam"" Aquino IV","June 30, 2015",LOCAL,FRANCHISE SALES/FRANCHISE BUSINESS,RULES,PENDING IN THE COMMITTEE
Senate Bill No. 2915,16th Congress (July 2013 - 2016),https://ldr.senate.gov.ph/bills/senate-bill-no-2915-16th-congress-republic,SOUTHERN ISABELA MEDICAL CENTER,"AN ACT UPGRADING THE SOUTHERN ISABELA GENERAL HOSPITAL IN SANTIAGO CITY, PROVINCE OF ISABELA INTO A TERTIARY GENERAL HOSPITAL TO BE KNOWN AS THE SOUTHERN ISABELA MEDICAL CENTER AND APPROPRIATING FUNDS THEREFOR","PIMENTEL, AQUILINO ""KOKO"" III","August 25, 2015",LOCAL,"HOSPITALS, UPGRADING",HEALTH AND DEMOGRAPHY,"PENDING SECOND READING, SPECIAL ORDER"
Senate Bill No. 2607,16th Congress (July 2013 - 2016),https://ldr.senate.gov.ph/bills/senate-bill-no-2607-16th-congress-republic,"AMENDING ART. 180, REVISE PENAL CODE (FALSE TESTIMONY AGAINST A DEFENDANT)","AN ACT AMENDING ARTICLE 180 OF THE REVISED PENAL CODE (ACT NO. 3815, AS AMENDED) BY INCREASING THE PENALTY PROVIDED THEREFOR AND FOR OTHER PURPOSES","REVILLA JR., RAMON BONG","February 2, 2015",NATIONAL,REVISED PENAL CODE (R.A. NO. 3815),JUSTICE AND HUMAN RIGHTS,PENDING IN THE COMMITTEE
Senate Bill No. 2671,16th Congress (July 2013 - 2016),https://ldr.senate.gov.ph/bills/senate-bill-no-2671-16th-congress-republic,SALARY STANDARDIZATION LAW IV,"AN ACT ADOPTING AN OMNIBUS COMPENSATION AND POSITION CLASSIFICATION OF CIVILIAN PERSONNEL AND THE BASE PAY SCHEDULE OF MILITARY AND UNIFORMED PERSONNEL IN THE GOVERNMENT, AND FOR OTHER PURPOSES",Antonio F. Trillanes IV,"February 26, 2015",NATIONAL,SALARY STANDARDIZATION,"CIVIL SERVICE, GOVERNMENT REORGANIZATION AND PROFESSIONAL REGULATION",PENDING CONFERENCE COMMITTEE
Senate Bill No. 2989,16th Congress (July 2013 - 2016),https://ldr.senate.gov.ph/bills/senate-bill-no-2989-16th-congress-republic,MAGNA CARTA FOR WORKERS IN THE ENERGY SECTOR OF THE PHILIPPINES,"AN ACT PROVIDING FOR A MAGNA CARTA FOR WORKERS IN THE ENERGY SECTOR OF THE PHILIPPINES, AUTHORIZING THE COLLECTION AND APPROPRIATION OF FUNDS THEREFOR, AND FOR OTHER PURPOSES","Paolo Benigno ""Bam"" Aquino IV","July 10, 2015",NATIONAL,MAGNA CARTA FOR WORKERS IN THE ENERGY SECTOR,ENERGY,PENDING IN THE COMMITTEE
Senate Bill No. 2745,16th Congress (July 2013 - 2016),https://ldr.senate.gov.ph/bills/senate-bill-no-2745-16th-congress-republic,ALTERNATIVE CARE OF CHILDREN ACT,"AN ACT RECOGNIZING AND STRENGTHENING ALTERNATIVE CARE OF CHILDREN, PROVIDING INCENTIVES TO AGENCIES PROVIDING THE SAME","ESCUDERO, FRANCIS G.","April 5, 2015",NATIONAL,CHILDREN/CHILD CARE,"WOMEN, CHILDREN, FAMILY RELATIONS AND GENDER EQUALITY",PENDING IN THE COMMITTEE
Senate Bill No. 2999,16th Congress (July 2013 - 2016),https://ldr.senate.gov.ph/bills/senate-bill-no-2999-16th-congress-republic,ROAD SPEED LIMITER ACT OF 2015,AN ACT MANDATING THE INSTALLATION OF SPEED LIMITERS AND SETTING SPEED LIMITS FOR PUBLIC UTILITY BUSES AND FOR OTHER PURPOSES,"TRILLANES, ANTONIO ""SONNY"" F.","March 11, 2015",NATIONAL,ROAD SAFETY PUBLIC UTILITY VEHICLES,PUBLIC SERVICES,LAPSED INTO LAW
Senate Bill No. 2692,16th Congress (July 2013 - 2016),https://ldr.senate.gov.ph/bills/senate-bill-no-2692-16th-congress-republic,"SOCCSKSARGEN GENERAL HOSPITAL (SURALLAH, SOUTH COTABATO)","AN ACT ESTABLISHING THE SOCCSKSARGEN GENERAL HOSPITAL IN THE MUNICIPALITY OF SURALLAH, PROVINCE OF THE SOUTH COTABATO, AND APPROPRIATING FUNDS THEREFOR",Franklin M. Drilon,"December 3, 2015",LOCAL,"HOSPITALS, ESTABLISHMENT",HEALTH AND DEMOGRAPHY,"PENDING SECOND READING, ORDINARY BUSINESS"
Senate Bill No. 2757,16th Congress (July 2013 - 2016),https://ldr.senate.gov.ph/bills/senate-bill-no-2757-16th-congress-republic,ILLEGAL WITHHOLDING OF PASSPORT ACT OF 2015,"AN ACT PROVIDING FOR THE CRIME OF ILLEGAL WITHHOLDING OF PASSPORT AND A MECHANISM FOR ITS PROSECUTION, AND FOR OTHER PURPOSES","PIMENTEL, AQUILINO ""KOKO"" III","July 5, 2015",NATIONAL,PASSPORT (R.A.NO. 8239) OVERSEAS FILIPINO WORKERS (OFW),JUSTICE AND HUMAN RIGHTS,PENDING IN THE COMMITTEE
Senate Bill No. 2835,16th Congress (July 2013 - 2016),https://ldr.senate.gov.ph/bills/senate-bill-no-2835-16th-congress-republic,ANTI-AMBULANCE CHASING ACT,AN ACT PROTECTING SEAFARERS AND OTHER WORKERS SIMILARLY SITUATED AGAINST AMBULANCE CHASING AND PROVIDING PENALTIES FOR VIOLATION THEREOF,"ANGARA, SONNY","September 6, 2015",NATIONAL,SEAFARERS,"LABOR, EMPLOYMENT AND HUMAN RESOURCES DEVELOPMENT",APPROVED BY THE PRESIDENT OF THE PHILIPPINES
Senate Bill No. 2894,16th Congress (July 2013 - 2016),https://ldr.senate.gov.ph/bills/senate-bill-no-2894-16th-congress-republic,BASIC LAW FOR THE BANGSAMORO AUTONOMOUS REGION,"AN ACT PROVIDING FOR THE BASIC LAW FOR THE BANGSAMORO AUTONOMOUS REGION AND ABOLISHING THE AUTONOMOUS REGION IN MUSLIM MINDANAO, REPEALING FOR THE PURPOSE REPUBLIC ACT NO. 9054, ENTITLED 'AN ACT TO STRENGTHEN AND EXPAND THE ORGANIC ACT FOR THE AUTONOMOUS REGION IN MUSLIM MINDANAO,' AND REPUBLIC ACT NO. 6734, ENTITLED 'AN ACT PROVIDING FOR AN ORGANIC ACT FOR THE AUTONOMOUS REGION IN MUSLIM MINDANAO,' AND FOR OTHER PURPOSES",Franklin M. Drilon,"October 8, 2015",NATIONAL,BANGSAMORO BASIC LAW Autonomous Region in Muslim Mindanao (ARMM),LOCAL GOVERNMENT,"PENDING SECOND READING, SPECIAL ORDER"
Senate Bill No. 2586,16th Congress (July 2013 - 2016),https://ldr.senate.gov.ph/bills/senate-bill-no-2586-16th-congress-republic,ADMINISTRATIVE TOTAL DISABILITY PENSION TO SENIOR VETERANS OF WARS AND MILITARY CAMPAIGNS,AN ACT PROVIDING FOR THE PAYMENT OF THE ADMINISTRATIVE TOTAL DISABILITY PENSION TO SENIOR VETERANS OF WARS AND MILITARY CAMPAIGNS,"ESTRADA, JINGGOY E.","January 26, 2015",NATIONAL,VETERANS PENSION,NATIONAL DEFENSE AND SECURITY,PENDING IN THE COMMITTEE
Senate Bill No. 2650,16th Congress (July 2013 - 2016),https://ldr.senate.gov.ph/bills/senate-bill-no-2650-16th-congress-republic,CHOCOLATE HILLS PROTECTION ACT OF 2015,"AN ACT PROCLAIMING THE CHOCOLATE HILLS AS NATIONAL PATRIMONY AND GEOLOGICAL MONUMENTS, PROVIDING PENALTIES FOR THEIR PILLAGE, DEFACEMENT AND DESPOIL, AND FOR OTHER PURPOSES","ESTRADA, JINGGOY E.","February 16, 2015",NATIONAL,CHOCOLATE HILLS,ENVIRONMENT AND NATURAL RESOURCES,PENDING IN THE COMMITTEE
Senate Bill No. 2968,16th Congress (July 2013 - 2016),https://ldr.senate.gov.ph/bills/senate-bill-no-2968-16th-congress-republic,CUSTOMS MODERNIZATION AND TARIFF ACT (CMTA),AN ACT MODERNIZING THE CUSTOMS AND TARIFF ADMINISTRATION,"OSMENA III, SERGIO R.","September 28, 2015",NATIONAL,CUSTOMS MODERNIZATION AND TARIFF ACT,WAYS AND MEANS,CONSOLIDATED WITH APPROVED BILL
Senate Bill No. 3032,16th Congress (July 2013 - 2016),https://ldr.senate.gov.ph/bills/senate-bill-no-3032-16th-congress-republic,NATIONAL PREVENTIVE MECHANISM ACT OF 2015,"AN ACT ESTABLISHING THE NATIONAL PREVENTIVE MECHANISM IN THE PHILIPPINES, AND APPROPRIATING FUNDS THEREFOR","PIMENTEL, AQUILINO ""KOKO"" III","October 12, 2015",NATIONAL,HUMAN RIGHTS torture,JUSTICE AND HUMAN RIGHTS,PENDING IN THE COMMITTEE
Senate Bill No. 2725,16th Congress (July 2013 - 2016),https://ldr.senate.gov.ph/bills/senate-bill-no-2725-16th-congress-republic,FITNESS PROFESSIONALS LICENSING ACT,AN ACT REGULATING PERSONAL TRAINING AND GROUP FITNESS INSTRUCTION,Miriam Defensor Santiago,"April 16, 2015",NATIONAL,FITNESS,HEALTH AND DEMOGRAPHY,PENDING IN THE COMMITTEE
Senate Bill No. 2789,16th Congress (July 2013 - 2016),https://ldr.senate.gov.ph/bills/senate-bill-no-2789-16th-congress-republic,YOUTH PARTICIPATION RISK REDUCTION AND MANAGEMENT ACT,"AN ACT INCLUDING RESPONSIVE, EMPOWERED AND SERVICE-CENTERED YOUTH IN THE DISASTER RISK REDUCTION AND MANAGEMENT COUNCIL IN ALL LEVELS, AMENDING FOR THE PURPOSE REPUBLIC ACT NO. 10121, OTHERWISE KNOWN AS THE PHILIPPINE DISASTER RISK REDUCTION AND MANAGEMENT ACT OF 2010",Miriam Defensor Santiago,"May 27, 2015",NATIONAL,PHILIPPINE DISASTER RISK REDUCTION AND MANAGEMENT ACT OF 2010 (R.A.NO. 10121),YOUTH,PENDING IN THE HOUSE OF REPRESENTATIVES
Senate Bill No. 2544,16th Congress (July 2013 - 2016),https://ldr.senate.gov.ph/bills/senate-bill-no-2544-16th-congress-republic,PENALIZING THE FAILURE TO REPORT ACTS OF HAZING,"AN ACT PENALIZING THE FAILURE TO REPORT ACTS OF HAZING, AMENDING REPUBLIC ACT NO. 8049",Miriam Defensor Santiago,"May 1, 2015",NATIONAL,Hazing,PUBLIC ORDER AND DANGEROUS DRUGS,PENDING IN THE COMMITTEE
Senate Bill No. 2862,16th Congress (July 2013 - 2016),https://ldr.senate.gov.ph/bills/senate-bill-no-2862-16th-congress-republic,OFFICIAL FILIPINO VERSION OF THE PHILIPPINE CONSTITUTION,"AN ACT PROVIDING FOR AN OFFICIAL FILIPINO VERSION OF THE PHILIPPINE CONSTITUTION AND ITS TRANSLATION INTO MAJOR REGIONAL LANGUAGES, ARABIC, AND SPANISH, APPROPRIATING FUNDS THEREFOR AND FOR OTHER PURPOSES","LEGARDA, LOREN B.","July 21, 2015",NATIONAL,Philippine Constitution Filipino Language,CONSTITUTIONAL AMENDMENTS AND REVISION OF CODES,PENDING IN THE COMMITTEE
Senate Bill No. 2930,16th Congress (July 2013 - 2016),https://ldr.senate.gov.ph/bills/senate-bill-no-2930-16th-congress-republic,"AMENDING SECS. 69 & 261 (CC), OMNIBUS ELECTION CODE (NUISANCE CANDIDATES)","AN ACT AMENDING SECTIONS 69 AND 261 (CC) OF BATAS PAMBANSA BLG. 881, OTHERWISE KNOWN AS THE OMNIBUS ELECTION CODE OF THE PHILIPPINES, AS AMENDED, AND FOR OTHER PURPOSES","TRILLANES, ANTONIO ""SONNY"" F.","February 9, 2015",NATIONAL,OMNIBUS ELECTION CODE (BATAS PAMBANSA BLG. 881) NUISANCE CANDIDATES,ELECTORAL REFORMS AND PEOPLES PARTICIPATION,"PENDING SECOND READING, SPECIAL ORDER"
Senate Bill No. 2618,16th Congress (July 2013 - 2016),https://ldr.senate.gov.ph/bills/senate-bill-no-2618-16th-congress-republic,REQUIRING STUDENT TO PLANT TREES EVERY YEAR,AN ACT REQUIRING EVERY STUDENT TO PLANT TREES EVERY YEAR,"REVILLA JR., RAMON BONG","February 2, 2015",NATIONAL,STUDENTS TREE PLANTING,"EDUCATION, ARTS AND CULTURE",PENDING IN THE COMMITTEE
Senate Bill No. 2765,16th Congress (July 2013 - 2016),https://ldr.senate.gov.ph/bills/senate-bill-no-2765-16th-congress-republic,ANTI-AGRICULTURAL SMUGGLING ACT,"AN ACT DECLARING CERTAIN ACTS OF AGRICULTURAL SMUGGLING AS ECONOMIC SABOTAGE, PRESCRIBING PENALTIES THEREFOR AND FOR OTHER PURPOSES.","VILLAR, CYNTHIA A.","May 13, 2015",NATIONAL,ECONOMIC SABOTAGE SMUGGLING AGRICULTURAL PRODUCTS,AGRICULTURE AND FOOD,CONSOLIDATED/SUBSTITUTED IN THE COMMITTEE REPORT
Senate Bill No. 2849,16th Congress (July 2013 - 2016),https://ldr.senate.gov.ph/bills/senate-bill-no-2849-16th-congress-republic,DIALYSIS CENTER ACT,"AN ACT REQUIRING ALL NATIONAL, REGIONAL, AND PROVINCIAL GOVERNMENT HOSPITALS TO ESTABLISH, OPERATE AND MAINTAIN A DIALYSIS WARD OR UNIT IN THEIR RESPECTIVE HOSPITAL AND PROVIDING FREE DIALYSIS TREATMENT TO INDIGENT PATIENTS","ANGARA, SONNY","June 23, 2015",NATIONAL,DIALYSIS CENTER,HEALTH AND DEMOGRAPHY,PENDING IN THE COMMITTEE
Senate Bill No. 2913,16th Congress (July 2013 - 2016),https://ldr.senate.gov.ph/bills/senate-bill-no-2913-16th-congress-republic,BALIKBAYAN BOX LAW,"AN ACT EXEMPTING FROM DUTIES AND TAXES 'BALIKBAYAN BOXES' CONTAINING PERSONAL AND HOUSEHOLD EFFECTS OF OVERSEAS FILIPINO WORKERS (OFW), OTHER FILIPINOS RESIDING ABROAD AND RESIDENT OF THE PHILIPPINES RETURNING FROM ABROAD",Ralph G. Recto,"August 24, 2015",NATIONAL,BALIKBAYAN BOXES OVERSEAS FILIPINO WORKERS (OFW),WAYS AND MEANS,CONSOLIDATED/SUBSTITUTED IN THE COMMITTEE REPORT
Senate Bill No. 2605,16th Congress (July 2013 - 2016),https://ldr.senate.gov.ph/bills/senate-bill-no-2605-16th-congress-republic,"PROHIBITING CITY MAYORS, MUNICIPAL MAYORS AND PROVINCIAL GOVERNORS FROM MAKING APPOINTMENTS","AN ACT PROHIBITING MAYORS, MUNICIPAL MAYORS AND PROVINCIAL GOVERNORS FROM MAKING APPOINTMENT TWO (2) MONTHS IMMEDIATELY BEFORE THE NEXT LOCAL ELECTIONS AND PENDING ASSUMPTION TO OFFICE OF THEIR SUCCESSORS AND FOR OTHER PURPOSES","REVILLA JR., RAMON BONG","February 2, 2015",NATIONAL,"LOCAL EXECUTIVES/LOCAL LEADERS (MAYOR, VICE-MAYOR, GOVERNOR, ETC.)","CIVIL SERVICE, GOVERNMENT REORGANIZATION AND PROFESSIONAL REGULATION",PENDING IN THE COMMITTEE
Senate Bill No. 2670,16th Congress (July 2013 - 2016),https://ldr.senate.gov.ph/bills/senate-bill-no-2670-16th-congress-republic,CRIMINAL INVESTIGATION ACT OF 2015,"AN ACT INSTITUTIONALIZING A CRIMINAL INVESTIGATION SYSTEM, REPEALING FOR THE PURPOSE REPUBLIC ACT NO. 5180, OTHERWISE KNOWN AS 'AN ACT PRESCRIBING A UNIFORM SYSTEM OF PRELIMINARY INVESTIGATION BY PROVINCIAL AND CITY FISCALS AND THEIR ASSISTANTS, AND BY STATE ATTORNEYS OR THEIR ASSISTANTS', AND FOR OTHER RELATED LAWS AND ISSUANCES","PIMENTEL, AQUILINO ""KOKO"" III","February 25, 2015",NATIONAL,preliminary investigation,JUSTICE AND HUMAN RIGHTS,PENDING IN THE COMMITTEE
Senate Bill No. 2987,16th Congress (July 2013 - 2016),https://ldr.senate.gov.ph/bills/senate-bill-no-2987-16th-congress-republic,"AMENDING SEC. 109 (A) AND (F), NIRC (VAT EXEMPTION ON RAW SUGAR/RAW CANE SUGAR)","AN ACT AMENDING SECTION 109 (A) AND (F) OF THE NATIONAL INTERNAL REVENUE CODE, AS AMENDED BY REPUBLIC ACT NO. 9337, AND FOR OTHER PURPOSES",Sergio R. Osmeña III,"July 10, 2015",NATIONAL,NATIONAL INTERNAL REVENUE CODE (NIRC) VALUE-ADDED TAX (VAT) SUGAR CANE INDUSTRY,WAYS AND MEANS,CONSOLIDATED WITH APPROVED BILL
Senate Bill No. 2743,16th Congress (July 2013 - 2016),https://ldr.senate.gov.ph/bills/senate-bill-no-2743-16th-congress-republic,"SATELLITE PAGING SYSTEMS PHILIPPINES, INC.","AN ACT RENEWING THE FRANCHISE GRANTED TO SATELLITE PAGING SYSTEMS PHILIPPINES, INC. (PRESENTLY KNOWN AS NOW TELECOM COMPANY, INC.) UNDER REPUBLIC ACT NO. 7301, AS AMENDED BY REPUBLIC ACT NO. 7940, ENTITLED 'AN ACT GRANTING SATELLITE PAGING SYSTEMS PHILIPPINES, INC., A FRANCHISE TO CONSTRUCT, ESTABLISH, OPERATE AND MAINTAIN RADIO PAGING SYSTEMS AND TRUNKED RADIO SYSTEMS WITHIN THE PHILIPPINES FOR A PERIOD OF TWENTY-FIVE (25) YEARS, AND FOR OTHER PURPOSES' FOR ANOTHER TWENTY-FIVE (25) YEARS FROM THE EFFECTIVITY OF THE ACT","LEGARDA, LOREN B.","April 30, 2015",LOCAL,FRANCHISE SALES/FRANCHISE BUSINESS,RULES,PENDING IN THE COMMITTEE
Senate Bill No. 2818,16th Congress (July 2013 - 2016),https://ldr.senate.gov.ph/bills/senate-bill-no-2818-16th-congress-republic,ANNUAL MARKETING EXPENSES REPORT FOR DRUG MANUFACTURERS ACT,AN ACT TO REQUIRE MANUFACTURERS OR LABELERS OF PRESCRIPTION DRUGS TO REPORT THEIR ANNUAL MARKETING COSTS,Miriam Defensor Santiago,"August 6, 2015",NATIONAL,LABEL/LABELING DRUG LABELING MEDICINES/DRUGS,"TRADE, COMMERCE AND ENTREPRENEURSHIP",PENDING IN THE COMMITTEE
Senate Bill No. 2573,16th Congress (July 2013 - 2016),https://ldr.senate.gov.ph/bills/senate-bill-no-2573-16th-congress-republic,"AMENDING ART. 180, REVISED PENAL CODE (FALSE TESTIMONY AGAINST A DEFENDANT)","AN ACT AMENDING ARTICLE 180 OF THE REVISED PENAL CODE (ACT NO. 3815), AS AMENDED, BY INCREASING THE PENALTY PROVIDED THEREFOR AND FOR OTHER PURPOSES","ESTRADA, JINGGOY E.","January 20, 2015",NATIONAL,REVISED PENAL CODE (R.A. NO. 3815),JUSTICE AND HUMAN RIGHTS,PENDING IN THE COMMITTEE
Senate Bill No. 2637,16th Congress (July 2013 - 2016),https://ldr.senate.gov.ph/bills/senate-bill-no-2637-16th-congress-republic,SAFER INTERNET DAY (SID) ACT OF 2015,AN ACT DECLARING EVERY 10TH OF FEBRUARY OF EACH YEAR AS NATIONAL SAFER INTERNET DAY IN THE PHILIPPINES,"Paolo Benigno ""Bam"" Aquino IV","September 2, 2015",NATIONAL,SAFER INTERNET DAY INTERNET SAFETY,PUBLIC SERVICES,PENDING IN THE COMMITTEE
Senate Bill No. 2956,16th Congress (July 2013 - 2016),https://ldr.senate.gov.ph/bills/senate-bill-no-2956-16th-congress-republic,PERMANENT RESIDENCY FOR QUALIFIED RELIGIOUS WORKERS,"AN ACT GRANTING PERMANENT RESIDENCY TO QUALIFIED RELIGIOUS WORKERS AMENDING FOR THE PURPOSE SECTIONS 9 AND 13 OF COMMONWEALTH ACT NO. 613, OTHERWISE KNOWN AS THE PHILIPPINE IMMIGRATION ACT OF 1940 AND FOR OTHER PURPOSES","Paolo Benigno ""Bam"" Aquino IV","September 17, 2015",NATIONAL,PHILIPPINE IMMIGRATION ACT Commonwealth Act RELIGIOUS WORKERS,JUSTICE AND HUMAN RIGHTS,PENDING IN THE COMMITTEE
Senate Bill No. 3020,16th Congress (July 2013 - 2016),https://ldr.senate.gov.ph/bills/senate-bill-no-3020-16th-congress-republic,"ANTI-GRAFT AND CORRUPT PRACTICES ACT, SEC. 13, NON-APPLICATION TO IMPEACHABLE PUBLIC OFFICERS","AN ACT AMENDING REPUBLIC ACT NO. 3019, OTHERWISE KNOWN AS THE ANTI-GRAFT AND CORRUPT PRACTICES ACT, SECTION 13, ON ITS NON-APPLICATION TO IMPEACHABLE PUBLIC OFFICERS.",Miriam Defensor Santiago,"November 26, 2015",NATIONAL,Anti-Graft and Corrupt Practices Act GOVERNMENT OFFICIAL/PUBLIC OFFICIAL IMPEACHMENT,JUSTICE AND HUMAN RIGHTS,PENDING IN THE COMMITTEE
Senate Bill No. 2776,16th Congress (July 2013 - 2016),https://ldr.senate.gov.ph/bills/senate-bill-no-2776-16th-congress-republic,INSTRUCTURAL GARDENS ACT OF 2015,"AN ACT MANDATING THE ESTABLISHMENT OF INSTRUCTIONAL GARDENS IN ALL ELEMENTARY AND SECONDARY SCHOOLS, PUBLIC OR PRIVATE, MAKING IT A REQUIREMENT FOR THE CREATION AND ISSUANCE OF PERMITS FOR SCHOOLS AND FOR OTHER PURPOSES","VILLAR, CYNTHIA A.","May 20, 2015",NATIONAL,INSTRUCTIONAL GARDENS,"EDUCATION, ARTS AND CULTURE",PENDING IN THE COMMITTEE
Senate Bill No. 2966,16th Congress (July 2013 - 2016),https://ldr.senate.gov.ph/bills/senate-bill-no-2966-16th-congress-republic,ACUPUNCTURE ACT,"AN ACT TO REGULATE THE PRACTICE OF ACUPUNCTURE, CREATING FOR THIS PURPOSE AN ACUPUNCTURE BOARD",Miriam Defensor Santiago,"September 23, 2015",NATIONAL,ACUPUNCTURE,"CIVIL SERVICE, GOVERNMENT REORGANIZATION AND PROFESSIONAL REGULATION",PENDING IN THE COMMITTEE
Senate Bill No. 3030,16th Congress (July 2013 - 2016),https://ldr.senate.gov.ph/bills/senate-bill-no-3030-16th-congress-republic,LABOR-ONLY CONTRACTING,"AN ACT STRENGTHENING THE PROHIBITION AGAINST LABOR-ONLY CONTRACTING, AMENDING FOR THIS PURPOSE PRESIDENTIAL DECREE NO. 442, OTHERWISE KNOWN AS THE LABOR CODE OF THE PHILIPPINES, AS AMENDED","PIMENTEL, AQUILINO ""KOKO"" III","August 12, 2015",NATIONAL,LABOR CODE OF THE PHILIPPINES (P.D. NO. 442),"LABOR, EMPLOYMENT AND HUMAN RESOURCES DEVELOPMENT",PENDING IN THE COMMITTEE
Senate Bill No. 2723,16th Congress (July 2013 - 2016),https://ldr.senate.gov.ph/bills/senate-bill-no-2723-16th-congress-republic,WELL-KNOWN MARKS REGISTRY ACT,AN ACT ESTABLISHING A REGISTRY OF WELL-KNOWN TRADEMARKS,Miriam Defensor Santiago,"April 16, 2015",NATIONAL,TRADEMARKS,"TRADE, COMMERCE AND ENTREPRENEURSHIP",PENDING IN THE COMMITTEE
Senate Bill No. 2787,16th Congress (July 2013 - 2016),https://ldr.senate.gov.ph/bills/senate-bill-no-2787-16th-congress-republic,REORGANIZING THE NATIONAL PARKS DEVELOPMENT COMMITTEE,AN ACT TO REORGANIZE THE NATIONAL PARKS DEVELOPMENT COMMITTEE TO THE PUBLIC PARKS DEVELOPMENT AUTHORITY,"ANGARA, SONNY","May 26, 2015",NATIONAL,PARKS,"CIVIL SERVICE, GOVERNMENT REORGANIZATION AND PROFESSIONAL REGULATION",PENDING IN THE COMMITTEE
Senate Bill No. 2860,16th Congress (July 2013 - 2016),https://ldr.senate.gov.ph/bills/senate-bill-no-2860-16th-congress-republic,CONTINGENT LIABILITIES DISCLOSURE ACT OF 2015,"AN ACT MANDATING THE ANNUAL PUBLIC DISCLOSURE OF ALL CONTINGENT LIABILITIES INCURRED BY ALL NATIONAL GOVERNMENT AGENCIES, LOCAL GOVERNMENT UNITS, GOVERNMENT-OWNED OR - CONTROLLED CORPORATIONS, GOVERNMENT FINANCIAL INSTITUTIONS, AND OTHER GOVERNMENT INSTRUMENTALITIES",Ralph G. Recto,"July 20, 2015",NATIONAL,GOVERNMENT-OWNED AND-CONTROLLED CORPORATIONS (GOCC) LOCAL GOVERNMENT UNITS (LGUs),FINANCE,PENDING IN THE COMMITTEE
Senate Bill No. 2881,16th Congress (July 2013 - 2016),https://ldr.senate.gov.ph/bills/senate-bill-no-2881-16th-congress-republic,INSTALLATION OF CARBON MONOXIDE DETECTORS IN SCHOOL BUILDINGS,AN ACT REQUIRING THE INSTALLATION OF CARBON MONOXIDE DETECTORS IN SCHOOL BUILDINGS,Miriam Defensor Santiago,"March 8, 2015",NATIONAL,CARBON MONOXIDE SCHOOL BUILDING,"EDUCATION, ARTS AND CULTURE",PENDING IN THE COMMITTEE
Senate Bill No. 2709,16th Congress (July 2013 - 2016),https://ldr.senate.gov.ph/bills/senate-bill-no-2709-16th-congress-republic,SURVIVORSHIP BENEFITS TO THE SURVIVING SPOUSE OF A DECEASED RETIRED OSG MEMBER,AN ACT GRANTING SURVIVORSHIP BENEFITS TO THE SURVIVING LEGITIMATE SPOUSE OF A DECEASED RETIRED MEMBER OF THE OFFICE OF SOLICITOR GENERAL,Antonio F. Trillanes IV,"March 17, 2015",NATIONAL,OFFICE OF THE SOLICITOR GENERAL,"CIVIL SERVICE, GOVERNMENT REORGANIZATION AND PROFESSIONAL REGULATION",PENDING IN THE HOUSE OF REPRESENTATIVES
Senate Bill No. 2924,16th Congress (July 2013 - 2016),https://ldr.senate.gov.ph/bills/senate-bill-no-2924-16th-congress-republic,PHILIPPINE OCCUPATIONAL THERAPY LAW OF 2015,"AN ACT REGULATING THE REGISTRATION, LICENSURE, AND PRACTICE OF OCCUPATIONAL THERAPY, PROVIDING FUNDS THEREFOR AND FOR OTHER RELATED PURPOSES",Antonio F. Trillanes IV,"January 9, 2015",NATIONAL,OCCUPATIONAL THERAPY,"CIVIL SERVICE, GOVERNMENT REORGANIZATION AND PROFESSIONAL REGULATION","PENDING SECOND READING, SPECIAL ORDER"
Senate Bill No. 2616,16th Congress (July 2013 - 2016),https://ldr.senate.gov.ph/bills/senate-bill-no-2616-16th-congress-republic,BPO WORKERS HEALTH AND SAFETY ACT OF 2015,"AN ACT ENSURING THE OCCUPATIONAL HEALTH, SAFETY AND WELFARE OF BUSINESS PROCESS OUTSOURCING (BPO) WORKERS AND OTHERS SIMILARLY EMPLOYED","REVILLA JR., RAMON BONG","February 2, 2015",NATIONAL,BUSINESS PROCESS OUTSOURCING (BPO) OCCUPATIONAL SAFETY,"LABOR, EMPLOYMENT AND HUMAN RESOURCES DEVELOPMENT",PENDING IN THE COMMITTEE
Senate Bill No. 2680,16th Congress (July 2013 - 2016),https://ldr.senate.gov.ph/bills/senate-bill-no-2680-16th-congress-republic,"REVISED PENAL CODE, AMENDMENTS","AN ACT ADJUSTING THE AMOUNT INVOLVED, VALUE OF PROPERTY OR DAMAGE ON WHICH A PENALTY IS BASED AND THE FINES UNDER ACT NO. 3815, AS AMENDED, OTHERWISE KNOWN AS THE REVISED PENAL CODE",Franklin M. Drilon,"May 3, 2015",NATIONAL,REVISED PENAL CODE (R.A. NO. 3815),JUSTICE AND HUMAN RIGHTS,PENDING IN THE COMMITTEE
Senate Bill No. 2934,16th Congress (July 2013 - 2016),https://ldr.senate.gov.ph/bills/senate-bill-no-2934-16th-congress-republic,FREE ADMISSION TO MUSEUMS/SHRINES GRANT TO PUBLIC ELEMENTARY SCHOOL STUDENTS,AN ACT GRANTING PUBLIC ELEMENTARY SCHOOL STUDENTS FREE ADMISSION TO ALL PUBLIC MUSEUMS AND NATIONAL HISTORICAL SHRINES AND LANDMARKS,"REVILLA JR., RAMON BONG","July 9, 2015",NATIONAL,NATIONAL MUSEUM STUDENTS NATIONAL SHRINE,"EDUCATION, ARTS AND CULTURE",PENDING IN THE COMMITTEE
Senate Bill No. 2998,16th Congress (July 2013 - 2016),https://ldr.senate.gov.ph/bills/senate-bill-no-2998-16th-congress-republic,"AMENDING SECS. 778 AND 779, CIVIL CODE (SUCCESSION)","AN ACT AMENDING THE CIVIL CODE, ALSO KNOWN AS REPUBLIC ACT NO. 386, SECTIONS 778 AND 779 ON SUCCESSION",Miriam Defensor Santiago,"October 29, 2015",NATIONAL,CIVIL CODE OF THE PHILIPPINES succession,"WOMEN, CHILDREN, FAMILY RELATIONS AND GENDER EQUALITY",PENDING IN THE COMMITTEE
Senate Bill No. 2690,16th Congress (July 2013 - 2016),https://ldr.senate.gov.ph/bills/senate-bill-no-2690-16th-congress-republic,"PHILIPPINE NATIONAL RAILWAYS REVITALIZATION, REHABILITATION AND MODERNIZATION","AN ACT PROMOTING THE REVITALIZATION, REHABILITATION AND MODERNIZATION OF THE PHILIPPINE NATIONAL RAILWAYS, AMENDING FOR THE PURPOSE CERTAIN PROVISIONS OF R.A. NO. 4156 ENTITLED AN ACT CREATING THE PHILIPPINE NATIONAL RAILWAYS, PRESCRIBING ITS POWERS, FUNCTIONS AND DUTIES, AND PROVIDING FOR THE NECESSARY FUNDS FOR ITS OPERATION","EJERCITO, JOSEPH VICTOR G.","November 3, 2015",NATIONAL,PHILIPPINE NATIONAL RAILWAYS (PNR),GOVERNMENT CORPORATIONS AND PUBLIC ENTERPRISES,PENDING IN THE COMMITTEE
Senate Bill No. 2754,16th Congress (July 2013 - 2016),https://ldr.senate.gov.ph/bills/senate-bill-no-2754-16th-congress-republic,TRUTH IN EMPLOYMENT ACT,"AN ACT AMENDING PRESIDENTIAL DECREE NO. 442, BOOK 5, CHAPTER 2, ARTICLE 248, TO PROTECT THE RIGHTS OF THE EMPLOYERS",Miriam Defensor Santiago,"June 5, 2015",NATIONAL,LABOR CODE OF THE PHILIPPINES (P.D. NO. 442) UNIONISM,"LABOR, EMPLOYMENT AND HUMAN RESOURCES DEVELOPMENT",PENDING IN THE COMMITTEE
Senate Bill No. 2831,16th Congress (July 2013 - 2016),https://ldr.senate.gov.ph/bills/senate-bill-no-2831-16th-congress-republic,PHILIPPINE HALAL EXPORT DEVELOPMENT AND PROMOTION ACT OF 2015,"AN ACT INSTITUTING THE PHILIPPINE HALAL EXPORT DEVELOPMENT AND PROMOTION PROGRAM, CREATING FOR THE PURPOSE THE PHILIPPINE HALAL EXPORT DEVELOPMENT AND PROMOTION BOARD, AND FOR OTHER PURPOSES","REVILLA JR., RAMON BONG","August 6, 2015",NATIONAL,HALAL FOOD,AGRICULTURE AND FOOD,APPROVED BY THE PRESIDENT OF THE PHILIPPINES
Senate Bill No. 2892,16th Congress (July 2013 - 2016),https://ldr.senate.gov.ph/bills/senate-bill-no-2892-16th-congress-republic,CNSP BIRTH REGISTRATION ACT,AN ACT FURTHER STRENGTHENING THE SYSTEM OF BIRTH REGISTRATION OF CHILDREN IN NEED OF SPECIAL PROTECTION (CNSP) IN THE PHILIPPINES,"POE, GRACE","May 8, 2015",NATIONAL,CHILDREN/CHILD CARE BIRTH REGISTRATION,"WOMEN, CHILDREN, FAMILY RELATIONS AND GENDER EQUALITY",PENDING IN THE COMMITTEE
Senate Bill No. 2584,16th Congress (July 2013 - 2016),https://ldr.senate.gov.ph/bills/senate-bill-no-2584-16th-congress-republic,PHILIPPINE GOAT AND SHEEP ACT OF 2015,AN ACT ESTABLISHING THE PHILIPPINE GOAT AND SHEEP CENTER,"ESTRADA, JINGGOY E.","January 26, 2015",NATIONAL,GOAT/SHEEP,AGRICULTURE AND FOOD,PENDING IN THE COMMITTEE
Senate Bill No. 2648,16th Congress (July 2013 - 2016),https://ldr.senate.gov.ph/bills/senate-bill-no-2648-16th-congress-republic,INCREASING THE HAZARD PAY OF ALL PERSONNEL OF THE AFP,AN ACT INCREASING THE HAZARD PAY OF ALL PERSONNEL OF THE ARMED FORCES OF THE PHILIPPINES TO TWENTY-FIVE PERCENT (25%) OF THEIR BASE PAY AND PROVIDING FUNDS THEREFOR,"ANGARA, SONNY","December 2, 2015",NATIONAL,ARMED FORCES OF THE PHILIPPINES (AFP) HAZARD PAY,NATIONAL DEFENSE AND SECURITY,PENDING IN THE COMMITTEE
Senate Bill No. 2840,16th Congress (July 2013 - 2016),https://ldr.senate.gov.ph/bills/senate-bill-no-2840-16th-congress-republic,ORGAN DONATION ACT OF 2015,"AN ACT PROVIDING FOR A REVISED HUMAN ORGAN AND TISSUE DONATION AND TRANSPLANTATION PROGRAM AND PROVIDING PENALTIES FOR VIOLATION THEREOF, REPEALING FOR THE PURPOSE REPUBLIC ACT NO. 7170, AS AMENDED, ALSO KNOWN AS THE ORGAN DONATION ACT OF 1991","Teofisto ""TG"" D. Guingona III","September 6, 2015",NATIONAL,HUMAN ORGANS,HEALTH AND DEMOGRAPHY,CONSOLIDATED/SUBSTITUTED IN THE COMMITTEE REPORT
Senate Bill No. 2903,16th Congress (July 2013 - 2016),https://ldr.senate.gov.ph/bills/senate-bill-no-2903-16th-congress-republic,RURAL EMPLOYMENT ASSISTANCE PROGRAM ACT,AN ACT PROVIDING FOR RURAL EMPLOYMENT ASSISTANCE PROGRAM AND APPROPRIATING FUNDS THEREFOR,"Paolo Benigno ""Bam"" Aquino IV","August 18, 2015",NATIONAL,RURAL EMPLOYMENT,"SOCIAL JUSTICE, WELFARE AND RURAL DEVELOPMENT",PENDING IN THE COMMITTEE
Senate Bill No. 2595,16th Congress (July 2013 - 2016),https://ldr.senate.gov.ph/bills/senate-bill-no-2595-16th-congress-republic,RIGHT TO FREE SPEECH OF PHOTOGRAPHERS,AN ACT TO PROTECT AND PROMOTE THE RIGHT TO FREE SPEECH OF PHOTOGRAPHERS,Miriam Defensor Santiago,"January 29, 2015",NATIONAL,RIGHT TO FREE SPEECH,JUSTICE AND HUMAN RIGHTS,PENDING IN THE COMMITTEE
Senate Bill No. 2659,16th Congress (July 2013 - 2016),https://ldr.senate.gov.ph/bills/senate-bill-no-2659-16th-congress-republic,LINE OF DUTY ACT,AN ACT GRANTING ADDITIONAL SURVIVORSHIP BENEFITS TO POLICE OFFICERS WHO HAVE BEEN INJURED OR FELL IN THE LINE OF DUTY,Miriam Defensor Santiago,"February 18, 2015",NATIONAL,PHILIPPINE NATIONAL POLICE (PNP),PUBLIC ORDER AND DANGEROUS DRUGS,PENDING IN THE COMMITTEE
Senate Bill No. 2977,16th Congress (July 2013 - 2016),https://ldr.senate.gov.ph/bills/senate-bill-no-2977-16th-congress-republic,EMPLOYEE WELFARE SERVICES,"AN ACT AMENDING PRESIDENTIAL DECREE NO. 442, OR THE LABOR CODE OF THE PHILIPPINES, BOOK IV, TO INCLUDE AN ADDITIONAL TITLE ON FAMILY WELFARE",Miriam Defensor Santiago,"January 10, 2015",NATIONAL,LABOR CODE OF THE PHILIPPINES (P.D. NO. 442),"LABOR, EMPLOYMENT AND HUMAN RESOURCES DEVELOPMENT",PENDING IN THE COMMITTEE
Senate Bill No. 3041,16th Congress (July 2013 - 2016),https://ldr.senate.gov.ph/bills/senate-bill-no-3041-16th-congress-republic,E-VEHICLE TAX INCENTIVE ACT,"AN ACT ESTABLISHING A SYSTEM OF TAX INCENTIVES FOR INDIVIDUALS AND CORPORATIONS THAT ENGAGE IN THE RESEARCH, DEVELOPMENT AND PRODUCTION OF ELECTRONIC PUBLIC TRANSPORT VEHICLES",Miriam Defensor Santiago,"December 16, 2015",NATIONAL,E-VEHICLE (ELECTRONIC VEHICLES) TAX INCENTIVES,WAYS AND MEANS,PENDING IN THE COMMITTEE
Senate Bill No. 2734,16th Congress (July 2013 - 2016),https://ldr.senate.gov.ph/bills/senate-bill-no-2734-16th-congress-republic,EARLY LEARNING ALIGNMENT ACT,AN ACT PROVIDING PROFESSIONAL DEVELOPMENT FOR ELEMENTARY SCHOOL PRINCIPALS IN EARLY CHILDHOOD EDUCATION AND DEVELOPMENT,Miriam Defensor Santiago,"April 23, 2015",NATIONAL,EARLY EDUCATION/EARLY LEARNING PROGRAM,"EDUCATION, ARTS AND CULTURE",PENDING IN THE COMMITTEE
Senate Bill No. 2798,16th Congress (July 2013 - 2016),https://ldr.senate.gov.ph/bills/senate-bill-no-2798-16th-congress-republic,PROGRAMS ON ACQUIRED BONE MARROW FAILURE DISEASES,AN ACT DIRECTING THE DEPARTMENT OF HEALTH TO CONDUCT PILOT STUDIES TO DETERMINE THE ENVIRONMENTAL FACTORS WHICH MAY CAUSE ACQUIRED BONE MARROW FAILURE DISEASES,Miriam Defensor Santiago,"March 6, 2015",NATIONAL,BONE MARROW FAILURE DISEASES DEPARTMENT OF HEALTH (DOH),HEALTH AND DEMOGRAPHY,PENDING IN THE COMMITTEE
Senate Bill No. 2553,16th Congress (July 2013 - 2016),https://ldr.senate.gov.ph/bills/senate-bill-no-2553-16th-congress-republic,ANTI-DISCRIMINATION IN COLLEGE ADMINISSION ACT,"AN ACT TO PROHIBIT DISCRIMINATION AND PREFERENTIAL TREATMENT ON THE BASIS OF SEX, ETHNICITY, PHYSICAL CONDITION, RELIGIOUS BELIEF OR POLITICAL AFFILIATION IN CONNECTION WITH ADMISSION TO AN INSTITUTION OF HIGHER EDUCATION PARTICIPATING IN ANY PROGRAM AUTHORIZED UNDER THE COMMISSION ON HIGHER EDUCATION",Miriam Defensor Santiago,"May 1, 2015",NATIONAL,ANTI-DISCRIMINATION COMMISSION ON HIGHER EDUCATION (CHED),"EDUCATION, ARTS AND CULTURE",PENDING IN THE COMMITTEE
Senate Bill No. 2808,16th Congress (July 2013 - 2016),https://ldr.senate.gov.ph/bills/senate-bill-no-2808-16th-congress-republic,CHRONIC FATIGUE SYNDROME AWARENESS ACT,AN ACT PROMOTING AWARENESS OF CHRONIC FATIGUE SYNDROME,Miriam Defensor Santiago,"August 6, 2015",NATIONAL,FATIGUE,HEALTH AND DEMOGRAPHY,PENDING IN THE COMMITTEE
Senate Bill No. 2871,16th Congress (July 2013 - 2016),https://ldr.senate.gov.ph/bills/senate-bill-no-2871-16th-congress-republic,CHILD SAFETY IN PUBLIC AND PRIVATE MOTOR VEHICLES,AN ACT REQUIRING THE MANDATORY COMPLIANCE BY MOTORISTS OF PRIVATE AND PUBLIC VEHICLES TO APPROPRIATELY RESTRAIN ALL CHILD PASSENGERS OF MOTOR VEHICLES,"ESTRADA, JINGGOY E.","July 28, 2015",NATIONAL,CHILDREN/CHILD CARE SEATBELTS Motor Vehicles,PUBLIC SERVICES,PENDING IN THE COMMITTEE
Senate Bill No. 2563,16th Congress (July 2013 - 2016),https://ldr.senate.gov.ph/bills/senate-bill-no-2563-16th-congress-republic,SCHOOL ATTENDANCE ACT,AN ACT TO IMPROVE ATTENDANCE IN ELEMENTARY AND SECONDARY SCHOOLS,Miriam Defensor Santiago,"May 1, 2015",NATIONAL,SCHOOL ATTENDANCE,"EDUCATION, ARTS AND CULTURE",PENDING IN THE COMMITTEE
Senate Bill No. 2627,16th Congress (July 2013 - 2016),https://ldr.senate.gov.ph/bills/senate-bill-no-2627-16th-congress-republic,ANTI-AMBULANCE CHASING ACT,AN ACT PROTECTING SEAFARERS AND OTHER WORKERS AGAINST AMBULANCE CHASING AND PROVIDING PENALTIES FOR VIOLATION THEREOF,"ANGARA, SONNY","March 2, 2015",NATIONAL,SEAFARERS ANTI-SOLICITATION,"LABOR, EMPLOYMENT AND HUMAN RESOURCES DEVELOPMENT",CONSOLIDATED/SUBSTITUTED IN THE COMMITTEE REPORT
Senate Bill No. 2945,16th Congress (July 2013 - 2016),https://ldr.senate.gov.ph/bills/senate-bill-no-2945-16th-congress-republic,CORPORATION CODE OF THE PHILIPPINES,AN ACT AMENDING BATAS PAMBANSA BLG. 68 OTHERWISE KNOWN AS THE CORPORATION CODE OF THE PHILIPPINES,"ESTRADA, JINGGOY E.","August 9, 2015",NATIONAL,CORPORATION CODE,"TRADE, COMMERCE AND ENTREPRENEURSHIP","PENDING SECOND READING, SPECIAL ORDER"
Senate Bill No. 3009,16th Congress (July 2013 - 2016),https://ldr.senate.gov.ph/bills/senate-bill-no-3009-16th-congress-republic,SALARY STANDARDIZATION LAW OF 2015,"AN ACT MODIFYING THE COMPENSATION AND POSITION CLASSIFICATION SYSTEM OF CIVILIAN GOVERNMENT PERSONNEL AND THE BASE PAY SCHEDULE OF MILITARY AND UNIFORMED PERSONNEL IN THE GOVERNMENT, AND FOR OTHER PURPOSES",Franklin M. Drilon,"October 11, 2015",NATIONAL,SALARY STANDARDIZATION,"CIVIL SERVICE, GOVERNMENT REORGANIZATION AND PROFESSIONAL REGULATION",PENDING IN THE COMMITTEE
Senate Bill No. 2701,16th Congress (July 2013 - 2016),https://ldr.senate.gov.ph/bills/senate-bill-no-2701-16th-congress-republic,"RADIO MINDANAO NETWORK, INC.","AN ACT RENEWING THE FRANCHISE GRANTED TO THE RADIO MINDANAO NETWORK, INC. UNDER REPUBLIC ACT NO. 3122 AS AMENDED BY REPUBLIC ACT 6980, FOR ANOTHER TWENTY-FIVE (25) YEARS FROM THE DATE OF APPROVAL OF THIS ACT","ESCUDERO, FRANCIS G.","March 16, 2015",LOCAL,FRANCHISE SALES/FRANCHISE BUSINESS,RULES,PENDING IN THE COMMITTEE
Senate Bill No. 2767,16th Congress (July 2013 - 2016),https://ldr.senate.gov.ph/bills/senate-bill-no-2767-16th-congress-republic,"INCREASING THE BED CAPACITY OF VICENTE SOTTO MEDICAL CENTER, LOCATED IN CEBU CITY","AN ACT INCREASING THE BED CAPACITY OF VICENTE SOTTO MEMORIAL MEDICAL CENTER, LOCATED IN CEBU CITY, FROM EIGHT HUNDRED (800) TO ONE THOUSAND TWO HUNDRED (1200) BED CAPACITY, AND APPROPRIATING FUNDS THEREFORE","Teofisto ""TG"" D. Guingona III","May 18, 2015",NATIONAL,"HOSPITALS, INCREASE BED CAPACITY",HEALTH AND DEMOGRAPHY,APPROVED BY THE PRESIDENT OF THE PHILIPPINES
Senate Bill No. 2777,16th Congress (July 2013 - 2016),https://ldr.senate.gov.ph/bills/senate-bill-no-2777-16th-congress-republic,PUBLIC FINANCIAL ACCOUNTABILITY ACT,"AN ACT TO ENFORCE GREATER ACCOUNTABILITY IN PUBLIC FINANCIAL MANAGEMENT (PFM) BY STRENGTHENING CONGRESS' POWER OF THE PURSE, INSTITUTING AN INTEGRATED PFM SYSTEM, AND INCREASING BUDGET TRANSPARENCY AND PARTICIPATION, AND FOR OTHER PURPOSES","ANGARA, SONNY","May 25, 2015",NATIONAL,PUBLIC FINANCIAL MANAGEMENT (PFM),FINANCE,PENDING IN THE COMMITTEE
Senate Bill No. 2850,16th Congress (July 2013 - 2016),https://ldr.senate.gov.ph/bills/senate-bill-no-2850-16th-congress-republic,PREVENTION OF POLLUTION FROM SHIPS ACT,AN ACT PREVENTING AND CONTROLLING POLLUTION FROM SHIPS AND PROVIDING PENALTIES THEREFOR,"ANGARA, SONNY","June 23, 2015",NATIONAL,SHIP POLLUTION,ENVIRONMENT AND NATURAL RESOURCES,PENDING IN THE COMMITTEE
Senate Bill No. 2972,16th Congress (July 2013 - 2016),https://ldr.senate.gov.ph/bills/senate-bill-no-2972-16th-congress-republic,COMPREHENSIVE MINDANAO PEACE AND DEVELOPMENT PLAN,"AN ACT PROVIDING FOR A COMPREHENSIVE MINDANAO PEACE AND DEVELOPMENT PLAN, SETTING THE GUIDELINES AND APPROPRIATING FUNDS THEREFOR, AND FOR OTHER PURPOSES","CAYETANO, ALAN PETER S.","September 29, 2015",NATIONAL,PEACE MINDANAO,ECONOMIC AFFAIRS,PENDING IN THE COMMITTEE
Senate Bill No. 2927,16th Congress (July 2013 - 2016),https://ldr.senate.gov.ph/bills/senate-bill-no-2927-16th-congress-republic,EXPANDED BALIKBAYAN PROGRAM,"AN ACT INSTITUTING THE EXPANDED BALIKBAYAN PROGRAM, AMENDING FOR THE PURPOSE REPUBLIC ACT NO. 6768, AS AMENDED BY REPUBLIC ACT NO. 9174, AND FOR OTHER PURPOSES","PIMENTEL, AQUILINO ""KOKO"" III","February 9, 2015",NATIONAL,BALIKBAYAN BOXES OVERSEAS FILIPINO WORKERS (OFW),WAYS AND MEANS,PENDING IN THE COMMITTEE
Senate Bill No. 3036,16th Congress (July 2013 - 2016),https://ldr.senate.gov.ph/bills/senate-bill-no-3036-16th-congress-republic,EXEMPTING WATER DISTRICTS,AN ACT EXEMPTING WATER DISTRICTS FROM THE PROVISIONS OF R.A. NO. 7656 WHICH REQUIRED GOVERNMENT-OWNED AND CONTROLLED CORPORATIONS TO REMIT 50% OF THEIR ANNUAL NET EARNINGS TO THE NATIONAL GOVERNMENT,"Teofisto ""TG"" D. Guingona III","December 15, 2015",NATIONAL,LOCAL WATER UTILITIES ADMINISTRATION (LWUA),WAYS AND MEANS,PENDING IN THE COMMITTEE
Senate Bill No. 2614,16th Congress (July 2013 - 2016),https://ldr.senate.gov.ph/bills/senate-bill-no-2614-16th-congress-republic,RURAL HEALTH UNIT DOCTORS INCENTIVES AND OTHER BENEFITS ACT OF 2015,AN ACT GRANTING INCENTIVES AND OTHER BENEFITS TO RURAL HEALTH UNIT DOCTORS AND FOR OTHER PURPOSES,"REVILLA JR., RAMON BONG","February 2, 2015",NATIONAL,DOCTORS/PHYSICIANS/DENTISTS HEALTH CARE WORKERS,HEALTH AND DEMOGRAPHY,PENDING IN THE COMMITTEE
Senate Bill No. 2678,16th Congress (July 2013 - 2016),https://ldr.senate.gov.ph/bills/senate-bill-no-2678-16th-congress-republic,LIFEGUARD ACT,"AN ACT PROVIDING FOR THE EMPLOYMENT OF QUALIFIED LIFEGUARDS AT ALL PUBLIC SWIMMING POOLS AND BATHING FACILITIES, AND PROVIDING PENALTIES FOR VIOLATION THEREOF",Miriam Defensor Santiago,"March 3, 2015",NATIONAL,LIFEGUARD,"TRADE, COMMERCE AND ENTREPRENEURSHIP",PENDING IN THE COMMITTEE
Senate Bill No. 2706,16th Congress (July 2013 - 2016),https://ldr.senate.gov.ph/bills/senate-bill-no-2706-16th-congress-republic,SUC LAND USE DEVELOPMENT AND INFRASTRUCTURE ACT,AN ACT REQUIRING STATE UNIVERSITIES AND COLLEGES TO PREPARE AND IMPLEMENT A LAND USE DEVELOPMENT AND INFRASTRUCTURE PLAN WHICH INCLUDE THE CONSTRUCTION OF DORMITORIES AND HOUSING SITES,Miriam Defensor Santiago,"March 17, 2015",NATIONAL,STATE COLLEGES AND UNIVERSITIES (SCUS) DORMITORIES/BOARDING HOUSES,"EDUCATION, ARTS AND CULTURE",PENDING IN THE COMMITTEE
Senate Bill No. 2771,16th Congress (July 2013 - 2016),https://ldr.senate.gov.ph/bills/senate-bill-no-2771-16th-congress-republic,TO UPDATE THE PENALTIES PRESCRIBED IN THE ACCESS DEVICES REGULATION ACT (R.A.NO. 8484),"AN ACT AMENDING SECTION 10 OF REPUBLIC ACT NO. 8484, ALSO KNOWN AS AN ACT REGULATING THE ISSUANCE AND USE OF ACCESS DEVICES, PROHIBITING FRADULENT ACTS COMMITTED RELATIVE THERETO, PROVIDING PENALTIES AND FOR OHER PURPOSES",Miriam Defensor Santiago,"May 18, 2015",NATIONAL,ACCESS DEVICES REGULATION ACT (R.A.NO. 8484),"BANKS, FINANCIAL INSTITUTIONS AND CURRENCIES",PENDING IN THE COMMITTEE
Senate Bill No. 2837,16th Congress (July 2013 - 2016),https://ldr.senate.gov.ph/bills/senate-bill-no-2837-16th-congress-republic,"AMENDING ARTS. 219 AND 221, NATIONAL LABOR RELATIONS COMMISSION","AN ACT STRENGTHENING THE OPERATIONS OF THE NATIONAL LABOR RELATIONS COMMISSION, AMENDING FOR THE PURPOSE ARTICLES 219 AND 221 OF PRESIDENTIAL DECREE NO. 442, AS AMENDED, OTHERWISE KNOWN AS THE LABOR CODE OF THE PHILIPPINES","ANGARA, SONNY","September 6, 2015",NATIONAL,NATIONAL LABOR RELATIONS COMMISSION (NLRC) LABOR CODE OF THE PHILIPPINES (P.D. NO. 442),"LABOR, EMPLOYMENT AND HUMAN RESOURCES DEVELOPMENT",CONSOLIDATED WITH APPROVED BILL
Senate Bill No. 2940,16th Congress (July 2013 - 2016),https://ldr.senate.gov.ph/bills/senate-bill-no-2940-16th-congress-republic,AMENDING R.A.NO. 7166 RE INCREASING ALLOWABLE CAMPAIGN EXPENDITURES OF CANDIDATES,"AN ACTAMENDING SECTION 13 OF REPUBLIC ACT NO. 7166, OTHERWISE KNOWN AS 'AN ACT PROVIDING FOR SYNCHRONIZED NATIONAL AND LOCAL ELECTIONS AND FOR ELECTORAL REFORMS, AUTHORIZING APPROPRIATIONS THEREFOR, AND FOR OTHER PURPOSES","PIMENTEL, AQUILINO ""KOKO"" III","July 9, 2015",NATIONAL,ELECTIONS/ELECTORAL REFORMS,ELECTORAL REFORMS AND PEOPLES PARTICIPATION,"PENDING SECOND READING, ORDINARY BUSINESS"
Senate Bill No. 2896,16th Congress (July 2013 - 2016),https://ldr.senate.gov.ph/bills/senate-bill-no-2896-16th-congress-republic,MEDICINE BANK ACT,AN ACT CREATING A MEDICINE BANK,Miriam Defensor Santiago,"November 8, 2015",NATIONAL,MEDICINES/DRUGS HEALTH CARE DELIVERY SYSTEM,HEALTH AND DEMOGRAPHY,PENDING IN THE COMMITTEE
Senate Bill No. 3003,16th Congress (July 2013 - 2016),https://ldr.senate.gov.ph/bills/senate-bill-no-3003-16th-congress-republic,"AMENDING SEC. 24, NIRC (RATES OF TAX ON TAXABLE INCOME OF INDIVIDUALS)","AN ACT AMENDING SECTION 24 OF THE NATIONAL INTERNAL REVENUE CODE OF 1997, AS AMENDED, AND FOR OTHER PURPOSES","ANGARA, SONNY","May 11, 2015",NATIONAL,NATIONAL INTERNAL REVENUE CODE (NIRC) TAXES (INDIVIDUAL INCOME TAX),WAYS AND MEANS,PENDING IN THE COMMITTEE
Senate Bill No. 2581,16th Congress (July 2013 - 2016),https://ldr.senate.gov.ph/bills/senate-bill-no-2581-16th-congress-republic,CONTINUING PROFESSIONAL DEVELOPMENT ACT OF 2015,"AN ACT MANDATING AND STRENGTHENING THE CONTINUING PROFESSIONAL DEVELOPMENT PROGRAM FOR ALL REGULATED PROFESSIONS, CREATING CONTINUING PROFESSIONAL DEVELOPMENT COUNCIL, AND APPROPRIATING FUNDS THEREFOR, AND FOR OTHER RELATED PURPOSES",Antonio F. Trillanes IV,"January 22, 2015",NATIONAL,PROFESSIONAL EDUCATION PROGRAMS,"CIVIL SERVICE, GOVERNMENT REORGANIZATION AND PROFESSIONAL REGULATION",LAPSED INTO LAW
Senate Bill No. 2646,16th Congress (July 2013 - 2016),https://ldr.senate.gov.ph/bills/senate-bill-no-2646-16th-congress-republic,ORANI LAND TRANSPORTATION EXTENSION OFFICE (BATAAN),"AN ACT ESTABLISHING THE ORANI LAND TRANSPORTATION EXTENSION OFFICE IN THE MUNICIPALITY OF ORANI, PROVINCE OF BATAAN AND APPROPRIATING FUNDS THEREFOR","VILLAR, CYNTHIA A.","November 2, 2015",LOCAL,LAND TRANSPORTATION OFFICE (LTO),PUBLIC SERVICES,CONSOLIDATED/SUBSTITUTED IN THE COMMITTEE REPORT
Senate Bill No. 2593,16th Congress (July 2013 - 2016),https://ldr.senate.gov.ph/bills/senate-bill-no-2593-16th-congress-republic,"AMENDING SEC. 28, RA 8282 (SOCIAL SECURITY LAW)","AN ACT INCREASING PENALTIES FOR EMPLOYERS WHO FAIL TO REMIT SSS CONTRIBUTIONS OF THEIR EMPLOYEES, AMENDING FOR THE PURPOSE REPUBLIC ACT NO. 8282, AS AMENDED OTHERWISE KNOWN AS THE 'SOCIAL SECURITY LAW'",Miriam Defensor Santiago,"January 28, 2015",NATIONAL,SOCIAL SECURITY ACT OF 1997 (R.A.NO. 8282),"LABOR, EMPLOYMENT AND HUMAN RESOURCES DEVELOPMENT",PENDING IN THE COMMITTEE
Senate Bill No. 2657,16th Congress (July 2013 - 2016),https://ldr.senate.gov.ph/bills/senate-bill-no-2657-16th-congress-republic,ANTI-DECEPTIVE ADVERTISING REPORT ACT,"AN ACT TO DIRECT THE DEPARTMENT OF TRADE AND INDUSTRY TO SUBMIT TO CONGRESS A REPORT ON THE USE, IN ADVERTISING AND OTHER MEDIA FOR THE PROMOTION OF COMMERCIAL PRODUCTS, OF IMAGES THAT HAVE BEEN ALTERED TO MATERIALLY CHANGE THE PHYSICAL CHARACTERISTICS OF THE FACES AND BODIES OF THE INDIVIDUALS DEPICTED",Miriam Defensor Santiago,"February 17, 2015",NATIONAL,ADVERTISING DEPARTMENT OF TRADE AND INDUSTRY (DTI),"TRADE, COMMERCE AND ENTREPRENEURSHIP",PENDING IN THE COMMITTEE
Senate Bill No. 2685,16th Congress (July 2013 - 2016),https://ldr.senate.gov.ph/bills/senate-bill-no-2685-16th-congress-republic,"MORO HISTORY, CULTURE AND IDENTITY STUDIES ACT OF 2015","AN ACT MANDATING THE COMMISSION ON HIGHER EDUCATION TO INCLUDE A SUBJECT OF MORO HISTORY, CULTURE AND IDENTITY AS AN ELECTIVE IN THE HIGHER EDUCATION CURRICULUM","LEGARDA, LOREN B.","November 3, 2015",NATIONAL,CURRICULUM COMMISSION ON HIGHER EDUCATION (CHED),"EDUCATION, ARTS AND CULTURE",CONSOLIDATED/SUBSTITUTED IN THE COMMITTEE REPORT
Senate Bill No. 2749,16th Congress (July 2013 - 2016),https://ldr.senate.gov.ph/bills/senate-bill-no-2749-16th-congress-republic,VAT EXEMPTION ON RAW SUGAR OR RAW CANE SUGAR,"AN ACT AMENDING SECTION 109 (A) AND (F) OF THE NATIONAL INTERNAL REVENUE CODE, AS AMENDED BY REPUBLIC ACT NO. 9337, AND FOR OTHER PURPOSES",Sergio R. Osmeña III,"May 5, 2015",NATIONAL,NATIONAL INTERNAL REVENUE CODE (NIRC) SUGAR CANE INDUSTRY VALUE-ADDED TAX (VAT),WAYS AND MEANS,CONSOLIDATED/SUBSTITUTED IN THE COMMITTEE REPORT
Senate Bill No. 2812,16th Congress (July 2013 - 2016),https://ldr.senate.gov.ph/bills/senate-bill-no-2812-16th-congress-republic,MERCURY THERMOMETER REGULATION ACT,AN ACT REGULATING THE SALE OR DISTRIBUTION OF MERCURY THERMOMETERS,Miriam Defensor Santiago,"August 6, 2015",NATIONAL,MERCURY THERMOMETER,HEALTH AND DEMOGRAPHY,PENDING IN THE COMMITTEE
Senate Bill No. 2875,16th Congress (July 2013 - 2016),https://ldr.senate.gov.ph/bills/senate-bill-no-2875-16th-congress-republic,STUDENTS' MEDICAL AND DENTAL RECORDS,AN ACT TO REQUIRE ELEMENTARY AND SECONDARY SCHOOLS TO HAVE MEDICAL AND DENTAL RECORDS OF THEIR STUDENTS,Miriam Defensor Santiago,"July 28, 2015",NATIONAL,STUDENTS SCHOOL HEALTH,"EDUCATION, ARTS AND CULTURE",PENDING IN THE COMMITTEE
Senate Bill No. 2983,16th Congress (July 2013 - 2016),https://ldr.senate.gov.ph/bills/senate-bill-no-2983-16th-congress-republic,FOREST LANDS LIMITS ACT OF 2015,AN ACT PROVIDING FOR THE DELINEATION OF THE SPECIFIC FOREST LANDS LIMITS OF THE PUBLIC DOMAIN AND FOR OTHER PURPOSES,"ESCUDERO, FRANCIS G.","June 10, 2015",NATIONAL,FOREST LAND/FOREST LIMITS,ENVIRONMENT AND NATURAL RESOURCES,"PENDING SECOND READING, SPECIAL ORDER"
Senate Bill No. 3047,16th Congress (July 2013 - 2016),https://ldr.senate.gov.ph/bills/senate-bill-no-3047-16th-congress-republic,CHILDREN IN THE BACKSEAT ACT,AN ACT PROHIBITING CHILDREN UNDER THE AGE OF SEVEN FROM RIDING AS A PASSENGER IN THE FRONT SEAT OF A MOTOR VEHICLE EXCEPT UNDER LIMITED CIRCUMSTANCES,Miriam Defensor Santiago,"December 16, 2015",NATIONAL,CHILDREN/CHILD CARE Motor Vehicles,PUBLIC SERVICES,PENDING IN THE COMMITTEE
Senate Bill No. 2625,16th Congress (July 2013 - 2016),https://ldr.senate.gov.ph/bills/senate-bill-no-2625-16th-congress-republic,CONSUMER GROUP REPRESENTATION IN REGULATORY BODIES ACT OF 2015,"AN ACT PROTECTING CONSUMERS FROM UNREASONABLE FEE INCREASES BY PROVIDING FOR A CONSUMER GROUP REPRESENTATION IN THE GOVERNING BOARDS OF GOVERNMENT REGULATORY BODIES, AMENDING FOR THE PURPOSE THEIR RESPECTIVE CHARTERS, AND FOR OTHER PURPOSES","REVILLA JR., RAMON BONG","March 2, 2015",NATIONAL,CONSUMER PROTECTION SECURITIES AND EXCHANGE COMMISSION (SEC),PUBLIC SERVICES,PENDING IN THE COMMITTEE
Senate Bill No. 2555,16th Congress (July 2013 - 2016),https://ldr.senate.gov.ph/bills/senate-bill-no-2555-16th-congress-republic,ANTI-SOLICITATION ACT,"AN ACT AMENDING ARTICLE 202, PARAGRAPH 5 OF THE PENAL CODE, DEGENDERIZING PROSTITUTION AND PROVIDING PENALTIES FOR PERSONS WHO ENGAGE THEIR SERVICES",Miriam Defensor Santiago,"May 1, 2015",NATIONAL,ANTI-SOLICITATION PROSTITUTION REVISED PENAL CODE (R.A. NO. 3815),JUSTICE AND HUMAN RIGHTS,PENDING IN THE COMMITTEE
Senate Bill No. 2717,16th Congress (July 2013 - 2016),https://ldr.senate.gov.ph/bills/senate-bill-no-2717-16th-congress-republic,MEDICAL SCHOLARSHIP PROGRAM,AN ACT ESTABLISHING A MEDICAL SCHOLARSHIP PROGRAM TO ENSURE THE AVAILABILITY OF DOCTORS IN EVERY PROVINCE NATIONWIDE,"ANGARA, SONNY","March 25, 2015",NATIONAL,SCHOLARSHIP GRANTS University of the Philippines (U.P.) DEPARTMENT OF HEALTH (DOH) MEDICAL PRACTITIONERS,HEALTH AND DEMOGRAPHY,PENDING IN THE COMMITTEE
Senate Bill No. 2782,16th Congress (July 2013 - 2016),https://ldr.senate.gov.ph/bills/senate-bill-no-2782-16th-congress-republic,BURIAL WITH HONORS TO OVERSEAS FILIPINO WORKERS,"AN ACT PROVIDING FOR BURIAL WITH HONORS TO OVERSEAS FILIPINO WORKERS AMENDING FOR THE PURPOSE SECTIONS 3 AND 24 OF REPUBLIC ACT NO. 8491, OTHERWISE KNOWN AS THE FLAG AND HERALDIC CODE OF THE PHILIPPINES","BINAY, MARIA LOURDES NANCY S.","May 25, 2015",NATIONAL,FLAG AND HERALDIC CODE (R.A.NO. 8491) OVERSEAS FILIPINO WORKERS (OFW),NATIONAL DEFENSE AND SECURITY,PENDING IN THE COMMITTEE
Senate Bill No. 2844,16th Congress (July 2013 - 2016),https://ldr.senate.gov.ph/bills/senate-bill-no-2844-16th-congress-republic,FOUNDLING RECOGNITION ACT OF 2015,AN ACT AFFORDING STATUS TO A DESERTED OR ABANDONED CHILD WITH UNKNOWN PARENTS,"LAPID, MANUEL ""LITO"" M.","October 6, 2015",NATIONAL,CHILDREN/CHILD CARE FOUNDLING RECOGNITION Department of Social Welfare and Development (DSWD),"SOCIAL JUSTICE, WELFARE AND RURAL DEVELOPMENT",PENDING IN THE COMMITTEE
Senate Bill No. 2951,16th Congress (July 2013 - 2016),https://ldr.senate.gov.ph/bills/senate-bill-no-2951-16th-congress-republic,AGRICULTURAL COMPETITIVENESS ENHANCEMENT FUND (ACEF),"AN ACT AMENDING THE PERIOD OF COLLECTION AND UTILIZATION OF THE AGRICULTURAL COMPETITIVENESS ENHANCEMENT FUND (ACEF), AMENDING FOR THE PURPOSE REPUBLIC ACT NO. 8178, AS AMENDED, OTHERWISE KNOWN AS AN ACT REPLACING QUANTITATIVE IMPORT RESTRICTIONS ON AGRICULTURAL PRODUCTS, EXCEPT RICE, WITH TARIFFS, CREATING THE AGRICULTURAL COMPETITIVENESS ENHANCEMENT FUND, AND FOR OTHER PURPOSES","RECTO, RALPH G.","September 15, 2015",NATIONAL,AGRICULTURE COMPETITIVENESS ENHANCEMENT FUND (ACEF),AGRICULTURE AND FOOD,APPROVED BY THE PRESIDENT OF THE PHILIPPINES
Senate Bill No. 2907,16th Congress (July 2013 - 2016),https://ldr.senate.gov.ph/bills/senate-bill-no-2907-16th-congress-republic,SLOW-MOVING VEHICLES ACT,AN ACT REQUIRING A VEHICLE PROCEEDING UPON A HIGHWAY AT A SPEED LESS THAN THE NORMAL SPEED OF TRAFFIC TO DRIVE IN THE RIGHT-HAND LANE FOR TRAFFIC OR AS CLOSE AS PRACTICABLE TO THE RIGHT-HAND EDGE OR CURB,Miriam Defensor Santiago,"August 19, 2015",NATIONAL,Motor Vehicles,PUBLIC SERVICES,PENDING IN THE COMMITTEE
Senate Bill No. 3016,16th Congress (July 2013 - 2016),https://ldr.senate.gov.ph/bills/senate-bill-no-3016-16th-congress-republic,CPR TRAINING IN SCHOOLS ACT,AN ACT REQUIRING BASIC EDUCATION STUDENTS TO UNDERGO CARDIOPULMONARY RESUSCITATION (CPR) TRAINING.,"ANGARA, SONNY","November 26, 2015",NATIONAL,CARDIOPULMONARY RESUSCITATION (CPR) TRAINING,"EDUCATION, ARTS AND CULTURE",CONSOLIDATED/SUBSTITUTED IN THE COMMITTEE REPORT
Senate Bill No. 2729,16th Congress (July 2013 - 2016),https://ldr.senate.gov.ph/bills/senate-bill-no-2729-16th-congress-republic,"AMENDING SEC. 150, NIRC (NON-ESSENTIAL GOODS)","AN ACT AMENDING SECTION 150 OF REPUBLIC ACT 8424, OTHERWISE KNOWN AS THE NATIONAL INTERNAL REVENUE CODE, AS AMENDED","Paolo Benigno ""Bam"" Aquino IV","April 22, 2015",NATIONAL,NATIONAL INTERNAL REVENUE CODE (NIRC),WAYS AND MEANS,PENDING IN THE COMMITTEE
Senate Bill No. 2793,16th Congress (July 2013 - 2016),https://ldr.senate.gov.ph/bills/senate-bill-no-2793-16th-congress-republic,AMENDING SECS. 2 & 6 (ANTI-BULLYING ACT),"AN ACT EXPANDING THE COVERAGE OF REPUBLIC ACT NO. 10627, OTHERWISE KNOWN AS THE ANTI-BULLYING ACT OF 2013 AMENDING FOR THIS PURPOSE SECTIONS 2 AND 6 THEREOF AND PROVIDING PENALTIES THEREFOR","ANGARA, SONNY","January 6, 2015",NATIONAL,ANTI-BULLYING STUDENTS,"EDUCATION, ARTS AND CULTURE",PENDING IN THE COMMITTEE
Senate Bill No. 2854,16th Congress (July 2013 - 2016),https://ldr.senate.gov.ph/bills/senate-bill-no-2854-16th-congress-republic,DRUG OVERDOSE PREVENTION ACT,AN ACT TO PREVENT DRUG OVERDOSE RELATED DEATHS,Miriam Defensor Santiago,"July 15, 2015",NATIONAL,DRUG OVERDOSE,HEALTH AND DEMOGRAPHY,PENDING IN THE COMMITTEE
Senate Bill No. 2918,16th Congress (July 2013 - 2016),https://ldr.senate.gov.ph/bills/senate-bill-no-2918-16th-congress-republic,TRICYCLE DRIVERS SAFETY ACT,AN ACT ESTABLISHING TRICYCLE DRIVER TRAINING AND MOTORIST AWARENESS PROGRAMS,Miriam Defensor Santiago,"August 26, 2015",NATIONAL,TRICYCLES/PEDICABS,PUBLIC SERVICES,PENDING IN THE COMMITTEE
Senate Bill No. 2604,16th Congress (July 2013 - 2016),https://ldr.senate.gov.ph/bills/senate-bill-no-2604-16th-congress-republic,MOBILE TELEPHONE NUMBER PORTABILITY ACT OF 2015,AN ACT ESTABLISHING NUMBER PORTABILITY FOR MOBILE TELEPHONE SERVICE,"REVILLA JR., RAMON BONG","February 2, 2015",NATIONAL,CELLULAR PHONES/CELL PHONES TELECOMMUNICATIONS SERVICE STANDARDS,PUBLIC SERVICES,PENDING IN THE COMMITTEE
Senate Bill No. 2668,16th Congress (July 2013 - 2016),https://ldr.senate.gov.ph/bills/senate-bill-no-2668-16th-congress-republic,DOWNSTREAM NATURAL GAS INDUSTRY DEVELOPMENT ACT,"AN ACT ORDAINING THE DEVELOPMENT OF THE DOWNSTREAM NATURAL GAS INDUSTRY, CONSOLIDATING FOR THE PURPOSE ALL LAWS RELATING TO THE TRANSMISSION, DISTRIBUTION AND SUPPLY OF NATURAL GAS AND FOR OTHER PURPOSES","ESCUDERO, FRANCIS G.","February 25, 2015",NATIONAL,DOWNSTREAM NATURAL GAS INDUSTRY,ENERGY,PENDING IN THE COMMITTEE
Senate Bill No. 2696,16th Congress (July 2013 - 2016),https://ldr.senate.gov.ph/bills/senate-bill-no-2696-16th-congress-republic,WALINGWALING AS NATIONAL FLOWER OF THE PHILIPPINES,AN ACT DECLARING WALINGWALING AS THE NATIONAL FLOWER OF THE PHILIPPINES,"Paolo Benigno ""Bam"" Aquino IV","March 16, 2015",NATIONAL,WALING-WALING ORCHID,"EDUCATION, ARTS AND CULTURE",PENDING IN THE COMMITTEE
Senate Bill No. 2761,16th Congress (July 2013 - 2016),https://ldr.senate.gov.ph/bills/senate-bill-no-2761-16th-congress-republic,MANDATORY ENVIRONMENT INSURANCE COVERAGE,AN ACT REQUIRING ENVIRONMENT INSURANCE COVERAGE TO PROMOTE ECOLOGICAL PROTECTION,"POE, GRACE","November 5, 2015",NATIONAL,INSURANCE ECOLOGY ENVIRONMENTAL PROTECTION,ENVIRONMENT AND NATURAL RESOURCES,PENDING IN THE COMMITTEE
Senate Bill No. 2823,16th Congress (July 2013 - 2016),https://ldr.senate.gov.ph/bills/senate-bill-no-2823-16th-congress-republic,AMUSEMENT PARKS SAFETY BOARD ACT,AN ACT CREATING AN AMUSEMENT PARKS SAFETY BOARD,Miriam Defensor Santiago,"August 6, 2015",NATIONAL,PARKS,"GAMES, AMUSEMENT AND SPORTS",PENDING IN THE COMMITTEE
Senate Bill No. 2929,16th Congress (July 2013 - 2016),https://ldr.senate.gov.ph/bills/senate-bill-no-2929-16th-congress-republic,WOMEN'S HEALTH ENVIRONMENTAL FACTORS ACT,AN ACT REQUIRING A REPORT REGARDING THE ENVIRONMENTAL FACTORS HAVE ON WOMEN'S HEALTH,Miriam Defensor Santiago,"February 9, 2015",NATIONAL,WOMEN,HEALTH AND DEMOGRAPHY,PENDING IN THE COMMITTEE
Senate Bill No. 2886,16th Congress (July 2013 - 2016),https://ldr.senate.gov.ph/bills/senate-bill-no-2886-16th-congress-republic,SPECIFICATION AND MEASUREMENT STANDARDS OF STREET AND ROAD SIGNS,"AN ACT REGULATING STREET AND ROAD SIGNS, WAITING SHEDS, SPEED BUMPS, SIDEWALKS, PAVEMENTS, STREETLIGHTS AND OTHER SIMILAR INFRASTRUCTURES PRESCRIBING THE SPECIFICATION AND MEASUREMENT STANDARDS THEREFOR AND FOR OTHER PURPOSES","ESCUDERO, FRANCIS G.","April 8, 2015",NATIONAL,INFRASTUCTURES SIDEWALKS,PUBLIC WORKS,PENDING IN THE COMMITTEE
Senate Bill No. 2994,16th Congress (July 2013 - 2016),https://ldr.senate.gov.ph/bills/senate-bill-no-2994-16th-congress-republic,RESTRUCTURING THE INCOME BRACKETS AND RATES OF INDIVIDUAL INCOME TAX,"AN ACT RESTRUCTURING THE INCOME BRACKETS AND RATES OF TAX IMPOSED ON TAXABLE INCOME OF INDIVIDUALS, AMENDING FOR THE PURPOSE SECTIONS 24, 32, 33, 34 AND 35 OF THE 1997 NATIONAL INTERNAL REVENUE CODE OF THE PHILIPPINES, AS AMENDED","POE, GRACE","October 22, 2015",NATIONAL,TAXES (INDIVIDUAL INCOME TAX) NATIONAL INTERNAL REVENUE CODE (NIRC),WAYS AND MEANS,PENDING IN THE COMMITTEE
Senate Bill No. 2572,16th Congress (July 2013 - 2016),https://ldr.senate.gov.ph/bills/senate-bill-no-2572-16th-congress-republic,FOUNDATION FOR THE ENCOURAGEMENT OF GIFTED AND TALENTED CHILDREN AND YOUTH,"AN ACT CREATING A PUBLIC CORPORATION TO BE KNOWN AS THE FOUNDATION FOR THE ENCOURAGEMENT OF GIFTED AND TALENTED CHILDREN AND YOUTH, AND TO DEFINE ITS POWERS AND PURPOSES AND FOR OTHER PURPOSES","ESTRADA, JINGGOY E.","January 20, 2015",NATIONAL,GIFTED AND TALENTED PUPIL/GIFTED AND TALENTED CHILDREN AND YOUTH CHILDREN AND YOUTH,GOVERNMENT CORPORATIONS AND PUBLIC ENTERPRISES,PENDING IN THE COMMITTEE
Senate Bill No. 2636,16th Congress (July 2013 - 2016),https://ldr.senate.gov.ph/bills/senate-bill-no-2636-16th-congress-republic,POLE ATTACHMENTS ACT OF 2015,"AN ACT REGULATING POLES, POLE ATTACHMENTS AND FOR OTHER PURPOSES","ESCUDERO, FRANCIS G.","September 2, 2015",NATIONAL,TELECOMMUNICATIONS SYSTEMS ACCESSIBILITY,PUBLIC SERVICES,PENDING IN THE COMMITTEE
Senate Bill No. 2739,16th Congress (July 2013 - 2016),https://ldr.senate.gov.ph/bills/senate-bill-no-2739-16th-congress-republic,"AMENDING SEC. 26, MIGRANT WORKERS AND OVERSEAS FILIPINO ACT (USE OF THE LEGAL ASSISTANCE FUND)","AN ACT EXPANDING THE USE OF THE LEGAL ASSISTANCE FUND, AMENDING FOR THE PURPOSE SECTION 26 OF REPUBLIC ACT NO. 8042, OTHERWISE KNOWN AS 'THE MIGRANT WORKERS AND OVERSEAS FILIPINOS ACT OF 1995', AS AMENDED",Miriam Defensor Santiago,"April 29, 2015",NATIONAL,Migrant workers,"LABOR, EMPLOYMENT AND HUMAN RESOURCES DEVELOPMENT",PENDING IN THE COMMITTEE
Senate Bill No. 2804,16th Congress (July 2013 - 2016),https://ldr.senate.gov.ph/bills/senate-bill-no-2804-16th-congress-republic,BARANGAY BREASTFEEDING CENTERS ACT,AN ACT ESTABLISHING A BREASTFEEDING CENTER IN EVERY BARANGAY THROUGHOUT THE COUNTRY,Miriam Defensor Santiago,"August 6, 2015",NATIONAL,BREASTFEEDING,HEALTH AND DEMOGRAPHY,PENDING IN THE COMMITTEE
Senate Bill No. 2865,16th Congress (July 2013 - 2016),https://ldr.senate.gov.ph/bills/senate-bill-no-2865-16th-congress-republic,GOVERNMENT DENTISTS' SALARY UPGRADING ACT OF 2015,"AN ACT TO INCLUDE DENTISTS IN THE PLANTILLA OF POSITION IN THE DEPARTMENT OF HEALTH AND IN ALL PUBLIC INSTITUTIONS AND TO UPGRADE THE RANKS AND SALARY SCALES OR LEVELS OF ALL GOVERNMENT DENTISTS, FROM SALARY GRADE 16 TO 22 IN THE SALARY STANDARDIZATION LAW","POE, GRACE","July 23, 2015",NATIONAL,DEPARTMENT OF HEALTH (DOH) DOCTORS/PHYSICIANS/DENTISTS SALARY GRADE,HEALTH AND DEMOGRAPHY,PENDING IN THE COMMITTEE
Senate Bill No. 2675,16th Congress (July 2013 - 2016),https://ldr.senate.gov.ph/bills/senate-bill-no-2675-16th-congress-republic,COCONUT FARMERS AND INDUSTRY DEVELOPMENT ACT OF 2015,"AN ACT DECLARING THE COCONUT LEVY ASSETS AS A TRUST FUND, PROVIDING FOR ITS MANAGEMENT AND UTILIZATION, AUTHORIZING THE PRIVATIZATION AND MANAGEMENT OFFICE TO DISPOSE THE COCONUT LEVY ASSETS, AND FOR OTHER PURPOSES","RECTO, RALPH G.","February 3, 2015",NATIONAL,COCONUT LEVY COCONUT INDUSTRY/COPRA AND OTHER COCONUT PRODUCTS,AGRICULTURE AND FOOD,"PENDING SECOND READING, SPECIAL ORDER"
Senate Bill No. 2928,16th Congress (July 2013 - 2016),https://ldr.senate.gov.ph/bills/senate-bill-no-2928-16th-congress-republic,SIGN POSTING AND ALTERNATIVE TRANSPORTATION ASSISTANCE,AN ACT PROVIDING FOR ALTERNATIVE TRANSPORTATION ASSISTANCE,Miriam Defensor Santiago,"February 9, 2015",NATIONAL,ROAD SAFETY TRANSPORTATION DRUNK DRIVING,PUBLIC SERVICES,PENDING IN THE COMMITTEE
Senate Bill No. 2990,16th Congress (July 2013 - 2016),https://ldr.senate.gov.ph/bills/senate-bill-no-2990-16th-congress-republic,RARE DISEASES ACT OF THE PHILIPPINES,AN ACT PROMULGATING A COMPREHENSIVE POLICY IN ADDRESSING THE NEEDS OF PERSONS WITH RARE DISEASE,"DEFENSOR SANTIAGO, MIRIAM","July 10, 2015",NATIONAL,RARE DISEASES,HEALTH AND DEMOGRAPHY,APPROVED BY THE PRESIDENT OF THE PHILIPPINES
Senate Bill No. 2824,16th Congress (July 2013 - 2016),https://ldr.senate.gov.ph/bills/senate-bill-no-2824-16th-congress-republic,"AMENDING ARTS. 204, 205, 206 AND 207, PENAL CODE OF THE PHILIPPINES","AN ACT AMENDING ARTS. 204, 205, 206,AND 207 OF ACT NO. 3815 OR THE PENAL CODE OF THE PHILIPPINES",Miriam Defensor Santiago,"August 6, 2015",NATIONAL,REVISED PENAL CODE (R.A. NO. 3815),JUSTICE AND HUMAN RIGHTS,PENDING IN THE COMMITTEE
Senate Bill No. 2887,16th Congress (July 2013 - 2016),https://ldr.senate.gov.ph/bills/senate-bill-no-2887-16th-congress-republic,THE EXPANDED ANTI-VIOLENCE AGAINST WOMEN AND THEIR CHILDREN (E-VAWC) ACT,"AN ACT DEFINING ELECTRONIC VIOLENCE AGAINST WOMEN AND THEIR CHILDREN, PROVIDING PROTECTIVE MEASURES, AND PRESCRIBING PENALTIES, AMENDING FOR THE PURPOSE REPUBLIC ACT NO. 9262, OTHERWISE KNOWN AS THE ANTI-VIOLENCE AGAINST WOMEN AND THEIR CHILDREN ACT OF 2004","REVILLA JR., RAMON BONG","April 8, 2015",NATIONAL,ANTI-VIOLENCE AGAINST WOMEN AND CHILDREN (VAWC)(R.A.NO. 9262),"WOMEN, CHILDREN, FAMILY RELATIONS AND GENDER EQUALITY",PENDING IN THE COMMITTEE
Senate Bill No. 2579,16th Congress (July 2013 - 2016),https://ldr.senate.gov.ph/bills/senate-bill-no-2579-16th-congress-republic,INCLUSIVE EDUCATION LEARNING RESOURCE CENTER ACT,"AN ACT INSTITUTING INCLUSIVE EDUCATION AND THE ESTABLISHMENT OF INCLUSIVE EDUCATION LEARNING RESOURCE CENTERS FOR CHILDREN AND YOUTH WITH SPECIAL NEEDS IN ALL PUBLIC SCHOOLS DIVISIONS, PROVIDING FOR STANDARDS AND GUIDELINES, AND APPROPRIATING FUNDS THEREFOR","ANGARA, SONNY","January 21, 2015",NATIONAL,CHILDREN WITH SPECIAL NEEDS SPECIAL EDUCATION PERSONS WITH DISABILITIES (PWDS) BASIC EDUCATION PROGRAM,"EDUCATION, ARTS AND CULTURE",PENDING IN THE COMMITTEE
Senate Bill No. 2643,16th Congress (July 2013 - 2016),https://ldr.senate.gov.ph/bills/senate-bill-no-2643-16th-congress-republic,SEA DUMPING BAN ACT OF 2015,AN ACT PROHIBITING THE PRACTICE OF SEA DUMPING OF SEWAGE SLUDGE AND INDUSTRIAL WASTE,Miriam Defensor Santiago,"October 2, 2015",NATIONAL,WASTE (SEWAGE SLUDGE/INDUSTRIAL WASTE),ENVIRONMENT AND NATURAL RESOURCES,PENDING IN THE COMMITTEE
Senate Bill No. 2961,16th Congress (July 2013 - 2016),https://ldr.senate.gov.ph/bills/senate-bill-no-2961-16th-congress-republic,NATIONAL MARKET CODE OF THE PHILIPPINES,AN ACT INSTITUTING A NATIONAL MARKET CODE OF THE PHILIPPINES,"ESTRADA, JINGGOY E.","September 22, 2015",NATIONAL,MARKET CODE,LOCAL GOVERNMENT,PENDING IN THE COMMITTEE
Senate Bill No. 3024,16th Congress (July 2013 - 2016),https://ldr.senate.gov.ph/bills/senate-bill-no-3024-16th-congress-republic,LOWERING THE AGE REQUIREMENT FOR APPLICANTS TAKING THE BOARD EXAMINATION FOR SOCIAL WORKERS,"AN ACT LOWERING THE AGE REQUIREMENT FOR APPLICANTS TAKING THE BOARD EXAMINATION FOR SOCIAL WORKERS, PROVIDING FOR CONTINUING SOCIAL WORK EDUCATION, AND UPGRADING THE SUNDRY PROVISIONS RELATIVE TO THE PRACTICE OF SOCIAL WORK",Antonio F. Trillanes IV,"July 12, 2015",NATIONAL,SOCIAL WORKERS (BOARD EXAMINATION),"CIVIL SERVICE, GOVERNMENT REORGANIZATION AND PROFESSIONAL REGULATION",APPROVED BY THE PRESIDENT OF THE PHILIPPINES
Senate Bill No. 2855,16th Congress (July 2013 - 2016),https://ldr.senate.gov.ph/bills/senate-bill-no-2855-16th-congress-republic,DAMAGED VEHICLE INFORMATION ACT,AN ACT TO DIRECT THE LAND TRANSPORTATION OFFICE TO REQUIRE THE DISCLOSURE OF INFORMATION RELATING TO THE FAIR MARKET VALUE AND SAFETY OF DAMAGED MOTOR VEHICLES,Miriam Defensor Santiago,"July 15, 2015",NATIONAL,Motor Vehicles LAND TRANSPORTATION OFFICE (LTO),PUBLIC SERVICES,PENDING IN THE COMMITTEE
Senate Bill No. 2919,16th Congress (July 2013 - 2016),https://ldr.senate.gov.ph/bills/senate-bill-no-2919-16th-congress-republic,FIRST RESPONDER INNOVATION AND SUPPORT ACT,AN ACT TO ESTABLISH A GRANT PROGRAM FOR TO ASSIST INNOVATIVE NATURAL DISASTER FIRST RESPONDER PROGRAMS,Miriam Defensor Santiago,"August 26, 2015",NATIONAL,DISASTER AWARENESS/MITIGATION,LOCAL GOVERNMENT,PENDING IN THE COMMITTEE
Senate Bill No. 2611,16th Congress (July 2013 - 2016),https://ldr.senate.gov.ph/bills/senate-bill-no-2611-16th-congress-republic,"AMENDING SECS. 443 & 489, RA 7160 (APPOINTMENT OF A MUNICIPAL VETERINARIAN OFFICER)","AN ACT PROVIDING FOR THE MANDATORY APPOINTMENT OF A MUNICIPAL VETERINARIAN OFFICER, AMENDING FOR THE PURPOSE CERTAIN PROVISIONS OF REPUBLIC ACT NO. 7160","REVILLA JR., RAMON BONG","February 2, 2015",NATIONAL,LOCAL GOVERNMENT CODE (R.A. NO. 7160) VETERINARY,LOCAL GOVERNMENT,PENDING IN THE COMMITTEE
Senate Bill No. 2866,16th Congress (July 2013 - 2016),https://ldr.senate.gov.ph/bills/senate-bill-no-2866-16th-congress-republic,CIVIL AVIATION AUTHORITY ACT (AMENDMENTS),"AN ACT TO FURTHER STRENGTHEN THE RELIABILITY OF AIR TRANSPORTATION FOR THE SAFETY OF FILIPINO PASSENGERS, AMENDING FOR THE PURPOSE REPUBLIC ACT NO. 9497, OTHERWISE KNOWN AS THE CIVIL AVIATION AUTHORITY ACT OF 2008","POE, GRACE","July 27, 2015",NATIONAL,CIVIL AVIATION AUTHORITY,PUBLIC SERVICES,PENDING IN THE COMMITTEE
Senate Bill No. 2622,16th Congress (July 2013 - 2016),https://ldr.senate.gov.ph/bills/senate-bill-no-2622-16th-congress-republic,BIOFUELS ACT,"AN ACT AMENDING REPUBLIC ACT NO. 9367, OTHERWISE KNOWN AS THE BIOFUELS ACT OF 2006",Sergio R. Osmeña III,"February 2, 2015",NATIONAL,BIOFUEL,ENERGY,LAPSED INTO LAW
Senate Bill No. 2829,16th Congress (July 2013 - 2016),https://ldr.senate.gov.ph/bills/senate-bill-no-2829-16th-congress-republic,MINOR VOLUNTEERS FOR NGOS CONSTRUCTING AFFORDABLE HOUSING,AN ACT PERMITTING CERTAIN MINORS TO WORK AS VOLUNTEERS FOR NONPROFIT ORGANIZATIONS CONSTRUCTING AFFORDABLE HOUSING,Miriam Defensor Santiago,"August 6, 2015",NATIONAL,NON-GOVERNMENT ORGANIZATIONS (NGO) HOUSING PROJECTS YOUTH volunteers,"LABOR, EMPLOYMENT AND HUMAN RESOURCES DEVELOPMENT",PENDING IN THE COMMITTEE
Senate Bill No. 2898,16th Congress (July 2013 - 2016),https://ldr.senate.gov.ph/bills/senate-bill-no-2898-16th-congress-republic,"NATIONAL ATHLETES, COACHES AND TRAINERS BENEFITS AND INCENTIVES ACT","AN ACT EXPANDING THE COVERAGE OF INCENTIVES GRANTED TO NATIONAL ATHLETES, COACHES AND TRAINERS REPEALING FOR THE PURPOSE REPUBLIC ACT NO. 9064, ALSO KNOWN AS 'NATIONAL ATHLETES, COACHES AND TRAINERS BENEFITS AND INCENTIVES ACT OF 2001' AND APPROPRIATING FUNDS THEREFOR","SOTTO III, VICENTE C.","December 8, 2015",NATIONAL,"ATHLETES, COACHES, TRAINERS BENEFITS AND INCENTIVES ACT (R.A.NO. 9064)","GAMES, AMUSEMENT AND SPORTS",APPROVED BY THE PRESIDENT OF THE PHILIPPINES
Senate Bill No. 2590,16th Congress (July 2013 - 2016),https://ldr.senate.gov.ph/bills/senate-bill-no-2590-16th-congress-republic,SEX OFFENDER REGISTRATION ACT OF 2015,AN ACT CREATING A SYSTEM OF REGISTRATION AND NOTIFICATION FOR SEX OFFENDERS AND PROVIDING A PENALTY FOR NON-COMPLIANCE,Miriam Defensor Santiago,"January 28, 2015",NATIONAL,SEX OFFENDERS,JUSTICE AND HUMAN RIGHTS,PENDING IN THE COMMITTEE
Senate Bill No. 2654,16th Congress (July 2013 - 2016),https://ldr.senate.gov.ph/bills/senate-bill-no-2654-16th-congress-republic,HEALTH FACILITIES REGULATION ACT,"AN ACT STRENGTHENING THE REGULATION OF HEALTH FACILITIES AND SERVICES IN THE PHILIPPINES, REPEALING FOR THE PURPOSE REPUBLIC ACT NO. 4226, OTHERWISE KNOWN AS THE HOSPITAL LICENSURE ACT, AND FOR OTHER PURPOSES","Teofisto ""TG"" D. Guingona III","February 16, 2015",NATIONAL,HOSPITAL LICENSURE ACT (R.A.NO. 4226) HEALTH FACILITIES,HEALTH AND DEMOGRAPHY,CONSOLIDATED/SUBSTITUTED IN THE COMMITTEE REPORT
Senate Bill No. 2548,16th Congress (July 2013 - 2016),https://ldr.senate.gov.ph/bills/senate-bill-no-2548-16th-congress-republic,PREVENTING OUR KIDS FROM INHALING DEADLY SMOKE (PRO-KIDS) ACT OF 2014,AN ACT PROTECTING CHILDREN FROM EXPOSURE TO ENVIRONMENTAL TOBACCO SMOKE IN FACILITIES PROVIDING CHILDREN'S SERVICES,Miriam Defensor Santiago,"May 1, 2015",NATIONAL,CHILDREN/CHILD CARE SMOKING,HEALTH AND DEMOGRAPHY,PENDING IN THE COMMITTEE
Senate Bill No. 2559,16th Congress (July 2013 - 2016),https://ldr.senate.gov.ph/bills/senate-bill-no-2559-16th-congress-republic,PRIVACY PROTECTION ACT,AN ACT TO ESTABLISH A PRIVACY PROTECTION COMMISSION,Miriam Defensor Santiago,"May 1, 2015",NATIONAL,PRIVACY PROTECTION COMMISSION,SCIENCE AND TECHNOLOGY,PENDING IN THE COMMITTEE
Senate Bill No. 2814,16th Congress (July 2013 - 2016),https://ldr.senate.gov.ph/bills/senate-bill-no-2814-16th-congress-republic,MEDICAL PRACTITIONERS PROTECTION ACT,AN ACT PROVIDING FOR A FAIR AND EQUITABLE TERMS FOR THE RELEASE OF MEDICAL PRACTITIONERS' PROFESSIONAL FEES WITHHELD BY HOSPITALS OR MEDICAL CLINICS FOR FAILURE OF THE PATIENT TO PAY HOSPITAL BILLS AND PENALIZING VIOLATIONS THEREFOR,Miriam Defensor Santiago,"August 6, 2015",NATIONAL,MEDICAL PRACTITIONERS,HEALTH AND DEMOGRAPHY,PENDING IN THE COMMITTEE
Senate Bill No. 2877,16th Congress (July 2013 - 2016),https://ldr.senate.gov.ph/bills/senate-bill-no-2877-16th-congress-republic,WELLNESS RESEARCH ACT,"AN ACT TO AUTHORIZE THE SECRETARY OF HEALTH TO CONDUCT OR SUPPORT RESEARCH AND DEMONSTRATION PROJECTS ON THE USE OF FINANCIAL AND IN-KIND SUBSIDIES AND REWARDS TO PROMOTE WELLNESS, ADOPT HEALTHY BEHAVIORS, AND USE EVIDENCE-BASED PREVENTIVE HEALTH SERVICES",Miriam Defensor Santiago,"July 28, 2015",NATIONAL,HEALTH CARE DELIVERY SYSTEM DEPARTMENT OF HEALTH (DOH),HEALTH AND DEMOGRAPHY,PENDING IN THE COMMITTEE
Senate Bill No. 2569,16th Congress (July 2013 - 2016),https://ldr.senate.gov.ph/bills/senate-bill-no-2569-16th-congress-republic,RESPONSIBLE USE OF FIREARMS ACT,"AN ACT PENALIZING THE IRRESPONSIBLE USE OF FIREARMS, AMENDING FOR THE PURPOSE THE REVISED PENAL CODE AND REPUBLIC ACT NO. 10591, OTHERWISE KNOWN AS THE COMPREHENSIVE FIREARMS AND AMMUNITION REGULATION ACT",Miriam Defensor Santiago,"January 13, 2015",NATIONAL,FIREARMS REVISED PENAL CODE (R.A. NO. 3815),JUSTICE AND HUMAN RIGHTS,PENDING IN THE COMMITTEE
Senate Bill No. 2633,16th Congress (July 2013 - 2016),https://ldr.senate.gov.ph/bills/senate-bill-no-2633-16th-congress-republic,INCLUSION OF FAMILY CODE IN THE CURRICULUM,"AN ACT TO INCLUDE THE STUDY OF THE FAMILY CODE (E.O. 209, AS AMENDED BY E.O. 222) IN THE TERTIARY OR COLLEGIATE LEVEL CURRICULUM AND FOR OTHER PURPOSES","ESTRADA, JINGGOY E.","September 2, 2015",NATIONAL,FAMILY CODE (E.O. NO. 209) CURRICULUM,"EDUCATION, ARTS AND CULTURE",PENDING IN THE COMMITTEE
Senate Bill No. 2707,16th Congress (July 2013 - 2016),https://ldr.senate.gov.ph/bills/senate-bill-no-2707-16th-congress-republic,"AMENDING SEC. 13, LOCAL GOVERNMENT CODE (NAMING OF LOCAL GOVERNMENT UNITS, PLACES, STREETS)","AN ACT AMENDING BOOK 1, TITLE 1, CHAPTER 2, SECTION 13 OF REPUBLIC ACT NO. 7160 OTHERWISE KNOWN AS THE 'LOCAL GOVERNMENT CODE OF 1991' TO PROHIBIT THE SANGGUNIANG PANLALAWIGAN FROM NAMING LOCAL GOVERNMENT UNITS, PUBLIC PLACES, STREETS AND STRUCTURES AFTER RELATIVES OF GOVERNMENT OFFICIALS",Miriam Defensor Santiago,"March 17, 2015",NATIONAL,LOCAL GOVERNMENT CODE (R.A. NO. 7160) LOCAL GOVERNMENT UNITS (LGUs) SANGGUNIANG PANLALAWIGAN/SANGGUNIANG PANLUNGSOD GOVERNMENT OFFICIAL/PUBLIC OFFICIAL,LOCAL GOVERNMENT,PENDING IN THE COMMITTEE
Senate Bill No. 2772,16th Congress (July 2013 - 2016),https://ldr.senate.gov.ph/bills/senate-bill-no-2772-16th-congress-republic,AMENDING SECTION 46 OF R.A.. NO. 8479,AN ACT AMENDING SECTION 46 OF REPUBLIC ACT NO. 8749 OTHERWISE KNOWN AS THE 'PHILIPPINE CLEAN AIR ACT OF 1999' TO SHIFT LIABILITY FOR SMOKE BELCHING TO THE OWNER OF THE MOTOR VEHICLE,Miriam Defensor Santiago,"May 18, 2015",NATIONAL,CLEAN AIR ACT Motor Vehicles,ENVIRONMENT AND NATURAL RESOURCES,PENDING IN THE COMMITTEE
Senate Bill No. 2845,16th Congress (July 2013 - 2016),https://ldr.senate.gov.ph/bills/senate-bill-no-2845-16th-congress-republic,FREE PUBLIC WI-FI ACT OF 2015,"AN ACT PROVIDING FREE WI-FI INTERNET ACCESS IN PUBLIC BUILDINGS, TRANSPORT TERMINALS AND PARKS, AND FOR OTHER PURPOSES",Ralph G. Recto,"June 15, 2015",NATIONAL,INTERNET SERVICE PROVIDERS,SCIENCE AND TECHNOLOGY,"PENDING SECOND READING, ORDINARY BUSINESS"
Senate Bill No. 2909,16th Congress (July 2013 - 2016),https://ldr.senate.gov.ph/bills/senate-bill-no-2909-16th-congress-republic,CREDIT SURETY FUND COOPERATIVE ACT OF 2015,"AN ACT PROVIDING FOR THE CREATION AND ORGANIZATION OF CREDIT SURETY FUND COOPERATIVES TO MANAGE AND ADMINISTER CREDIT SURETY FUNDS TO ENHANCE THE ACCESSIBILITY OF MICRO, SMALL AND MEDIUM ENTREPRENEURS, COOPERATIVES AND NON-GOVERNMENT ORGANIZATIONS TO THE CREDIT FACILITY OF BANKS AND FOR OTHER PURPOSES","Paolo Benigno ""Bam"" Aquino IV","August 19, 2015",NATIONAL,"MICRO, SMALL AND MEDIUM ENTERPRISES NON-GOVERNMENT ORGANIZATIONS (NGO) CREDIT SURETY FUND COOPERATIVES","TRADE, COMMERCE AND ENTREPRENEURSHIP",LAPSED INTO LAW
Senate Bill No. 2601,16th Congress (July 2013 - 2016),https://ldr.senate.gov.ph/bills/senate-bill-no-2601-16th-congress-republic,"AMENDING ART. 73, FAMILY CODE","AN ACT AMENDING EXECUTIVE ORDER NO. 209, ALSO KNOWN AS THE FAMILY CODE OF THE PHILIPPINES, ARTICLE 73","ESTRADA, JINGGOY E.","February 2, 2015",NATIONAL,FAMILY CODE (E.O. NO. 209),"WOMEN, CHILDREN, FAMILY RELATIONS AND GENDER EQUALITY",PENDING IN THE COMMITTEE
Senate Bill No. 2665,16th Congress (July 2013 - 2016),https://ldr.senate.gov.ph/bills/senate-bill-no-2665-16th-congress-republic,PUBLIC-PRIVATE PARTNERSHIP (PPP) ACT,"AN ACT AUTHORIZING PUBLIC-PRIVATE PARTNERSHIPS, APPROPRIATING FUNDS THEREFOR, AND FOR OTHER PURPOSES","Ferdinand ""Bongbong"" R. Marcos, Jr.","February 24, 2015",NATIONAL,PUBLIC-PRIVATE PARTNERSHIP (PPP) PROJECTS,PUBLIC WORKS,CONSOLIDATED/SUBSTITUTED IN THE COMMITTEE REPORT
Senate Bill No. 2676,16th Congress (July 2013 - 2016),https://ldr.senate.gov.ph/bills/senate-bill-no-2676-16th-congress-republic,BILIRAN PROVINCE A MINING-FREE ZONE,AN ACT DECLARING THE PROVINCE OF BILIRAN A MINING-FREE ZONE,"EJERCITO, JOSEPH VICTOR G.","February 3, 2015",NATIONAL,MINING-FREE ZONE,ENVIRONMENT AND NATURAL RESOURCES,CONSOLIDATED/SUBSTITUTED IN THE COMMITTEE REPORT
Senate Bill No. 2704,16th Congress (July 2013 - 2016),https://ldr.senate.gov.ph/bills/senate-bill-no-2704-16th-congress-republic,DIAPER-CHANGING STATIONS IN RESTROOMS ACT,AN ACT PROVIDING FOR DIAPER-CHANGING STATIONS IN RESTROOMS OF ALL MAJOR ESTABLISHMENTS AND GOVERNMENT OFFICES,Miriam Defensor Santiago,"March 17, 2015",NATIONAL,RESTROOMS,"TRADE, COMMERCE AND ENTREPRENEURSHIP",PENDING IN THE COMMITTEE
Senate Bill No. 2770,16th Congress (July 2013 - 2016),https://ldr.senate.gov.ph/bills/senate-bill-no-2770-16th-congress-republic,AMENDING ART. 128 OF P.D.NO. 442 (LABOR CODE OF THE PHILIPPINES,"AN ACT FOSTERING A CULTURE OF VOLUNTARY COMPLIANCE WITH LABOR LAWS, AMENDING FOR THE PURPOSE ARTICLE 128 OF PRESIDENTIAL DECREE NO. 442, AS AMENDED, OTHERWISE KNOWN AS THE LABOR CODE OF THE PHILIPPINES.","ESTRADA, JINGGOY E.","May 18, 2015",NATIONAL,LABOR CODE OF THE PHILIPPINES (P.D. NO. 442) PRESIDENTIAL DECREE (P.D.NO. 442),"LABOR, EMPLOYMENT AND HUMAN RESOURCES DEVELOPMENT",PENDING IN THE COMMITTEE
Senate Bill No. 2843,16th Congress (July 2013 - 2016),https://ldr.senate.gov.ph/bills/senate-bill-no-2843-16th-congress-republic,DRUG REHABILITATION TREATMENT FOR PHILIPPINE HEALTH INSURANCE CORPORATION BENEFICIARIES,"AN ACT PROVIDING FOR AFFORDABLE DRUG REHABILITATION TREATMENT FOR PHILIPPINE HEALTH INSURANCE CORPORATION (PHIC) BENEFICIARIES, FURTHER AMENDING REPUBLIC ACT 7875, AS AMENDED","SOTTO III, VICENTE C.","October 6, 2015",NATIONAL,DRUG REHABILITATION PHILIPPINE HEALTH INSURANCE CORPORATION (PHILHEALTH),PUBLIC ORDER AND DANGEROUS DRUGS,"PENDING SECOND READING, SPECIAL ORDER"
Senate Bill No. 2906,16th Congress (July 2013 - 2016),https://ldr.senate.gov.ph/bills/senate-bill-no-2906-16th-congress-republic,CHILDREN'S EMERGENCY RELIEF AND PROTECTION ACT,"AN ACT MANDATING THE PROVISION OF EMERGENCY RELIEF AND PROTECTION FOR CHILDREN DURING DISASTER, CALAMITY, AND OTHER EMERGENCY SITUATIONS","REVILLA JR., RAMON BONG","August 19, 2015",NATIONAL,CHILDREN/CHILD CARE EMERGENCY RESPONSE/EMERGENCY PREPAREDNESS,"WOMEN, CHILDREN, FAMILY RELATIONS AND GENDER EQUALITY",CONSOLIDATED/SUBSTITUTED IN THE COMMITTEE REPORT
Senate Bill No. 2598,16th Congress (July 2013 - 2016),https://ldr.senate.gov.ph/bills/senate-bill-no-2598-16th-congress-republic,PROHIBITION ON THE EMPLOYMENT OF RETIRED/INCUMBENT OFFICIALS WITH INT'L AND DOMESTIC CREDITORS,AN ACT PROHIBITING RETIRED AND INCUMBENT OFFICIALS OF GOVERNMENT FROM ACCEPTING EMPLOYMENT WITH INTERNATIONAL AND DOMESTIC CREDITORS,"ESTRADA, JINGGOY E.","February 2, 2015",NATIONAL,GOVERNMENT OFFICIAL/PUBLIC OFFICIAL,"CIVIL SERVICE, GOVERNMENT REORGANIZATION AND PROFESSIONAL REGULATION",PENDING IN THE COMMITTEE
Senate Bill No. 2662,16th Congress (July 2013 - 2016),https://ldr.senate.gov.ph/bills/senate-bill-no-2662-16th-congress-republic,PATERNITY LEAVE BENEFITS (AFP),AN ACT GRANTING PATERNITY LEAVE BENEFITS TO MEMBERS OF THE ARMED FORCES OF THE PHILIPPINES,"REVILLA JR., RAMON BONG","February 23, 2015",NATIONAL,ARMED FORCES OF THE PHILIPPINES (AFP) PATERNITY LEAVE,NATIONAL DEFENSE AND SECURITY,PENDING IN THE COMMITTEE
Senate Bill No. 2980,16th Congress (July 2013 - 2016),https://ldr.senate.gov.ph/bills/senate-bill-no-2980-16th-congress-republic,EDUCATIONAL SUCCESS FOR CHILDREN AND YOUTH WITHOUT HOMES ACT,"AN ACT TO IMPROVE ACCESS TO PRESCHOOL, PRIMARY, AND SECONDARY EDUCATION OF CHILDREN AND YOUTH WITHOUT HOMES",Miriam Defensor Santiago,"January 10, 2015",NATIONAL,CHILDREN AND YOUTH indigent children homeless,"EDUCATION, ARTS AND CULTURE",PENDING IN THE COMMITTEE
Senate Bill No. 3044,16th Congress (July 2013 - 2016),https://ldr.senate.gov.ph/bills/senate-bill-no-3044-16th-congress-republic,FEASIBILITY OF ALTERNATIVE WORK SCHEDULES,AN ACT REQUIRING ALL GOVERNMENT DEPARTMENTS AND AGENCIES TO ISSUE A REPORT TO THE CIVIL SERVICE COMMISSION AND CONGRESS REGARDING THE FEASIBILITY OF ALTERNATIVE WORK SCHEDULES,Miriam Defensor Santiago,"December 16, 2015",NATIONAL,GOVERNMENT AGENCIES WORK SCHEDULES CIVIL SERVICE COMMISSION (CSC) Congress,"CIVIL SERVICE, GOVERNMENT REORGANIZATION AND PROFESSIONAL REGULATION",PENDING IN THE COMMITTEE
Senate Bill No. 2737,16th Congress (July 2013 - 2016),https://ldr.senate.gov.ph/bills/senate-bill-no-2737-16th-congress-republic,ABOLISHING THE NATIONAL COORDINATING AND MONITORING BOARD,"AN ACT ABOLISHING THE NATIONAL COORDINATING AND MONITORING BOARD AND CREATING THE NATIONAL COMMISSION FOR SENIOR CITIZENS, AMENDING THEREFOR REPUBLIC ACT NO. 7432, AS AMENDED BY REPUBLIC ACT NO. 9257, AS FUTHER AMENDED BY REPUBLIC ACT NO. 9994","Paolo Benigno ""Bam"" Aquino IV","April 27, 2015",NATIONAL,NATIONAL COORDINATING AND MONITORING BOARD SENIOR CITIZEN/ELDERLY,"SOCIAL JUSTICE, WELFARE AND RURAL DEVELOPMENT",PENDING IN THE COMMITTEE
Senate Bill No. 2801,16th Congress (July 2013 - 2016),https://ldr.senate.gov.ph/bills/senate-bill-no-2801-16th-congress-republic,SURVIVORS OF AFP MILITARY PERSONNEL,"AN ACT EXPANDING THE DEFINITION OF SURVIVORS OF AFP MILITARY PERSONNEL ENTITLED TO RETIREMENT AND SEPARATION BENEFITS, AMENDING FOR THE PURPOSE PRESIDENTIAL DECREE NO. 1638",Miriam Defensor Santiago,"April 6, 2015",NATIONAL,ARMED FORCES OF THE PHILIPPINES (AFP),NATIONAL DEFENSE AND SECURITY,PENDING IN THE COMMITTEE
Senate Bill No. 2556,16th Congress (July 2013 - 2016),https://ldr.senate.gov.ph/bills/senate-bill-no-2556-16th-congress-republic,CHILD FIREARM ACCESS PREVENTION ACT,AN ACT PENALIZING PARENTS OR GUARDIANS WHO FAIL TO SECURE THEIR FIREARMS FROM BEING ACCESSED BY CHILDREN,Miriam Defensor Santiago,"May 1, 2015",NATIONAL,FIREARMS CHILDREN/CHILD CARE,PUBLIC ORDER AND DANGEROUS DRUGS,PENDING IN THE COMMITTEE
Senate Bill No. 2747,16th Congress (July 2013 - 2016),https://ldr.senate.gov.ph/bills/senate-bill-no-2747-16th-congress-republic,BARANGAY COMMUNITY PEACE AND ORDER COUNCIL ACT OF 2015,AN ACT CREATING BARANGAY COMMUNITY PEACE AND ORDER COUNCIL FOR THE UTILIZATION OF BARANGAY OFFICIALS AND ITS CONSTITUENTS IN CRIME PREVENTION AND FOR OTHER PURPOSES,"EJERCITO, JOSEPH VICTOR G.","May 5, 2015",NATIONAL,BARANGAY OFFICIALS PEACE,LOCAL GOVERNMENT,PENDING IN THE COMMITTEE
Senate Bill No. 2822,16th Congress (July 2013 - 2016),https://ldr.senate.gov.ph/bills/senate-bill-no-2822-16th-congress-republic,RECKLESS ENDANGERMENT OF THE PUBLIC HEALTH,AN ACT DEFINING AND PENALIZING THE CRIMES OF RECKLESS ENDANGERMENT OF THE PUBLIC HEALTH AND OFFERING FALSE STATEMENTS WHICH ENDANGERS THE PUBLIC HEALTH,Miriam Defensor Santiago,"August 6, 2015",NATIONAL,HEALTH CARE DELIVERY SYSTEM,JUSTICE AND HUMAN RIGHTS,PENDING IN THE COMMITTEE
Senate Bill No. 2885,16th Congress (July 2013 - 2016),https://ldr.senate.gov.ph/bills/senate-bill-no-2885-16th-congress-republic,"ON-SITE, IN-CITY OR NEAR-CITY RESETTLEMENT ACT","AN ACT ESTABLISHING AN ON-SITE, IN-CITY OR NEAR-CITY RESETTLEMENT PROGRAM FOR INFORMAL SETTLER FAMILIES IN ACCORDANCE WITH A PEOPLE'S PLAN AND MANDATING RELOCATING LOCAL GOVERNMENT UNITS TO PROVIDE OTHER BASIC SERVICES AND LIVELIHOOD COMPONENTS IN FAVOR OF THE RECIPIENT LOCAL GOVERNMENT UNIT, AMENDING FOR THE PURPOSE REPUBLIC ACT NO. 7279, AS AMENDED, OTHERWISE KNOWN AS THE URBAN DEVELOPMENT AND HOUSING ACT OF 1992","REVILLA JR., RAMON BONG","April 8, 2015",NATIONAL,SQUATTERS/SQUATTING URBAN DEVELOPMENT AND HOUSING ACT LOCAL GOVERNMENT UNITS (LGUs),"URBAN PLANNING, HOUSING AND RESETTLEMENT",PENDING IN THE COMMITTEE
Senate Bill No. 2577,16th Congress (July 2013 - 2016),https://ldr.senate.gov.ph/bills/senate-bill-no-2577-16th-congress-republic,RE-NATIONALIZATION OF DEVOLVED HEALTH SERVICES AND FACILITIES ACT OF 2015,"AN ACT REVERTING TO THE NATIONAL GOVERNMENT THE DISCHARGE OF BASIC HEALTH SERVICES DEVOLVED TO LOCAL GOVERNMENT UNITS (LGUS), REPEALING FOR THE PURPOSE PERTINENT SECTIONS OF REPUBLIC ACT NO. 7160, OTHERWISE KNOWN AS THE LOCAL GOVERNMENT CODE OF 1991",Antonio F. Trillanes IV,"January 20, 2015",NATIONAL,LOCAL GOVERNMENT UNITS (LGUs) HEALTH FACILITIES HEALTH CARE DELIVERY SYSTEM LOCAL GOVERNMENT CODE (R.A. NO. 7160),LOCAL GOVERNMENT,PENDING IN THE COMMITTEE
Senate Bill No. 2641,16th Congress (July 2013 - 2016),https://ldr.senate.gov.ph/bills/senate-bill-no-2641-16th-congress-republic,TICK-BORNE DISEASE RESEARCH ACCOUNTABILITY AND TRANSPARENCY ACT,AN ACT TO PROVIDE FOR RESEARCH WITH RESPECT TO LYME DISEASE AND OTHER TICK-BORNE DISEASES,Miriam Defensor Santiago,"October 2, 2015",NATIONAL,LYME DISEASE DEPARTMENT OF HEALTH (DOH),HEALTH AND DEMOGRAPHY,PENDING IN THE COMMITTEE
Senate Bill No. 2959,16th Congress (July 2013 - 2016),https://ldr.senate.gov.ph/bills/senate-bill-no-2959-16th-congress-republic,PHILIPPINE POLLUTANT RELEASE AND TRANSFER REGISTRY ACT,AN ACT INSTITUTING A PHILIPPINE POLLUTANT RELEASE AND TRANSFER REGISTRY,Miriam Defensor Santiago,"September 17, 2015",NATIONAL,POLLUTION HAZARDOUS/TOXIC/RADIOACTIVE WASTES MANAGEMENT CHEMICALS,ENVIRONMENT AND NATURAL RESOURCES,PENDING IN THE COMMITTEE
Senate Bill No. 3023,16th Congress (July 2013 - 2016),https://ldr.senate.gov.ph/bills/senate-bill-no-3023-16th-congress-republic,FOREIGN OWNERSHIP RESTRICTIONS,"AN ACT AMENDING FOREIGN OWNERSHIP RESTRICTIONS IN SPECIFIC LAWS GOVERNING ADJUSTMENT COMPANIES, LENDING COMPANIES, FINANCING COMPANIES AND INVESTMENT HOUSES CITED IN THE FOREIGN INVESTMENT NEGATIVE LIST, EXCEPT THOSE IN THE CONSTITUTION & FOR OTHER PURPOSES","EJERCITO, JOSEPH VICTOR G.","March 12, 2015",NATIONAL,Foreign investments,ECONOMIC AFFAIRS,LAPSED INTO LAW
Senate Bill No. 2715,16th Congress (July 2013 - 2016),https://ldr.senate.gov.ph/bills/senate-bill-no-2715-16th-congress-republic,TERTIARY EDUCATION TRANSITION FUND ACT,"AN ACT ESTABLISHING A TERTIARY EDUCATION TRANSITION FUND TO SUPPORT, IMPROVE AND SUSTAIN HIGHER EDUCATION INSTITUTIONS DURING THE TRANSITION PERIOD OF THE ENHANCED BASIC EDUCATION ACT OF 2013, APPROPRIATING FUNDS THEREFOR, AND FOR OTHER PURPOSES","ANGARA, SONNY","March 18, 2015",NATIONAL,TERTIARY EDUCATION BASIC EDUCATION PROGRAM,"EDUCATION, ARTS AND CULTURE",PENDING IN THE COMMITTEE
Senate Bill No. 2780,16th Congress (July 2013 - 2016),https://ldr.senate.gov.ph/bills/senate-bill-no-2780-16th-congress-republic,OFW AND PUBLIC SCHOOL TEACHER'S FUNERAL ASSISTANCE ACT OF 2015,"AN ACT GRANTING FUNERAL DISCOUNT PRIVILEGES TO OVERSEAS FILIPINO WORKERS WHO DIED ON ACCOUNT OF WORK-RELATED SICKNESS AND INJURIES AND ALL PUBLIC SCHOOL TEACHERS OF THE DEPARTMENT OF EDUCATION AND THE COMMISSION ON HIGHER EDUCATION, APPROPRIATING FUNDS THEREFOR AND FOR OTHER PURPOSES","BINAY, MARIA LOURDES NANCY S.","May 25, 2015",NATIONAL,OVERSEAS FILIPINO WORKERS (OFW) TEACHERS COMMISSION ON HIGHER EDUCATION (CHED) DISCOUNT PRIVILEGES,"LABOR, EMPLOYMENT AND HUMAN RESOURCES DEVELOPMENT",PENDING IN THE COMMITTEE
Senate Bill No. 2853,16th Congress (July 2013 - 2016),https://ldr.senate.gov.ph/bills/senate-bill-no-2853-16th-congress-republic,TASK FORCE AGAINST COUNTERFEIT DRUGS ACT,AN ACT TO ESTABLISH TASK FORCE AGAINST COUNTERFEIT DRUGS AND TO INCREASE AND STRENGTHEN GOVERNMENT EFFORTS AGAINST COUNTERFEIT DRUG CRIMES,Miriam Defensor Santiago,"June 7, 2015",NATIONAL,COUNTERFEIT MEDICINES,JUSTICE AND HUMAN RIGHTS,PENDING IN THE COMMITTEE
Senate Bill No. 2917,16th Congress (July 2013 - 2016),https://ldr.senate.gov.ph/bills/senate-bill-no-2917-16th-congress-republic,FERTILIZER CONTENT ACT,AN ACT TO REGULATE FERTILIZER INGREDIENTS,Miriam Defensor Santiago,"August 26, 2015",NATIONAL,FERTILIZER,"TRADE, COMMERCE AND ENTREPRENEURSHIP",PENDING IN THE COMMITTEE
Senate Bill No. 2609,16th Congress (July 2013 - 2016),https://ldr.senate.gov.ph/bills/senate-bill-no-2609-16th-congress-republic,SPECIAL PROTECTION OF CHILDREN IN SITUATIONS OF ARMED CONFLICT ACT OF 2015,AN ACT PROVIDING FOR THE SPECIAL PROTECTION OF CHILDREN IN SITUATIONS OF ARMED CONFLICT AND PROVIDING PENALTIES FOR VIOLATIONS THEREOF,"REVILLA JR., RAMON BONG","February 2, 2015",NATIONAL,CHILDREN/CHILD CARE armed conflict,"WOMEN, CHILDREN, FAMILY RELATIONS AND GENDER EQUALITY",PENDING IN THE COMMITTEE
Senate Bill No. 2673,16th Congress (July 2013 - 2016),https://ldr.senate.gov.ph/bills/senate-bill-no-2673-16th-congress-republic,FARM TOURISM ACT OF 2015,AN ACT PROVIDING FOR THE DEVELOPMENT AND PROMOTION OF FARM TOURISM IN THE PHILIPPINES AND FOR OTHER PURPOSES,"ANGARA, SONNY","February 26, 2015",NATIONAL,FARM TOURISM,AGRICULTURE AND FOOD,CONSOLIDATED/SUBSTITUTED IN THE COMMITTEE REPORT
Senate Bill No. 2992,16th Congress (July 2013 - 2016),https://ldr.senate.gov.ph/bills/senate-bill-no-2992-16th-congress-republic,EQUAL CREDIT OPPORTUNITY ACT,EQUAL CREDIT OPPORTUNITY ACT,Miriam Defensor Santiago,"October 14, 2015",NATIONAL,EQUAL CREDIT OPPORTUNITY,"BANKS, FINANCIAL INSTITUTIONS AND CURRENCIES",PENDING IN THE COMMITTEE
Senate Bill No. 2684,16th Congress (July 2013 - 2016),https://ldr.senate.gov.ph/bills/senate-bill-no-2684-16th-congress-republic,COLLECTIVE INVESTMENT SCHEMES LAW,COLLECTIVE INVESTMENT SCHEMES LAW,"ANGARA, SONNY","October 3, 2015",NATIONAL,INVESTMENT SCHEMES,"BANKS, FINANCIAL INSTITUTIONS AND CURRENCIES",PENDING IN THE COMMITTEE
Senate Bill No. 2938,16th Congress (July 2013 - 2016),https://ldr.senate.gov.ph/bills/senate-bill-no-2938-16th-congress-republic,PAG-ASA ISLAND CLUSTER ECOTOURISM AND PROTECTED AREA,"AN ACT DECLARING PAG-ASA ISLAND CLUSTER IN THE MUNICIPALITY OF KALAYAAN, PROVINCE OF PALAWAN AS AN ECOTOURISM DESTINATION AND PROTECTED AREA, PROVIDING FUNDS THEREFOR, AND FOR OTHER PURPOSES","ANGARA, SONNY","July 9, 2015",LOCAL,PROTECTED AREA/PROTECTED LANDSCAPE,ENVIRONMENT AND NATURAL RESOURCES,PENDING IN THE COMMITTEE
Senate Bill No. 3002,16th Congress (July 2013 - 2016),https://ldr.senate.gov.ph/bills/senate-bill-no-3002-16th-congress-republic,FARM TOURISM DEVELOPMENT ACT OF 2015,AN ACT PROVIDING FOR THE DEVELOPMENT AND PROMOTION OF FARM TOURISM IN THE PHILIPPINES AND FOR OTHER PURPOSES,"TRILLANES, ANTONIO ""SONNY"" F.","May 11, 2015",NATIONAL,FARM TOURISM,AGRICULTURE AND FOOD,APPROVED BY THE PRESIDENT OF THE PHILIPPINES
Senate Bill No. 2694,16th Congress (July 2013 - 2016),https://ldr.senate.gov.ph/bills/senate-bill-no-2694-16th-congress-republic,ADULT DAY CARE PROGRAMS AND CENTERS ACT,AN ACT CREATING ADULT DAY CARE PROGRAMS AND CENTERS,Miriam Defensor Santiago,"March 16, 2015",NATIONAL,DAY CARE CENTERS/DAY CARE FACILITIES,HEALTH AND DEMOGRAPHY,PENDING IN THE COMMITTEE
Senate Bill No. 2759,16th Congress (July 2013 - 2016),https://ldr.senate.gov.ph/bills/senate-bill-no-2759-16th-congress-republic,SPECIAL PROGRAM FOR EMPLOYMENT OF STUDENTS,"AN ACT AMENDING CERTAIN PROVISIONS OF R.A. 9547 OTHERWISE KNOWN AS AN ACT STRENGTHENING AND EXPANDING THE COVERAGE OF THE SPECIAL PROGRAM FOR EMPLOYMENT OF STUDENTS, AMENDING FOR THE PURPOSE PROVISIONS OF R.A. 7323, OTHERWISE KNOWN AS THE SPECIAL PROGRAM FOR EMPLOYMENT OF STUDENTS","ESTRADA, JINGGOY E.","November 5, 2015",NATIONAL,STUDENTS DEPARTMENT OF LABOR AND EMPLOYMENT (DOLE) YOUTH,"LABOR, EMPLOYMENT AND HUMAN RESOURCES DEVELOPMENT",CONSOLIDATED/SUBSTITUTED IN THE COMMITTEE REPORT
Senate Bill No. 2588,16th Congress (July 2013 - 2016),https://ldr.senate.gov.ph/bills/senate-bill-no-2588-16th-congress-republic,QUALIFICATIONS OF THE SECRETARY OF THE DEPARTMENT OF NATIONAL DEFENSE,AN ACT AMENDING THE ADMINISTRATIVE CODE OF 1987 BY PROHIBITING A PERSON FROM BEING APPOINTED AS THE SECRETARY OF THE DEPARTMENT OF NATIONAL DEFENSE WITHIN THREE (3) YEARS AFTER RETIREMENT FROM ACTIVE DUTY AS A COMMISSIONED OFFICER OF A REGULAR COMPONENT OF THE ARMED FORCES OF THE PHILIPPINES (AFP),"ESTRADA, JINGGOY E.","January 26, 2015",NATIONAL,Department of National Defense (DND) ADMINISTRATIVE CODE OF 1987 (E.O.NO. 292) ARMED FORCES OF THE PHILIPPINES (AFP),NATIONAL DEFENSE AND SECURITY,PENDING IN THE COMMITTEE
Senate Bill No. 2652,16th Congress (July 2013 - 2016),https://ldr.senate.gov.ph/bills/senate-bill-no-2652-16th-congress-republic,DYSTONIA RESEARCH AND INFORMATION ACT,AN ACT PROMOTING RESEARCH ON DYSTONIA,"ESTRADA, JINGGOY E.","February 16, 2015",NATIONAL,DYSTONIA,HEALTH AND DEMOGRAPHY,PENDING IN THE COMMITTEE
Senate Bill No. 2970,16th Congress (July 2013 - 2016),https://ldr.senate.gov.ph/bills/senate-bill-no-2970-16th-congress-republic,"AMENDING SECS 24 & 35, NIRC","AN ACT AMENDING SECTION 24 & 35 OF NATIONAL INTERNAL REVENUE CODE OF 1997, AS AMENDED, AND FOR OTHER PURPOSES","EJERCITO, JOSEPH VICTOR G.","September 28, 2015",NATIONAL,NATIONAL INTERNAL REVENUE CODE (NIRC) TAXES (INDIVIDUAL INCOME TAX),WAYS AND MEANS,PENDING IN THE COMMITTEE
Senate Bill No. 3034,16th Congress (July 2013 - 2016),https://ldr.senate.gov.ph/bills/senate-bill-no-3034-16th-congress-republic,CHILDREN'S EMERGENCY RELIEF AND PROTECTION ACT,"AN ACT MANDATING THE PROVISION OF EMERGENCY RELIEF AND PROTECTION FOR CHILDREN BEFORE, DURING, AND AFTER DISASTERS AND OTHER EMERGENCY SITUATIONS","DEFENSOR SANTIAGO, MIRIAM","December 14, 2015",NATIONAL,CHILDREN/CHILD CARE EMERGENCY RESPONSE/EMERGENCY PREPAREDNESS,"WOMEN, CHILDREN, FAMILY RELATIONS AND GENDER EQUALITY",APPROVED BY THE PRESIDENT OF THE PHILIPPINES
Senate Bill No. 2727,16th Congress (July 2013 - 2016),https://ldr.senate.gov.ph/bills/senate-bill-no-2727-16th-congress-republic,ANTI-TOURIST HARASSMENT ACT,AN ACT TO PREVENT HARASSMENT OF TOURISTS,Miriam Defensor Santiago,"April 16, 2015",NATIONAL,TOURISM,TOURISM,PENDING IN THE COMMITTEE
Senate Bill No. 2791,16th Congress (July 2013 - 2016),https://ldr.senate.gov.ph/bills/senate-bill-no-2791-16th-congress-republic,PUBLIC TRANSPORT PRESERVATION ACT,"AN ACT AMENDING ACT NO. 3815, OTHERWISE KNOWN AS THE PENAL CODE, BY PENALIZING ROBBERY OF PUBLIC TRANSPORTATION VEHICLE AND RELATED THINGS",Miriam Defensor Santiago,"January 6, 2015",NATIONAL,PUBLIC UTILITY VEHICLES REVISED PENAL CODE (R.A. NO. 3815) TRANSPORTATION THEFT AND ROBBERY,JUSTICE AND HUMAN RIGHTS,PENDING IN THE COMMITTEE
Senate Bill No. 2546,16th Congress (July 2013 - 2016),https://ldr.senate.gov.ph/bills/senate-bill-no-2546-16th-congress-republic,PHILIPPINE AIDS PREVENTION CONTROL ACT (AMENDMENTS),"AN ACT INCLUDING THE NATIONAL YOUTH COMMISSION CHAIRPERSON AS A MEMBER OF THE PHILIPPINE NATIONAL AIDS COUNCIL, AMENDING FOR THE PURPOSE REPUBLIC ACT NO. 8504, OTHERWISE KNOWN AS THE PHILIPPINE AIDS PREVENTION AND CONTROL ACT OF 1998",Miriam Defensor Santiago,"May 1, 2015",NATIONAL,YOUTH ACQUIRED IMMUNE DEFICIENCY SYNDROME (AIDS),HEALTH AND DEMOGRAPHY,CONSOLIDATED/SUBSTITUTED IN THE COMMITTEE REPORT
Senate Bill No. 2864,16th Congress (July 2013 - 2016),https://ldr.senate.gov.ph/bills/senate-bill-no-2864-16th-congress-republic,THE FIRE TRUCK OFFICER ACT OF 2015,AN ACT CREATING THE POSITION/RANK OF FIRE TRUCK OFFICER (FTO) IN THE BUREAU OF FIRE PROTECTION,Antonio F. Trillanes IV,"July 23, 2015",NATIONAL,FIRE TRUCK OFFICER BUREAU OF FIRE PROTECTION,PUBLIC ORDER AND DANGEROUS DRUGS,PENDING IN THE COMMITTEE
Senate Bill No. 2620,16th Congress (July 2013 - 2016),https://ldr.senate.gov.ph/bills/senate-bill-no-2620-16th-congress-republic,"LOCAL GOVERNMENT CODE, AMENDMENTS (DISASTER RISK OFFICER)","AN ACT AMENDING TITLE V - BOOK III OR REPUBLIC ACT 7160, OTHERWISE KNOWN AS THE LOCAL GOVERNMENT CODE OF 1999, PROPOSING A PERMANENT ITEM FOR DISASTER OFFICER IN EVERY LOCAL GOVERNMENT UNIT","REVILLA JR., RAMON BONG","February 2, 2015",NATIONAL,LOCAL GOVERNMENT CODE (R.A. NO. 7160) LOCAL GOVERNMENT UNITS (LGUs),LOCAL GOVERNMENT,PENDING IN THE COMMITTEE
Senate Bill No. 2567,16th Congress (July 2013 - 2016),https://ldr.senate.gov.ph/bills/senate-bill-no-2567-16th-congress-republic,LOCAL PEOPLE'S COUNCIL ACT,AN ACT ESTABLISHING A PEOPLE'S COUNCIL IN EVERY LOCAL GOVERNMENT UNIT,Miriam Defensor Santiago,"January 13, 2015",NATIONAL,LOCAL GOVERNMENT UNITS (LGUs),ELECTORAL REFORMS AND PEOPLES PARTICIPATION,PENDING IN THE COMMITTEE
Senate Bill No. 2631,16th Congress (July 2013 - 2016),https://ldr.senate.gov.ph/bills/senate-bill-no-2631-16th-congress-republic,"AMENDING SECS. 9, 10 & 12, GENERIC ACT","AN ACT FURTHER ENSURING THE USE OF THE GENERIC NAMES IN THE MANUFACTURE, PRESCRIPTION AND DISTRIBUTION OF DRUGS AND MEDICINES, AMENDING FOR THE PURPOSE CERTAIN SECTIONS OF REPUBLIC ACT NUMBERED 6675, OTHERWISE KNOWN AS THE 'GENERIC ACT OF 1988' AND FOR OTHER PURPOSES","ESTRADA, JINGGOY E.","September 2, 2015",NATIONAL,GENERIC ACT MEDICINES/DRUGS,HEALTH AND DEMOGRAPHY,PENDING IN THE COMMITTEE
Senate Bill No. 2949,16th Congress (July 2013 - 2016),https://ldr.senate.gov.ph/bills/senate-bill-no-2949-16th-congress-republic,HOUSING BAN ALONG RIVERBANKS ACT OF 2015,"AN ACT TO BAN THE CONSTRUCTION OF HOUSES ALONG RIVER BANKS, WATERWAYS AND BANKS OF INLAND WATERS AND FOR OTHER PURPOSES","ESTRADA, JINGGOY E.","September 14, 2015",NATIONAL,RIVERS AND WATERWAYS HOUSING PROJECTS,"URBAN PLANNING, HOUSING AND RESETTLEMENT",PENDING IN THE COMMITTEE
Senate Bill No. 3013,16th Congress (July 2013 - 2016),https://ldr.senate.gov.ph/bills/senate-bill-no-3013-16th-congress-republic,GREENHOUSE GAS EMISSION ATMOSPHERIC REMOVAL ACT,"AN ACT TO FACILITATE THE DEVELOPMENT, DEMONSTRATION, AND IMPLEMENTATION OF TECHNOLOGY FOR USE IN REMOVING GREENHOUSE GASES FROM THE ATMOSPHERE AND CREATING A GREENHOUSE GAS EMISSION ATMOSPHERIC REMOVAL COMMITTEE",Miriam Defensor Santiago,"November 24, 2015",NATIONAL,GREENHOUSE GAS,CLIMATE CHANGE,PENDING IN THE COMMITTEE
Senate Bill No. 2705,16th Congress (July 2013 - 2016),https://ldr.senate.gov.ph/bills/senate-bill-no-2705-16th-congress-republic,NEXT GENERATION RESEACH ACT,AN ACT TO DEMONSTRATE A COMMITMENT TO OUR NATION'S SCIENTISTS BY INCREASING OPPORTUNITIES FOR THE DEVELOPMENT OF OUR NEXT GENERATION OF RESEARCHERS,Miriam Defensor Santiago,"March 17, 2015",NATIONAL,NATIONAL INSTITUTES OF HEALTH SCIENTISTS/RESEARCHERS,HEALTH AND DEMOGRAPHY,PENDING IN THE COMMITTEE
Senate Bill No. 2766,16th Congress (July 2013 - 2016),https://ldr.senate.gov.ph/bills/senate-bill-no-2766-16th-congress-republic,FARM TOURISM ACT OF 2015,AN ACT PROVIDING THE DEVELOPMENT AND PROMOTION OF FARM TOURISM IN THE PHILIPPINES AND FOR OTHER PURPOSES.,"VILLAR, CYNTHIA A.","May 13, 2015",NATIONAL,FARM TOURISM,AGRICULTURE AND FOOD,CONSOLIDATED/SUBSTITUTED IN THE COMMITTEE REPORT
Senate Bill No. 2825,16th Congress (July 2013 - 2016),https://ldr.senate.gov.ph/bills/senate-bill-no-2825-16th-congress-republic,"AMENDING ART. 259, PENAL CODE OF THE PHILIPPINES","AN ACT AMENDING ARTICLES 259 OF ACT NO. 3815, OR THE PENAL CODE OF THE PHILIPPINES",Miriam Defensor Santiago,"August 6, 2015",NATIONAL,REVISED PENAL CODE (R.A. NO. 3815) Abortion UNBORN CHILD,JUSTICE AND HUMAN RIGHTS,PENDING IN THE COMMITTEE
Senate Bill No. 2888,16th Congress (July 2013 - 2016),https://ldr.senate.gov.ph/bills/senate-bill-no-2888-16th-congress-republic,SOCIAL SECURITY ACT (ACROSS-THE-BOARD INCREASE IN THE MONTHLY PENSION),"AN ACT MANDATING A TWO THOUSAND PESO (P2,000) ACROSS-THE-BOARD INCREASE IN THE MONTHLY PENSION WITH CORRESPONDING ADJUSTMENT OF THE MINIMUM MONTHLY PENSION UNDER THE SOCIAL SECURITY SYSTEM, AMENDING FOR THE PURPOSE SECTION 12 OF REPUBLIC ACT NO. 1161, AS AMENDED, OTHERWISE KNOWN AS THE SOCIAL SECURITY ACT OF 1997","Teofisto ""TG"" D. Guingona III","April 8, 2015",NATIONAL,SOCIAL SECURITY ACT OF 1997 (R.A.NO. 8282) PENSION,GOVERNMENT CORPORATIONS AND PUBLIC ENTERPRISES,CONSOLIDATED/SUBSTITUTED IN THE COMMITTEE REPORT
Senate Bill No. 2667,16th Congress (July 2013 - 2016),https://ldr.senate.gov.ph/bills/senate-bill-no-2667-16th-congress-republic,GLAUCOMA SCREENING ACT,AN ACT ESTABLISHING A GRANT PROGRAM TO PROVIDE SCREENINGS FOR GLAUCOMA TO INDIVIDUALS DETERMINED TO BE AT HIGH RISK FOR GLAUCOMA,Miriam Defensor Santiago,"February 25, 2015",NATIONAL,GLAUCOMA SCREENING,HEALTH AND DEMOGRAPHY,PENDING IN THE COMMITTEE
Senate Bill No. 2741,16th Congress (July 2013 - 2016),https://ldr.senate.gov.ph/bills/senate-bill-no-2741-16th-congress-republic,COURT INTERPRETERS FOR THE DEAF ACT,"AN ACT PROVIDING FOR INTERPRETERS IN ALL JUDICIAL, QUASI-JUDICIAL, INVESTIGATIVE PROCEEDINGS AND PUBLIC HEARINGS INVOLVING DEAF INDIVIDUALS",Miriam Defensor Santiago,"April 29, 2015",NATIONAL,DEAF-MUTE PERSONS WITH DISABILITIES (PWDS),JUSTICE AND HUMAN RIGHTS,PENDING IN THE COMMITTEE
Senate Bill No. 2806,16th Congress (July 2013 - 2016),https://ldr.senate.gov.ph/bills/senate-bill-no-2806-16th-congress-republic,COMMUNITY HEALTH WORKERS ACT,AN ACT PROVIDING GRANTS TO COMMUNITY HEALTH WORKERS IN ORDER TO PROMOTE POSITIVE HEALTH BEHAVIORS IN WOMEN AND CHILDREN,Miriam Defensor Santiago,"August 6, 2015",NATIONAL,community health workers HEALTH CARE WORKERS,HEALTH AND DEMOGRAPHY,PENDING IN THE COMMITTEE
Senate Bill No. 2561,16th Congress (July 2013 - 2016),https://ldr.senate.gov.ph/bills/senate-bill-no-2561-16th-congress-republic,NATIONAL FLOOD INSURANCE ACT,AN ACT INSTITUTING A NATIONAL FLOOD INSURANCE PROGRAM,Miriam Defensor Santiago,"May 1, 2015",NATIONAL,FLOOD INSURANCE,"BANKS, FINANCIAL INSTITUTIONS AND CURRENCIES",PENDING IN THE COMMITTEE
Senate Bill No. 2710,16th Congress (July 2013 - 2016),https://ldr.senate.gov.ph/bills/senate-bill-no-2710-16th-congress-republic,EXPANDED MATERNITY LEAVE LAW OF 2015,"AN ACT INCREASING THE MATERNITY LEAVE PERIOD TO NINETY (90) DAYS FOR FEMALE EMPLOYEES, MARRIED OR UNMARRIED, IN THE GOVERNMENT SERVICE AND IN THE PRIVATE SECTOR, AND GRANTING AN OPTION TO EXTEND FOR AN ADDITIONAL THIRTY (30) DAYS WITHOUT PAY, AMENDING FOR THE PURPOSE REPUBLIC ACT NO. 1161, AS AMENDED, AND FOR OTHER PURPOSES","CAYETANO, PIA S.","March 17, 2015",NATIONAL,Maternity Leave LEAVE OF ABSENCE WOMEN,"WOMEN, CHILDREN, FAMILY RELATIONS AND GENDER EQUALITY",CONSOLIDATED/SUBSTITUTED IN THE COMMITTEE REPORT
Senate Bill No. 2774,16th Congress (July 2013 - 2016),https://ldr.senate.gov.ph/bills/senate-bill-no-2774-16th-congress-republic,FAIRNESS TO CONTACT LENS USER ACT OF 2015,AN ACT PROVIDING FOR THE AVAILABILITY OF CONTACT LENS PRESCRIPTIONS TO PATIENTS,Miriam Defensor Santiago,"May 19, 2015",NATIONAL,VISION CARE,HEALTH AND DEMOGRAPHY,PENDING IN THE COMMITTEE
Senate Bill No. 2603,16th Congress (July 2013 - 2016),https://ldr.senate.gov.ph/bills/senate-bill-no-2603-16th-congress-republic,MAMASAPANO TRUTH COMMISSION,"AN ACT CREATING A FACT-FINDING COMMISSION, TO BE CALLED THE 'MAMASAPANO TRUTH COMMISSION,' WITH PLENARY POWERS TO INVESTIGATE AND REPORT UPON THE DEATHS AND INJURIES OF MEMBERS OF THE SPECIAL ACTION FORCE UNIT OF THE PHILIPPINE NATIONAL POLICE IN MAMASAPANO, MAGUINDANAO","Teofisto ""TG"" D. Guingona III","February 2, 2015",NATIONAL,MAMASAPANO TRUTH COMMISSION PHILIPPINE NATIONAL POLICE (PNP),PUBLIC ORDER AND DANGEROUS DRUGS,"PENDING SECOND READING, ORDINARY BUSINESS"
Senate Bill No. 2688,16th Congress (July 2013 - 2016),https://ldr.senate.gov.ph/bills/senate-bill-no-2688-16th-congress-republic,GOVERNMENT NURSES SALARY UPGRADING ACT,AN ACT UPGRADING THE MINIMUM SALARY GRADE OF GOVERNMENT NURSES FROM SALARY GRADE 11 TO 15,"POE, GRACE","November 3, 2015",NATIONAL,NURSES SALARY GRADE,HEALTH AND DEMOGRAPHY,PENDING IN THE COMMITTEE
Senate Bill No. 2752,16th Congress (July 2013 - 2016),https://ldr.senate.gov.ph/bills/senate-bill-no-2752-16th-congress-republic,MICROFINANCE NGOS ACT,AN ACT STRENGTHENING NON-GOVERNMENT ORGANIZATIONS ENGAGED IN MICROFINANCE ACTIVITIES FOR THE POOR,"LEGARDA, LOREN B.","June 5, 2015",NATIONAL,MICROFINANCE CODE,"TRADE, COMMERCE AND ENTREPRENEURSHIP",APPROVED BY THE PRESIDENT OF THE PHILIPPINES
Senate Bill No. 2964,16th Congress (July 2013 - 2016),https://ldr.senate.gov.ph/bills/senate-bill-no-2964-16th-congress-republic,AMENDING SECS. 32 & 33 (DILG ACT) RE GRADUATES OF CRIMINOLOGY,"AN ACT AMENDING REPUBLIC ACT NO. 6975 OTHERWISE KNOWN AS DEPARTMENT OF INTERIOR AND LOCAL GOVERNMENT ACT OF 1990, AS AMENDED BY REPUBLIC ACT NO. 8551",Miriam Defensor Santiago,"September 23, 2015",NATIONAL,DEPARTMENT OF THE INTERIOR AND LOCAL GOVERNMENT (DILG) PHILIPPINE NATIONAL POLICE (PNP) CRIMINOLOGY/CRIMONOLOGISTS,PUBLIC ORDER AND DANGEROUS DRUGS,PENDING IN THE COMMITTEE
Senate Bill No. 3028,16th Congress (July 2013 - 2016),https://ldr.senate.gov.ph/bills/senate-bill-no-3028-16th-congress-republic,CHILDHOOD CANCER AWARENESS MONTH ACT,AN ACT DECLARING THE MONTH OF APRIL OF EVERY YEAR AS 'CHILDHOOD CANCER AWARENESS MONTH' AND FOR OTHER PURPOSES,"BINAY, MARIA LOURDES NANCY S.","August 12, 2015",NATIONAL,CHILDHOOD CANCER AWARENESS,HEALTH AND DEMOGRAPHY,PENDING IN THE COMMITTEE
Senate Bill No. 2721,16th Congress (July 2013 - 2016),https://ldr.senate.gov.ph/bills/senate-bill-no-2721-16th-congress-republic,LIFETIME VALIDITY OF PERSON WITH DISABILITY IDENTIFICATION CARDS,"AN ACT PROVIDING FOR LIFETIME VALIDITY OF PERSON WITH DISABILITY IDENTIFICATION CARDS, AMENDING FOR THE PURPOSE REPUBLIC ACT NO. 7277, OTHERWISE KNOWN AS THE MAGNA CARTA FOR DISABLED PERSONS, AS AMENDED BY REPUBLIC ACT NO. 9442",Miriam Defensor Santiago,"April 16, 2015",NATIONAL,PERSONS WITH DISABILITIES (PWDS) IDENTIFICATION SYSTEM MAGNA CARTA FOR DISABLED PERSONS,"SOCIAL JUSTICE, WELFARE AND RURAL DEVELOPMENT",PENDING IN THE COMMITTEE
Senate Bill No. 2785,16th Congress (July 2013 - 2016),https://ldr.senate.gov.ph/bills/senate-bill-no-2785-16th-congress-republic,RIGHTS OF INTERNALLY DISPLACED PERSONS ACT,AN ACT PROTECTING THE RIGHTS OF INTERNALLY DISPLACED PERSONS AND PENALIZING THE ACTS OF ARBITRARY INTERNAL DISPLACEMENT,"GUINGONA III, TEOFISTO ""TG""","May 26, 2015",NATIONAL,DISPLACED PERSONS INTERNAL DISPLACEMENT,JUSTICE AND HUMAN RIGHTS,"PENDING SECOND READING, SPECIAL ORDER"
Senate Bill No. 2858,16th Congress (July 2013 - 2016),https://ldr.senate.gov.ph/bills/senate-bill-no-2858-16th-congress-republic,PANTAWID PAMILYANG PILIPINO PROGRAM ACT,AN ACT TO REDUCE POVERTY AND PROMOTE HUMAN CAPITAL DEVELOPMENT THROUGH THE CREATION OF A NATIONAL CONDITIONAL FUND TRANSFER PROGRAM,Miriam Defensor Santiago,"July 20, 2015",NATIONAL,NATIONAL CONDITIONAL FUND TRANSFER PROGRAM POVERTY ALLEVIATION,"SOCIAL JUSTICE, WELFARE AND RURAL DEVELOPMENT",CONSOLIDATED/SUBSTITUTED IN THE COMMITTEE REPORT
Senate Bill No. 2922,16th Congress (July 2013 - 2016),https://ldr.senate.gov.ph/bills/senate-bill-no-2922-16th-congress-republic,CHARTER OF THE PHILIPPINE TRADE REPRESENTATIVE OFFICE,AN ACT CREATING THE PHILIPPINE TRADE REPRESENTATIVE OFFICE AND APPROPRIATING FUNDS THEREFORE,"Teofisto ""TG"" D. Guingona III","January 9, 2015",NATIONAL,PHILIPPINE TRADE REPRESENTATIVE OFFICE,"TRADE, COMMERCE AND ENTREPRENEURSHIP",PENDING CONFERENCE COMMITTEE
Senate Bill No. 2869,16th Congress (July 2013 - 2016),https://ldr.senate.gov.ph/bills/senate-bill-no-2869-16th-congress-republic,TAX RELIEF FOR PERSONS WITH DISABILITIES (PDWS) ACT OF 2015,AN ACT GRANTING TAX RELIEF TO PERSONS WITH DISABILITIES (PWDS) AND FOR OTHER PURPOSES,"REVILLA JR., RAMON BONG","July 28, 2015",NATIONAL,PERSONS WITH DISABILITIES (PWDS) TAXES/TAXATION,WAYS AND MEANS,PENDING IN THE COMMITTEE
Senate Bill No. 2943,16th Congress (July 2013 - 2016),https://ldr.senate.gov.ph/bills/senate-bill-no-2943-16th-congress-republic,TELECOMMUNICATIONS ECONOMIC OPPORTUNITY ACT,AN ACT TO REQUIRE ALL PROVIDERS OF TELECOMMUNICATIONS SERVICES TO ESTABLISH AND CARRY OUT PLANS FOR PROCUREMENT FROM BUSINESSES OWNED BY MINORITIES AND WOMEN,Miriam Defensor Santiago,"August 9, 2015",NATIONAL,TELECOMMUNICATIONS SERVICE STANDARDS WOMEN,PUBLIC SERVICES,PENDING IN THE COMMITTEE
Senate Bill No. 3007,16th Congress (July 2013 - 2016),https://ldr.senate.gov.ph/bills/senate-bill-no-3007-16th-congress-republic,PSCHO-TECHNICAL DRIVER ASSESSMENT TEST,AN ACT PROVIDING FOR COMPULSORY PSYCHO-TECHNICAL DRIVER ASSESSMENT TESTS AMENDING SECTION 22 OF REPUBLIC ACT NO. 4136 OTHERWISE KNOWN AS THE LAND TRANSPORTATION AND TRAFFIC CODE,Miriam Defensor Santiago,"September 11, 2015",NATIONAL,DRIVER ASSESSMENT TESTS LAND TRANSPORTATION AND TRAFFIC CODE (R.A. NO. 4136),PUBLIC SERVICES,PENDING IN THE COMMITTEE
Senate Bill No. 2699,16th Congress (July 2013 - 2016),https://ldr.senate.gov.ph/bills/senate-bill-no-2699-16th-congress-republic,CONSUMER ACT OF THE PHILIPPINES AS AMENDED,"AN ACT GRANTING BROADER PROTECTION FOR CONSUMERS ADDING NEW PROVISIONS AND AMENDING CERTAIN PROVISIONS FOR THE PURPOSE REPUBLIC ACT NO. 7394, OTHERWISE KNOWN AS THE CONSUMER ACT OF THE PHILIPPINES","Paolo Benigno ""Bam"" Aquino IV","March 16, 2015",NATIONAL,CONSUMER ACT (R.A.NO. 7394) CONSUMER PROTECTION,"TRADE, COMMERCE AND ENTREPRENEURSHIP",PENDING IN THE COMMITTEE
Senate Bill No. 2764,16th Congress (July 2013 - 2016),https://ldr.senate.gov.ph/bills/senate-bill-no-2764-16th-congress-republic,AMENDING R.A.NO. 7227 (BCDA) FURTHER AMENDED BY R.A.NO. 9400 ( SUBIC SPECIAL ECONOMIC ZONE),"AN ACT AMENDING REPUBLIC ACT NO. 7227, AS AMENDED BY REPUBLIC ACT NO. 9400, OTHERWISE KNOWN AS THE BASES CONVERSION AND DEVELOPMENT ACT OF 1992","Paolo Benigno ""Bam"" Aquino IV","May 13, 2015",NATIONAL,BASES CONVERSION AND DEVELOPMENT AUTHORITY (BCDA) ECONOMIC ZONE,GOVERNMENT CORPORATIONS AND PUBLIC ENTERPRISES,PENDING IN THE COMMITTEE
Senate Bill No. 2833,16th Congress (July 2013 - 2016),https://ldr.senate.gov.ph/bills/senate-bill-no-2833-16th-congress-republic,ALTERNATIVE LEARNING SYSTEM LEARNERS AND GRADUATES INCENTIVES ACT OF 2015,"AN ACT GRANTING TAX INCENTIVES TO EMPLOYERS THAT HIRE ALTERNATIVE LEARNING SYSTEM LEARNERS AND GRADUATES, APPROPRIATING FUNDS THEREFOR, AND FOR OTHER PURPOSES","BINAY, MARIA LOURDES NANCY S.","August 6, 2015",NATIONAL,ALTERNATIVE LEARNING TAX INCENTIVES,"LABOR, EMPLOYMENT AND HUMAN RESOURCES DEVELOPMENT",PENDING IN THE COMMITTEE
Senate Bill No. 2901,16th Congress (July 2013 - 2016),https://ldr.senate.gov.ph/bills/senate-bill-no-2901-16th-congress-republic,COST OF LIVING ALLOWANCE (COLA) FOR GOVERNMENT EMPLOYEES,AN ACT PROVIDING FOR A COST OF LIVING ALLOWANCE (COLA) FOR ALL EMPLOYEES IN THE GOVERNMENT SECTOR AND FOR OTHER RELATED PURPOSES,Antonio F. Trillanes IV,"August 17, 2015",NATIONAL,GOVERNMENT EMPLOYEES COST OF LIVING ALLOWANCE (COLA),"CIVIL SERVICE, GOVERNMENT REORGANIZATION AND PROFESSIONAL REGULATION","PENDING SECOND READING, ORDINARY BUSINESS"
Senate Bill No. 2975,16th Congress (July 2013 - 2016),https://ldr.senate.gov.ph/bills/senate-bill-no-2975-16th-congress-republic,BRITISH SCHOOL MANILA AS AN EDUCATIONAL INSTITUTION OF INTERNATIONAL CHARACTER,"AN ACT RECOGNIZING THE BRITISH SCHOOL MANILA AS AN EDUCATIONAL INSTITUTION OF INTERNATIONAL CHARACTER, GRANTING CERTAIN PREROGATIVES CONDUCIVE TO ITS GROWTH AS SUCH, AND FOR OTHER PURPOSES",Antonio F. Trillanes IV,"September 30, 2015",NATIONAL,"INTERNATIONAL SCHOOLS, RECOGNITION","EDUCATION, ARTS AND CULTURE","PENDING SECOND READING, ORDINARY BUSINESS"
Senate Bill No. 3039,16th Congress (July 2013 - 2016),https://ldr.senate.gov.ph/bills/senate-bill-no-3039-16th-congress-republic,CARE FOR THE ELDERLY AND THE DISABLED ACT,AN ACT DEFINING AND PENALIZING THE CRIME OF CRIMINAL NEGLECT OF A VULNERABLE ELDERLY PERSON OR A PERSON WITH DISABILITY,Miriam Defensor Santiago,"December 16, 2015",NATIONAL,SENIOR CITIZEN/ELDERLY PERSONS WITH DISABILITIES (PWDS) Abandonment,"SOCIAL JUSTICE, WELFARE AND RURAL DEVELOPMENT",PENDING IN THE COMMITTEE
Senate Bill No. 2732,16th Congress (July 2013 - 2016),https://ldr.senate.gov.ph/bills/senate-bill-no-2732-16th-congress-republic,PUBLIC BEACH ACT,AN ACT ESTABLISHING PUBLIC BEACH ACCESS SITES TO AND ALONG SHORELINES,Miriam Defensor Santiago,"April 23, 2015",NATIONAL,BEACHES Department of Environment and Natural Resources (DENR),ENVIRONMENT AND NATURAL RESOURCES,PENDING IN THE COMMITTEE
Senate Bill No. 2796,16th Congress (July 2013 - 2016),https://ldr.senate.gov.ph/bills/senate-bill-no-2796-16th-congress-republic,PERMANENT GUARDIANSHIP OVER MINORS,"AN ACT AMENDING EXECUTIVE ORDER NO. 209, OTHERWISE KNOWN AS THE FAMILY CODE, BY INCLUDING PROVISIONS ON PERMANENT GUARDIANSHIP OVER MINORS WHO HAVE BEEN PLACED IN THE CARE OF SUITABLE RELATIVES AND THE CONDITIONS FOR ITS TERMINATION",Miriam Defensor Santiago,"March 6, 2015",NATIONAL,FAMILY CODE (E.O. NO. 209) CHILDREN/CHILD CARE,"WOMEN, CHILDREN, FAMILY RELATIONS AND GENDER EQUALITY",PENDING IN THE COMMITTEE
Senate Bill No. 2551,16th Congress (July 2013 - 2016),https://ldr.senate.gov.ph/bills/senate-bill-no-2551-16th-congress-republic,"AMENDING SECS. 4, 18, 19 & 24 (ADMINISTRATIVE CODE)","AN ACT TO AMEND CERTAIN SECTIONS OF TITLE THREE, BOOK FOUR, OF EXECUTIVE ORDER NUMBERED TWO HUNDRED AND NINETY-TWO, OTHERWISE KNOWN AS THE ADMINISTRATIVE CODE OF 1987",Miriam Defensor Santiago,"May 1, 2015",NATIONAL,ADMINISTRATIVE CODE OF 1987 (E.O.NO. 292),JUSTICE AND HUMAN RIGHTS,PENDING IN THE COMMITTEE
Senate Bill No. 2742,16th Congress (July 2013 - 2016),https://ldr.senate.gov.ph/bills/senate-bill-no-2742-16th-congress-republic,INTERNATIONAL DISASTER RELIEF AND INITIAL RECOVERY ASSISTANCE ACT,AN ACT FACILITATING AND REGULATING INTERNATIONAL DISASTER RELIEF AND INITIAL RECOVERY ASSISTANCE AND FOR OTHER PURPOSES,"LEGARDA, LOREN B.","April 30, 2015",NATIONAL,REHABILITATION FUND DISASTER AWARENESS/MITIGATION,NATIONAL DEFENSE AND SECURITY,PENDING IN THE COMMITTEE
Senate Bill No. 2807,16th Congress (July 2013 - 2016),https://ldr.senate.gov.ph/bills/senate-bill-no-2807-16th-congress-republic,GOVERNMENT CONTACT ACT,"AN ACT REQUIRING GOVERNMENT OFFICES, BUREAUS, AGENCIES, INSTRUMENTALITIES AND AFFILIATES, INCLUDING GOVERNMENT-OWNED AND CONTROLLED CORPORATIONS, TO DISCLOSE CONTACT INFORMATION",Miriam Defensor Santiago,"August 6, 2015",NATIONAL,GOVERNMENT-OWNED AND-CONTROLLED CORPORATIONS (GOCC) GOVERNMENT CONTACT ACT GOVERNMENT AGENCIES,"CIVIL SERVICE, GOVERNMENT REORGANIZATION AND PROFESSIONAL REGULATION",PENDING IN THE COMMITTEE
Senate Bill No. 2562,16th Congress (July 2013 - 2016),https://ldr.senate.gov.ph/bills/senate-bill-no-2562-16th-congress-republic,YOUTH CAMPS ACT,AN ACT REGULATING YOUTH CAMPS,Miriam Defensor Santiago,"May 1, 2015",NATIONAL,YOUTH CAMPS,YOUTH,PENDING IN THE COMMITTEE
Senate Bill No. 2817,16th Congress (July 2013 - 2016),https://ldr.senate.gov.ph/bills/senate-bill-no-2817-16th-congress-republic,SCHOLARSHIP GRANTS TO PUBLIC SCHOOL TEACHERS AND THEIR CHILDREN ACT,AN ACT INSTITUTIONALIZING SCHOLARSHIP GRANTS TO PUBLIC SCHOOL TEACHERS AND THEIR CHILDREN,Miriam Defensor Santiago,"August 6, 2015",NATIONAL,SCHOLARSHIP GRANTS TEACHERS,"EDUCATION, ARTS AND CULTURE",PENDING IN THE COMMITTEE
Senate Bill No. 2880,16th Congress (July 2013 - 2016),https://ldr.senate.gov.ph/bills/senate-bill-no-2880-16th-congress-republic,FARM WORKERS PROTECTION ACT,AN ACT TO PROTECT WORKERS AND THEIR FAMILIES FROM THE HAZARDS OF WORKING IN AGRICULTURAL SITES,Miriam Defensor Santiago,"March 8, 2015",NATIONAL,FARMERS/FISHERFOLK,AGRICULTURE AND FOOD,PENDING IN THE COMMITTEE
Senate Bill No. 2954,16th Congress (July 2013 - 2016),https://ldr.senate.gov.ph/bills/senate-bill-no-2954-16th-congress-republic,PANTAWID PAMILYANG PILIPINO PROGRAM ACT OF 2015,"AN ACT INSTITUTIONALIZING A CONDITIONAL CASH TRANSFER PROGRAM, PROVIDING FOR THE AUTOMATIC INDEXATION OF CASH GRANTS AND FOR OTHER PURPOSES",Ralph G. Recto,"September 16, 2015",NATIONAL,PANTAWID PAMILYANG PILIPINO PROGRAM POVERTY ALLEVIATION,"SOCIAL JUSTICE, WELFARE AND RURAL DEVELOPMENT",COMMITTEE REPORT SENT TO THE ARCHIVES
Senate Bill No. 3019,16th Congress (July 2013 - 2016),https://ldr.senate.gov.ph/bills/senate-bill-no-3019-16th-congress-republic,AMENDING THE ANIMAL WELFARE ACT (R.A.NO. 8485),"AN ACT AMENDING REPUBLIC ACT NO. 8485, ALSO KNOWN AS THE ANIMAL WELFARE ACT OF 1998, SECTION 8 ON THE PENALTIES FOR THE VIOLATION OF THE ACT",Miriam Defensor Santiago,"November 26, 2015",NATIONAL,ANIMAL WELFARE,AGRICULTURE AND FOOD,PENDING IN THE COMMITTEE
Senate Bill No. 2711,16th Congress (July 2013 - 2016),https://ldr.senate.gov.ph/bills/senate-bill-no-2711-16th-congress-republic,PHILIPPINE CITIZENSHIP TO HANS-PETER SMIT,AN ACT GRANTING PHILIPPINE CITIZENSHIP TO HANS-PTER SMIT,"CAYETANO, PIA S.","March 17, 2015",NATIONAL,CITIZENSHIP,JUSTICE AND HUMAN RIGHTS,CONSOLIDATED/SUBSTITUTED IN THE COMMITTEE REPORT
Senate Bill No. 2775,16th Congress (July 2013 - 2016),https://ldr.senate.gov.ph/bills/senate-bill-no-2775-16th-congress-republic,JEEPNEY TERMINALS AND STOPS ACT,AN ACT ESTABLISHING PROPER JEEPNEY TERMINALS AND STOPS IN THE COUNTRY AND PROVIDING FOR PENALTIES THEREOF,Miriam Defensor Santiago,"May 19, 2015",NATIONAL,TRANSPORTATION JEEPNEY,PUBLIC SERVICES,PENDING IN THE COMMITTEE
Senate Bill No. 2848,16th Congress (July 2013 - 2016),https://ldr.senate.gov.ph/bills/senate-bill-no-2848-16th-congress-republic,"MAGNA CARTA FOR SCIENTISTS, ENGINEERS, RESEARCHERS AND OTHER SCIENCE AND TECHNOLOGY PERSONNEL","AN ACT EXTENDING THE SERVICES OF A SCIENTIST WHO IS DUE FOR COMPULSORY RETIREMENT FOR A MAXIMUM PERIOD OF FIVE (5) YEARS AMENDING FOR THE PURPOSE REPUBLIC ACT NO. 8439, OTHERWISE KNOWN AS THE MAGNA CARTA FOR SCIENTISTS, ENGINEERS, RESEARCHERS AND OTHER SCIENCE AND TECHNOLOGY PERSONNEL IN GOVERNMENT","ANGARA, SONNY","June 23, 2015",NATIONAL,SCIENTISTS/RESEARCHERS,SCIENCE AND TECHNOLOGY,PENDING IN THE COMMITTEE
Senate Bill No. 2912,16th Congress (July 2013 - 2016),https://ldr.senate.gov.ph/bills/senate-bill-no-2912-16th-congress-republic,ANTI-HAZING ACT,"AN ACT PROHIBITING AND REGULATING OTHER FORMS OF INITIATION RITES OF FRATERNITIES, SORORITIES, AND OTHER ORGANIZATIONS, AND PROVIDING PENALTIES FOR VIOLATION THEREOF, REPEALING FOR THE PURPOSE REPUBLIC ACT NO. 8049","LEGARDA, LOREN B.","August 20, 2015",NATIONAL,Hazing FRATERNITY/SORORITY,PUBLIC ORDER AND DANGEROUS DRUGS,PENDING IN THE COMMITTEE
Senate Bill No. 2986,16th Congress (July 2013 - 2016),https://ldr.senate.gov.ph/bills/senate-bill-no-2986-16th-congress-republic,TUITION-FREE HIGHER EDUCATION ACT OF 2015,"AN ACT PROVIDING A FULL TUITION SUBSIDY FOR STUDENTS ENROLLED IN STATE UNIVERSITIES AND COLLEGES (SUCS), AND APPROPRIATING FUNDS THEREFOR",Ralph G. Recto,"June 10, 2015",NATIONAL,STUDENTS STATE COLLEGES AND UNIVERSITIES (SCUS) TUITION FEES,"EDUCATION, ARTS AND CULTURE",PENDING IN THE COMMITTEE
Senate Bill No. 2679,16th Congress (July 2013 - 2016),https://ldr.senate.gov.ph/bills/senate-bill-no-2679-16th-congress-republic,UNIFIED STUDENT FINANCIAL ASSISTANCE SYSTEM FOR TERTIARY EDUCATION (UNIFAST) ACT,"AN ACT PROVIDING FOR A COMPREHENSIVE AND UNIFIED STUDENT FINANCIAL ASSISTANCE SYSTEM FOR TERTIARY EDUCATION (UNIFAST), THEREBY RATIONALIZING ACCESS THERETO, APPROPRIATING FUNDS THEREFOR AND FOR OTHER PURPOSES","LEGARDA, LOREN B.","April 3, 2015",NATIONAL,TERTIARY EDUCATION UNIFAST FINANCIAL ASSISTANCE STUDENTS,"EDUCATION, ARTS AND CULTURE",APPROVED BY THE PRESIDENT OF THE PHILIPPINES
Senate Bill No. 2933,16th Congress (July 2013 - 2016),https://ldr.senate.gov.ph/bills/senate-bill-no-2933-16th-congress-republic,"ISLAND COVE DRIVE (KAWIT, CAVITE)","AN ACT RENAMING THE BINAKAYAN DIVERSION ROAD LOCATED IN THE MUNICIPALITY OF KAWIT, PROVINCE OF CAVITE AS ISLAND COVE DRIVE","REVILLA JR., RAMON BONG","July 9, 2015",LOCAL,"ROADS, NAMING",PUBLIC WORKS,PENDING IN THE COMMITTEE
Senate Bill No. 2997,16th Congress (July 2013 - 2016),https://ldr.senate.gov.ph/bills/senate-bill-no-2997-16th-congress-republic,GOVERNMENT PROPAGANDA PROHIBITION ACT,AN ACT TO PROHIBIT THE USE OF GOVERNMENT FUNDS FOR PROPAGANDA PURPOSES,Miriam Defensor Santiago,"October 29, 2015",NATIONAL,GOVERNMENT FUNDING ACCOUNTABILITY ELECTIONS/ELECTORAL REFORMS,FINANCE,PENDING IN THE COMMITTEE
Senate Bill No. 2689,16th Congress (July 2013 - 2016),https://ldr.senate.gov.ph/bills/senate-bill-no-2689-16th-congress-republic,GOVERNMENT DOCTORS SALARY UPGRADING ACT,AN ACT UPGRADING THE MINIMUM SALARY GRADE OF GOVERNMENT DOCTORS FROM SALARY GRADE 16 TO 24,"POE, GRACE","November 3, 2015",NATIONAL,DOCTORS/PHYSICIANS/DENTISTS SALARY GRADE,HEALTH AND DEMOGRAPHY,PENDING IN THE COMMITTEE
Senate Bill No. 2753,16th Congress (July 2013 - 2016),https://ldr.senate.gov.ph/bills/senate-bill-no-2753-16th-congress-republic,PROPERTY REGISTRATION DECREE,AN ACT AMENDING SECTION 70 OF PRESIDENTIAL DECREE NO. 1529 OTHERWISE KNOWN AS THE PROPERTY REGISTRATION DECREE,Miriam Defensor Santiago,"June 5, 2015",NATIONAL,PROPERTY REGISTRATION,JUSTICE AND HUMAN RIGHTS,PENDING IN THE COMMITTEE
Senate Bill No. 2828,16th Congress (July 2013 - 2016),https://ldr.senate.gov.ph/bills/senate-bill-no-2828-16th-congress-republic,SAFE PACKED SALADS ACT,AN ACT REQUIRING THE POSTING OR SIGNS NEAR PRE-PACKED SALADS,Miriam Defensor Santiago,"August 6, 2015",NATIONAL,SALADS,HEALTH AND DEMOGRAPHY,PENDING IN THE COMMITTEE
Senate Bill No. 2891,16th Congress (July 2013 - 2016),https://ldr.senate.gov.ph/bills/senate-bill-no-2891-16th-congress-republic,"FIRST 1,000 DAYS ACT",AN ACT TO PROTECT FILIPINO MOTHERS AND CHILDREN FROM MALNUTRITION BY ESTABLISHING A MATERNAL AND CHILD HEALTH CARE PROGRAM APPROPRIATING FUNDS FOR THE PURPOSE,"ANGARA, SONNY","May 8, 2015",NATIONAL,CHILDREN/CHILD CARE MALNUTRITION MATERNAL/INFANT HEALTH,HEALTH AND DEMOGRAPHY,PENDING IN THE COMMITTEE
Senate Bill No. 2582,16th Congress (July 2013 - 2016),https://ldr.senate.gov.ph/bills/senate-bill-no-2582-16th-congress-republic,NUTRITION AND DIETETICS LAW OF 2015,"AN ACT REGULATING THE PRACTICE OF NUTRITION AND DIETETICS IN THE PHILIPPINES, REPEALING FOR THE PURPOSE PRESIDENTIAL DECREE NO. 1286, KNOWN AS THE 'NUTRITION AND DIETETICS DECREE OF 1977', APPROPRIATING FUNDS THEREFOR AND FOR OTHER RELATED PURPOSES",Antonio F. Trillanes IV,"January 22, 2015",NATIONAL,nutrition,"CIVIL SERVICE, GOVERNMENT REORGANIZATION AND PROFESSIONAL REGULATION",APPROVED BY THE PRESIDENT OF THE PHILIPPINES
Senate Bill No. 2647,16th Congress (July 2013 - 2016),https://ldr.senate.gov.ph/bills/senate-bill-no-2647-16th-congress-republic,HOLIDAY: HERMOSA DAY (BATAAN),"AN ACT DECLARING MAY 8 OF EVERY YEAR AS HERMOSA DAY AND A SPECIAL NON-WORKING PUBLIC HOLIDAY IN THE MUNICIPALITY OF HERMOSA, PROVINCE OF BATAAN","VILLAR, CYNTHIA A.","November 2, 2015",LOCAL,HOLIDAYS (NON-WORKING),LOCAL GOVERNMENT,CONSOLIDATED/SUBSTITUTED IN THE COMMITTEE REPORT
Senate Bill No. 2965,16th Congress (July 2013 - 2016),https://ldr.senate.gov.ph/bills/senate-bill-no-2965-16th-congress-republic,"AMENDING ART. 1032, CIVIL CODE","AN ACT AMENDING REPUBLIC ACT NO. 386, ALSO KNOWN AS THE CIVIL CODE OF THE PHILIPPINES, ARTICLE 1032, ON UNWORTHINESS TO SUCCEED",Miriam Defensor Santiago,"September 23, 2015",NATIONAL,CIVIL CODE OF THE PHILIPPINES Gender equality,"WOMEN, CHILDREN, FAMILY RELATIONS AND GENDER EQUALITY",PENDING IN THE COMMITTEE
Senate Bill No. 3029,16th Congress (July 2013 - 2016),https://ldr.senate.gov.ph/bills/senate-bill-no-3029-16th-congress-republic,"LONE LEGISLATIVE DISTRICT (SAN PEDRO CITY, LAGUNA)",AN ACT SEPARATING THE CITY OF SAN PEDRO FROM THE FIRST LEGISLATIVE DISTRICT OF THE PROVINCE OF LAGUNA TO CONSTITUTE THE LONE LEGISLATIVE DISTRICT OF THE CITY OF SAN PEDRO,"PIMENTEL, AQUILINO ""KOKO"" III","August 12, 2015",LOCAL,LEGISLATIVE DISTRICTS,RULES,PENDING IN THE COMMITTEE
Senate Bill No. 2905,16th Congress (July 2013 - 2016),https://ldr.senate.gov.ph/bills/senate-bill-no-2905-16th-congress-republic,CAFFEINATED MALT BEVERAGES ACT,"AN ACT PROHIBITING THE PRODUCTION, IMPORTATION OR SALE OF CAFFEINATED MALT BEVERAGES",Miriam Defensor Santiago,"August 18, 2015",NATIONAL,BEVERAGES,HEALTH AND DEMOGRAPHY,PENDING IN THE COMMITTEE
Senate Bill No. 2597,16th Congress (July 2013 - 2016),https://ldr.senate.gov.ph/bills/senate-bill-no-2597-16th-congress-republic,INSTALLATION OF 200 WATTS SOLAR PANELS IN PUBLIC SCHOOL BUILDINGS,AN ACT MANDATING THE INSTALLATION OF 200 WATTS SOLAR PANELS IN PUBLIC SCHOOL BUILDINGS WHERE ELECTRICITY IS NOT AVAILABLE,"ANGARA, SONNY","January 29, 2015",NATIONAL,Solar energy SCHOOL BUILDING,PUBLIC WORKS,PENDING IN THE COMMITTEE
Senate Bill No. 2661,16th Congress (July 2013 - 2016),https://ldr.senate.gov.ph/bills/senate-bill-no-2661-16th-congress-republic,INCREASING MATERNITY LEAVE BENEFITS TO 120 DAYS,"AN ACT INCREASING MATERNITY LEAVE BENEFITS FROM SIXTY (60) DAYS TO ONE HUNDRED TWENTY (120) DAYS OR FOUR MONTHS, AMENDING FOR THE PURPOSE, P.D. 442, AS AMENDED BY R.A. 7322",Antonio F. Trillanes IV,"February 23, 2015",NATIONAL,Maternity Leave LEAVE OF ABSENCE,"LABOR, EMPLOYMENT AND HUMAN RESOURCES DEVELOPMENT",CONSOLIDATED/SUBSTITUTED IN THE COMMITTEE REPORT
Senate Bill No. 2852,16th Congress (July 2013 - 2016),https://ldr.senate.gov.ph/bills/senate-bill-no-2852-16th-congress-republic,"ON-SITE, IN-CITY OR NEAR-CITY RESETTLEMENT ACT","AN ACT ESTABLISHING AN ON-SITE, IN-CITY OR NEAR-CITY RESETTLEMENT PROGRAM FOR INFORMAL SETTLER FAMILIES IN ACCORDANCE WITH A PEOPLE'S PLAN AND MANDATING RELOCATING LOCAL GOVERNMENT UNITS TO PROVIDE OTHER BASIC SERVICES AND LIVELIHOOD COMPONENTS IN FAVOR OF THE RECIPIENT LOCAL GOVERNMENT UNIT, AMENDING FOR THE PURPOSE REPUBLIC ACT NO. 7279, AS AMENDED, OTHERWISE KNOWN AS THE URBAN DEVELOPMENT AND HOUSING ACT OF 1992","EJERCITO, JOSEPH VICTOR G.","January 7, 2015",NATIONAL,URBAN DEVELOPMENT AND HOUSING ACT LOCAL GOVERNMENT UNITS (LGUs) SQUATTERS/SQUATTING,"URBAN PLANNING, HOUSING AND RESETTLEMENT",PENDING IN THE COMMITTEE
Senate Bill No. 2916,16th Congress (July 2013 - 2016),https://ldr.senate.gov.ph/bills/senate-bill-no-2916-16th-congress-republic,COMMEMORATING PNP-SAF ACTION FORCE FALLEN 44,AN ACT DECLARING JANUARY 25 OF EVERY YEAR AS A SPECIAL WORKING HOLIDAY THROUGHOUT THE COUNTRY TO COMMEMORATE THE HEROISM AND SACRIFICE OF THE FALLEN 44 OF THE PHILIPPINE NATIONAL POLICE SPECIAL ACTION FORCE,"BINAY, MARIA LOURDES NANCY S.","August 26, 2015",NATIONAL,HOLIDAYS (SPECIAL WORKING) PHILIPPINE NATIONAL POLICE (PNP),PUBLIC ORDER AND DANGEROUS DRUGS,PENDING IN THE COMMITTEE
Senate Bill No. 2608,16th Congress (July 2013 - 2016),https://ldr.senate.gov.ph/bills/senate-bill-no-2608-16th-congress-republic,NO CALLS AND NO TEXT REGISTRATION ACT OF 2015,AN ACT PROVIDING FOR THE ESTABLISHMENT OF THE NO CALLS AND NO TEXT REGISTRATION SYSTEM AND FOR OTHER PURPOSES,"REVILLA JR., RAMON BONG","February 2, 2015",NATIONAL,CONSUMER PROTECTION PRIVACY CELLULAR PHONES/CELL PHONES,PUBLIC SERVICES,PENDING IN THE COMMITTEE
Senate Bill No. 2672,16th Congress (July 2013 - 2016),https://ldr.senate.gov.ph/bills/senate-bill-no-2672-16th-congress-republic,PUBLIC-PRIVATE PARTNERSHIP (PPP) ACT,"AN ACT PROMOTING AND AUTHORIZING PUBLIC-PRIVATE PARTNERSHIPS FOR THE FINANCING, CONSTRUCTION, OPERATION AND MAINTENANCE OF INFRASTRUCTURE FACILITIES, APPROPRIATING FUNDS THEREFOR, AND FOR OTHER PURPOSES","ANGARA, SONNY","February 26, 2015",NATIONAL,PUBLIC-PRIVATE PARTNERSHIP (PPP) PROJECTS,PUBLIC WORKS,CONSOLIDATED/SUBSTITUTED IN THE COMMITTEE REPORT
Senate Bill No. 2991,16th Congress (July 2013 - 2016),https://ldr.senate.gov.ph/bills/senate-bill-no-2991-16th-congress-republic,INTER-AGENCY COORDINATING COMMITTEE TO PREVENT UNDERAGE DRINKING ACT,AN ACT TO ESTABLISH AN INTER-AGENCY COORDINATING COMMITTEE THAT WILL ADDRESS THE PROBLEM OF UNDERAGE DRINKING,Miriam Defensor Santiago,"October 14, 2015",NATIONAL,ALCOHOLIC BEVERAGES CHILDREN AND YOUTH,HEALTH AND DEMOGRAPHY,PENDING IN THE COMMITTEE
Senate Bill No. 2746,16th Congress (July 2013 - 2016),https://ldr.senate.gov.ph/bills/senate-bill-no-2746-16th-congress-republic,WORKING POOR PROTECTION ACT OF 2015,AN ACT PROVIDING FOR ENHANCED SOCIAL PROTECTION FOR THE WORKING POOR AND PROVIDING FUNDS THEREFOR,"Paolo Benigno ""Bam"" Aquino IV","April 5, 2015",NATIONAL,POVERTY ALLEVIATION,"SOCIAL JUSTICE, WELFARE AND RURAL DEVELOPMENT",PENDING IN THE COMMITTEE
Senate Bill No. 2821,16th Congress (July 2013 - 2016),https://ldr.senate.gov.ph/bills/senate-bill-no-2821-16th-congress-republic,POSTPARTUM DEPRESSION RESEARCH ACT,AN ACT TO PROVIDE FOR RESEARCH ON POSTPARTUM DEPRESSION AND PSYCHOSIS,Miriam Defensor Santiago,"August 6, 2015",NATIONAL,pregnancy POSTPARTUM DEPRESSION,HEALTH AND DEMOGRAPHY,PENDING IN THE COMMITTEE
Senate Bill No. 2884,16th Congress (July 2013 - 2016),https://ldr.senate.gov.ph/bills/senate-bill-no-2884-16th-congress-republic,EXPANDED SENIOR CITIZENS ACT (AMENDMENTS),"AN ACT GRANTING TO SENIOR CITIZENS A MINIMUM OF FIVE PERCENT (5%) DISCOUNT ON THE FIRST 150 KILOWATT HOURS OF ELECTRICITY AND ON THE FIRST 50 CUBIC METERS OF WATER CONSUMPTION, AND EXEMPTION FROM THE VALUE-ADDED TAX (VAT), AMENDING FOR THIS PURPOSE REPUBLIC ACT NO. 9994, OTHERWISE KNOWN AS THE EXPANDED SENIOR CITIZENS' ACT OF 2010","POE, GRACE","April 8, 2015",NATIONAL,SENIOR CITIZEN/ELDERLY VALUE-ADDED TAX (VAT) ELECTRICITY RATE REDUCTION,"SOCIAL JUSTICE, WELFARE AND RURAL DEVELOPMENT",PENDING IN THE COMMITTEE
Senate Bill No. 2576,16th Congress (July 2013 - 2016),https://ldr.senate.gov.ph/bills/senate-bill-no-2576-16th-congress-republic,LOCAL EMPLOYMENT AUTHORITY,"AN ACT CREATING THE LOCAL EMPLOYMENT AUTHORITY, DEFINING ITS POWERS AND FUNCTIONS AND APPROPRIATING FUNDS THEREFOR","ESTRADA, JINGGOY E.","January 20, 2015",NATIONAL,LOCAL EMPLOYMENT AUTHORITY DEPARTMENT OF LABOR AND EMPLOYMENT (DOLE),"LABOR, EMPLOYMENT AND HUMAN RESOURCES DEVELOPMENT",PENDING IN THE COMMITTEE
Senate Bill No. 2640,16th Congress (July 2013 - 2016),https://ldr.senate.gov.ph/bills/senate-bill-no-2640-16th-congress-republic,RESPONSIBLE BODY ARMOR POSSESSION ACT,"AN ACT TO PROHIBIT THE PURCHASE, OWNERSHIP, OR POSSESSION OF ENHANCED BODY ARMOR BY CIVILIANS",Miriam Defensor Santiago,"October 2, 2015",NATIONAL,BODY ARMOR,NATIONAL DEFENSE AND SECURITY,PENDING IN THE COMMITTEE
Senate Bill No. 2958,16th Congress (July 2013 - 2016),https://ldr.senate.gov.ph/bills/senate-bill-no-2958-16th-congress-republic,BIOLOGICAL EVIDENCE PRESERVATION ACT,AN ACT TO IMPROVE THE PRESERVATION AND ACCESSIBILITY OF BIOLOGICAL EVIDENCE,Miriam Defensor Santiago,"September 17, 2015",NATIONAL,BIOLOGICAL EVIDENCE,JUSTICE AND HUMAN RIGHTS,PENDING IN THE COMMITTEE
Senate Bill No. 3015,16th Congress (July 2013 - 2016),https://ldr.senate.gov.ph/bills/senate-bill-no-3015-16th-congress-republic,OLD-AGE PENSION OF MILITARY VETERANS,AN ACT TO INCREASE THE OLD-AGE PENSION OF MILITARY VETERANS AMENDING FOR THE PURPOSE SECTION 3 OF REPUBLIC ACT NO. 7696.,Antonio F. Trillanes IV,"November 24, 2015",NATIONAL,PENSION VETERANS,N/A,WITHDRAWN
Senate Bill No. 2714,16th Congress (July 2013 - 2016),https://ldr.senate.gov.ph/bills/senate-bill-no-2714-16th-congress-republic,"AMENDING SECS. 108 & 109, NATIONAL INTERNAL REVENUE CODE","AN ACT CLASSIFYING THE SALE OF ELECTRICITY BY GENERATION, TRANSMISSION AND DISTRIBUTION COMPANIES AND ELECTRIC COOPERATIVES, AND THE SERVICES OF FRANCHISE GRANTEES OF ELECTRIC UTILITIES, AND SALE OR IMPORTATION OF MACHINERY AND EQUIPMENT DIRECTLY USED IN GENERATION, TRANSMISSION, AND DISTRIBUTION OF ELECTRICITY AS VALUE-ADDED TAX EXEMPT TRANSACTIONS, AMENDING FOR THE PURPOSE, SECTIONS 108 (A) (II) AND 109 (1) OF THE NATIONAL INTERNAL REVENUE CODE, AS AMENDED BY REPUBLIC ACT NO. 9337, AND FOR OTHER PURPOSES",Sergio R. Osmeña III,"March 18, 2015",NATIONAL,NATIONAL INTERNAL REVENUE CODE (NIRC) VALUE-ADDED TAX (VAT) ELECTRIC COOPERATIVES TAXES/TAXATION,WAYS AND MEANS,PENDING IN THE COMMITTEE
Senate Bill No. 2779,16th Congress (July 2013 - 2016),https://ldr.senate.gov.ph/bills/senate-bill-no-2779-16th-congress-republic,ECONOMIC AND FINANCIAL LITERACY ACT,AN ACT DECLARING THE SECOND WEEK OF NOVEMBER OF EVERY YEAR AS ECONOMIC AND FINANCIAL LITERACY WEEK,"ANGARA, SONNY","May 25, 2015",NATIONAL,ECONOMIC AND FINANCIAL LITERACY,ECONOMIC AFFAIRS,CONSOLIDATED WITH APPROVED BILL
Senate Bill No. 2790,16th Congress (July 2013 - 2016),https://ldr.senate.gov.ph/bills/senate-bill-no-2790-16th-congress-republic,NUTRISKWELA ACT,"AN ACT ESTABLISHING THE PHILIPPINE BASIC EDUCATION NUTRITION AND PERFORMANCE ACCELERATION PROGRAM, APPROPRIATING FUNDS THEREFOR",Miriam Defensor Santiago,"May 28, 2015",NATIONAL,BASIC EDUCATION PROGRAM nutrition,HEALTH AND DEMOGRAPHY,PENDING IN THE COMMITTEE
Senate Bill No. 2545,16th Congress (July 2013 - 2016),https://ldr.senate.gov.ph/bills/senate-bill-no-2545-16th-congress-republic,PRESIDENTIAL YOUTH ADVISOR COUNCIL ACT,AN ACT INSTITUTING THE PRESIDENTIAL YOUTH ADVISOR COUNCIL,Miriam Defensor Santiago,"May 1, 2015",NATIONAL,YOUTH,YOUTH,PENDING IN THE COMMITTEE
Senate Bill No. 2863,16th Congress (July 2013 - 2016),https://ldr.senate.gov.ph/bills/senate-bill-no-2863-16th-congress-republic,ATM FEE REGULATORY ACT,AN ACT REQUIRING CERTAIN FINANCIAL INSTITUTIONS TO POST TRANSACTION FEES FOR EACH AUTOMATED TELLER MACHINE TRANSACTION AND RESTRICTING TRANSACTION FEES FOR AUTOMATED TELLER MACHINES,Miriam Defensor Santiago,"July 21, 2015",NATIONAL,AUTOMATED TELLER MACHINES (ATM),"BANKS, FINANCIAL INSTITUTIONS AND CURRENCIES",PENDING IN THE COMMITTEE
Senate Bill No. 2926,16th Congress (July 2013 - 2016),https://ldr.senate.gov.ph/bills/senate-bill-no-2926-16th-congress-republic,ILOCOS SUR SPECIAL ECONOMIC ZONE AND FREEPORT ACT,"AN ACT ESTABLISHING THE SPECIAL ECONOMIC ZONE AND FREEPORT IN THE PROVINCE OF ILOCOS SUR, CREATING FOR THIS PURPOSE THE ILOCOS SUR SPECIAL ECONOMIC ZONE AND FREEPORT AUTHORITY, APPROPRIATING FUNDS THEREFOR AND FOR OTHER PURPOSE","ANGARA, SONNY","February 9, 2015",NATIONAL,ECONOMIC ZONE,ECONOMIC AFFAIRS,PENDING IN THE COMMITTEE
Senate Bill No. 2619,16th Congress (July 2013 - 2016),https://ldr.senate.gov.ph/bills/senate-bill-no-2619-16th-congress-republic,FREE AND SUITABLE PUBLIC EDUCATION FOR HANDICAPPED CHILDREN,AN ACT PROVIDING FREE AND SUITABLE PUBLIC EDUCATION FOR HANDICAPPED CHILDREN AND APPROPRIATING FUNDS THEREFOR,"REVILLA JR., RAMON BONG","February 2, 2015",NATIONAL,CHILDREN WITH SPECIAL NEEDS HANDICAPPED/DISABLED/DIFFERENTLY ABLED,"EDUCATION, ARTS AND CULTURE",PENDING IN THE COMMITTEE
Senate Bill No. 2683,16th Congress (July 2013 - 2016),https://ldr.senate.gov.ph/bills/senate-bill-no-2683-16th-congress-republic,SOUTH COTABATO STATE COLLEGE,"AN ACT CONVERTING THE SURALLAH NATIONAL AGRICULTURAL SCHOOL IN THE MUNICIPALITY OF SURALLAH, PROVINCE OF SOUTH COTABATO INTO A STATE COLLEGE TO BE KNOWN AS THE SOUTH COTABATO STATE COLLEGE, AND APPROPRIATING FUNDS THEREFOR",Franklin M. Drilon,"October 3, 2015",LOCAL,"STATE COLLEGES AND UNIVERSITIES (SCUS) SCHOOLS, CONVERSION",RULES,PENDING IN THE COMMITTEE
Senate Bill No. 2937,16th Congress (July 2013 - 2016),https://ldr.senate.gov.ph/bills/senate-bill-no-2937-16th-congress-republic,RECIPROCITY REQUIREMENT FOR FOREIGN NATIONALS PRACTITIONERS,AN ACT IMPOSING RECIPROCITY AS A REQUIREMENT BEFORE ALLOWING FOREIGN NATIONALS TO PRACTICE THEIR PROFESSIONS IN THE PHILIPPINES TO PROTECT THE INTERESTS OF FILIPINO PROFESSIONALS AND FOR OTHER RELATED PURPOSES,Antonio F. Trillanes IV,"July 9, 2015",NATIONAL,FOREIGNERS/ALIEN,"CIVIL SERVICE, GOVERNMENT REORGANIZATION AND PROFESSIONAL REGULATION",PENDING IN THE COMMITTEE
Senate Bill No. 3001,16th Congress (July 2013 - 2016),https://ldr.senate.gov.ph/bills/senate-bill-no-3001-16th-congress-republic,PUBLIC ASSEMBLY CODE,AN ACT ENSURING THE FREE EXERCISE BY THE PEOPLE OF THEIR RIGHT PEACEABLY TO ASSEMBLE AND PETITION THE GOVERNMENT,Miriam Defensor Santiago,"April 11, 2015",NATIONAL,PUBLIC ASSEMBLY ACT,JUSTICE AND HUMAN RIGHTS,PENDING IN THE COMMITTEE
Senate Bill No. 2693,16th Congress (July 2013 - 2016),https://ldr.senate.gov.ph/bills/senate-bill-no-2693-16th-congress-republic,AUTHORIZING THE PUNONG BARANGAY TO ADMINISTER THE OATH OF OFFICE,"AN ACT AUTHORIZING THE PUNONG BARANGAY TO ADMINISTER THE OATH OF OFFICE OF ANY GOVERNMENT OFFICIAL, INCLUDING THE PRESIDENT OF THE REPUBLIC OF THE PHILIPPINES, AMENDING FOR THE PURPOSE SECTION 41 OF EXECUTIVE ORDER NO. 292 OTHERWISE KNOWN AS THE ADMINISTRATIVE CODE OF 1987, AS AMENDED BY R.A. 6733","ESCUDERO, FRANCIS G.","March 16, 2015",NATIONAL,BARANGAY CAPTAIN/PUNONG BARANGAY ADMINISTRATIVE CODE OF 1987 (E.O.NO. 292),LOCAL GOVERNMENT,APPROVED BY THE PRESIDENT OF THE PHILIPPINES
Senate Bill No. 2758,16th Congress (July 2013 - 2016),https://ldr.senate.gov.ph/bills/senate-bill-no-2758-16th-congress-republic,ARTIST'S WELFARE PROTECTION AND INFORMATION ACT OF 2015,"AN ACT PROVIDING FOR AN ARTISTS WELFARE PROTECTION AND INFORMATION ACT, AND PROVIDING FUNDS FOR THE PURPOSE","POE, GRACE","July 5, 2015",NATIONAL,ARTISTS CAREER SERVICE,"EDUCATION, ARTS AND CULTURE",PENDING IN THE COMMITTEE
Senate Bill No. 2836,16th Congress (July 2013 - 2016),https://ldr.senate.gov.ph/bills/senate-bill-no-2836-16th-congress-republic,RETIREMENT AGE OF SURFACE MINE WORKERS (FROM 60 TO 50 YEARS),"AN ACT REDUCING THE RETIREMENT AGE OF SURFACE MINE WORKERS FROM SIXTY (60) TO FIFTY (50) YEARS AMENDING FOR THE PURPOSE ARTICLE 293 OF PRESIDENTIAL DECREE NO. 442, AS AMENDED, OTHERWISE KNOWN AS THE LABOR CODE OF THE PHILIPPINES","ESTRADA, JINGGOY E.","September 6, 2015",NATIONAL,RETIREMENT AGE LABOR CODE OF THE PHILIPPINES (P.D. NO. 442),"LABOR, EMPLOYMENT AND HUMAN RESOURCES DEVELOPMENT",APPROVED BY THE PRESIDENT OF THE PHILIPPINES
Senate Bill No. 2895,16th Congress (July 2013 - 2016),https://ldr.senate.gov.ph/bills/senate-bill-no-2895-16th-congress-republic,REVIVING THE PHILIPPINE MOVIE INDUSTRY,"AN ACT REVIVING THE PHILIPPINE MOVIE INDUSTRY BY PROVIDING INCENTIVES TO THE PROPRIETORS, LESSEES, OPERATORS OF THEATERS AND CINEMAS","REVILLA JR., RAMON BONG","November 8, 2015",NATIONAL,PHILIPPINE MOVIE INDUSTRY TAX INCENTIVES,PUBLIC INFORMATION AND MASS MEDIA,PENDING IN THE COMMITTEE
Senate Bill No. 2587,16th Congress (July 2013 - 2016),https://ldr.senate.gov.ph/bills/senate-bill-no-2587-16th-congress-republic,AD INTERIM AUTHORITY TO THE LAND BANK OF THE PHILIPPINES,"AN ACT GRANTING AD INTERIM AUTHORITY TO THE LAND BANK OF THE PHILIPPINES TO RECEIVE PAYMENTS OF GOVERNMENT SERVICE INSURANCE SYSTEM MONTHLY PREMIUM CONTRIBUTIONS FROM THE EMPLOYEES OF THE GOVERNMENT, AND TO FACILITATE PAYMENT OF BENEFITS, PROCEEDS, AND CLAIMS UNDER REPUBLIC ACT 8291, OTHERWISE KNOWN AS THE GOVERNMENT SERVICE INSURANCE SYSTEM ACT OF 1997","ESTRADA, JINGGOY E.","January 26, 2015",NATIONAL,LAND BANK OF THE PHILIPPINES (LBP) GOVERNMENT SERVICE INSURANCE SYSTEM (GSIS),GOVERNMENT CORPORATIONS AND PUBLIC ENTERPRISES,PENDING IN THE COMMITTEE
Senate Bill No. 2651,16th Congress (July 2013 - 2016),https://ldr.senate.gov.ph/bills/senate-bill-no-2651-16th-congress-republic,FNANCIAL ASSISTANCE TO EMPLOYEES WHO HAS REACH SIXTY-FIVE BUT NOT ENTITLED TO ANY RETIREMENT PAY,"AN ACT AMENDING ARTICLE 287 OF PRESENDENTIAL DECREE NO. 442, AS AMENDED, OTHERWISE KNOWN AS THE LABOR CODE OF THE PHILIPPINES, BY PROVIDING FINANCIAL ASSISTANCE TO EMPLOYEES WHO REACHED THE AGE OF SIXTY-FIVE BUT ARE NOT ENTITLED TO ANY RETIREMENT PAY","ESTRADA, JINGGOY E.","February 16, 2015",NATIONAL,RETIREMENT BENEFITS LABOR CODE OF THE PHILIPPINES (P.D. NO. 442),"LABOR, EMPLOYMENT AND HUMAN RESOURCES DEVELOPMENT",PENDING IN THE COMMITTEE
Senate Bill No. 2969,16th Congress (July 2013 - 2016),https://ldr.senate.gov.ph/bills/senate-bill-no-2969-16th-congress-republic,ISSUANCE BY COURTS OF PRELIMINARY INJUNCTIONS,"AN ACT AMENDING PRESIDENTIAL DECREE NO. 605 BANNING THE ISSUANCE BY COURTS OF PRELIMINARY INJUNCTIONS IN CASES INVOLVING CONCESSIONS, LICENSES, AND OTHER PERMITS ISSUED BY PUBLIC ADMINISTRATIVE OFFICIALS OR BODIES FOR EXPLOITATION OF NATURAL RESOURCES",Miriam Defensor Santiago,"September 28, 2015",NATIONAL,NATURAL RESOURCES PRESIDENTIAL DECREE (P.D.NO. 605),JUSTICE AND HUMAN RIGHTS,PENDING IN THE COMMITTEE
Senate Bill No. 3033,16th Congress (July 2013 - 2016),https://ldr.senate.gov.ph/bills/senate-bill-no-3033-16th-congress-republic,DUTY-FREE PADALA/PASALUBONG ACT OF 2015,"AN ACT DECLARING THE REASONABLE IMPORTATION OF OVERSEAS FILIPINO WORKERS FOR THE PERSONAL USE AND CONSUMPTION OF THEIR FAMILIES AS EXEMPT FROM THE PAYMENT OF IMPORT DUTIES, AND FOR OTHER PURPOSES","Ferdinand ""Bongbong"" R. Marcos, Jr.","December 14, 2015",NATIONAL,OVERSEAS FILIPINO WORKERS (OFW) BALIKBAYAN BOXES,WAYS AND MEANS,PENDING IN THE COMMITTEE
Senate Bill No. 2726,16th Congress (July 2013 - 2016),https://ldr.senate.gov.ph/bills/senate-bill-no-2726-16th-congress-republic,SPEED BUMP REGULATION ACT,AN ACT TO REGULATE THE CONSTRUCTION AND MAINTENANCE OF SPEED BUMPS,Miriam Defensor Santiago,"April 16, 2015",NATIONAL,ROAD SAFETY,PUBLIC WORKS,PENDING IN THE COMMITTEE
Senate Bill No. 2354,16th Congress (July 2013 - 2016),https://ldr.senate.gov.ph/bills/senate-bill-no-2354-16th-congress-republic,NATIONAL CAPITAL AND SEAT OF GOVERNMENT OF THE PHILIPPINES,AN ACT CONSTITUTING A COMMISSION FOR THE PURPOSE OF STUDYING THE FEASIBILITY AND DESIRABILITY OF RELOCATING THE NATIONAL CAPITAL AND SEAT OF GOVERNMENT OF THE PHILIPPINES AND FOR OTHER RELEVANT PURPOSES,Antonio F. Trillanes IV,"August 13, 2014",NATIONAL,SEAT OF GOVERNMENT NATIONAL CAPITAL COMMISSION FOR CAPITAL RELOCATION,"CIVIL SERVICE, GOVERNMENT REORGANIZATION AND PROFESSIONAL REGULATION","PENDING SECOND READING, ORDINARY BUSINESS"
Senate Bill No. 2418,16th Congress (July 2013 - 2016),https://ldr.senate.gov.ph/bills/senate-bill-no-2418-16th-congress-republic,EXTENSION OF DEADLINE TO FILE CLAIMS (HUMAN RIGHTS VICTIMS' CLAIMS REPARATION AND RECOGNITION),AN ACT EXTENDING THE DEADLINE TO FILE CLAIMS UNDER THE HUMAN RIGHTS VICTIMS REPARATION AND RECOGNITION ACT OF 2013 OR REPUBLIC ACT NO. 10368,"Teofisto ""TG"" D. Guingona III","September 22, 2014",NATIONAL,HUMAN RIGHTS,JUSTICE AND HUMAN RIGHTS,CONSOLIDATED/SUBSTITUTED IN THE COMMITTEE REPORT
Senate Bill No. 2110,16th Congress (July 2013 - 2016),https://ldr.senate.gov.ph/bills/senate-bill-no-2110-16th-congress-republic,ELECTRONIC SPEED LIMITER ACT OF 2014,AN ACT MANDATING THE INSTALLATION OF ELECTRONIC SPEED LIMITERS TO ALL PUBLIC UTILITY BUSES FOR THE PROTECTION OF THE RIDING PUBLIC AND FOR OTHER PURPOSES,"EJERCITO, JOSEPH VICTOR G.","October 2, 2014",NATIONAL,PUBLIC UTILITY VEHICLES BUS,PUBLIC SERVICES,CONSOLIDATED/SUBSTITUTED IN THE COMMITTEE REPORT
Senate Bill No. 2174,16th Congress (July 2013 - 2016),https://ldr.senate.gov.ph/bills/senate-bill-no-2174-16th-congress-republic,JURISDICTION OF CRIMINAL CASES ARISING FROM VIOLATION OF COMMERCIAL LAWS TO SPECIAL COMMERCIAL COURT,AN ACT TRANSFERRING THE JURISDICTION OF CRIMINAL CASES ARISING FROM VIOLATIONS OF COMMERCIAL LAWS TO SPECIAL COMMERCIAL COURTS,"BINAY, MARIA LOURDES NANCY S.","November 3, 2014",NATIONAL,CORPORATION CODE INSURANCE CODE,JUSTICE AND HUMAN RIGHTS,PENDING IN THE COMMITTEE
Senate Bill No. 2492,16th Congress (July 2013 - 2016),https://ldr.senate.gov.ph/bills/senate-bill-no-2492-16th-congress-republic,GREENING FOOD DESERTS ACT,"AN ACT ESTABLISHING A NEW OFFICE UNDER THE DEPARTMENT OF AGRICULTURE TO INCREASE THE EMPHASIS ON URBAN AGRICULTURAL ISSUES AND TO EFFECTIVELY ENCOURAGE LOCAL AGRICULTURAL PRODUCTION AND INCREASE THE AVAILABILITY OF FRESH FOOD IN URBAN AREAS, PARTICULARLY UNDERSERVED COMMUNITIES EXPERIENCING HUNGER, POOR NUTRITION, OBESITY AND FOOD INSECURITY",Miriam Defensor Santiago,"October 12, 2014",NATIONAL,FOOD SECURITY OBESITY DEPARTMENT OF AGRICULTURE,AGRICULTURE AND FOOD,PENDING IN THE COMMITTEE
Senate Bill No. 2248,16th Congress (July 2013 - 2016),https://ldr.senate.gov.ph/bills/senate-bill-no-2248-16th-congress-republic,"AMENDING ARTS. 213 AND 215, PD 442 (LABOR CODE)","AN ACT STRENGTHENING THE OPERATIONS OF THE NATIONAL LABOR RELATIONS COMMISSION, AMENDING FOR THIS PURPOSE ARTICLES 213 AND 215 OF P.D.NO. 442, AS AMENDED, OTHERWISE KNOWN AS THE LABOR CODE OF THE PHILIPPINES","ANGARA, SONNY","May 27, 2014",NATIONAL,LABOR CODE OF THE PHILIPPINES (P.D. NO. 442) NATIONAL LABOR RELATIONS COMMISSION (NLRC),"LABOR, EMPLOYMENT AND HUMAN RESOURCES DEVELOPMENT",CONSOLIDATED/SUBSTITUTED IN THE COMMITTEE REPORT
Senate Bill No. 2312,16th Congress (July 2013 - 2016),https://ldr.senate.gov.ph/bills/senate-bill-no-2312-16th-congress-republic,STRENGTHENING THE OFFICE OF THE SOLICITOR GENERAL,"AN ACT TO FURTHER STRENGTHEN THE OFFICE OF THE SOLICITOR GENERAL, AMENDING FOR THE PURPOSE REPUBLIC ACT NO. 9417 AND APPROPRIATING FUNDS THEREFOR","ANGARA, SONNY","July 15, 2014",NATIONAL,OFFICE OF THE SOLICITOR GENERAL,JUSTICE AND HUMAN RIGHTS,PENDING IN THE COMMITTEE
Senate Bill No. 2068,16th Congress (July 2013 - 2016),https://ldr.senate.gov.ph/bills/senate-bill-no-2068-16th-congress-republic,ENHANCING PROTECTION FOR OVERSEAS FILIPINO WORKERS IN THE CUSTODY OF GOVERNMENT OFFICERS/EMPLOYEES,"AN ACT ENHANCING PROTECTION FOR OVERSEAS FILIPINO WORKERS IN THE CUSTODY OF GOVERNMENT OFFICERS/EMPLOYEES, AMENDING FOR THIS PURPOSE REPUBLIC ACT 8042","BINAY, MARIA LOURDES NANCY S.","January 20, 2014",NATIONAL,OVERSEAS FILIPINO WORKERS (OFW) Philippine Overseas Employment Administration (POEA) Department of Foreign Affairs (DFA),"LABOR, EMPLOYMENT AND HUMAN RESOURCES DEVELOPMENT",PENDING IN THE COMMITTEE
Senate Bill No. 2322,16th Congress (July 2013 - 2016),https://ldr.senate.gov.ph/bills/senate-bill-no-2322-16th-congress-republic,"PARKS, RECREATIONAL AND OPEN SPACES ACT (P.R.O.S. ACT)","AN ACT REQUIRING CITY PLANS TO PROVIDE FOR THE CREATION OF PARKS, RECREATIONAL FACILITIES AND OPEN SPACES",Miriam Defensor Santiago,"July 24, 2014",NATIONAL,PARKS,LOCAL GOVERNMENT,PENDING IN THE COMMITTEE
Senate Bill No. 2386,16th Congress (July 2013 - 2016),https://ldr.senate.gov.ph/bills/senate-bill-no-2386-16th-congress-republic,PORAC DAY (PAMPANGA),"AN ACT DECLARING OCTOBER 31 OF EVERY YEAR A SPECIAL NON-WORKING HOLIDAY IN THE MUNICIPALITY OF PORAC, PROVINCE OF PAMPANGA IN COMMEMORATION OF ITS FOUNDING ANNIVERSARY TO BE KNOWN AS PORAC DAY","LAPID, MANUEL ""LITO"" M.","March 9, 2014",NATIONAL,HOLIDAYS (NON-WORKING),LOCAL GOVERNMENT,CONSOLIDATED/SUBSTITUTED IN THE COMMITTEE REPORT
Senate Bill No. 2078,16th Congress (July 2013 - 2016),https://ldr.senate.gov.ph/bills/senate-bill-no-2078-16th-congress-republic,STREAMLINING ENERGY EFFICIENCY FOR SCHOOLS ACT,AN ACT DESIGNATING THE DEPARTMENT OF ENERGY AS THE LEAD AGENCY FOR COORDINATING NATIONAL GOVERNMENT AND LOCAL ASSISTANCE PROVIDED TO PROMOTE ENERGY RETROFITTING OF SCHOOLS,Miriam Defensor Santiago,"January 22, 2014",NATIONAL,DEPARTMENT OF ENERGY (DOE) Energy conservation,ENERGY,PENDING IN THE COMMITTEE
Senate Bill No. 2142,16th Congress (July 2013 - 2016),https://ldr.senate.gov.ph/bills/senate-bill-no-2142-16th-congress-republic,"AMENDING SECS. 74 & 75, AGRICULTURAL LAND REFORM CODE","AN ACT STRENGTHENING ASSISTANCE TO FARMERS, FISHERFOLK AND AGRARIAN REFORM BENEFICIARIES BY INSTITUTIONALIZING DIRECT CREDIT SUPPORT TO THE SECTORS, AMENDING REPUBLIC ACT NO. 3844 OR THE AGRICULTURAL LAND REFORM CODE","POE, GRACE","February 25, 2014",NATIONAL,AGRICULTURAL LAND REFORM CODE (R.A.NO. 3844) FARMERS/FISHERFOLK,"BANKS, FINANCIAL INSTITUTIONS AND CURRENCIES",CONSOLIDATED/SUBSTITUTED IN THE COMMITTEE REPORT
Senate Bill No. 2460,16th Congress (July 2013 - 2016),https://ldr.senate.gov.ph/bills/senate-bill-no-2460-16th-congress-republic,WOMEN'S BUSINESS ENTERPRISE ACT OF 2014,"AN ACT CREATING A NATIONAL WOMEN'S BUSINESS ENTERPRISE POLICY AND PRESCRIBING ARRANGEMENTS FOR DEVELOPING, COORDINATING AND IMPLEMENTING A NATIONAL PROGRAM FOR WOMEN'S ENTERPRISE",Miriam Defensor Santiago,"November 18, 2014",NATIONAL,NATIONAL WOMENS BUSINESS ENTERPRISE,"TRADE, COMMERCE AND ENTREPRENEURSHIP",PENDING IN THE COMMITTEE
Senate Bill No. 2524,16th Congress (July 2013 - 2016),https://ldr.senate.gov.ph/bills/senate-bill-no-2524-16th-congress-republic,NATIONAL COMMISSION ON INDIGENOUS PEOPLES,"AN ACT MANDATING THE NATIONAL COMMISSION ON INDIGENOUS PEOPLES TO PROVIDE TRANSPORTATION, FOOD AND NON-MONETARY ASSISTANCE TO INDIGENT LITIGANTS WHO ARE MEMBERS OF INDIGENOUS CULTURAL COMMUNITIES WHILE IN ATTENDANCE OF HEARINGS OR PROCEEDINGS IN THE NCIP","BINAY, MARIA LOURDES NANCY S.","December 17, 2014",NATIONAL,NATIONAL COMMISSION ON INDIGENOUS PEOPLES INDIGENOUS CULTURAL COMMUNITIES,CULTURAL COMMUNITIES,PENDING IN THE COMMITTEE
Senate Bill No. 2216,16th Congress (July 2013 - 2016),https://ldr.senate.gov.ph/bills/senate-bill-no-2216-16th-congress-republic,MANDATORY APPOINTMENT OF A COOPERATIVE OFFICER IN EVERY LGUS,"AN ACT PROVIDING FOR THE MANDATORY APPOINTMENT OF A COOPERATIVES OFFICER IN EVERY LOCAL GOVERNMENT UNIT, AMENDING FOR THE PURPOSE REPUBLIC ACT NO. 7160, OTHERWISE KNOWN AS THE LOCAL GOVERNMENT CODE OF 1991","Paolo Benigno ""Bam"" Aquino IV","July 5, 2014",NATIONAL,COOPERATIVES LOCAL GOVERNMENT UNITS (LGUs) LOCAL GOVERNMENT CODE (R.A. NO. 7160),LOCAL GOVERNMENT,PENDING IN THE COMMITTEE
Senate Bill No. 2281,16th Congress (July 2013 - 2016),https://ldr.senate.gov.ph/bills/senate-bill-no-2281-16th-congress-republic,PUBLIC SCHOOL TEACHERS SALARY INCREASE,"AN ACT INCREASING THE MINIMUM MONTHLY SALARIES OF PUBLIC SCHOOL TEACHERS TO TWENTY FIVE THOUSAND PESOS (P25,000.00) AND NON-TEACHING PERSONNEL TO FIFTEEN THOUSAND PESOS (P15,000.00)",Sergio R. Osmeña III,"November 6, 2014",NATIONAL,TEACHERS WAGE INCREASE/SALARY INCREASE,"EDUCATION, ARTS AND CULTURE",PENDING IN THE COMMITTEE
Senate Bill No. 2491,16th Congress (July 2013 - 2016),https://ldr.senate.gov.ph/bills/senate-bill-no-2491-16th-congress-republic,LOCAL SCHOOL FOODS ACT,AN ACT TO CONDUCT A PILOT PROGRAM IN SUPPORT OF EFFORTS TO INCREASE THE AMOUNT OF PURCHASES OF LOCAL FRESH FRUITS AND VEGETABLES FOR SCHOOLS BY GIVING CERTAIN ADMINISTRATIVE REGIONS THE OPTION OF RECEIVING A GRANT FROM THE SECRETARY OF AGRICULTURE,Miriam Defensor Santiago,"September 12, 2014",NATIONAL,SCHOOL HEALTH DEPARTMENT OF AGRICULTURE,AGRICULTURE AND FOOD,PENDING IN THE COMMITTEE
Senate Bill No. 2247,16th Congress (July 2013 - 2016),https://ldr.senate.gov.ph/bills/senate-bill-no-2247-16th-congress-republic,"AMENDING SEC. 9, PD 1589 (ENVIRONMENTAL COMPLIANCE CERTIFICATE)",AN ACT INCREASING THE PENALTIES FOR VIOLATIONS OF THE TERMS AND CONDITIONS OF ENVIRONMENTAL COMPLIANCE CERTIFICATE AMENDING FOR THE PURPOSE PRESIDENTIAL DECREE 1586,"BINAY, MARIA LOURDES NANCY S.","May 27, 2014",NATIONAL,ENVIRONMENTAL COMPLIANCE CERTIFICATE (ECC),ENVIRONMENT AND NATURAL RESOURCES,PENDING IN THE COMMITTEE
Senate Bill No. 2311,16th Congress (July 2013 - 2016),https://ldr.senate.gov.ph/bills/senate-bill-no-2311-16th-congress-republic,ENHANCED CODE OF CONDUCT AND ETHICAL STANDARDS FOR PUBLIC SERVANTS OF 2014,AN ACT STRENGTHENING THE CODE OF CONDUCT AND ETHICAL STANDARDS FOR PUBLIC SERVANTS,"POE, GRACE","July 15, 2014",NATIONAL,CODE OF CONDUCT AND ETHICAL STANDARDS (R.A.NO. 6713),"CIVIL SERVICE, GOVERNMENT REORGANIZATION AND PROFESSIONAL REGULATION",PENDING IN THE COMMITTEE
Senate Bill No. 2067,16th Congress (July 2013 - 2016),https://ldr.senate.gov.ph/bills/senate-bill-no-2067-16th-congress-republic,SOLIDARY CIVIL LIABILITY OF COMMON CARRIERS,"AN ACT INCREASING THE LIABILITY OF PERSONS, FIRMS, CORPORATIONS, AND OTHER ENTITIES ENGAGED IN THE BUSINESS OF TRANSPORTING PASSENGERS, BY LAND, WATER OR AIR, BY MAKING THEIR CIVIL LIABILITY SOLIDARY FOR THE ACTS AND OMISSIONS OF THEIR EMPLOYEES IN THE DISCHARGE OF THEIR DUTIES, AMENDING FOR THIS PURPOSE ACT NO. 3815, AS AMENDED, OTHERWISE KNOWN AS THE REVISED PENAL CODE","BINAY, MARIA LOURDES NANCY S.","January 20, 2014",NATIONAL,REVISED PENAL CODE (R.A. NO. 3815) BUS PUBLIC UTILITY VEHICLES TRANSPORTATION COMMON CARRIERS,JUSTICE AND HUMAN RIGHTS,PENDING IN THE COMMITTEE
Senate Bill No. 2321,16th Congress (July 2013 - 2016),https://ldr.senate.gov.ph/bills/senate-bill-no-2321-16th-congress-republic,MERCURY IN DENTAL FILLINGS PROHIBITION ACT,AN ACT PROHIBITING THE USE OF MERCURY IN DENTAL AMALGAM FILLINGS,Miriam Defensor Santiago,"July 23, 2014",NATIONAL,MERCURY DENTAL AMALGAM,HEALTH AND DEMOGRAPHY,PENDING IN THE COMMITTEE
Senate Bill No. 2385,16th Congress (July 2013 - 2016),https://ldr.senate.gov.ph/bills/senate-bill-no-2385-16th-congress-republic,UNDERPRIVILEGED STUDENTS' DISCOUNT ACT OF 2014,"AN ACT GRANTING DISCOUNTS ON BASIC AND EDUCATION SERVICES TO UNDERPRIVILEGED STUDENTS IN ALL LEVELS, INCLUDING THOSE ENROLLED IN TECHNICAL-VOCATIONAL (TECH-VOC) INSTITUTIONS","ANGARA, SONNY","March 9, 2014",NATIONAL,STUDENTS DISCOUNT PRIVILEGES,"EDUCATION, ARTS AND CULTURE",PENDING IN THE COMMITTEE
Senate Bill No. 2077,16th Congress (July 2013 - 2016),https://ldr.senate.gov.ph/bills/senate-bill-no-2077-16th-congress-republic,SOCIAL SERVICES FOR FARMERS' DEPENDENTS ACT OF 2013,AN ACT PROVIDING SOCIAL SERVICES FOR THE DEPENDENTS OF FARMERS,Miriam Defensor Santiago,"January 22, 2014",NATIONAL,FARMERS/FISHERFOLK,AGRICULTURE AND FOOD,PENDING IN THE COMMITTEE
Senate Bill No. 2141,16th Congress (July 2013 - 2016),https://ldr.senate.gov.ph/bills/senate-bill-no-2141-16th-congress-republic,"AMENDING SEC. 38, OMBUDSMAN ACT","AN ACT STRENGTHENING THE FISCAL AUTONOMY OF THE OFFICE OF THE OMBUDSMAN BY AMENDING CERTAIN PROVISIONS OF REPUBLIC ACT NO. 6770 OTHERWISE KNOWN AS THE OMBUDSMAN ACT OF 1989, AND PROVIDING FUNDS THEREFOR","Teofisto ""TG"" D. Guingona III","February 25, 2014",NATIONAL,OMBUDSMAN,JUSTICE AND HUMAN RIGHTS,PENDING IN THE COMMITTEE
Senate Bill No. 2459,16th Congress (July 2013 - 2016),https://ldr.senate.gov.ph/bills/senate-bill-no-2459-16th-congress-republic,YOUTH PRE-REGISTRATION ACT,AN ACT TO IMPROVE VOTERS TURNOUT BY PROVIDING PRE-REGISTRATION SERVICES IN PUBLIC SCHOOLS FOR CHILDREN AGED SIXTEEN AND SEVENTEEN,Miriam Defensor Santiago,"November 18, 2014",NATIONAL,YOUTH VOTERS REGISTRATION COMMISSION ON ELECTION (COMELEC),ELECTORAL REFORMS AND PEOPLES PARTICIPATION,PENDING IN THE COMMITTEE
Senate Bill No. 2523,16th Congress (July 2013 - 2016),https://ldr.senate.gov.ph/bills/senate-bill-no-2523-16th-congress-republic,FINANCIAL AND ECONOMIC RELIEF TO SOLO PARENTS,"AN ACT GRANTING FINANCIAL AND ECONOMIC RELIEF TO SOLO PARENTS, AMENDING FOR THIS PURPOSE REPUBLIC ACT NO. 8424, OTHERWISE KNOWN AS THE TAX REFORM ACT OF 1997, AND FOR OTHER PURPOSES","BINAY, MARIA LOURDES NANCY S.","December 17, 2014",NATIONAL,SOLO PARENTS WELFARE ACT (R.A.NO. 8972) TAX REFORM ACT,"WOMEN, CHILDREN, FAMILY RELATIONS AND GENDER EQUALITY",PENDING IN THE COMMITTEE
Senate Bill No. 2215,16th Congress (July 2013 - 2016),https://ldr.senate.gov.ph/bills/senate-bill-no-2215-16th-congress-republic,COMMUNITY DISASTER WAREHOUSE BILL,AN ACT PROVIDING EMERGENCY WAREHOUSES IN AREAS DEVASTATED BY CALAMITIES TO ENSURE AFFECTED CONSUMERS ACCESS TO BASIC NECESSITIES AND PRIME COMMODITIES AT DISCOUNTED AND TAX FREE PRICES,"Paolo Benigno ""Bam"" Aquino IV","July 5, 2014",NATIONAL,CALAMITY/DISASTER EMERGENCY RESPONSE/EMERGENCY PREPAREDNESS,"TRADE, COMMERCE AND ENTREPRENEURSHIP",PENDING IN THE COMMITTEE
Senate Bill No. 2279,16th Congress (July 2013 - 2016),https://ldr.senate.gov.ph/bills/senate-bill-no-2279-16th-congress-republic,RARE DISEASES ACT OF THE PHILIPPINES,AN ACT PROMULGATING A COMPREHENSIVE POLICY IN ADDRESSING THE NEEDS OF PERSONS AFFLICTED BY RARE DISORDERS,"VILLAR, CYNTHIA A.","October 6, 2014",NATIONAL,RARE DISEASES,HEALTH AND DEMOGRAPHY,CONSOLIDATED/SUBSTITUTED IN THE COMMITTEE REPORT
Senate Bill No. 2353,16th Congress (July 2013 - 2016),https://ldr.senate.gov.ph/bills/senate-bill-no-2353-16th-congress-republic,"AMENDING SECS. 22, 24 (A) 51 (A) (2), NIRC (MARGINAL INCOME EARNERS)",AN ACT PROVIDING FOR TAX EXEMPTION OF MARGINAL INCOME EARNERS,"Paolo Benigno ""Bam"" Aquino IV","August 13, 2014",NATIONAL,TAXES/TAXATION NATIONAL INTERNAL REVENUE CODE (NIRC),WAYS AND MEANS,PENDING IN THE COMMITTEE
Senate Bill No. 2417,16th Congress (July 2013 - 2016),https://ldr.senate.gov.ph/bills/senate-bill-no-2417-16th-congress-republic,REVISED PHILIPPINE DISASTER RISK REDUCTION AND MANAGEMENT ACT OF 2014,"AN ACT FURTHER STRENGTHENING THE PHILIPPINE DISASTER RISK REDUCTION AND MANAGEMENT SYSTEM, PROVIDING FOR THE NATIONAL DISASTER RISK REDUCTION AND MANAGEMENT FRAMEWORK AND INSTITUTIONALIZING THE NATIONAL DISASTER RISK REDUCTION AND MANAGEMENT PLAN, APPROPRIATING FUNDS THEREFOR AND OTHER PURPOSES","Teofisto ""TG"" D. Guingona III","September 22, 2014",NATIONAL,DISASTER AWARENESS/MITIGATION,NATIONAL DEFENSE AND SECURITY,PENDING IN THE COMMITTEE
Senate Bill No. 2109,16th Congress (July 2013 - 2016),https://ldr.senate.gov.ph/bills/senate-bill-no-2109-16th-congress-republic,NEW CENTRAL BANK ACT (AMENDMENTS),"AN ACT AMENDING REPUBLIC ACT NUMBER 7653, OTHERWISE KNOWN AS 'THE NEW CENTRAL BANK ACT', AND FOR OTHER PURPOSES","Ferdinand ""Bongbong"" R. Marcos, Jr.","October 2, 2014",NATIONAL,NEW CENTRAL BANK ACT BANGKO SENTRAL NG PILIPINAS (BSP),"BANKS, FINANCIAL INSTITUTIONS AND CURRENCIES",PENDING IN THE COMMITTEE
Senate Bill No. 2173,16th Congress (July 2013 - 2016),https://ldr.senate.gov.ph/bills/senate-bill-no-2173-16th-congress-republic,RATE OF INTEREST ON LOAN OR FORBEARANCE OF MONEY,AN ACT CLARIFYING THE RULE ON IMPOSITION OF INTEREST ON OBLIGATIONS CONSISTING OF LOAN OR FORBEARANCE OF MONEY,"BINAY, MARIA LOURDES NANCY S.","November 3, 2014",NATIONAL,LOANS/FORBEARANCES (RATES OF INTEREST),"BANKS, FINANCIAL INSTITUTIONS AND CURRENCIES",PENDING IN THE COMMITTEE
Senate Bill No. 2364,16th Congress (July 2013 - 2016),https://ldr.senate.gov.ph/bills/senate-bill-no-2364-16th-congress-republic,"AMENDING SEC. 1009, TARIFF AND CUSTOMS CODE (CARRIAGE OF CONTAINER VANS)","AN ACT EXEMPTING THE CARRIAGE OF CONTAINER VANS FROM THE PROVISIONS OF SECTION 1009 OF PRESIDENTIAL DECREE NO. 1464, OTHERWISE KNOWN AS THE TARIFF AND CUSTOMS CODE OF 1978, AND FOR OTHER PURPOSES","Paolo Benigno ""Bam"" Aquino IV","August 19, 2014",NATIONAL,Shipping industry TARIFF AND CUSTOMS CODE (P.D.NO. 1464),"TRADE, COMMERCE AND ENTREPRENEURSHIP",CONSOLIDATED/SUBSTITUTED IN THE COMMITTEE REPORT
Senate Bill No. 2428,16th Congress (July 2013 - 2016),https://ldr.senate.gov.ph/bills/senate-bill-no-2428-16th-congress-republic,ACCESSIBLE EDUCATION CENTER ACT OF 2014,"AN ACT ESTABLISHING AN ACCESSIBLE EDUCATION CENTER IN EVERY STATE UNIVERSITY AND COLLEGE, AND APPROPRIATING FUNDS THEREOF","LAPID, MANUEL ""LITO"" M.","September 10, 2014",NATIONAL,STATE COLLEGES AND UNIVERSITIES (SCUS) PERSONS WITH DISABILITIES (PWDS) STUDENTS,"EDUCATION, ARTS AND CULTURE",PENDING IN THE COMMITTEE
Senate Bill No. 2120,16th Congress (July 2013 - 2016),https://ldr.senate.gov.ph/bills/senate-bill-no-2120-16th-congress-republic,AMENDING SECS. 4 & 76 (GOVERNMENT PROCUREMENT ACT),"AN ACT AMENDING REPUBLIC ACT NO. 9184, OTHERWISE KNOWN AS THE GOVERNMENT PROCUREMENT REFORM ACT, AND FOR OTHER PURPOSES",Sergio R. Osmeña III,"December 2, 2014",NATIONAL,Government procurement,CONSTITUTIONAL AMENDMENTS AND REVISION OF CODES,PENDING IN THE COMMITTEE
Senate Bill No. 2184,16th Congress (July 2013 - 2016),https://ldr.senate.gov.ph/bills/senate-bill-no-2184-16th-congress-republic,FARM TOURISM ACT OF 2014,AN ACT PROVIDING FOR THE DEVELOPMENT AND PROMOTION OF FARM TOURISM IN THE PHILIPPINES AND FOR OTHER PURPOSES,"LAPID, MANUEL ""LITO"" M.","January 4, 2014",NATIONAL,FARM TOURISM,AGRICULTURE AND FOOD,CONSOLIDATED/SUBSTITUTED IN THE COMMITTEE REPORT
Senate Bill No. 2502,16th Congress (July 2013 - 2016),https://ldr.senate.gov.ph/bills/senate-bill-no-2502-16th-congress-republic,CHILDREN'S EMERGENCY RELIEF AND PROTECTION ACT OF 2014,"AN ACT PROVIDING EMERGENCY RELIEF AND PROTECTION FOR CHILDREN DURING DISASTERS, CALAMITIES AND OTHER EMERGENCY SITUATIONS","LEGARDA, LOREN B.","September 12, 2014",NATIONAL,EMERGENCY RESPONSE/EMERGENCY PREPAREDNESS CHILDREN/CHILD CARE DISASTER AWARENESS/MITIGATION,"WOMEN, CHILDREN, FAMILY RELATIONS AND GENDER EQUALITY",CONSOLIDATED/SUBSTITUTED IN THE COMMITTEE REPORT
Senate Bill No. 2258,16th Congress (July 2013 - 2016),https://ldr.senate.gov.ph/bills/senate-bill-no-2258-16th-congress-republic,SOCIAL SECURITY LAW,"AN ACT PROMOTING THE WELFARE OF WORKERS IN THE WELLNESS SPA, BEAUTY SALON, FITNESS GYM AND RELATED BUSINESSES BY FACILITATING THEIR MEMBERSHIP IN THE SSS, FURTHER AMENDING FOR THIS PURPOSE REPUBLIC ACT NO. 1161, AS AMENDED OTHERWISE KNOWN AS THE SOCIAL SECURITY LAW, AND FOR OTHER PURPOSES","ESTRADA, JINGGOY E.","May 28, 2014",NATIONAL,SOCIAL SECURITY SYSTEM (SSS) WELLNESS SPA/BEAUTY SALON/FITNESS GYM,"LABOR, EMPLOYMENT AND HUMAN RESOURCES DEVELOPMENT",PENDING IN THE COMMITTEE
Senate Bill No. 2332,16th Congress (July 2013 - 2016),https://ldr.senate.gov.ph/bills/senate-bill-no-2332-16th-congress-republic,SOCIAL AMELIORATION PROGRAM IN THE SUGAR INDUSTRY,"AN ACT FURTHER STRENGTHENING THE SOCIAL AMELIORATION PROGRAM IN THE SUGAR INDUSTRY, AMENDING FOR THIS PURPOSE CERTAIN PROVISIONS OF R.A. NO. 6982 ENTITLED, AN ACT STRENGTHENING THE SOCIAL AMELIORATION PROGRAM IN THE SUGAR INDUSTRY, PROVIDING THE MECHANICS FOR ITS IMPLEMENTATION, AND FOR OTHER PURPOSES","ESTRADA, JINGGOY E.","July 30, 2014",NATIONAL,"SUGAR INDUSTRY SOCIAL AMELIORATION PROGRAM IN THE SUGAR INDUSTRY, AMENDMENTS (R.A.NO. 6982)","LABOR, EMPLOYMENT AND HUMAN RESOURCES DEVELOPMENT",PENDING IN THE COMMITTEE
Senate Bill No. 2396,16th Congress (July 2013 - 2016),https://ldr.senate.gov.ph/bills/senate-bill-no-2396-16th-congress-republic,TAX INCENTIVE ACT OF VICTIMS OF VIOLENCE AND ABUSE,AN ACT GRANTING TAX RELIEF TO WOMEN WHO ARE VICTIMS OF VIOLENCE AND ABUSE,"BINAY, MARIA LOURDES NANCY S.","August 9, 2014",NATIONAL,TAX EXEMPTION WOMEN,WAYS AND MEANS,PENDING IN THE COMMITTEE
Senate Bill No. 2088,16th Congress (July 2013 - 2016),https://ldr.senate.gov.ph/bills/senate-bill-no-2088-16th-congress-republic,SUGAR CANE INDUSTRY DEVELOPMENT ACT OF 2014,"AN ACT STRENGTHENING THE DEVELOPMENT OF THE SUGAR CANE INDUSTRY, ESTABLISHING THE SUGAR CANE INDUSTRY DEVELOPMENT FUND, AMENDING FOR THE PURPOSE PRESIDENTIAL DECREE NO. 1890, PROVIDING FUNDS THEREFOR AND FOR OTHER PURPOSES",Gregorio B. Honasan II,"January 28, 2014",NATIONAL,SUGAR CANE INDUSTRY,AGRICULTURE AND FOOD,CONSOLIDATED/SUBSTITUTED IN THE COMMITTEE REPORT
Senate Bill No. 2152,16th Congress (July 2013 - 2016),https://ldr.senate.gov.ph/bills/senate-bill-no-2152-16th-congress-republic,THE BILL OF RIGHTS OF TAXI PASSENGERS,AN ACT ORDAINING THE BILL OF RIGHTS OF TAXI PASSENGERS,"POE, GRACE","March 3, 2014",NATIONAL,TAXI PASSENGERS BILL OF RIGHTS,PUBLIC SERVICES,PENDING IN THE COMMITTEE
Senate Bill No. 2470,16th Congress (July 2013 - 2016),https://ldr.senate.gov.ph/bills/senate-bill-no-2470-16th-congress-republic,PART-TIME EMPLOYMENT IN LIEU OF RETRENCHMENT,AN ACT MANDATING THE SECRETARY OF LABOR AND EMPLOYMENT TO CONDUCT RESEARCH ON PART-TIME EMPLOYMENT IN LIEU OF RETRENCHMENT.,Miriam Defensor Santiago,"November 26, 2014",NATIONAL,DEPARTMENT OF LABOR AND EMPLOYMENT (DOLE) PART-TIME EMPLOYMENT,"LABOR, EMPLOYMENT AND HUMAN RESOURCES DEVELOPMENT",PENDING IN THE COMMITTEE
Senate Bill No. 2534,16th Congress (July 2013 - 2016),https://ldr.senate.gov.ph/bills/senate-bill-no-2534-16th-congress-republic,DIGITAL EDUCATION ACT,AN ACT TO PROVIDE FOR DIGITAL EDUCATION PARTNERSHIPS,Miriam Defensor Santiago,"December 22, 2014",NATIONAL,DIGITAL EDUCATION,"EDUCATION, ARTS AND CULTURE",PENDING IN THE COMMITTEE
Senate Bill No. 2226,16th Congress (July 2013 - 2016),https://ldr.senate.gov.ph/bills/senate-bill-no-2226-16th-congress-republic,STUDENT-ATHLETES PROTECTION ACT OF 2014,AN ACT PROTECTING THE AMATEUR NATURE OF STUDENT-ATHLETES IN THE PHILIPPINES BY REGULATING THE RESIDENCY REQUIREMENT AND PROHIBITING THE COMMERCIALIZATION OF STUDENT-ATHLETES,"DEFENSOR SANTIAGO, MIRIAM","May 14, 2014",NATIONAL,STUDENTS ATHLETES,"EDUCATION, ARTS AND CULTURE",APPROVED BY THE PRESIDENT OF THE PHILIPPINES
Senate Bill No. 2290,16th Congress (July 2013 - 2016),https://ldr.senate.gov.ph/bills/senate-bill-no-2290-16th-congress-republic,HIGH SCHOOL GRADUATE EMPOWERMENT ACT,AN ACT TO PREVENT EMPLOYMENT DISCRIMINATION AGAINST HIGH SCHOOL GRADUATES,Miriam Defensor Santiago,"June 26, 2014",NATIONAL,HIGH SCHOOL REFORM EMPLOYMENT DISCRIMINATION,"LABOR, EMPLOYMENT AND HUMAN RESOURCES DEVELOPMENT",PENDING IN THE COMMITTEE
Senate Bill No. 2301,16th Congress (July 2013 - 2016),https://ldr.senate.gov.ph/bills/senate-bill-no-2301-16th-congress-republic,VISUALLY-IMPAIRED FRIENDLY ATM ACT,AN ACT MAKING AUTOMATED TELLER MACHINES ACCESSIBLE TO THE VISUALLY-IMPAIRED INDIVIDUALS,"ESTRADA, JINGGOY E.","July 7, 2014",NATIONAL,AUTOMATED TELLER MACHINES (ATM) BLIND PERSONS,"BANKS, FINANCIAL INSTITUTIONS AND CURRENCIES",PENDING IN THE COMMITTEE
Senate Bill No. 2057,16th Congress (July 2013 - 2016),https://ldr.senate.gov.ph/bills/senate-bill-no-2057-16th-congress-republic,PHILIPPINE LEGISLATIVE ACADEMY,"AN ACT ESTABLISHING THE PHILIPPINE LEGISLATIVE ACADEMY, DEFINING ITS POWERS AND FUNCTIONS, APPROPRIATING FUNDS THEREFOR AND FOR OTHER PURPOSES","EJERCITO, JOSEPH VICTOR G.","January 15, 2014",NATIONAL,PHILIPPINE LEGISLATIVE ACADEMY,ACCOUNTS,PENDING IN THE COMMITTEE
Senate Bill No. 2375,16th Congress (July 2013 - 2016),https://ldr.senate.gov.ph/bills/senate-bill-no-2375-16th-congress-republic,NGO ACCREDITATION FOR GOVERNMENT FUND RELEASES ACT,AN ACT PROVIDING FOR THE ACCREDITATION OF NON-GOVERNMENT ORGANIZATIONS AND PEOPLE'S ORGANIZATIONS ELIGIBLE TO ACCESS GOVERNMENT FUNDS AND FOR A SYSTEM OF ACCOUNTABILITY AND TRANSPARENCY FOR THE USE OF THESE FUNDS,"Teofisto ""TG"" D. Guingona III","August 27, 2014",NATIONAL,RED TAPE NON-GOVERNMENT ORGANIZATIONS (NGO),ELECTORAL REFORMS AND PEOPLES PARTICIPATION,PENDING IN THE COMMITTEE
Senate Bill No. 2439,16th Congress (July 2013 - 2016),https://ldr.senate.gov.ph/bills/senate-bill-no-2439-16th-congress-republic,INCOME REQUIREMENTS FOR THE CREATION OF A MUNICIPALITY/PROVINCE AND CITYHOOD,"AN ACT RATIONALIZING THE INCOME REQUIREMENTS FOR THE CREATION OF A MUNICIPALITY, THE DECLARATION OF HIGHLY-URBANIZED STATUS IN THE CASE OF COMPONENT CITIES AND THE CREATION OF A PROVINCE, AMENDING FOR THE PURPOSE SECTIONS 442 (A), 452 (A), 453 AND 461 (A) AND (C) OF REPUBLIC ACT NO. 7160, AS AMENDED, OTHERWISE KJOWN AS THE LOCAL GOVERNMENT CODE OF 1991","EJERCITO, JOSEPH VICTOR G.","October 28, 2014",NATIONAL,"MUNICIPALITY, CREATION LOCAL GOVERNMENT CODE (R.A. NO. 7160) INCOME REQUIREMENT (CITYHOOD, CREATION OF MUNICIPALITY/PROVINCE) PROVINCE, CREATION",LOCAL GOVERNMENT,PENDING IN THE COMMITTEE
Senate Bill No. 2131,16th Congress (July 2013 - 2016),https://ldr.senate.gov.ph/bills/senate-bill-no-2131-16th-congress-republic,EXTENDING THE UTILIZATION PERIOD OF THE AGRICULTURAL COMPETITIVENESS ENHANCEMENT FUND,"AN ACT TO EXTEND THE UTILIZATION PERIOD OF THE AGRICULTURAL COMPETITIVENESS ENHANCEMENT FUND, AMENDING FOR THE PURPOSE REPUBLIC ACT NO. 8178, AS AMENDED ENTITLED 'AN ACT REPLACING QUANTITATIVE IMPORT RESTRICTIONS ON AGRICULTURAL PRODUCTS, EXCEPT RICE, WITH TARIFFS, CREATING THE AGRICULTURAL COMPETITIVENESS ENHANCEMENT FUND AND FOR OTHER PURPOSES'",Ralph G. Recto,"February 19, 2014",NATIONAL,AGRICULTURE COMPETITIVENESS ENHANCEMENT FUND (ACEF),AGRICULTURE AND FOOD,CONSOLIDATED/SUBSTITUTED IN THE COMMITTEE REPORT
Senate Bill No. 2195,16th Congress (July 2013 - 2016),https://ldr.senate.gov.ph/bills/senate-bill-no-2195-16th-congress-republic,CHARTER OF AKLAN AIRPORT AUTHORITY,"AN ACT CREATING THE AKLAN AIRPORT AUTHORITY, AND FOR OTHER PURPOSES","ESTRADA, JINGGOY E.","May 5, 2014",NATIONAL,AKLAN AIRPORT AUTHORITY,GOVERNMENT CORPORATIONS AND PUBLIC ENTERPRISES,PENDING IN THE COMMITTEE
Senate Bill No. 2449,16th Congress (July 2013 - 2016),https://ldr.senate.gov.ph/bills/senate-bill-no-2449-16th-congress-republic,"AMENDING SEC. 112, CHAPTER I, TITLE IV (NATIONAL INTERNAL REVENUE CODE)","AN ACT AMENDING SECTION 112, CHAPTER I, TITLE IV OF THE NATIONAL INTERNAL REVENUE CODE, AS AMENDED","ESCUDERO, FRANCIS G.","October 11, 2014",NATIONAL,NATIONAL INTERNAL REVENUE CODE (NIRC) TAX REFUND,WAYS AND MEANS,PENDING IN THE COMMITTEE
Senate Bill No. 2513,16th Congress (July 2013 - 2016),https://ldr.senate.gov.ph/bills/senate-bill-no-2513-16th-congress-republic,"AMENDING ART. 2206, RA 386 (CIVIL CODE OF THE PHILIPPINES)",AN ACT AMENDING ARTICLE 2206 OF REPUBLIC ACT NO. 386 OTHERWISE KNOWN AS 'THE CIVIL CODE OF THE PHILIPPINES' TO INCREASE THE AMOUNT OF DAMAGES FOR DEATH CAUSED BY A CRIME OR QUASI-DELICT,Miriam Defensor Santiago,"December 15, 2014",NATIONAL,CIVIL CODE OF THE PHILIPPINES,JUSTICE AND HUMAN RIGHTS,PENDING IN THE COMMITTEE
Senate Bill No. 2203,16th Congress (July 2013 - 2016),https://ldr.senate.gov.ph/bills/senate-bill-no-2203-16th-congress-republic,PHILIPPINE MANGO DEVELOPMENT ACT OF 2014,"AN ACT TO PROMOTE THE PRODUCTION, PROCESSING, MARKETING AND DISTRIBUTION OF PHILIPPINE MANGO, MANDATING THE CREATION OF A FRAMEWORK FOR DEVELOPMENT PLAN, PROVIDING FUNDS THEREFOR, AND FOR OTHER PURPOSES","ANGARA, SONNY","May 5, 2014",NATIONAL,PHILIPPINE MANGO INDUSTRY,AGRICULTURE AND FOOD,PENDING IN THE COMMITTEE
Senate Bill No. 2269,16th Congress (July 2013 - 2016),https://ldr.senate.gov.ph/bills/senate-bill-no-2269-16th-congress-republic,"AMENDING SEC. 4 (B), AFP MODERNIZATION ACT","AN ACT AMENDING SECTION 4 (B) OF REPUBLIC ACT NO. 7898, OTHERWISE KNOWN AS THE AFP MODERNIZATION ACT, AS AMENDED BY REPUBLIC ACT NO. 10349, ESTABLISHING THE 'REVISED AFP MODERNIZATION PROGRAM', AND FOR OTHER PURPOSES",Antonio F. Trillanes IV,"March 6, 2014",NATIONAL,ARMED FORCES OF THE PHILIPPINES (AFP),NATIONAL DEFENSE AND SECURITY,PENDING IN THE HOUSE OF REPRESENTATIVES
Senate Bill No. 2343,16th Congress (July 2013 - 2016),https://ldr.senate.gov.ph/bills/senate-bill-no-2343-16th-congress-republic,TREATMENT CENTERS FOR PERSONS WITH HEMOPHILIA,"AN ACT TO ASSIST PERSONS WITH HEMOPHILIA AND OTHER BLEEDING DISORDERS, ESTABLISHING FOR THE PURPOSE FOUR (4) TREATMENT CENTERS IN METRO MANILA, LUZON, VISAYAS AND MINDANAO, PROVIDING FUNDS THEREOF, AND FOR OTHER PURPOSES","POE, GRACE","May 8, 2014",NATIONAL,HEMOPHILIA,HEALTH AND DEMOGRAPHY,PENDING IN THE COMMITTEE
Senate Bill No. 2407,16th Congress (July 2013 - 2016),https://ldr.senate.gov.ph/bills/senate-bill-no-2407-16th-congress-republic,ORPHAN DISEASES ACT OF 2014,"AN ACT ESTABLISHING A HOLISTIC RESEARCH AND DEVELOPMENT PROGRAM ON ORPHAN OR RARE DISEASES, APPROPRIATING FUNDS THEREFOR AND FOR OTHER PURPOSES","LAPID, MANUEL ""LITO"" M.","October 9, 2014",NATIONAL,RARE DISEASES,HEALTH AND DEMOGRAPHY,CONSOLIDATED/SUBSTITUTED IN THE COMMITTEE REPORT
Senate Bill No. 2099,16th Congress (July 2013 - 2016),https://ldr.senate.gov.ph/bills/senate-bill-no-2099-16th-congress-republic,MALUNGGAY DEVELOPMENT ACT OF 2014,"AN ACT ESTABLISHING THE MALUNGGAY INDUSTRY, STRENGTHENING THE DEVELOPMENT OF MALUNGGAY UTILIZATION AND FOR OTHER PURPOSES","VILLAR, CYNTHIA A.","April 2, 2014",NATIONAL,MALUNGGAY,AGRICULTURE AND FOOD,PENDING IN THE COMMITTEE
Senate Bill No. 2163,16th Congress (July 2013 - 2016),https://ldr.senate.gov.ph/bills/senate-bill-no-2163-16th-congress-republic,AMENDING SECS. 27 & 28 (NATIONAL INTERNAL REVENUE CODE),"AN ACT REDUCING THE CORPORATE INCOME TAX RATE, AMENDING SECTIONS 27 AND 28 OF THE NATIONAL INTERNAL REVENUE CODE OF 1997, AS AMENDED, AND FOR OTHER PURPOSES","ANGARA, SONNY","May 3, 2014",NATIONAL,NATIONAL INTERNAL REVENUE CODE (NIRC) TAXES/TAXATION,WAYS AND MEANS,PENDING IN THE COMMITTEE
Senate Bill No. 2481,16th Congress (July 2013 - 2016),https://ldr.senate.gov.ph/bills/senate-bill-no-2481-16th-congress-republic,NORTHERN MINDANAO MEDICAL CENTER,"AN ACT TO IMPROVE THE FACILITIES OF NORTHERN MINDANAO MEDICAL CENTER, AMENDING FOR THE PURPOSE REPUBLIC ACT NO. 7938, APPROPRIATING FUNDS THEREFOR AND FOR OTHER PURPOSES","POE, GRACE","January 12, 2014",NATIONAL,"HOSPITALS, INCREASE BED CAPACITY",HEALTH AND DEMOGRAPHY,APPROVED BY THE PRESIDENT OF THE PHILIPPINES
Senate Bill No. 2237,16th Congress (July 2013 - 2016),https://ldr.senate.gov.ph/bills/senate-bill-no-2237-16th-congress-republic,MANGROVE REFORESTATION ACT OF 2014,AN ACT ESTABLISHING A NATIONAL MANGROVE REFORESTATION PROGRAM FOR COASTAL AREAS,Miriam Defensor Santiago,"May 22, 2014",NATIONAL,MANGROVE FORESTS REFORESTATION,ENVIRONMENT AND NATURAL RESOURCES,PENDING IN THE COMMITTEE
Senate Bill No. 2342,16th Congress (July 2013 - 2016),https://ldr.senate.gov.ph/bills/senate-bill-no-2342-16th-congress-republic,DONATION TRANSPARENCY ACT OF 2014,AN ACT MANDATING THE FULL ACCOUNTING OF ALL DISASTER-RELIEF AID OR DONATIONS RECEIVED BY THE PHILIPPINE GOVERNMENT FOR NATURAL AND HUMAN-INDUCED CALAMITIES,"ESCUDERO, FRANCIS G.","April 8, 2014",NATIONAL,DONATIONS CALAMITY/DISASTER,FINANCE,"PENDING SECOND READING, ORDINARY BUSINESS"
Senate Bill No. 2406,16th Congress (July 2013 - 2016),https://ldr.senate.gov.ph/bills/senate-bill-no-2406-16th-congress-republic,"AMENDING SEC. 284, RA 7160 (ALLOTMENT OF INTERNAL REVENUE TAXES)","AN ACT TO INCLUDE IN THE COMPUTATION OF THE INTERNAL REVENUE ALLOTMENT (IRA), ALL THE NATIONAL INTERNAL REVENUE TAXES COLLECTED BY THE BUREAU OF INTERNAL REVENUE AND THE BUREAU OF CUSTOMS, AMENDING FOR THIS PURPOSE SECTION 284 OF REPUBLIC ACT NO. 7160, OTHERWISE KNOWN AS THE LOCAL GOVERNMENT CODE OF 1991",Ralph G. Recto,"October 9, 2014",NATIONAL,BUREAU OF INTERNAL REVENUE (BIR) Bureau of Customs INTERNAL REVENUE ALLOTMENT (LOCAL GOVERNMENT UNITS),LOCAL GOVERNMENT,PENDING IN THE COMMITTEE
Senate Bill No. 2480,16th Congress (July 2013 - 2016),https://ldr.senate.gov.ph/bills/senate-bill-no-2480-16th-congress-republic,SANITATION REQUIREMENTS FOR THE OPERATION OF ESTABLISHMENTS AND FACILITIES,AN ACT PRESCRIBING SANITATION REQUIREMENTS FOR THE OPERATION OF ESTABLISHMENTS AND FACILITIES FOR THE PROTECTION AND CONVENIENCE OF THE PUBLIC,"ESTRADA, JINGGOY E.","January 12, 2014",NATIONAL,SANITATION,HEALTH AND DEMOGRAPHY,PENDING IN THE COMMITTEE
Senate Bill No. 2112,16th Congress (July 2013 - 2016),https://ldr.senate.gov.ph/bills/senate-bill-no-2112-16th-congress-republic,ENVIRONMENTAL AND SANITARY ENGINEERING ACT OF 2014,"AN ACT PROVIDING FOR A MORE RESPONSIVE AND COMPREHENSIVE REGULATION FOR THE PRACTICE, LICENSING, REGISTRATION AND CERTIFICATION OF ENVIRONMENTAL AND SANITARY ENGINEERS AND SANITARY INSPECTORS IN THE PHILIPPINES, AMENDING FOR THE PURPOSE REPUBLIC ACT NO. 1364, AND FOR OTHER PURPOSES","EJERCITO, JOSEPH VICTOR G.","October 2, 2014",NATIONAL,ENVIRONMENTAL AND SANITARY ENGINEERING,"CIVIL SERVICE, GOVERNMENT REORGANIZATION AND PROFESSIONAL REGULATION",PENDING IN THE COMMITTEE
Senate Bill No. 2176,16th Congress (July 2013 - 2016),https://ldr.senate.gov.ph/bills/senate-bill-no-2176-16th-congress-republic,"BUY PINOY, BUILD PINOY MONTH ACT","AN ACT DESIGNATING THE MONTH OF NOVEMBER AS BUY PINOY, BUILD PINOY MONTH TO ENCOURAGE THE PUBLIC AND PRIVATE SECTORS TO PRIORITIZE THE PURCHASE AND UTILIZATION OF FILIPINO PRODUCTS, LABOR AND SERVICES","VILLAR, CYNTHIA A.","March 24, 2014",NATIONAL,PHILIPPINE MADE MATERIALS BUY PINOY,"TRADE, COMMERCE AND ENTREPRENEURSHIP",PENDING IN THE COMMITTEE
Senate Bill No. 2236,16th Congress (July 2013 - 2016),https://ldr.senate.gov.ph/bills/senate-bill-no-2236-16th-congress-republic,"CARDIOMYOPATHY HEALTH EDUCATION, AWARENESS, RISK ASSESSMENT AND TRAINING IN THE SCHOOLS (HEARTS) ACT","AN ACT AUTHORIZING AND SUPPORTING THE CREATION OF CARDIOMYOPATHY, EDUCATION, AWARENESS, AND RISK ASSESSMENT MATERIALS AND RESOURCES BY THE SECRETARY OF HEALTH AND THE DISSEMINATION OF SUCH MATERIALS AND RESOURCES BY EDUCATION AGENCIES TO IDENTIFY MORE AT-RISK FAMILIES",Miriam Defensor Santiago,"May 22, 2014",NATIONAL,CARDIOMYOPATHY HEALTH EDUCATION,HEALTH AND DEMOGRAPHY,PENDING IN THE COMMITTEE
Senate Bill No. 2300,16th Congress (July 2013 - 2016),https://ldr.senate.gov.ph/bills/senate-bill-no-2300-16th-congress-republic,PHILIPPINE INVENTORS AND INVENTION INCENTIVES ACT OF 2014,"AN ACT RESTORING THE PHILIPPINE INVENTORS COMMISSION, DEFINING ITS POWERS, FUNCTIONS AND DUTIES, FOR THE ENCOURAGEMENT OF THE GENERATION, DEVELOPMENT, MANUFACTURE, PROMOTION AND MARKETING OF THE PHILIPPINE INVENTIONS, AND FOR OTHER PURPOSES","ESTRADA, JINGGOY E.","July 7, 2014",NATIONAL,INVENTORS AND INVENTIONS PHILIPPINE INVENTORS COMMISSION,SCIENCE AND TECHNOLOGY,PENDING IN THE COMMITTEE
Senate Bill No. 2374,16th Congress (July 2013 - 2016),https://ldr.senate.gov.ph/bills/senate-bill-no-2374-16th-congress-republic,"AMENDING SECS. 3(Y), 53, AND 55, PHILIPPINE MINING ACT","AN ACT PROVIDING FOR THE MANDATORY DOMESTIC PROCESSING OF ALL MINERAL ORES, AMENDING FOR THE PURPOSE REPUBLIC ACT NO. 7942 OTHERWISE KNOWN AS THE PHILIPPINE MINING ACT OF 1995 AND FOR OTHER PURPOSES","Paolo Benigno ""Bam"" Aquino IV","August 26, 2014",NATIONAL,PHILIPPINE MINING ACT (R.A.NO. 7942) MINERAL RESOURCES,ENVIRONMENT AND NATURAL RESOURCES,PENDING IN THE COMMITTEE
Senate Bill No. 2438,16th Congress (July 2013 - 2016),https://ldr.senate.gov.ph/bills/senate-bill-no-2438-16th-congress-republic,PEP WATCH ACT,AN ACT REQUIRING BANKS AND OTHER FINANCIAL INSTITUTIONS TO UNDERTAKE MEASURES TO PREVENT MONEY LAUNDERING OF ILL-GOTTEN WEALTH BY POLITICALLY EXPOSED PERSONS,Miriam Defensor Santiago,"October 23, 2014",NATIONAL,Money Laundering,"BANKS, FINANCIAL INSTITUTIONS AND CURRENCIES",PENDING IN THE COMMITTEE
Senate Bill No. 2070,16th Congress (July 2013 - 2016),https://ldr.senate.gov.ph/bills/senate-bill-no-2070-16th-congress-republic,"AMENDING SEC. 21, RA 7279 (URBAN DEVELOPMENT AND HOUSING ACT)","AN ACT MANDATING LOCAL GOVERNMENT UNITS TO ALLOCATE FOR OTHER BASIC SERVICES AND LIVELIHOOD COMPONENT IN FAVOR OF THE HOST LOCAL GOVERNMENT UNIT IN WHICH THEIR SOCIALIZED HOUSING FOR RESETTLEMENT PROJECT IS LOCATED, AMENDING FOR SAID PURPOSE REPUBLIC ACT NO. 7279, OTHERWISE KNOWN AS THE URBAN DEVELOPMENT AND HOUSING ACT OF 1992","BINAY, MARIA LOURDES NANCY S.","January 20, 2014",NATIONAL,URBAN DEVELOPMENT AND HOUSING ACT LOCAL GOVERNMENT UNITS (LGUs) HOUSING (SOCIALIZED HOUSING),"URBAN PLANNING, HOUSING AND RESETTLEMENT",PENDING IN THE COMMITTEE
Senate Bill No. 2091,16th Congress (July 2013 - 2016),https://ldr.senate.gov.ph/bills/senate-bill-no-2091-16th-congress-republic,RECOGNITION OF SECURITY COOPERATIVES ACT,"AN ACT RECOGNIZING SECURITY COOPERATIVES AND AMENDING THEREFOR SECTION 3 OF REPUBLIC ACT NO. 5487, OTHERWISE KNOWN AS THE PRIVATE SECURITY AGENCY LAW","LAPID, MANUEL ""LITO"" M.","January 28, 2014",NATIONAL,COOPERATIVES PRIVATE SECURITY AGENCY LAW (R.A.NO. 5487),PUBLIC ORDER AND DANGEROUS DRUGS,PENDING IN THE COMMITTEE
Senate Bill No. 2155,16th Congress (July 2013 - 2016),https://ldr.senate.gov.ph/bills/senate-bill-no-2155-16th-congress-republic,OPEN LEARNING AND DISTANCE EDUCATION ACT,"AN ACT TO EXPAND ACCESS TO EDUCATION THROUGH OPEN LEARNING AND DISTANCE EDUCATION IN POST-SECONDARY AND TERTIARY LEVELS OF EDUCATION, APPROPRIATING FUNDS THEREFOR AND FOR OTHER PURPOSES","ANGARA, SONNY","March 3, 2014",NATIONAL,OPEN LEARNING SYSTEM,"EDUCATION, ARTS AND CULTURE",CONSOLIDATED/SUBSTITUTED IN THE COMMITTEE REPORT
Senate Bill No. 2123,16th Congress (July 2013 - 2016),https://ldr.senate.gov.ph/bills/senate-bill-no-2123-16th-congress-republic,"AMENDING SECS. 28 (A) (3), 109 (S) & 118 OF THE NATIONAL INTERNAL REVENUE CODE","AN ACT FURTHER AMENDING THE NATIONAL INTERNAL REVENUE CODE (NIRC) OF 1997, AS AMENDED, BY INCLUDING THE TRANSPORT OF CARGOES BY INTERNATIONAL CARRIERS UNDER THE LAST PARAGRAPH OF SECTION 28 (A) (3), PARAGRAPH (S) OF SECTION 109 AND DELETING SECTION 118 OF TITLE V THEREOF FOR THE PURPOSE OF EXPANDING TRADE AND ATTRACTING INVESTMENTS IN THE COUNTRY, AND FOR OTHER PURPOSES",Sergio R. Osmeña III,"February 13, 2014",NATIONAL,NATIONAL INTERNAL REVENUE CODE (NIRC),WAYS AND MEANS,PENDING IN THE COMMITTEE
Senate Bill No. 2187,16th Congress (July 2013 - 2016),https://ldr.senate.gov.ph/bills/senate-bill-no-2187-16th-congress-republic,"REPEALING ART. 351, REVISED PENAL CODE (PREMATURE MARRIAGES)","AN ACT REPEALING ARTICLE 351 OF ACT NO. 3815, OTHERWISE KNOWN AS THE REVISED PENAL CODE","VILLAR, CYNTHIA A.","February 4, 2014",NATIONAL,REVISED PENAL CODE (R.A. NO. 3815),"WOMEN, CHILDREN, FAMILY RELATIONS AND GENDER EQUALITY",CONSOLIDATED/SUBSTITUTED IN THE COMMITTEE REPORT
Senate Bill No. 2102,16th Congress (July 2013 - 2016),https://ldr.senate.gov.ph/bills/senate-bill-no-2102-16th-congress-republic,"AMENDING SEC. 86 (A) (4), NATIONAL INTERNAL REVENUE CODE","AN ACT AMENDING SECTION 86 (A) (4) OF REPUBLIC ACT NO. 8424, AS AMENDED, OTHERWISE KNOWN AS THE NATIONAL INTERNAL REVENUE CODE OF 1997","ENRILE, JUAN PONCE","April 2, 2014",NATIONAL,NATIONAL INTERNAL REVENUE CODE (NIRC) TAXES/TAXATION FAMILY HOME,WAYS AND MEANS,PENDING IN THE COMMITTEE
Senate Bill No. 2166,16th Congress (July 2013 - 2016),https://ldr.senate.gov.ph/bills/senate-bill-no-2166-16th-congress-republic,MAGNA CARTA OF STUDENT-ATHLETES,AN ACT PROVIDING FOR THE MAGNA CARTA OF STUDENT-ATHLETES,"CAYETANO, PIA S.","June 3, 2014",NATIONAL,ATHLETES MAGNA CARTA OF STUDENT-ATHLETES,"EDUCATION, ARTS AND CULTURE",CONSOLIDATED/SUBSTITUTED IN THE COMMITTEE REPORT
Senate Bill No. 2060,16th Congress (July 2013 - 2016),https://ldr.senate.gov.ph/bills/senate-bill-no-2060-16th-congress-republic,STREET CHILDREN CRISIS CENTER ACT,"AN ACT ESTABLISHING A CRISIS CENTER FOR STREET CHILDREN IN EVERY REGION OF THE PHILIPPINES, APPROPRIATING FUNDS THEREFOR AND FOR OTHER PURPOSES","EJERCITO, JOSEPH VICTOR G.","January 15, 2014",NATIONAL,STREET CHILDREN,YOUTH,PENDING IN THE COMMITTEE
Senate Bill No. 2134,16th Congress (July 2013 - 2016),https://ldr.senate.gov.ph/bills/senate-bill-no-2134-16th-congress-republic,COOPERATIVE DEVELOPMENT AUTHORITY CHARTER ACT,"AN ACT REORGANIZING THE COOPERATIVE DEVELOPMENT AUTHORITY, REPEALING FOR THE PURPOSE REPUBLIC ACT NO. 6939, CREATING THE COOPERATIVE DEVELOPMENT AUTHORITY","LAPID, MANUEL ""LITO"" M.","February 20, 2014",NATIONAL,COOPERATIVE DEVELOPMENT AUTHORITY,COOPERATIVES,"PENDING SECOND READING, SPECIAL ORDER"
Senate Bill No. 2081,16th Congress (July 2013 - 2016),https://ldr.senate.gov.ph/bills/senate-bill-no-2081-16th-congress-republic,FIRECRACKER BAN ACT OF 2014,AN ACT BANNING THE USE OF FIRECRACKERS EXCEPT IN DESIGNATED AREAS DONE BY PROFESSIONALS,"SOTTO III, VICENTE C.","January 22, 2014",NATIONAL,FIRECRACKERS/PYROTECHNIC DEVICES,PUBLIC ORDER AND DANGEROUS DRUGS,PENDING IN THE COMMITTEE
Senate Bill No. 2145,16th Congress (July 2013 - 2016),https://ldr.senate.gov.ph/bills/senate-bill-no-2145-16th-congress-republic,ACQUISITION OF RIGHT-OF-WAY,"AN ACT STRENGTHENING THE PROCESS OF ACQUIRING THE RIGHT OF WAY FOR NATIONAL GOVERNMENT INFRASTRUCTURE PROJECTS, REPEALING FOR THIS PURPOSE REPUBLIC ACT NO. 8974, OTHERWISE KNOWN AS AN ACT TO FACILITATE THE ACQUISITION OF RIGHT-OF-WAY, SITE, OR LOCATION FOR NATIONAL GOVERNMENT INFRASTRUCTURE PROJECTS, APPROPRIATING FUNDS THEREFOR, AND FOR OTHER PURPOSES","Ferdinand ""Bongbong"" R. Marcos, Jr.","February 26, 2014",NATIONAL,RIGHT-OF-WAY INFRASTUCTURES PUBLIC WORKS PROJECTS,PUBLIC WORKS,CONSOLIDATED/SUBSTITUTED IN THE COMMITTEE REPORT
Senate Bill No. 2113,16th Congress (July 2013 - 2016),https://ldr.senate.gov.ph/bills/senate-bill-no-2113-16th-congress-republic,NATIONAL PEDIATRIC RESEARCH NETWORK ACT,AN ACT TO PROVIDE FOR A NATIONAL PEDIATRIC RESEARCH NETWORK,Miriam Defensor Santiago,"October 2, 2014",NATIONAL,University of the Philippines (U.P.),HEALTH AND DEMOGRAPHY,PENDING IN THE COMMITTEE
Senate Bill No. 2177,16th Congress (July 2013 - 2016),https://ldr.senate.gov.ph/bills/senate-bill-no-2177-16th-congress-republic,NATIONAL HISTORICAL COMMISSION OF THE PHILIPPINES,"AN ACT AMENDING REPUBLIC ACT NO. 10086 OTHERWISE KNOWN AS AN ACT STRENGTHENING PEOPLE'S NATIONALISM THROUGH PHILIPPINE HISTORY BY CHANGING THE NOMENCLATURE OF THE NATIONAL HISTORICAL INSTITUTE INTO THE NATIONAL HISTORICAL COMMISSION OF THE PHILIPPINES, STRENGTHENING ITS POWERS AND FUNCTION, AND FOR OTHER PURPOSES.","ANGARA, SONNY","March 25, 2014",NATIONAL,NATIONAL HISTORICAL COMMISSION OF THE PHILIPPINES (NHCP),"EDUCATION, ARTS AND CULTURE",PENDING IN THE COMMITTEE
Senate Bill No. 2373,16th Congress (July 2013 - 2016),https://ldr.senate.gov.ph/bills/senate-bill-no-2373-16th-congress-republic,"AMENDING SEC. 709, TARIFF AND CUSTOMS CODE","AN ACT AMENDING SECTION 709 OF PRESIDENTIAL DECREE 1464, OTHERWISE KNOWN AS THE TARIFF AND CUSTOMS CODE OF THE PHILIPPINES, AS AMENDED","Paolo Benigno ""Bam"" Aquino IV","August 26, 2014",NATIONAL,TARIFF AND CUSTOMS CODE (P.D.NO. 1464),WAYS AND MEANS,CONSOLIDATED/SUBSTITUTED IN THE COMMITTEE REPORT
Senate Bill No. 2437,16th Congress (July 2013 - 2016),https://ldr.senate.gov.ph/bills/senate-bill-no-2437-16th-congress-republic,"PHP75,000.00 CAP FOR INCOME TAX EXEMPTION OF THE 13TH MONTH PAY/OTHER BENEFITS","AN ACT ADJUSTING THE 13TH MONTH PAY AND OTHER BENEFITS CEILING EXCLUDED FROM THE COMPUTATION OF GROSS INCOME FOR PURPOSES OF INCOME TAXATION, AMENDING FOR THE PURPOSE SECTION 32 (B), CHAPTER VI OF THE NATIONAL INTERNAL REVENUE CODE OF 1997, AS AMENDED","RECTO, RALPH G.","October 22, 2014",NATIONAL,NATIONAL INTERNAL REVENUE CODE (NIRC) TAXES/TAXATION,N/A,CONSOLIDATED WITH APPROVED BILL
Senate Bill No. 2129,16th Congress (July 2013 - 2016),https://ldr.senate.gov.ph/bills/senate-bill-no-2129-16th-congress-republic,THE FREE MOBILE DISASTER ALERTS ACT,AN ACT MANDATING THE TELECOMMUNICATIONS SERVICE PROVIDERS TO SEND FREE MOBILE ALERTS IN THE EVENT OF NATURAL AND MAN-MADE DISASTERS AND CALAMITIES,"POE, GRACE","February 19, 2014",NATIONAL,CELLULAR PHONES/CELL PHONES National Telecommunications Commission (NTC) CALAMITY/DISASTER,PUBLIC SERVICES,CONSOLIDATED/SUBSTITUTED IN THE COMMITTEE REPORT
Senate Bill No. 2193,16th Congress (July 2013 - 2016),https://ldr.senate.gov.ph/bills/senate-bill-no-2193-16th-congress-republic,STRENGTHENING THE PRODUCTIVITY INCENTIVES,AN ACT STRENGTHENING THE PRODUCTIVITY INCENTIVES ACT OF 1990,"ESTRADA, JINGGOY E.","April 30, 2014",NATIONAL,PRODUCTIVITY INCENTIVE,"LABOR, EMPLOYMENT AND HUMAN RESOURCES DEVELOPMENT",PENDING IN THE COMMITTEE
Senate Bill No. 2447,16th Congress (July 2013 - 2016),https://ldr.senate.gov.ph/bills/senate-bill-no-2447-16th-congress-republic,GOVERNMENT INFRASTRUCTURE PROJECTS,"AN ACT TO ENABLE GOVERNMENT INFRASTRUCTURE PROJECTS AND PUBLIC-PRIVATE PARTNERSHIP (PPP) PROJECTS BY AMENDING REPUBLIC ACT NO. 8974, OTHERWISE KNOWN AS AN ACT TO FACILITATE THE ACQUISITION OF RIGHT-OF-WAY, SITES, OR LOCATION FOR NATIONAL GOVERNMENT INFRASTRUCTURE, APPROPRIATING FUNDS THEREFOR, AND FOR OTHER PURPOSES","Teofisto ""TG"" D. Guingona III","June 11, 2014",NATIONAL,Government projects RIGHT-OF-WAY PUBLIC-PRIVATE PARTNERSHIP (PPP) PROJECTS,PUBLIC WORKS,CONSOLIDATED/SUBSTITUTED IN THE COMMITTEE REPORT
Senate Bill No. 2511,16th Congress (July 2013 - 2016),https://ldr.senate.gov.ph/bills/senate-bill-no-2511-16th-congress-republic,PROTECTING CONSUMER PHONE RECORDS ACT,AN ACT TO PROTECT CONSUMERS' PHONE RECORDS,Miriam Defensor Santiago,"December 15, 2014",NATIONAL,CONSUMERS PHONE RECORDS PRIVACY,PUBLIC SERVICES,PENDING IN THE COMMITTEE
Senate Bill No. 2202,16th Congress (July 2013 - 2016),https://ldr.senate.gov.ph/bills/senate-bill-no-2202-16th-congress-republic,PHILIPPINE FISHERIES CODE,"AN ACT AMENDING SOME PROVISIONS OF REPUBLIC ACT N O. 8550, OTHERWISE KNOWN AS THE PHILIPPINE FISHERIES CODE OF 1998 AND FOR OTHER PURPOSES",N/A,"June 5, 2014",NATIONAL,N/A,N/A,WITHDRAWN
Senate Bill No. 2267,16th Congress (July 2013 - 2016),https://ldr.senate.gov.ph/bills/senate-bill-no-2267-16th-congress-republic,"AMENDING SECS. 91 AND 97, PHILIPPINE FISHERIES CODE","AN ACT TO FURTHER PROTECT PHILIPPINE CORALS AND OTHER MARINE TREASURES, AMENDING FOR THE PURPOSE SECTIONS 91 AND 97 OF REPUBLIC ACT NO. 8550 OR THE PHILIPPINE FISHERIES CODE OF 1998","POE, GRACE","February 6, 2014",NATIONAL,PHILIPPINE FISHERIES CODE (R.A.NO. 8550),AGRICULTURE AND FOOD,CONSOLIDATED/SUBSTITUTED IN THE COMMITTEE REPORT
Senate Bill No. 2214,16th Congress (July 2013 - 2016),https://ldr.senate.gov.ph/bills/senate-bill-no-2214-16th-congress-republic,BIG DATA ACT OF 2014,AN ACT INSTITUTIONALIZING THE ESTABLISHMENT OF THE PHILIPPINE BIG DATA CENTER,"Paolo Benigno ""Bam"" Aquino IV","July 5, 2014",NATIONAL,PHILIPPINE BIG DATA CENTER,SCIENCE AND TECHNOLOGY,PENDING IN THE COMMITTEE
Senate Bill No. 2278,16th Congress (July 2013 - 2016),https://ldr.senate.gov.ph/bills/senate-bill-no-2278-16th-congress-republic,LAND ACQUISITION AND DISTRIBUTION (LAD),"AN ACT MANDATING THE COMPLETION OF THE LAND ACQUISITION AND DISTRIBUTION (LAD) COMPONENT OF THE COMPREHENSIVE AGRARIAN REFORM PROGRAM (CARP) BY JUNE 30, 2016 PURSUANT TO REPUBLIC ACT NO. 6657, OTHERWISE KNOWN AS THE COMPREHENSIVE AGRARIAN REFORM LAW, AS AMENDED",Gregorio B. Honasan II,"October 6, 2014",NATIONAL,COMPREHENSIVE AGRARIAN REFORM LAW (CARL) R.A.NO. 6657),AGRARIAN REFORM,PENDING IN THE HOUSE OF REPRESENTATIVES
Senate Bill No. 2352,16th Congress (July 2013 - 2016),https://ldr.senate.gov.ph/bills/senate-bill-no-2352-16th-congress-republic,THE GREEN ENERGY GOVERNMENT OFFICES ACT OF 2014,"AN ACT PROMOTING THE DEVELOPMENT AND UTILIZATION OF RENEWABLE ENERGY IN ALL GOVERNMENT BUILDINGS AND OFFICES, PROVIDING FUNDS THEREFOR, AND FOR OTHER PURPOSES",Ralph G. Recto,"December 8, 2014",NATIONAL,RENEWABLE ENERGY Solar energy,ENERGY,PENDING IN THE COMMITTEE
Senate Bill No. 2416,16th Congress (July 2013 - 2016),https://ldr.senate.gov.ph/bills/senate-bill-no-2416-16th-congress-republic,NON-WAGE BENEFITS TO PUBLIC ELEMENTARY AND HIGH SCHOOL TEACHERS,"AN ACT GRANTING PUBLIC ELEMENTARY SCHOOL AND PUBLIC HIGH SCHOOL TEACHERS A NON-WAGE BENEFIT IN THE FORM OF FREE TERTIARY EDUCATION IN ANY STATE COLLEGE OR UNIVERSITY FOR ONE (1) DEPENDENT CHILD, AND FOR OTHER PURPOSES","LAPID, MANUEL ""LITO"" M.","September 22, 2014",NATIONAL,TEACHERS,"EDUCATION, ARTS AND CULTURE",PENDING IN THE COMMITTEE
Senate Bill No. 2108,16th Congress (July 2013 - 2016),https://ldr.senate.gov.ph/bills/senate-bill-no-2108-16th-congress-republic,PHILIPPINE CITIZENSHIP TO ANDRAY BLATCHE,AN ACT GRANTING PHILIPPINE CITIZENSHIP TO ANDRAY BLATCHE,"ANGARA, SONNY","May 2, 2014",NATIONAL,CITIZENSHIP,JUSTICE AND HUMAN RIGHTS,CONSOLIDATED/SUBSTITUTED IN THE COMMITTEE REPORT
Senate Bill No. 2172,16th Congress (July 2013 - 2016),https://ldr.senate.gov.ph/bills/senate-bill-no-2172-16th-congress-republic,"AMENDING SEC. 32 (B), TAX REFORM ACT","AN ACT CLARIFYING THE PROCEDURE FOR APPLICATION FOR TAX TREATY RELIEF, AMENDING FOR THIS PURPOSE REPUBLIC ACT NO. 8424, AS AMENDED, OTHERWISE KNOWN AS THE TAX REFORM ACT OF 1997","BINAY, MARIA LOURDES NANCY S.","November 3, 2014",NATIONAL,TAX REFORM ACT,WAYS AND MEANS,PENDING IN THE COMMITTEE
Senate Bill No. 2490,16th Congress (July 2013 - 2016),https://ldr.senate.gov.ph/bills/senate-bill-no-2490-16th-congress-republic,CYBERSECURITY EDUCATION ENHANCEMENT ACT,AN ACT AUTHORIZING THE COMMISSION ON HIGHER EDUCATION TO ESTABLISH A PROGRAM TO AWARD GRANTS TO INSTITUTIONS OF HIGHER EDUCATION FOR THE ESTABLISHMENT OR EXPANSION OF CYBERSECURITY PROFESSIONAL DEVELOPMENT PROGRAMS,Miriam Defensor Santiago,"September 12, 2014",NATIONAL,CYBERSECURITY INTERNET SAFETY,"EDUCATION, ARTS AND CULTURE",PENDING IN THE COMMITTEE
Senate Bill No. 2246,16th Congress (July 2013 - 2016),https://ldr.senate.gov.ph/bills/senate-bill-no-2246-16th-congress-republic,APPOINTMENTS CONFIRMATION ACT OF 2014,AN ACT SETTING THE LIMITS ON THE POWER OF THE PRESIDENT TO REAPPOINT BYPASSED NOMINEES,Antonio F. Trillanes IV,"May 27, 2014",NATIONAL,PRESIDENTIAL APPOINTMENTS COMMISSION ON APPOINTMENTS (CA),CONSTITUTIONAL AMENDMENTS AND REVISION OF CODES,PENDING IN THE COMMITTEE
Senate Bill No. 2310,16th Congress (July 2013 - 2016),https://ldr.senate.gov.ph/bills/senate-bill-no-2310-16th-congress-republic,SALARY INCREASE FOR TEACHERS AND NON-TEACHING PERSONNEL IN THE ELEMENTARY/SECONDARY PUBLIC SCHOOLS,"AN ACT TO ASSIST THE LIVING CONDITION OF FILIPINO TEACHERS AND NON-TEACHING PERSONNEL IN THE PUBLIC ELEMENTARY AND SECONDARY SCHOOLS BY INCREASING THEIR MINIMUM MONTHLY SALARIES, AND APPROPRIATING FUNDS FOR THE PURPOSE","POE, GRACE","July 15, 2014",NATIONAL,TEACHERS WAGE INCREASE/SALARY INCREASE,"EDUCATION, ARTS AND CULTURE",PENDING IN THE COMMITTEE
Senate Bill No. 2066,16th Congress (July 2013 - 2016),https://ldr.senate.gov.ph/bills/senate-bill-no-2066-16th-congress-republic,AUTOMATIC TRANSFER OF TITLE TO GOVERNMENT OF EXPROPRIATED LANDS,AN ACT PROVIDING FOR AUTOMATIC TRANSFER OF TITLE TO GOVERNMENT OF EXPROPRIATED LANDS UPON FINALITY OF THE JUDGMENT OF EXPROPRIATION,"BINAY, MARIA LOURDES NANCY S.","January 20, 2014",NATIONAL,EXPROPRIATION LAND TITLE/TORRENS TITLE,JUSTICE AND HUMAN RIGHTS,PENDING IN THE COMMITTEE
Senate Bill No. 2320,16th Congress (July 2013 - 2016),https://ldr.senate.gov.ph/bills/senate-bill-no-2320-16th-congress-republic,SENIOR VISION SERVICES ACT,AN ACT CREATING A NATIONAL SENIOR VISION SERVICES PROGRAM FOR ELDERLY PERSONS WITH FUNCTIONAL VISUAL IMPAIRMENTS,Miriam Defensor Santiago,"July 23, 2014",NATIONAL,SENIOR CITIZEN/ELDERLY VISION CARE,"SOCIAL JUSTICE, WELFARE AND RURAL DEVELOPMENT",PENDING IN THE COMMITTEE
Senate Bill No. 2384,16th Congress (July 2013 - 2016),https://ldr.senate.gov.ph/bills/senate-bill-no-2384-16th-congress-republic,ENTREPRENEURIAL AGRICULTURAL EDUCATION ACT,AN ACT TO DEVELOP AND STRENGTHEN THE AGRICULTURAL EDUCATION AND TRAINING IN THE COUNTRY THROUGH THE INSTITUTIONALIZATION OF MANPOWER DEVELOPMENT FOR AGRICULTURAL ENTREPRENEURSHIP IN THE POST-SECONDARY LEVEL,"ANGARA, SONNY","August 27, 2014",NATIONAL,ENTREPRENEURSHIP EDUCATION,AGRICULTURE AND FOOD,PENDING IN THE COMMITTEE
Senate Bill No. 2076,16th Congress (July 2013 - 2016),https://ldr.senate.gov.ph/bills/senate-bill-no-2076-16th-congress-republic,SKILLS STANDARD CERTIFICATION EVALUATION ACT OF 2013,AN ACT IMPOSING A COMPULSORY EVALUATION OF SKILLS CERTIFICATION PROGRAM,Miriam Defensor Santiago,"January 22, 2014",NATIONAL,TECHNICAL EDUCATION AND SKILLS DEVELOPMENT AUTHORITY (TESDA) SKILLS TRAINING/RETRAINING,"LABOR, EMPLOYMENT AND HUMAN RESOURCES DEVELOPMENT",PENDING IN THE COMMITTEE
Senate Bill No. 2140,16th Congress (July 2013 - 2016),https://ldr.senate.gov.ph/bills/senate-bill-no-2140-16th-congress-republic,"AMENDING SEC. 6, OMBUDSMAN ACT","AN ACT GRANTING RETIREMENT AND OTHER BENEFITS TO EMPLOYEES OF THE OFFICE OF THE OMBUDSMAN AMENDING FOR THAT PURPOSE SECTION 6 OF REPUBLIC ACT NO. 6770, OTHERWISE KNOWN AS 'THE OMBUDSMAN ACT OF 1989', AND FOR OTHER PURPOSES","Teofisto ""TG"" D. Guingona III","February 25, 2014",NATIONAL,OMBUDSMAN,JUSTICE AND HUMAN RIGHTS,PENDING IN THE COMMITTEE
Senate Bill No. 2458,16th Congress (July 2013 - 2016),https://ldr.senate.gov.ph/bills/senate-bill-no-2458-16th-congress-republic,TASK FORCE ON INFORMATION SERVICES TECHNOLOGY DEVELOPMENT,AN ACT CREATING A TASK FORCE ON INFORMATION SERVICES TECHNOLOGY DEVELOPMENT TO FOSTER THE FREE MARKET DEVELOPMENT AND BENEFICIAL USE OF ADVANCED COMMUNICATIONS NETWORKS AND INFORMATION TECHNOLOGIES,Miriam Defensor Santiago,"November 18, 2014",NATIONAL,INFORMATION AND COMMUNICATIONS TECHNOLOGY (ICT),SCIENCE AND TECHNOLOGY,PENDING IN THE COMMITTEE
Senate Bill No. 2522,16th Congress (July 2013 - 2016),https://ldr.senate.gov.ph/bills/senate-bill-no-2522-16th-congress-republic,AGRICULTURAL EXEMPTIONS TO THE EXPANDED VALUE ADDED TAX,AN ACT EXPANDING AGRICULTURAL EXEMPTIONS TO THE EXPANDED VALUE ADDED TAX UNDER SECTION 109 OF THE NATIONAL INTERNAL REVENUE CODE,"BINAY, MARIA LOURDES NANCY S.","December 17, 2014",NATIONAL,VALUE-ADDED TAX (VAT) AGRICULTURAL PRODUCTS NATIONAL INTERNAL REVENUE CODE (NIRC),WAYS AND MEANS,PENDING IN THE COMMITTEE
Senate Bill No. 2151,16th Congress (July 2013 - 2016),https://ldr.senate.gov.ph/bills/senate-bill-no-2151-16th-congress-republic,"ELECTRIC, HYBRID AND OTHER ALTERNATIVE FUEL VEHICLES PROMOTION ACT OF 2014","AN ACT PROVIDING INCENTIVES FOR THE MAINSTREAM USE, MANUFACTURE, ASSEMBLY AND CONVERSION OF ELECTRIC, HYBRID AND OTHER ALTERNATIVE FUEL VEHICLES AND FOR OTHER PURPOSES","Paolo Benigno ""Bam"" Aquino IV","March 3, 2014",NATIONAL,HYBRID CARS Motor Vehicles,WAYS AND MEANS,PENDING IN THE COMMITTEE
Senate Bill No. 2469,16th Congress (July 2013 - 2016),https://ldr.senate.gov.ph/bills/senate-bill-no-2469-16th-congress-republic,HAZARD PAY FOR REGIONAL TRIAL COURT JUDGES ACT,AN ACT GRANTING HAZARD PAY TO REGIONAL TRIAL COURT JUDGES DURING THEIR INCUMBENCY AND APPROPRIATING FUNDS THEREFOR.,"BINAY, MARIA LOURDES NANCY S.","November 26, 2014",NATIONAL,HAZARD PAY Judges,JUSTICE AND HUMAN RIGHTS,CONSOLIDATED/SUBSTITUTED IN THE COMMITTEE REPORT
Senate Bill No. 2533,16th Congress (July 2013 - 2016),https://ldr.senate.gov.ph/bills/senate-bill-no-2533-16th-congress-republic,MISCELLANEOUS AND OTHER FEES CONSULTATION ACT,"AN ACT PROVIDING THAT ALL EDUCATIONAL INSTITUTION, WHETHER PUBLIC OR PRIVATE, SHALL HOLD MANDATORY CONSULTATION WITH STUDENTS, PARENTS OR GUARDIANS, ALUMNI, TEACHERS, AND OTHER NON-TEACHING PERSONNEL ASSOCIATIONS, BEFORE INCREASING AND/OR ADDING MISCELLANEOUS FEES, OTHER FEES, AND PAID SERVICES",Miriam Defensor Santiago,"December 22, 2014",NATIONAL,TUITION FEES HIGHER EDUCATION INSTITUTIONS,"EDUCATION, ARTS AND CULTURE",PENDING IN THE COMMITTEE
Senate Bill No. 2225,16th Congress (July 2013 - 2016),https://ldr.senate.gov.ph/bills/senate-bill-no-2225-16th-congress-republic,"AMENDING TITLE I, CHAPTER 3, FAMILY CODE (VOID AND VOIDABLE MARRIAGES)","AN ACT AMENDING TITLE I, CHAPTER 3, OF EXECUTIVE ORDER NO. 209, OTHERWISE KNOWN AS THE FAMILY CODE OF THE PHILIPPINES, PRESCRIBING AN ADDITIONAL GROUND FOR ANNULMENT","LEGARDA, LOREN B.","May 14, 2014",NATIONAL,FAMILY CODE (E.O. NO. 209) MARRIAGE,"WOMEN, CHILDREN, FAMILY RELATIONS AND GENDER EQUALITY",PENDING IN THE COMMITTEE
Senate Bill No. 2289,16th Congress (July 2013 - 2016),https://ldr.senate.gov.ph/bills/senate-bill-no-2289-16th-congress-republic,AMENDING SEC. 2 AND 3 (PATERNITY LEAVE ACT),"AN ACT AMENDING SECTION TWO AND THREE OF REPUBLIC ACT NO. 8187, OTHERWISE KNOWN AS THE PATERNITY LEAVE ACT OF 1996",Miriam Defensor Santiago,"June 19, 2014",NATIONAL,PATERNITY LEAVE,"LABOR, EMPLOYMENT AND HUMAN RESOURCES DEVELOPMENT",PENDING IN THE COMMITTEE
Senate Bill No. 2363,16th Congress (July 2013 - 2016),https://ldr.senate.gov.ph/bills/senate-bill-no-2363-16th-congress-republic,PHILIPPINE NATIONAL POLICE REOGANIZATION AND MODERNIZATION ACT OF 2014,"AN ACT REORGANIZING AND MODERNIZING THE PHILIPPINE NATIONAL POLICE, PROVIDING FUNDS THEREFOR, AND FOR OTHER PURPOSES","POE, GRACE","August 19, 2014",NATIONAL,PHILIPPINE NATIONAL POLICE (PNP),PUBLIC ORDER AND DANGEROUS DRUGS,PENDING IN THE COMMITTEE
Senate Bill No. 2427,16th Congress (July 2013 - 2016),https://ldr.senate.gov.ph/bills/senate-bill-no-2427-16th-congress-republic,SCHOOL SECURITY DRILL ACT OF 2014,AN ACT REQUIRING SCHOOL SECURITY DRILLS IN ALL EDUCATIONAL INSTITUTIONS,"LAPID, MANUEL ""LITO"" M.","September 10, 2014",NATIONAL,EMERGENCY RESPONSE/EMERGENCY PREPAREDNESS SCHOOLS (PUBLIC AND PRIVATE),"EDUCATION, ARTS AND CULTURE",PENDING IN THE COMMITTEE
Senate Bill No. 2119,16th Congress (July 2013 - 2016),https://ldr.senate.gov.ph/bills/senate-bill-no-2119-16th-congress-republic,CODE OF MILITARY JUSTICE FOR THE ARMED FORCES OF THE PHILIPPINES AND THE PHILIPPINE COAST GUARD,"AN ACT PROVIDING FOR THE CODE OF MILITARY JUSTICE FOR THE ARMED FORCES OF THE PHILIPPINES AND THE PHILIPPINE COAST GUARD, REPEALING FOR THE PURPOSE COMMONWEALTH ACT NUMBERED FOUR HUNDRED EIGHT, OTHERWISE KNOWN AS THE ARTICLES OF WAR, AS AMENDED, OTHER SPECIAL LAWS, AND APPROPRIATE FUNDS THEREFOR",Antonio F. Trillanes IV,"December 2, 2014",NATIONAL,ARMED FORCES OF THE PHILIPPINES (AFP) PHILIPPINE COAST GUARD,NATIONAL DEFENSE AND SECURITY,PENDING IN THE COMMITTEE
Senate Bill No. 2183,16th Congress (July 2013 - 2016),https://ldr.senate.gov.ph/bills/senate-bill-no-2183-16th-congress-republic,PARENTAL BEREAVEMENT ACT OF 2014,AN ACT GRANTING PARENTAL BEREAVEMENT LEAVES TO PARENTS IN THE EVENT OF THE DEATH OF A SON OR DAUGHTER,"LAPID, MANUEL ""LITO"" M.","January 4, 2014",NATIONAL,BEREAVEMENT LEAVE,"CIVIL SERVICE, GOVERNMENT REORGANIZATION AND PROFESSIONAL REGULATION",PENDING IN THE COMMITTEE
Senate Bill No. 2501,16th Congress (July 2013 - 2016),https://ldr.senate.gov.ph/bills/senate-bill-no-2501-16th-congress-republic,NATIONAL CULTURAL HERITAGE ACT,"AN ACT STRENGTHENING THE CONSERVATION AND PROTECTION OF NATIONAL CULTURAL HERITAGE THROUGH ENHANCED CULTURAL HERITAGE EDUCATION PROGRAMS AND CULTURAL MAPPING, AMENDING FOR THIS PURPOSE REPUBLIC ACT NO. 10066 OR THE NATIONAL CULTURAL HERITAGE ACT","LEGARDA, LOREN B.","September 12, 2014",NATIONAL,HERITAGE SITES/CULTURAL PROPERTY,"EDUCATION, ARTS AND CULTURE",PENDING IN THE COMMITTEE
Senate Bill No. 2257,16th Congress (July 2013 - 2016),https://ldr.senate.gov.ph/bills/senate-bill-no-2257-16th-congress-republic,"AMENDING SEC. 3, GOCC GOVERNANCE",AN ACT AMENDING CERTAIN PROVISIONS OF REPUBLIC ACT NO. 10149 OR THE GOCC GOVERNANCE OF 2011,"ESCUDERO, FRANCIS G.","May 28, 2014",NATIONAL,GOVERNMENT-OWNED AND-CONTROLLED CORPORATIONS (GOCC),FINANCE,PENDING IN THE COMMITTEE
Senate Bill No. 2331,16th Congress (July 2013 - 2016),https://ldr.senate.gov.ph/bills/senate-bill-no-2331-16th-congress-republic,PULMONARY HYPERTENSION RESEARCH AND DIAGNOSIS ACT,"AN ACT DIRECTING THE SECRETARY OF HEALTH TO ESTABLISH AN INTERAGENCY COORDINATING COMMITTEE ON PULMONARY HYPERTENSION TO DEVELOP RECOMMENDATIONS TO ADVANCE RESEARCH, INCREASE AWARENESS AND EDUCATION, AND IMPROVE HEALTH AND HEALTH CARE",Miriam Defensor Santiago,"July 28, 2014",NATIONAL,HEALTH CARE DELIVERY SYSTEM INTERAGENCY PULMONARY HYPERTENSION COORDINATING COMMITTEE DEPARTMENT OF HEALTH (DOH),HEALTH AND DEMOGRAPHY,PENDING IN THE COMMITTEE
Senate Bill No. 2395,16th Congress (July 2013 - 2016),https://ldr.senate.gov.ph/bills/senate-bill-no-2395-16th-congress-republic,WOMEN'S SAFETY AND WELFARE UNDER CUSTODY ACT OF 2014,"AN ACT PROMOTING THE SAFETY AND WELFARE OF WOMEN UNDER CUSTODY OF THE STATE, AND FOR OTHER PURPOSES","BINAY, MARIA LOURDES NANCY S.","August 9, 2014",NATIONAL,WOMEN IN STATE CUSTODY,JUSTICE AND HUMAN RIGHTS,PENDING IN THE COMMITTEE
Senate Bill No. 2087,16th Congress (July 2013 - 2016),https://ldr.senate.gov.ph/bills/senate-bill-no-2087-16th-congress-republic,STRENGTHENING THE POWERS AND FUNCTIONS OF THE COMMISSION ON HUMAN RIGHTS,AN ACT STRENGTHENING THE POWERS AND FUNCTIONS OF THE COMMISSION ON HUMAN RIGHTS,"BINAY, MARIA LOURDES NANCY S.","January 27, 2014",NATIONAL,COMMISSION ON HUMAN RIGHTS,JUSTICE AND HUMAN RIGHTS,PENDING IN THE COMMITTEE
Senate Bill No. 2098,16th Congress (July 2013 - 2016),https://ldr.senate.gov.ph/bills/senate-bill-no-2098-16th-congress-republic,RARE DISEASE ACT OF 2014,AN ACT PROMULGATING A COMPREHENSIVE POLICY AND ADDRESSING THE NEEDS OF PERSONS WITH RARE DISEASE,"CAYETANO, PIA S.","March 2, 2014",NATIONAL,RARE DISEASES,HEALTH AND DEMOGRAPHY,CONSOLIDATED/SUBSTITUTED IN THE COMMITTEE REPORT
Senate Bill No. 2162,16th Congress (July 2013 - 2016),https://ldr.senate.gov.ph/bills/senate-bill-no-2162-16th-congress-republic,FILIPINO MIGRANT WORKERS (MONEY CLAIMS),"AN ACT TO FURTHER ASSIST FILIPINO MIGRANT WORKERS, AMENDING FOR THE PURPOSE SECTION 10 OF REPUBLIC ACT NO. 8042, AS AMENDED","POE, GRACE","April 3, 2014",NATIONAL,Migrant workers OVERSEAS FILIPINO WORKERS (OFW),"LABOR, EMPLOYMENT AND HUMAN RESOURCES DEVELOPMENT",PENDING IN THE COMMITTEE
Senate Bill No. 2056,16th Congress (July 2013 - 2016),https://ldr.senate.gov.ph/bills/senate-bill-no-2056-16th-congress-republic,MARINE AND COASTAL RESOURCES PROTECTION ACT,AN ACT ESTABLISHING MARINE PROTECTED AREAS IN ALL COASTAL MUNICIPALITIES AND CITIES AND FOR OTHER PURPOSES,"EJERCITO, JOSEPH VICTOR G.","January 15, 2014",NATIONAL,COASTAL ENVIRONMENT PROGRAM PROTECTED AREA/PROTECTED LANDSCAPE MARINE RESOURCES AWARENESS,ENVIRONMENT AND NATURAL RESOURCES,PENDING IN THE COMMITTEE
Senate Bill No. 2130,16th Congress (July 2013 - 2016),https://ldr.senate.gov.ph/bills/senate-bill-no-2130-16th-congress-republic,FISCAL AND MONETARY POLICIES DISCLOSURE ACT OF 2014,AN ACT REQUIRING THE SECRETARY OF FINANCE AND THE GOVERNOR OF THE BANGKO SENTRAL NG PILIPINAS TO APPEAR BEFORE CONGRESS QUARTERLY TO REPORT ON THE STATUS AND DIRECTIONS OF THE FISCAL AND MONETARY POLICIES OF THE STATE,"EJERCITO, JOSEPH VICTOR G.","February 19, 2014",NATIONAL,FISCAL RESPONSIBILITY BANGKO SENTRAL NG PILIPINAS (BSP),FINANCE,SENT TO THE ARCHIVES
Senate Bill No. 2194,16th Congress (July 2013 - 2016),https://ldr.senate.gov.ph/bills/senate-bill-no-2194-16th-congress-republic,CORPORATION CODE OF THE PHILIPPINES,AN ACT AMENDING BATAS PAMBANSA BLG. 68 OR THE CORPORATION CODE OF THE PHILIPPINES,"ANGARA, SONNY","April 30, 2014",NATIONAL,CORPORATION CODE,"TRADE, COMMERCE AND ENTREPRENEURSHIP",CONSOLIDATED/SUBSTITUTED IN THE COMMITTEE REPORT
Senate Bill No. 2160,16th Congress (July 2013 - 2016),https://ldr.senate.gov.ph/bills/senate-bill-no-2160-16th-congress-republic,FOSTERING INVESTMENT THROUGH LOCAL AND INTERNATIONAL MOVIES (FILM) ACT,"AN ACT PROMOTING TOURISM AND FOSTERING INVESTMENT THROUGH LOCAL AND INTERNATIONAL MOVIES BY PROVIDING INCENTIVES FOR MOTION PICTURE PRODUCTION, OTHERWISE KNOWN AS THE FILM ACT","ANGARA, SONNY","April 3, 2014",NATIONAL,FILM/MOVIE INDUSTRY,PUBLIC INFORMATION AND MASS MEDIA,CONSOLIDATED/SUBSTITUTED IN THE COMMITTEE REPORT
Senate Bill No. 2478,16th Congress (July 2013 - 2016),https://ldr.senate.gov.ph/bills/senate-bill-no-2478-16th-congress-republic,INTEGRATED NATIONAL POLICY AND PROGRAM FOR THE OPERATION OF DORMITORIES AND BOARDING HOUSES,"AN ACT ESTABLISHING A COMPREHENSIVE AND INTEGRATED NATIONAL POLICY AND PROGRAM GUIDELINES FOR THE OPERATION AND MAINTENANCE OF DORMITORIES AND BOARDING HOUSES, PROVIDING PENALTIES THEREFOR, AND FOR OTHER PURPOSES","ESTRADA, JINGGOY E.","January 12, 2014",NATIONAL,DORMITORIES/BOARDING HOUSES,"URBAN PLANNING, HOUSING AND RESETTLEMENT",PENDING IN THE COMMITTEE
Senate Bill No. 2542,16th Congress (July 2013 - 2016),https://ldr.senate.gov.ph/bills/senate-bill-no-2542-16th-congress-republic,SENIOR FINANCIAL EMPOWERMENT ACT,"AN ACT TO PREVENT MAIL, TELEMARKETING, AND INTERNET FRAUD TARGETING SENIOR CITIZENS AND TO EDUCATE THE PUBLIC, SENIOR CITIZENS, THEIR FAMILIES, AND THEIR CAREGIVERS ABOUT HOW TO IDENTIFY AND COMBAT FRAULUDENT ACTIVITY",Miriam Defensor Santiago,"December 22, 2014",NATIONAL,SENIOR CITIZEN/ELDERLY,"TRADE, COMMERCE AND ENTREPRENEURSHIP",PENDING IN THE COMMITTEE
Senate Bill No. 2234,16th Congress (July 2013 - 2016),https://ldr.senate.gov.ph/bills/senate-bill-no-2234-16th-congress-republic,FARM TOURISM ACT OF 2014,AN ACT PROVIDING FOR THE DEVELOPMENT AND PROMOTION OF FARM TOURISM IN THE PHILIPPINES AND FOR OTHER PURPOSES,"EJERCITO, JOSEPH VICTOR G.","May 19, 2014",NATIONAL,FARM TOURISM,AGRICULTURE AND FOOD,CONSOLIDATED/SUBSTITUTED IN THE COMMITTEE REPORT
Senate Bill No. 2298,16th Congress (July 2013 - 2016),https://ldr.senate.gov.ph/bills/senate-bill-no-2298-16th-congress-republic,NIGHT WORKERS' ADDITIONAL COMPENSATION ACT OF 2014,"AN ACT PROVIDING FOR THE INCREASE IN THE RATE AND CHANGING OF THE TIME WINDOW OF THE NIGHT SHIFT DIFFERENTIAL, AS PROVIDED BY THE LABOR CODE OF THE PHILIPPINES","ESTRADA, JINGGOY E.","July 7, 2014",NATIONAL,NIGHT SHIFT WORKER,"LABOR, EMPLOYMENT AND HUMAN RESOURCES DEVELOPMENT",PENDING IN THE COMMITTEE
Senate Bill No. 2054,16th Congress (July 2013 - 2016),https://ldr.senate.gov.ph/bills/senate-bill-no-2054-16th-congress-republic,RADIOLOGIC TECHNOLOGY ACT,"AN ACT TO AMEND CERTAIN PROVISIONS OF R.A. 7431, OTHERWISE KNOWN AS THE 'RADIOLOGIC TECHNOLOGY ACT OF 1992', AND FOR OTHER PURPOSES",Antonio F. Trillanes IV,"January 15, 2014",NATIONAL,RADIOLOGIC TECHNOLOGY ACT (R.A.NO. 7431),"CIVIL SERVICE, GOVERNMENT REORGANIZATION AND PROFESSIONAL REGULATION",PENDING IN THE COMMITTEE
Senate Bill No. 2309,16th Congress (July 2013 - 2016),https://ldr.senate.gov.ph/bills/senate-bill-no-2309-16th-congress-republic,SCHOOL NUTRITION AND DIETARY ACT OF 2014,AN ACT INSTITUTING A SCHOOL NOURISHMENT AND DIETARY PROGRAM TO ALL PUBLIC ELEMENTARY SCHOOL STUDENTS PROVIDING FUNDS THEREFOR AND FOR OTHER PURPOSES,"SOTTO III, VICENTE C.","July 15, 2014",NATIONAL,nutrition STUDENTS,"EDUCATION, ARTS AND CULTURE",PENDING IN THE COMMITTEE
Senate Bill No. 2065,16th Congress (July 2013 - 2016),https://ldr.senate.gov.ph/bills/senate-bill-no-2065-16th-congress-republic,BALANCED HOUSING DEVELOPMENT PROGRAM AMENDMENT OF 2014,"AN ACT STRENGTHENING THE BALANCED HOUSING DEVELOPMENT PROGRAM, AMENDING FOR THIS PURPOSE CERTAIN SECTIONS OF REPUBLIC ACT NO. 7279, ENTITLED AN ACT TO PROVIDE FOR A COMPREHENSIVE AND CONTINUING URBAN DEVELOPMENT AND HOUSING PROGRAM, ESTABLISH THE MECHANISM FOR ITS IMPLEMENTATION, AND FOR OTHER PURPOSES","Ferdinand ""Bongbong"" R. Marcos, Jr.","January 20, 2014",NATIONAL,URBAN DEVELOPMENT AND HOUSING ACT,"URBAN PLANNING, HOUSING AND RESETTLEMENT",CONSOLIDATED/SUBSTITUTED IN THE COMMITTEE REPORT
Senate Bill No. 2319,16th Congress (July 2013 - 2016),https://ldr.senate.gov.ph/bills/senate-bill-no-2319-16th-congress-republic,FREE/OPEN SOURCE SOFTWARE (FOSS) ACT OF 2014,"AN ACT PROMOTING THE DEVELOPMENT AND USE OF FREE/OPEN SOURCE OF SOFTWARE (FOSS) IN THE PHILIPPINES, AND FOR OTHER PURPOSES","ESTRADA, JINGGOY E.","July 21, 2014",NATIONAL,FREE/OPEN SOURCE SOFTWARE (FOSS) INFORMATION AND COMMUNICATIONS TECHNOLOGY (ICT),SCIENCE AND TECHNOLOGY,PENDING IN THE COMMITTEE
Senate Bill No. 2383,16th Congress (July 2013 - 2016),https://ldr.senate.gov.ph/bills/senate-bill-no-2383-16th-congress-republic,RARE DISEASES ACT OF THE PHILIPPINES,AN ACT PROMULGATING A COMPREHENSIVE POLICY IN ADDRESSING THE NEEDS OF PERSONS AFFLICTED BY RARE DISORDERS,"ANGARA, SONNY","August 27, 2014",NATIONAL,RARE DISEASES,HEALTH AND DEMOGRAPHY,CONSOLIDATED/SUBSTITUTED IN THE COMMITTEE REPORT
Senate Bill No. 2075,16th Congress (July 2013 - 2016),https://ldr.senate.gov.ph/bills/senate-bill-no-2075-16th-congress-republic,AGRICULTURAL SCIENCE EARLY EDUCATION ACT,AN ACT INTEGRATING AN AGRICULTURAL SCIENCE SUBJECT IN THE PHILIPPINE ELEMENTARY AND HIGH SCHOOL EDUCATIONAL SYSTEM,Miriam Defensor Santiago,"January 22, 2014",NATIONAL,"AGRICULTURE EDUCATION DEPARTMENT OF EDUCATION, CULTURE AND SPORTS (DEPED)","EDUCATION, ARTS AND CULTURE",PENDING IN THE COMMITTEE
Senate Bill No. 2139,16th Congress (July 2013 - 2016),https://ldr.senate.gov.ph/bills/senate-bill-no-2139-16th-congress-republic,AMENDING SEC. 3 (ANTI-WIRETAPPING ACT),"AN ACT AMENDING CERTAIN SECTIONS OF REPUBLIC ACT NO. 4200, OTHERWISE KNOWN AS AN ACT TO PROHIBIT AND PENALIZE WIRETAPPING AND OTHER RELATED VIOLATIONS OF THE PRIVACY OF COMMUNICATION, AND FOR OTHER PURPOSES","POE, GRACE","February 24, 2014",NATIONAL,Wiretapping ILLEGAL DRUGS,PUBLIC ORDER AND DANGEROUS DRUGS,"PENDING SECOND READING, SPECIAL ORDER"
Senate Bill No. 2457,16th Congress (July 2013 - 2016),https://ldr.senate.gov.ph/bills/senate-bill-no-2457-16th-congress-republic,NEWBORN INFANT SAFE HAVEN ACT,AN ACT PROVIDING SAFE HAVEN FOR ABANDONED NEWBORN INFANTS,Miriam Defensor Santiago,"November 18, 2014",NATIONAL,NEW BORN CHILD Department of Social Welfare and Development (DSWD) BABY/INFANT,"WOMEN, CHILDREN, FAMILY RELATIONS AND GENDER EQUALITY",PENDING IN THE COMMITTEE
Senate Bill No. 2521,16th Congress (July 2013 - 2016),https://ldr.senate.gov.ph/bills/senate-bill-no-2521-16th-congress-republic,PATERNITY LEAVE BENEFITS TO MALE MEMBERS OF THE AFP,AN ACT GRANTING PATERNITY LEAVE BENEFITS TO MEMBERS OF THE ARMED FORCES OF THE PHILIPPINES,"BINAY, MARIA LOURDES NANCY S.","December 17, 2014",NATIONAL,PATERNITY LEAVE ARMED FORCES OF THE PHILIPPINES (AFP),NATIONAL DEFENSE AND SECURITY,PENDING IN THE COMMITTEE
Senate Bill No. 2213,16th Congress (July 2013 - 2016),https://ldr.senate.gov.ph/bills/senate-bill-no-2213-16th-congress-republic,"AMENDING SEC. 21, COMPREHENSIVE DANGEROUS DRUGS ACT","AN ACT TO FURTHER STRENGTHEN THE ANTI-DRUG CAMPAIGN OF THE GOVERNMENT, AMENDING FOR THE PURPOSE SECTION 21 OF REPUBLIC ACT NO. 9165, OTHERWISE KNOWN AS THE COMPREHENSIVE DANGEROUS DRUGS ACT OF 2002","POE, GRACE","July 5, 2014",NATIONAL,"COMPREHENSIVE DANGEROUS DRUGS ACT OF 2002, AMENDMENTS",PUBLIC ORDER AND DANGEROUS DRUGS,CONSOLIDATED/SUBSTITUTED IN THE COMMITTEE REPORT
Senate Bill No. 2277,16th Congress (July 2013 - 2016),https://ldr.senate.gov.ph/bills/senate-bill-no-2277-16th-congress-republic,OPEN HIGH SCHOOL SYSTEM ACT OF 2014,AN ACT ESTABLISHING THE OPEN HIGH SCHOOL SYSTEM IN THE PHILIPPINES AND APPROPRIATING FUNDS THEREFOR,"REVILLA JR., RAMON BONG","September 6, 2014",NATIONAL,OPEN HIGH SCHOOL SYSTEM (OHSS),"EDUCATION, ARTS AND CULTURE",APPROVED BY THE PRESIDENT OF THE PHILIPPINES
Senate Bill No. 2351,16th Congress (July 2013 - 2016),https://ldr.senate.gov.ph/bills/senate-bill-no-2351-16th-congress-republic,INCREASING THE MONTHLY MINIMUM WAGE OF PUBLIC SCHOOL TEACHERS,"AN ACT INCREASING THE MONTHLY MINIMUM WAGE OF PUBLIC SCHOOL TEACHERS TO TWENTY FIVE THOUSAND PESOS (P25,000) AND NON-TEACHING PERSONNEL TO FIFTEEN THOUSAND PESOS (P15,000)","LEGARDA, LOREN B.","November 8, 2014",NATIONAL,TEACHERS WAGE INCREASE/SALARY INCREASE,"EDUCATION, ARTS AND CULTURE",PENDING IN THE COMMITTEE
Senate Bill No. 2415,16th Congress (July 2013 - 2016),https://ldr.senate.gov.ph/bills/senate-bill-no-2415-16th-congress-republic,PLASTIC BAGS REGULATION ACT OF 2014,"AN ACT TO REGULATE THE PRODUCTION, IMPORTATION, SALE, USE, RECYCLING, AND DISPOSITION OF PLASTIC BAGS, PROMOTING THE USE OF NATIVE REUSABLE BAGS, PROVIDING A MECHANISM FOR THE RECOVERY AND COLLECTION OF PLASTIC BAGS, AND FOR OTHER PURPOSES","LEGARDA, LOREN B.","September 18, 2014",NATIONAL,PLASTIC/PLASTIC BAGS RECYCLING,ENVIRONMENT AND NATURAL RESOURCES,PENDING IN THE COMMITTEE
Senate Bill No. 2107,16th Congress (July 2013 - 2016),https://ldr.senate.gov.ph/bills/senate-bill-no-2107-16th-congress-republic,PHILIPPINE CITIZENSHIP TO JAVALEE MCGEE,AN ACT GRANTING PHILIPPINE CITIZENSHIP TO JAVALEE MCGEE,"ANGARA, SONNY","May 2, 2014",NATIONAL,CITIZENSHIP,RULES,PENDING IN THE COMMITTEE
Senate Bill No. 2171,16th Congress (July 2013 - 2016),https://ldr.senate.gov.ph/bills/senate-bill-no-2171-16th-congress-republic,"AMENDING ART. 1898, NEW CIVIL CODE OF THE PHILIPPINES","AN ACT AMENDING ARTICLE 1898 OF REPUBLIC ACT 386, OTHERWISE KNOWN AS THE NEW CIVIL CODE OF THE PHILIPPINES","BINAY, MARIA LOURDES NANCY S.","November 3, 2014",NATIONAL,NEW CIVIL CODE (RA 386),"BANKS, FINANCIAL INSTITUTIONS AND CURRENCIES",PENDING IN THE COMMITTEE
Senate Bill No. 2489,16th Congress (July 2013 - 2016),https://ldr.senate.gov.ph/bills/senate-bill-no-2489-16th-congress-republic,FINANCIAL LITERACY FOR YOUTH ACT OR FLY ACT,AN ACT REQUIRING THE SECRETARY OF EDUCATION TO ESTABLISH A PILOT PROGRAM TO AWARD GRANTS TO EDUCATIONAL AGENCIES TO DEVELOP FINANCIAL LITERACY PROGRAMS IN ELEMENTARY AND SECONDARY SCHOOLS,Miriam Defensor Santiago,"September 12, 2014",NATIONAL,"FINANCIAL LITERACY DEPARTMENT OF EDUCATION, CULTURE AND SPORTS (DEPED)","EDUCATION, ARTS AND CULTURE",PENDING IN THE COMMITTEE
Senate Bill No. 2245,16th Congress (July 2013 - 2016),https://ldr.senate.gov.ph/bills/senate-bill-no-2245-16th-congress-republic,LPG INDUSTRY REGULATION AND SAFETY ACT OF 2014,"AN ACT ESTABLISHING THE REGULATORY FRAMEWORK FOR THE SAFE OPERATIONS OF THE LIQUEFIED PETROLEUM GAS (LPG) INDUSTRY, DELINEATE THE POWERS AND FUNCTIONS OF VARIOUS GOVERNMENT AGENCIES, DEFINE AND PENALIZE CERTAIN ACTS, AND FOR OTHER PURPOSES","BINAY, MARIA LOURDES NANCY S.","May 26, 2014",NATIONAL,Liquefied Petroleum Gas (LPG),"TRADE, COMMERCE AND ENTREPRENEURSHIP",CONSOLIDATED/SUBSTITUTED IN THE COMMITTEE REPORT
Senate Bill No. 2500,16th Congress (July 2013 - 2016),https://ldr.senate.gov.ph/bills/senate-bill-no-2500-16th-congress-republic,RE-PROGRAMMING MOBILE TELEPHONE,AN ACT TO CREATE OFFENSES IN RESPECT OF UNIQUE ELECTRONIC EQUIPMENT IDENTIFIERS OF MOBILE WIRELESS COMMUNICATIONS DEVICES,"ESTRADA, JINGGOY E.","September 12, 2014",NATIONAL,CELLULAR PHONES/CELL PHONES,PUBLIC SERVICES,PENDING IN THE COMMITTEE
Senate Bill No. 2256,16th Congress (July 2013 - 2016),https://ldr.senate.gov.ph/bills/senate-bill-no-2256-16th-congress-republic,"AMENDING SEC. 109 (1), NATIONAL INTERNAL REVENUE CODE (WATER UTILITIES)","AN ACT CLASSIFYING THE SERVICES OF FRANCHISE GRANTEES OF WATER UTILITIES, AND SALE OR IMPORTATION OF MACHINERY AND EQUIPMENT DIRECTLY USED IN OPERATING, MAINTAINING, IMPROVING AND EXPANDING DISTRIBUTION OF POTABLE WATER BY WATER UTILITIES AS VALUE-ADDED TAX EXEMPT TRANSACTIONS, AMENDING FOR THE PURPOSE SECTION 109 (1) OF THE NATIONAL INTERNAL REVENUE CODE, AS AMENDED BY REPUBLIC ACT NO. 9337, AND FOR OTHER PURPOSES","EJERCITO, JOSEPH VICTOR G.","May 28, 2014",NATIONAL,NATIONAL INTERNAL REVENUE CODE (NIRC) VALUE-ADDED TAX (VAT) WATER SUPPLY FRANCHISE SALES/FRANCHISE BUSINESS,WAYS AND MEANS,PENDING IN THE COMMITTEE
Senate Bill No. 2330,16th Congress (July 2013 - 2016),https://ldr.senate.gov.ph/bills/senate-bill-no-2330-16th-congress-republic,ELECTRONIC BOOKS OPENING OPPORTUNITY FOR KNOWLEDGE ACT OR THE E-BOOK ACT,AN ACT ESTABLISHING PILOT PROGRAMS TO EXPAND STUDENT ACCESS TO DIGITAL COURSE MATERIALS,Miriam Defensor Santiago,"July 28, 2014",NATIONAL,BOOKS (E-BOOK) DIGITAL EDUCATION,"EDUCATION, ARTS AND CULTURE",PENDING IN THE COMMITTEE
Senate Bill No. 2394,16th Congress (July 2013 - 2016),https://ldr.senate.gov.ph/bills/senate-bill-no-2394-16th-congress-republic,"AMENDING SEC. 6-A, RA 9262 (ANTI-VIOLENCE AGAINST WOMEN AND CHILDREN)","AN ACT ENSURING JOB SECURITY TO WORKING WOMEN WHO ARE VICTIMS OF VIOLENCE, AMENDING FOR THE PURPOSE REPUBLIC ACT 9262","BINAY, MARIA LOURDES NANCY S.","August 9, 2014",NATIONAL,WOMEN VIOLENCE AGAINST WOMEN ANTI-VIOLENCE AGAINST WOMEN AND CHILDREN (VAWC)(R.A.NO. 9262),"LABOR, EMPLOYMENT AND HUMAN RESOURCES DEVELOPMENT",PENDING IN THE COMMITTEE
Senate Bill No. 2086,16th Congress (July 2013 - 2016),https://ldr.senate.gov.ph/bills/senate-bill-no-2086-16th-congress-republic,"AMENDING SECS. 18, 29 & 37 (PHILIPPINE MINING ACT)","AN ACT MANDATING THE CONDUCT OF COMPETITIVE PUBLIC BIDDING OF MINING RIGHTS AND TENEMENTS, PROVIDING FOR SWISS CHALLENGE PROCEDURES AND AMENDING FOR THE PURPOSE REPUBLIC ACT NO. 7942 OR THE PHILIPPINE MINING ACT OF 1995","BINAY, MARIA LOURDES NANCY S.","January 27, 2014",NATIONAL,PHILIPPINE MINING ACT (R.A.NO. 7942) MINERAL RESOURCES,ENVIRONMENT AND NATURAL RESOURCES,PENDING IN THE COMMITTEE
Senate Bill No. 2150,16th Congress (July 2013 - 2016),https://ldr.senate.gov.ph/bills/senate-bill-no-2150-16th-congress-republic,"ELECTRIC, HYBRID AND OTHER ALTERNATIVE FUEL VEHICLES PROMOTIONS ACT OF 2014","AN ACT PROMOTING THE MAINSTREAM USE OF ELECTRIC, HYBRID AND OTHER ALTERNATIVE FUEL VEHICLES AND FOR OTHER PURPOSES","Paolo Benigno ""Bam"" Aquino IV","March 3, 2014",NATIONAL,HYBRID CARS Motor Vehicles,"TRADE, COMMERCE AND ENTREPRENEURSHIP",PENDING IN THE COMMITTEE
Senate Bill No. 2468,16th Congress (July 2013 - 2016),https://ldr.senate.gov.ph/bills/senate-bill-no-2468-16th-congress-republic,UNIVERSITY OF SCIENCE AND TECHNOLOGY OF THE PHILIPPINES ACT,"AN ACT ESTABLISHING THE UNIVERSITY OF SCIENCE AND TECHNOLOGY OF THE PHILIPPINES (USTP), ENHANCING THE COMPOSITION OF ITS GOVERNING BOARD, AND EXPANDING INDUSTRY PARTICIPATION IN THE UNIVERSITY THROUGH THE AMALGAMATION OF THE MINDANAO UNIVERSITY OF SCIENCE AND TECHNOLOGY (MUST) AND THE MISAMIS ORIENTAL STATE COLLEGE OF AGRICULTURE AND TECHNOLOGY (MOSCAT), AND APPROPRIATING FUNDS THEREFOR.","ANGARA, SONNY","November 25, 2014",NATIONAL,SCIENCE AND TECHNOLOGY STATE COLLEGES AND UNIVERSITIES (SCUS),"EDUCATION, ARTS AND CULTURE",CONSOLIDATED/SUBSTITUTED IN THE COMMITTEE REPORT
Senate Bill No. 2532,16th Congress (July 2013 - 2016),https://ldr.senate.gov.ph/bills/senate-bill-no-2532-16th-congress-republic,"AMENDING SEC. 28, WILDLIFE RESOURCES CONSERVATION AND PROTECTION ACT","AN ACT AMENDING SECTION 28 OF REPUBLIC ACT NO. 9147, ALSO KNOWN AS THE WILDLIFE RESOURCES CONSERVATION AND PROTECTION ACT",Miriam Defensor Santiago,"December 22, 2014",NATIONAL,WILDLIFE,ENVIRONMENT AND NATURAL RESOURCES,PENDING IN THE COMMITTEE
Senate Bill No. 2224,16th Congress (July 2013 - 2016),https://ldr.senate.gov.ph/bills/senate-bill-no-2224-16th-congress-republic,IGLESIA NI CRISTO FOUNDING ANNIVERSARY,AN ACT DECLARING JULY 27 OF EVERY YEAR AS A SPECIAL NATIONAL NON-WORKING HOLIDAY IN COMMEMORATION OF THE FOUNDING ANNIVERSARY OF THE IGLESIA NI CRISTO IN THE PHILIPPINES,Ralph G. Recto,"May 13, 2014",NATIONAL,IGLESIA NI CRISTO (INC) HOLIDAYS (NON-WORKING),"EDUCATION, ARTS AND CULTURE",CONSOLIDATED/SUBSTITUTED IN THE COMMITTEE REPORT
Senate Bill No. 2288,16th Congress (July 2013 - 2016),https://ldr.senate.gov.ph/bills/senate-bill-no-2288-16th-congress-republic,"AMENDING SEC. 74, RA 7160 (LIMITATIONS ON RECALL)","AN ACT AMENDING SECTION 74 OF REPUBLIC ACT NO. 7160, ALSO KNOWN AS THE LOCAL GOVERNMENT CODE, ON LIMITATIONS ON RECALL",Miriam Defensor Santiago,"June 19, 2014",NATIONAL,LOCAL GOVERNMENT CODE (R.A. NO. 7160) GOVERNMENT OFFICIAL/PUBLIC OFFICIAL,LOCAL GOVERNMENT,PENDING IN THE COMMITTEE
Senate Bill No. 2362,16th Congress (July 2013 - 2016),https://ldr.senate.gov.ph/bills/senate-bill-no-2362-16th-congress-republic,PHILIPPINE MINERAL RESOURCE REVENUE SHARING ACT OF 2014,"AN ACT ESTABLISHING THE FISCAL REGIME AND REVENUE SHARING ARRANGEMENT FOR LARGE-SCALE METALLIC MINING, AND FOR OTHER PURPOSES",Ralph G. Recto,"August 18, 2014",NATIONAL,MINERAL RESOURCES MINING ACTIVITIES,WAYS AND MEANS,PENDING IN THE COMMITTEE
Senate Bill No. 2426,16th Congress (July 2013 - 2016),https://ldr.senate.gov.ph/bills/senate-bill-no-2426-16th-congress-republic,ETHNIC ORIGIN ACT OF 2014,AN ACT TO INCLUDE ETHNIC ORIGIN IN THE NATIONAL SURVEY CONDUCTED BY THE PHILIPPINE STATISTICS AUTHORITY,"LEGARDA, LOREN B.","September 24, 2014",NATIONAL,ETHNIC PHILIPPINE STATISTICS AUTHORITY,CULTURAL COMMUNITIES,PENDING IN THE HOUSE OF REPRESENTATIVES
Senate Bill No. 2118,16th Congress (July 2013 - 2016),https://ldr.senate.gov.ph/bills/senate-bill-no-2118-16th-congress-republic,FILIPINO SIGN LANGUAGE ACT OF 2014,"AN ACT DECLARING FILIPINO SIGN LANGUAGE AS THE NATIONAL SIGN LANGUAGE OF THE FILIPINO DEAF AND THE OFFICIAL LANGUAGE OF GOVERNMENT IN ALL TRANSACTIONS INVOLVING THE DEAF, AND MANDATING ITS USE IN SCHOOLS, BROADCAST MEDIA, AND WORKPLACES","Paolo Benigno ""Bam"" Aquino IV","November 2, 2014",NATIONAL,DEAF-MUTE PERSONS WITH DISABILITIES (PWDS) FILIPINO SIGN LANGUAGE,"EDUCATION, ARTS AND CULTURE",PENDING IN THE COMMITTEE
Senate Bill No. 2182,16th Congress (July 2013 - 2016),https://ldr.senate.gov.ph/bills/senate-bill-no-2182-16th-congress-republic,ANTI-CORPORAL PUNISHMENT LAW,"AN ACT PROHIBITING THE IMPOSITION OF CORPORAL PUNISHMENT ON CHILDREN, AMENDING FOR THE PURPOSE REPUBLIC ACT NO. 7610, AS AMENDED, OTHERWISE KNOWN AS SPECIAL PROTECTION OF CHILDREN AGAINST CHILD ABUSE, EXPLOITATION AND DISCRIMINATION ACT, PROVIDING PENALTIES THEREFOR AND FOR OTHER PURPOSES","VILLAR, CYNTHIA A.","March 31, 2014",NATIONAL,"CHILD ABUSE, EXPLOITATION AND DISCRIMINATION ACT (R.A. NO. 7610) CORPORAL PUNISHMENT","WOMEN, CHILDREN, FAMILY RELATIONS AND GENDER EQUALITY",PENDING IN THE COMMITTEE
Senate Bill No. 2341,16th Congress (July 2013 - 2016),https://ldr.senate.gov.ph/bills/senate-bill-no-2341-16th-congress-republic,"AMENDING ARTS. 4 (K), 53 AND 60, CONSUMER ACT (CRIME OF PSEUDO-INVESTMENTS)","AN ACT AMENDING CERTAIN PROVISIONS OF REPUBLIC ACT NO. 7394, OTHEWISE KNOWN AS THE CONSUMER ACT OF THE PHILIPPINES, DEFINING FOR THE PURPOSE THE CRIME OF PSEUDO-INVESTMENTS, PROVIDING PENALTIES THEREFOR AND FOR OTHER PURPOSES","VILLAR, CYNTHIA A.","April 8, 2014",NATIONAL,PYRAMID PROMOTIONAL SCHEMES,"TRADE, COMMERCE AND ENTREPRENEURSHIP",PENDING IN THE COMMITTEE
Senate Bill No. 2405,16th Congress (July 2013 - 2016),https://ldr.senate.gov.ph/bills/senate-bill-no-2405-16th-congress-republic,SAMAR ISLAND MEDICAL CENTER,"AN ACT CONVERTING THE NORTHERN SAMAR PROVINCIAL HOSPITAL IN CATARMAN, NORTHERN SAMAR INTO THE SAMAR ISLAND MEDICAL CENTER UNDER THE SUPERVISION, CONTROL AND MANAGEMENT OF THE DEPARTMENT OF HEALTH","REVILLA JR., RAMON BONG","September 9, 2014",LOCAL,"HOSPITALS, CONVERSION DEPARTMENT OF HEALTH (DOH)",RULES,PENDING IN THE COMMITTEE
Senate Bill No. 2097,16th Congress (July 2013 - 2016),https://ldr.senate.gov.ph/bills/senate-bill-no-2097-16th-congress-republic,THE PAGASA MODERNIZATION ACT OF 2014,"AN ACT PROVIDING FOR THE MODERNIZATION OF THE PHILIPPINE ATMOSPHERIC, GEOPHYSICAL AND ASTRONOMICAL SERVICES ADMINISTRATION (PAGASA), PROVIDING FUNDS THEREFOR AND FOR OTHER PURPOSES","Ferdinand ""Bongbong"" R. Marcos, Jr.","March 2, 2014",NATIONAL,"PAGASA (PHILIPPINE ATMOSPHERIC, GEOPHYSICAL AND ASTRONOMICAL SERVICES ADMINISTRATION)",SCIENCE AND TECHNOLOGY,CONSOLIDATED/SUBSTITUTED IN THE COMMITTEE REPORT
Senate Bill No. 2161,16th Congress (July 2013 - 2016),https://ldr.senate.gov.ph/bills/senate-bill-no-2161-16th-congress-republic,CHARTER OF THE QUEZON CITY DEVELOPMENT AUTHORITY,"AN ACT CREATING THE QUEZON CITY DEVELOPMENT AUTHORITY (QCDA), DEFINING ITS POWERS AND FUNCTIONS, PROVIDING FOR ITS ORGANIZATIONAL STRUCTURE AND CAPITALIZATION","SOTTO III, VICENTE C.","April 3, 2014",NATIONAL,QUEZON CITY DEVELOPMENT AUTHORITY (QCDA),"URBAN PLANNING, HOUSING AND RESETTLEMENT",LAPSED INTO LAW
Senate Bill No. 2479,16th Congress (July 2013 - 2016),https://ldr.senate.gov.ph/bills/senate-bill-no-2479-16th-congress-republic,UNDERAGE TATOOING AND BODY PIERCING,AN ACT PUNISHING THE ACT OF UNDERAGE TATOOING AND BODY PIERCING,"ESTRADA, JINGGOY E.","January 12, 2014",NATIONAL,TATTOO AND BODY PIERCING,HEALTH AND DEMOGRAPHY,PENDING IN THE COMMITTEE
Senate Bill No. 2235,16th Congress (July 2013 - 2016),https://ldr.senate.gov.ph/bills/senate-bill-no-2235-16th-congress-republic,"AMENDING SECS. 443, 454, 463 AND 477 (LOCAL GOVERNMENT CODE)","AN ACT AMENDING SECTIONS 443, 454, 463 AND 477 OF REPUBLIC ACT NO. 7160, OTHERWISE KNOWN AS 'THE LOCAL GOVERNMENT CODE OF 1991', AND FOR OTHER PURPOSES","Ferdinand ""Bongbong"" R. Marcos, Jr.","May 20, 2014",NATIONAL,LOCAL GOVERNMENT CODE (R.A. NO. 7160),LOCAL GOVERNMENT,"PENDING SECOND READING, SPECIAL ORDER"
Senate Bill No. 2259,16th Congress (July 2013 - 2016),https://ldr.senate.gov.ph/bills/senate-bill-no-2259-16th-congress-republic,EMPLOYEES PROTECTION IN CASES OF MERGER OR CONSOLIDATION OF THE BUSINESS,"AN ACT PROTECTING EMPLOYEES IN CASES OF MERGER OR CONSOLIDATION, SALE OR TRANSFER OF ALL OR SUBSTANTIALLY ALL ASSETS OR BUSINESS OF THEIR EMPLOYERS AND OTHER PURPOSES","ESTRADA, JINGGOY E.","May 28, 2014",NATIONAL,MERGER/ACQUISITIONS/TRANSFER,"LABOR, EMPLOYMENT AND HUMAN RESOURCES DEVELOPMENT",PENDING IN THE COMMITTEE
Senate Bill No. 2333,16th Congress (July 2013 - 2016),https://ldr.senate.gov.ph/bills/senate-bill-no-2333-16th-congress-republic,MINIMUM TAKE HOME PAY BILL,AN ACT PROVIDING FOR A MINIMUM MONTHLY NET TAKE-HOME PAY FOR ALL GOVERNMENT EMPLOYEES AFTER AUTHORIZED DEDUCTIONS,"Paolo Benigno ""Bam"" Aquino IV","July 30, 2014",NATIONAL,GOVERNMENT EMPLOYEES,"CIVIL SERVICE, GOVERNMENT REORGANIZATION AND PROFESSIONAL REGULATION",PENDING IN THE COMMITTEE
Senate Bill No. 2397,16th Congress (July 2013 - 2016),https://ldr.senate.gov.ph/bills/senate-bill-no-2397-16th-congress-republic,"AMENDING SEC. 97, NATIONAL INTERNAL REVENUE CODE",AN ACT AMENDING SECTION 97 OF THE NATIONAL INTERNAL REVENUE CODE,"BINAY, MARIA LOURDES NANCY S.","August 9, 2014",NATIONAL,NATIONAL INTERNAL REVENUE CODE (NIRC),WAYS AND MEANS,PENDING IN THE COMMITTEE
Senate Bill No. 2089,16th Congress (July 2013 - 2016),https://ldr.senate.gov.ph/bills/senate-bill-no-2089-16th-congress-republic,CORPORATE FARMING,AN ACT PROMOTING CORPORATE FARMING AND PROVIDING INCENTIVES FOR ITS EFFECTIVE IMPLEMENTATION,"POE, GRACE","January 28, 2014",NATIONAL,CORPORATE FARMING AGRI-AGRA REFORM CREDIT (R.A.NO. 10000),AGRICULTURE AND FOOD,PENDING IN THE COMMITTEE
Senate Bill No. 2153,16th Congress (July 2013 - 2016),https://ldr.senate.gov.ph/bills/senate-bill-no-2153-16th-congress-republic,MOVIE AND TELEVISION REVIEW AND CLASSIFICATION BOARD OF 2014,"AN ACT ENHANCING THE CAPABILITIES, MANDATE, AND ORGANIZATIONAL STRUCTURE OF THE MOVIE AND TELEVISION REVIEW AND CLASSIFICATION BOARD (MTRCB), AMENDING FOR THE PURPOSE PRESIDENTIAL DECREE 1986","POE, GRACE","March 3, 2014",NATIONAL,MOVIE AND TELEVISION REVIEW AND CLASSIFICATION BOARD (MTRCB),PUBLIC INFORMATION AND MASS MEDIA,PENDING IN THE COMMITTEE
Senate Bill No. 2471,16th Congress (July 2013 - 2016),https://ldr.senate.gov.ph/bills/senate-bill-no-2471-16th-congress-republic,BAN ASBESTOS ACT,"AN ACT BANNING THE IMPORTATION, MANUFACTURE, PROCESSING OR DISTRIBUTION IN COMMERCE OF ASBESTOS-CONTAINING PRODUCTS.",Miriam Defensor Santiago,"November 26, 2014",NATIONAL,ASBESTOS,"TRADE, COMMERCE AND ENTREPRENEURSHIP",PENDING IN THE COMMITTEE
Senate Bill No. 2535,16th Congress (July 2013 - 2016),https://ldr.senate.gov.ph/bills/senate-bill-no-2535-16th-congress-republic,MATURE AND OLDER WORKERS ACT OF 2014,AN ACT ESTABLISHING A JOB TRAINING PROGRAM FOR MATURE OR OLDER WORKERS,Miriam Defensor Santiago,"December 22, 2014",NATIONAL,MATURE AND OLDER WORKERS,"LABOR, EMPLOYMENT AND HUMAN RESOURCES DEVELOPMENT",PENDING IN THE COMMITTEE
Senate Bill No. 2227,16th Congress (July 2013 - 2016),https://ldr.senate.gov.ph/bills/senate-bill-no-2227-16th-congress-republic,"AMENDING SECS. 22, 24 (A) 52 (A) (2), NIRC (MARGINAL INCOME EARNERS)","AN ACT EXEMPTING MARGINAL INCOME EARNERS FROM INCOME TAX, VALUE ADDED TAX AND PERCENTAGE TAX AMENDING FOR THAT PURPOSE THE PERTINENT PROVISIONS OF REPUBLIC ACT NO. 8424, OTHERWISE KNOWN AS THE NATIONAL INTERNAL REVENUE CODE OF 1997, AS AMENDED, AND FOR OTHER PURPOSES","Paolo Benigno ""Bam"" Aquino IV","May 15, 2014",NATIONAL,NATIONAL INTERNAL REVENUE CODE (NIRC) TAXES/TAXATION,WAYS AND MEANS,PENDING IN THE COMMITTEE
Senate Bill No. 2291,16th Congress (July 2013 - 2016),https://ldr.senate.gov.ph/bills/senate-bill-no-2291-16th-congress-republic,FOOD CHOKING PREVENTION ACT,AN ACT REQUIRING FOOD MANUFACTURERS TO LABEL THEIR PRODUCTS FOR CHOKING HAZARDS,Miriam Defensor Santiago,"June 26, 2014",NATIONAL,FOOD CHOKING PREVENTION,"TRADE, COMMERCE AND ENTREPRENEURSHIP",PENDING IN THE COMMITTEE
Senate Bill No. 2365,16th Congress (July 2013 - 2016),https://ldr.senate.gov.ph/bills/senate-bill-no-2365-16th-congress-republic,BASIC EDUCATION TEACHERS PAY INCREASE BILL OF 2014,AN ACT PROVIDING FOR ADDITIONAL SUPPORT AND COMPENSATION FOR EDUCATORS IN BASIC EDUCATION,"Paolo Benigno ""Bam"" Aquino IV","August 19, 2014",NATIONAL,TEACHERS WAGE INCREASE/SALARY INCREASE,"EDUCATION, ARTS AND CULTURE",PENDING IN THE COMMITTEE
Senate Bill No. 2429,16th Congress (July 2013 - 2016),https://ldr.senate.gov.ph/bills/senate-bill-no-2429-16th-congress-republic,ADDITIONAL SUPPORT AND COMPENSATION FOR EDUCATORS IN BASIC EDUCATION,AN ACT PROVIDING FOR ADDITIONAL SUPPORT AND COMPENSATION FOR EDUCATORS IN BASIC EDUCATION,"Teofisto ""TG"" D. Guingona III","October 14, 2014",NATIONAL,TEACHERS,"EDUCATION, ARTS AND CULTURE",PENDING IN THE COMMITTEE
Senate Bill No. 2121,16th Congress (July 2013 - 2016),https://ldr.senate.gov.ph/bills/senate-bill-no-2121-16th-congress-republic,"AMENDING SECS. 5, 8 & 9 (RETAIL TRADE LIBERALIZATION ACT); FOREIGN EQUITY PARTICIPATION","AN ACT AMENDING REPUBLIC ACT NO. 8762, OTHERWISE KNOWN AS THE RETAIL TRADE LIBERALIZATION ACT, AND FOR OTHER PURPOSES",Sergio R. Osmeña III,"December 2, 2014",NATIONAL,RETAIL TRADE LIBERALIZATION (R.A.NO. 8762) Foreign investments,"TRADE, COMMERCE AND ENTREPRENEURSHIP",PENDING IN THE COMMITTEE
Senate Bill No. 2185,16th Congress (July 2013 - 2016),https://ldr.senate.gov.ph/bills/senate-bill-no-2185-16th-congress-republic,REVERSION TO MAIDEN NAME ACT,"AN ACT ALLOWING WOMEN TO REVERT TO THEIR MAIDEN SURNAME, ESTABLISHING A PROCEDURE FOR REVERSION AND APPROPRIATING FUNDS THEREFOR","LAPID, MANUEL ""LITO"" M.","January 4, 2014",NATIONAL,WOMEN (MAIDEN SURNAME),"WOMEN, CHILDREN, FAMILY RELATIONS AND GENDER EQUALITY",PENDING IN THE COMMITTEE
Senate Bill No. 2503,16th Congress (July 2013 - 2016),https://ldr.senate.gov.ph/bills/senate-bill-no-2503-16th-congress-republic,CHARTER OF THE PUBLIC ASSETS MANAGEMENT CORPORATION OF THE PHILIPPINES,"AN ACT ESTABLISHING THE PUBLIC ASSETS MANAGEMENT CORPORATION OF THE PHILIPPINES, PROVIDING FUNDS THEREFOR AND FOR OTHER PURPOSES","POE, GRACE","September 12, 2014",NATIONAL,PUBLIC ASSETS MANAGEMENT CORPORATION,GOVERNMENT CORPORATIONS AND PUBLIC ENTERPRISES,PENDING IN THE COMMITTEE
Senate Bill No. 2450,16th Congress (July 2013 - 2016),https://ldr.senate.gov.ph/bills/senate-bill-no-2450-16th-congress-republic,PHILIPPINE MENTAL HEALTH ACT OF 2014,"AN ACT PROMOTING MENTAL HEALTH, PROMULGATING A NATIONAL MENTAL HEALTH POLICY TOWARDS THE ENHANCEMENT OF INTEGRATED MENTAL HEALTH SERVICES, PROTECTION OF PERSONS UTILIZING MENTAL HEALTH SERVICES AND ESTABLISHMENT OF A PHILIPPINE MENTAL HEALTH COUNCIL","LEGARDA, LOREN B.","November 11, 2014",NATIONAL,MENTAL HEALTH,HEALTH AND DEMOGRAPHY,PENDING IN THE COMMITTEE
Senate Bill No. 2514,16th Congress (July 2013 - 2016),https://ldr.senate.gov.ph/bills/senate-bill-no-2514-16th-congress-republic,THE FAIR FRANCHISING ACT,AN ACT ENSURING FAIR FRANCHISING PRACTICES,Miriam Defensor Santiago,"December 15, 2014",NATIONAL,FRANCHISE SALES/FRANCHISE BUSINESS,"TRADE, COMMERCE AND ENTREPRENEURSHIP",PENDING IN THE COMMITTEE
Senate Bill No. 2205,16th Congress (July 2013 - 2016),https://ldr.senate.gov.ph/bills/senate-bill-no-2205-16th-congress-republic,ALIEN SOCIAL INTEGRATION ACT OF 2014,AN ACT GRANTING LEGAL RESIDENCE STATUS TO CERTAIN ALIENS THROUGH A SOCIAL INTEGRATION PROGRAM IN THE PHILIPPINES UNDER CERTAIN CONDITIONS,"ANGARA, SONNY","June 5, 2014",NATIONAL,ALIEN SOCIAL INTEGRATION,JUSTICE AND HUMAN RIGHTS,PENDING IN THE COMMITTEE
Senate Bill No. 2270,16th Congress (July 2013 - 2016),https://ldr.senate.gov.ph/bills/senate-bill-no-2270-16th-congress-republic,"AMENDING ARTS.14,96, 124, 211 & 225, FAMILY CODE","AN ACT ENSURING THE FUNDAMENTAL EQUALITY OF MEN AND WOMEN UNDER THE LAWS ON MARRIAGE AND FAMILY RELATIONS, AMENDING FOR THE PURPOSE EXECUTIVE ORDER NO. 209, OTHERWISE KNOWN AS THE FAMILY CODE OF THE PHILIPPINES, AND FOR OTHER PURPOSES","BINAY, MARIA LOURDES NANCY S.","March 6, 2014",NATIONAL,FAMILY CODE (E.O. NO. 209) GENDER DISCRIMINATION MARRIAGE,"WOMEN, CHILDREN, FAMILY RELATIONS AND GENDER EQUALITY",PENDING IN THE HOUSE OF REPRESENTATIVES
Senate Bill No. 2344,16th Congress (July 2013 - 2016),https://ldr.senate.gov.ph/bills/senate-bill-no-2344-16th-congress-republic,NO MOTORCYCLE BACK-RIDER ACT OF 2014,AN ACT PROHIBITING BACKRIDERS ON TWO-WHEELED MOTORCYCLES/SCOOTERS AND EXCEPTIONS THERETO,"SOTTO III, VICENTE C.","May 8, 2014",NATIONAL,MOTORCYCLE,PUBLIC SERVICES,PENDING IN THE COMMITTEE
Senate Bill No. 2408,16th Congress (July 2013 - 2016),https://ldr.senate.gov.ph/bills/senate-bill-no-2408-16th-congress-republic,BANGSAMORO BASIC LAW,"AN ACT PROVIDING FOR THE BASIC LAW FOR THE BANGSAMORO AND ABOLISHING THE AUTONOMOUS REGION IN MUSLIM MINDANAO, REPEALING FOR THE PURPOSE REPUBLIC ACT NO. 9054, ENTITLED 'AN ACT TO STRENGTHEN AND EXPAND THE ORGANIC ACT FOR THE AUTONOMOUS REGION IN MUSLIM MINDANAO,' AND REPUBLIC ACT NO. 6734, ENTITLED 'AN ACT PROVIDING FOR AN ORGANIC ACT FOR THE AUTONOMOUS REGION IN MUSLIM MINDANAO,' AND FOR OTHER PURPOSES",Franklin M. Drilon,"September 15, 2014",NATIONAL,Autonomous Region in Muslim Mindanao (ARMM) BANGSAMORO BASIC LAW,LOCAL GOVERNMENT,CONSOLIDATED/SUBSTITUTED IN THE COMMITTEE REPORT
Senate Bill No. 2100,16th Congress (July 2013 - 2016),https://ldr.senate.gov.ph/bills/senate-bill-no-2100-16th-congress-republic,AMENDING SEC. 220 (TAX REFORM ACT),"AN ACT MANDATING THE BUREAU OF INTERNAL REVENUE TO EXCLUSIVELY INVESTIGATE, PROSECUTE AND HANDLE TAX RELATED CASES, AMENDING SECTION 220, CHAPTER II, TITLE VIII OF REPUBLIC ACT NO. 8424, OTHERWISE KNOWN AS THE 'TAX REFORM ACT OF 1997', AND FOR OTHER PURPOSES","ENRILE, JUAN PONCE","April 2, 2014",NATIONAL,TAX REFORM ACT NATIONAL INTERNAL REVENUE CODE (NIRC) TAXES/TAXATION BUREAU OF INTERNAL REVENUE (BIR),WAYS AND MEANS,PENDING IN THE COMMITTEE
Senate Bill No. 2164,16th Congress (July 2013 - 2016),https://ldr.senate.gov.ph/bills/senate-bill-no-2164-16th-congress-republic,AMENDING ARTS. 354 & 361 (REVISED PENAL CODE),"AN ACT QUALIFYING THE CRIME OF LIBEL COMMITTED AGAINST PUBLIC OFFICERS OR PUBLIC FIGURES, AMENDING FOR THIS PURPOSE ARTICLE 354 AND 361 OF ACT NO. 3815, AS AMENDED, OTHERWISE KNOWN AS THE REVISED PENAL CODE AND CONSEQUENTLY SECTION 4 PARAGRAPH C, SUB-PARAGRAPH 4 OF REPUBLIC ACT NO. 10175, OTHERWISE KNOWN AS THE CYBERCRIME PREVENTION ACT OF 2012","ANGARA, SONNY","June 3, 2014",NATIONAL,LIBEL CYBERCRIME REVISED PENAL CODE (R.A. NO. 3815),JUSTICE AND HUMAN RIGHTS,PENDING IN THE COMMITTEE
Senate Bill No. 2482,16th Congress (July 2013 - 2016),https://ldr.senate.gov.ph/bills/senate-bill-no-2482-16th-congress-republic,NAVAL ARCHITECTURE LAW,AN ACT TO REGULATE AND MODERNIZE THE PRACTICE OF NAVAL ARCHITECTURE IN THE PHILIPPINES,Franklin M. Drilon,"January 12, 2014",NATIONAL,NAVAL ARCHITECTURE,"CIVIL SERVICE, GOVERNMENT REORGANIZATION AND PROFESSIONAL REGULATION",APPROVED BY THE PRESIDENT OF THE PHILIPPINES
Senate Bill No. 2238,16th Congress (July 2013 - 2016),https://ldr.senate.gov.ph/bills/senate-bill-no-2238-16th-congress-republic,BILIS KONEK ACT OF 2014,AN ACT REQUIRING INTERNET SERVICE PROVIDERS TO DELIVER A MINIMUM STANDARD FOR INTERNET CONNECTION SPEED,Ralph G. Recto,"May 26, 2014",NATIONAL,INTERNET SERVICE PROVIDERS,PUBLIC SERVICES,PENDING IN THE COMMITTEE
Senate Bill No. 2302,16th Congress (July 2013 - 2016),https://ldr.senate.gov.ph/bills/senate-bill-no-2302-16th-congress-republic,SAFE AND NON-TOXIC CHILDREN'S PRODUCTS ACT OF 2014,"AN ACT TO REGULATE THE IMPORTATION, MANUFACTURE, SALE AND DISTRIBUTION OF CHILDREN'S TOYS, SCHOOL SUPPLIES, CHILDCARE ARTICLES AND OTHER RELATED PRODUCTS, CONTAINING TOXIC CHEMICALS AND FOR OTHER PURPOSES","ESTRADA, JINGGOY E.","July 7, 2014",NATIONAL,TOY SAFETY TOXIC CHEMICALS CHILDREN/CHILD CARE,HEALTH AND DEMOGRAPHY,PENDING IN THE COMMITTEE
Senate Bill No. 2058,16th Congress (July 2013 - 2016),https://ldr.senate.gov.ph/bills/senate-bill-no-2058-16th-congress-republic,BARANGAY TANOD WELFARE ACT,"AN ACT PROVIDING FOR THE WELFARE OF BARANGAY TANODS, AMENDING FOR THE PURPOSE SECTION 393 OF REPUBLIC ACT NO. 7160 OTHERWISE KNOWN AS THE LOCAL GOVERNMENT CODE OF 1991","EJERCITO, JOSEPH VICTOR G.","January 15, 2014",NATIONAL,BARANGAY TANOD BRIGADES,LOCAL GOVERNMENT,PENDING IN THE COMMITTEE
Senate Bill No. 2376,16th Congress (July 2013 - 2016),https://ldr.senate.gov.ph/bills/senate-bill-no-2376-16th-congress-republic,INCLUSION OF SWIMMING LESSONS IN ELEMENTARY AND SECONDARY SCHOOLS' CURRICULUM,AN ACT DIRECTING THE DEPARTMENT OF EDUCATION TO INCLUDE SWIMMING LESSONS IN THE CURRICULUM OF ALL ELEMENTARY AND SECONDARY SCHOOLS,Miriam Defensor Santiago,"August 27, 2014",NATIONAL,"SWIMMING LESSON CURRICULUM DEPARTMENT OF EDUCATION, CULTURE AND SPORTS (DEPED)","EDUCATION, ARTS AND CULTURE",PENDING IN THE COMMITTEE
Senate Bill No. 2440,16th Congress (July 2013 - 2016),https://ldr.senate.gov.ph/bills/senate-bill-no-2440-16th-congress-republic,NATIONAL WRITING SYSTEM ACT OF 2014,"AN ACT DECLARING 'BAYBAYIN' AS THE NATIONAL WRITING SYSTEM OF THE PHILIPPINES, PROVIDING FOR ITS PROMOTION, PROTECTION, PRESERVATION AND CONSERVATION, AND FOR OTHER PURPOSES","LEGARDA, LOREN B.","October 28, 2014",NATIONAL,NATIONAL WRITING PROGRAM BAYBAYIN ACT,CULTURAL COMMUNITIES,PENDING IN THE COMMITTEE
Senate Bill No. 2132,16th Congress (July 2013 - 2016),https://ldr.senate.gov.ph/bills/senate-bill-no-2132-16th-congress-republic,COASTAL CLIMATE CHANGE ADAPTATION ACT,AN ACT TO ESTABLISH A COASTAL CLIMATE CHANGE ADAPTATION PROGRAM,Miriam Defensor Santiago,"February 20, 2014",NATIONAL,COASTAL ENVIRONMENT PROGRAM CLIMATE CHANGE,CLIMATE CHANGE,PENDING IN THE COMMITTEE
Senate Bill No. 2196,16th Congress (July 2013 - 2016),https://ldr.senate.gov.ph/bills/senate-bill-no-2196-16th-congress-republic,FIXING THE RATES OF INTEREST OF LOANS AND FORBEARANCES,"AN ACT FIXING THE RATES OF INTEREST UPON LOANS AND FORBEARANCES BY AMENDING CERTAIN SECTIONS OF ACT NUMBER TWENTY SIX HUNDRED AND FIFTY FIVE (ACT NO. 2655), AS AMENDED","ESTRADA, JINGGOY E.","May 5, 2014",NATIONAL,LOANS/FORBEARANCES (RATES OF INTEREST),"BANKS, FINANCIAL INSTITUTIONS AND CURRENCIES",PENDING IN THE COMMITTEE
Senate Bill No. 2323,16th Congress (July 2013 - 2016),https://ldr.senate.gov.ph/bills/senate-bill-no-2323-16th-congress-republic,SAVED BY THE BELL ACT,AN ACT ESTABLISHING A CENTER FOR THE RESEARCH AND DEVELOPMENT OF STRATEGIES ON CAMPUS SAFETY,Miriam Defensor Santiago,"July 24, 2014",NATIONAL,CAMPUS SAFETY,JUSTICE AND HUMAN RIGHTS,PENDING IN THE COMMITTEE
Senate Bill No. 2387,16th Congress (July 2013 - 2016),https://ldr.senate.gov.ph/bills/senate-bill-no-2387-16th-congress-republic,SERVICE ANIMALS ACT OF 2014,AN ACT RECOGNIZING AND PROTECTING THE RIGHTS OF PERSONS WITH DISABILITIES ACCOMPANIED BY SERVICE ANIMALS,"LAPID, MANUEL ""LITO"" M.","March 9, 2014",NATIONAL,PERSONS WITH DISABILITIES (PWDS) HANDICAPPED/DISABLED/DIFFERENTLY ABLED,"SOCIAL JUSTICE, WELFARE AND RURAL DEVELOPMENT",PENDING IN THE COMMITTEE
Senate Bill No. 2079,16th Congress (July 2013 - 2016),https://ldr.senate.gov.ph/bills/senate-bill-no-2079-16th-congress-republic,RICE FERTILIZER SUBSIDY ACT OF 2013,AN ACT INSTITUTING A FERTILIZER SUBSIDY PROGRAM FOR RICE FARMERS,Miriam Defensor Santiago,"January 22, 2014",NATIONAL,FARMERS/FISHERFOLK FERTILIZER,AGRICULTURE AND FOOD,PENDING IN THE COMMITTEE
Senate Bill No. 2143,16th Congress (July 2013 - 2016),https://ldr.senate.gov.ph/bills/senate-bill-no-2143-16th-congress-republic,LOCAL MUSIC INDUSTRY INCENTIVE ACT,AN ACT PROVIDING FOR TAX EXEMPTIONS AND SUBSIDIES FOR THE LOCAL MUSIC INDUSTRY AND AMENDING CERTAIN SECTIONS OF REPUBLIC ACT NO. 7160 OR THE LOCAL GOVERNMENT CODE OF 1991,"POE, GRACE","February 25, 2014",NATIONAL,MUSIC INDUSTRY TAX EXEMPTION LOCAL GOVERNMENT CODE (R.A. NO. 7160),LOCAL GOVERNMENT,PENDING IN THE COMMITTEE
Senate Bill No. 2339,16th Congress (July 2013 - 2016),https://ldr.senate.gov.ph/bills/senate-bill-no-2339-16th-congress-republic,AGE-APPROPRIATE CURRICULUM FOR K-8 PUPILS,"AN ACT INSTITUTIONALIZING AN AGE-APPROPRIATE CURRICULUM TO PREVENT THE ABDUCTION, EXPLOITATION, AND SEXUAL ABUSE OF CHILDREN AND APPROPRIATING FUNDS THEREFOR",Miriam Defensor Santiago,"April 8, 2014",NATIONAL,"Kindergarten CURRICULUM DEPARTMENT OF EDUCATION, CULTURE AND SPORTS (DEPED) CHILDREN/CHILD CARE","EDUCATION, ARTS AND CULTURE",PENDING IN THE COMMITTEE
Senate Bill No. 2403,16th Congress (July 2013 - 2016),https://ldr.senate.gov.ph/bills/senate-bill-no-2403-16th-congress-republic,MARIVELES DISTRICT HOSPITAL (BATAAN),"AN ACT ESTABLISHING THE MARIVELES DISTRICT HOSPITAL IN THE MUNICIPALITY OF MARIVELES, PROVINCE OF BATAAN AND APPROPRIATING FUNDS THEREFORE","REVILLA JR., RAMON BONG","September 9, 2014",LOCAL,"HOSPITALS, ESTABLISHMENT",RULES,PENDING IN THE COMMITTEE
Senate Bill No. 2095,16th Congress (July 2013 - 2016),https://ldr.senate.gov.ph/bills/senate-bill-no-2095-16th-congress-republic,URBAN AGRICULTURE AND VERTICAL FARMING ACT OF 2014,AN ACT PROMOTING THE USE OF URBAN AGRICULTURE AND VERTICAL FARMING IN THE COUNTRY'S METROPOLITAN AREAS TO ADDRESS FOOD SECURITY CONCERN AND REGENERATE ECOSYSTEM FUNCTIONS AND APPROPRIATING FUNDS THEREFOR,"LAPID, MANUEL ""LITO"" M.","January 28, 2014",NATIONAL,URBAN FARMING/CITY GARDEN,AGRICULTURE AND FOOD,PENDING IN THE COMMITTEE
Senate Bill No. 2159,16th Congress (July 2013 - 2016),https://ldr.senate.gov.ph/bills/senate-bill-no-2159-16th-congress-republic,LIBERALIZING THE ENTRY AND SCOPE OF OPERATIONS OF FOREIGN BANKS IN THE PHILIPPINES,"AN ACT AMENDING REPUBLIC ACT NO. 7721, OTHERWISE KNOWN AS AN ACT LIBERALIZING THE ENTRY AND SCOPE OF OPERATIONS OF FOREIGN BANKS IN THE PHILIPPINES AND FOR OTHER PURPOSES",Sergio R. Osmeña III,"April 3, 2014",NATIONAL,FOREIGN BANKS (R.A.NO. 7721),"BANKS, FINANCIAL INSTITUTIONS AND CURRENCIES",APPROVED BY THE PRESIDENT OF THE PHILIPPINES
Senate Bill No. 2477,16th Congress (July 2013 - 2016),https://ldr.senate.gov.ph/bills/senate-bill-no-2477-16th-congress-republic,CRIME OF IDENTITY THEFT,"AN ACT DEFINING THE CRIME OF IDENTITY THEFT, PROVIDING PENALTIES THEREFOR AND FOR OTHER PURPOSES","ESTRADA, JINGGOY E.","January 12, 2014",NATIONAL,IDENTITY THEFT,JUSTICE AND HUMAN RIGHTS,PENDING IN THE COMMITTEE
Senate Bill No. 2541,16th Congress (July 2013 - 2016),https://ldr.senate.gov.ph/bills/senate-bill-no-2541-16th-congress-republic,SAFETY FOR OUR SCHOOLCHILDREN ACT,AN ACT TO REQUIRE ALL PUBLIC SCHOOL EMPLOYEES AND THOSE EMPLOYED IN CONNECTION WITH A PUBLIC SCHOOL TO RECEIVE NBI BACKGROUND CHECKS PRIOR TO BEING HIRED,Miriam Defensor Santiago,"December 22, 2014",NATIONAL,PUBLIC SCHOOL SECURITY STUDENTS CHILDREN/CHILD CARE,"EDUCATION, ARTS AND CULTURE",PENDING IN THE COMMITTEE
Senate Bill No. 2233,16th Congress (July 2013 - 2016),https://ldr.senate.gov.ph/bills/senate-bill-no-2233-16th-congress-republic,SUGARCANE INDUSTRY DEVELOPMENT ACT OF 2014,"AN ACT STRENGTHENING THE SUGARCANE INDUSTRY BY ESTABLISHING THE SUGARCANE INDUSTRY DEVELOPMENT FUND, PROVIDING FUNDS THEREFOR AND FOR OTHER PURPOSES","LEGARDA, LOREN B.","May 19, 2014",NATIONAL,SUGAR CANE INDUSTRY,AGRICULTURE AND FOOD,CONSOLIDATED/SUBSTITUTED IN THE COMMITTEE REPORT
Senate Bill No. 2297,16th Congress (July 2013 - 2016),https://ldr.senate.gov.ph/bills/senate-bill-no-2297-16th-congress-republic,SHARE THE ROAD ACT,AN ACT TO PROVIDE FOR SAFER BICYCLE RIDING FOR BICYCLISTS AND THE MOTORING PUBLIC,Miriam Defensor Santiago,"January 7, 2014",NATIONAL,BICYCLE,PUBLIC SERVICES,PENDING IN THE COMMITTEE
Senate Bill No. 2053,16th Congress (July 2013 - 2016),https://ldr.senate.gov.ph/bills/senate-bill-no-2053-16th-congress-republic,THE PICTORIAL HEALTH WARNING ACT OF 2014,AN ACT MANDATING THE INCLUSION OF PICTORIAL HEALTH WARNINGS ON TOBACCO PRODUCTS AND PROVIDING PENALTIES FOR ITS VIOLATION,Miriam Defensor Santiago,"January 15, 2014",NATIONAL,TOBACCO PRODUCTS/TOBACCO INDUSTRY,HEALTH AND DEMOGRAPHY,WITHDRAWN
Senate Bill No. 2371,16th Congress (July 2013 - 2016),https://ldr.senate.gov.ph/bills/senate-bill-no-2371-16th-congress-republic,PHILIPPINE AMATEUR SPORTS TRAINING CENTER ACT,"AN ACT CREATING AND ESTABLISHING A STATE-OF THE-ART AND HIGHLY SCIENTIFIC SPORTS COMPLEX KNOWN AS THE 'PHILIPPINE AMATEUR SPORTS TRAINING CENTER', AND FUNDING FOR THE ACQUISITION OF PROPERTY, CONSTRUCTION OF FACILITIES, INCLUDING ITS ADMINISTRATION, MAINTENANCE AND MANAGEMENT, AND FOR OTHER PURPOSES","ANGARA, SONNY","August 26, 2014",NATIONAL,SPORTS COMPLEX/SPORTS CENTER/MULTI-PURPOSE SPORTS CENTER/SPORTS ACADEMY,"GAMES, AMUSEMENT AND SPORTS",PENDING IN THE COMMITTEE
Senate Bill No. 2435,16th Congress (July 2013 - 2016),https://ldr.senate.gov.ph/bills/senate-bill-no-2435-16th-congress-republic,ICT HUB ACT OF 2014,AN ACT ESTABLISHING AN INFORMATION AND COMMUNICATIONS TECHNOLOGY (ICT) HUB IN EVERY LEGISLATIVE DISTRICT OF THE PHILIPPINES AND FOR OTHER PURPOSES,"POE, GRACE","October 20, 2014",NATIONAL,INFORMATION AND COMMUNICATIONS TECHNOLOGY (ICT),PUBLIC SERVICES,PENDING IN THE COMMITTEE
Senate Bill No. 2127,16th Congress (July 2013 - 2016),https://ldr.senate.gov.ph/bills/senate-bill-no-2127-16th-congress-republic,"INCREASING BURIAL ASSISTANCE FOR VETERANS (FROM P10,000 TO P30,000)","AN ACT INCREASING THE BURIAL ASSISTANCE FOR VETERANS FROM TEN THOUSAND (P10,000) TO THIRTY THOUSAND PESOS (P30,000), AMENDING FOR THE PURPOSE REPUBLIC ACT NO. 6948, AS AMENDED, OTHERWISE KNOWN AS AN ACT STANDARDIZING AND UPGRADING THE BENEFITS FOR MILITARY VETERANS AND THEIR DEPENDENTS","REVILLA JR., RAMON BONG","February 19, 2014",NATIONAL,VETERANS,NATIONAL DEFENSE AND SECURITY,CONSOLIDATED/SUBSTITUTED IN THE COMMITTEE REPORT
Senate Bill No. 2191,16th Congress (July 2013 - 2016),https://ldr.senate.gov.ph/bills/senate-bill-no-2191-16th-congress-republic,GLOBAL AUTISM ASSISTANCE ACT,AN ACT ESTABLISHING A HEALTH AND EDUCATION GRANT PROGRAM RELATED TO AUTISM SPECTRUM DISORDERS,Miriam Defensor Santiago,"April 28, 2014",NATIONAL,AUTISM,HEALTH AND DEMOGRAPHY,PENDING IN THE COMMITTEE
Senate Bill No. 2445,16th Congress (July 2013 - 2016),https://ldr.senate.gov.ph/bills/senate-bill-no-2445-16th-congress-republic,ANTI-PREMATURE CAMPAIGNING ACT,"AN ACT AMENDING SECTIONS 79, 80 AND 81 OF BATAS PAMBANSA BILANG 881 OTHERWISE KNOWN AS THE OMNIBUS ELECTION CODE OF THE PHILIPPINES",Miriam Defensor Santiago,"April 11, 2014",NATIONAL,OMNIBUS ELECTION CODE (BATAS PAMBANSA BLG. 881),ELECTORAL REFORMS AND PEOPLES PARTICIPATION,PENDING IN THE COMMITTEE
Senate Bill No. 2138,16th Congress (July 2013 - 2016),https://ldr.senate.gov.ph/bills/senate-bill-no-2138-16th-congress-republic,STREAMLINING THE JURISDICTION OF THE SANDIGANBAYAN (DIVISION OF THE COURTS),"AN ACT FURTHER AMENDING PRESIDENTIAL DECREE NO. 1606, AS AMENDED","DRILON, FRANKLIN M.","February 24, 2014",NATIONAL,SANDIGANBAYAN,JUSTICE AND HUMAN RIGHTS,APPROVED BY THE PRESIDENT OF THE PHILIPPINES
Senate Bill No. 2456,16th Congress (July 2013 - 2016),https://ldr.senate.gov.ph/bills/senate-bill-no-2456-16th-congress-republic,SOLAR ROOFS ACT OF 2014,"AN ACT PROVIDING COMPETITIVE GRANTS TO LOCAL GOVERNMENTS FOR REBATES, LOANS, AND OTHER INCENTIVES TO ELIGIBLE INDIVIDUALS OR ENTITIES FOR THE PURCHASE AND INSTALLATION OF SOLAR ENERGY SYSTEMS FOR PROPERTIES LOCATED IN THE PHILIPPINES",Miriam Defensor Santiago,"November 18, 2014",NATIONAL,Solar energy,ENERGY,PENDING IN THE COMMITTEE
Senate Bill No. 2520,16th Congress (July 2013 - 2016),https://ldr.senate.gov.ph/bills/senate-bill-no-2520-16th-congress-republic,EXEMPTION FOR FARMER COOPERATIVES AND ASSOCIATIONS ENGAGED IN THE TRADE OF ORGANIC FERTILIZERS,"AN ACT EXEMPTING FARMER COOPERATIVES AND ASSOCIATIONS ENGAGED IN THE TRADE OF ORGANIC FERTILIZERS FROM PAYMENT OF REGISTRATION, LICENSING FEES AND ADMINISTRATIVE CHARGES, GRANTING AMNESTY FOR PREVIOUS VIOLATIONS OF PRESIDENTIAL DECREE 1144 AND AMENDING FOR THE PURPOSE PRESIDENTIAL DECREE 1144","BINAY, MARIA LOURDES NANCY S.","December 17, 2014",NATIONAL,FARMERS/FISHERFOLK COOPERATIVES FERTILIZER,AGRICULTURE AND FOOD,PENDING IN THE COMMITTEE
Senate Bill No. 2212,16th Congress (July 2013 - 2016),https://ldr.senate.gov.ph/bills/senate-bill-no-2212-16th-congress-republic,YOUTH ENTREPRENEURSHIP ACT OF 2014,AN ACT TO ACTIVELY PROMOTE ENTREPRENEURSHIP AND FINANCIAL EDUCATION AMONG FILIPINO YOUTH,"VILLAR, CYNTHIA A.","July 5, 2014",NATIONAL,youth development ENTREPRENEURSHIP EDUCATION,YOUTH,APPROVED BY THE PRESIDENT OF THE PHILIPPINES
Senate Bill No. 2276,16th Congress (July 2013 - 2016),https://ldr.senate.gov.ph/bills/senate-bill-no-2276-16th-congress-republic,BIODEGRADABLE CIGARETTE FILTERS ACT OF 2014,AN ACT MANDATING THE USE OF BIODEGRADABLE FILTERS ON CIGARETTES,Miriam Defensor Santiago,"September 6, 2014",NATIONAL,CIGARS/CIGARETTES,ENVIRONMENT AND NATURAL RESOURCES,PENDING IN THE COMMITTEE
Senate Bill No. 2350,16th Congress (July 2013 - 2016),https://ldr.senate.gov.ph/bills/senate-bill-no-2350-16th-congress-republic,FORENSIC SCIENCE INSTITUTE ACT,"AN ACT ESTABLISHING THE FORENSIC SCIENCE INSTITUTE IN THE UNIVERSITY OF THE PHILIPPINES SYSTEM, DEFINING ITS FUNCTIONS AND APPROPRIATING FUNDS THEREFOR","VILLAR, CYNTHIA A.","November 8, 2014",NATIONAL,FORENSIC SCIENCE University of the Philippines (U.P.),PUBLIC ORDER AND DANGEROUS DRUGS,PENDING IN THE COMMITTEE
Senate Bill No. 2414,16th Congress (July 2013 - 2016),https://ldr.senate.gov.ph/bills/senate-bill-no-2414-16th-congress-republic,AMENDING THE PHILIPPINE FISHERIES CODE OF 1998,"AN ACT STRENGTHENING THE REGULATORY AND ENFORCEMENT FUNCTIONS OF THE BUREAU OF FISHERIES AND AQUATIC RESOURCES, AMENDING FOR THE PURPOSE REPUBLIC ACT NO. 8550, OTHERWISE KNOWN AS 'THE PHILIPPINE FISHERIES CODE OF 1998,' AND FOR OTHER PURPOSES","VILLAR, CYNTHIA A.","September 17, 2014",NATIONAL,PHILIPPINE FISHERIES CODE (R.A.NO. 8550),AGRICULTURE AND FOOD,LAPSED INTO LAW
Senate Bill No. 2106,16th Congress (July 2013 - 2016),https://ldr.senate.gov.ph/bills/senate-bill-no-2106-16th-congress-republic,CASINO AML/CFT ACT OF 2014,"AN ACT DESIGNATING CASINO OPERATORS AS COVERED PERSONS UNDER REPUBLIC ACT NO. 9160 (ANTI-MONEY LAUNDERING ACT OF 2001), AS AMENDED, FOR THE PURPOSE OF STRENGTHENING THE ANTI-MONEY LAUNDERING/COMBATING THE FINANCING OF TERRORISM REGIME OF THE PHILIPPINES, AND FOR OTHER PURPOSES","Teofisto ""TG"" D. Guingona III","May 2, 2014",NATIONAL,Money Laundering CASINO TERRORISM,"BANKS, FINANCIAL INSTITUTIONS AND CURRENCIES",PENDING IN THE COMMITTEE
Senate Bill No. 2170,16th Congress (July 2013 - 2016),https://ldr.senate.gov.ph/bills/senate-bill-no-2170-16th-congress-republic,PHILIPPINE NATIONAL PERFORMING ARTS COMPANIES ACT,"AN ACT DESIGNATING PHILIPPINE PERFORMING ARTS COMPANIES, DEFINING THEIR ROLES AND FUNCTIONS AS SUCH, AND APPROPRIATING FUNDS THEREFOR","LEGARDA, LOREN B.","November 3, 2014",NATIONAL,PERFORMING ARTS,"EDUCATION, ARTS AND CULTURE",PENDING IN THE COMMITTEE
Senate Bill No. 2488,16th Congress (July 2013 - 2016),https://ldr.senate.gov.ph/bills/senate-bill-no-2488-16th-congress-republic,PROHIBITION ON CHILDREN RIDING MOTORCYCLES ACT OF 2014,AN ACT TO ENSURE THE SAFETY OF CHILDREN ABOARD TWO-WHEELED MOTORCYCLES TRAVELLING ALONG PUBLIC AND PRIVATE ROADS,"SOTTO III, VICENTE C.","April 12, 2014",NATIONAL,MOTORCYCLE CHILDREN/CHILD CARE,PUBLIC SERVICES,APPROVED BY THE PRESIDENT OF THE PHILIPPINES
Senate Bill No. 2244,16th Congress (July 2013 - 2016),https://ldr.senate.gov.ph/bills/senate-bill-no-2244-16th-congress-republic,"AMENDING SECS. 84 TO 97, NATIONAL INTERNAL REVENUE CODE","AN ACT REPEALING CHAPTER I OF TITLE III OF THE NATIONAL INTERNAL REVENUE CODE OF 1997, AS AMENDED, AND FOR OTHER PURPOSES","BINAY, MARIA LOURDES NANCY S.","May 26, 2014",NATIONAL,NATIONAL INTERNAL REVENUE CODE (NIRC),WAYS AND MEANS,PENDING IN THE COMMITTEE
Senate Bill No. 2308,16th Congress (July 2013 - 2016),https://ldr.senate.gov.ph/bills/senate-bill-no-2308-16th-congress-republic,TALAINGOD ECO-CULTURAL TOURISM ZONE (DAVAO DEL NORTE),"AN ACT DECLARING THE MUNICIPALITY OF TALAINGOD, DAVAO DEL NORTE AS AN ECO-CULTURAL TOURISM ZONE ESTABLISHING FOR THE PURPOSE THE TALAINGOD CULTURAL HERITAGE VILLAGE, PROVIDING FOR ITS DEVELOPMENT AND APPROPRIATING FUNDS THEREFOR","LEGARDA, LOREN B.","July 14, 2014",LOCAL,TOURISM ZONE HERITAGE SITES/CULTURAL PROPERTY,ENVIRONMENT AND NATURAL RESOURCES,"PENDING SECOND READING, ORDINARY BUSINESS"
Senate Bill No. 2064,16th Congress (July 2013 - 2016),https://ldr.senate.gov.ph/bills/senate-bill-no-2064-16th-congress-republic,THE SINGER'S EQUITY ACT,"AN ACT CONSERVING, PROMOTING AND POPULARIZING THE NATION'S HISTORICAL AND CULTURAL HERITAGE AND RESOURCES, AS WELL AS ARTISTIC CREATIONS BY EXACTING A PERFORMANCE FEE FROM FOREIGN PERFORMERS AND ALLOCATING THE PROCEEDS THEREOF TO THE NATIONAL COMMISSION FOR CULTURE AND THE ARTS AND FOR OTHER PURPOSES","EJERCITO, JOSEPH VICTOR G.","January 16, 2014",NATIONAL,NATIONAL COMMISSION FOR CULTURE AND THE ARTS FOREIGN ARTISTS/SINGERS/PERFORMERS,"EDUCATION, ARTS AND CULTURE",PENDING IN THE COMMITTEE
Senate Bill No. 2382,16th Congress (July 2013 - 2016),https://ldr.senate.gov.ph/bills/senate-bill-no-2382-16th-congress-republic,REGENERATIVE MEDICINE PROMOTION ACT,AN ACT LAUNCHING A NATIONAL STRATEGY TO SUPPORT REGENERATIVE MEDICINE THROUGH FUNDING FOR RESEARCH AND COMMERCIAL DEVELOPMENT OF REGENERATIVE MEDICINE PRODUCTS AND DEVELOPMENT OF A REGULATORY ENVIRONMENT THAT ENABLES RAPID APPROVAL OF SAFE AND EFFECTIVE PRODUCTS,Miriam Defensor Santiago,"August 27, 2014",NATIONAL,MEDICINES/DRUGS,HEALTH AND DEMOGRAPHY,PENDING IN THE COMMITTEE
Senate Bill No. 2329,16th Congress (July 2013 - 2016),https://ldr.senate.gov.ph/bills/senate-bill-no-2329-16th-congress-republic,STUDENT DISCIPLINARY FAIRNESS ACT,AN ACT ESTABLISHING THE COMMITTEE ON SCHOOL DISCIPLINE POLICY WITHIN THE JUVENILE JUSTICE AND WELFARE COUNCIL,Miriam Defensor Santiago,"July 28, 2014",NATIONAL,STUDENTS,JUSTICE AND HUMAN RIGHTS,PENDING IN THE COMMITTEE
Senate Bill No. 2393,16th Congress (July 2013 - 2016),https://ldr.senate.gov.ph/bills/senate-bill-no-2393-16th-congress-republic,"AMENDING SEC. 117, PD 1529 (PROCEDURE ON CONSULTAS)",AN ACT AMENDING THE PROCEDURE ON CONSULTAS AMENDING FOR THE PURPOSE SECTION 117 OF PRESIDENTIAL DECREE 1529,"BINAY, MARIA LOURDES NANCY S.","August 9, 2014",NATIONAL,REGISTRY OF DEEDS LAND REGISTRATION AUTHORITY,JUSTICE AND HUMAN RIGHTS,PENDING IN THE COMMITTEE
Senate Bill No. 2085,16th Congress (July 2013 - 2016),https://ldr.senate.gov.ph/bills/senate-bill-no-2085-16th-congress-republic,PRE-NATAL LEAVE BENEFITS,AN ACT PROVIDING PRE-NATAL LEAVE BENEFITS,"BINAY, MARIA LOURDES NANCY S.","January 27, 2014",NATIONAL,WOMEN LEAVE OF ABSENCE,"LABOR, EMPLOYMENT AND HUMAN RESOURCES DEVELOPMENT",PENDING IN THE COMMITTEE
Senate Bill No. 2149,16th Congress (July 2013 - 2016),https://ldr.senate.gov.ph/bills/senate-bill-no-2149-16th-congress-republic,AMENDING SEC. 24 OF NIRC RE ADJUSTING THE INDIVIDUAL INCOME TAX BRACKET,"AN ACT AMENDING SECTION 24 OF THE NATIONAL INTERNAL REVENUE CODE OF 1997, AS AMENDED, AND FOR OTHER PURPOSES","ANGARA, SONNY","February 27, 2014",NATIONAL,NATIONAL INTERNAL REVENUE CODE (NIRC) TAXES (INDIVIDUAL INCOME TAX),WAYS AND MEANS,PENDING IN THE COMMITTEE
Senate Bill No. 2467,16th Congress (July 2013 - 2016),https://ldr.senate.gov.ph/bills/senate-bill-no-2467-16th-congress-republic,COCONUT FARMERS' TRUST FUND ACT,"AN ACT TO SPUR RURAL DEVELOPMENT IN THE COCONUT SECTOR BY ESTABLISHING THE COCONUT FARMERS' TRUST FUND, PROVIDING FOR THE MANAGEMENT THEREOF, AND FOR OTHER PURPOSES","Paolo Benigno ""Bam"" Aquino IV","November 25, 2014",NATIONAL,COCONUT INDUSTRY/COPRA AND OTHER COCONUT PRODUCTS FARMERS/FISHERFOLK trust fund,AGRICULTURE AND FOOD,CONSOLIDATED/SUBSTITUTED IN THE COMMITTEE REPORT
Senate Bill No. 2531,16th Congress (July 2013 - 2016),https://ldr.senate.gov.ph/bills/senate-bill-no-2531-16th-congress-republic,TECH-PREP EDUCATION ACT,AN ACT PROVIDING FOR TECHNICAL PREPARATION EDUCATION IN PUBLIC SECONDARY SCHOOLS AND STATE COLLEGES AND UNIVERSITIES,Miriam Defensor Santiago,"December 22, 2014",NATIONAL,TECHNICAL PREPARATION EDUCATION STATE COLLEGES AND UNIVERSITIES (SCUS) Secondary Education,"EDUCATION, ARTS AND CULTURE",PENDING IN THE COMMITTEE
Senate Bill No. 2223,16th Congress (July 2013 - 2016),https://ldr.senate.gov.ph/bills/senate-bill-no-2223-16th-congress-republic,"AMENDING SECS. 22, 24, 109 (1) AND 236, NIRC (MARGINAL INCOME EARNERS)","AN ACT EXEMPTING MARGINAL INCOME EARNERS FROM INCOME TAX AND VALUE-ADDED TAX, AMENDING FOR THE PURPOSE SECTIONS 22, 24, 109 (1) AND 236 OF THE NATIONAL INTERNAL REVENUE CODE OF 1997, AS AMENDED, AND FOR OTHER PURPOSES",Ralph G. Recto,"May 13, 2014",NATIONAL,NATIONAL INTERNAL REVENUE CODE (NIRC) TAXES/TAXATION VALUE-ADDED TAX (VAT),WAYS AND MEANS,PENDING IN THE COMMITTEE
Senate Bill No. 2287,16th Congress (July 2013 - 2016),https://ldr.senate.gov.ph/bills/senate-bill-no-2287-16th-congress-republic,"AMENDING SEC. 73, RA 7160 (RESIGNATION OF OFFICIAL BEING RECALLED)","AN ACT AMENDING REPUBLIC ACT NO. 7160, ALSO KNOWN AS THE LOCAL GOVERNMENT CODE OF 1991, SECTION 73 ON THE PROHIBITION AGAINST RESIGNATION OF OFFICIALS BEING RECALLED",Miriam Defensor Santiago,"June 19, 2014",NATIONAL,LOCAL GOVERNMENT CODE (R.A. NO. 7160) GOVERNMENT OFFICIAL/PUBLIC OFFICIAL,LOCAL GOVERNMENT,PENDING IN THE COMMITTEE
Senate Bill No. 2361,16th Congress (July 2013 - 2016),https://ldr.senate.gov.ph/bills/senate-bill-no-2361-16th-congress-republic,"REPEALING SEC. 55, OMNIBUS ELECTION CODE","AN ACT REPEALING SECTION 55 OF BATAS PAMBANSA BLG. 881, OTHERWISE KNOWN AS THE OMNIBUS ELECTION CODE OF THE PHILIPPINES, AS AMENDED, AND MANDATING THE COMMISSION ON ELECTIONS TO PROVIDE FOR THE OFFICE SPACES OF ITS FIELD OFFICES","PIMENTEL, AQUILINO ""KOKO"" III","August 18, 2014",NATIONAL,OMNIBUS ELECTION CODE (BATAS PAMBANSA BLG. 881) COMMISSION ON ELECTION (COMELEC),ELECTORAL REFORMS AND PEOPLES PARTICIPATION,"PENDING SECOND READING, SPECIAL ORDER"
Senate Bill No. 2425,16th Congress (July 2013 - 2016),https://ldr.senate.gov.ph/bills/senate-bill-no-2425-16th-congress-republic,"AMENDING SECS. 6 & 38, RA 6770 (OMBUDSMAN ACT)","AN ACT STRENGTHENING THE OFFICE OF THE OMBUDSMAN THROUGH THE FURTHER PROFESSIONALIZATION, IMPROVEMENT OF SKILLS AND AUGMENTING THE LIVING CONDITIONS OF ITS EMPLOYEES, AMENDING FOR THE PURPOSE REPUBLIC ACT NUMBER 6770, OTHERWISE KNOWN AS THE OMBUDSMAN ACT OF 1989, AND FOR OTHER PURPOSES","POE, GRACE","September 24, 2014",NATIONAL,OMBUDSMAN,JUSTICE AND HUMAN RIGHTS,PENDING IN THE COMMITTEE
Senate Bill No. 2117,16th Congress (July 2013 - 2016),https://ldr.senate.gov.ph/bills/senate-bill-no-2117-16th-congress-republic,FILIPINO SIGN LANGUAGE ACT IN BROADCAST MEDIA OF 2014,"AN ACT REQUIRING THE USE OF FILIPINO SIGN LANGUAGE INSETS FOR LOCAL NEWS PROGRAMS, AMENDING FOR THE PURPOSE SECTION 22 OF REPUBLIC ACT NO. 7277, AS AMENDED, OTHERWISE KNOWN AS THE MAGNA CARTA FOR PERSONS WITH DISABILITIES (PWDS)","Paolo Benigno ""Bam"" Aquino IV","November 2, 2014",NATIONAL,MAGNA CARTA FOR PERSONS WITH DISABILITY (R.A. NO. 7277) BROADCAST MEDIA/BROADCASTING SYSTEM FILIPINO SIGN LANGUAGE,PUBLIC INFORMATION AND MASS MEDIA,PENDING IN THE COMMITTEE
Senate Bill No. 2181,16th Congress (July 2013 - 2016),https://ldr.senate.gov.ph/bills/senate-bill-no-2181-16th-congress-republic,"AMENDING ARTS. 333, 334 & 344, REVISED PENAL CODE (SEXUAL INFIDELTY)","AN ACT ACCORDING EQUAL RIGHTS TO WIVES AND HUSBANDS IN THE PHILIPPINES BY AMENDING ARTICLES 333, 334, AND 344 OF THE REVISED PENAL CODE","VILLAR, CYNTHIA A.","March 31, 2014",NATIONAL,REVISED PENAL CODE (R.A. NO. 3815) CONCUBINAGE/MARITAL INFIDELITY,"WOMEN, CHILDREN, FAMILY RELATIONS AND GENDER EQUALITY",PENDING IN THE COMMITTEE
Senate Bill No. 2499,16th Congress (July 2013 - 2016),https://ldr.senate.gov.ph/bills/senate-bill-no-2499-16th-congress-republic,"MAINTENANCE OF INTERNET CAFES, VIDEO AND COMPUTER GAME SHOPS","AN ACT REGULATING THE OPERATION AND MAINTENANCE OF INTERNET CAFES, VIDEO AND COMPUTER GAME SHOPS AND OTHER ESTABLISHMENTS, PROVIDING COMPUTER SERVICES WITHIN THE VICINITY OF SCHOOLS, PUBLIC PLAYGROUNDS, DAY CARE FACILITIES AND CHURCHES AND FOR OTHER PURPOSES","ESTRADA, JINGGOY E.","September 12, 2014",NATIONAL,COMPUTER SHOPS/INTERNET CAFES,"TRADE, COMMERCE AND ENTREPRENEURSHIP",PENDING IN THE COMMITTEE
Senate Bill No. 2255,16th Congress (July 2013 - 2016),https://ldr.senate.gov.ph/bills/senate-bill-no-2255-16th-congress-republic,SURVEILLANCE CAMERA FOR COMMERCIAL ESTABLISHMENTS ACT OF 2014,AN ACT MANDATING THE USE OF SURVEILLANCE CAMERAS FOR THE SECURITY AND SAFETY OF COMMERCIAL ESTABLISHMENTS,"EJERCITO, JOSEPH VICTOR G.","May 28, 2014",NATIONAL,SURVEILLANCE CAMERA CLOSED CIRCUIT TELEVISION CAMERAS (CCTV),PUBLIC ORDER AND DANGEROUS DRUGS,PENDING IN THE COMMITTEE
Senate Bill No. 2446,16th Congress (July 2013 - 2016),https://ldr.senate.gov.ph/bills/senate-bill-no-2446-16th-congress-republic,CHILDREN'S EMERGENCY RELIEF AND PROTECTION ACT,"AN ACT PROVIDING EMERGENCY RELIEF AND PROTECTION FOR CHILDREN DURING DISASTER, CALAMITY AND OTHER EMERGENCY SITUATIONS",Miriam Defensor Santiago,"June 11, 2014",NATIONAL,CHILDREN/CHILD CARE EMERGENCY RESPONSE/EMERGENCY PREPAREDNESS,"WOMEN, CHILDREN, FAMILY RELATIONS AND GENDER EQUALITY",CONSOLIDATED/SUBSTITUTED IN THE COMMITTEE REPORT
Senate Bill No. 2510,16th Congress (July 2013 - 2016),https://ldr.senate.gov.ph/bills/senate-bill-no-2510-16th-congress-republic,PART-TIME INDEPENDENT STUDENTS GRANT ACT,AN ACT TO PROVIDE GRANTS TO PART-TIME AND INDEPENDENT STUDENTS,Miriam Defensor Santiago,"December 15, 2014",NATIONAL,STUDENTS,"EDUCATION, ARTS AND CULTURE",CONSOLIDATED/SUBSTITUTED IN THE COMMITTEE REPORT
Senate Bill No. 2207,16th Congress (July 2013 - 2016),https://ldr.senate.gov.ph/bills/senate-bill-no-2207-16th-congress-republic,AMENDING THE PHILIPPINE FISHERIES CODE OF 1998,"AN ACT AMENDING SOME PROVISIONS OF REPUBLIC ACT NO. 8550, OTHERWISE KNOWN AS THE PHILIPPINE FISHERIES CODE OF 1998 AND FOR OTHER PURPOSES","VILLAR, CYNTHIA A.","June 5, 2014",NATIONAL,PHILIPPINE FISHERIES CODE (R.A.NO. 8550),AGRICULTURE AND FOOD,RECOMMITTED TO THE COMMITTEE
Senate Bill No. 2266,16th Congress (July 2013 - 2016),https://ldr.senate.gov.ph/bills/senate-bill-no-2266-16th-congress-republic,NATIONAL TRANSPORTATION SAFETY BOARD ACT OF 2014,"AN ACT TO PROMOTE COST-EFFECTIVE MEASURES FOR THE TRANSPORT SECTOR AND COMMUTING PUBLIC, PROVIDING FOR THE CREATION OF A NATIONAL TRANSPORTATION SAFETY BOARD, PRESCRIBING ITS POWERS AND FUNCTIONS, AND APPROPRIATING FUNDS THEREFOR","POE, GRACE","February 6, 2014",NATIONAL,NATIONAL TRANSPORTATION SAFETY BOARD,"CIVIL SERVICE, GOVERNMENT REORGANIZATION AND PROFESSIONAL REGULATION",PENDING IN THE COMMITTEE
Senate Bill No. 2340,16th Congress (July 2013 - 2016),https://ldr.senate.gov.ph/bills/senate-bill-no-2340-16th-congress-republic,ANTI-RACKETEER INFLUENCED AND CORRUPT ORGANIZATIONS ACT,"AN ACT PENALIZING RACKETEERS AND CRIMINAL ENTERPRISES, PROHIBITING SUCH CRIMINAL ENTERPRISES AND RACKETEER INFLUENCED AND CORRUPT ORGANIZATIONS FROM INFILTRATING, CONTROLLING OR OTHERWISE INFLUENCING PHILIPPINE COMMERCE",Miriam Defensor Santiago,"April 8, 2014",NATIONAL,RACKETEERING (RICO),JUSTICE AND HUMAN RIGHTS,PENDING IN THE COMMITTEE
Senate Bill No. 2404,16th Congress (July 2013 - 2016),https://ldr.senate.gov.ph/bills/senate-bill-no-2404-16th-congress-republic,ZAMBOANGA CITY MEDICAL CENTER (INCREASING THE BED CAPACITY),"AN ACT INCREASING THE MINIMUM BED CAPACITY OF THE ZAMBOANGA CITY MEDICAL CENTER FROM TWO HUNDRED FIFTY (250) TO FIVE HUNDRED (500), AMENDING FOR THE PURPOSE SECTION 2 OF REPUBLIC ACT NO. 7272","REVILLA JR., RAMON BONG","September 9, 2014",LOCAL,"HOSPITALS, INCREASE BED CAPACITY",RULES,PENDING IN THE COMMITTEE
Senate Bill No. 2096,16th Congress (July 2013 - 2016),https://ldr.senate.gov.ph/bills/senate-bill-no-2096-16th-congress-republic,AUTOMATIC GSIS AND SSS PENSION ADJUSTMENT ACT,AN ACT PROVIDING FOR AUTOMATIC ADJUSTMENT OF THE BASIC MONTHLY PENSION FOR RETIRED PERSONNEL COVERED BY THE GOVERNMENT SERVICE INSURANCE SYSTEM AND SOCIAL SECURITY SYSTEM TO THE PREVAILING COST OF LIVING INDEX,"LAPID, MANUEL ""LITO"" M.","January 28, 2014",NATIONAL,GOVERNMENT SERVICE INSURANCE SYSTEM (GSIS) SOCIAL SECURITY ACT OF 1997 (R.A.NO. 8282) PENSION,"CIVIL SERVICE, GOVERNMENT REORGANIZATION AND PROFESSIONAL REGULATION",PENDING IN THE COMMITTEE
Senate Bill No. 2144,16th Congress (July 2013 - 2016),https://ldr.senate.gov.ph/bills/senate-bill-no-2144-16th-congress-republic,DEPARTMENT OF INFORMATION AND COMMUNICATIONS TECHNOLOGY ACT OF 2014,"AN ACT CREATING THE DEPARTMENT OF INFORMATION AND COMMUNICATIONS TECHNOLOGY, DEFINING ITS POWERS AND FUNCTIONS, APPROPRIATING FUNDS THEREFOR, AND FOR OTHER PURPOSES","Teofisto ""TG"" D. Guingona III","February 26, 2014",NATIONAL,DEPARTMENT OF INFORMATION AND COMMUNICATIONS TECHNOLOGY,SCIENCE AND TECHNOLOGY,CONSOLIDATED/SUBSTITUTED IN THE COMMITTEE REPORT
Senate Bill No. 2368,16th Congress (July 2013 - 2016),https://ldr.senate.gov.ph/bills/senate-bill-no-2368-16th-congress-republic,RIGHTS OF INTERNALLY DISPLACED PERSONS ACT,AN ACT PROTECTING THE RIGHTS OF INTERNALLY DISPLACED PERSONS AND PENALIZING THE ACTS OF ARBITRARY INTERNAL DISPLACEMENT,"Teofisto ""TG"" D. Guingona III","August 19, 2014",NATIONAL,DISPLACED PERSONS,JUSTICE AND HUMAN RIGHTS,CONSOLIDATED/SUBSTITUTED IN THE COMMITTEE REPORT
Senate Bill No. 2432,16th Congress (July 2013 - 2016),https://ldr.senate.gov.ph/bills/senate-bill-no-2432-16th-congress-republic,REAL ESTATE PRACTITIONERS' BILL OF RIGHTS,AN ACT REQUIRING ALL PUBLISHERS OF REAL ESTATE LISTINGS TO APPLY FOR ACCREDITATION FROM THE PROFESSIONAL REGULATORY BOARD OF REAL ESTATE SERVICE AND TO ADHERE TO THE RIGHTS OF REAL ESTATE PRACTITIONERS,Miriam Defensor Santiago,"October 15, 2014",NATIONAL,REAL ESTATE SERVICE BILL OF RIGHTS,"CIVIL SERVICE, GOVERNMENT REORGANIZATION AND PROFESSIONAL REGULATION",PENDING IN THE COMMITTEE
Senate Bill No. 2218,16th Congress (July 2013 - 2016),https://ldr.senate.gov.ph/bills/senate-bill-no-2218-16th-congress-republic,CREDIT SURETY FUND ACT OF 2014,"AN ACT TO INSTITUTIONALIZE THE CREDIT SURETY FUND TO ENHANCE THE ACCESSIBILITY OF MICRO, SMALL AND MEDIUM ENTREPRENEURS TO THE CREDIT FACILITY OF BANKS AND FOR OTHER PURPOSES","Paolo Benigno ""Bam"" Aquino IV","July 5, 2014",NATIONAL,"CREDIT SURETY FUND MICRO, SMALL AND MEDIUM ENTERPRISES","TRADE, COMMERCE AND ENTREPRENEURSHIP",CONSOLIDATED/SUBSTITUTED IN THE COMMITTEE REPORT
Senate Bill No. 2282,16th Congress (July 2013 - 2016),https://ldr.senate.gov.ph/bills/senate-bill-no-2282-16th-congress-republic,FAIR COMPETITION ACT OF 2014,"AN ACT PROMOTING FAIR COMPETITION TO PROTECT CONSUMER WELFARE, ADVANCE DOMESTIC AND INTERNATIONAL TRADE AND SUSTAINED ECONOMIC DEVELOPMENT BY, AMONG OTHERS, REGULATING MONOPOLIES, ANTI-COMPETITIVE AGREEMENTS, ABUSE OF DOMINANT POSITION, AND ANTI-COMPETITIVE MERGERS, ESTABLISHING THE FAIR COMPETITION COMMISSION AND APPROPRIATING FUNDS THEREFOR, AND FOR OTHER PURPOSES",Sergio R. Osmeña III,"June 16, 2014",NATIONAL,COMPETITION ACT,"TRADE, COMMERCE AND ENTREPRENEURSHIP",APPROVED BY THE PRESIDENT OF THE PHILIPPINES
Senate Bill No. 2442,16th Congress (July 2013 - 2016),https://ldr.senate.gov.ph/bills/senate-bill-no-2442-16th-congress-republic,ANTI- EXPLOITATION OF VOLUNTEER REGISTERED NURSES ACT,"AN ACT PROHIBITING THE EXPLOITATION OF VOLUNTEER REGISTERED NURSES IN PUBLIC AND PRIVATE HOSPITALS, CLINICS AND HEALTH FACILITIES AND PROVIDING PENALTIES FOR VIOLATION THEREOF","EJERCITO, JOSEPH VICTOR G.","October 30, 2014",NATIONAL,NURSES,HEALTH AND DEMOGRAPHY,PENDING IN THE COMMITTEE
Senate Bill No. 2506,16th Congress (July 2013 - 2016),https://ldr.senate.gov.ph/bills/senate-bill-no-2506-16th-congress-republic,PNP-IAS REFORM ACT,"AN ACT TO STRENGTHEN THE INTERNAL AFFAIRS SERVICE OF THE PHILIPPINE NATIONAL POLICE, AND FOR THIS PURPOSE AMENDING CERTAIN PROVISIONS OF THE PNP LAW UNDER REPUBLIC ACT SIXTY NINE AND SEVENTY FFIVE (RA 6975) AS AMENDED BY REPUBLIC ACT EIGHTY-FIVE HUNDRED AND FIFTY ONE (RA 8551), AND FOR OTHER PURPOSES","POE, GRACE","October 12, 2014",NATIONAL,PHILIPPINE NATIONAL POLICE (PNP),PUBLIC ORDER AND DANGEROUS DRUGS,PENDING IN THE COMMITTEE
Senate Bill No. 2229,16th Congress (July 2013 - 2016),https://ldr.senate.gov.ph/bills/senate-bill-no-2229-16th-congress-republic,NEW PHILIPPINE PASSPORT ACT,"AN ACT PROVIDING FOR A NEW PASSPORT LAW, REPEALING FOR THE PURPOSE REPUBLIC ACT NUMBERED EIGHT THOUSAND TWO HUNDRED THIRTY-NINE (R.A. NO. 8239), OTHERWISE KNOWN AS THE PHILIPPINE PASSPORT ACT OF 1996","ANGARA, SONNY","May 15, 2014",NATIONAL,PASSPORT (R.A.NO. 8239),FOREIGN RELATIONS,PENDING IN THE COMMITTEE
Senate Bill No. 2293,16th Congress (July 2013 - 2016),https://ldr.senate.gov.ph/bills/senate-bill-no-2293-16th-congress-republic,SENIORS FRAUD PREVENTION ACT,AN ACT ESTABLISHING AN ADVISORY OFFICE WITHIN THE DEPARTMENT OF TRADE AND INDUSTRY TO PREVENT FRAUD TARGETING SENIORS,Miriam Defensor Santiago,"June 30, 2014",NATIONAL,SENIOR CITIZEN/ELDERLY DEPARTMENT OF TRADE AND INDUSTRY (DTI),"TRADE, COMMERCE AND ENTREPRENEURSHIP",PENDING IN THE COMMITTEE
Senate Bill No. 2453,16th Congress (July 2013 - 2016),https://ldr.senate.gov.ph/bills/senate-bill-no-2453-16th-congress-republic,WORKER PROTECTION AGAINST COMBUSTIBLE DUST EXPLOSIONS AND FIRES ACT,AN ACT REQUIRING THE SECRETARY OF THE DEPARTMENT OF LABOR AND EMPLOYMENT TO ISSUE AN INTERIM OCCUPATIONAL SAFETY AND HEALTH STANDARD REGARDING WORKER EXPOSURE TO COMBUSTIBLE DUST,Miriam Defensor Santiago,"November 18, 2014",NATIONAL,OCCUPATIONAL SAFETY DEPARTMENT OF LABOR AND EMPLOYMENT (DOLE),"LABOR, EMPLOYMENT AND HUMAN RESOURCES DEVELOPMENT",PENDING IN THE COMMITTEE
Senate Bill No. 2517,16th Congress (July 2013 - 2016),https://ldr.senate.gov.ph/bills/senate-bill-no-2517-16th-congress-republic,FOREIGN INVESTMENT LIBERALIZATION ACT OF 2014,"AN ACT REMOVING/AMENDING INVESTMENT RESTRICTION IN SPECIFIC LAWS GOVERNING ADJUSTMENT COMPANIES, LENDING COMPANIES, AND FINANCING COMPANIES CITED IN THE FOREIGN INVESTMENT NEGATIVE LIST, EXCEPT THOSE IN THE CONSTITUTION","EJERCITO, JOSEPH VICTOR G.","December 16, 2014",NATIONAL,Foreign investments,ECONOMIC AFFAIRS,CONSOLIDATED/SUBSTITUTED IN THE COMMITTEE REPORT
Senate Bill No. 2347,16th Congress (July 2013 - 2016),https://ldr.senate.gov.ph/bills/senate-bill-no-2347-16th-congress-republic,"AMENDING SECS. 1, 2, 4, 6, 7, 9 AND 12, FORFEITURE LAW","AN ACT STRENGTHENING THE FORFEITURE POWERS OF THE STATE, AMENDING FOR THE PURPOSE CERTAIN PROVISIONS OF REPUBLIC ACT NO. 1379, OTHERWISE KNOWN AS AN ACT DECLARING FORFEITURE IN FAVOR OF THE STATE ANY PROPERTY FOUND TO HAVE BEEN UNLAWFULLY ACQUIRED BY ANY PUBLIC OFFICER OR EMPLOYEE AND PROVIDING FOR THE PROCEEDINGS THEREFOR","POE, GRACE","July 8, 2014",NATIONAL,"FORFEITURE LAW (R.A.NO. 1379, AMENDMENTS) ASSET FORFEITURE (R.A.NO. 1379)",JUSTICE AND HUMAN RIGHTS,PENDING IN THE COMMITTEE
Senate Bill No. 2411,16th Congress (July 2013 - 2016),https://ldr.senate.gov.ph/bills/senate-bill-no-2411-16th-congress-republic,COMMUNITY FITNESS CENTER ACT OF 2014,AN ACT ESTABLISHING COMMUNITY FITNESS CENTERS IN EVERY MUNICIPALITY AND CITY NATIONWIDE AND APPROPRIATING FUNDS THEREOF,"LAPID, MANUEL ""LITO"" M.","September 16, 2014",NATIONAL,COMMUNITY FITNESS CENTERS,HEALTH AND DEMOGRAPHY,PENDING IN THE COMMITTEE
Senate Bill No. 2197,16th Congress (July 2013 - 2016),https://ldr.senate.gov.ph/bills/senate-bill-no-2197-16th-congress-republic,AMENDING ARTS. 135 AND 137 (DISCRIMINATION AGAINST WOMEN ON ACCOUNT OF SEX),"AN ACT EXPANDING THE PROHIBITED ACTS OF DISCRIMINATION AGAINST WOMEN ON ACCOUNT OF SEX, AMENDING FOR THE PURPOSE ARTICLES 135 AND 137 OF P.D. 442, AS AMENDED, OTHERWISE KNOWN AS THE LABOR CODE OF THE PHILIPPINES","ESTRADA, JINGGOY E.","May 5, 2014",NATIONAL,ANTI-DISCRIMINATION WOMEN LABOR CODE OF THE PHILIPPINES (P.D. NO. 442),"LABOR, EMPLOYMENT AND HUMAN RESOURCES DEVELOPMENT",PENDING IN THE COMMITTEE
Senate Bill No. 2261,16th Congress (July 2013 - 2016),https://ldr.senate.gov.ph/bills/senate-bill-no-2261-16th-congress-republic,CAREGIVERS WELFARE ACT,AN ACT INSTITUTING POLICIES FOR THE PROTECTION AND WELFARE OF CAREGIVERS IN THE PRACTICE OF THEIR PROFESSION,"ESTRADA, JINGGOY E.","May 28, 2014",NATIONAL,CAREGIVER,"LABOR, EMPLOYMENT AND HUMAN RESOURCES DEVELOPMENT",PENDING IN THE COMMITTEE
Senate Bill No. 2485,16th Congress (July 2013 - 2016),https://ldr.senate.gov.ph/bills/senate-bill-no-2485-16th-congress-republic,STRENGTHENING THE INSTITUTIONAL CAPACITY OF THE OFFICE OF THE OMBUDSMAN,"AN ACT STRENGTHENING THE INSTITUTIONAL CAPACITY OF THE OFFICE OF THE OMBUDSMAN BY AMENDING CERTAIN PROVISIONS OF REPUBLIC ACT 6770, OTHERWISE KNOWN AS 'THE OMBUDSMAN ACT OF 1989,' AND PROVIDING FUNDS THEREFOR","POE, GRACE","March 12, 2014",NATIONAL,OMBUDSMAN Wiretapping,JUSTICE AND HUMAN RIGHTS,PENDING IN THE COMMITTEE
Senate Bill No. 2379,16th Congress (July 2013 - 2016),https://ldr.senate.gov.ph/bills/senate-bill-no-2379-16th-congress-republic,RESEARCH AND DEVELOPMENT EFFICIENCY ACT,AN ACT TO IMPROVE THE EFFICIENCY OF NATIONAL RESEARCH AND DEVELOPMENT,Miriam Defensor Santiago,"August 27, 2014",NATIONAL,SCIENCE AND TECHNOLOGY,SCIENCE AND TECHNOLOGY,PENDING IN THE COMMITTEE
Senate Bill No. 2326,16th Congress (July 2013 - 2016),https://ldr.senate.gov.ph/bills/senate-bill-no-2326-16th-congress-republic,INTEGRATED URBAN AGRICULTURE ACT OF 2014,AN ACT PROMOTING INTEGRATED URBAN FARMING TO ADDRESS FOOD SECURITY CONCERNS AND LIVELIHOOD OPPORTUNITIES AND APPROPRIATING FUNDS FOR THE PURPOSE,"POE, GRACE","July 28, 2014",NATIONAL,URBAN FARMING/CITY GARDEN FOOD SECURITY,AGRICULTURE AND FOOD,PENDING IN THE COMMITTEE
Senate Bill No. 2390,16th Congress (July 2013 - 2016),https://ldr.senate.gov.ph/bills/senate-bill-no-2390-16th-congress-republic,BARANGAY OFFICIALS (TERM EXTENSION TO SIX YEARS),AN ACT EXTENDING THE TERM OF BARANGAY OFFICIALS TO SIX YEARS,"Teofisto ""TG"" D. Guingona III","April 9, 2014",NATIONAL,BARANGAY OFFICIALS,LOCAL GOVERNMENT,PENDING IN THE COMMITTEE
Senate Bill No. 2240,16th Congress (July 2013 - 2016),https://ldr.senate.gov.ph/bills/senate-bill-no-2240-16th-congress-republic,"AMENDING ART. 1773, NEW CIVIL CODE","AN ACT AMENDING ARTICLE 1773 OF REPUBLIC ACT NO. 386, OTHERWISE KNOWN AS THE NEW CIVIL CODE OF THE PHILIPPINES BY CLARIFYING THE LEGAL EFFECT OF FAILURE TO COMPLY WITH THE FORMAL REQUIREMENTS IN A CONTRACT OF PARTNERSHIP WHERE AN IMMOVABLE PROPERTY IS CONTRIBUTED","BINAY, MARIA LOURDES NANCY S.","May 26, 2014",NATIONAL,NEW CIVIL CODE (RA 386),"TRADE, COMMERCE AND ENTREPRENEURSHIP",PENDING IN THE COMMITTEE
Senate Bill No. 2304,16th Congress (July 2013 - 2016),https://ldr.senate.gov.ph/bills/senate-bill-no-2304-16th-congress-republic,BPO WORKERS' HEALTH AND SAFETY ACT OF 2014,"AN ACT ENSURING THE OCCUPATIONAL HEALTH, SAFETY AND WELFARE OF BUSINESS PROCESS OUTSOURCING (BPO) WORKERS AND OTHERS SIMILARLY EMPLOYED","ESTRADA, JINGGOY E.","October 7, 2014",NATIONAL,BUSINESS PROCESS OUTSOURCING (BPO) OCCUPATIONAL SAFETY,"LABOR, EMPLOYMENT AND HUMAN RESOURCES DEVELOPMENT",PENDING IN THE COMMITTEE
Senate Bill No. 2464,16th Congress (July 2013 - 2016),https://ldr.senate.gov.ph/bills/senate-bill-no-2464-16th-congress-republic,"AMENDING SECS. 442, 452, 453 & 461; RA 7160 (INCOME REQUIREMENTS FOR THE CREATION OF A MUNICIPALITY)","AN ACT RATIONALIZING THE INCOME REQUIREMENTS FOR THE CREATION OF A MUNICIPALITY, THE DECLARATION OF HIGHLY URBANIZED STATUS IN THE CASE OF COMPONENT CITIES AND THE CREATION OF A PROVINCE, AMENDING FOR THE PURPOSE SECTION 442 (A), 452 (A), 453 AND 461 (A) AND (C) OF REPUBLIC ACT NO. 7160 AS AMENDED OTHERWISE KNOWN AS THE LOCAL GOVERNMENT CODE OF 1991","Paolo Benigno ""Bam"" Aquino IV","November 24, 2014",NATIONAL,"LOCAL GOVERNMENT CODE (R.A. NO. 7160) MUNICIPALITY, CREATION INCOME REQUIREMENT (CITYHOOD, CREATION OF MUNICIPALITY/PROVINCE)",LOCAL GOVERNMENT,PENDING IN THE COMMITTEE
Senate Bill No. 2528,16th Congress (July 2013 - 2016),https://ldr.senate.gov.ph/bills/senate-bill-no-2528-16th-congress-republic,UNIFORM WARNINGS ON PERSONAL PROTECTIVE EQUIPMENT ACT,AN ACT TO PROVIDE FOR UNIFORM WARNINGS ON PERSONAL PROTECTIVE EQUIPMENT FOR OCCUPATIONAL USE,Miriam Defensor Santiago,"December 22, 2014",NATIONAL,OCCUPATIONAL SAFETY,"LABOR, EMPLOYMENT AND HUMAN RESOURCES DEVELOPMENT",PENDING IN THE COMMITTEE
Senate Bill No. 2358,16th Congress (July 2013 - 2016),https://ldr.senate.gov.ph/bills/senate-bill-no-2358-16th-congress-republic,ANTI-DISCRIMINATION ACT OF 2014,"AN ACT PROHIBITING DISCRIMINATION ON THE BASIS OF ETHNICITY, RACE, RELIGION OR BELIEF, SEX OR GENDER OR SEXUAL ORIENTATION, LANGUAGE, DISABILITY, EDUCATIONAL ATTAINMENT AND OTHER FORMS OF DISCRIMINATION AND PROVIDING PENALTIES FOR THE PURPOSE","POE, GRACE","August 14, 2014",NATIONAL,ANTI-DISCRIMINATION,CULTURAL COMMUNITIES,PENDING IN THE COMMITTEE
Senate Bill No. 2422,16th Congress (July 2013 - 2016),https://ldr.senate.gov.ph/bills/senate-bill-no-2422-16th-congress-republic,"AMENDING SEC. 11, ANTI-GRAFT AND CORRUPT PRACTICES ACT (PRESCRIPTIVE PERIOD)","AN ACT INCREASING THE PRESCRIPTIVE PERIOD FOR VIOLATIONS OF REPUBLIC ACT NO. 3019, OTHERWISE KNOWN AS 'THE ANTI-GRAFT AND CORRUPT PRACTICES ACT', FROM FIFTEEN (15) YEARS TO TWENTY (20) YEARS, AMENDING SECTION 11 THEREOF","GUINGONA III, TEOFISTO ""TG""","September 23, 2014",NATIONAL,Anti-Graft and Corrupt Practices Act,JUSTICE AND HUMAN RIGHTS,LAPSED INTO LAW
Senate Bill No. 2208,16th Congress (July 2013 - 2016),https://ldr.senate.gov.ph/bills/senate-bill-no-2208-16th-congress-republic,DEPARTMENT OF CULTURE ACT OF 2014,"AN ACT CREATING THE DEPARTMENT OF CULTURE, DEFINING ITS POWERS AND FUNCTIONS, RATIONALIZING AND STRENGTHENING ITS ATTACHED AGENCIES, APPROPRIATING FUNDS THEREFOR, AND FOR OTHER PURPOSES","LEGARDA, LOREN B.","June 5, 2014",NATIONAL,DEPARTMENT OF CULTURE,"EDUCATION, ARTS AND CULTURE",PENDING IN THE COMMITTEE
Senate Bill No. 2272,16th Congress (July 2013 - 2016),https://ldr.senate.gov.ph/bills/senate-bill-no-2272-16th-congress-republic,LADDERIZED EDUCATION ACT OF 2014,AN ACT STRENGTHENING THE LADDERIZED INTERFACE BETWEEN TECHNICAL-VOCATIONAL EDUCATION AND TRAINING AND HIGHER EDUCATION,"VILLAR, CYNTHIA A.","March 6, 2014",NATIONAL,LADDERIZED EDUCATION,"EDUCATION, ARTS AND CULTURE",APPROVED BY THE PRESIDENT OF THE PHILIPPINES
Senate Bill No. 2496,16th Congress (July 2013 - 2016),https://ldr.senate.gov.ph/bills/senate-bill-no-2496-16th-congress-republic,NATIONAL SYSTEM OF CARE COUNCIL FOR CHILDREN,AN ACT ESTABLISHING A NATIONAL SYSTEM OF CARE COUNCIL FOR CHILDREN WITH SERIOUS EMOTIONAL DISTURBANCE,Miriam Defensor Santiago,"September 12, 2014",NATIONAL,CHILDREN/CHILD CARE YOUTH,YOUTH,PENDING IN THE COMMITTEE
Senate Bill No. 2337,16th Congress (July 2013 - 2016),https://ldr.senate.gov.ph/bills/senate-bill-no-2337-16th-congress-republic,TOTAL BAN ON SINGLE-USE CARRYOUT BAGS ACT,"AN ACT BANNING THE USE OF SINGLE-USE, THROW-AWAY BAGS, REGARDLESS OF COMPOSITION, IN ALL RETAIL ESTABLISHMENTS, AND PROVIDING PENALTIES FOR VIOLATIONS THEREOF",Miriam Defensor Santiago,"April 8, 2014",NATIONAL,PLASTIC/PLASTIC BAGS,"TRADE, COMMERCE AND ENTREPRENEURSHIP",PENDING IN THE COMMITTEE
Senate Bill No. 2401,16th Congress (July 2013 - 2016),https://ldr.senate.gov.ph/bills/senate-bill-no-2401-16th-congress-republic,YOUTH DEVELOPMENT AND EMPOWERMENT ACT OF 2014,"AN ACT ESTABLISHING ENABLING MECHANISMS FOR MEANINGFUL YOUTH PARTICIPATION IN NATION BUILDING, STRENGTHENING THE SANGGUNIANG KABATAAN, CREATING THE MUNICIPAL, CITY AND PROVINCIAL YOUTH DEVELOPMENT COUNCILS, AND FOR OTHER PURPOSES","EJERCITO, JOSEPH VICTOR G.","September 9, 2014",NATIONAL,youth development,LOCAL GOVERNMENT,APPROVED BY THE PRESIDENT OF THE PHILIPPINES
Senate Bill No. 2251,16th Congress (July 2013 - 2016),https://ldr.senate.gov.ph/bills/senate-bill-no-2251-16th-congress-republic,"AMENDING SECS. 171 AND 172, REVISED PENAL CODE (FALSIFICATION OF LAND TITLE)","AN ACT IMPOSING STIFFER PENALTIES FOR FALSIFICATION OF CERTIFICATES OF LAND TITLE OR ANY APPLICATION, DEED, INSTRUMENT OR SUPPORTING DOCUMENT, REASONABLY CONNECTED WITH AND CALCULATED TO CAUSE THE ISSUANCE OF A CERTIFICATE OF LAND TITLE, CLASSIFYING THE SAME AS A HEINOUS OFFENSE INVOLVING ECONOMIC SABOTAGE IF THE VALUE OR AGGREGATE VALUE OF THE LAND IS AT LEAST TEN MILLION PESOS (P10,000,000.00), AMENDING FOR THE PURPOSE ARTICLES 171 AND 172 OF ACT NO. 3815, AS AMENDED, OTHERWISE KNOWN AS THE REVISED PENAL CODE AND FOR OTHER PURPOSES","EJERCITO, JOSEPH VICTOR G.","May 28, 2014",NATIONAL,REVISED PENAL CODE (R.A. NO. 3815) LAND TITLE/TORRENS TITLE ECONOMIC SABOTAGE,JUSTICE AND HUMAN RIGHTS,PENDING IN THE COMMITTEE
Senate Bill No. 2315,16th Congress (July 2013 - 2016),https://ldr.senate.gov.ph/bills/senate-bill-no-2315-16th-congress-republic,PROMOTING GREEN COLLAR JOBS IN THE PHILIPPINES ACT OF 2014,"AN ACT PROMOTING THE CREATION OF GREEN COLLAR JOBS, PROVIDING A STRATEGIC INITIATIVE FOR ITS IMPLEMENTATION, AND FOR OTHER PURPOSES","ESTRADA, JINGGOY E.","July 21, 2014",NATIONAL,GREEN COLLAR JOBS,"LABOR, EMPLOYMENT AND HUMAN RESOURCES DEVELOPMENT",CONSOLIDATED/SUBSTITUTED IN THE COMMITTEE REPORT
Senate Bill No. 2475,16th Congress (July 2013 - 2016),https://ldr.senate.gov.ph/bills/senate-bill-no-2475-16th-congress-republic,COMPREHENSIVE ANTI-DISCRIMINATION ACT OF 2014,"AN ACT PROHIBITING DISCRIMINATION ON THE BASIS OF AGE, RACIAL OR ETHNIC ORIGIN, RELIGIOUS BELIEF OR ACTIVITY, POLITICAL INCLINATION OR CONVICTION, SOCIAL CLASS, SEX, GENDER, SEXUAL ORIENTATION, GENDER IDENTITY AND EXPRESSIONS, MARITAL OR RELATIONSHIP STATUS, DISABILITY, HIV STATUS, HEALTH STATUS OR MEDICAL HISTORY, LANGUAGE PHYSICAL FEATURES, AND OTHER STATUS, AND PROVIDING PENALTIES THEREFOR","ANGARA, SONNY","November 27, 2014",NATIONAL,ANTI-DISCRIMINATION,CULTURAL COMMUNITIES,PENDING IN THE COMMITTEE
Senate Bill No. 2539,16th Congress (July 2013 - 2016),https://ldr.senate.gov.ph/bills/senate-bill-no-2539-16th-congress-republic,ELEMENTARY AND SECONDARY SCHOOL EMERGENCY PREPAREDNESS PLANNING ACT,"AN ACT TO AUTHORIZE THE SECRETARY OF NATIONAL DEFENSE TO ESTABLISH A COMPETITIVE PROGRAM TO MAKE EMERGENCY PREPAREDNESS PLANNING AND IMPLEMENTATION GRANTS TO PUBLIC SCHOOLS LOCATED IN AREAS UNDER A HIGH THREAT OF TERRORISTS ATTACKS, NATURAL DISASTERS, OR PUBLIC HEALTH EMERGENCIES",Miriam Defensor Santiago,"December 22, 2014",NATIONAL,EMERGENCY RESPONSE/EMERGENCY PREPAREDNESS Department of National Defense (DND),NATIONAL DEFENSE AND SECURITY,PENDING IN THE COMMITTEE
Senate Bill No. 2071,16th Congress (July 2013 - 2016),https://ldr.senate.gov.ph/bills/senate-bill-no-2071-16th-congress-republic,"AMENDING SEC. 3, RA 6552 (REALTY INSTALLMENT BUYER PROTECTION ACT)","AN ACT CLARIFYING THE RIGHTS OF BUYERS ENTITLED TO RECEIVE REFUND UNDER REPUBLIC ACT NO. 6557, OTHERWISE KNOWN AS THE REALTY INSTALLMENT BUYER PROTECTION ACT, BY AMENDING SECTION 3 THEREOF, AND FOR OTHER PURPOSES","BINAY, MARIA LOURDES NANCY S.","January 20, 2014",NATIONAL,REAL PROPERTY,"URBAN PLANNING, HOUSING AND RESETTLEMENT",PENDING IN THE COMMITTEE
Senate Bill No. 2369,16th Congress (July 2013 - 2016),https://ldr.senate.gov.ph/bills/senate-bill-no-2369-16th-congress-republic,STUDENTS' RIGHTS AND WELFARE ACT OF 2014,AN ACT PROVIDING A NATIONAL FRAMEWORK FOR STUDENTS' RIGHTS AND WELFARE,"Paolo Benigno ""Bam"" Aquino IV","August 19, 2014",NATIONAL,STUDENTS,"EDUCATION, ARTS AND CULTURE",PENDING IN THE COMMITTEE
Senate Bill No. 2433,16th Congress (July 2013 - 2016),https://ldr.senate.gov.ph/bills/senate-bill-no-2433-16th-congress-republic,"AMENDING SEC. 2, 3 & 8, RA NO. 6981 (WITNESS PROTECTION, SECURITY AND BENEFIT ACT)","AN ACT AMENDING REPUBLIC ACT NO. 6981, OTHERWISE KNOWN AS THE WITNESS PROTECTION, SECURITY AND BENEFIT ACT",Miriam Defensor Santiago,"October 15, 2014",NATIONAL,WITNESS PROTECTION,JUSTICE AND HUMAN RIGHTS,PENDING IN THE COMMITTEE
Senate Bill No. 2219,16th Congress (July 2013 - 2016),https://ldr.senate.gov.ph/bills/senate-bill-no-2219-16th-congress-republic,BARANGAY HEALTH WORKERS AND SERVICES REFORM ACT OF 2014,"AN ACT TO IMPROVE AND TO PROMOTE QUALITY DELIVERY OF HEALTH SERVICES IN BARANGAYS, ENACTING THE BARANGAY HEALTH WORKERS AND SERVICES REFORM ACT OF 2014","POE, GRACE","August 5, 2014",NATIONAL,BARANGAY HEALTH WORKER,HEALTH AND DEMOGRAPHY,PENDING IN THE COMMITTEE
Senate Bill No. 2372,16th Congress (July 2013 - 2016),https://ldr.senate.gov.ph/bills/senate-bill-no-2372-16th-congress-republic,SALARY INCREASE FOR GOVERNMENT OFFICIALS AND EMPLOYEES,"AN ACT PROVIDING FOR A TWENTY PERCENT (20%) INCREASE IN THE BASIC SALARY OF GOVERNMENT OFFICIALS AND EMPLOYEES, AND FOR OTHER PURPOSES",Ralph G. Recto,"August 26, 2014",NATIONAL,GOVERNMENT OFFICIAL/PUBLIC OFFICIAL GOVERNMENT EMPLOYEES WAGE INCREASE/SALARY INCREASE,"CIVIL SERVICE, GOVERNMENT REORGANIZATION AND PROFESSIONAL REGULATION",CONSOLIDATED/SUBSTITUTED IN THE COMMITTEE REPORT
Senate Bill No. 2436,16th Congress (July 2013 - 2016),https://ldr.senate.gov.ph/bills/senate-bill-no-2436-16th-congress-republic,PRACTICE OF PHARMACY,"AN ACT TO REGULATE AND MODERNIZE THE PRACTICE OF PHARMACY IN THE PHILIPPINES, AND FOR OTHER PURPOSES","ESTRADA, JINGGOY E.","October 20, 2014",NATIONAL,PHARMACY,"CIVIL SERVICE, GOVERNMENT REORGANIZATION AND PROFESSIONAL REGULATION",CONSOLIDATED WITH APPROVED BILL
Senate Bill No. 2128,16th Congress (July 2013 - 2016),https://ldr.senate.gov.ph/bills/senate-bill-no-2128-16th-congress-republic,REPEALING ART. 355 OF THE REVISED PENAL CODE (DECRIMINALIZING LIBEL),"AN ACT DECRIMINALIZING LIBEL, REPEALING FOR THIS PURPOSE ARTICLE 355 OF THE REVISED PENAL CODE, AS AMENDED, OTHERWISE KNOWN AS THE REVISED PENAL CODE","Teofisto ""TG"" D. Guingona III","February 19, 2014",NATIONAL,REVISED PENAL CODE (R.A. NO. 3815) LIBEL,JUSTICE AND HUMAN RIGHTS,PENDING IN THE COMMITTEE
Senate Bill No. 2192,16th Congress (July 2013 - 2016),https://ldr.senate.gov.ph/bills/senate-bill-no-2192-16th-congress-republic,PHILIPPINE MANGO DEVELOPMENT ACT OF 2014,"AN ACT TO PROMOTE THE PRODUCTION, PROCESSING, MARKETING AND DISTRIBUTION OF PHILIPPINE MANGOES, PROVIDING FUNDS THEREFOR, AND FOR OTHER PURPOSES","LAPID, MANUEL ""LITO"" M.","April 28, 2014",NATIONAL,PHILIPPINE MANGO INDUSTRY,AGRICULTURE AND FOOD,PENDING IN THE COMMITTEE
Senate Bill No. 2299,16th Congress (July 2013 - 2016),https://ldr.senate.gov.ph/bills/senate-bill-no-2299-16th-congress-republic,EARLY DETECTION AND INTERVENTION SERVICES FOR CHILDREN WITH MENTAL ILLNESS ACT,"AN ACT PROVIDING FOR A COMPREHENSIVE, ACCESSIBLE AND AFFORDABLE EARLY DETECTION AND TIME INTERVENTION SERVICES FOR CHILDREN WITH MENTAL ILLNESS","ESTRADA, JINGGOY E.","July 7, 2014",NATIONAL,MENTAL HEALTH,HEALTH AND DEMOGRAPHY,PENDING IN THE COMMITTEE
Senate Bill No. 2055,16th Congress (July 2013 - 2016),https://ldr.senate.gov.ph/bills/senate-bill-no-2055-16th-congress-republic,FORESTRY PROFESSION ACT OF 2013,"AN ACT REGULATING THE PRACTICE OF FORESTRY IN THE PHILIPPINES, REPEALING FOR THE PURPOSE REPUBLIC ACT NUMBERED SIXTY-TWO HUNDRED THIRTY-NINE, KNOWN AS 'THE FORESTRY PROFESSION LAW', APPROPRIATING FUNDS THEREFOR AND FOR OTHER PURPOSES",Antonio F. Trillanes IV,"January 15, 2014",NATIONAL,FORESTRY PROFESSION (R.A.NO. 6239),"CIVIL SERVICE, GOVERNMENT REORGANIZATION AND PROFESSIONAL REGULATION",CONSOLIDATED WITH APPROVED BILL
Senate Bill No. 2069,16th Congress (July 2013 - 2016),https://ldr.senate.gov.ph/bills/senate-bill-no-2069-16th-congress-republic,"NO CIVIL OR CRIMINAL SUIT BETWEEN MEMBERS OF THE SAME FAMILY (E.O. 209, FAMILY CODE OF THE PHILS.)","AN ACT CLARIFYING THE APPLICATION OF ARTICLE 151 OF EXECUTIVE ORDER NO. 209, AS AMENDED, OTHEWISE KNOWN AS THE FAMILY CODE OF THE PHILIPPINES, AND FOR OTHER PURPOSES","BINAY, MARIA LOURDES NANCY S.","January 20, 2014",NATIONAL,FAMILY CODE (E.O. NO. 209),"WOMEN, CHILDREN, FAMILY RELATIONS AND GENDER EQUALITY",PENDING IN THE COMMITTEE
Senate Bill No. 2461,16th Congress (July 2013 - 2016),https://ldr.senate.gov.ph/bills/senate-bill-no-2461-16th-congress-republic,INMATE WELFARE ACT,AN ACT ELIMINATING INHUMANE CONDITIONS IN PHILIPPINE PRISONS AND JAILS,Miriam Defensor Santiago,"November 18, 2014",NATIONAL,PRISONERS/INMATES JAIL FACILITY,JUSTICE AND HUMAN RIGHTS,PENDING IN THE COMMITTEE
Senate Bill No. 2525,16th Congress (July 2013 - 2016),https://ldr.senate.gov.ph/bills/senate-bill-no-2525-16th-congress-republic,SURVIVORSHIP BENEFITS OF HEIRS OF SOLDIERS WHO DIED IN THE LINE OF DUTY,"AN ACT AUGMENTING SURVIVORSHIP BENEFITS OF HEIRS OF SOLDIERS WHO DIED IN THE LINE OF DUTY BEFORE COMPLETION OF TWENTY YEARS OF ACTIVE SERVICE, AMENDING FOR THE PURPOSE PRESIDENTIAL DECREE 1044 AS AMENDED","BINAY, MARIA LOURDES NANCY S.","December 17, 2014",NATIONAL,ARMED FORCES OF THE PHILIPPINES (AFP),NATIONAL DEFENSE AND SECURITY,PENDING IN THE COMMITTEE
Senate Bill No. 2217,16th Congress (July 2013 - 2016),https://ldr.senate.gov.ph/bills/senate-bill-no-2217-16th-congress-republic,START-UP BUSINESS BILL,AN ACT EXEMPTING START-UP ENTERPRISES FROM TAXES ARISING FROM THE FIRST TWO YEARS OF OPERATION,"Paolo Benigno ""Bam"" Aquino IV","July 5, 2014",NATIONAL,TAX EXEMPTION,WAYS AND MEANS,PENDING IN THE COMMITTEE
Senate Bill No. 2280,16th Congress (July 2013 - 2016),https://ldr.senate.gov.ph/bills/senate-bill-no-2280-16th-congress-republic,"AMENDING SECS. 4, 9, 24, 27 AND 28, PROBATION LAW","AN ACT AMENDING PRESIDENTIAL DECREE NO. 968, OTHERWISE KNOWN AS THE PROBATION LAW OF 1976, AS AMENDED","ESCUDERO, FRANCIS G.","November 6, 2014",NATIONAL,probation,JUSTICE AND HUMAN RIGHTS,APPROVED BY THE PRESIDENT OF THE PHILIPPINES
Senate Bill No. 2355,16th Congress (July 2013 - 2016),https://ldr.senate.gov.ph/bills/senate-bill-no-2355-16th-congress-republic,PHILIPPINE FISHERIES PROFESSION ACT OF 2014,"AN ACT REGULATING THE PRACTICE OF FISHERIES PROFESSION IN THE PHILIPPINES, CREATING FOR THE PURPOSE A PROFESSIONAL REGULATORY BOARD OF FISHERIES AND APPROPRIATING FUNDS THEREFOR",Antonio F. Trillanes IV,"August 13, 2014",NATIONAL,PHILIPPINE FISHERIES CODE (R.A.NO. 8550),"CIVIL SERVICE, GOVERNMENT REORGANIZATION AND PROFESSIONAL REGULATION",PENDING IN THE COMMITTEE
Senate Bill No. 2420,16th Congress (July 2013 - 2016),https://ldr.senate.gov.ph/bills/senate-bill-no-2420-16th-congress-republic,GRANTING PHILIPPINE CITIZENSHIP TO JUVENAL SANSO,AN ACT GRANTING PHILIPPINE CITIZENSHIP TO JUVENAL SANSO,"ESCUDERO, FRANCIS G.","September 22, 2014",NATIONAL,CITIZENSHIP,RULES,PENDING IN THE COMMITTEE
Senate Bill No. 2111,16th Congress (July 2013 - 2016),https://ldr.senate.gov.ph/bills/senate-bill-no-2111-16th-congress-republic,GSIS MEMBERS' CHANGE OF STATUS RATIONALIZATION (FROM ACTIVE TO SPECIAL),"AN ACT RATIONALIZING THE CHANGE OF STATUS OF A MEMBER OF THE GOVERNMENT SERVICE INSURANCE SYSTEM FROM ACTIVE TO SPECIAL, AMENDING FOR THE PURPOSE SECTIONS 2 & 55 OF REPUBLIC ACT NO. 8291, OTHERWISE KNOWN AS THE GOVERNMENT SERVICE INSURANCE SYSTEM ACT OF 1997, AND FOR OTHER PURPOSES","EJERCITO, JOSEPH VICTOR G.","October 2, 2014",NATIONAL,GOVERNMENT SERVICE INSURANCE SYSTEM (GSIS),GOVERNMENT CORPORATIONS AND PUBLIC ENTERPRISES,PENDING IN THE COMMITTEE
Senate Bill No. 2175,16th Congress (July 2013 - 2016),https://ldr.senate.gov.ph/bills/senate-bill-no-2175-16th-congress-republic,"AMENDING SEC. 42, CORPORATION CODE","AN ACT CLARIFYING THE REQUIREMENTS FOR ENGAGING IN ACTIVITIES COVERED BY THE SECONDARY PURPOSE CLAUSE OF CORPORATIONS, AMENDING BATAS PAMBANSA BLG. 68 OTHERWISE KNOWN AS THE CORPORATION CODE OF THE PHILIPPINES","BINAY, MARIA LOURDES NANCY S.","November 3, 2014",NATIONAL,CORPORATION CODE,"TRADE, COMMERCE AND ENTREPRENEURSHIP",CONSOLIDATED/SUBSTITUTED IN THE COMMITTEE REPORT
Senate Bill No. 2493,16th Congress (July 2013 - 2016),https://ldr.senate.gov.ph/bills/senate-bill-no-2493-16th-congress-republic,"AMENDING ART. 217, PENAL CODE (MALVERSATION OF RECLAIMED LANDS)","AN ACT MAKING THE MALVERSATION OF RECLAIMED LANDS A CRIME, AMENDING FOR THIS PURPOSE ARTICLE 217 OF ACT NO. 3815, OTHERWISE KNOWN AS THE PENAL CODE",Miriam Defensor Santiago,"September 12, 2014",NATIONAL,RECLAIMED LAND REVISED PENAL CODE (R.A. NO. 3815),ENVIRONMENT AND NATURAL RESOURCES,PENDING IN THE COMMITTEE
Senate Bill No. 2249,16th Congress (July 2013 - 2016),https://ldr.senate.gov.ph/bills/senate-bill-no-2249-16th-congress-republic,PHILIPPINE MOTOR VEHICLE MANUFACTURING INDUSTRY COMPETITIVENESS ACT OF 2014,AN ACT TO STRENGTHEN THE SUSTAINABILITY AND COMPETITIVENESS OF THE PHILIPPINE MOTOR VEHICLE MANUFACTURING INDUSTRY,"ANGARA, SONNY","May 27, 2014",NATIONAL,Motor Vehicles,"TRADE, COMMERCE AND ENTREPRENEURSHIP",PENDING IN THE COMMITTEE
Senate Bill No. 2313,16th Congress (July 2013 - 2016),https://ldr.senate.gov.ph/bills/senate-bill-no-2313-16th-congress-republic,FILMMAKERS AND ACTORS CLAIMING HONORS IN INTERNATIONAL FILM COMPETITION INCENTIVES,"AN ACT PROMOTING THE PRODUCTION OF OUTSTANDING AND WORLD-CLASS FILIPINO MOTION PICTURES, PROVIDING INCENTIVES TO FILMMAKERS AND ACTORS CLAIMING HONORS IN INTERNATIONAL FILM COMPETITIONS AND FOR OTHER PURPOSES","ESTRADA, JINGGOY E.","July 21, 2014",NATIONAL,FILM/MOVIE INDUSTRY,PUBLIC INFORMATION AND MASS MEDIA,PENDING IN THE COMMITTEE
Senate Bill No. 8,16th Congress (July 2013 - 2016),https://ldr.senate.gov.ph/bills/senate-bill-no-8-16th-congress-republic,"MAGNA CARTA FOR PUBLIC SCHOOL TEACHERS, AMENDMENT RE NON-TEACHING PERSONNEL","AN ACT PROVIDING FOR SECURITY OF TENURE AND ADDITIONAL BENEFITS TO TEACHERS, AMENDING FOR THE PURPOSE REPUBLIC ACT NO. 4670, OTHERWISE KNOWN AS THE MAGNA CARTA FOR PUBLIC SCHOOL TEACHERS, AND FOR OTHER PURPOSES","LEGARDA, LOREN B.","January 7, 2013",NATIONAL,Magna Carta for Public School Teachers,"EDUCATION, ARTS AND CULTURE",PENDING IN THE COMMITTEE
Senate Bill No. 977,16th Congress (July 2013 - 2016),https://ldr.senate.gov.ph/bills/senate-bill-no-977-16th-congress-republic,BICOL POWER ACT OF 2013,AN ACT CREATING THE BICOL POWER GRID TO ENSURE THE GRANT OF EQUITABLE PREFERENTIAL BENEFITS TO REGIONS HOSTING RELIABLE AND CHEAP GEOTHERMAL POWER AND FOR OTHER PURPOSES,"ESTRADA, JINGGOY E.","July 22, 2013",NATIONAL,BICOL POWER GRID,ENERGY,PENDING IN THE COMMITTEE
Senate Bill No. 105,16th Congress (July 2013 - 2016),https://ldr.senate.gov.ph/bills/senate-bill-no-105-16th-congress-republic,NATIONAL MUSEUM ACT,"AN ACT PRESERVING THE COUNTRY'S TRADITIONAL FOLK ARTS AS PART OF ITS INTANGIBLE CULTURAL HERITAGE, AMENDING FOR THE PURPOSE REPUBLIC ACT NO. 8492, OTHERWISE KNOWN AS THE 'NATIONAL MUSEUM ACT OF 1998' AND FOR OTHER PURPOSES","LEGARDA, LOREN B.","January 7, 2013",NATIONAL,NATIONAL MUSEUM,"EDUCATION, ARTS AND CULTURE",PENDING IN THE COMMITTEE
Senate Bill No. 1634,16th Congress (July 2013 - 2016),https://ldr.senate.gov.ph/bills/senate-bill-no-1634-16th-congress-republic,"EXEMPTING PUBLISHER, EDITOR, REPORTER FROM REVEALING THE SOURCE OF PUBLISHED NEWS","AN ACT FURTHER AMENDING SECTION ONE OF REPUBLIC ACT NO. 53, OTHERWISE KNOWN AS AN ACT TO EXEMPT THE PUBLISHER, EDITOR, COLUMNIST OR REPORTER OF ANY PUBLICATION FROM REVEALING THE SOURCE OF PUBLISHED NEWS OR INFORMATION OBTAINED IN CONFIDENCE","ESTRADA, JINGGOY E.","November 9, 2013",NATIONAL,SOURCE OF PUBLISHED NEWS MEDIA PRACTITIONERS,PUBLIC INFORMATION AND MASS MEDIA,PENDING IN THE COMMITTEE
Senate Bill No. 1073,16th Congress (July 2013 - 2016),https://ldr.senate.gov.ph/bills/senate-bill-no-1073-16th-congress-republic,AFFORDABLE FOOD TRANSPARENCY ACT,"AN ACT MANDATING THE GOVERNMENT TO PROVIDE ACCESS TO INFORMATION ON FOOD AND OTHER BASIC COMMODITIES TO GUARANTEE THE RIGHT OF THE PEOPLE TO AFFORDABLE FOOD AND ADEQUATE FOOD SUPPLY, PRESCRIBING GUIDELINES THEREFOR, AND FOR OTHER PURPOSES","ESTRADA, JINGGOY E.","July 23, 2013",NATIONAL,FOOD TRANSPARENCY,AGRICULTURE AND FOOD,PENDING IN THE COMMITTEE
Senate Bill No. 1698,16th Congress (July 2013 - 2016),https://ldr.senate.gov.ph/bills/senate-bill-no-1698-16th-congress-republic,DYSTONIA RESEARCH AND INFORMATION ACT,AN ACT PROMOTING RESEARCH ON DYSTONIA,Miriam Defensor Santiago,"September 17, 2013",NATIONAL,DYSTONIA,HEALTH AND DEMOGRAPHY,PENDING IN THE COMMITTEE
Senate Bill No. 417,16th Congress (July 2013 - 2016),https://ldr.senate.gov.ph/bills/senate-bill-no-417-16th-congress-republic,PALLIATIVE AND END OF LIFE CARE ACT OF 2013,"AN ACT PROVIDING PALLIATIVE AND END OF LIFE CARE, APPROPRIATING FUNDS THEREFOR AND FOR OTHER PURPOSES","Ferdinand ""Bongbong"" R. Marcos, Jr.","March 7, 2013",NATIONAL,PALLIATIVE CARE LEAVE OF ABSENCE (FAMILY/MEDICAL LEAVE),HEALTH AND DEMOGRAPHY,CONSOLIDATED/SUBSTITUTED IN THE COMMITTEE REPORT
Senate Bill No. 482,16th Congress (July 2013 - 2016),https://ldr.senate.gov.ph/bills/senate-bill-no-482-16th-congress-republic,PHILIPPINE HAZARDOUS AND RADIOACTIVE WASTES MANAGEMENT ACT,"AN ACT PROVIDING FOR A COMPREHENSIVE HAZARDOUS AND RADIOACTIVE WASTES MANAGEMENT, PROVIDING PENALTIES FOR VIOLATIONS THEREOF, AND FOR OTHER PURPOSES",Antonio F. Trillanes IV,"April 7, 2013",NATIONAL,WASTE MANAGEMENT,ENVIRONMENT AND NATURAL RESOURCES,PENDING IN THE COMMITTEE
Senate Bill No. 764,16th Congress (July 2013 - 2016),https://ldr.senate.gov.ph/bills/senate-bill-no-764-16th-congress-republic,STRATEGIC FOOD SECURITY RICE RESERVE ACT OF 2013,AN ACT ESTABLISHING A STRATEGIC FOOD SECURITY RICE RESERVE AND FOR OTHER PURPOSES,"ESTRADA, JINGGOY E.","July 15, 2013",NATIONAL,RICE SECURITY FOOD SECURITY RICE RESERVE,AGRICULTURE AND FOOD,PENDING IN THE COMMITTEE
Senate Bill No. 1391,16th Congress (July 2013 - 2016),https://ldr.senate.gov.ph/bills/senate-bill-no-1391-16th-congress-republic,DEPARTMENT OF CULTURE ACT OF 2013,"AN ACT CREATING THE DEPARTMENT OF CULTURE DEFINING ITS POWERS AND FUNCTIONS, APPROPRIATING FUNDS THEREFOR, AND FOR OTHER PURPOSES","LEGARDA, LOREN B.","August 28, 2013",NATIONAL,N/A,"EDUCATION, ARTS AND CULTURE",WITHDRAWN
Senate Bill No. 828,16th Congress (July 2013 - 2016),https://ldr.senate.gov.ph/bills/senate-bill-no-828-16th-congress-republic,PHILIPPINE NATIONAL RAILWAYS ACT OF 2013,AN ACT INSTITUTING THE PHILIPPINE RAILWAY AUTHORITY AND FOR OTHER PURPOSES,Antonio F. Trillanes IV,"July 16, 2013",NATIONAL,PHILIPPINE NATIONAL RAILWAYS (PNR),GOVERNMENT CORPORATIONS AND PUBLIC ENTERPRISES,PENDING IN THE COMMITTEE
Senate Bill No. 2016,16th Congress (July 2013 - 2016),https://ldr.senate.gov.ph/bills/senate-bill-no-2016-16th-congress-republic,PHILIPPINE RAILWAYS MODERNIZATION ACT OF 2013,"AN ACT RESTORING, REHABILITATING AND MODERNIZING THE OLD AND EXISTING LINES OF THE PHILIPPINE NATIONAL RAILWAYS (PNR), EXTENDING THESE LINES FURTHER AS PROVIDED UNDER REPUBLIC ACT NO. 6366, TO PROVIDE A VIABLE PUBLIC RAILWAY TRANSPORT AND APPROPRIATING FUNDS NECESSARY THEREFOR","ESTRADA, JINGGOY E.","November 12, 2013",NATIONAL,PHILIPPINE NATIONAL RAILWAYS (PNR),GOVERNMENT CORPORATIONS AND PUBLIC ENTERPRISES,PENDING IN THE COMMITTEE
Senate Bill No. 1454,16th Congress (July 2013 - 2016),https://ldr.senate.gov.ph/bills/senate-bill-no-1454-16th-congress-republic,PLASTIC BAG REGULATION ACT OF 2013,"AN ACT REGULATING THE PRODUCTION, IMPORTATION, SALE, PROVISION, USE, RECOVERY, COLLECTION, RECYCLING AND DISPOSAL OF PLASTIC BAGS","EJERCITO, JOSEPH VICTOR G.","August 29, 2013",NATIONAL,PLASTIC/PLASTIC BAGS RECYCLING,ENVIRONMENT AND NATURAL RESOURCES,PENDING IN THE COMMITTEE
Senate Bill No. 539,16th Congress (July 2013 - 2016),https://ldr.senate.gov.ph/bills/senate-bill-no-539-16th-congress-republic,SCIENCE LABORATORY FOR BASIC EDUCATION ACT OF 2013,AN ACT REQUIRING THE ESTABLISHMENT OF FULLY-EQUIPPED SCIENCE LABORATORIES IN EVERY PUBLIC ELEMENTARY AND SECONDARY SCHOOL AND FOR OTHER PURPOSES,"ESTRADA, JINGGOY E.","August 7, 2013",NATIONAL,SCIENCE LABORATORIES,SCIENCE AND TECHNOLOGY,PENDING IN THE COMMITTEE
Senate Bill No. 275,16th Congress (July 2013 - 2016),https://ldr.senate.gov.ph/bills/senate-bill-no-275-16th-congress-republic,OPEN HIGH SCHOOL SYSTEM ACT,"AN ACT INSTITUTIONALIZING THE OPEN HIGH SCHOOL SYSTEM IN THE PHILIPPINES, APPROPRIATING FUNDS THEREFOR AND FOR OTHER PURPOSES","REVILLA JR., RAMON BONG","February 7, 2013",NATIONAL,OPEN HIGH SCHOOL SYSTEM (OHSS),"EDUCATION, ARTS AND CULTURE",CONSOLIDATED/SUBSTITUTED IN THE COMMITTEE REPORT
Senate Bill No. 368,16th Congress (July 2013 - 2016),https://ldr.senate.gov.ph/bills/senate-bill-no-368-16th-congress-republic,MEAT LABELING ACT OF 2013,AN ACT INSTITUTING THE LABELING OF IMPORTED MEAT AND MEAT FOOD PRODUCTS,"ESTRADA, JINGGOY E.","March 7, 2013",NATIONAL,MEAT LABELING FOOD PRODUCTS LABEL,"TRADE, COMMERCE AND ENTREPRENEURSHIP",PENDING IN THE COMMITTEE
Senate Bill No. 1147,16th Congress (July 2013 - 2016),https://ldr.senate.gov.ph/bills/senate-bill-no-1147-16th-congress-republic,OWWA ACT OF 2013,AN ACT TO GOVERN THE OPERATIONS AND ADMINISTRATION OF THE OVERSEAS WORKERS WELFARE ADMINISTRATION,Antonio F. Trillanes IV,"July 29, 2013",NATIONAL,OVERSEAS WORKERS WELFARE ADMINISTRATION (OWWA),"LABOR, EMPLOYMENT AND HUMAN RESOURCES DEVELOPMENT",CONSOLIDATED/SUBSTITUTED IN THE COMMITTEE REPORT
Senate Bill No. 1772,16th Congress (July 2013 - 2016),https://ldr.senate.gov.ph/bills/senate-bill-no-1772-16th-congress-republic,MANDATORY INFLUENZA VACCINE PROGRAM,AN ACT ESTABLISHING A PROGRAM REQUIRING GENERAL HOSPITALS WITH NEONATAL INTENSIVE CARE UNITS TO OFFER VACCINES AGAINST INFLUENZA VIRUS TO CERTAIN PERSONS,Miriam Defensor Santiago,"February 10, 2013",NATIONAL,INFLUENZA,HEALTH AND DEMOGRAPHY,PENDING IN THE COMMITTEE
Senate Bill No. 1210,16th Congress (July 2013 - 2016),https://ldr.senate.gov.ph/bills/senate-bill-no-1210-16th-congress-republic,ANTI-TRUST ACT OF THE PHILIPPINES,AN ACT PROHIBITING ANTI-COMPETITIVE PRACTICES AND CREATING THE COMPETITION REGULATORY COMMISSION,Miriam Defensor Santiago,"January 8, 2013",NATIONAL,ANTI-TRUST,"TRADE, COMMERCE AND ENTREPRENEURSHIP",CONSOLIDATED/SUBSTITUTED IN THE COMMITTEE REPORT
Senate Bill No. 162,16th Congress (July 2013 - 2016),https://ldr.senate.gov.ph/bills/senate-bill-no-162-16th-congress-republic,"PHILIPPINE NATIONAL POLICE (PNP), QUARTERS ALLOWANCE INCREASE",AN ACT INCREASING THE QUARTERS ALLOWANCE OF COMMISSIONED OFFICERS AND NON-COMMISSIONED OFFICERS OF THE PHILIPPINE NATIONAL POLICE AND FOR OTHER PURPOSES,Antonio F. Trillanes IV,"January 7, 2013",NATIONAL,PHILIPPINE NATIONAL POLICE (PNP),PUBLIC ORDER AND DANGEROUS DRUGS,PENDING IN THE COMMITTEE
Senate Bill No. 228,16th Congress (July 2013 - 2016),https://ldr.senate.gov.ph/bills/senate-bill-no-228-16th-congress-republic,E-VAW LAW OF 2013,"AN ACT AMENDING REPUBLIC ACT NO. 9262, DEFINING ELECTRONIC VIOLENCE AGAINST WOMEN OR E-VAW, PROVIDING PROTECTIVE MEASURES AND PRESCRIBING PENALTIES THEREFOR, AND FOR OTHER PURPOSES","BINAY, MARIA LOURDES NANCY S.","January 7, 2013",NATIONAL,VIOLENCE AGAINST WOMEN,"WOMEN, CHILDREN, FAMILY RELATIONS AND GENDER EQUALITY",PENDING IN THE COMMITTEE
Senate Bill No. 902,16th Congress (July 2013 - 2016),https://ldr.senate.gov.ph/bills/senate-bill-no-902-16th-congress-republic,UNFAIR AND UNETHICAL LOBBYING PRACTICES,AN ACT AMENDING SECTION 2 OF REPUBLIC ACT NO. 1827 SO AS TO IMPOSE HIGHER PENALTIES FOR THOSE ENGAGED IN UNFAIR AND UNETHICAL LOBBYING PRACTICES,Antonio F. Trillanes IV,"July 18, 2013",NATIONAL,LOBBYING,"CIVIL SERVICE, GOVERNMENT REORGANIZATION AND PROFESSIONAL REGULATION",PENDING IN THE COMMITTEE
Senate Bill No. 1528,16th Congress (July 2013 - 2016),https://ldr.senate.gov.ph/bills/senate-bill-no-1528-16th-congress-republic,ENVIRONMENT AND NATURAL RESOURCES OFFICER,"AN ACT TO STRENGTHEN LOCAL ENVIRONMENT PROTECTION BY MAKING THE APPOINTMENT OF AN ENVIRONMENT AND NATURAL RESOURCES OFFICER MANDATORY FOR PROVINCIAL, CITY AND MUNICIPAL GOVERNMENTS, AMENDING FOR THIS PURPOSE SECTION 484 (A) OF REPUBLIC ACT NUMBERED 7160, OTHERWISE KNOWN AS THE 'LOCAL GOVERNMENT CODE OF 1991'","ESTRADA, JINGGOY E.","May 9, 2013",NATIONAL,LOCAL GOVERNMENT CODE (R.A. NO. 7160) ENVIRONMENTAL PROTECTION,LOCAL GOVERNMENT,PENDING IN THE COMMITTEE
Senate Bill No. 746,16th Congress (July 2013 - 2016),https://ldr.senate.gov.ph/bills/senate-bill-no-746-16th-congress-republic,LABOR CODE (AMENDMENTS),"AN ACT AMENDING CERTAIN PROVISIONS OF PRESIDENTIAL DECREE NO. 442, OTHERWISE KNOWN AS THE LABOR CODE OF THE PHILIPPINES, AND FOR OTHER PURPOSES","ESTRADA, JINGGOY E.","July 15, 2013",NATIONAL,LABOR CODE OF THE PHILIPPINES (P.D. NO. 442),"LABOR, EMPLOYMENT AND HUMAN RESOURCES DEVELOPMENT",PENDING IN THE COMMITTEE
Senate Bill No. 990,16th Congress (July 2013 - 2016),https://ldr.senate.gov.ph/bills/senate-bill-no-990-16th-congress-republic,NATIONAL SCENIC BYWAYS PROGRAM OF 2013,"AN ACT RECOGNIZING NATIONAL SCENIC BYWAYS IN THE PHILIPPINES THEREBY CREATING A NATIONAL SCENIC BYWAYS PROGRAM, AND FOR OTHER PURPOSES",Antonio F. Trillanes IV,"July 22, 2013",NATIONAL,NATIONAL SCENIC BYWAYS,TOURISM,PENDING IN THE COMMITTEE
Senate Bill No. 1640,16th Congress (July 2013 - 2016),https://ldr.senate.gov.ph/bills/senate-bill-no-1640-16th-congress-republic,BOTICA SA BARANGAY ACT OF 2013,"AN ACT PROVIDING FOR THE ESTABLISHMENT OF BARANGAY DRUGSTORES, OTHERWISE KNOWN AS 'BOTICA SA BARANGAY', AND FOR OTHER PURPOSES","ESTRADA, JINGGOY E.","November 9, 2013",NATIONAL,BOTICA SA BARANGAY/BARANGAY DRUGSTORE,HEALTH AND DEMOGRAPHY,PENDING IN THE COMMITTEE
Senate Bill No. 808,16th Congress (July 2013 - 2016),https://ldr.senate.gov.ph/bills/senate-bill-no-808-16th-congress-republic,REMOVING MARITIME FUNCTIONS OF THE PNP,"AN ACT TO REMOVE THE MARITIME FUNCTIONS OF THE PHILIPPINE NATIONAL POLICE, AMENDING FOR THIS PURPOSE REPUBLIC ACT NO. 6975",Antonio F. Trillanes IV,"July 16, 2013",NATIONAL,PHILIPPINE NATIONAL POLICE (PNP),PUBLIC ORDER AND DANGEROUS DRUGS,PENDING IN THE COMMITTEE
Senate Bill No. 1076,16th Congress (July 2013 - 2016),https://ldr.senate.gov.ph/bills/senate-bill-no-1076-16th-congress-republic,PROTECTION FOR WOMEN AGAINST ABUSES,"AN ACT FURTHER PROVIDING PROTECTION FOR WOMEN AGAINST ABUSES OF UNEQUAL POWER RELATIONS, EXPANDING FOR THAT PURPOSE THE DEFINITION OF SEXUAL HARASSMENT AND INCREASING THE PENALTIES THEREFOR, THEREBY AMENDING REPUBLIC ACT 7877 AND FOR OTHER PURPOSES","ESTRADA, JINGGOY E.","July 23, 2013",NATIONAL,WOMEN SEXUAL HARASSMENT,"LABOR, EMPLOYMENT AND HUMAN RESOURCES DEVELOPMENT",PENDING IN THE COMMITTEE
Senate Bill No. 1704,16th Congress (July 2013 - 2016),https://ldr.senate.gov.ph/bills/senate-bill-no-1704-16th-congress-republic,CREDIT CARD DEBT-COLLECTION HARASSMENT,AN ACT PROHIBITING CREDIT CARD DEBT-COLLECTION HARASSMENT,Miriam Defensor Santiago,"September 17, 2013",NATIONAL,CREDIT CARD,"BANKS, FINANCIAL INSTITUTIONS AND CURRENCIES",CONSOLIDATED/SUBSTITUTED IN THE COMMITTEE REPORT
Senate Bill No. 14,16th Congress (July 2013 - 2016),https://ldr.senate.gov.ph/bills/senate-bill-no-14-16th-congress-republic,THE NATIONAL IRRIGATION PROGRAM OF 2013,"AN ACT MANDATING THE NATIONAL IRRIGATION ADMINISTRATION (NIA) TO ACCELERATE NATIONAL IRRIGATION DEVELOPMENT PROGRAM, AND APPROPRIATING FUNDS THEREFOR, AND FOR OTHER PURPOSES","Ferdinand ""Bongbong"" R. Marcos, Jr.","January 7, 2013",NATIONAL,NATIONAL IRRIGATION ADMINISTRATION,PUBLIC WORKS,PENDING IN THE COMMITTEE
Senate Bill No. 108,16th Congress (July 2013 - 2016),https://ldr.senate.gov.ph/bills/senate-bill-no-108-16th-congress-republic,"LOCAL GOVERNMENT CODE OF 1991, AMENDING SEC. 461","AN ACT AMENDING SECTION 461 OF REPUBLIC ACT 7160 OTHERWISE KNOWN AS THE LOCAL GOVERNMENT CODE OF 1991, BY INCREASING THE LOCALLY GENERATED AVERAGE ANNUAL INCOME REQUIREMENT FOR THE CREATION OF A PROVINCE","Ferdinand ""Bongbong"" R. Marcos, Jr.","January 7, 2013",NATIONAL,"PROVINCE, CREATION INCOME REQUIREMENT (CITYHOOD, CREATION OF MUNICIPALITY/PROVINCE)",LOCAL GOVERNMENT,PENDING IN THE COMMITTEE
Senate Bill No. 1958,16th Congress (July 2013 - 2016),https://ldr.senate.gov.ph/bills/senate-bill-no-1958-16th-congress-republic,EMERGENCY RESPONSE EMPLOYEES DISEASE PROTECTION ACT,"AN ACT TO PROVIDE FOR A STUDY AND FOR DEMONSTRATION PROJECTS REGARDING CASES OF HEPATITIS C AMONG FIREFIGHTERS, PARAMEDICS, EMERGENCY MEDICAL TECHNICIANS AND OTHER EMERGENCY RESPONSE EMPLOYEES","ESTRADA, JINGGOY E.","November 27, 2013",NATIONAL,EMERGENCY RESPONSE/EMERGENCY PREPAREDNESS HEPATITIS-C,HEALTH AND DEMOGRAPHY,PENDING IN THE COMMITTEE
Senate Bill No. 1397,16th Congress (July 2013 - 2016),https://ldr.senate.gov.ph/bills/senate-bill-no-1397-16th-congress-republic,CODE OF CONDUCT AND ETHICAL STANDARDS FOR PUBLIC OFFICIALS AND EMPLOYEES,"AN ACT AMENDING REPUBLIC ACT NO. 6713, ALSO KNOWN AS AN ACT ESTABLISHING A CODE OF CONDUCT AND ETHICAL STANDARDS FOR PUBLIC OFFICIALS AND EMPLOYEES, TO UPHOLD THE TIME-HONORED PRINCIPLE OF PUBLIC OFFICE BEING A PUBLIC TRUST, GRANTING INCENTIVES AND REWARDS FOR EXEMPLARY SERVICE, ENUMERATING PROHIBITED ACTS AND TRANSACTIONS, PROVIDING PENALTIES FOR VIOLATIONS THEREOF AND FOR OTHER PURPOSES","ESTRADA, JINGGOY E.","August 29, 2013",NATIONAL,CODE OF CONDUCT AND ETHICAL STANDARDS (R.A.NO. 6713) ASSETS GOVERNMENT OFFICIAL/PUBLIC OFFICIAL,"CIVIL SERVICE, GOVERNMENT REORGANIZATION AND PROFESSIONAL REGULATION",PENDING IN THE COMMITTEE
Senate Bill No. 2022,16th Congress (July 2013 - 2016),https://ldr.senate.gov.ph/bills/senate-bill-no-2022-16th-congress-republic,VOTERS REGISTRATION ACT,AN ACT AMENDING SECTION 58 OF REPUBLIC ACT 8189 OTHERWISE KNOWN AS 'THE VOTERS REGISTRATION ACT OF 1996' BY INCREASING THE PENALTY PROVIDED AND FOR OTHER PURPOSES,"ESTRADA, JINGGOY E.","November 12, 2013",NATIONAL,VOTERS REGISTRATION ELECTIONS/ELECTORAL REFORMS,ELECTORAL REFORMS AND PEOPLES PARTICIPATION,PENDING IN THE COMMITTEE
Senate Bill No. 1460,16th Congress (July 2013 - 2016),https://ldr.senate.gov.ph/bills/senate-bill-no-1460-16th-congress-republic,OLDER FILIPINO'S PROTECTION FROM VIOLENCE ACT,"AN ACT TO ENSURE THAT OLDER OR DISABLED PERSONS ARE PROTECTED FROM INSTITUTIONAL, COMMUNITY AND DOMESTIC VIOLENCE AND SEXUAL ASSAULT AND TO IMPROVE OUTREACH EFFORTS AND OTHER SERVICES AVAILABLE TO OLDER OR DISABLED PERSONS VICTIMIZED BY SUCH VIOLENCE","ESTRADA, JINGGOY E.","March 9, 2013",NATIONAL,SENIOR CITIZEN/ELDERLY,"SOCIAL JUSTICE, WELFARE AND RURAL DEVELOPMENT",PENDING IN THE COMMITTEE
Senate Bill No. 1714,16th Congress (July 2013 - 2016),https://ldr.senate.gov.ph/bills/senate-bill-no-1714-16th-congress-republic,CREDIT CARD INTEREST RATE CHANGE DISCLOSURE ACT,AN ACT REQUIRING CREDIT CARD CORPORATIONS TO GIVE THEIR CONSUMERS NINETY DAYS NOTICE BEFORE CHANGING THEIR ANNUAL CREDIT PERCENTAGE RATE OF INTEREST APPLICABLE OF ANY CREDIT CARD ACCOUNT OR BEFORE CHANGING THE INDEX USED TO DETERMINE SUCH RATE,Miriam Defensor Santiago,"September 18, 2013",NATIONAL,CREDIT CARD,"BANKS, FINANCIAL INSTITUTIONS AND CURRENCIES",CONSOLIDATED/SUBSTITUTED IN THE COMMITTEE REPORT
Senate Bill No. 1153,16th Congress (July 2013 - 2016),https://ldr.senate.gov.ph/bills/senate-bill-no-1153-16th-congress-republic,MAGNA CARTA OF WORKERS IN THE INFORMAL ECONOMY,"AN ACT PROVIDING FOR A MAGNA CARTA OF WORKERS IN INFORMAL ECONOMY, INSTITUTIONALIZING MECHANISMS FOR IMPLEMENTATION THEREOF AND FOR OTHER PURPOSES",Miriam Defensor Santiago,"July 30, 2013",NATIONAL,MAGNA CARTA OF WORKERS IN INFORMAL ECONOMY,"SOCIAL JUSTICE, WELFARE AND RURAL DEVELOPMENT",PENDING IN THE COMMITTEE
Senate Bill No. 1778,16th Congress (July 2013 - 2016),https://ldr.senate.gov.ph/bills/senate-bill-no-1778-16th-congress-republic,MAXIMUM ALLOWABLE LEVELS OF LEAD IN CANDY,AN ACT TO KEEP LEAD WITHIN MAXIMUM ALLOWABLE LEVELS IN CANDY,Miriam Defensor Santiago,"March 10, 2013",NATIONAL,LEAD CONTENT CANDY,HEALTH AND DEMOGRAPHY,PENDING IN THE COMMITTEE
Senate Bill No. 1216,16th Congress (July 2013 - 2016),https://ldr.senate.gov.ph/bills/senate-bill-no-1216-16th-congress-republic,FRESH GRADUATES PRE-EMPLOYMENT ASSISTANCE ACT OF 2013,AN ACT PROVIDING ASSISTANCE TO FRESH GRADUATES BY WAIVING GOVERNMENT FEES AND CHARGES COLLECTED IN CONNECTION WITH DOCUMENTARY REQUIREMENTS FOR EMPLOYMENT,"POE, GRACE","June 8, 2013",NATIONAL,GRADUATES (PRE-EMPLOYMENT),"CIVIL SERVICE, GOVERNMENT REORGANIZATION AND PROFESSIONAL REGULATION",PENDING IN THE COMMITTEE
Senate Bill No. 145,16th Congress (July 2013 - 2016),https://ldr.senate.gov.ph/bills/senate-bill-no-145-16th-congress-republic,THE REVISED CONSUMER ACT OF THE PHILIPPINES,"AN ACT GRANTING BROADER PROTECTION FOR CONSUMERS, REPEALING FOR THE PURPOSE REPUBLIC ACT 7394, OTHERWISE KNOWN AS THE CONSUMER ACT OF THE PHILIPPINES","VILLAR, CYNTHIA A.","January 7, 2013",NATIONAL,CONSUMER PROTECTION CONSUMER ACT (R.A.NO. 7394),"TRADE, COMMERCE AND ENTREPRENEURSHIP",PENDING IN THE COMMITTEE
Senate Bill No. 380,16th Congress (July 2013 - 2016),https://ldr.senate.gov.ph/bills/senate-bill-no-380-16th-congress-republic,MAGNA CARTA FOR JOURNALISTS,AN ACT PROVIDING A MAGNA CARTA FOR JOURNALISTS,"ESTRADA, JINGGOY E.","March 7, 2013",NATIONAL,MAGNA CARTA FOR JOURNALISTS,PUBLIC INFORMATION AND MASS MEDIA,PENDING IN THE COMMITTEE
Senate Bill No. 204,16th Congress (July 2013 - 2016),https://ldr.senate.gov.ph/bills/senate-bill-no-204-16th-congress-republic,PENSIONADO ACT OF 2013,AN ACT CREATING AN ADVANCED STUDIES DEVELOPMENT PROGRAM FOR EXCEPTIONAL EMPLOYEES FROM OTHER GOVERNMENT AND THE PRIVATE SECTOR AND FOR OTHER PURPOSES,"ANGARA, SONNY","January 7, 2013",NATIONAL,ADVANCED STUDIES DEVELOPMENT PROGRAM,"EDUCATION, ARTS AND CULTURE",PENDING IN THE COMMITTEE
Senate Bill No. 432,16th Congress (July 2013 - 2016),https://ldr.senate.gov.ph/bills/senate-bill-no-432-16th-congress-republic,FAIR PLACEMENT FEES FOR OFWS ACT,AN ACT PENALIZING CERTAIN ACTS IN THE IMPOSITION OF EXCESSIVE PLACEMENT FEES AGAINST OVERSEAS FILIPINO WORKERS,"ESCUDERO, FRANCIS G.","April 7, 2013",NATIONAL,OVERSEAS FILIPINO WORKERS (OFW),"LABOR, EMPLOYMENT AND HUMAN RESOURCES DEVELOPMENT",PENDING IN THE COMMITTEE
Senate Bill No. 1470,16th Congress (July 2013 - 2016),https://ldr.senate.gov.ph/bills/senate-bill-no-1470-16th-congress-republic,RETIREMENT AND SEPARATION FOR MILITARY PERSONNEL OF THE ARMED FORCES,"AN ACT FURTHER AMENDING PRESIDENTIAL DECREE NO. 1638 AS AMENDED, OTHERWISE KNOWN AS 'ESTABLISHING A NEW SYSTEM OF RETIREMENT AND SEPARATION FOR MILITARY PERSONNEL OF THE ARMED FORCES OF THE PHILIPPINES AND FOR OTHER PURPOSES' BY GRANTING THE RIGHT TO RECEIVE RETIREMENT BENEFITS TO RETIREES WHO HAVE REACQUIRED PHILIPPINE CITIZENSHIP","ESTRADA, JINGGOY E.","March 9, 2013",NATIONAL,ARMED FORCES OF THE PHILIPPINES (AFP) RETIREMENT BENEFITS,NATIONAL DEFENSE AND SECURITY,PENDING IN THE COMMITTEE
Senate Bill No. 640,16th Congress (July 2013 - 2016),https://ldr.senate.gov.ph/bills/senate-bill-no-640-16th-congress-republic,CONTRACTUAL AND CASUAL EMPLOYEES IN THE GOVERNMENT SERVICE,AN ACT PROVIDING THAT ALL CONTRACTUAL AND CASUAL EMPLOYEES IN THE GOVERNMENT SERVICE BE PAID THEIR CORRESPONDING WAGES DURING SPECIAL PUBLIC HOLIDAYS AND APPROPRIATING FUNDS THEREFOR,Antonio F. Trillanes IV,"August 7, 2013",NATIONAL,CASUAL/CONTRACTUAL EMPLOYEES,"CIVIL SERVICE, GOVERNMENT REORGANIZATION AND PROFESSIONAL REGULATION",PENDING IN THE COMMITTEE
Senate Bill No. 908,16th Congress (July 2013 - 2016),https://ldr.senate.gov.ph/bills/senate-bill-no-908-16th-congress-republic,DIABETES CARE ACT,"AN ACT TO PROVIDE FOR A FRAMEWORK IN THE CARE AND TREATMENT OF DIABETES, APPROPRIATING FUNDS THEREFOR, AND FOR OTHER PURPOSES",Antonio F. Trillanes IV,"July 18, 2013",NATIONAL,DIABETES,HEALTH AND DEMOGRAPHY,PENDING IN THE COMMITTEE
Senate Bill No. 1534,16th Congress (July 2013 - 2016),https://ldr.senate.gov.ph/bills/senate-bill-no-1534-16th-congress-republic,MOTHER RAPE PREVENTION ACT,"AN ACT ESTABLISHING THE MOVEMENT TO HELP ERADICATE RAPE AND OTHER FEMALE ABUSES (MOTHER), MANDATING THE COMPULSORY TEACHING OF SELF DEFENSE TO ALL FEMALE CONSTITUENT, APPROPRIATING FUNDS THEREFOR, AND FOR OTHER PURPOSES","ESTRADA, JINGGOY E.","May 9, 2013",NATIONAL,rape WOMEN SELF-DEFENSE,"WOMEN, CHILDREN, FAMILY RELATIONS AND GENDER EQUALITY",PENDING IN THE COMMITTEE
Senate Bill No. 727,16th Congress (July 2013 - 2016),https://ldr.senate.gov.ph/bills/senate-bill-no-727-16th-congress-republic,FAMILY RESOURCE ACT,AN ACT ESTABLISHING A NATIONAL CENTER FOR INFORMATION AND TECHNICAL ASSISTANCE RELATING TO ALL TYPES OF FAMILY RESOURCE AND SUPPORT PROGRAMS,Miriam Defensor Santiago,"July 15, 2013",NATIONAL,FAMILY RESOURCE ACT,HEALTH AND DEMOGRAPHY,PENDING IN THE COMMITTEE
Senate Bill No. 1013,16th Congress (July 2013 - 2016),https://ldr.senate.gov.ph/bills/senate-bill-no-1013-16th-congress-republic,CRIMINAL STREET GANG DETERRENCE AND PUNISHMENT ACT OF 2013,"AN ACT DETERING AND PUNISHING THE ESTABLISHMENT AND OPERATION OF CRIMINAL STREET GANGS, RECRUITMENT OF INDIVIDUALS TO PARTICIPATE IN THE COMMISSION OF GANG CRIMES AND FOR OTHER PURPOSES","REVILLA JR., RAMON BONG","July 22, 2013",NATIONAL,GANG CRIMES,PUBLIC ORDER AND DANGEROUS DRUGS,PENDING IN THE COMMITTEE
Senate Bill No. 1226,16th Congress (July 2013 - 2016),https://ldr.senate.gov.ph/bills/senate-bill-no-1226-16th-congress-republic,TELECOMMUNICATIONS ACCESSIBILITY ENHANCEMENT ACT,AN ACT PROVIDING TELECOMMUNICATIONS SYSTEMS ACCESSIBILITY TO THE HEARING-IMPAIRED AND SPEECH-IMPAIRED,"EJERCITO, JOSEPH VICTOR G.","June 8, 2013",NATIONAL,TELECOMMUNICATIONS SYSTEMS ACCESSIBILITY DEAF-MUTE,PUBLIC SERVICES,PENDING IN THE COMMITTEE
Senate Bill No. 1852,16th Congress (July 2013 - 2016),https://ldr.senate.gov.ph/bills/senate-bill-no-1852-16th-congress-republic,BANGKO SENTRAL NG PILIPINAS,"AN ACT STRENGTHENING FURTHER THE REGULATORY POWERS OF THE BANGKO SENTRAL NG PILIPINAS, AMENDING FOR THE PURPOSE REPUBLIC ACT NO. 7653, ENTITLED THE NEW CENTRAL BANK ACT, AND FOR OTHER PURPOSES","EJERCITO, JOSEPH VICTOR G.","October 16, 2013",NATIONAL,BANGKO SENTRAL NG PILIPINAS (BSP),"BANKS, FINANCIAL INSTITUTIONS AND CURRENCIES",PENDING IN THE COMMITTEE
Senate Bill No. 280,16th Congress (July 2013 - 2016),https://ldr.senate.gov.ph/bills/senate-bill-no-280-16th-congress-republic,NATIONAL PARENT COUNCIL ACT OF 2013,AN ACT STRENGTHENING THE ROLE OF PARENTS ASSOCIATIONS AND CREATING FOR THE PURPOSE THE NATIONAL PARENT COUNCIL,"REVILLA JR., RAMON BONG","February 7, 2013",NATIONAL,parents,"EDUCATION, ARTS AND CULTURE",PENDING IN THE COMMITTEE
Senate Bill No. 1290,16th Congress (July 2013 - 2016),https://ldr.senate.gov.ph/bills/senate-bill-no-1290-16th-congress-republic,PHILIPPINE ACT ON CRIMES AGAINST INTERNATIONAL HUMANITARIAN LAW,"AN ACT AMENDING SECTION 17 OF REPUBLIC ACT NO. 9851, ALSO KNOWN AS THE PHILIPPINE ACT ON CRIMES AGAINST INTERNATIONAL HUMANITARIAN LAW, GENOCIDE, AND OTHER CRIMES AGAINST HUMANITY","ESTRADA, JINGGOY E.","August 15, 2013",NATIONAL,"CRIMES AGAINST INTERNATIONAL HUMANITARIAN LAW, GENOCIDE (R.A.NO. 9851)",JUSTICE AND HUMAN RIGHTS,PENDING IN THE COMMITTEE
Senate Bill No. 1916,16th Congress (July 2013 - 2016),https://ldr.senate.gov.ph/bills/senate-bill-no-1916-16th-congress-republic,ANTI-POLITICAL TURNCOATISM ACT,AN ACT DEFINING AND PUNISHING POLITICAL TURNCOATISM,Miriam Defensor Santiago,"November 11, 2013",NATIONAL,TURNCOATISM ELECTIONS/ELECTORAL REFORMS,ELECTORAL REFORMS AND PEOPLES PARTICIPATION,PENDING IN THE COMMITTEE
Senate Bill No. 372,16th Congress (July 2013 - 2016),https://ldr.senate.gov.ph/bills/senate-bill-no-372-16th-congress-republic,MAGNA CARTA OF STUDENTS,AN ACT PROVIDING FOR THE ESTABLISHMENT OF THE MAGNA CARTA OF STUDENTS,"ESTRADA, JINGGOY E.","March 7, 2013",NATIONAL,MAGNA CARTA FOR STUDENTS,"EDUCATION, ARTS AND CULTURE",PENDING IN THE COMMITTEE
Senate Bill No. 517,16th Congress (July 2013 - 2016),https://ldr.senate.gov.ph/bills/senate-bill-no-517-16th-congress-republic,LOW CARBON ECONOMY ACT,"AN ACT TO PROMOTE A LOW CARBON ECONOMY, ESTABLISHING FOR THIS PURPOSE THE EMISSION CAP-AND-TRADE SYSTEM IN THE INDUSTRY SECTOR TO REDUCE GREENHOUSE GAS EMISSIONS AND CREATING THE CLIMATE REINVESTMENT FUND","LEGARDA, LOREN B.","August 7, 2013",NATIONAL,GREENHOUSE GAS CLIMATE CHANGE,CLIMATE CHANGE,PENDING IN THE COMMITTEE
Senate Bill No. 961,16th Congress (July 2013 - 2016),https://ldr.senate.gov.ph/bills/senate-bill-no-961-16th-congress-republic,PHILIPPINE FISHERIES CODE,"AN ACT AMENDING SECTIONS 91 AND 97 OF REPUBLIC ACT NO. 8550, OTHERWISE KNOWN AS THE PHILIPPINE FISHERIES CODE OF 1998, AND PROVIDING STIFFER PENALTIES THEREFOR","REVILLA JR., RAMON BONG","July 18, 2013",NATIONAL,PHILIPPINE FISHERIES CODE (R.A.NO. 8550) ENDANGERED SPECIES,AGRICULTURE AND FOOD,CONSOLIDATED/SUBSTITUTED IN THE COMMITTEE REPORT
Senate Bill No. 557,16th Congress (July 2013 - 2016),https://ldr.senate.gov.ph/bills/senate-bill-no-557-16th-congress-republic,"CIVIL CODE (ARTICLE 2180, R.A. NO. 386) (ACADEMIC EDUCATIONAL INSTITUTIONS)","AN ACT AMENDING REPUBLIC ACT NO. 386, OTHERWISE KNOWN AS THE CIVIL CODE OF THE PHILIPPINES, ARTICLE 2180","ESTRADA, JINGGOY E.","August 7, 2013",NATIONAL,CIVIL CODE OF THE PHILIPPINES,"EDUCATION, ARTS AND CULTURE",PENDING IN THE COMMITTEE
Senate Bill No. 1608,16th Congress (July 2013 - 2016),https://ldr.senate.gov.ph/bills/senate-bill-no-1608-16th-congress-republic,AMENDING ART. 341 (WHITE SLAVE TRADE),"AN ACT DETERRING PROSTITUTION BY AMENDING ARTICLE 341 (WHITE SLAVE TRADE) OF THE REVISED PENAL CODE, INCREASING THE PENALTY OF IMPRISONMENT AND FINE, AND FOR OTHER PURPOSES","ESTRADA, JINGGOY E.","October 9, 2013",NATIONAL,REVISED PENAL CODE (R.A. NO. 3815) White slavery PROSTITUTION,JUSTICE AND HUMAN RIGHTS,PENDING IN THE COMMITTEE
Senate Bill No. 776,16th Congress (July 2013 - 2016),https://ldr.senate.gov.ph/bills/senate-bill-no-776-16th-congress-republic,MUNICIPAL PORTS ACT OF 2013,"AN ACT PROVIDING FOR THE DEVOLUTION OF THE CONTROL, MANAGEMENT AND OPERATION OF MUNICIPAL OR TERTIARY PORTS FROM THE PHILIPPINE PORTS AUTHORITY TO LOCAL GOVERNMENT UNITS, AND FOR OTHER PURPOSES","ESTRADA, JINGGOY E.","July 15, 2013",NATIONAL,PHILIPPINE PORTS AUTHORITY LOCAL GOVERNMENT UNITS (LGUs),PUBLIC SERVICES,PENDING IN THE COMMITTEE
Senate Bill No. 1054,16th Congress (July 2013 - 2016),https://ldr.senate.gov.ph/bills/senate-bill-no-1054-16th-congress-republic,COMPUTER AS PART OF THE ELEMENTARY AND HIGH SCHOOL CURRICULA,AN ACT TO INCLUDE THE TEACHING OF COMPUTER AS PART OF THE ELEMENTARY AND HIGH SCHOOL CURRICULA BOTH IN PUBLIC AND PRIVATE SCHOOLS,"ESTRADA, JINGGOY E.","July 23, 2013",NATIONAL,COMPUTER EDUCATION CURRICULUM,"EDUCATION, ARTS AND CULTURE",PENDING IN THE COMMITTEE
Senate Bill No. 1672,16th Congress (July 2013 - 2016),https://ldr.senate.gov.ph/bills/senate-bill-no-1672-16th-congress-republic,UNIVERSITY BELT AREAS IN MANILA AS DRUG-FREE AND CHILD PROTECTION ZONES,"AN ACT TO DECLARE THE UNIVERSITY BELT AREA IN MANILA AND ALL OTHER SCHOOL SITES OR CAMPUSES IN THE COUNTRY WHETHER PUBLIC OR PRIVATE AS DRUG-FREE AND CHILD PROTECTION ZONES, APPROPRIATING FUNDS THEREFOR AND FOR OTHER PURPOSES","ESTRADA, JINGGOY E.","September 16, 2013",NATIONAL,SCHOOL SITES/SCHOOL CAMPUS CHILDREN/CHILD CARE,"EDUCATION, ARTS AND CULTURE",PENDING IN THE COMMITTEE
Senate Bill No. 840,16th Congress (July 2013 - 2016),https://ldr.senate.gov.ph/bills/senate-bill-no-840-16th-congress-republic,INDIRECT EMPLOYERS IN JOB CONTRACTING,"AN ACT EXPANDING THE LIABILITIES OF INDIRECT EMPLOYERS IN JOB CONTRACTING, COVERING OTHER BENEFITS DUE THEIR EMPLOYEES, FOR THIS PURPOSE AMENDING ARTICLE 106 OF PRESIDENTIAL DECREE 442, AS AMENDED, OTHERWISE KNOWN AS THE LABOR CODE OF THE PHILIPPINES","EJERCITO, JOSEPH VICTOR G.","July 17, 2013",NATIONAL,JOB CONTRACTING LABOR CODE OF THE PHILIPPINES (P.D. NO. 442),"LABOR, EMPLOYMENT AND HUMAN RESOURCES DEVELOPMENT",PENDING IN THE COMMITTEE
Senate Bill No. 50,16th Congress (July 2013 - 2016),https://ldr.senate.gov.ph/bills/senate-bill-no-50-16th-congress-republic,ROAD SAFETY ACT,"AN ACT INSTITUTIONALIZING ROAD SAFETY MEASURES, AND FOR OTHER PURPOSES","REVILLA JR., RAMON BONG","January 7, 2013",NATIONAL,ROAD SAFETY,PUBLIC SERVICES,PENDING IN THE COMMITTEE
Senate Bill No. 247,16th Congress (July 2013 - 2016),https://ldr.senate.gov.ph/bills/senate-bill-no-247-16th-congress-republic,UNIFORMED PERSONNEL HEALTH AND WELLNESS DEVELOPMENT ACT OF 2013,AN ACT PROVIDING FOR PROGRAMS THAT PROMOTE THE WELFARE AND DEVELOPMENT OF THE PHILIPPINE NATIONAL POLICE (PNP) AND THE ARMED FORCES OF THE PHILIPPINES (AFP) PERSONNEL THROUGH THE ENHANCEMENT OF RECREATIONAL AND HEALTH FACILITIES IN THE POLICE AND MILITARY CAMPS AND PROVIDING FUNDS THEREFOR,"CAYETANO, ALAN PETER S.","January 7, 2013",NATIONAL,PHILIPPINE NATIONAL POLICE (PNP) ARMED FORCES OF THE PHILIPPINES (AFP),PUBLIC ORDER AND DANGEROUS DRUGS,PENDING IN THE COMMITTEE
Senate Bill No. 1237,16th Congress (July 2013 - 2016),https://ldr.senate.gov.ph/bills/senate-bill-no-1237-16th-congress-republic,PHILIPPINE NURSING PRACTICE REFORM ACT OF 2013,"AN ACT INSTITUTING REFORMS TO FURTHER PROTECT AND DEVELOP THE NURSING PROFESSION, REPEALING FOR THE PURPOSE REPUBLIC ACT NUMBERED NINETY-ONE HUNDRED AND SEVENTY-THREE, OTHERWISE KNOWN AS THE PHILIPPINE NURSING ACT OF 2002","Ferdinand ""Bongbong"" R. Marcos, Jr.","July 8, 2013",NATIONAL,NURSES,"CIVIL SERVICE, GOVERNMENT REORGANIZATION AND PROFESSIONAL REGULATION",CONSOLIDATED/SUBSTITUTED IN THE COMMITTEE REPORT
Senate Bill No. 1863,16th Congress (July 2013 - 2016),https://ldr.senate.gov.ph/bills/senate-bill-no-1863-16th-congress-republic,ANTI-RICE WASTAGE ACT OF 2013,"AN ACT PENALIZING THE PRACTICE OF RESTAURANTS, HOTELS, INNS, CANTEENS, STEAKHOUSES, EATERIES AND THE LIKE FROM REFUSING TO SERVE ORDER OF RICE FROM A CUSTOMER IF IT BE LESS THAN ONE (1) CUP, AND FOR OTHER PURPOSES","Ferdinand ""Bongbong"" R. Marcos, Jr.","October 16, 2013",NATIONAL,DEPARTMENT OF AGRICULTURE RICE WASTAGE,"TRADE, COMMERCE AND ENTREPRENEURSHIP",PENDING IN THE COMMITTEE
Senate Bill No. 291,16th Congress (July 2013 - 2016),https://ldr.senate.gov.ph/bills/senate-bill-no-291-16th-congress-republic,REAL PROPERTY VALUATION REFORM ACT OF 2013,"AN ACT INSTITUTING REFORMS IN REAL PROPERTY VALUATION IN THE PHILIPPINES, ESTABLISHING THE NATIONAL VALUATION AUTHORITY AND APPROPRIATING FUNDS THEREFOR","REVILLA JR., RAMON BONG","February 7, 2013",NATIONAL,NATIONAL VALUATION AUTHORITY REAL PROPERTY,WAYS AND MEANS,PENDING IN THE COMMITTEE
Senate Bill No. 1301,16th Congress (July 2013 - 2016),https://ldr.senate.gov.ph/bills/senate-bill-no-1301-16th-congress-republic,NATIONAL TEACHERS' ACT,AN ACT ESTABLISHING A TEACHER CORPS PROGRAM IN ORDER TO STRENGTHEN THE TEACHING PROFESSION,"ESTRADA, JINGGOY E.","August 15, 2013",NATIONAL,TEACHERS,"EDUCATION, ARTS AND CULTURE",PENDING IN THE COMMITTEE
Senate Bill No. 1927,16th Congress (July 2013 - 2016),https://ldr.senate.gov.ph/bills/senate-bill-no-1927-16th-congress-republic,WOMEN'S PROTECTION ACT,AN ACT GRANTING WOMEN THE RIGHT TO KNOW WORK CONDITIONS AFFECTING THEIR HEALTH,Miriam Defensor Santiago,"November 14, 2013",NATIONAL,WOMEN,"LABOR, EMPLOYMENT AND HUMAN RESOURCES DEVELOPMENT",PENDING IN THE COMMITTEE
Senate Bill No. 527,16th Congress (July 2013 - 2016),https://ldr.senate.gov.ph/bills/senate-bill-no-527-16th-congress-republic,CRIME OF SEXUAL HARASSMENT,"AN ACT EXPANDING THE COVERAGE OF THE DEFINITION OF THE CRIME OF SEXUAL HARASSMENT BY INCLUDING UNWANTED TEXT MESSAGES, ELECTRONIC MAIL OR COMMUNICATIONS ADOPTING SIMILAR MEANS, AMENDING FOR THIS PURPOSE REPUBLIC ACT NUMBERED SEVENTY EIGHT HUNDRED AND SEVENTY-SEVEN, OTHERWISE KNOWN AS THE SEXUAL HARASSMENT LAW","LEGARDA, LOREN B.","August 7, 2013",NATIONAL,SEXUAL HARASSMENT,PUBLIC SERVICES,PENDING IN THE COMMITTEE
Senate Bill No. 966,16th Congress (July 2013 - 2016),https://ldr.senate.gov.ph/bills/senate-bill-no-966-16th-congress-republic,ELECTORAL FRAUD,"AN ACT TO AMEND ARTICLE XXII, SECTION 261 (DD) OF BATAS PAMBANSA BLG. 881, OTHERWISE KNOWN AS THE OMNIBUS ELECTION CODE OF THE PHILIPPINES, AS AMENDED, TO INCLUDE OTHER FORMS OF ELECTORAL FRAUD, PRESCRIBING PENALTIES THEREFOR AND FOR OTHER PURPOSES","ESTRADA, JINGGOY E.","July 22, 2013",NATIONAL,OMNIBUS ELECTION CODE (BATAS PAMBANSA BLG. 881),ELECTORAL REFORMS AND PEOPLES PARTICIPATION,PENDING IN THE COMMITTEE
Senate Bill No. 1305,16th Congress (July 2013 - 2016),https://ldr.senate.gov.ph/bills/senate-bill-no-1305-16th-congress-republic,OBSTRUCTION OF APPREHENSION AND PROSECUTION OF CRIMINAL OFFENDERS,"AN ACT AMENDING PRESIDENTIAL DECREE NO. 1829, PENALIZING OBSTRUCTION OF APPREHENSION AND PROSECUTION OF CRIMINAL OFFENDERS","EJERCITO, JOSEPH VICTOR G.","August 15, 2013",NATIONAL,"OBSTRUCTION OF APPREHENSION, ETC. (P.D.NO. 1829)",JUSTICE AND HUMAN RIGHTS,PENDING IN THE COMMITTEE
Senate Bill No. 1931,16th Congress (July 2013 - 2016),https://ldr.senate.gov.ph/bills/senate-bill-no-1931-16th-congress-republic,DEVOLUTION OF REGISTRATION OF FISHING VESSELS,AN ACT DEVOLVING TO MUNICIPALITIES AND CITIES THE REGISTRATION OF FISHING VESSELS WITH A MAXIMUM GROSS WEIGHT OF THREE (3) TONS OR LESS,"EJERCITO, JOSEPH VICTOR G.","November 18, 2013",NATIONAL,FISHING VESSELS,PUBLIC SERVICES,PENDING IN THE COMMITTEE
Senate Bill No. 346,16th Congress (July 2013 - 2016),https://ldr.senate.gov.ph/bills/senate-bill-no-346-16th-congress-republic,"LOCAL GOVERNMENT CODE (SEC. 293, R.A. NO. 7160)","AN ACT PROVIDING FOR THE DIRECT REMITTANCE TO THE HOST LOCAL GOVERNMENT UNIT OF ITS FORTY PERCENT (40%) SHARE OF THE GROSS COLLECTION DERIVED BY THE NATIONAL GOVERNMENT FROM NATIONAL WEALTH TAXES, AMENDING FOR THE PURPOSE SECTION 293 OF REPUBLIC ACT NO. 7160, OTHERWISE KNOWN AS THE LOCAL GOVERNMENT CODE OF 1991","LEGARDA, LOREN B.","March 7, 2013",NATIONAL,LOCAL GOVERNMENT CODE (R.A. NO. 7160) NATIONAL WEALTH,LOCAL GOVERNMENT,PENDING IN THE COMMITTEE
Senate Bill No. 969,16th Congress (July 2013 - 2016),https://ldr.senate.gov.ph/bills/senate-bill-no-969-16th-congress-republic,BALIK SCIENTIST PROGRAM OF 2013,"AN ACT PROVIDING FOR THE ESTABLISHMENT OF A BALIK SCIENTIST PROGRAM, APPROPRIATING FUNDS THEREFOR, AND FOR OTHER PURPOSES","ESTRADA, JINGGOY E.","July 22, 2013",NATIONAL,BALIK SCIENTIST PROGRAM,SCIENCE AND TECHNOLOGY,PENDING IN THE COMMITTEE
Senate Bill No. 459,16th Congress (July 2013 - 2016),https://ldr.senate.gov.ph/bills/senate-bill-no-459-16th-congress-republic,BUILD-OPERATE-TRANSFER (BOT),"AN ACT ENCOURAGING MORE PUBLIC-PRIVATE PARTNERSHIP (PPP) PROJECTS, CREATING THE PUBLIC-PRIVATE (PPP) GUARANTY FUND, AND FOR OTHER PURPOSES, THEREBY AMENDING REPUBLIC ACT NO. 6957, AS AMENDED BY REPUBLIC ACT NO. 7718, OTHERWISE KNOWN AS THE 'BUILD-OPERATE-TRANSFER' (BOT) LAW",Ralph G. Recto,"April 7, 2013",NATIONAL,INFRASTUCTURES,PUBLIC WORKS,CONSOLIDATED/SUBSTITUTED IN THE COMMITTEE REPORT
Senate Bill No. 1623,16th Congress (July 2013 - 2016),https://ldr.senate.gov.ph/bills/senate-bill-no-1623-16th-congress-republic,BEST PRACTICES AGAINST TRAFFICKING IN PERSONS ACT,AN ACT PROVIDING FOR BEST PRACTICES GUIDELINES IN THE EFFORTS AGAINST TRAFFICKING IN PERSONS,Miriam Defensor Santiago,"October 9, 2013",NATIONAL,ANTI-TRAFFICKING,JUSTICE AND HUMAN RIGHTS,PENDING IN THE COMMITTEE
Senate Bill No. 1062,16th Congress (July 2013 - 2016),https://ldr.senate.gov.ph/bills/senate-bill-no-1062-16th-congress-republic,"LABOR CODE (ARTICLE 287, P.D. 442)","AN ACT AMENDING ARTICLE 287 OF PRESIDENTIAL DECREE NO. 442, AS AMENDED, OTHERWISE KNOWN AS THE LABOR CODE OF THE PHILIPPINES, BY PROVIDING AN EARLIER AGE OF RETIREMENT FOR CERTAIN CLASSES OF EMPLOYEES","ESTRADA, JINGGOY E.","July 23, 2013",NATIONAL,LABOR CODE OF THE PHILIPPINES (P.D. NO. 442) RETIREMENT AGE,"LABOR, EMPLOYMENT AND HUMAN RESOURCES DEVELOPMENT",CONSOLIDATED/SUBSTITUTED IN THE COMMITTEE REPORT
Senate Bill No. 1687,16th Congress (July 2013 - 2016),https://ldr.senate.gov.ph/bills/senate-bill-no-1687-16th-congress-republic,NUTRITION AND HEALTH ACT,AN ACT TO ESTABLISH WITHIN THE DEPARTMENT OF HEALTH A PERMANENT COUNCIL ON NUTRITION AND HEALTH,"ESTRADA, JINGGOY E.","September 16, 2013",NATIONAL,nutrition DEPARTMENT OF HEALTH (DOH),HEALTH AND DEMOGRAPHY,PENDING IN THE COMMITTEE
Senate Bill No. 132,16th Congress (July 2013 - 2016),https://ldr.senate.gov.ph/bills/senate-bill-no-132-16th-congress-republic,"INCREASING THE P.E.R.A. FROM PHP2,000.00 TO PHP4,000.00",AN ACT INCREASING THE PERSONNEL ECONOMIC RELIEF ALLOWANCES GRANTED TO GOVERNMENT EMPLOYEES TO FOUR THOUSAND PESOS AND APPROPRIATING FUNDS THEREFOR,"ESTRADA, JINGGOY E.","January 7, 2013",NATIONAL,PERSONNEL ECONOMIC RELIEF ALLOWANCE (PERA),"CIVIL SERVICE, GOVERNMENT REORGANIZATION AND PROFESSIONAL REGULATION",PENDING IN THE COMMITTEE
Senate Bill No. 753,16th Congress (July 2013 - 2016),https://ldr.senate.gov.ph/bills/senate-bill-no-753-16th-congress-republic,SPECIAL AND INDEPENDENT PROSECUTOR ACT OF 2013,"AN ACT TO STRENGTHEN PUBLIC TRUST AND ACCOUNTABILITY BY ENSURING IMPARTIALITY IN THE INVESTIGATION AND PROSECUTION OF CERTAIN CASES INVOLVING IMPEACHABLE PUBLIC OFFICIALS AND THEIR RELATIVES WITHIN THE 6TH CIVIL DEGREE OF CONSANGUINITY OR AFFINITY, MANDATING FOR THE PURPOSE THE APPOINTMENT OF THE SPECIAL AND INDEPENDENT PROSECUTOR, AND FOR OTHER PURPOSES","ESTRADA, JINGGOY E.","July 15, 2013",NATIONAL,GOVERNMENT OFFICIAL/PUBLIC OFFICIAL PROSECUTOR,JUSTICE AND HUMAN RIGHTS,PENDING IN THE COMMITTEE
Senate Bill No. 189,16th Congress (July 2013 - 2016),https://ldr.senate.gov.ph/bills/senate-bill-no-189-16th-congress-republic,WHISTLEBLOWERS' PROTECTION ACT,AN ACT PROVIDING FOR THE PROTECTION OF WHISTLEBLOWERS,Miriam Defensor Santiago,"January 7, 2013",NATIONAL,WHISTLEBLOWERS,JUSTICE AND HUMAN RIGHTS,PENDING IN THE COMMITTEE
Senate Bill No. 1380,16th Congress (July 2013 - 2016),https://ldr.senate.gov.ph/bills/senate-bill-no-1380-16th-congress-republic,"DOMESTIC SHIPPING DEVELOPMENT ACT, INSURANCE COVERAGE FOR PASSENGERS","AN ACT AMENDING CHAPTER V, SECTION 14 OF REPUBLIC ACT NO. 9295, OTHERWISE KNOWN AS 'THE DOMESTIC SHIPPING DEVELOPMENT ACT OF 2004'","ESTRADA, JINGGOY E.","August 28, 2013",NATIONAL,DOMESTIC SHIPPING INSURANCE,"TRADE, COMMERCE AND ENTREPRENEURSHIP",CONSOLIDATED/SUBSTITUTED IN THE COMMITTEE REPORT
Senate Bill No. 817,16th Congress (July 2013 - 2016),https://ldr.senate.gov.ph/bills/senate-bill-no-817-16th-congress-republic,PUBLIC SERVICE BROADCAST SYSTEM ACT OF 2013,"AN ACT ESTABLISHING AN INDEPENDENT BROADCAST SYSTEM IN THE COUNTRY, PROVIDING FUNDS THEREFOR, AND FOR OTHER PURPOSES",Antonio F. Trillanes IV,"July 16, 2013",NATIONAL,BROADCAST MEDIA/BROADCASTING SYSTEM,PUBLIC INFORMATION AND MASS MEDIA,PENDING IN THE COMMITTEE
Senate Bill No. 2005,16th Congress (July 2013 - 2016),https://ldr.senate.gov.ph/bills/senate-bill-no-2005-16th-congress-republic,KASAMBAHAY EMPOWERMENT ACT OF 2013,"AN ACT STRENGTHENING THE RIGHTS OF DOMESTIC WORKERS TO ACCESS TO EDUCATION AND TRAINING, AND OTHER FORMS OF ADVANCEMENT, BY GRANTING EMPLOYERS TAX INCENTIVES, AND FOR OTHER PURPOSES","BINAY, MARIA LOURDES NANCY S.","September 12, 2013",NATIONAL,HOUSEHOLD HELPERS,"LABOR, EMPLOYMENT AND HUMAN RESOURCES DEVELOPMENT",PENDING IN THE COMMITTEE
Senate Bill No. 1443,16th Congress (July 2013 - 2016),https://ldr.senate.gov.ph/bills/senate-bill-no-1443-16th-congress-republic,SCLERODERMA RESEARCH AND AWARENESS ACT,AN ACT EXPANDING THE RESEARCH AND AWARENESS ON SCLERODERMA OF THE DEPARTMENT OF HEALTH,Miriam Defensor Santiago,"August 29, 2013",NATIONAL,DEPARTMENT OF HEALTH (DOH) SCLERODERMA,HEALTH AND DEMOGRAPHY,PENDING IN THE COMMITTEE
Senate Bill No. 508,16th Congress (July 2013 - 2016),https://ldr.senate.gov.ph/bills/senate-bill-no-508-16th-congress-republic,NATIONAL STUDENT LOAN PROGRAM ACT OF 2013,"AN ACT CREATING A NATIONAL STUDENT LOAN BOARD TO IMPLEMENT A NATIONAL STUDENT LOAN PROGRAM FOR POST SECONDARY AND TERTIARY EDUCATION, APPROPRIATING FUNDS THEREFOR, AND FOR OTHER PURPOSES","VILLAR, CYNTHIA A.","August 7, 2013",NATIONAL,STUDENT LOAN PROGRAM,"EDUCATION, ARTS AND CULTURE",CONSOLIDATED/SUBSTITUTED IN THE COMMITTEE REPORT
Senate Bill No. 1138,16th Congress (July 2013 - 2016),https://ldr.senate.gov.ph/bills/senate-bill-no-1138-16th-congress-republic,WAR PROFITEERING PREVENTION ACT,"AN ACT TO PROHIBIT PROFITEERING AND FRAUD RELATING TO MILITARY ACTION, RELIEF, AND RECONSTRUCTION EFFORTS, AND FOR OTHER PURPOSES",Miriam Defensor Santiago,"July 29, 2013",NATIONAL,WAR PROFITEERING PREVENTION,NATIONAL DEFENSE AND SECURITY,PENDING IN THE COMMITTEE
Senate Bill No. 552,16th Congress (July 2013 - 2016),https://ldr.senate.gov.ph/bills/senate-bill-no-552-16th-congress-republic,NATIONAL EMPLOYMENT ASSISTANCE CENTER OF THE PHILIPPINES,AN ACT ESTABLISHING THE NATIONAL EMPLOYMENT ASSISTANCE CENTER OF THE PHILIPPINES AND APPROPRIATING FUNDS THEREFOR,"ESTRADA, JINGGOY E.","August 7, 2013",NATIONAL,NATIONAL EMPLOYMENT ASSISTANCE CENTER,"LABOR, EMPLOYMENT AND HUMAN RESOURCES DEVELOPMENT",PENDING IN THE COMMITTEE
Senate Bill No. 1761,16th Congress (July 2013 - 2016),https://ldr.senate.gov.ph/bills/senate-bill-no-1761-16th-congress-republic,PARENTS AS PARTNERS IN LEARNING ACT,AN ACT ESTABLISHING A 'PARENTS AS PARTNERS IN LEARNING' PROGRAM,Miriam Defensor Santiago,"February 10, 2013",NATIONAL,parents,"EDUCATION, ARTS AND CULTURE",PENDING IN THE COMMITTEE
Senate Bill No. 1199,16th Congress (July 2013 - 2016),https://ldr.senate.gov.ph/bills/senate-bill-no-1199-16th-congress-republic,PROHIBITING UNATTENDED CHILDREN IN MOTOR VEHICLES,AN ACT PROHIBITING UNATTENDED CHILDREN IN MOTOR VEHICLES,Miriam Defensor Santiago,"January 8, 2013",NATIONAL,Motor Vehicles CHILDREN/CHILD CARE,PUBLIC SERVICES,PENDING IN THE COMMITTEE
Senate Bill No. 1825,16th Congress (July 2013 - 2016),https://ldr.senate.gov.ph/bills/senate-bill-no-1825-16th-congress-republic,GAMBLING AND/OR BETTING,AN ACT AMENDING PRESIDENTIAL DECREE NO. 1602 TO PROVIDE FOR STIFFER PENALTIES FOR GAMBLING AND/OR BETTING,Miriam Defensor Santiago,"March 10, 2013",NATIONAL,GAMBLING,"GAMES, AMUSEMENT AND SPORTS",PENDING IN THE COMMITTEE
Senate Bill No. 261,16th Congress (July 2013 - 2016),https://ldr.senate.gov.ph/bills/senate-bill-no-261-16th-congress-republic,MILITARY DEPENDENT'S BENEFITS ACT OF 2013,"AN ACT PROVIDING FOR BENEFITS TO MILITARY DEPENDENTS, CREATING THE MILITARY DEPENDENTS WELFARE OFFICE, APPROPRIATING FUNDS THEREFOR AND FOR OTHER PURPOSES","ANGARA, SONNY","February 7, 2013",NATIONAL,MILITARY DEPENDENTS BENEFITS ARMED FORCES OF THE PHILIPPINES (AFP),NATIONAL DEFENSE AND SECURITY,PENDING IN THE COMMITTEE
Senate Bill No. 891,16th Congress (July 2013 - 2016),https://ldr.senate.gov.ph/bills/senate-bill-no-891-16th-congress-republic,MEDICAL RESEARCH FACILITY,"AN ACT ESTABLISHING A MEDICAL RESEARCH FACILITY TO SEARCH FOR VACCINES FOR DENGUE, MALARIA, YELLOW FEVER AND OTHER LOCAL VIRUS OR BACTERIA-BASED DISEASES AND FOR OTHER PURPOSES","ESTRADA, JINGGOY E.","July 17, 2013",NATIONAL,MEDICAL RESEARCH FACILITY DEPARTMENT OF HEALTH (DOH) DENGUE,HEALTH AND DEMOGRAPHY,PENDING IN THE COMMITTEE
Senate Bill No. 324,16th Congress (July 2013 - 2016),https://ldr.senate.gov.ph/bills/senate-bill-no-324-16th-congress-republic,EL NIDO-TAYTAY MANAGED RESOURCE PROTECTED AREA (ENTMRPA) ACT OF 2013,"AN ACT ESTABLISHING THE EL NIDO-TAYTAY MANAGED RESOURCE PROTECTED AREA LOCATED IN THE MUNICIPALITIES OF EL NIDO AND TAYTAY, PROVINCE OF PALAWAN, AS A PROTECTED AREA UNDER THE CATEGORY OF PROTECTED LANDSCAPE PROVIDING FOR ITS MANAGEMENT AND FOR OTHER PURPOSES","CAYETANO, PIA S.","March 7, 2013",NATIONAL,PROTECTED AREA/PROTECTED LANDSCAPE,ENVIRONMENT AND NATURAL RESOURCES,CONSOLIDATED/SUBSTITUTED IN THE COMMITTEE REPORT
Senate Bill No. 1517,16th Congress (July 2013 - 2016),https://ldr.senate.gov.ph/bills/senate-bill-no-1517-16th-congress-republic,NO PNP CHIEF SHALL BE APPOINTED IMMEDIATELY AS DILG SECRETARY,"AN ACT AMENDING SECTION 26 OF REPUBLIC ACT NO. 6975, AS AMENDED, OTHERWISE KNOWN AS THE DEPARTMENT OF INTERIOR AND LOCAL GOVERNMENT ACT OF 1990","ESTRADA, JINGGOY E.","April 9, 2013",NATIONAL,DEPARTMENT OF THE INTERIOR AND LOCAL GOVERNMENT (DILG) PHILIPPINE NATIONAL POLICE (PNP),PUBLIC ORDER AND DANGEROUS DRUGS,PENDING IN THE COMMITTEE
Senate Bill No. 955,16th Congress (July 2013 - 2016),https://ldr.senate.gov.ph/bills/senate-bill-no-955-16th-congress-republic,PAGASA MODERNIZATION ACT OF 2013,"AN ACT PROVIDING FOR THE MODERNIZATION OF THE PHILIPPINE ATMOSPHERIC GEOPHYSICAL AND ASTRONOMICAL SERVICES ADMINISTRATION (PAGASA), PROVIDING FUNDS THEREFOR AND FOR OTHER PURPOSES","REVILLA JR., RAMON BONG","July 18, 2013",NATIONAL,"PAGASA (PHILIPPINE ATMOSPHERIC, GEOPHYSICAL AND ASTRONOMICAL SERVICES ADMINISTRATION)",SCIENCE AND TECHNOLOGY,CONSOLIDATED/SUBSTITUTED IN THE COMMITTEE REPORT
Senate Bill No. 1581,16th Congress (July 2013 - 2016),https://ldr.senate.gov.ph/bills/senate-bill-no-1581-16th-congress-republic,LAKE LANAO DEVELOPMENT AUTHORITY ACT OF 2013,"AN ACT CREATING THE LAKE LANAO DEVELOPMENT AUTHORITY, DEFINING ITS POWERS, FUNCTIONS, AND DUTIES, AND APPROPRIATING FUNDS THEREFOR","LAPID, MANUEL ""LITO"" M.","May 9, 2013",NATIONAL,LAKE LANAO DEVELOPMENT AUTHORITY,GOVERNMENT CORPORATIONS AND PUBLIC ENTERPRISES,PENDING IN THE COMMITTEE
Senate Bill No. 21,16th Congress (July 2013 - 2016),https://ldr.senate.gov.ph/bills/senate-bill-no-21-16th-congress-republic,MAGNA CARTA FOR FILIPINO SEAFARERS,AN ACT INSTITUTING THE MAGNA CARTA OF FILIPINO SEAFARERS,"ESTRADA, JINGGOY E.","January 7, 2013",NATIONAL,MAGNA CARTA OF FILIPINO SEAFARERS,"LABOR, EMPLOYMENT AND HUMAN RESOURCES DEVELOPMENT","PENDING SECOND READING, SPECIAL ORDER"
Senate Bill No. 112,16th Congress (July 2013 - 2016),https://ldr.senate.gov.ph/bills/senate-bill-no-112-16th-congress-republic,THE NATIONAL SEEDS PRODUCTION ACT OF 2013,"AN ACT ESTABLISHING A CONTINUING NATIONAL PROGRAM FOR HYBRID AND OTHER QUALITY SEEDS PRODUCTION AND PROVIDING FUNDS THEREFOR, AND FOR OTHER PURPOSES","Ferdinand ""Bongbong"" R. Marcos, Jr.","January 7, 2013",NATIONAL,SEEDS INDUSTRY,AGRICULTURE AND FOOD,PENDING IN THE COMMITTEE
Senate Bill No. 649,16th Congress (July 2013 - 2016),https://ldr.senate.gov.ph/bills/senate-bill-no-649-16th-congress-republic,DEPARTMENT OF SPORTS ACT OF 2013,"AN ACT CREATING THE DEPARTMENT OF SPORTS, DEFINING ITS POWERS AND FUNCTIONS, APPROPRIATING FUNDS THEREFOR, AND FOR OTHER PURPOSES",Antonio F. Trillanes IV,"August 7, 2013",NATIONAL,SPORTS DEVELOPMENT PROGRAM,"GAMES, AMUSEMENT AND SPORTS",PENDING IN THE COMMITTEE
Senate Bill No. 1835,16th Congress (July 2013 - 2016),https://ldr.senate.gov.ph/bills/senate-bill-no-1835-16th-congress-republic,ADDITIONAL LEAVES FOR VICTIMS OF DOMESTIC VIOLENCE ACT OF 2013,"AN ACT GRANTING ADDITIONAL LEAVES FOR VICTIMS OF DOMESTIC VIOLENCE, PROVIDING PARAMETERS THEREFOR, AND AMENDING FOR SUCH PURPOSE REPUBLIC ACT NO. 9262, OTHERWISE KNOWN AS THE ANTI-VIOLENCE AGAINST WOMEN AND CHILDREN ACT","LAPID, MANUEL ""LITO"" M.","October 14, 2013",NATIONAL,DOMESTIC VIOLENCE VIOLENCE AGAINST WOMEN LEAVE OF ABSENCE,"CIVIL SERVICE, GOVERNMENT REORGANIZATION AND PROFESSIONAL REGULATION",PENDING IN THE COMMITTEE
Senate Bill No. 1268,16th Congress (July 2013 - 2016),https://ldr.senate.gov.ph/bills/senate-bill-no-1268-16th-congress-republic,LABOR EDUCATION ACT OF 2013,AN ACT INTEGRATING LABOR EDUCATION INTO SOCIAL SCIENCE SUBJECTS IN THE TERTIARY EDUCATION CURRICULUM,"LAPID, MANUEL ""LITO"" M.","August 13, 2013",NATIONAL,LABOR EDUCATION CURRICULUM,"EDUCATION, ARTS AND CULTURE",PENDING IN THE COMMITTEE
Senate Bill No. 683,16th Congress (July 2013 - 2016),https://ldr.senate.gov.ph/bills/senate-bill-no-683-16th-congress-republic,UNIVERSALLY ACCESSIBLE CHEAPER AND QUALITY MEDICINES ACT,AN ACT AMENDING CERTAIN SECTIONS OF REPUBLIC ACT NO. 9502 OTHERWISE KNOWN AS THE 'UNIVERSALLY ACCESSIBLE CHEAPER AND QUALITY MEDICINES ACT OF 2008' AND FOR OTHER PURPOSES,"LEGARDA, LOREN B.","September 7, 2013",NATIONAL,MEDICINES/DRUGS CHEAPER MEDICINES,"TRADE, COMMERCE AND ENTREPRENEURSHIP",PENDING IN THE COMMITTEE
Senate Bill No. 1899,16th Congress (July 2013 - 2016),https://ldr.senate.gov.ph/bills/senate-bill-no-1899-16th-congress-republic,BAYBAYIN ACT OF 2013,"AN ACT INSTITUTIONALIZING THE USE OF BAYBAYIN IN ALL OFFICIAL LOGOS OF ALL GOVERNMENT AGENCIES, DEPARTMENTS AND OFFICES","LEGARDA, LOREN B.","April 11, 2013",NATIONAL,GOVERNMENT AGENCIES BAYBAYIN ACT,"EDUCATION, ARTS AND CULTURE",PENDING IN THE COMMITTEE
Senate Bill No. 1337,16th Congress (July 2013 - 2016),https://ldr.senate.gov.ph/bills/senate-bill-no-1337-16th-congress-republic,BRIDGES FROM JOBS TO CAREERS ACT,"AN ACT PROVIDING GRANTS TO COLLEGES AND UNIVERSITIES TO IMPROVE REMEDIAL EDUCATION, TO CUSTOMIZE REMEDIATION TO STUDENT CAREER GOALS, AND TO HELP STUDENTS MOVE RAPIDLY FROM REMEDIATION INTO FOR-CREDIT OCCUPATION PROGRAM COURSES AND PROGRAM COMPLETION",Miriam Defensor Santiago,"August 22, 2013",NATIONAL,STUDENTS JOBS,"EDUCATION, ARTS AND CULTURE",PENDING IN THE COMMITTEE
Senate Bill No. 402,16th Congress (July 2013 - 2016),https://ldr.senate.gov.ph/bills/senate-bill-no-402-16th-congress-republic,FAMILY LEAVE ACT,AN ACT GRANTING FAMILY LEAVE TO ELIGIBLE EMPLOYEES,Miriam Defensor Santiago,"March 7, 2013",NATIONAL,LEAVE OF ABSENCE (FAMILY/MEDICAL LEAVE),"LABOR, EMPLOYMENT AND HUMAN RESOURCES DEVELOPMENT",PENDING IN THE COMMITTEE
Senate Bill No. 1591,16th Congress (July 2013 - 2016),https://ldr.senate.gov.ph/bills/senate-bill-no-1591-16th-congress-republic,"AMENDING SEC. 285, GOVERNMENT UNITS RE-ALLOCATION OF THE IRA OF LGUS","AN ACT AMENDING SECTION 285 OF REPUBLIC ACT NO. 7160 OTHERWISE KNOWN AS THE LOCAL GOVERNMENT CODE OF 1991, PROVIDING FOR GOVERNMENT UNITS RE-ALLOCATION OF THE INTERNAL REVENUE ALLOTMENT OF LOCAL GOVERNMENT UNITS","ESTRADA, JINGGOY E.","October 9, 2013",NATIONAL,INTERNAL REVENUE ALLOTMENT (LOCAL GOVERNMENT UNITS) LOCAL GOVERNMENT CODE (R.A. NO. 7160) LOCAL GOVERNMENT UNITS (LGUs),LOCAL GOVERNMENT,PENDING IN THE COMMITTEE
Senate Bill No. 997,16th Congress (July 2013 - 2016),https://ldr.senate.gov.ph/bills/senate-bill-no-997-16th-congress-republic,PHILIPPINE MANGO ACT OF 2013,"AN ACT TO PROMOTE AND DEVELOP THE PHILIPPINE MANGO INDUSTRY, CREATING FOR THIS PURPOSE THE PHILIPPINE MANGO INDUSTRY DEVELOPMENT BOARD, APPROPRIATING FUNDS THEREFOR, AND FOR OTHER PURPOSES",Antonio F. Trillanes IV,"July 22, 2013",NATIONAL,PHILIPPINE MANGO INDUSTRY,AGRICULTURE AND FOOD,PENDING IN THE COMMITTEE
Senate Bill No. 473,16th Congress (July 2013 - 2016),https://ldr.senate.gov.ph/bills/senate-bill-no-473-16th-congress-republic,COMPETITION POLICY ACT OF 2013,"AN ACT TO IMPLEMENT THE COMPETITION POLICY UNDER THE CONSTITUTION, STRENGTHEN THE PROHIBITION AGAINST ABUSE OF MONOPOLY POWER OR DOMINANT POSITION, PREVENT CARTELS, COMBINATIONS IN RESTRAINT OF TRADE AND OTHER ANTI-COMPETITIVE PRACTICES AND CONDUCT, AND FOR OTHER PURPOSES","Teofisto ""TG"" D. Guingona III","April 7, 2013",NATIONAL,COMPETITION ACT MONOPOLY/MONOPOLIES/CARTEL,"TRADE, COMMERCE AND ENTREPRENEURSHIP",CONSOLIDATED/SUBSTITUTED IN THE COMMITTEE REPORT
Senate Bill No. 1655,16th Congress (July 2013 - 2016),https://ldr.senate.gov.ph/bills/senate-bill-no-1655-16th-congress-republic,PUNISHING PERSONS WHO ENGAGE IN THE PROMOTION AND FACILITATION OF PROSTITUTION,"AN ACT PUNISHING ANY PERSON WHO SHALL PROMOTE, FACILITATE, INDUCE ANOTHER TO ENGAGE IN THE ACT OF PROSTITUTION AND PUNISHING ANY PERSON WHO SHALL DERIVE MONEY OR PROFIT FROM PROSTITUTION, PROVIDING PENALTIES THEREFOR, AND FOR OTHER PURPOSES","BINAY, MARIA LOURDES NANCY S.","November 9, 2013",NATIONAL,PROSTITUTION,JUSTICE AND HUMAN RIGHTS,PENDING IN THE COMMITTEE
Senate Bill No. 1093,16th Congress (July 2013 - 2016),https://ldr.senate.gov.ph/bills/senate-bill-no-1093-16th-congress-republic,FOREST RESOURCES ACT OF 2013,"AN ACT TO PROTECT, CONSERVE, UTILIZE, DEVELOP AND SUSTAINABLY MANAGE FOREST RESOURCES AND FOR OTHER PURPOSES","Teofisto ""TG"" D. Guingona III","July 24, 2013",NATIONAL,FOREST LAND REHABILITATION,ENVIRONMENT AND NATURAL RESOURCES,PENDING IN THE COMMITTEE
Senate Bill No. 157,16th Congress (July 2013 - 2016),https://ldr.senate.gov.ph/bills/senate-bill-no-157-16th-congress-republic,LA MESA WATERSHED RESERVATION ACT OF 2013,"AN ACT ESTABLISHING THE LA MESA WATERSHED IN THE CITIES OF QUEZON AND CALOOCAN AND IN THE MUNICIPALITY OF RODRIGUEZ, PROVINCE OF RIZAL AS A WATERSHED RESERVATION AND FOR OTHER PURPOSES","CAYETANO, PIA S.","January 7, 2013",NATIONAL,LA MESA WATERSHED,ENVIRONMENT AND NATURAL RESOURCES,PENDING IN THE COMMITTEE
Senate Bill No. 1347,16th Congress (July 2013 - 2016),https://ldr.senate.gov.ph/bills/senate-bill-no-1347-16th-congress-republic,HIGH INTENSITY DISCHARGE HEADLAMPS REGULATION ACT,AN ACT REGULATING THE USE OF HIGH INTENSITY DISCHARGE HEADLAMPS IN MOTOR VEHICLES,Miriam Defensor Santiago,"August 22, 2013",NATIONAL,Motor Vehicles,PUBLIC SERVICES,PENDING IN THE COMMITTEE
Senate Bill No. 785,16th Congress (July 2013 - 2016),https://ldr.senate.gov.ph/bills/senate-bill-no-785-16th-congress-republic,EDUCATIONAL LOAN PROGRAM,"AN ACT PROVIDING GREATER ACCESS TO POST-SECONDARY EDUCATION BY ESTABLISHING AN EDUCATIONAL LOAN PROGRAM, AMENDING FOR THE PURPOSE EXECUTIVE ORDER NO. 81, OTHERWISE KNOWN AS 'THE 1986 REVISED CHARTER OF THE DEVELOPMENT BANK OF THE PHILIPPINES,' AS AMENDED",Ralph G. Recto,"July 16, 2013",NATIONAL,DEVELOPMENT BANK OF THE PHILIPPINES (DBP),GOVERNMENT CORPORATIONS AND PUBLIC ENTERPRISES,PENDING IN THE COMMITTEE
Senate Bill No. 1973,16th Congress (July 2013 - 2016),https://ldr.senate.gov.ph/bills/senate-bill-no-1973-16th-congress-republic,NLRC FRANKING PRIVILEGE ACT,AN ACT GRANTING FRANKING PRIVILEGE TO THE NATIONAL LABOR RELATIONS COMMISSION AND FOR OTHER PURPOSES,"ESTRADA, JINGGOY E.","November 27, 2013",NATIONAL,NATIONAL LABOR RELATIONS COMMISSION (NLRC) FRANKING PRIVILEGE,PUBLIC SERVICES,PENDING IN THE COMMITTEE
Senate Bill No. 223,16th Congress (July 2013 - 2016),https://ldr.senate.gov.ph/bills/senate-bill-no-223-16th-congress-republic,BARANGAY HEALTH WORKERS ACT OF 2013,"AN ACT MANDATING THE APPOINTMENT OF BARANGAY HEALTH WORKERS IN EVERY BARANGAY, AMENDING FOR THE PURPOSE REPUBLIC ACT 7160 OTHERWISE KNOWN AS THE LOCAL GOVERNMENT CODE, FURTHER EXPANDING THE BENEFITS OF BARANGAY OFFICIALS AND FOR OTHER PURPOSES","EJERCITO, JOSEPH VICTOR G.","January 7, 2013",NATIONAL,BARANGAY HEALTH WORKER,HEALTH AND DEMOGRAPHY,PENDING IN THE COMMITTEE
Senate Bill No. 1411,16th Congress (July 2013 - 2016),https://ldr.senate.gov.ph/bills/senate-bill-no-1411-16th-congress-republic,INFANT PROTECTION AND BABY SWITCHING PREVENTION ACT,"AN ACT TO REQUIRE HOSPITALS TO ESTABLISH AND IMPLEMENT SECURITY PROCEDURES TO REDUCE THE LIKELIHOOD OF INFANT PATIENT ABDUCTION AND BABY SWITCHING, INCLUDING PROCEDURES FOR IDENTIFYING ALL INFANT PATIENTS IN THE HOSPITAL IN A MANNER THAT ENSURES IT WILL BE EVIDENT IF INFANTS ARE MISSING FROM THE HOSPITAL","ESTRADA, JINGGOY E.","August 29, 2013",NATIONAL,INFANT PATIENT ABDUCTION/BABY SWITCHING,HEALTH AND DEMOGRAPHY,PENDING IN THE COMMITTEE
Senate Bill No. 849,16th Congress (July 2013 - 2016),https://ldr.senate.gov.ph/bills/senate-bill-no-849-16th-congress-republic,PHILIPPINE NAVAL ACADEMY,"AN ACT ESTABLISHING THE PHILIPPINE NAVAL ACADEMY, APPROPRIATING FUNDS THEREFOR AND FOR OTHER PURPOSES","ESTRADA, JINGGOY E.","July 17, 2013",NATIONAL,PHILIPPINE NAVAL ACADEMY,NATIONAL DEFENSE AND SECURITY,PENDING IN THE COMMITTEE
Senate Bill No. 2037,16th Congress (July 2013 - 2016),https://ldr.senate.gov.ph/bills/senate-bill-no-2037-16th-congress-republic,CENSUS OF FILIPINOS ABROAD ACT,AN ACT TO PROVIDE FOR AN INTERIM CENSUS OF FILIPINOS RESIDING ABROAD AND TO REQUIRE THAT SUCH INDIVIDUALS BE INCLUDED IN REGULAR CENSUSES,"ESTRADA, JINGGOY E.","November 12, 2013",NATIONAL,CENSUS National Statistics Office (NSO),HEALTH AND DEMOGRAPHY,PENDING IN THE COMMITTEE
Senate Bill No. 1104,16th Congress (July 2013 - 2016),https://ldr.senate.gov.ph/bills/senate-bill-no-1104-16th-congress-republic,DEPARTMENT OF HOUSING AND URBAN DEVELOPMENT ACT OF 2013,"AN ACT CREATING THE DEPARTMENT OF HOUSING AND URBAN DEVELOPMENT (DHUD), DEFINING ITS MANDATES, POWERS, AND FUNCTIONS, PROVIDING FUNDS THEREFOR AND FOR OTHER PURPOSES","LEGARDA, LOREN B.","July 25, 2013",NATIONAL,DEPARTMENT OF HOUSING AND URBAN DEVELOPMENT,"URBAN PLANNING, HOUSING AND RESETTLEMENT",CONSOLIDATED/SUBSTITUTED IN THE COMMITTEE REPORT
Senate Bill No. 773,16th Congress (July 2013 - 2016),https://ldr.senate.gov.ph/bills/senate-bill-no-773-16th-congress-republic,PSYCHOLOGICAL INCAPACITY AS A GROUND FOR ANNULMENT,"AN ACT DEFINING CERTAIN INDICATIONS OF PSYCHOLOGICAL INCAPACITY AS A GROUND FOR THE DECLARATION OF NULLITY OF MARRIAGE, AMENDING ARTICLE 36 OF EXECUTIVE ORDER NO. 209, AS AMENDED, OTHERWISE KNOWN AS THE FAMILY CODE OF THE PHILIPPINES","ESTRADA, JINGGOY E.","July 15, 2013",NATIONAL,FAMILY CODE (E.O. NO. 209) PSYCHOLOGICAL INCAPACITY,"WOMEN, CHILDREN, FAMILY RELATIONS AND GENDER EQUALITY",PENDING IN THE COMMITTEE
Senate Bill No. 1961,16th Congress (July 2013 - 2016),https://ldr.senate.gov.ph/bills/senate-bill-no-1961-16th-congress-republic,REVIVING THE PHILIPPINE MOVIE INDUSTRY,"AN ACT REVIVING THE PHILIPPINE MOVIE INDUSTRY BY PROVIDING INCENTIVES TO THE PROPRIETORS, LESSEES, OPERATORS OF THEATERS AND CINEMAS","ESTRADA, JINGGOY E.","November 27, 2013",NATIONAL,PHILIPPINE MOVIE INDUSTRY,PUBLIC INFORMATION AND MASS MEDIA,PENDING IN THE COMMITTEE
Senate Bill No. 1336,16th Congress (July 2013 - 2016),https://ldr.senate.gov.ph/bills/senate-bill-no-1336-16th-congress-republic,ISOCYANATES REGULATORY ACT,AN ACT REGULATING THE USE OF ISOCYANATES IN THE WORKPLACE,Miriam Defensor Santiago,"August 22, 2013",NATIONAL,ISOCYANATES,"LABOR, EMPLOYMENT AND HUMAN RESOURCES DEVELOPMENT",PENDING IN THE COMMITTEE
Senate Bill No. 401,16th Congress (July 2013 - 2016),https://ldr.senate.gov.ph/bills/senate-bill-no-401-16th-congress-republic,AUTHENTIC ACADEMIC CREDENTIALS ACT,"AN ACT PROHIBITING THE USE, ISSUANCE, MANUFACTURE, AND SALE OF FALSE ACADEMIC CREDENTIALS",Miriam Defensor Santiago,"March 7, 2013",NATIONAL,FAKE DOCUMENTS,"EDUCATION, ARTS AND CULTURE",PENDING IN THE COMMITTEE
Senate Bill No. 1590,16th Congress (July 2013 - 2016),https://ldr.senate.gov.ph/bills/senate-bill-no-1590-16th-congress-republic,CABLE TELEVISION ACT OF 2013,"AN ACT PROMOTING AND REGULATING THE OPERATION OF CABLE TELEVISION IN THE PHILIPPINES, AND FOR OTHER PURPOSES","ESTRADA, JINGGOY E.","October 9, 2013",NATIONAL,CABLE TELEVISION,PUBLIC SERVICES,PENDING IN THE COMMITTEE
Senate Bill No. 1033,16th Congress (July 2013 - 2016),https://ldr.senate.gov.ph/bills/senate-bill-no-1033-16th-congress-republic,IMPROVING THE QUALITY OF TEACHERS ACT,AN ACT TO IMPROVE AND STRENGTHEN THE RECRUITMENT AND TRAINING OF FILIPINO TEACHERS,Miriam Defensor Santiago,"July 22, 2013",NATIONAL,TEACHERS,"EDUCATION, ARTS AND CULTURE",PENDING IN THE COMMITTEE
Senate Bill No. 444,16th Congress (July 2013 - 2016),https://ldr.senate.gov.ph/bills/senate-bill-no-444-16th-congress-republic,PARENTS' EMPOWERMENT ACT,AN ACT TO PROVIDE A CIVIL ACTION FOR A MINOR INJURED BY EXPOSURE TO AN ENTERTAINMENT PRODUCT CONTAINING MATERIAL THAT IS HARMFUL TO MINORS,"ESCUDERO, FRANCIS G.","April 7, 2013",NATIONAL,CHILDREN/CHILD CARE parents,JUSTICE AND HUMAN RIGHTS,PENDING IN THE COMMITTEE
Senate Bill No. 1654,16th Congress (July 2013 - 2016),https://ldr.senate.gov.ph/bills/senate-bill-no-1654-16th-congress-republic,NORTHWEST PANAY PENINSULA NATURAL PARK (NPPNP) ACT,"AN ACT DECLARING THE NORTHWEST PANAY PENINSULA LOCATED IN THE MUNICIPALITY OF NABAS, MALAY AND BURUANGA, PROVINCE OF AKLAN, AND IN THE MUNICIPALITIES OF LIBERTAD AND PANDAN, PROVINCE OF ANTIQUE AS A PROTECTED AREA UNDER THE CATEGORY OF NATURAL PARK, PROVIDING FOR ITS MANAGEMENT AND FOR OTHER PURPOSES","BINAY, MARIA LOURDES NANCY S.","November 9, 2013",NATIONAL,PROTECTED AREA/PROTECTED LANDSCAPE,ENVIRONMENT AND NATURAL RESOURCES,CONSOLIDATED/SUBSTITUTED IN THE COMMITTEE REPORT
Senate Bill No. 1096,16th Congress (July 2013 - 2016),https://ldr.senate.gov.ph/bills/senate-bill-no-1096-16th-congress-republic,LAGUNA LAKE DEVELOPMENT AUTHORITY ACT OF 2013,"AN ACT TO STRENGTHEN THE LAGUNA LAKE DEVELOPMENT AUTHORITY (LLDA), REPEALING FOR THIS PURPOSE REPUBLIC ACT NO. 4850, AS AMENDED, OTHERWISE KNOWN AS THE LAGUNA DEVELOPMENT AUTHORITY ACT OF 1966, AND FOR OTHER PURPOSES","EJERCITO, JOSEPH VICTOR G.","July 24, 2013",NATIONAL,LAGUNA LAKE DEVELOPMENT AUTHORITY (LLDA),GOVERNMENT CORPORATIONS AND PUBLIC ENTERPRISES,PENDING IN THE COMMITTEE
Senate Bill No. 1346,16th Congress (July 2013 - 2016),https://ldr.senate.gov.ph/bills/senate-bill-no-1346-16th-congress-republic,FOOD AND ENERGY FARM RESEARCH ACT,"AN ACT PROVIDING FOR RESEARCH, DEVELOPMENT, DEMONSTRATION, AND COMMERCIAL APPLICATION ACTIVITIES TO ENABLE THE DEVELOPMENT OF FARMS THAT ARE NET PRODUCERS OF BOTH FOOD AND ENERGY",Miriam Defensor Santiago,"August 22, 2013",NATIONAL,FOOD TECHNOLOGY,ENERGY,PENDING IN THE COMMITTEE
Senate Bill No. 784,16th Congress (July 2013 - 2016),https://ldr.senate.gov.ph/bills/senate-bill-no-784-16th-congress-republic,BUDGET REFORM ACT OF 2013,"AN ACT PRESCRIBING REFORMS IN NATIONAL GOVERNMENT BUDGETING, AMENDING FOR THESE PURPOSES PERTINENT PROVISIONS OF BOOK VI OF EXECUTIVE ORDER 292, OTHERWISE KNOWN AS THE REVISED ADMINISTRATIVE CODE OF 1987, AND PROVIDING FOR OTHER RELATED PURPOSES","ESTRADA, JINGGOY E.","July 15, 2013",NATIONAL,BUDGET REFORMS,FINANCE,PENDING IN THE COMMITTEE
Senate Bill No. 1972,16th Congress (July 2013 - 2016),https://ldr.senate.gov.ph/bills/senate-bill-no-1972-16th-congress-republic,"AMENDING SECS. 352 & 513, RA 7160 (POSTING OF THE SUMMARY INCOME AND EXPENDITURES)","AN ACT AMENDING SECTIONS 352 AND 513 OF REPUBLIC ACT NO. 7160, OTHERWISE KNOWN AS THE LOCAL GOVERNMENT CODE OF 1991","ESTRADA, JINGGOY E.","November 27, 2013",NATIONAL,"LOCAL GOVERNMENT CODE (R.A. NO. 7160) LOCAL EXECUTIVES/LOCAL LEADERS (MAYOR, VICE-MAYOR, GOVERNOR, ETC.)",LOCAL GOVERNMENT,PENDING IN THE COMMITTEE
Senate Bill No. 1410,16th Congress (July 2013 - 2016),https://ldr.senate.gov.ph/bills/senate-bill-no-1410-16th-congress-republic,WORKERS WELFARE FOUNDATION (MOWELFUND),"AN ACT TRANSFERRING THE ORGANIZATION, OPERATION AND MANAGEMENT OF THE METRO MANILA FILM FESTIVAL FROM THE METRO MANILA DEVELOPMENT AUTHORITY TO THE MOVIE WORKERS WELFARE FOUNDATION (MOWELFUND), AND PROVIDING FUNDS THEREFOR AND FOR OTHER PURPOSES","ESTRADA, JINGGOY E.","August 29, 2013",NATIONAL,FILM/MOVIE INDUSTRY METRO MANILA DEVELOPMENT AUTHORITY (MMDA),PUBLIC INFORMATION AND MASS MEDIA,PENDING IN THE COMMITTEE
Senate Bill No. 6,16th Congress (July 2013 - 2016),https://ldr.senate.gov.ph/bills/senate-bill-no-6-16th-congress-republic,GOVERNMENT SCHOLARSHIP TO STUDENTS FOR UNIVERSITY AND TECHNICAL VOCATIONAL EDUCATION ACT OF 2013,AN ACT ESTABLISHING A GOVERNMENT SCHOLARSHIP PROGRAM FOR SECONDARY SCHOOL GRADUATES WHO COME FROM HOUSEHOLD BENEFICIARIES OF THE NATIONAL GOVERNMENT'S PANTAWID PAMILYANG PILIPINO PROGRAM AND APPROPRIATING FUNDS THEREFOR,"LEGARDA, LOREN B.","January 7, 2013",NATIONAL,SCHOLARSHIP GRANTS PANTAWID PAMILYANG PILIPINO PROGRAM,"EDUCATION, ARTS AND CULTURE",CONSOLIDATED/SUBSTITUTED IN THE COMMITTEE REPORT
Senate Bill No. 848,16th Congress (July 2013 - 2016),https://ldr.senate.gov.ph/bills/senate-bill-no-848-16th-congress-republic,NATIONAL YOUTH CENTER ACT OF THE PHILIPPINES OF 2013,AN ACT TO ESTABLISH THE NATIONAL YOUTH CENTER OF THE PHILIPPINES AND FOR OTHER PURPOSES,"ESTRADA, JINGGOY E.","July 17, 2013",NATIONAL,youth development NATIONAL YOUTH CENTER,YOUTH,PENDING IN THE COMMITTEE
Senate Bill No. 2036,16th Congress (July 2013 - 2016),https://ldr.senate.gov.ph/bills/senate-bill-no-2036-16th-congress-republic,NEW LOCAL GOVERNMENT CODE OF THE PHILIPPINES,AN ACT PROVIDING FOR A NEW LOCAL GOVERNMENT CODE OF THE PHILIPPINES,"ESTRADA, JINGGOY E.","November 12, 2013",NATIONAL,LOCAL GOVERNMENT CODE (NEW),LOCAL GOVERNMENT,PENDING IN THE COMMITTEE
Senate Bill No. 67,16th Congress (July 2013 - 2016),https://ldr.senate.gov.ph/bills/senate-bill-no-67-16th-congress-republic,COMPREHENSIVE DANGEROUS DRUGS ACT,"AN ACT AUTHORIZING THE WIRETAPPING, INTERCEPTION, SURVEILLANCE AND RECORDING OF COMMUNICATIONS OF PUSHERS, MANUFACTURERS, CULTIVATORS, IMPORTERS AND FINANCIERS OF DANGEROUS DRUGS, AMENDING FOR THE PURPOSE REPUBLIC ACT NO. 9165 AND FOR OTHER PURPOSES",Gregorio B. Honasan II,"January 7, 2013",NATIONAL,"DANGEROUS DRUGS ACT OF 2002, R.A.NO. 9165 Wiretapping",PUBLIC ORDER AND DANGEROUS DRUGS,CONSOLIDATED/SUBSTITUTED IN THE COMMITTEE REPORT
Senate Bill No. 1103,16th Congress (July 2013 - 2016),https://ldr.senate.gov.ph/bills/senate-bill-no-1103-16th-congress-republic,"PROHIBITING CITY MAYORS, MUNICIPAL MAYORS AND PROVINCIAL GOVERNORS FROM MAKING APPOINTMENTS","AN ACT PROHIBITING CITY MAYORS, MUNICIPAL MAYORS AND PROVINCIAL GOVERNORS FROM MAKING APPOINMENTS TWO (2) MONTHS IMMEDIATELY BEFORE THE NEXT LOCAL ELECTIONS AND PENDING ASSUMPTION TO OFFICE OF THEIR SUCCESSORS AND FOR OTHER PURPOSES","EJERCITO, JOSEPH VICTOR G.","July 24, 2013",NATIONAL,"LOCAL EXECUTIVES/LOCAL LEADERS (MAYOR, VICE-MAYOR, GOVERNOR, ETC.)","CIVIL SERVICE, GOVERNMENT REORGANIZATION AND PROFESSIONAL REGULATION",PENDING IN THE COMMITTEE
Senate Bill No. 533,16th Congress (July 2013 - 2016),https://ldr.senate.gov.ph/bills/senate-bill-no-533-16th-congress-republic,MOUNT ISAROG NATURAL PARK AS A SPECIAL ECOLOGICAL TOURISM ZONE,"AN ACT DECLARING MOUNT ISAROG NATURAL PARK IN THE PROVINCE OF CAMARINES SUR A SPECIAL ECOLOGICAL TOURISM ZONE, AND FOR OTHER PURPOSES","LEGARDA, LOREN B.","August 7, 2013",NATIONAL,ECOLOGICAL TOURISM ZONE/ECOTOURISM ZONE,ENVIRONMENT AND NATURAL RESOURCES,"PENDING SECOND READING, ORDINARY BUSINESS"
Senate Bill No. 1728,16th Congress (July 2013 - 2016),https://ldr.senate.gov.ph/bills/senate-bill-no-1728-16th-congress-republic,EMERGENCY MEDICAL SERVICES AND TRAUMA CARE IMPROVEMENT ACT,AN ACT TO IMPROVE EMERGENCY MEDICAL SERVICES AND TRAUMA CARE,Miriam Defensor Santiago,"September 19, 2013",NATIONAL,EMERGENCY MEDICAL SERVICES AND TRAUMA CARE,HEALTH AND DEMOGRAPHY,PENDING IN THE COMMITTEE
Senate Bill No. 1166,16th Congress (July 2013 - 2016),https://ldr.senate.gov.ph/bills/senate-bill-no-1166-16th-congress-republic,BARANGAY DEVELOPMENT ACT OF 2013,"AN ACT PROVIDING FOR A TWENTY (20) YEAR BARANGAY DEVELOPMENT PROGRAM, APPROPRIATING FUNDS THEREFOR AND FOR OTHER PURPOSES",Antonio F. Trillanes IV,"July 30, 2013",NATIONAL,BARANGAY DEVELOPMENT PROGRAM,LOCAL GOVERNMENT,CONSOLIDATED/SUBSTITUTED IN THE COMMITTEE REPORT
Senate Bill No. 604,16th Congress (July 2013 - 2016),https://ldr.senate.gov.ph/bills/senate-bill-no-604-16th-congress-republic,FINAL FOREST LIMITS ACT,AN ACT PROVIDING FOR THE DELINEATION OF THE SPECIFIC FOREST LIMITS OF THE PUBLIC DOMAIN AND FOR OTHER PURPOSES,"ESCUDERO, FRANCIS G.","August 7, 2013",NATIONAL,FOREST LAND/FOREST LIMITS,ENVIRONMENT AND NATURAL RESOURCES,CONSOLIDATED/SUBSTITUTED IN THE COMMITTEE REPORT
Senate Bill No. 1792,16th Congress (July 2013 - 2016),https://ldr.senate.gov.ph/bills/senate-bill-no-1792-16th-congress-republic,PUBLIC HONOR GRADUATES PRIORITY ACT,AN ACT GRANTING PRIORITY TO HONOR GRADUATES OF STATE COLLEGES AND STATE UNIVERSITIES IN THE APPOINTMENT OF CIVIL SERVICE EMPLOYEES,Miriam Defensor Santiago,"March 10, 2013",NATIONAL,STATE COLLEGES AND UNIVERSITIES (HONOR GRADUATES PRIORITY) SCHOLARSHIP GRANTS,"CIVIL SERVICE, GOVERNMENT REORGANIZATION AND PROFESSIONAL REGULATION",PENDING IN THE COMMITTEE
Senate Bill No. 858,16th Congress (July 2013 - 2016),https://ldr.senate.gov.ph/bills/senate-bill-no-858-16th-congress-republic,INTEGRATED MEDICAL PROFESSIONAL ORGANIZATION ACT OF 2013,AN ACT ACCREDITING THE PHILIPPINE MEDICAL ASSOCIATION AS THE INTEGRATED MEDICAL PROFESSIONAL ORGANIZATION OF THE PHILIPPINES,"ESTRADA, JINGGOY E.","July 17, 2013",NATIONAL,PHILIPPINE MEDICAL ASSOCIATION MEDICAL PRACTITIONERS,"CIVIL SERVICE, GOVERNMENT REORGANIZATION AND PROFESSIONAL REGULATION",PENDING IN THE COMMITTEE
Senate Bill No. 174,16th Congress (July 2013 - 2016),https://ldr.senate.gov.ph/bills/senate-bill-no-174-16th-congress-republic,PHILIPPINE MARITIME ZONES ACT,AN ACT TO DEFINE THE MARITIMES ZONES OF THE REPUBLIC OF THE PHILIPPINES,Sergio R. Osmeña III,"January 7, 2013",NATIONAL,MARITIME ZONE,FOREIGN RELATIONS,CONSOLIDATED/SUBSTITUTED IN THE COMMITTEE REPORT
Senate Bill No. 320,16th Congress (July 2013 - 2016),https://ldr.senate.gov.ph/bills/senate-bill-no-320-16th-congress-republic,PASONANCA NATURAL PARK ACT OF 2013,"AN ACT ESTABLISHING THE PASONANCA WATERSHED FOREST RESERVE SITUATED IN ZAMBOANGA CITY AS A PROTECTED AREA, UNDER THE CATEGORY OF NATURAL PARK PROVIDING FOR ITS MANAGEMENT, AND FOR OTHER PURPOSES","CAYETANO, PIA S.","March 7, 2013",NATIONAL,PROTECTED AREA/PROTECTED LANDSCAPE,ENVIRONMENT AND NATURAL RESOURCES,CONSOLIDATED/SUBSTITUTED IN THE COMMITTEE REPORT
Senate Bill No. 1484,16th Congress (July 2013 - 2016),https://ldr.senate.gov.ph/bills/senate-bill-no-1484-16th-congress-republic,MICROENTERPRISE DEVELOPMENT INSTITUTIONS ACT OF 2013,AN ACT GOVERNING THE CREATION AND ACCREDITATION OF MICROENTERPRISE DEVELOPMENT INSTITUTIONS AND FOR OTHER PURPOSES,"ESTRADA, JINGGOY E.","March 9, 2013",NATIONAL,MICROENTERPRISE DEVELOPMENT INSTITUTIONS (MICRODEVS),"TRADE, COMMERCE AND ENTREPRENEURSHIP",CONSOLIDATED/SUBSTITUTED IN THE COMMITTEE REPORT
Senate Bill No. 922,16th Congress (July 2013 - 2016),https://ldr.senate.gov.ph/bills/senate-bill-no-922-16th-congress-republic,"LOCAL GOVERNMENT CODE (SECS. 443, 454, 463)","AN ACT AMENDING SECTIONS 443, 454, AND 463 OF REPUBLIC ACT NO. 7160, OTHERWISE KNOWN AS THE LOCAL GOVERNMENT CODE OF 1991","LAPID, MANUEL ""LITO"" M.","July 18, 2013",NATIONAL,LOCAL GOVERNMENT CODE (R.A. NO. 7160) TOURISM,LOCAL GOVERNMENT,"PENDING SECOND READING, ORDINARY BUSINESS"
Senate Bill No. 240,16th Congress (July 2013 - 2016),https://ldr.senate.gov.ph/bills/senate-bill-no-240-16th-congress-republic,COMPREHENSIVE AGE-RELATED MACULAR DEGENERATION PREVENTION AND MITIGATION ACT OF 2013,"AN ACT INSTITUTING A COMPREHENSIVE NATIONAL PROGRAM TO MITIGATE AND COMBAT AGE-RELATED MACULAR DEGENERATION, IMPLEMENTING A NATIONWIDE INFORMATION, EDUCATION, COMMUNICATION CAMPAIGN, APPROPRIATING FUNDS THEREFOR AND FOR OTHER PURPOSES","LAPID, MANUEL ""LITO"" M.","January 7, 2013",NATIONAL,AGE-RELATED MACULAR DEGENERATION (AMD),HEALTH AND DEMOGRAPHY,PENDING IN THE COMMITTEE
Senate Bill No. 370,16th Congress (July 2013 - 2016),https://ldr.senate.gov.ph/bills/senate-bill-no-370-16th-congress-republic,INTEGRATED SOLID WASTE COLLECTION AND DISPOSAL ACT,"AN ACT TO INSTITUTIONALIZE THE BASIC SERVICE OF INTEGRATED SOLID WASTE COLLECTION AND DISPOSAL IN ALL LOCAL GOVERNMENT UNITS, AMENDING FOR THIS PURPOSE THE 'LOCAL GOVERNMENT CODE OF 1991', REPUBLIC ACT NO. 7160, AND FOR OTHER PURPOSES","ESTRADA, JINGGOY E.","March 7, 2013",NATIONAL,SOLID WASTE LOCAL GOVERNMENT CODE (R.A. NO. 7160),LOCAL GOVERNMENT,PENDING IN THE COMMITTEE
Senate Bill No. 1548,16th Congress (July 2013 - 2016),https://ldr.senate.gov.ph/bills/senate-bill-no-1548-16th-congress-republic,REWARDS AND PROTECTION TO THOSE WHO REPORT MALFEASANCE IN GOVERNMENT OFFICES,AN ACT PROVIDING THE GRANTING OF REWARDS AND PROTECTION TO THOSE WHO WILL REPORT MALFEASANCE IN GOVERNMENT OFFICES AND APPROPRIATING FUNDS THEREFOR,"ESTRADA, JINGGOY E.","May 9, 2013",NATIONAL,MALFEASANCE,"CIVIL SERVICE, GOVERNMENT REORGANIZATION AND PROFESSIONAL REGULATION",PENDING IN THE COMMITTEE
Senate Bill No. 613,16th Congress (July 2013 - 2016),https://ldr.senate.gov.ph/bills/senate-bill-no-613-16th-congress-republic,REMITTANCE OF THE SHARE OF LOCAL GOVERNMENT UNITS,"AN ACT PROVIDING THE DIRECT REMITTANCE TO THE HOST LOCAL GOVERNMENT UNITS OF THEIR FORTY PERCENT (40%) SHARE DERIVED FROM THE NATIONAL WEALTH AMENDING FOR THE PURPOSE SECTION 293 OF REPUBLIC ACT NO. 7160, OTHERWISE KNOWN AS THE LOCAL GOVERNMENT CODE OF 1991",Ralph G. Recto,"August 7, 2013",NATIONAL,LOCAL GOVERNMENT UNITS (LGUs) LOCAL GOVERNMENT CODE (R.A. NO. 7160) NATIONAL WEALTH,LOCAL GOVERNMENT,PENDING IN THE COMMITTEE
Senate Bill No. 1240,16th Congress (July 2013 - 2016),https://ldr.senate.gov.ph/bills/senate-bill-no-1240-16th-congress-republic,AGRITOURISM PROMOTION ACT OF 2013,AN ACT TO PROMOTE AGRITOURISM IN THE PHILIPPINES AND FOR OTHER PURPOSES,Antonio F. Trillanes IV,"August 8, 2013",NATIONAL,AGRITOURISM,N/A,WITHDRAWN
Senate Bill No. 667,16th Congress (July 2013 - 2016),https://ldr.senate.gov.ph/bills/senate-bill-no-667-16th-congress-republic,CHARTER OF THE AKLAN AIRPORT AUTHORITY,AN ACT CREATING THE AKLAN AIRPORT AUTHORITY AND FOR OTHER PURPOSES,"LEGARDA, LOREN B.","September 7, 2013",LOCAL,AKLAN AIRPORT AUTHORITY,GOVERNMENT CORPORATIONS AND PUBLIC ENTERPRISES,PENDING IN THE COMMITTEE
Senate Bill No. 1866,16th Congress (July 2013 - 2016),https://ldr.senate.gov.ph/bills/senate-bill-no-1866-16th-congress-republic,STRATEGIC GOODS AND SERVICES MANAGEMENT ACT OF 2013,"AN ACT REGULATING THE PROLIFERATION OF STRATEGIC AND DUAL-USE GOODS AND SERVICES, PROVIDING PENALTIES FOR THEIR VIOLATION AND FOR OTHER PURPOSES",Antonio F. Trillanes IV,"October 17, 2013",NATIONAL,NUCLEAR WEAPONS,NATIONAL DEFENSE AND SECURITY,CONSOLIDATED/SUBSTITUTED IN THE COMMITTEE REPORT
Senate Bill No. 1304,16th Congress (July 2013 - 2016),https://ldr.senate.gov.ph/bills/senate-bill-no-1304-16th-congress-republic,THE VACCINATION AND IMMUNIZATION ACT OF 2013,"AN ACT ESTABLISHING A COMPREHENSIVE VACCINATION AND IMMUNIZATION PROGRAM FOR FILIPINO INFANTS AND CHILDREN, PROVIDING FUNDS THEREFOR AND FOR OTHER PURPOSES","EJERCITO, JOSEPH VICTOR G.","August 15, 2013",NATIONAL,FREE VACCINATION AND IMMUNIZATION,HEALTH AND DEMOGRAPHY,PENDING IN THE COMMITTEE
Senate Bill No. 1930,16th Congress (July 2013 - 2016),https://ldr.senate.gov.ph/bills/senate-bill-no-1930-16th-congress-republic,THE REAL PROPERTY VALUATION AND ASSESSMENT REFORM ACT OF 2013,"AN ACT INSTITUTING REFORMS IN REAL PROPERTY VALUATION AND ASSESSMENT IN THE PHILIPPINES, REORGANIZING THE BUREAU OF LOCAL GOVERNMENT FINANCE AND APPROPRIATING FUNDS THEREFOR","EJERCITO, JOSEPH VICTOR G.","November 18, 2013",NATIONAL,REAL PROPERTY BUREAU OF LOCAL GOVERNMENT FINANCE,WAYS AND MEANS,PENDING IN THE COMMITTEE
Senate Bill No. 345,16th Congress (July 2013 - 2016),https://ldr.senate.gov.ph/bills/senate-bill-no-345-16th-congress-republic,MAGNA CARTA FOR BARANGAYS,AN ACT TO ESTABLISH THE MAGNA CARTA FOR BARANGAYS,"LEGARDA, LOREN B.","March 7, 2013",NATIONAL,MAGNA CARTA FOR BARANGAYS,LOCAL GOVERNMENT,PENDING IN THE COMMITTEE
Senate Bill No. 968,16th Congress (July 2013 - 2016),https://ldr.senate.gov.ph/bills/senate-bill-no-968-16th-congress-republic,SCIENCE AND TECHNOLOGY FUNDING ACT OF 2013,AN ACT INCREASING THE YEARLY ALLOCATION FOR SCIENTIFIC AND TECHNOLOGICAL ACTIVITIES (STA),"ESTRADA, JINGGOY E.","July 22, 2013",NATIONAL,SCIENCE AND TECHNOLOGY FUNDING ACT,SCIENCE AND TECHNOLOGY,PENDING IN THE COMMITTEE
Senate Bill No. 458,16th Congress (July 2013 - 2016),https://ldr.senate.gov.ph/bills/senate-bill-no-458-16th-congress-republic,ENHANCED CONSUMER ACT OF 2013,"AN ACT GRANTING BROADER PROTECTION TO CONSUMERS AMENDING FOR THE PURPOSE REPUBLIC ACT NO. 7394, OTHERWISE KNOWN AS THE CONSUMER ACT OF THE PHILIPPINES",Ralph G. Recto,"April 7, 2013",NATIONAL,CONSUMER ACT (R.A.NO. 7394),"TRADE, COMMERCE AND ENTREPRENEURSHIP",PENDING IN THE COMMITTEE
Senate Bill No. 1622,16th Congress (July 2013 - 2016),https://ldr.senate.gov.ph/bills/senate-bill-no-1622-16th-congress-republic,ENVIRONMENTAL MARKETING CLAIMS ACT,AN ACT ESTABLISHING AN ENVIRONMENTAL MARKETING CLAIMS MONITORING PROGRAM,Miriam Defensor Santiago,"October 9, 2013",NATIONAL,ENVIRONMENTAL PROTECTION,"TRADE, COMMERCE AND ENTREPRENEURSHIP",PENDING IN THE COMMITTEE
Senate Bill No. 1061,16th Congress (July 2013 - 2016),https://ldr.senate.gov.ph/bills/senate-bill-no-1061-16th-congress-republic,FLORA AND FAUNA,"AN ACT TO ABSOLUTELY PROHIBIT THE TRADE OR EXPORT OF WILDLIFE, BOTH FLORA AND FAUNA OF WHATEVER SPECIES, WHETHER DEAD OR ALIVE, PROVIDING PENALTY THEREFOR AND FOR OTHER PURPOSES","ESTRADA, JINGGOY E.","July 23, 2013",NATIONAL,WILDLIFE,ENVIRONMENT AND NATURAL RESOURCES,PENDING IN THE COMMITTEE
Senate Bill No. 1686,16th Congress (July 2013 - 2016),https://ldr.senate.gov.ph/bills/senate-bill-no-1686-16th-congress-republic,EMERGENCY CARE ACT OF 2013,AN ACT TO PROFESSIONALIZE HOSPITAL EMERGENCY SERVICES AND FOR OTHER PURPOSES,"ESTRADA, JINGGOY E.","September 16, 2013",NATIONAL,EMERGENCY MEDICAL SERVICES AND TRAUMA CARE HEALTH CARE DELIVERY SYSTEM,HEALTH AND DEMOGRAPHY,PENDING IN THE COMMITTEE
Senate Bill No. 752,16th Congress (July 2013 - 2016),https://ldr.senate.gov.ph/bills/senate-bill-no-752-16th-congress-republic,INDEPENDENT POWER PRODUCERS,"AN ACT REQUIRING ALL INDEPENDENT POWER PRODUCERS, GENERATION COMPANIES OR ENERGY RESOURCE DEVELOPERS TO REMIT THE AMOUNT THEY ARE REQUIRED TO SET ASIDE AS FINANCIAL BENEFIT DIRECTLY TO THE HOST COMMUNITIES","ESTRADA, JINGGOY E.","July 15, 2013",NATIONAL,ENERGY RESOURCE DEVELOPERS (INDEPENDENT POWERS PRODUCERS),ENERGY,PENDING IN THE COMMITTEE
Senate Bill No. 1379,16th Congress (July 2013 - 2016),https://ldr.senate.gov.ph/bills/senate-bill-no-1379-16th-congress-republic,"SCHOLARSHIP GRANTS TO THE FAMILY MEMBERS OF PNP, AFP, BFP, BJMP","AN ACT EXPANDING AND MAXIMIZING THE SCHOLARSHIP GRANTS EXTENDED TO THE FAMILY MEMBERS OF PERSONNEL OF THE PHILIPPINE NATIONAL POLICE (PNP), ARMED FORCES OF THE PHILIPPINES (AFP), BUREAU OF FIRE PROTECTION (BFP), AND BUREAU OF JAIL MANAGEMENT AND PENOLOGY (BJMP), AMENDING FOR THIS PURPOSE CERTAIN PROVISIONS OF REPUBLIC ACT NO. 6963, ENTITLED 'AN ACT GRANTING SPECIAL FINANCIAL ASSISTANCE AND BENEFITS TO THE FAMILY OR BENEFICIARY OF ANY POLICE OR MILITARY PERSONNEL OR FIREMAN KILLED OR PERMANENTLY INCAPACITATED WHILE IN THE PERFORMANCE OF HIS DUTY OR BY REASON OF HIS OFFICE OR POSITION AND FOR OTHER PURPOSES","ESTRADA, JINGGOY E.","August 28, 2013",NATIONAL,SCHOLARSHIP GRANTS PHILIPPINE NATIONAL POLICE (PNP) ARMED FORCES OF THE PHILIPPINES (AFP) BUREAU OF JAIL MANAGEMENT AND PENOLOGY,RULES,PENDING IN THE COMMITTEE
Senate Bill No. 816,16th Congress (July 2013 - 2016),https://ldr.senate.gov.ph/bills/senate-bill-no-816-16th-congress-republic,MARITIME SAFETY ACT OF 2013,"AN ACT TO RESTORE THE PHILIPPINE COAST GUARD (PCG) OF ITS AUTHORITY AND RESPONSIBILITY TO PERFORM SHIP SAFETY INSPECTION SERVICES AND CARRY OUT OTHER SHIP SAFETY ENFORCEMENT FUNCTIONS, AMENDING FOR THIS PURPOSE REPUBLIC ACT NO. 9993, PROVIDING PENALTIES FOR VIOLATIONS THEREOF, AND FOR OTHER PURPOSES",Antonio F. Trillanes IV,"July 16, 2013",NATIONAL,MARITIME SAFETY PHILIPPINE COAST GUARD,NATIONAL DEFENSE AND SECURITY,PENDING IN THE COMMITTEE
Senate Bill No. 2004,16th Congress (July 2013 - 2016),https://ldr.senate.gov.ph/bills/senate-bill-no-2004-16th-congress-republic,"AMENDING SEC. 101, NATIONAL INTERNAL REVENUE CODE (DONOR'S TAX/DOCUMENTARY STAMP TAX)","AN ACT EXEMPTING FROM DONOR'S TAX AND DOCUMENTARY STAMP TAX GIFTS/DONATIONS/REMITTANCES FOR THE BENEFIT OF VICTIMS OF NATURAL DISASTERS AND OTHER CALAMITIES, AMENDING FOR THE PURPOSE REPUBLIC ACT 8424 OR THE NATIONAL INTERNAL REVENUE CODE AS AMENDED","BINAY, MARIA LOURDES NANCY S.","September 12, 2013",NATIONAL,NATIONAL INTERNAL REVENUE CODE (NIRC) TAXES/TAXATION,WAYS AND MEANS,PENDING IN THE COMMITTEE
Senate Bill No. 1442,16th Congress (July 2013 - 2016),https://ldr.senate.gov.ph/bills/senate-bill-no-1442-16th-congress-republic,COMPREHENSIVE DETAIL SEAFOOD LABELING SYSTEM,AN ACT TO REQUIRE COMPREHENSIVE DETAIL LABELING OF SEAFOOD SOLD IN THE PHILIPPINES AND PROVIDE PENALTIES FOR VIOLATIONS OF THE LABELING REQUIREMENTS,Miriam Defensor Santiago,"August 29, 2013",NATIONAL,LABEL/LABELING FOOD PRODUCTS LABEL,"TRADE, COMMERCE AND ENTREPRENEURSHIP",PENDING IN THE COMMITTEE
Senate Bill No. 38,16th Congress (July 2013 - 2016),https://ldr.senate.gov.ph/bills/senate-bill-no-38-16th-congress-republic,POLITICAL PARTY DEVELOPMENT ACT OF 2013,"AN ACT STRENGTHENING THE POLITICAL PARTY SYSTEM, APPROPRIATING FUNDS THEREFOR AND FOR OTHER PURPOSES",Antonio F. Trillanes IV,"January 7, 2013",NATIONAL,POLITICAL PARTY,ELECTORAL REFORMS AND PEOPLES PARTICIPATION,PENDING IN THE COMMITTEE
Senate Bill No. 120,16th Congress (July 2013 - 2016),https://ldr.senate.gov.ph/bills/senate-bill-no-120-16th-congress-republic,"LOCAL TAXATION, LOCAL GOVERNMENT CODE","AN ACT RATIONALIZING LOCAL TAXATION AMENDING FOR THAT PURPOSE SECTION 150, CHAPTER 1, TITLE ONE, BOOK II OF REPUBLIC ACT NO. 7160, AS AMENDED, OTHERWISE KNOWN AS THE LOCAL GOVERNMENT CODE","ESCUDERO, FRANCIS G.","January 7, 2013",NATIONAL,LOCAL TAXATION LOCAL GOVERNMENT CODE (R.A. NO. 7160),LOCAL GOVERNMENT,PENDING IN THE COMMITTEE
Senate Bill No. 1920,16th Congress (July 2013 - 2016),https://ldr.senate.gov.ph/bills/senate-bill-no-1920-16th-congress-republic,CONSUMER PRIVACY IN COMMERCIAL TRANSACTIONS ACT,AN ACT PROTECTING CONSUMER PRIVACY IN CREDIT CARD AND CHECK TRANSACTIONS,Miriam Defensor Santiago,"November 14, 2013",NATIONAL,CREDIT CARD PRIVACY,"BANKS, FINANCIAL INSTITUTIONS AND CURRENCIES",CONSOLIDATED/SUBSTITUTED IN THE COMMITTEE REPORT
Senate Bill No. 272,16th Congress (July 2013 - 2016),https://ldr.senate.gov.ph/bills/senate-bill-no-272-16th-congress-republic,PROHIBITING THE USE OF THE WORD,"AN ACT PROHIBITING THE USE OF THE WORD 'MUSLIM' OR 'ISLAMIC' IN PRINT, RADIO, TELEVISION INCLUDING CABLE TELEVISION AND OTHER FORMS OF BROADCAST MEDIA TO REFER TO OR DESCRIBE ANY PERSON SUSPECTED OR CONVICTED OF A CRIME OR UNLAWFUL ACT AND PROVIDING PENALTIES THEREOF","REVILLA JR., RAMON BONG","February 7, 2013",NATIONAL,MUSLIM BROADCAST MEDIA/BROADCASTING SYSTEM CABLE TELEVISION,PUBLIC INFORMATION AND MASS MEDIA,PENDING IN THE COMMITTEE
Senate Bill No. 337,16th Congress (July 2013 - 2016),https://ldr.senate.gov.ph/bills/senate-bill-no-337-16th-congress-republic,SOIL AND WATER CONSERVATION ACT OF 2013,AN ACT PROMOTING SOIL AND WATER CONSERVATION TECHNOLOGIES AND APPROACHES FOR SUSTAINABLE LAND MANAGEMENT IN THE PHILIPPINES AND FOR OTHER PURPOSES,"LEGARDA, LOREN B.","March 7, 2013",NATIONAL,SUSTAINABLE LAND MANAGEMENT CONSERVATION,AGRICULTURE AND FOOD,PENDING IN THE COMMITTEE
Senate Bill No. 991,16th Congress (July 2013 - 2016),https://ldr.senate.gov.ph/bills/senate-bill-no-991-16th-congress-republic,FAMILIES COMMISSION ACT OF 2013,"AN ACT ESTABLISHING THE FAMILIES COMMISSION, PROVIDING FUNDS THEREFOR, AND FOR OTHER PURPOSES",Antonio F. Trillanes IV,"July 22, 2013",NATIONAL,FAMILY COMMISSION,"WOMEN, CHILDREN, FAMILY RELATIONS AND GENDER EQUALITY",PENDING IN THE COMMITTEE
Senate Bill No. 1612,16th Congress (July 2013 - 2016),https://ldr.senate.gov.ph/bills/senate-bill-no-1612-16th-congress-republic,PHILIPPINE IMMIGRATION ACT OF 2013,THE PHILIPPINE IMMIGRATION ACT OF 2013,"ESTRADA, JINGGOY E.","October 9, 2013",NATIONAL,PHILIPPINE IMMIGRATION ACT,JUSTICE AND HUMAN RIGHTS,PENDING IN THE COMMITTEE
Senate Bill No. 1046,16th Congress (July 2013 - 2016),https://ldr.senate.gov.ph/bills/senate-bill-no-1046-16th-congress-republic,SINARAPAN SANCTUARY (SS) ACT OF 2013,"AN ACT ESTABLISHING LAKE MANAPAO, KATUGDAY, DANAO AND MAKUAO LOCATED WITHIN THE MUNICIPALITY OF BUHI, CAMARINES SUR AND THE MUNICIPALITIES OF POLANGUI AND MALINAO, ALBAY AS A PROTECTED AREA TO BE KNOWN AS THE SINARAPAN SANCTUARY, PROVIDING FOR ITS MANAGEMENT AND FOR OTHER PURPOSES","CAYETANO, PIA S.","July 23, 2013",LOCAL,PROTECTED AREA/PROTECTED LANDSCAPE,ENVIRONMENT AND NATURAL RESOURCES,PENDING IN THE COMMITTEE
Senate Bill No. 1676,16th Congress (July 2013 - 2016),https://ldr.senate.gov.ph/bills/senate-bill-no-1676-16th-congress-republic,ANTI-PYRAMID PROMOTIONAL SCHEME ACT OF 2013,AN ACT TO PROHIBIT PYRAMID PROMOTIONAL SCHEMES,"ESTRADA, JINGGOY E.","September 16, 2013",NATIONAL,PYRAMID PROMOTIONAL SCHEMES,"TRADE, COMMERCE AND ENTREPRENEURSHIP",PENDING IN THE COMMITTEE
Senate Bill No. 662,16th Congress (July 2013 - 2016),https://ldr.senate.gov.ph/bills/senate-bill-no-662-16th-congress-republic,SCHOLARSHIP PROGRAM FOR POOR BUT DESERVING STUDENTS ACT,"AN ACT REQUIRING ALL COLLEGES AND UNIVERSITIES TO PROVIDE COLLEGE SCHOLARSHIP GRANT TO AT LEAST TEN PERCENT (10%) OF THEIR STUDENT POPULATION WHO ARE POOR BUT DESERVING STUDENTS, AND FOR OTHER PURPOSES","EJERCITO, JOSEPH VICTOR G.","August 7, 2013",NATIONAL,SCHOLARSHIP GRANTS STUDENTS,"EDUCATION, ARTS AND CULTURE",CONSOLIDATED/SUBSTITUTED IN THE COMMITTEE REPORT
Senate Bill No. 744,16th Congress (July 2013 - 2016),https://ldr.senate.gov.ph/bills/senate-bill-no-744-16th-congress-republic,AFP RETIREMENT AND DISABILITY BENEFITS UPGRADE ACT OF 2013,AN ACT UPGRADING THE RETIREMENT AND DISABILITY BENEFITS OF MILITARY PERSONNEL AND FOR OTHER PURPOSES,"ESTRADA, JINGGOY E.","July 15, 2013",NATIONAL,ARMED FORCES OF THE PHILIPPINES (AFP),NATIONAL DEFENSE AND SECURITY,PENDING IN THE COMMITTEE
Senate Bill No. 1369,16th Congress (July 2013 - 2016),https://ldr.senate.gov.ph/bills/senate-bill-no-1369-16th-congress-republic,"PHILIPPINE EAR, NOSE AND THROAT CENTER","AN ACT ESTABLISHING THE PHILIPPINE EAR, NOSE AND THROAT (ENT) CENTER AND APPROPRIATING FUNDS THEREFORE","ESTRADA, JINGGOY E.","August 28, 2013",NATIONAL,"PHILIPPINE EAR, NOSE AND THROAT (ENT) CENTER",HEALTH AND DEMOGRAPHY,PENDING IN THE COMMITTEE
Senate Bill No. 806,16th Congress (July 2013 - 2016),https://ldr.senate.gov.ph/bills/senate-bill-no-806-16th-congress-republic,GOVERNMENT BUILDINGS ENERGY COST REDUCTION ACT OF 2013,AN ACT ESTABLISHING INTER-AGENCY ENERGY CONSERVATION COMMITTEE TO DEPLOY COST-EFFECTIVE ENERGY CONSERVATION MEASURES AND TECHNOLOGIES AND FOR OTHER PURPOSES,Antonio F. Trillanes IV,"July 16, 2013",NATIONAL,Energy conservation,ENERGY,PENDING IN THE COMMITTEE
Senate Bill No. 1994,16th Congress (July 2013 - 2016),https://ldr.senate.gov.ph/bills/senate-bill-no-1994-16th-congress-republic,WAGES AND TIPS PROTECTION ACT,AN ACT PROVIDING FOR THE PROTECTION OF WAGES AND TIPS RECEIVED BY CERTAIN EMPLOYEES,Miriam Defensor Santiago,"March 12, 2013",NATIONAL,WAGE INCREASE/SALARY INCREASE,"LABOR, EMPLOYMENT AND HUMAN RESOURCES DEVELOPMENT",PENDING IN THE COMMITTEE
Senate Bill No. 42,16th Congress (July 2013 - 2016),https://ldr.senate.gov.ph/bills/senate-bill-no-42-16th-congress-republic,TELECOMMUNICATIONS SERVICE STANDARDS ACT,AN ACT ESTABLISHING TELECOMMUNICATIONS SERVICE STANDARDS AND FOR OTHER PURPOSES,Sergio R. Osmeña III,"January 7, 2013",NATIONAL,TELECOMMUNICATIONS SERVICE STANDARDS,PUBLIC SERVICES,PENDING IN THE COMMITTEE
Senate Bill No. 1432,16th Congress (July 2013 - 2016),https://ldr.senate.gov.ph/bills/senate-bill-no-1432-16th-congress-republic,AGRICULTURAL LAND PROTECTION ACT,AN ACT REQUIRING THE DEPARTMENT OF AGRARIAN REFORM AND THE DEPARTMENT OF AGRICULTURE TO SUBMIT AN ANNUAL REPORT TO CONGRESS ON THE CONVERSION OF AGRICULTURAL LAND TO NON-AGRICULTURAL USES INCLUDING A REVIEW OF EXISTING POLICIES AND PROCEDURES,Miriam Defensor Santiago,"August 29, 2013",NATIONAL,AGRICULTURAL LAND DEPARTMENT OF AGRARIAN REFORM (DAR) DEPARTMENT OF AGRICULTURE,AGRARIAN REFORM,PENDING IN THE COMMITTEE
Senate Bill No. 122,16th Congress (July 2013 - 2016),https://ldr.senate.gov.ph/bills/senate-bill-no-122-16th-congress-republic,AUTHORIZING PUNONG BARANGAY TO ADMINISTER THE OATH OF OFFICE OF ANY GOVERNMENT OFFICIAL,"AN ACT AUTHORIZING THE PUNONG BARANGAY TO ADMINISTER THE OATH OF OFFICE OF ANY GOVERNMENT OFFICIAL, INCLUDING THE PRESIDENT OF THE REPUBLIC OF THE PHILIPPINES, AMENDING FOR THE PURPOSE SECTION 41 OF EXECUTIVE ORDER NO. 292 OTHERWISE KNOWN AS THE ADMINISTRATIVE CODE OF 1987","ESCUDERO, FRANCIS G.","January 7, 2013",NATIONAL,BARANGAY CAPTAIN/PUNONG BARANGAY ADMINISTRATIVE CODE OF 1987 (E.O.NO. 292),LOCAL GOVERNMENT,CONSOLIDATED/SUBSTITUTED IN THE COMMITTEE REPORT
Senate Bill No. 422,16th Congress (July 2013 - 2016),https://ldr.senate.gov.ph/bills/senate-bill-no-422-16th-congress-republic,SPECIAL PROTECTION OF CHILDREN IN SITUATIONS OF ARMED CONFLICT ACT OF 2013,AN ACT PROVIDING FOR THE SPECIAL PROTECTION OF CHILDREN IN SITUATIONS OF ARMED CONFLICT AND PROVIDING PENALTIES FOR VIOLATIONS THEREOF,"Ferdinand ""Bongbong"" R. Marcos, Jr.","March 7, 2013",NATIONAL,armed conflict CHILDREN/CHILD CARE,"WOMEN, CHILDREN, FAMILY RELATIONS AND GENDER EQUALITY",PENDING IN THE COMMITTEE
Senate Bill No. 1131,16th Congress (July 2013 - 2016),https://ldr.senate.gov.ph/bills/senate-bill-no-1131-16th-congress-republic,NATIONAL CERVICAL CANCER DIAGNOSTIC AND TREATMENT FUND PROGRAM,AN ACT PROVIDING FOR A NATIONAL CERVICAL CANCER DIAGNOSTIC AND TREATMENT FUND,Antonio F. Trillanes IV,"July 29, 2013",NATIONAL,CERVICAL CANCER,HEALTH AND DEMOGRAPHY,PENDING IN THE COMMITTEE
Senate Bill No. 1750,16th Congress (July 2013 - 2016),https://ldr.senate.gov.ph/bills/senate-bill-no-1750-16th-congress-republic,EXCESSIVE LEAD CONTENT IN FOOD CONTAINERS PREVENTION,AN ACT TO PREVENT EXCESSIVE LEAD CONTENT IN FOOD CONTAINERS,Miriam Defensor Santiago,"February 10, 2013",NATIONAL,LEAD CONTENT,HEALTH AND DEMOGRAPHY,PENDING IN THE COMMITTEE
Senate Bill No. 1188,16th Congress (July 2013 - 2016),https://ldr.senate.gov.ph/bills/senate-bill-no-1188-16th-congress-republic,BOTICA SA BARANGAY,"AN ACT PROVIDING FOR THE ESTABLISHMENT OF BARANGAY DRUGSTORES, OTHERWISE KNOWN AS BOTICA SA BARANGAY AND FOR OTHER PURPOSES","LEGARDA, LOREN B.","July 31, 2013",NATIONAL,N/A,N/A,WITHDRAWN
Senate Bill No. 101,16th Congress (July 2013 - 2016),https://ldr.senate.gov.ph/bills/senate-bill-no-101-16th-congress-republic,CHILD NUTRITION LAW OF 2013,"AN ACT PROVIDING FOR A MANDATORY NATIONWIDE CHILD NUTRITION PROGRAM IN ALL PUBLIC ELEMENTARY SCHOOLS AND BARANGAY DAY CARE CENTERS, PROVIDING FUNDS THEREFOR AND FOR OTHER PURPOSES","LEGARDA, LOREN B.","January 7, 2013",NATIONAL,nutrition DAY CARE CENTERS/DAY CARE FACILITIES,"EDUCATION, ARTS AND CULTURE",PENDING IN THE COMMITTEE
Senate Bill No. 348,16th Congress (July 2013 - 2016),https://ldr.senate.gov.ph/bills/senate-bill-no-348-16th-congress-republic,STORES PROACTIVE IN PLASTIC BAG RECYCLING ACT,AN ACT PROVIDING FOR A PROACTIVE APPROACH IN RECYCLING USED PLASTIC BAGS BY STORES AND OTHER RETAIL OUTLETS,"LEGARDA, LOREN B.","March 7, 2013",NATIONAL,PLASTIC/PLASTIC BAGS RECYCLING,ENVIRONMENT AND NATURAL RESOURCES,PENDING IN THE COMMITTEE
Senate Bill No. 127,16th Congress (July 2013 - 2016),https://ldr.senate.gov.ph/bills/senate-bill-no-127-16th-congress-republic,DECRIMINALIZING LIBEL,AN ACT DECRIMINALIZING LIBEL BY MEANS OF WRITING OR SIMILAR REPEALING ARTICLE 355 OF THE REVISED PENAL CODE,"ESCUDERO, FRANCIS G.","January 7, 2013",NATIONAL,LIBEL,JUSTICE AND HUMAN RIGHTS,PENDING IN THE COMMITTEE
Senate Bill No. 460,16th Congress (July 2013 - 2016),https://ldr.senate.gov.ph/bills/senate-bill-no-460-16th-congress-republic,NATIONAL INTERNAL REVENUE CODE (TOLLWAY OPERATIONS),"AN ACT EXEMPTING TOLLWAY OPERATIONS FROM THE TWELVE PERCENT (12%) VALUE ADDED TAX, AMENDING FOR THE PURPOSE SECTIONS 108 AND 109 OF THE NATIONAL INTERNAL REVENUE CODE OF 1997, AS AMENDED BY REPUBLIC ACT NO. 9337, AND FOR OTHER PURPOSES",Ralph G. Recto,"April 7, 2013",NATIONAL,NATIONAL INTERNAL REVENUE CODE (NIRC) VALUE-ADDED TAX (VAT),WAYS AND MEANS,PENDING IN THE COMMITTEE
Senate Bill No. 134,16th Congress (July 2013 - 2016),https://ldr.senate.gov.ph/bills/senate-bill-no-134-16th-congress-republic,REDEFINING THE COMPOSITION OF BARANGAY OFFICIALS,"AN ACT REDEFINING THE COMPOSITION OF BARANGAY OFFICIALS AND PROVIDING FOR ADDITIONAL SUPPORT AND COMPENSATION FOR BARANGAY OFFICIALS, AMENDING FOR THE PURPOSE SECTIONS 387 AND 393 OF REPUBLIC ACT NO. 7160 KNOWN AS THE LOCAL GOVERNMENT CODE OF 1991 AND FOR OTHER PURPOSES","ESTRADA, JINGGOY E.","January 7, 2013",NATIONAL,BARANGAY OFFICIALS LOCAL GOVERNMENT CODE (R.A. NO. 7160),LOCAL GOVERNMENT,PENDING IN THE COMMITTEE
Senate Bill No. 191,16th Congress (July 2013 - 2016),https://ldr.senate.gov.ph/bills/senate-bill-no-191-16th-congress-republic,SPECIAL EDUCATION ACT,AN ACT ESTABLISHING AT LEAST ONE (1) SPECIAL EDUCATION CENTER FOR EACH SCHOOL DIVISION AND AT LEAST THREE (3) SPECIAL EDUCATION CENTERS IN BIG SCHOOL DIVISIONS FOR CHILDREN WITH SPECIAL NEEDS,Miriam Defensor Santiago,"January 7, 2013",NATIONAL,SPECIAL EDUCATION,"EDUCATION, ARTS AND CULTURE",PENDING IN THE COMMITTEE
Senate Bill No. 510,16th Congress (July 2013 - 2016),https://ldr.senate.gov.ph/bills/senate-bill-no-510-16th-congress-republic,NATIONAL TEACHER'S DAY,AN ACT DECLARING THE FIFTH DAY OF OCTOBER OF EVERY YEAR AS THE NATIONAL TEACHERS' DAY,"VILLAR, CYNTHIA A.","August 7, 2013",NATIONAL,HOLIDAYS (SPECIAL WORKING),"EDUCATION, ARTS AND CULTURE",APPROVED BY THE PRESIDENT OF THE PHILIPPINES
Senate Bill No. 597,16th Congress (July 2013 - 2016),https://ldr.senate.gov.ph/bills/senate-bill-no-597-16th-congress-republic,OFFICE OF THE SOLICITOR GENERAL,AN ACT TO FURTHER STRENGTHEN THE OFFICE OF THE SOLICITOR GENERAL AND FOR OTHER PURPOSES,"ESCUDERO, FRANCIS G.","August 7, 2013",NATIONAL,OFFICE OF THE SOLICITOR GENERAL,JUSTICE AND HUMAN RIGHTS,PENDING IN THE COMMITTEE
Senate Bill No. 262,16th Congress (July 2013 - 2016),https://ldr.senate.gov.ph/bills/senate-bill-no-262-16th-congress-republic,MENU LABELING ACT OF 2013,AN ACT REQUIRING THE LISTING OF CALORIE CONTENT INFORMATION ON MENUS AND BOARDS OF FOOD ESTABLISHMENTS,"LAPID, MANUEL ""LITO"" M.","February 7, 2013",NATIONAL,nutrition FOOD ESTABLISHMENTS FOOD PRODUCTS LABEL,HEALTH AND DEMOGRAPHY,PENDING IN THE COMMITTEE
Senate Bill No. 326,16th Congress (July 2013 - 2016),https://ldr.senate.gov.ph/bills/senate-bill-no-326-16th-congress-republic,NORTHERN NEGROS NATURAL PARK (NNNP) ACT OF 2013,"AN ACT ESTABLISHING THE AREA COVERED BY THE NORTHERN NEGROS FOREST RESERVE SITUATED IN THE CITIES OF TALISAY, SILAY, VICTORIAS, CADIZ, SAGAY AND SAN CARLOS AND THE MUNICIPALITIES OF E.B. MAGALONA, MURCIA, TOBOSO, CALATRAVA AND DON SALVADOR BENEDICTO, PROVINCE OF NEGROS OCCIDENTAL AS A PROTECTED AREA PROVIDING FOR ITS MANAGEMENT PURSUANT TO R.A. 7586 (NIPAS ACT OF 1992) AND SHALL BE KNOWN AS THE NORTHERN NEGROS NATURAL PARK","CAYETANO, PIA S.","March 7, 2013",NATIONAL,PROTECTED AREA/PROTECTED LANDSCAPE,ENVIRONMENT AND NATURAL RESOURCES,CONSOLIDATED/SUBSTITUTED IN THE COMMITTEE REPORT
Senate Bill No. 126,16th Congress (July 2013 - 2016),https://ldr.senate.gov.ph/bills/senate-bill-no-126-16th-congress-republic,"CYBERCRIME PREVENTION, REPEALING","AN ACT REPEALING SECTION 4 (C) (4), CHAPTER II OF REPUBLIC ACT NO. 10175","ESCUDERO, FRANCIS G.","January 7, 2013",NATIONAL,CYBERCRIME LIBEL (ELECTRONIC LIBEL/E-LIBEL),SCIENCE AND TECHNOLOGY,PENDING IN THE COMMITTEE
Senate Bill No. 1771,16th Congress (July 2013 - 2016),https://ldr.senate.gov.ph/bills/senate-bill-no-1771-16th-congress-republic,"AMENDING ARTS. 333 AND 344, PENAL CODE (ELIMINATING GENDER BIAS IN ADULTERY AND CONCUBINAGE)","AN ACT AMENDING ARTICLES 333 AND 344, AND REPEALING ARTICLE 334, OF ACT NO. 3815, AS AMENDED, OTHERWISE KNOWN AS THE PENAL CODE, ELIMINATING GENDER BIAS IN ADULTERY AND CONCUBINAGE",Miriam Defensor Santiago,"February 10, 2013",NATIONAL,REVISED PENAL CODE (R.A. NO. 3815) CONCUBINAGE/MARITAL INFIDELITY GENDER DISCRIMINATION,"WOMEN, CHILDREN, FAMILY RELATIONS AND GENDER EQUALITY",PENDING IN THE COMMITTEE
Senate Bill No. 537,16th Congress (July 2013 - 2016),https://ldr.senate.gov.ph/bills/senate-bill-no-537-16th-congress-republic,SOLO PARENTS' WELFARE ACT,"AN ACT AMENDING REPUBLIC ACT NO. 8972, OTHERWISE KNOWN AS THE SOLO PARENTS' WELFARE ACT OF 2010, BY PROVIDING FOR ADDITIONAL BENEFITS AND PENAL PROVISION FOR VIOLATIONS OF THE ACT","LEGARDA, LOREN B.","August 7, 2013",NATIONAL,SOLO PARENTS WELFARE ACT (R.A.NO. 8972),"WOMEN, CHILDREN, FAMILY RELATIONS AND GENDER EQUALITY",PENDING IN THE COMMITTEE
Senate Bill No. 1243,16th Congress (July 2013 - 2016),https://ldr.senate.gov.ph/bills/senate-bill-no-1243-16th-congress-republic,CONSUMER ACT OF THE PHILIPPINES,"AN ACT AMENDING REPUBLIC ACT NO. 7394, ALSO KNOWN AS THE CONSUMER ACT OF THE PHILIPPINES, TO MAKE IT UNLAWFUL TO SELL A RECALLED PRODUCT",Miriam Defensor Santiago,"August 8, 2013",NATIONAL,CONSUMER ACT (R.A.NO. 7394),"TRADE, COMMERCE AND ENTREPRENEURSHIP",PENDING IN THE COMMITTEE
Senate Bill No. 285,16th Congress (July 2013 - 2016),https://ldr.senate.gov.ph/bills/senate-bill-no-285-16th-congress-republic,ADDITIONAL TEACHER'S INSURANCE ACT,"AN ACT GRANTING ADDITIONAL INSURANCE BENEFITS TO ALL PUBLIC SCHOOL TEACHERS, PROVIDING FUNDS FOR THE PAYMENT OF ITS PREMIUMS, AND FOR OTHER PURPOSES","REVILLA JR., RAMON BONG","February 7, 2013",NATIONAL,TEACHERS INSURANCE,"CIVIL SERVICE, GOVERNMENT REORGANIZATION AND PROFESSIONAL REGULATION",PENDING IN THE COMMITTEE
Senate Bill No. 1307,16th Congress (July 2013 - 2016),https://ldr.senate.gov.ph/bills/senate-bill-no-1307-16th-congress-republic,GIFTED AND HANDICAPPED CHILDREN AND YOUTH ACT,AN ACT TO EXPAND AND REVITALIZE THE SPECIAL EDUCATION PROGRAM FOR GIFTED AND HANDICAPPED CHILDREN AND YOUTH IN THE PHILIPPINES,"EJERCITO, JOSEPH VICTOR G.","August 15, 2013",NATIONAL,SPECIAL EDUCATION CHILDREN AND YOUTH HANDICAPPED/DISABLED/DIFFERENTLY ABLED PERSONS WITH DISABILITIES (PWDS),"EDUCATION, ARTS AND CULTURE",PENDING IN THE COMMITTEE
Senate Bill No. 1489,16th Congress (July 2013 - 2016),https://ldr.senate.gov.ph/bills/senate-bill-no-1489-16th-congress-republic,RATES OF ESTATE TAX,"AN ACT INCREASING THE ESTATE TAX EXEMPTION, AMENDING FOR THE PURPOSE SECTION 84, CHAPTER I, ESTATE TAX, TITLE III OF THE NATIONAL INTERNAL REVENUE CODE OF 1997, AS AMENDED","ESCUDERO, FRANCIS G.","March 9, 2013",NATIONAL,TAX EXEMPTION Real estate tax NATIONAL INTERNAL REVENUE CODE (NIRC),WAYS AND MEANS,PENDING IN THE COMMITTEE
Senate Bill No. 1553,16th Congress (July 2013 - 2016),https://ldr.senate.gov.ph/bills/senate-bill-no-1553-16th-congress-republic,LAGUNA LAKE DEVELOPMENT AUTHORITY ACT OF 2013,"AN ACT TO STRENGTHEN THE LAGUNA LAKE DEVELOPMENT AUTHORITY (LLDA), REPEALING FOR THIS PURPOSE REPUBLIC ACT NO. 4850, AS AMENDED, OTHERWISE KNOWN AS THE LAGUNA DEVELOPMENT AUTHORITY ACT OF 1966, AND FOR OTHER PURPOSES","ESTRADA, JINGGOY E.","May 9, 2013",NATIONAL,LAGUNA LAKE DEVELOPMENT AUTHORITY (LLDA),GOVERNMENT CORPORATIONS AND PUBLIC ENTERPRISES,PENDING IN THE COMMITTEE
Senate Bill No. 631,16th Congress (July 2013 - 2016),https://ldr.senate.gov.ph/bills/senate-bill-no-631-16th-congress-republic,CENTER FOR INTERNATIONAL RELATIONS AND STRATEGIC STUDIES,AN ACT EXPANDING THE CENTER FOR INTERNATIONAL RELATIONS AND STRATEGIC STUDIES TO INCLUDE RESEARCH AND FORMULATION OF STRATEGIC OPTIONS FOR NATIONAL ECONOMIC AND SECURITY POLICIES,Antonio F. Trillanes IV,"August 7, 2013",NATIONAL,CENTER FOR INTERNATIONAL RELATIONS AND STRATEGIC STUDIES,ECONOMIC AFFAIRS,PENDING IN THE COMMITTEE
Senate Bill No. 722,16th Congress (July 2013 - 2016),https://ldr.senate.gov.ph/bills/senate-bill-no-722-16th-congress-republic,SOCIAL WELFARE AND DEVELOPMENT AGENCIES (SWDAS) ACT OF 2013,"AN ACT ESTABLISHING A COMPREHENSIVE SYSTEM FOR REGISTRATION AND LICENSING OF SOCIAL WELFARE AND DEVELOPMENT AGENCIES AND ACCREDITATION OF SOCIAL WELFARE AND DEVELOPMENT PROGRAMS AND SERVICES, AND APPROPRIATING FUNDS THEREFOR",Ralph G. Recto,"October 7, 2013",NATIONAL,Department of Social Welfare and Development (DSWD),"SOCIAL JUSTICE, WELFARE AND RURAL DEVELOPMENT",PENDING IN THE COMMITTEE
Senate Bill No. 1887,16th Congress (July 2013 - 2016),https://ldr.senate.gov.ph/bills/senate-bill-no-1887-16th-congress-republic,NATURAL DEATH ACT,"AN ACT RECOGNIZING THE FUNDAMENTAL RIGHT OF ADULT PERSONS TO DECIDE THEIR OWN HEALTH CARE, INCLUDING THE DECISION TO HAVE LIFE-SUSTAINING TREATMENT WITHHELD OR WITHDRAWN IN INSTANCES OF A TERMINAL CONDITION OR PERMANENT UNCONSCIOUS CONDITION",Miriam Defensor Santiago,"October 24, 2013",NATIONAL,NATURAL DEATH HEALTH CARE DELIVERY SYSTEM,HEALTH AND DEMOGRAPHY,PENDING IN THE COMMITTEE
Senate Bill No. 1951,16th Congress (July 2013 - 2016),https://ldr.senate.gov.ph/bills/senate-bill-no-1951-16th-congress-republic,ALLOWING LEGITIMATE CHILDREN TO BEAR THE SURNAME OF THE FATHER AND/OR THE MOTHER,"AN ACT ALLOWING LEGITIMATE CHILDREN TO BEAR THE SURNAME OF THE FATHER AND/OR THE MOTHER, AMENDING FOR THE PURPOSE EXECUTIVE ORDER NO. 209, AS AMENDED, OTHERWISE KNOWN AS THE FAMILY CODE OF THE PHILIPPINES, ARTICLE 174",Miriam Defensor Santiago,"November 26, 2013",NATIONAL,FAMILY CODE (E.O. NO. 209),"WOMEN, CHILDREN, FAMILY RELATIONS AND GENDER EQUALITY",PENDING IN THE COMMITTEE
Senate Bill No. 408,16th Congress (July 2013 - 2016),https://ldr.senate.gov.ph/bills/senate-bill-no-408-16th-congress-republic,"THE HYDROGEN RESEARCH, PROMOTION AND DEVELOPMENT ACT OF 2013","AN ACT CREATING A HYDROGEN RESEARCH AND DEVELOPMENT CENTER AND PROVIDING FUNDS THEREFOR, AND FOR OTHER PURPOSES","Ferdinand ""Bongbong"" R. Marcos, Jr.","March 7, 2013",NATIONAL,HYDROGEN ENERGY,ENERGY,PENDING IN THE COMMITTEE
Senate Bill No. 476,16th Congress (July 2013 - 2016),https://ldr.senate.gov.ph/bills/senate-bill-no-476-16th-congress-republic,AMUSEMENT INDUSTRY SAFETY BOARD ACT,"AN ACT CREATING THE AMUSEMENT INDUSTRY SAFETY BOARD THEREBY STRENGTHENING THE AMUSEMENT PARKS AND RIDES INDUSTRY, INSTITUTING SAFETY STANDARDS AND PROVIDING FUNDS THEREFOR",Antonio F. Trillanes IV,"April 7, 2013",NATIONAL,AMUSEMENT RIDES,"GAMES, AMUSEMENT AND SPORTS",PENDING IN THE COMMITTEE
Senate Bill No. 136,16th Congress (July 2013 - 2016),https://ldr.senate.gov.ph/bills/senate-bill-no-136-16th-congress-republic,APPRENTICESHIP TRAINING ACT OF 2013,"AN ACT REFORMING THE NATIONAL APPRENTICESHIP PROGRAM AND PROVIDING STANDARDS FOR THE TRAINING AND EMPLOYMENT OF APPRENTICES, AND REGULATORY STANDARDS FOR ACCREDITATION OF APPRENTICESHIP PROGRAMS","ESTRADA, JINGGOY E.","January 7, 2013",NATIONAL,APPRENTICE,"LABOR, EMPLOYMENT AND HUMAN RESOURCES DEVELOPMENT","PENDING SECOND READING, SPECIAL ORDER"
Senate Bill No. 757,16th Congress (July 2013 - 2016),https://ldr.senate.gov.ph/bills/senate-bill-no-757-16th-congress-republic,NATIONAL I.D. SYSTEM LAW OF 2013,AN ACT ESTABLISHING THE NATIONAL IDENTIFICATION SYSTEM AND FOR OTHER PURPOSES,"ESTRADA, JINGGOY E.","July 15, 2013",NATIONAL,IDENTIFICATION SYSTEM,JUSTICE AND HUMAN RIGHTS,PENDING IN THE COMMITTEE
Senate Bill No. 193,16th Congress (July 2013 - 2016),https://ldr.senate.gov.ph/bills/senate-bill-no-193-16th-congress-republic,PHTHALATE-FREE TOY ACT,AN ACT PROHIBITING THE SALE OF TOYS AND OTHER ARTICLES CONTAINING PHTHALATES TO CHILDREN THREE YEARS OF AGE AND BELOW,Miriam Defensor Santiago,"January 7, 2013",NATIONAL,PHTHALATES TOY SAFETY,HEALTH AND DEMOGRAPHY,PENDING IN THE COMMITTEE
Senate Bill No. 821,16th Congress (July 2013 - 2016),https://ldr.senate.gov.ph/bills/senate-bill-no-821-16th-congress-republic,YOUNG FARMERS PROGRAM ACT OF 2013,"AN ACT INSTITUTIONALIZING THE YOUNG FARMERS' PROGRAM, PROVIDING FUNDS THEREFOR AND FOR OTHER PURPOSES",Antonio F. Trillanes IV,"July 16, 2013",NATIONAL,FARMERS/FISHERFOLK,AGRICULTURE AND FOOD,PENDING IN THE COMMITTEE
Senate Bill No. 1601,16th Congress (July 2013 - 2016),https://ldr.senate.gov.ph/bills/senate-bill-no-1601-16th-congress-republic,CHILDREN'S ENVIRONMENTAL PROTECTION ACT,"AN ACT TO PROTECT CHILDREN AND OTHER VULNERABLE SUBPOPULATIONS FROM EXPOSURE TO ENVIRONMENTAL POLLUTANTS, AND FOR OTHER PURPOSES","ESTRADA, JINGGOY E.","October 9, 2013",NATIONAL,CHILDREN AND YOUTH ENVIRONMENTAL PROTECTION POLLUTION,YOUTH,PENDING IN THE COMMITTEE
Senate Bill No. 1665,16th Congress (July 2013 - 2016),https://ldr.senate.gov.ph/bills/senate-bill-no-1665-16th-congress-republic,EMERGENCY MEDICAL SERVICES AND TRAUMA CARE IMPROVEMENT ACT,AN ACT TO IMPROVE EMERGENCY MEDICAL SERVICES AND TRAUMA CARE,"ESTRADA, JINGGOY E.","September 16, 2013",NATIONAL,EMERGENCY MEDICAL SERVICES AND TRAUMA CARE,HEALTH AND DEMOGRAPHY,PENDING IN THE COMMITTEE
Senate Bill No. 1040,16th Congress (July 2013 - 2016),https://ldr.senate.gov.ph/bills/senate-bill-no-1040-16th-congress-republic,ANTI-EXPLOITIVE CHILD MODELING ACT,AN ACT DEFINING THE CRIME OF EXPLOITIVE CHILD MODELING AND PROVIDING PENALTIES,Miriam Defensor Santiago,"July 22, 2013",NATIONAL,Child labor CHILDREN/CHILD CARE,"WOMEN, CHILDREN, FAMILY RELATIONS AND GENDER EQUALITY",PENDING IN THE COMMITTEE
Senate Bill No. 893,16th Congress (July 2013 - 2016),https://ldr.senate.gov.ph/bills/senate-bill-no-893-16th-congress-republic,LOCAL HOLIDAYS ACT OF 2013,"AN ACT AUTHORIZING THE SANGGUNIANG PANLALAWIGAN, SANGGUNIANG PANLUNGSOD OR SANGGUNIANG BAYAN, TO DECLARE WORKING OR NON-WORKING SPECIAL HOLIDAYS IN THEIR RESPECTIVE LOCALITIES TO COMMEMORATE SIGNIFICANT HISTORIC EVENTS PROVIDING GUIDELINES THEREFOR, AND FOR OTHER PURPOSES","ESTRADA, JINGGOY E.","July 17, 2013",NATIONAL,HOLIDAYS (LOCAL SANGGUNIANS),LOCAL GOVERNMENT,PENDING IN THE COMMITTEE
Senate Bill No. 1119,16th Congress (July 2013 - 2016),https://ldr.senate.gov.ph/bills/senate-bill-no-1119-16th-congress-republic,LEGISLATIVE CAREER SERVICE FOR THE CONGRESS OF THE PHILIPPINES,AN ACT STRENGTHENING AND RATIONALIZING THE CAREER SERVICE OF THE CONGRESS OF THE PHILIPPINES BY ESTABLISHING A LEGISLATIVE CAREER SERVICE AND LEGISLATIVE ACADEMY AND FOR OTHER PURPOSES,Antonio F. Trillanes IV,"July 29, 2013",NATIONAL,LEGISLATIVE CAREER SERVICE,ACCOUNTS,PENDING IN THE COMMITTEE
Senate Bill No. 2025,16th Congress (July 2013 - 2016),https://ldr.senate.gov.ph/bills/senate-bill-no-2025-16th-congress-republic,NATIONAL STUDENT LOAN PROGRAM FOR THE POOR ACT OF 2013,"AN ACT CREATING A NATIONAL STUDENT LOAN BOARD TO IMPLEMENT A NATIONAL STUDENT LOAN PROGRAM FOR THE POOR, DEFINING ITS IMPLEMENTING GUIDELINES, RULES AND REGULATIONS AND APPROPRIATING FUNDS THEREFOR","ESTRADA, JINGGOY E.","November 12, 2013",NATIONAL,STUDENT LOAN PROGRAM,"EDUCATION, ARTS AND CULTURE",CONSOLIDATED/SUBSTITUTED IN THE COMMITTEE REPORT
Senate Bill No. 957,16th Congress (July 2013 - 2016),https://ldr.senate.gov.ph/bills/senate-bill-no-957-16th-congress-republic,BOY SCOUTS OF THE PHILIPPINES CHARTER OF 2013,"AN ACT INSTITUTING THE BOY SCOUTS OF THE PHILIPPINES CHARTER, DEFINING ITS OBJECTIVES, POWER AND FUNCTIONS, REPEALING FOR THE PURPOSE COMMONWEALTH ACT NO. 111, AS AMENDED","REVILLA JR., RAMON BONG","July 18, 2013",NATIONAL,BOY SCOUT/GIRL SCOUT,GOVERNMENT CORPORATIONS AND PUBLIC ENTERPRISES,PENDING IN THE COMMITTEE
Senate Bill No. 1201,16th Congress (July 2013 - 2016),https://ldr.senate.gov.ph/bills/senate-bill-no-1201-16th-congress-republic,GIRL SCOUTS OF THE PHILIPPINES,"AN ACT AMENDING COMMONWEALTH ACT NO. 542, OTHERWISE KNOWN AS AN ACT TO CREATE A CORPORATION TO BE KNOWN AS THE GIRL SCOUTS OF THE PHILIPPINES, AND TO DEFINE ITS POWERS AND PURPOSES",Miriam Defensor Santiago,"January 8, 2013",NATIONAL,BOY SCOUT/GIRL SCOUT,GOVERNMENT CORPORATIONS AND PUBLIC ENTERPRISES,PENDING IN THE COMMITTEE
Senate Bill No. 1384,16th Congress (July 2013 - 2016),https://ldr.senate.gov.ph/bills/senate-bill-no-1384-16th-congress-republic,SPAM CONTROL ACT OF 2013,"AN ACT TO PROVIDE FOR THE CONTROL OF SPAM, WHICH IS UNSOLICITED COMMERCIAL COMMUNICATIONS SENT IN BULK BY ELECTRONIC MAIL OR BY TEXT OR BY MULTIMEDIA MESSAGING TO MOBILE TELEPHONE NUMBERS, AND FOR OTHER PURPOSES","ESTRADA, JINGGOY E.","August 28, 2013",NATIONAL,SPAM CONTROL CELLULAR PHONES/CELL PHONES,PUBLIC SERVICES,PENDING IN THE COMMITTEE
Senate Bill No. 1447,16th Congress (July 2013 - 2016),https://ldr.senate.gov.ph/bills/senate-bill-no-1447-16th-congress-republic,SYNCHRONIZED ELECTION LAW,AN ACT AMENDING SECTION 32 OF REPUBLIC ACT NO. 7166,Miriam Defensor Santiago,"August 29, 2013",NATIONAL,FIREARMS ELECTIONS/ELECTORAL REFORMS,ELECTORAL REFORMS AND PEOPLES PARTICIPATION,PENDING IN THE COMMITTEE
Senate Bill No. 19,16th Congress (July 2013 - 2016),https://ldr.senate.gov.ph/bills/senate-bill-no-19-16th-congress-republic,PHILIPPINE IMMIGRATION ACT,PHILIPPINE IMMIGRATION ACT,"ESCUDERO, FRANCIS G.","January 7, 2013",NATIONAL,PHILIPPINE IMMIGRATION ACT,JUSTICE AND HUMAN RIGHTS,PENDING IN THE COMMITTEE
Senate Bill No. 111,16th Congress (July 2013 - 2016),https://ldr.senate.gov.ph/bills/senate-bill-no-111-16th-congress-republic,THE URBAN DEVELOPMENT AND HOUSING ACT OF 1992,"AN ACT AMENDING SECTION 20 OF REPUBLIC ACT NO. 7279, OTHERWISE KNOWN AS THE URBAN DEVELOPMENT AND HOUSING ACT (UDHA) OF 1992","Ferdinand ""Bongbong"" R. Marcos, Jr.","January 7, 2013",NATIONAL,URBAN DEVELOPMENT AND HOUSING ACT,"URBAN PLANNING, HOUSING AND RESETTLEMENT",PENDING IN THE COMMITTEE
Senate Bill No. 904,16th Congress (July 2013 - 2016),https://ldr.senate.gov.ph/bills/senate-bill-no-904-16th-congress-republic,NATIONAL RESEARCH CENTER FOR BANANA,"AN ACT TO ESTABLISH THE NATIONAL RESEARCH, DEVELOPMENT AND EXTENSION CENTER FOR BANANA, AUTHORIZING THE APPROPRIATION OF FUNDS THEREFOR, AND FOR OTHER PURPOSES",Antonio F. Trillanes IV,"July 18, 2013",NATIONAL,BANANA,AGRICULTURE AND FOOD,PENDING IN THE COMMITTEE
Senate Bill No. 1149,16th Congress (July 2013 - 2016),https://ldr.senate.gov.ph/bills/senate-bill-no-1149-16th-congress-republic,CHARTER OF THE PHILIPPINE TRADE REPRESENTATIVE OFFICE,"AN ACT CREATING THE PHILIPPINE TRADE REPRESENTATIVE OFFICE, APPROPRIATING FUNDS THEREFOR AND FOR OTHER PURPOSES",Antonio F. Trillanes IV,"July 29, 2013",NATIONAL,PHILIPPINE TRADE REPRESENTATIVE OFFICE,"TRADE, COMMERCE AND ENTREPRENEURSHIP",CONSOLIDATED/SUBSTITUTED IN THE COMMITTEE REPORT
Senate Bill No. 1009,16th Congress (July 2013 - 2016),https://ldr.senate.gov.ph/bills/senate-bill-no-1009-16th-congress-republic,PHILIPPINE NURSING PRACTICE REFORM ACT OF 2013,"AN ACT INSTITUTING REFORMS TO FURTHER PROTECT AND DEVELOP THE NURSING PROFESSION, REPEALING FOR THE PURPOSE REPUBLIC ACT NUMBERED NINETY-ONE HUNDRED AND SEVENTY-THREE, OTHERWISE KNOWN AS THE PHILIPPINE NURSING ACT OF 2002",Antonio F. Trillanes IV,"July 22, 2013",NATIONAL,NURSES,"CIVIL SERVICE, GOVERNMENT REORGANIZATION AND PROFESSIONAL REGULATION",CONSOLIDATED/SUBSTITUTED IN THE COMMITTEE REPORT
Senate Bill No. 1212,16th Congress (July 2013 - 2016),https://ldr.senate.gov.ph/bills/senate-bill-no-1212-16th-congress-republic,NATIONAL MARICULTURE PROGRAM OF 2013,"AN ACT ESTABLISHING THE NATIONAL MARICULTURE PROGRAM, PROVIDING FUNDS THEREFOR, AND FOR OTHER PURPOSES",Ralph G. Recto,"June 8, 2013",NATIONAL,NATIONAL MARICULTURE PROGRAM,AGRICULTURE AND FOOD,PENDING IN THE COMMITTEE
Senate Bill No. 1395,16th Congress (July 2013 - 2016),https://ldr.senate.gov.ph/bills/senate-bill-no-1395-16th-congress-republic,ECONOMIC COORDINATION ACT OF 2013,"AN ACT ENHANCING ECONOMIC COORDINATION, ADOPTING THE APPROPRIATE MECHANISM THEREOF, AND FOR OTHER PURPOSES","ESTRADA, JINGGOY E.","August 29, 2013",NATIONAL,ECONOMIC COORDINATION,ECONOMIC AFFAIRS,PENDING IN THE COMMITTEE
Senate Bill No. 1458,16th Congress (July 2013 - 2016),https://ldr.senate.gov.ph/bills/senate-bill-no-1458-16th-congress-republic,STUDY NOW PAY LATER PLAN OF 2013,"STRENGTHENING THE STUDY NOW, PAY LATER PLAN FOR POST-SECONDARY EDUCATION","Paolo Benigno ""Bam"" Aquino IV","February 9, 2013",NATIONAL,STUDY-NOW-PAY-LATER PLAN,"EDUCATION, ARTS AND CULTURE",CONSOLIDATED/SUBSTITUTED IN THE COMMITTEE REPORT
Senate Bill No. 30,16th Congress (July 2013 - 2016),https://ldr.senate.gov.ph/bills/senate-bill-no-30-16th-congress-republic,SUSTAINABLE FOREST MANAGEMENT (SFM) ACT OF 2013,AN ACT PROVIDING FOR SUSTAINABLE FOREST MANAGEMENT,"CAYETANO, PIA S.","January 7, 2013",NATIONAL,SUSTAINABLE FOREST MANAGEMENT,ENVIRONMENT AND NATURAL RESOURCES,PENDING IN THE COMMITTEE
Senate Bill No. 117,16th Congress (July 2013 - 2016),https://ldr.senate.gov.ph/bills/senate-bill-no-117-16th-congress-republic,FIRST-CLASS PUBLIC SCHOOLS AND LIBRARIES ACT OF 2013,"AN ACT ESTABLISHING A NATIONAL FIRST-CLASS DEVELOPMENT PROGRAM OF PUBLIC ELEMENTARY AND SECONDARY SCHOOLS AND PUBLIC LIBRARIES AND APPROPRIATING FUNDS THEREFOR, AND FOR OTHER PURPOSES","Ferdinand ""Bongbong"" R. Marcos, Jr.","January 7, 2013",NATIONAL,FIRST-CLASS PUBLIC SCHOOLS AND LIBRARY,"EDUCATION, ARTS AND CULTURE",PENDING IN THE COMMITTEE
Senate Bill No. 577,16th Congress (July 2013 - 2016),https://ldr.senate.gov.ph/bills/senate-bill-no-577-16th-congress-republic,"FAMILY CODE (ARTICLE 111, AMENDMENTS)","AN ACT AMENDING EXECUTIVE ORDER NO. 209, ALSO KNOWN AS THE FAMILY CODE, ARTICLE 111, TO ALLOW EITHER SPOUSE TO MORTGAGE, ENCUMBER, ALIENATE, OR OTHERWISE DISPOSE OF HIS OR HER EXCLUSIVE PROPERTY",Miriam Defensor Santiago,"August 7, 2013",NATIONAL,FAMILY CODE (E.O. NO. 209),"WOMEN, CHILDREN, FAMILY RELATIONS AND GENDER EQUALITY",PENDING IN THE COMMITTEE
Senate Bill No. 1814,16th Congress (July 2013 - 2016),https://ldr.senate.gov.ph/bills/senate-bill-no-1814-16th-congress-republic,TRAVELING SALES CREWS PROTECTION ACT,AN ACT PROTECTING TRAVELING SALES CREW EMPLOYEES,Miriam Defensor Santiago,"March 10, 2013",NATIONAL,TRAVELING SALES CREWS,"LABOR, EMPLOYMENT AND HUMAN RESOURCES DEVELOPMENT",PENDING IN THE COMMITTEE
Senate Bill No. 565,16th Congress (July 2013 - 2016),https://ldr.senate.gov.ph/bills/senate-bill-no-565-16th-congress-republic,HOMES FOR THE ELDERLY ACT,AN ACT REGULATING HOMES FOR THE ELDERLY,Miriam Defensor Santiago,"August 7, 2013",NATIONAL,SENIOR CITIZEN/ELDERLY,"SOCIAL JUSTICE, WELFARE AND RURAL DEVELOPMENT",PENDING IN THE COMMITTEE
Senate Bill No. 1222,16th Congress (July 2013 - 2016),https://ldr.senate.gov.ph/bills/senate-bill-no-1222-16th-congress-republic,REVISED PENAL CODE (SPECIAL TIME ALLOWANCE FOR LOYALTY),"AN ACT AMENDING ARTICLE 98 OF ACT. NO. 3815, AS AMENDED, OTHERWISE KNOWN AS THE REVISED PENAL CODE","EJERCITO, JOSEPH VICTOR G.","June 8, 2013",NATIONAL,PRISONERS/INMATES REVISED PENAL CODE (R.A. NO. 3815),JUSTICE AND HUMAN RIGHTS,PENDING IN THE COMMITTEE
Senate Bill No. 315,16th Congress (July 2013 - 2016),https://ldr.senate.gov.ph/bills/senate-bill-no-315-16th-congress-republic,CREDIT CARD HOLDERS PROTECTION,AN ACT PROVIDING PROTECTION TO CREDIT CARD HOLDERS BY SETTING A CEILING ON INTEREST RATES AND SURCHARGES AND PROHIBITING HIDDEN PENALTIES OR COSTS IMPOSED BY BANKS AND SIMILAR FINANCIAL INSTITUTIONS ON PURCHASES AND CASH ADVANCES MADE THROUGH CREDIT FACILITY,"VILLAR, CYNTHIA A.","February 7, 2013",NATIONAL,CREDIT CARD,"BANKS, FINANCIAL INSTITUTIONS AND CURRENCIES",CONSOLIDATED/SUBSTITUTED IN THE COMMITTEE REPORT
Senate Bill No. 1286,16th Congress (July 2013 - 2016),https://ldr.senate.gov.ph/bills/senate-bill-no-1286-16th-congress-republic,WHISTLEBLOWER PROTECTION ACT FO 2013,"AN ACT PROVIDING FOR PROTECTION, SECURITY AND BENEFITS OF WHISTLEBLOWERS","ESTRADA, JINGGOY E.","August 15, 2013",NATIONAL,WHISTLEBLOWERS,JUSTICE AND HUMAN RIGHTS,PENDING IN THE COMMITTEE
Senate Bill No. 606,16th Congress (July 2013 - 2016),https://ldr.senate.gov.ph/bills/senate-bill-no-606-16th-congress-republic,PLEDGE OF PERSONAL PROPERTY (DOCUMENTARY STAMP TAX EXEMPT),"AN ACT EXEMPTING PLEDGE OF PERSONAL PROPERTY COVERING A LOAN OF MONEY NOT EXCEEDING TEN THOUSAND PESOS FROM DOCUMENTARY STAMP TAX, AMENDING FOR THE PURPOSE SECTION 199 OF THE NATIONAL INTERNAL REVENUE OF 1997, AS AMENDED","ESCUDERO, FRANCIS G.","August 7, 2013",NATIONAL,DOCUMENTARY STAMP TAX NATIONAL INTERNAL REVENUE CODE (NIRC),WAYS AND MEANS,PENDING IN THE COMMITTEE
Senate Bill No. 1794,16th Congress (July 2013 - 2016),https://ldr.senate.gov.ph/bills/senate-bill-no-1794-16th-congress-republic,PROFESSIONAL DRIVER'S EDUCATION ACT,AN ACT REQUIRING SPECIAL DRIVER'S EDUCATION FOR PROFESSIONAL AND TRUCK DRIVERS,Miriam Defensor Santiago,"March 10, 2013",NATIONAL,DRIVER EDUCATION ACT,PUBLIC SERVICES,PENDING IN THE COMMITTEE
Senate Bill No. 860,16th Congress (July 2013 - 2016),https://ldr.senate.gov.ph/bills/senate-bill-no-860-16th-congress-republic,INTERNATIONAL MONEY TRANSFER DISCLOSURE ACT,AN ACT TO REQUIRE CERTAIN DISCLOSURES IN CONNECTION WITH ANY INTERNATIONAL MONEY TRANSFER AND FOR OTHER PURPOSES,"ESTRADA, JINGGOY E.","July 17, 2013",NATIONAL,INTERNATIONAL MONEY TRANSFER,"BANKS, FINANCIAL INSTITUTIONS AND CURRENCIES",PENDING IN THE COMMITTEE
Senate Bill No. 278,16th Congress (July 2013 - 2016),https://ldr.senate.gov.ph/bills/senate-bill-no-278-16th-congress-republic,DEPARTMENT OF FISHERIES AND AQUATIC RESOURCES ACT OF 2013,"AN ACT CREATING A DEPARTMENT OF FISHERIES AND AQUATIC RESOURCES, PROVIDING FOR ITS POWERS AND FUNCTIONS, AND FOR OTHER PURPOSES","REVILLA JR., RAMON BONG","February 7, 2013",NATIONAL,DEPARTMENT OF FISHERIES AND AQUATIC RESOURCES,AGRICULTURE AND FOOD,PENDING IN THE COMMITTEE
Senate Bill No. 1486,16th Congress (July 2013 - 2016),https://ldr.senate.gov.ph/bills/senate-bill-no-1486-16th-congress-republic,"CAREER PROFESSIONAL ELIGIBILITY TO SANGGUNIANG BAYAN, SANGGUNIANG PANLUNGSOD","AN ACT CONFERRING CAREER PROFESSIONAL ELIGIBILITY UPON REGULAR AND EX-OFFICIO MEMBERS OF THE SANGGUNIANG BAYAN, SANGGUNIANG PANLUNGSOD, AND SANGGUNIANG PANLALAWIGAN, AND FOR OTHER PURPOSES","ESTRADA, JINGGOY E.","March 9, 2013",NATIONAL,N/A,N/A,WITHDRAWN
Senate Bill No. 924,16th Congress (July 2013 - 2016),https://ldr.senate.gov.ph/bills/senate-bill-no-924-16th-congress-republic,EARLY VOTING FOR ELECTORAL STAFF ACT OF 2013,AN ACT PROVIDING FOR EARLY VOTING FOR QUALIFIED MEMBERS OF THE STAFF OF ELECTORAL CANDIDATES AND REGISTERED NATIONAL POLITICAL PARTIES,"LAPID, MANUEL ""LITO"" M.","July 18, 2013",NATIONAL,POLITICAL PARTY ELECTIONS/ELECTORAL REFORMS,ELECTORAL REFORMS AND PEOPLES PARTICIPATION,CONSOLIDATED/SUBSTITUTED IN THE COMMITTEE REPORT
Senate Bill No. 341,16th Congress (July 2013 - 2016),https://ldr.senate.gov.ph/bills/senate-bill-no-341-16th-congress-republic,"AMENDING NIRC, TO INCLUDE THE SALE OR IMPORTATION OF HUMAN ORGAN IMPLANTS BY CHARITABLE INSTITUTIONS","AN ACT AMENDING SECTION 109 OF THE NATIONAL INTERNAL REVENUE CODE, AS AMENDED, AND FOR OTHER PURPOSES","LEGARDA, LOREN B.","March 7, 2013",NATIONAL,NATIONAL INTERNAL REVENUE CODE (NIRC) HUMAN ORGANS,WAYS AND MEANS,PENDING IN THE COMMITTEE
Senate Bill No. 1550,16th Congress (July 2013 - 2016),https://ldr.senate.gov.ph/bills/senate-bill-no-1550-16th-congress-republic,"AMENDING ARTS. 155 & 157, INCREASING THE VALUE ATTACHED TO THE FAMILY HOME","AN ACT AMENDING ARTICLES 155 AND 157 OF EXECUTIVE ORDER NO. 209 AS AMENDED, OTHERWISE KNOWN AS THE FAMILY CODE OF THE PHILIPPINES, SO AS TO STRENGTHEN THE PROVISIONS OF THE LAW GOVERNING THE FAMILY HOME","ESTRADA, JINGGOY E.","May 9, 2013",NATIONAL,FAMILY HOME FAMILY CODE (E.O. NO. 209),"WOMEN, CHILDREN, FAMILY RELATIONS AND GENDER EQUALITY",PENDING IN THE COMMITTEE
Senate Bill No. 628,16th Congress (July 2013 - 2016),https://ldr.senate.gov.ph/bills/senate-bill-no-628-16th-congress-republic,FISCAL AND MONETARY BOARD ACT OF 2013,AN ACT MANDATING THE SECRETARY OF THE DEPARTMENT OF FINANCE AND THE GOVERNOR OF THE BANGKO SENTRAL NG PILIPINAS TO APPEAR BEFORE CONGRESS SEMI-ANNUALLY TO REPORT ON THE STATUS AND DIRECTIONS OF THE FISCAL AND MONETARY POLICIES OF THE STATE,Ralph G. Recto,"August 7, 2013",NATIONAL,BANGKO SENTRAL NG PILIPINAS (BSP) DEPARTMENT OF FINANCE,FINANCE,SENT TO THE ARCHIVES
Senate Bill No. 1242,16th Congress (July 2013 - 2016),https://ldr.senate.gov.ph/bills/senate-bill-no-1242-16th-congress-republic,PHILIPPINE INDEPENDENT FILMS ACT,AN ACT ENCOURAGING THE PRODUCTION OF PHILIPPINE INDEPENDENT FILMS BY PROVIDING INCENTIVES TO FILMMAKERS WHO ARE GIVEN HONORS IN CREDIBLE INTERNATIONAL FILM COMPETITIONS,Miriam Defensor Santiago,"August 8, 2013",NATIONAL,FILM/MOVIE INDUSTRY,PUBLIC INFORMATION AND MASS MEDIA,PENDING IN THE COMMITTEE
Senate Bill No. 668,16th Congress (July 2013 - 2016),https://ldr.senate.gov.ph/bills/senate-bill-no-668-16th-congress-republic,NATIONAL RAILWAYS ACT OF 2013,"AN ACT ACCELERATING THE DEVELOPMENT OF A NATIONAL RAILWAY SYSTEM, CREATING FOR THE PURPOSE THE NATIONAL RAILWAY AUTHORITY, PRESCRIBING ITS POWERS, FUNCTIONS AND DUTIES AND FOR OTHER PURPOSES","LEGARDA, LOREN B.","September 7, 2013",NATIONAL,NATIONAL RAILWAY AUTHORITY,GOVERNMENT CORPORATIONS AND PUBLIC ENTERPRISES,PENDING IN THE COMMITTEE
Senate Bill No. 1868,16th Congress (July 2013 - 2016),https://ldr.senate.gov.ph/bills/senate-bill-no-1868-16th-congress-republic,PEDIATRIC RARE DISEASES AND CONDITIONS RESEARCH ACT,AN ACT MANDATING THE UNIVERSITY OF THE PHILIPPINES NATIONAL INSTITUTES OF HEALTH TO CONDUCT RESEARCH ON PEDIATRIC RARE DISEASES AND CONDITIONS,Miriam Defensor Santiago,"October 21, 2013",NATIONAL,RARE DISEASES University of the Philippines (U.P.),HEALTH AND DEMOGRAPHY,CONSOLIDATED/SUBSTITUTED IN THE COMMITTEE REPORT
Senate Bill No. 1306,16th Congress (July 2013 - 2016),https://ldr.senate.gov.ph/bills/senate-bill-no-1306-16th-congress-republic,PHILIPPINE VOIP ACT OF 2013,AN ACT TO PROMOTE AND GOVERN THE DEVELOPMENT OF VOICE OVER INTERNET PROTOCOL IN THE PHILIPPINES,"EJERCITO, JOSEPH VICTOR G.","August 15, 2013",NATIONAL,VOIP (VOICE OVER INTERNET PROTOCOL),SCIENCE AND TECHNOLOGY,PENDING IN THE COMMITTEE
Senate Bill No. 1932,16th Congress (July 2013 - 2016),https://ldr.senate.gov.ph/bills/senate-bill-no-1932-16th-congress-republic,"WHISTLEBLOWERS PROTECTION, SECURITY AND BENEFIT ACT OF 2013","AN ACT PROVIDING FOR THE PROTECTION, SECURITY AND BENEFITS OF WHISTLEBLOWERS, APPROPRIATING FUNDS THEREFOR AND FOR OTHER PURPOSES","EJERCITO, JOSEPH VICTOR G.","November 18, 2013",NATIONAL,WHISTLEBLOWERS,JUSTICE AND HUMAN RIGHTS,PENDING IN THE COMMITTEE
Senate Bill No. 347,16th Congress (July 2013 - 2016),https://ldr.senate.gov.ph/bills/senate-bill-no-347-16th-congress-republic,PHILIPPINE ECONOMIC ENVIRONMENTAL AND NATURAL RESOURCES ACCOUNTING ACT OF 2013,"AN ACT INSTITUTIONALIZING THE ENVIRONMENTAL AND NATURAL RESOURCES ACCOUNTING SYSTEM, DESIGNATING THE AGENCIES RESPONSIBLE FOR ITS IMPLEMENTATION, PROVIDING INSTITUTIONAL ARRANGEMENTS AMONG RESPONSIBLE AGENCIES AND APPROPRIATING FUNDS THEREOF AND FOR OTHER PURPOSES","LEGARDA, LOREN B.","March 7, 2013",NATIONAL,PHILIPPINE ECONOMIC ENVIRONMENTAL & NATURAL RESOURCES ACCOUNTING (PEENRA),ENVIRONMENT AND NATURAL RESOURCES,PENDING IN THE COMMITTEE
Senate Bill No. 970,16th Congress (July 2013 - 2016),https://ldr.senate.gov.ph/bills/senate-bill-no-970-16th-congress-republic,PILOT TRIBAL COMMUNITIES ACT OF 2013,"AN ACT TO PRESCRIBE THE ESTABLISHMENT OF PILOT TRIBAL COMMUNITIES AND/OR HOUSING IN EACH AND EVERY REGION IN THE PHILIPPINES, INCLUDING METRO MANILA, WHICH SHALL SERVE AS MODEL HUMAN SETTLEMENTS THAT WILL ADHERE, TO EXTENT PRACTICABLE, TO THE CULTURE AND TRADITIONS OF THE NATIONAL TRIBAL COMMUNITIES, WHILE PROVIDING THE BASIC CONVENIENCES OF MODERN LIVING, APPROPRIATING FUNDS THEREFOR AND FOR OTHER PURPOSES","ESTRADA, JINGGOY E.","July 22, 2013",NATIONAL,PILOT TRIBAL COMMUNITIES INDIGENOUS CULTURAL COMMUNITIES,CULTURAL COMMUNITIES,PENDING IN THE COMMITTEE
Senate Bill No. 427,16th Congress (July 2013 - 2016),https://ldr.senate.gov.ph/bills/senate-bill-no-427-16th-congress-republic,ALTERNATIVE DISPUTE RESOLUTION,AN ACT MANDATING THE IMPOSITION OF PENALTY LOWER THAN THAT PRESCRIBED BY LAW IN CRIMINAL CASES THE CIVIL CASE OF WHICH IS SETTLED THROUGH OR BY ALTERNATIVE DISPUTE RESOLUTION AMENDING FOR THAT PURPOSE REPUBLIC ACT NO. 9285,"ESCUDERO, FRANCIS G.","April 7, 2013",NATIONAL,ALTERNATIVE DISPUTE RESOLUTION (ADR),JUSTICE AND HUMAN RIGHTS,PENDING IN THE COMMITTEE
Senate Bill No. 1624,16th Congress (July 2013 - 2016),https://ldr.senate.gov.ph/bills/senate-bill-no-1624-16th-congress-republic,THE PHILIPPINE HIGH SCHOOL FOR SPORTS (PHSS) ACT,AN ACT CREATING AND ESTABLISHING THE PHILIPPINE HIGH SCHOOL FOR SPORTS,"CAYETANO, PIA S.","October 9, 2013",NATIONAL,PHILIPPINE HIGH SCHOOL FOR SPORTS (PHSS),"EDUCATION, ARTS AND CULTURE",PENDING IN THE COMMITTEE
Senate Bill No. 1063,16th Congress (July 2013 - 2016),https://ldr.senate.gov.ph/bills/senate-bill-no-1063-16th-congress-republic,EMERGENCY RICE RESERVES ACT OF 2013,AN ACT ESTABLISHING EMERGENCY RICE RESERVES AND FOR OTHER PURPOSES,"ESTRADA, JINGGOY E.","July 23, 2013",NATIONAL,RICE SECURITY NATIONAL FOOD AUTHORITY (NFA),AGRICULTURE AND FOOD,PENDING IN THE COMMITTEE
Senate Bill No. 1688,16th Congress (July 2013 - 2016),https://ldr.senate.gov.ph/bills/senate-bill-no-1688-16th-congress-republic,SARANGANI PROVINCE SPECIAL ECONOMIC ZONE ACT,"AN ACT ESTABLISHING THE SARANGANI PROVINCE SPECIAL ECONOMIC ZONE IN THE MUNICIPALITIES OF MAASIM, KIAMBA AND MAITUM, CREATING FOR THAT PURPOSE THE MAASIM-KIAMBA-MAITUM INDUSTRIAL TRIANGLE SPECIAL ECONOMIC ZONE AUTHORITY (MITSEZA), APPROPRIATING FUNDS THEREFOR AND FOR OTHER PURPOSES","ESTRADA, JINGGOY E.","September 16, 2013",NATIONAL,ECONOMIC ZONE,ECONOMIC AFFAIRS,PENDING IN THE COMMITTEE
Senate Bill No. 34,16th Congress (July 2013 - 2016),https://ldr.senate.gov.ph/bills/senate-bill-no-34-16th-congress-republic,ACCELERATED IRRIGATION ACT,"AN ACT TO PROMOTE RURAL DEVELOPMENT BY PROVIDING FOR A SIX-YEAR ACCELERATED IRRIGATION PROGRAM FOR THE CONSTRUCTION AND REHABILITATION OF IRRIGATION PROJECTS, AND FOR OTHER PURPOSES","VILLAR, CYNTHIA A.","January 7, 2013",NATIONAL,IRRIGATION,PUBLIC WORKS,PENDING IN THE COMMITTEE
Senate Bill No. 133,16th Congress (July 2013 - 2016),https://ldr.senate.gov.ph/bills/senate-bill-no-133-16th-congress-republic,STIFFER PENALTIES FOR VIOLATIONS OF R.A.NOS. 9231 AND 7610,"AN ACT AMENDING SECTIONS 16(A) AND 16(B) OF REPUBLIC ACT NO. 9231, OTHERWISE KNOWN AS 'AN ACT PROVIDING FOR THE ELIMINATION OF THE WORST FORMS OF CHILD LABOR AND AFFORDING STRONGER PROTECTION FOR THE WORKING CHILD, AMENDING FOR THE PURPOSE REPUBLIC ACT NO. 7610, AS AMENDED, OTHERWISE KNOWN AS THE SPECIAL PROTECTION OF CHILDREN AGAINST CHILD ABUSE, EXPLOITATION AND DISCRIMINATION ACT","ESTRADA, JINGGOY E.","January 7, 2013",NATIONAL,"CHILD ABUSE, EXPLOITATION AND DISCRIMINATION ACT (R.A. NO. 7610) Child labor","LABOR, EMPLOYMENT AND HUMAN RESOURCES DEVELOPMENT",PENDING IN THE COMMITTEE
Senate Bill No. 754,16th Congress (July 2013 - 2016),https://ldr.senate.gov.ph/bills/senate-bill-no-754-16th-congress-republic,TEACHER'S HOUSING PROGRAM,AN ACT TO PROVIDE FOR A HOUSING PROGRAM FOR TEACHERS,"ESTRADA, JINGGOY E.","July 15, 2013",NATIONAL,TEACHERS HOUSING PROJECTS,"URBAN PLANNING, HOUSING AND RESETTLEMENT",PENDING IN THE COMMITTEE
Senate Bill No. 80,16th Congress (July 2013 - 2016),https://ldr.senate.gov.ph/bills/senate-bill-no-80-16th-congress-republic,EMPLOYERS CHILD CARE CENTERS ACT OF 2013,AN ACT DIRECTING ESTABLISHMENTS TO SUPPORT THE INSTITUTION OF CHILD CARE FACILITIES AND GRANTING INCENTIVES THEREFOR,"BINAY, MARIA LOURDES NANCY S.","January 7, 2013",NATIONAL,CHILDREN/CHILD CARE,"WOMEN, CHILDREN, FAMILY RELATIONS AND GENDER EQUALITY",PENDING IN THE COMMITTEE
Senate Bill No. 190,16th Congress (July 2013 - 2016),https://ldr.senate.gov.ph/bills/senate-bill-no-190-16th-congress-republic,CLEAR SIDEWALKS ACT,AN ACT REGULATING THE USE OF SIDEWALKS FOR COMMERCIAL AND OTHER PURPOSES,Miriam Defensor Santiago,"January 7, 2013",NATIONAL,SIDEWALKS,LOCAL GOVERNMENT,PENDING IN THE COMMITTEE
Senate Bill No. 1381,16th Congress (July 2013 - 2016),https://ldr.senate.gov.ph/bills/senate-bill-no-1381-16th-congress-republic,REHABILITATION SERVICES FOR THE INFORMAL SETTLERS,"AN ACT PROVIDING FOR THE RESETTLEMENT, AID AND REHABILITATION SERVICES FOR THE INFORMAL SETTLERS AFFECTED BY THE DEMOLITION OF HOUSES/DWELLINGS ALONG DANGER AREAS AS WELL AS THE VICTIMS OF DISASTERS AND CALAMITIES AND THOSE AFFECTED BY GOVERNMENT INFRASTRUCTURE PROJECTS IN URBAN AREAS AND FOR OTHER PURPOSES","ESTRADA, JINGGOY E.","August 28, 2013",NATIONAL,SQUATTERS/SQUATTING,"URBAN PLANNING, HOUSING AND RESETTLEMENT",PENDING IN THE COMMITTEE
Senate Bill No. 818,16th Congress (July 2013 - 2016),https://ldr.senate.gov.ph/bills/senate-bill-no-818-16th-congress-republic,DEPARTMENT OF INFORMATION AND COMMUNICATIONS TECHNOLOGY ACT OF 2013,"AN ACT CREATING THE DEPARTMENT OF INFORMATION AND COMMUNICATIONS TECHNOLOGY, DEFINING ITS POWERS AND FUNCTIONS, APPROPRIATING FUNDS THEREFOR, AND FOR OTHER PURPOSES",Antonio F. Trillanes IV,"July 16, 2013",NATIONAL,DEPARTMENT OF INFORMATION AND COMMUNICATIONS TECHNOLOGY,SCIENCE AND TECHNOLOGY,CONSOLIDATED/SUBSTITUTED IN THE COMMITTEE REPORT
Senate Bill No. 2006,16th Congress (July 2013 - 2016),https://ldr.senate.gov.ph/bills/senate-bill-no-2006-16th-congress-republic,PUBLIC SCHOOL TEACHER'S INCENTIVES ACT OF 2013,"AN ACT GRANTING INCENTIVES TO PUBLIC SCHOOL TEACHERS IN ALL LEVELS, INCLUDING STATE UNIVERSITIES AND COLLEGES, AND FOR OTHER PURPOSES","BINAY, MARIA LOURDES NANCY S.","September 12, 2013",NATIONAL,TEACHERS,"EDUCATION, ARTS AND CULTURE",PENDING IN THE COMMITTEE
Senate Bill No. 1444,16th Congress (July 2013 - 2016),https://ldr.senate.gov.ph/bills/senate-bill-no-1444-16th-congress-republic,TSUNAMI READY ACT,"AN ACT ESTABLISHING A PROGRAM TO STRENGTHEN TSUNAMI DETECTION, FORECAST, WARNING, AND TSUNAMI HAZARD MITIGATION CAPABILITIES OF THE PHILIPPINE INSTITUTE OF VOLCANOLOGY AND SEISMOLOGY",Miriam Defensor Santiago,"August 29, 2013",NATIONAL,DISASTER AWARENESS/MITIGATION PHILIPPINE INSTITUTE OF VOLCANOLOGY AND SEISMOLOGY (PHILVOCS),SCIENCE AND TECHNOLOGY,PENDING IN THE COMMITTEE
Senate Bill No. 509,16th Congress (July 2013 - 2016),https://ldr.senate.gov.ph/bills/senate-bill-no-509-16th-congress-republic,LOCAL COLLEGES AND UNIVERSITIES GOVERNANCE ACT OF 2013,"AN ACT PROVIDING GUIDELINES FOR THE ESTABLISHMENT AND OPERATION OF LOCAL COLLEGES AND UNIVERSITIES, AND FOR OTHER PURPOSES","VILLAR, CYNTHIA A.","August 7, 2013",NATIONAL,LOCAL COLLEGES AND UNIVERSITIES (LCUS),"EDUCATION, ARTS AND CULTURE",PENDING IN THE COMMITTEE
Senate Bill No. 1139,16th Congress (July 2013 - 2016),https://ldr.senate.gov.ph/bills/senate-bill-no-1139-16th-congress-republic,PUBLIC SECTOR TRAINING PROGRAM FOR EMERGENCY AND DISASTER PREPAREDNESS ACT,AN ACT PROVIDING FOR THE DEVELOPMENT OF A CURRICULUM FOR TRAINING PROGRAMS FOR PUBLIC SECTOR EMPLOYEES ON EMERGENCY AND DISASTER PREPAREDNESS,Miriam Defensor Santiago,"July 29, 2013",NATIONAL,EMERGENCY RESPONSE/EMERGENCY PREPAREDNESS,NATIONAL DEFENSE AND SECURITY,PENDING IN THE COMMITTEE
Senate Bill No. 553,16th Congress (July 2013 - 2016),https://ldr.senate.gov.ph/bills/senate-bill-no-553-16th-congress-republic,CORAL REEFS PROTECTION AND PRESERVATION ACT OF 2013,"AN ACT PROVIDING FOR THE CREATION OF RESERVATION AREAS FOR THE PRESERVATION AND PROTECTION OF THE CORAL REEFS, PROVIDING PENALTIES THEREFOR, AND FOR OTHER PURPOSES","ESTRADA, JINGGOY E.","August 7, 2013",NATIONAL,CORAL REEFS,ENVIRONMENT AND NATURAL RESOURCES,PENDING IN THE COMMITTEE
Senate Bill No. 1762,16th Congress (July 2013 - 2016),https://ldr.senate.gov.ph/bills/senate-bill-no-1762-16th-congress-republic,PARENTS AS FIRST TEACHERS CHALLENGE GRANT ACT,AN ACT SUPPORTING EFFECTIVE PROGRAMS THAT PROVIDE ASSISTANCE TO PARENTS WHO WANT TO HELP THEIR CHILDREN BECOME SUCCESSFUL READERS,Miriam Defensor Santiago,"February 10, 2013",NATIONAL,parents READING,"EDUCATION, ARTS AND CULTURE",PENDING IN THE COMMITTEE
Senate Bill No. 1200,16th Congress (July 2013 - 2016),https://ldr.senate.gov.ph/bills/senate-bill-no-1200-16th-congress-republic,CRIME OF TAMPERING WITH A TAXIMETER,AN ACT PUNISHING THE CRIME OF TAMPERING WITH A TAXIMETER,Miriam Defensor Santiago,"January 8, 2013",NATIONAL,TAXI,PUBLIC SERVICES,PENDING IN THE COMMITTEE
Senate Bill No. 1826,16th Congress (July 2013 - 2016),https://ldr.senate.gov.ph/bills/senate-bill-no-1826-16th-congress-republic,"AMENDING THE FAMILY CODE (ARTICLE 157), RE VALUE OF FAMILY HOME","AN ACT AMENDING EXECUTIVE ORDER NO. 209, ALSO KNOWN AS THE FAMILY CODE OF THE PHILIPPINES, ARTICLE 157 ON THE VALUE OF THE FAMILY HOME",Miriam Defensor Santiago,"March 10, 2013",NATIONAL,FAMILY CODE (E.O. NO. 209) FAMILY HOME,"WOMEN, CHILDREN, FAMILY RELATIONS AND GENDER EQUALITY",PENDING IN THE COMMITTEE
Senate Bill No. 305,16th Congress (July 2013 - 2016),https://ldr.senate.gov.ph/bills/senate-bill-no-305-16th-congress-republic,ASSISTANCE TO OFW FAMILY ACT,AN ACT TO PROVIDE A SYSTEM OF ASSISTANCE AND INCENTIVES TO FAMILIES OF OVERSEAS FILIPINO WORKERS IN TIMES OF NEED AND FOR OTHER PURPOSES,"VILLAR, CYNTHIA A.","February 7, 2013",NATIONAL,OVERSEAS FILIPINO WORKERS (OFW) FAMILY CARE,"LABOR, EMPLOYMENT AND HUMAN RESOURCES DEVELOPMENT",PENDING IN THE COMMITTEE
Senate Bill No. 892,16th Congress (July 2013 - 2016),https://ldr.senate.gov.ph/bills/senate-bill-no-892-16th-congress-republic,INDIVIDUALS' HEALTH AND SAFETY ACT,"AN ACT SEEKING TO PROTECT THE HEALTH AND SAFETY OF INDIVIDUALS INVOLVED IN GARBAGE COLLECTION, WORKING IN DUMPSITES OR ASSIGNED IN DISASTER AREAS AND FOR OTHER PURPOSES","ESTRADA, JINGGOY E.","July 17, 2013",NATIONAL,GARBAGE HEALTH CARE DELIVERY SYSTEM,HEALTH AND DEMOGRAPHY,PENDING IN THE COMMITTEE
Senate Bill No. 325,16th Congress (July 2013 - 2016),https://ldr.senate.gov.ph/bills/senate-bill-no-325-16th-congress-republic,"FAMILY CODE, AMENDMENT TO ALLOW THE PROVINCIAL GOVERNOR TO SOLEMNIZED MARRIAGE","AN ACT AMENDING EXECUTIVE ORDER NO. 209, OTHERWISE KNOWN AS THE FAMILY CODE OF THE PHILIPPINES AND FOR OTHER PURPOSES","CAYETANO, PIA S.","March 7, 2013",NATIONAL,FAMILY CODE (E.O. NO. 209),"WOMEN, CHILDREN, FAMILY RELATIONS AND GENDER EQUALITY",PENDING IN THE COMMITTEE
Senate Bill No. 1518,16th Congress (July 2013 - 2016),https://ldr.senate.gov.ph/bills/senate-bill-no-1518-16th-congress-republic,ALTERNATIVE CHILD CARE CODE OF 2013,AN ACT CODIFYING THE ALTERNATIVE CHILD CARE LAWS OF THE PHILIPPINES,"ESTRADA, JINGGOY E.","April 9, 2013",NATIONAL,CHILDREN/CHILD CARE Department of Social Welfare and Development (DSWD),YOUTH,PENDING IN THE COMMITTEE
Senate Bill No. 956,16th Congress (July 2013 - 2016),https://ldr.senate.gov.ph/bills/senate-bill-no-956-16th-congress-republic,MAGNA CARTA FOR DAYCARE WORKERS,THE MAGNA CARTA FOR DAYCARE WORKERS,"REVILLA JR., RAMON BONG","July 18, 2013",NATIONAL,MAGNA CARTA FOR DAY CARE WORKERS,"SOCIAL JUSTICE, WELFARE AND RURAL DEVELOPMENT",PENDING IN THE COMMITTEE
Senate Bill No. 1582,16th Congress (July 2013 - 2016),https://ldr.senate.gov.ph/bills/senate-bill-no-1582-16th-congress-republic,NATIONAL VOLCANO EARLY WARNING AND MONITORING SYSTEM ACT OF 2013,AN ACT ESTABLISHING A NATIONAL VOLCANO EARLY WARNING AND MONITORING SYSTEM,"LAPID, MANUEL ""LITO"" M.","May 9, 2013",NATIONAL,VOLCANO EARLY WARNING AND MONITORING SYSTEM,SCIENCE AND TECHNOLOGY,PENDING IN THE COMMITTEE
Senate Bill No. 650,16th Congress (July 2013 - 2016),https://ldr.senate.gov.ph/bills/senate-bill-no-650-16th-congress-republic,"PUBLISHER, EDITOR OR REPORTER OF ANY PUBLICATION","AN ACT AMENDING REPUBLIC ACT NO. 53, AS AMENDED, OTHERWISE KNOWN AS 'AN ACT TO EXEMPT THE PUBLISHER, EDITOR OR REPORTER OF ANY PUBLICATION FROM REVEALING THE SOURCE OF PUBLISHED NEWS OR INFORMATION OBTAINED IN CONFIDENCE BY INCLUDING WITHIN ITS COVERAGE JOURNALISTS FROM BROADCAST, NEWS AGENCIES AND INTERNET PUBLICATIONS",Antonio F. Trillanes IV,"August 7, 2013",NATIONAL,PUBLISHER/EDITOR/REPORTER MEDIA PRACTITIONERS,PUBLIC INFORMATION AND MASS MEDIA,PENDING IN THE COMMITTEE
Senate Bill No. 1836,16th Congress (July 2013 - 2016),https://ldr.senate.gov.ph/bills/senate-bill-no-1836-16th-congress-republic,PHILIPPINE BOXER'S WELFARE ACT OF 2013,"AN ACT CREATING THE PHILIPPINE BOXING COMMISSION, STRENGTHENING THE COUNTRY'S COMPETITIVENESS IN BOXING AND ENSURING THE WELFARE OF FILIPINO BOXERS THEREBY, AND APPROPRIATING FUNDS THEREFOR","LAPID, MANUEL ""LITO"" M.","October 14, 2013",NATIONAL,BOXER WELFARE,"GAMES, AMUSEMENT AND SPORTS",PENDING IN THE COMMITTEE
Senate Bill No. 1280,16th Congress (July 2013 - 2016),https://ldr.senate.gov.ph/bills/senate-bill-no-1280-16th-congress-republic,NATIONAL INTERNAL REVENUE CODE (AMENDING SEC. 109 (1),"AN ACT EXEMPTING BOOKS, NEWSPAPERS, MAGAZINES, JOURNALS, REVIEWS, BULLETINS AND OTHER EDUCATIONAL OR LEARNING MATERIALS MADE OR PUBLISHED IN DIGITAL OR ELECTRONIC FORMAT FROM VALUE-ADDED TAX, AMENDING FOR THE PURPOSE SECTION 109 (1) OF THE NATIONAL INTERNAL REVENUE CODE OF 1997, AS AMENDED",Ralph G. Recto,"August 13, 2013",NATIONAL,NATIONAL INTERNAL REVENUE CODE (NIRC) VALUE-ADDED TAX (VAT) BOOK PUBLISHING,WAYS AND MEANS,PENDING IN THE COMMITTEE
Senate Bill No. 731,16th Congress (July 2013 - 2016),https://ldr.senate.gov.ph/bills/senate-bill-no-731-16th-congress-republic,SENIOR CITIZENS,"AN ACT EXEMPTING THE BANK DEPOSITS OF SENIOR CITIZENS FROM THE TWENTY PERCENT (20%) WITHHOLDING TAX ON INTEREST INCOME, AMENDING REPUBLIC ACT NO. 7432",Miriam Defensor Santiago,"July 15, 2013",NATIONAL,WITHHOLDING TAX BANK DEPOSITS/BANK ACCOUNTS SENIOR CITIZEN/ELDERLY,WAYS AND MEANS,PENDING IN THE COMMITTEE
Senate Bill No. 1900,16th Congress (July 2013 - 2016),https://ldr.senate.gov.ph/bills/senate-bill-no-1900-16th-congress-republic,FOREST LIMITS ACT OF 2013,AN ACT PROVIDING FOR THE DELINEATION OF THE SPECIFIC FOREST LIMITS OF THE PUBLIC DOMAIN AND FOR OTHER PURPOSES,"LEGARDA, LOREN B.","April 11, 2013",NATIONAL,FOREST LAND/FOREST LIMITS,ENVIRONMENT AND NATURAL RESOURCES,CONSOLIDATED/SUBSTITUTED IN THE COMMITTEE REPORT
Senate Bill No. 1338,16th Congress (July 2013 - 2016),https://ldr.senate.gov.ph/bills/senate-bill-no-1338-16th-congress-republic,CALLER INFORMATION DISCLOSURE ACT,AN ACT PROHIBITING TELECOMMUNICATIONS COMPANIES FROM PROVIDING SERVICES WHICH PREVENT CALLER IDENTIFICATION INFORMATION FROM BEING SHOWN BY A DEVICE CAPABLE OF DISPLAYING CALLER IDENTIFICATION INFORMATION,Miriam Defensor Santiago,"August 22, 2013",NATIONAL,CALLER IDENTIFICATION INFORMATION TELECOMMUNICATIONS SYSTEMS ACCESSIBILITY,PUBLIC SERVICES,PENDING IN THE COMMITTEE
Senate Bill No. 1008,16th Congress (July 2013 - 2016),https://ldr.senate.gov.ph/bills/senate-bill-no-1008-16th-congress-republic,MAGNA CARTA FOR PROBATION AND PAROLE WORKERS,"AN ACT PROVIDING FOR A MAGNA CARTA FOR PROBATION AND PAROLE WORKERS, APPROPRIATING FUNDS THEREFOR AND OTHER PURPOSES",Antonio F. Trillanes IV,"July 22, 2013",NATIONAL,MAGNA CARTA FOR PROBATION AND PAROLE WORKERS,"CIVIL SERVICE, GOVERNMENT REORGANIZATION AND PROFESSIONAL REGULATION",PENDING IN THE COMMITTEE
Senate Bill No. 1221,16th Congress (July 2013 - 2016),https://ldr.senate.gov.ph/bills/senate-bill-no-1221-16th-congress-republic,ANTI-MOBILE COMMUNICATION DEVICES USE WHILE DRIVING ACT OF 2013,AN ACT REGULATING THE USE OF HAND-HELD MOBILE COMMUNICATION DEVICES WHILE DRIVING AND FOR OTHER PURPOSES,"EJERCITO, JOSEPH VICTOR G.","June 8, 2013",NATIONAL,CELLULAR PHONES/CELL PHONES DRIVING BEHAVIOR Motor Vehicles,PUBLIC SERVICES,PENDING IN THE COMMITTEE
Senate Bill No. 705,16th Congress (July 2013 - 2016),https://ldr.senate.gov.ph/bills/senate-bill-no-705-16th-congress-republic,"INCREASING COMPENSATION TO PHP 3,000.00 FOR VICTIMS OF INJUST IMPRISONMENT","AN ACT AMENDING CERTAIN SECTIONS OF REPUBLIC ACT NO. 7309, ENTITLED, AN ACT CREATING A BOARD OF CLAIMS UNDER THE DEPARTMENT OF JUSTICE FOR VICTIMS OF UNJUST IMPRISONMENT OR DETENTION AND VICTIMS OF VIOLENT CRIMES AND FOR OTHER PURPOSES","ESCUDERO, FRANCIS G.","October 7, 2013",NATIONAL,DEPARTMENT OF JUSTICE (DOJ) BOARD OF CLAIMS,JUSTICE AND HUMAN RIGHTS,PENDING IN THE COMMITTEE
Senate Bill No. 1743,16th Congress (July 2013 - 2016),https://ldr.senate.gov.ph/bills/senate-bill-no-1743-16th-congress-republic,"AMENDING ARTS. 171 AND 172, PENAL CODE (FALSIFICATION OF TORRENS CERTIFICATES OF TITLE)","AN ACT AMENDING ACT NO. 3815, AS AMENDED, OTHERWISE KNOWN AS THE PENAL CODE, ARTICLES 171 AND 172, IMPOSING STIFFER PENALTIES FOR THE FALSIFICATION OF TORRENS CERTIFICATES OF TITLE",Miriam Defensor Santiago,"September 26, 2013",NATIONAL,REVISED PENAL CODE (R.A. NO. 3815) LAND TITLE/TORRENS TITLE FAKE DOCUMENTS,JUSTICE AND HUMAN RIGHTS,PENDING IN THE COMMITTEE
Senate Bill No. 1181,16th Congress (July 2013 - 2016),https://ldr.senate.gov.ph/bills/senate-bill-no-1181-16th-congress-republic,DECLARING DOCTORATE DEGREE EQUIVALENT TO CESO,AN ACT DECLARING THE CONFERMENT OF A DOCTORATE DEGREE AS EQUIVALENT TO ENTRY LEVEL CAREER EXECUTIVE SERVICE OFFICER ELIGIBILITY IN THE CIVIL SERVICE,Antonio F. Trillanes IV,"July 30, 2013",NATIONAL,CIVIL SERVICE ELIGIBILITY,"CIVIL SERVICE, GOVERNMENT REORGANIZATION AND PROFESSIONAL REGULATION",PENDING IN THE COMMITTEE
Senate Bill No. 1807,16th Congress (July 2013 - 2016),https://ldr.senate.gov.ph/bills/senate-bill-no-1807-16th-congress-republic,PAINT HAZARD REDUCTION ACT,AN ACT TO REDUCE LEAD-BASED PAINT HAZARDS IN RESIDENTIAL ENVIRONMENTS,Miriam Defensor Santiago,"March 10, 2013",NATIONAL,LEAD CONTENT HAZARDOUS/TOXIC/RADIOACTIVE WASTES MANAGEMENT,HEALTH AND DEMOGRAPHY,PENDING IN THE COMMITTEE
Senate Bill No. 873,16th Congress (July 2013 - 2016),https://ldr.senate.gov.ph/bills/senate-bill-no-873-16th-congress-republic,BASIC EDUCATION REHABILITATION AND IMPROVEMENT ACT OF 2013,"AN ACT PROVIDING FOR A BASIC EDUCATION PROGRAM FOR REHABILITATION AND IMPROVEMENT, CREATING A BASIC EDUCATION REHABILITATION AND IMPROVEMENT FUND, APPROPRIATING FUNDS THEREFOR, AND FOR OTHER PURPOSES","ESTRADA, JINGGOY E.","July 17, 2013",NATIONAL,BASIC EDUCATION PROGRAM,"EDUCATION, ARTS AND CULTURE",PENDING IN THE COMMITTEE
Senate Bill No. 1499,16th Congress (July 2013 - 2016),https://ldr.senate.gov.ph/bills/senate-bill-no-1499-16th-congress-republic,"LOCAL HEALTH BOARD, TO INCLUDE REPRESENTATIVE FROM PTA, SENIOR AND WAR VETERANS ASSOCIATIONS","AN ACT AMENDING TITLES V AND VI, SECTIONS 102 AND 107 OF REPUBLIC ACT NO. 7160, OTHERWISE KNOWN AS THE LOCAL GOVERNMENT CODE OF 1991","ESTRADA, JINGGOY E.","April 9, 2013",NATIONAL,LOCAL HEALTH BOARD LOCAL GOVERNMENT CODE (R.A. NO. 7160),LOCAL GOVERNMENT,PENDING IN THE COMMITTEE
Senate Bill No. 937,16th Congress (July 2013 - 2016),https://ldr.senate.gov.ph/bills/senate-bill-no-937-16th-congress-republic,P125 DAILY ACROSS-THE-BOARD WAGE INCREASE ACT,AN ACT PROVIDING FOR A P125.00 DAILY ACROSS-THE-BOARD INCREASE IN THE SALARY RATES OF EMPLOYEES AND WORKERS IN THE PRIVATE SECTOR AND FOR OTHER PURPOSES,"REVILLA JR., RAMON BONG","July 18, 2013",NATIONAL,WAGE INCREASE/SALARY INCREASE,"LABOR, EMPLOYMENT AND HUMAN RESOURCES DEVELOPMENT",PENDING IN THE COMMITTEE
Senate Bill No. 1563,16th Congress (July 2013 - 2016),https://ldr.senate.gov.ph/bills/senate-bill-no-1563-16th-congress-republic,BODY PIERCING AND TATTOOING REGULATION ACT,AN ACT REGULATING BODY PIERCING AND TATTOOING,Miriam Defensor Santiago,"May 9, 2013",NATIONAL,TATTOO AND BODY PIERCING,HEALTH AND DEMOGRAPHY,PENDING IN THE COMMITTEE
Senate Bill No. 3,16th Congress (July 2013 - 2016),https://ldr.senate.gov.ph/bills/senate-bill-no-3-16th-congress-republic,FREE DRUG REHABILITATION TREATMENT ACT OF 2013,"AN ACT PROVIDING FOR AFFORDABLE DRUG REHABILITATION TREATMENT FOR PHILIPPINE HEALTH INSURANCE CORPORATION (PHIC) BENEFICIARIES, FURTHER AMENDING FOR THE PURPOSE R.A. 7875, AS AMENDED BY R.A. 9241","SOTTO III, VICENTE C.","January 7, 2013",NATIONAL,DRUG REHABILITATION PHILIPPINE HEALTH INSURANCE CORPORATION (PHILHEALTH),PUBLIC ORDER AND DANGEROUS DRUGS,CONSOLIDATED/SUBSTITUTED IN THE COMMITTEE REPORT
Senate Bill No. 102,16th Congress (July 2013 - 2016),https://ldr.senate.gov.ph/bills/senate-bill-no-102-16th-congress-republic,BARANGAY HEALTH WORKERS,"AN ACT MANDATING THE DEPARTMENT OF HEALTH TO PROVIDE AT LEAST ONE (1) HEALTH WORKER IN EVERY BARANGAY, INCREASING THEIR SALARIES, HONORARIA AND BENEFITS, AND FOR OTHER PURPOSES","LEGARDA, LOREN B.","January 7, 2013",NATIONAL,BARANGAY HEALTH WORKER,HEALTH AND DEMOGRAPHY,PENDING IN THE COMMITTEE
Senate Bill No. 1255,16th Congress (July 2013 - 2016),https://ldr.senate.gov.ph/bills/senate-bill-no-1255-16th-congress-republic,STD PREVENTION ACT,"AN ACT INSTITUTING A COMPREHENSIVE NATIONAL HEALTH PROGRAM TO PREVENT AND ADDRESS SEXUALLY TRANSMITTED INFECTIONS, IMPLEMENTING A NATIONWIDE AWARENESS PROGRAM, AND APPROPRIATING FUNDS THEREFOR",Miriam Defensor Santiago,"August 8, 2013",NATIONAL,SEXUALLY TRANSMITTED DISEASE (STD),HEALTH AND DEMOGRAPHY,PENDING IN THE COMMITTEE
Senate Bill No. 1881,16th Congress (July 2013 - 2016),https://ldr.senate.gov.ph/bills/senate-bill-no-1881-16th-congress-republic,"AMENDING SECS. 447, 458 AND 468, RA 7160 ( GRANTING LOCAL SANGGUNIANS TO ISSUE SUBPOENA)","AN ACT GRANTING THE LOCAL SANGGUNIANS, EXCEPT THE SANGGUNIANG BARANGAYS, THE POWER TO CONDUCT INQUIRIES, IN AID OF LEGISLATION, TO ISSUE SUBPOENA AD TESTIFICANDUM AND DUCES TECUM AND TO PUNISH FOR CONTEMPT ANY PERSON WHO REFUSES TO OBEY SUCH PROCESS, AMENDING FOR THE PURPOSE SECTIONS 447, 458, AND 468 OF REPUBLIC ACT NO. 7160, OTHERWISE KNOWN AS THE LOCAL GOVERNMENT CODE OF 1991",Miriam Defensor Santiago,"October 24, 2013",NATIONAL,LOCAL GOVERNMENT CODE (R.A. NO. 7160) SANGGUNIANG PANLALAWIGAN/SANGGUNIANG PANLUNGSOD,LOCAL GOVERNMENT,PENDING IN THE COMMITTEE
Senate Bill No. 1319,16th Congress (July 2013 - 2016),https://ldr.senate.gov.ph/bills/senate-bill-no-1319-16th-congress-republic,NATIONAL STEM SCHOLARSHIP DATABASE ACT,"AN ACT MANDATING THE SECRETARY OF EDUCATION TO ESTABLISH AND MAINTAIN A PUBLIC WEBSITE THROUGH WHICH INDIVIDUALS MAY FIND A COMPLETE DATABASE OF AVAILABLE SCHOLARSHIPS, FELLOWSHIPS, AND OTHER PROGRAMS OF FINANCIAL ASSISTANCE IN THE STUDY OF SCIENCE, TECHNOLOGY, ENGINEERING, AND MATHEMATICS",Miriam Defensor Santiago,"August 15, 2013",NATIONAL,FINANCIAL ASSISTANCE SCHOLARSHIP GRANTS SCIENCE AND TECHNOLOGY,"EDUCATION, ARTS AND CULTURE",CONSOLIDATED/SUBSTITUTED IN THE COMMITTEE REPORT
Senate Bill No. 1945,16th Congress (July 2013 - 2016),https://ldr.senate.gov.ph/bills/senate-bill-no-1945-16th-congress-republic,"EXTENDNG THE RENT CONTROL PERIOD OF RESIDENTIAL UNITS UNTIL DECEMBER 31, 2017","AN ACT EXTENDING THE RENT CONTROL PERIOD OF RESIDENTIAL UNITS, AMENDING THEREBY REPUBLIC ACT NO. 9653 ENTITLED: ""AN ACT ESTABLISHING REFORMS IN THE REGULATION OF RENT OF CERTAIN RESIDENTIAL UNITS, PROVIDING THE MECHANISMS THEREFOR AND FOR OTHER PURPOSES""",Ralph G. Recto,"November 21, 2013",NATIONAL,RENT CONTROL,"URBAN PLANNING, HOUSING AND RESETTLEMENT",PENDING IN THE COMMITTEE
Senate Bill No. 385,16th Congress (July 2013 - 2016),https://ldr.senate.gov.ph/bills/senate-bill-no-385-16th-congress-republic,PREPAID CALLING CARD CONSUMER PROTECTION ACT,AN ACT PROTECTING CONSUMERS OF PREPAID CALLING CARDS AND PROHIBITING DECEPTIVE PRACTICES IN THE PRE-PAID PHONE CARD INDUSTRY,Miriam Defensor Santiago,"March 7, 2013",NATIONAL,PREPAID CALLING CARDS/PREPAID SIM CARDS/PRE-PAID PHONE CARD INDUSTRY,PUBLIC SERVICES,PENDING IN THE COMMITTEE
Senate Bill No. 979,16th Congress (July 2013 - 2016),https://ldr.senate.gov.ph/bills/senate-bill-no-979-16th-congress-republic,COMMITTEE ON ENVIRONMENTAL PROTECTION,AN ACT MANDATING THE CREATION OF A COMMITTEE ON ENVIRONMENTAL PROTECTION IN EACH LOCAL GOVERNMENT LEGISLATIVE COUNCIL,"ESTRADA, JINGGOY E.","July 22, 2013",NATIONAL,ENVIRONMENTAL PROTECTION,LOCAL GOVERNMENT,PENDING IN THE COMMITTEE
Senate Bill No. 436,16th Congress (July 2013 - 2016),https://ldr.senate.gov.ph/bills/senate-bill-no-436-16th-congress-republic,CIVIL REGISTRATION ACT,AN ACT PROVIDING FOR A MORE RESPONSIVE CIVIL REGISTRATION SYSTEM,"ESCUDERO, FRANCIS G.","April 7, 2013",NATIONAL,CIVIL REGISTRATION SYSTEM,JUSTICE AND HUMAN RIGHTS,PENDING IN THE COMMITTEE
Senate Bill No. 1637,16th Congress (July 2013 - 2016),https://ldr.senate.gov.ph/bills/senate-bill-no-1637-16th-congress-republic,MARINE CASUALTIES MANAGEMENT AND REPORTING ACT,AN ACT REQUIRING MANDATORY REPORTING OF MARINE CASUALTIES,"ESTRADA, JINGGOY E.","November 9, 2013",NATIONAL,MARINE CASUALTIES MANAGEMENT,PUBLIC SERVICES,PENDING IN THE COMMITTEE
Senate Bill No. 1082,16th Congress (July 2013 - 2016),https://ldr.senate.gov.ph/bills/senate-bill-no-1082-16th-congress-republic,LOCAL GOVERNMENT CODE (USE OF COMMUNITY TAX CERTIFICATE),"AN ACT ABOLISHING THE USE OF COMMUNITY TAX CERTIFICATE AND THE POWER TO LEVY COMMUNITY TAX REPEALING FOR THAT PURPOSE THE PERTINENT PROVISIONS OF REPUBLIC ACT NO. 7160, AS AMENDED, OTHERWISE KNOWN AS THE LOCAL GOVERNMENT CODE OF 1991","ESCUDERO, FRANCIS G.","July 23, 2013",NATIONAL,COMMUNITY TAX LOCAL GOVERNMENT CODE (R.A. NO. 7160),LOCAL GOVERNMENT,PENDING IN THE COMMITTEE
Senate Bill No. 1701,16th Congress (July 2013 - 2016),https://ldr.senate.gov.ph/bills/senate-bill-no-1701-16th-congress-republic,DRUG ABUSE PREVENTION PROGRAM IN EDUCATIONAL INSTITUTIONS ACT,AN ACT MANDATING THE ESTABLISHMENT OF A PROGRAM OF EDUCATION DESIGNED TO HELP ALL MEMBERS OF THE COMMUNITY OF AN EDUCATIONAL INSTITUTION AVOID INVOLVEMENT WITH ILLEGAL DRUGS,Miriam Defensor Santiago,"September 17, 2013",NATIONAL,ILLEGAL DRUGS,"EDUCATION, ARTS AND CULTURE",PENDING IN THE COMMITTEE
Senate Bill No. 767,16th Congress (July 2013 - 2016),https://ldr.senate.gov.ph/bills/senate-bill-no-767-16th-congress-republic,OFFICIAL DEVELOPMENT ASSISTANCE ACT,"AN ACT IMPOSING SAFEGUARDS IN CONTRACTING LOANS CLASSIFIED AS OFFICIAL DEVELOPMENT ASSISTANCE, AMENDING FOR THE PURPOSE REPUBLIC ACT NO. 8182, AS AMENDED BY REPUBLIC ACT NO. 8555, OTHERWISE KNOWN AS THE OFFICIAL DEVELOPMENT ASSISTANCE ACT OF 1996, AND FOR OTHER PURPOSES","ESTRADA, JINGGOY E.","July 15, 2013",NATIONAL,OFFICIAL DEVELOPMENT ASSISTANCE (ODA),ECONOMIC AFFAIRS,PENDING IN THE COMMITTEE
Senate Bill No. 1955,16th Congress (July 2013 - 2016),https://ldr.senate.gov.ph/bills/senate-bill-no-1955-16th-congress-republic,OVERSEAS WORKERS CREDIT ASSISTANCE ACT OF 2013,AN ACT ESTABLISHING A CREDIT ASSISTANCE PROGRAM FOR OVERSEAS WORKERS,"ANGARA, SONNY","November 26, 2013",NATIONAL,OVERSEAS FILIPINO WORKERS (OFW) CREDIT ASSISTANCE PROGRAM,"LABOR, EMPLOYMENT AND HUMAN RESOURCES DEVELOPMENT",PENDING IN THE COMMITTEE
Senate Bill No. 1394,16th Congress (July 2013 - 2016),https://ldr.senate.gov.ph/bills/senate-bill-no-1394-16th-congress-republic,ANTI-TOTALLY WRECKED VEHICLE SALE ACT OF 2013,AN ACT PROHIBITING THE SALE OF TOTALLY WRECKED VEHICLE INCLUDING ITS REGISTRATION AND FOR OTHER PURPOSES,"ESTRADA, JINGGOY E.","August 29, 2013",NATIONAL,Motor Vehicles,PUBLIC ORDER AND DANGEROUS DRUGS,PENDING IN THE COMMITTEE
Senate Bill No. 177,16th Congress (July 2013 - 2016),https://ldr.senate.gov.ph/bills/senate-bill-no-177-16th-congress-republic,LOCAL GOVERNMENT CODE (AMENDING SEC. 44 OF R.A. 7160),"AN ACT AMENDING SECTION 44 OF REPUBLIC ACT NO. 7160, OTHERWISE KNOWN AS THE LOCAL GOVERNMENT CODE OF 1991","REVILLA JR., RAMON BONG","January 7, 2013",NATIONAL,LOCAL GOVERNMENT CODE (R.A. NO. 7160) succession,LOCAL GOVERNMENT,PENDING IN THE COMMITTEE
Senate Bill No. 831,16th Congress (July 2013 - 2016),https://ldr.senate.gov.ph/bills/senate-bill-no-831-16th-congress-republic,PRIVATE LAND FORESTRY AND INCENTIVE ACT,"AN ACT INSTITUTIONALIZING PRIVATE LAND FORESTRY TO ENHANCE REFORESTATION AND ENVIRONMENTAL PROTECTION AND PROVIDING INCENTIVES THEREOF, AND FOR OTHER PURPOSES",Antonio F. Trillanes IV,"July 16, 2013",NATIONAL,PRIVATE LAND FORESTRY ENVIRONMENTAL PROTECTION,ENVIRONMENT AND NATURAL RESOURCES,PENDING IN THE COMMITTEE
Senate Bill No. 2019,16th Congress (July 2013 - 2016),https://ldr.senate.gov.ph/bills/senate-bill-no-2019-16th-congress-republic,NATIONAL ACADEMY OF SPORTS ACT OF 2013,"AN ACT CREATING THE NATIONAL ACADEMY OF SPORTS AS AN ATTACHED AGENCY OF THE PHILIPPINE SPORTS COMMISSION, PROVIDING ITS STRUCTURE, POWER AND FUNCTION THEREOF, AND FOR OTHER PURPOSES","ESTRADA, JINGGOY E.","November 12, 2013",NATIONAL,NATIONAL ACADEMY OF SPORTS,"GAMES, AMUSEMENT AND SPORTS",PENDING IN THE COMMITTEE
Senate Bill No. 1457,16th Congress (July 2013 - 2016),https://ldr.senate.gov.ph/bills/senate-bill-no-1457-16th-congress-republic,PASKONG PINOY BILL,AN ACT DECLARING DECEMBER 25-31 AND JANUARY 1 AS SPECIAL NON-WORKING HOLIDAYS,"Paolo Benigno ""Bam"" Aquino IV","February 9, 2013",NATIONAL,HOLIDAYS (NON-WORKING),"EDUCATION, ARTS AND CULTURE",PENDING IN THE COMMITTEE
Senate Bill No. 243,16th Congress (July 2013 - 2016),https://ldr.senate.gov.ph/bills/senate-bill-no-243-16th-congress-republic,COMPREHENSIVE HANDEDNESS ACT OF 2013,AN ACT INSTITUTING A COMPREHENSIVE AND HOLISTIC FRAMEWORK AND PROGRAMS FOR LEFT-HANDERS AND FOR OTHER PURPOSES,"LAPID, MANUEL ""LITO"" M.","January 7, 2013",NATIONAL,COMPREHENSIVE HANDEDNESS (LEFT-HANDERS),SCIENCE AND TECHNOLOGY,PENDING IN THE COMMITTEE
Senate Bill No. 522,16th Congress (July 2013 - 2016),https://ldr.senate.gov.ph/bills/senate-bill-no-522-16th-congress-republic,OZONE LAYER PROTECTION ACT OF 2013,"AN ACT TO REGULATE THE IMPORTATION OF SUBSTANCES THAT DEPLETE THE OZONE LAYER, PROVIDING PENALTIES FOR VIOLATION THEREOF, AND FOR OTHER PURPOSES","LEGARDA, LOREN B.","August 7, 2013",NATIONAL,OZONE LAYER,ENVIRONMENT AND NATURAL RESOURCES,PENDING IN THE COMMITTEE
Senate Bill No. 1711,16th Congress (July 2013 - 2016),https://ldr.senate.gov.ph/bills/senate-bill-no-1711-16th-congress-republic,FREEDOM OF INFORMATION ACT OF 2013,AN ACT FORTIFYING THE PEOPLE'S RIGHT OF OWNERSHIP OVER INFORMATION HELD BY THE PEOPLE'S GOVERNMENT,"REVILLA JR., RAMON BONG","September 18, 2013",NATIONAL,RIGHT TO INFORMATION,PUBLIC INFORMATION AND MASS MEDIA,PENDING IN THE COMMITTEE
Senate Bill No. 1150,16th Congress (July 2013 - 2016),https://ldr.senate.gov.ph/bills/senate-bill-no-1150-16th-congress-republic,PRE-HOSPITAL EMERGENCY CARE ACT OF 2013,"AN ACT INSTITUTIONALIZING A PRE-HOSPITAL EMERGENCY MEDICAL CARE SYSTEM, PROVIDING FOR THE ESTABLISHMENT, SUPERVISION AND REGULATION OF THE PRE-HOSPITAL EMERGENCY CARE PROFESSION AND FOR OTHER PURPOSES",Antonio F. Trillanes IV,"July 29, 2013",NATIONAL,PRE-HOSPITAL EMERGENCY CARE SYSTEM,HEALTH AND DEMOGRAPHY,PENDING IN THE COMMITTEE
Senate Bill No. 562,16th Congress (July 2013 - 2016),https://ldr.senate.gov.ph/bills/senate-bill-no-562-16th-congress-republic,NEW ART. 262-D. ACCREDITATION AND NON-ACCREDITATION OF VOLUNTARY ARBITRATORS,"AN ACT FURTHER STRENGTHENING VOLUNTARY ARBITRATION AS THE PREFERENTIAL MODE OF LABOR DISPUTE SETTLEMENT , AMENDING FOR THIS PURPOSE ARTICLES 217, 260, 261, 262-A, 262-B, 263(G) AND ARTICLE 277(F), AND INCORPORATING A NEW ARTICLE 262-D OF PRESIDENTIAL DECREE NO. 442, OTHERWISE KNOWN AS THE LABOR CODE OF THE PHILIPPINES, AS AMENDED","ESTRADA, JINGGOY E.","August 7, 2013",NATIONAL,VOLUNTARY ARBITRATION LABOR CODE OF THE PHILIPPINES (P.D. NO. 442),"LABOR, EMPLOYMENT AND HUMAN RESOURCES DEVELOPMENT",PENDING IN THE COMMITTEE
Senate Bill No. 1775,16th Congress (July 2013 - 2016),https://ldr.senate.gov.ph/bills/senate-bill-no-1775-16th-congress-republic,WORKER EXPOSURE TO DIACETYL,AN ACT TO DIRECT THE DEPARTMENT OF HEALTH AND THE DEPARTMENT OF LABOR AND EMPLOYMENT TO REGULATE WORKER EXPOSURE TO DIACETYL,Miriam Defensor Santiago,"February 10, 2013",NATIONAL,DIACETYL,"LABOR, EMPLOYMENT AND HUMAN RESOURCES DEVELOPMENT",PENDING IN THE COMMITTEE
Senate Bill No. 1213,16th Congress (July 2013 - 2016),https://ldr.senate.gov.ph/bills/senate-bill-no-1213-16th-congress-republic,EXCLUDING PERFORMANCE-BASED BONUS FROM THE COMPUTATION OF TAXABLE INCOME,"AN ACT EXCLUDING THE PERFORMANCE-BASED BONUS FROM THE COMPUTATION OF TAXABLE INCOME AMENDING FOR THE PURPOSE SECTION 32 (B) (7) OF REPUBLIC ACT NO. 8424, OTHERWISE KNOWN AS THE NATIONAL INTERNAL REVENUE CODE OF 1997, AS AMENDED",Ralph G. Recto,"June 8, 2013",NATIONAL,NATIONAL INTERNAL REVENUE CODE (NIRC) TAX EXEMPTION,WAYS AND MEANS,PENDING IN THE COMMITTEE
Senate Bill No. 267,16th Congress (July 2013 - 2016),https://ldr.senate.gov.ph/bills/senate-bill-no-267-16th-congress-republic,WATER RESOURCES MANAGEMENT ACT OF 2013,"AN ACT TO ADDRESS THE NATIONAL WATER CRISIS PROVIDING FOR A COMPREHENSIVE WATER RESOURCES MANAGEMENT, AND FOR OTHER PURPOSES","LAPID, MANUEL ""LITO"" M.","February 7, 2013",NATIONAL,WATER CRISIS WATER RESOURCES MANAGEMENT,PUBLIC SERVICES,PENDING IN THE COMMITTEE
Senate Bill No. 1467,16th Congress (July 2013 - 2016),https://ldr.senate.gov.ph/bills/senate-bill-no-1467-16th-congress-republic,NATIONAL COUNCIL FOR INFORMATION TECHNOLOGY AND DEVELOPMENT ACT OF 2013,"AN ACT CREATING THE NATIONAL COUNCIL FOR INFORMATION TECHNOLOGY AND DEVELOPMENT (NCITD), DEFINING ITS OBJECTIVES, POWERS AND FUNCTIONS, APPROPRIATING FUNDS THEREFOR, AND FOR OTHER PURPOSES","ESTRADA, JINGGOY E.","March 9, 2013",NATIONAL,NATIONAL COUNCIL FOR INFORMATION TECHNOLOGY AND DEVELOPMENT (NCITD),SCIENCE AND TECHNOLOGY,CONSOLIDATED/SUBSTITUTED IN THE COMMITTEE REPORT
Senate Bill No. 905,16th Congress (July 2013 - 2016),https://ldr.senate.gov.ph/bills/senate-bill-no-905-16th-congress-republic,BIO-MEDICAL WASTE CONTROL ACT,"AN ACT PROVIDING FOR THE REGULATION AND DISPOSAL OF BIO-MEDICAL WASTES, DECLARING CERTAIN ACTS UNLAWFUL, PRESCRIBING PENALTIES THERETO, AND FOR OTHER PURPOSES",Antonio F. Trillanes IV,"July 18, 2013",NATIONAL,BIO-MEDICAL WASTE,HEALTH AND DEMOGRAPHY,PENDING IN THE COMMITTEE
Senate Bill No. 333,16th Congress (July 2013 - 2016),https://ldr.senate.gov.ph/bills/senate-bill-no-333-16th-congress-republic,REPEALING ART. 133 OF THE REVISED PENAL CODE,"AN ACT REPEALING FOR THIS PURPOSE ARTICLE 133 OF ACT NO. 3815, AS AMENDED, OTHERWISE KNOWN AS THE REVISED PENAL CODE","CAYETANO, PIA S.","March 7, 2013",NATIONAL,REVISED PENAL CODE (R.A. NO. 3815),JUSTICE AND HUMAN RIGHTS,PENDING IN THE COMMITTEE
Senate Bill No. 1531,16th Congress (July 2013 - 2016),https://ldr.senate.gov.ph/bills/senate-bill-no-1531-16th-congress-republic,THE PALLIATIVE AND END-OF-LIFE CARE ACT OF 2013,"AN ACT PROVIDING PALLIATIVE AND END-OF-LIFE CARE, APPROPRIATING FUNDS THEREFOR AND FOR OTHER PURPOSES","ESTRADA, JINGGOY E.","May 9, 2013",NATIONAL,PALLIATIVE CARE,HEALTH AND DEMOGRAPHY,CONSOLIDATED/SUBSTITUTED IN THE COMMITTEE REPORT
Senate Bill No. 1010,16th Congress (July 2013 - 2016),https://ldr.senate.gov.ph/bills/senate-bill-no-1010-16th-congress-republic,SURVIVORSHIP BENEFITS TO THE SURVIVING SPOUSE OF A DECEASED RETIRED OSG MEMBER,AN ACT GRANTING SURVIVORSHIP BENEFITS TO THE SURVIVING LEGITIMATE SPOUSE OF A DECEASED RETIRED MEMBER OF THE OFFICE OF SOLICITOR GENERAL,Antonio F. Trillanes IV,"July 22, 2013",NATIONAL,OFFICE OF THE SOLICITOR GENERAL,"CIVIL SERVICE, GOVERNMENT REORGANIZATION AND PROFESSIONAL REGULATION",CONSOLIDATED/SUBSTITUTED IN THE COMMITTEE REPORT
Senate Bill No. 35,16th Congress (July 2013 - 2016),https://ldr.senate.gov.ph/bills/senate-bill-no-35-16th-congress-republic,INVESTMENTS AND INCENTIVES CODE OF THE PHILIPPINES,THE INVESTMENTS AND INCENTIVES CODE OF THE PHILIPPINES,"VILLAR, CYNTHIA A.","January 7, 2013",NATIONAL,INVESTMENT AND INCENTIVES CODE,WAYS AND MEANS,PENDING IN THE COMMITTEE
Senate Bill No. 1223,16th Congress (July 2013 - 2016),https://ldr.senate.gov.ph/bills/senate-bill-no-1223-16th-congress-republic,REVISED PENAL CODE (DISCHARGE OF FIREARMS),"AN ACT PROVIDING FOR STIFFER PENALTIES FOR WILFUL OR INDISCRIMINATE DISCHARGE OF FIREARMS, AMENDING FOR THE PURPOSE ACT NO. 3815, AS AMENDED, OTHERWISE KNOWN AS THE REVISED PENAL CODE","EJERCITO, JOSEPH VICTOR G.","June 8, 2013",NATIONAL,REVISED PENAL CODE (R.A. NO. 3815) FIREARMS,CONSTITUTIONAL AMENDMENTS AND REVISION OF CODES,PENDING IN THE COMMITTEE
Senate Bill No. 706,16th Congress (July 2013 - 2016),https://ldr.senate.gov.ph/bills/senate-bill-no-706-16th-congress-republic,CIVIL CODE,AN ACT AMENDING CERTAIN PROVISIONS OF REPUBLIC ACT NO. 386 OR THE CIVIL CODE AS AMENDED,"ESCUDERO, FRANCIS G.","October 7, 2013",NATIONAL,CIVIL CODE OF THE PHILIPPINES,JUSTICE AND HUMAN RIGHTS,PENDING IN THE COMMITTEE
Senate Bill No. 1849,16th Congress (July 2013 - 2016),https://ldr.senate.gov.ph/bills/senate-bill-no-1849-16th-congress-republic,APPOINTMENT OF ELECTIVE GOVERNMENT OFFICIALS,AN ACT PROHIBITING THE APPOINTMENT OF ELECTIVE GOVERNMENT OFFICIALS WITHIN ONE YEAR FROM RESIGNATION,Miriam Defensor Santiago,"October 14, 2013",NATIONAL,GOVERNMENT OFFICIAL/PUBLIC OFFICIAL APPOINTMENTS,"CIVIL SERVICE, GOVERNMENT REORGANIZATION AND PROFESSIONAL REGULATION",PENDING IN THE COMMITTEE
Senate Bill No. 81,16th Congress (July 2013 - 2016),https://ldr.senate.gov.ph/bills/senate-bill-no-81-16th-congress-republic,PARENTS IN JAIL ACT OF 2013,AN ACT CREATING PROGRAMS FOR INCARCERATED PARENTS AND THEIR CHILDREN,"BINAY, MARIA LOURDES NANCY S.","January 7, 2013",NATIONAL,parents,JUSTICE AND HUMAN RIGHTS,PENDING IN THE COMMITTEE
Senate Bill No. 1287,16th Congress (July 2013 - 2016),https://ldr.senate.gov.ph/bills/senate-bill-no-1287-16th-congress-republic,JUDICIAL AND BAR COUNCIL (JBC),AN ACT LIMITING THE TERM OF OFFICE OF THE REGULAR MEMBERS OF THE JUDICIAL AND BAR COUNCIL (JBC),"ESTRADA, JINGGOY E.","August 15, 2013",NATIONAL,JUDICIAL AND BAR COUNCIL (JBC),JUSTICE AND HUMAN RIGHTS,CONSOLIDATED/SUBSTITUTED IN THE COMMITTEE REPORT
Senate Bill No. 693,16th Congress (July 2013 - 2016),https://ldr.senate.gov.ph/bills/senate-bill-no-693-16th-congress-republic,PRODUCTIVITY INCENTIVES ACT,AN ACT AMENDING CERTAIN PROVISIONS OF REPUBLIC ACT NO. 6971 OTHERWISE KNOWN AS 'THE PRODUCTIVITY INCENTIVES ACT OF 1990' AND FOR OTHER PURPOSES,"LEGARDA, LOREN B.","September 7, 2013",NATIONAL,PRODUCTIVITY INCENTIVE,"LABOR, EMPLOYMENT AND HUMAN RESOURCES DEVELOPMENT",PENDING IN THE COMMITTEE
Senate Bill No. 2027,16th Congress (July 2013 - 2016),https://ldr.senate.gov.ph/bills/senate-bill-no-2027-16th-congress-republic,"AMENDING SEC. 272, RA 7160 (SPECIAL EDUCATION FUND)","AN ACT EXPANDING THE PURPOSES AND APPLICATION OF THE SPECIAL EDUCATION FUND (SEF) AMENDING FOR THE PURPOSE SECTION 272 OF REPUBLIC ACT NO. 7160, OTHERWISE KNOWN AS THE LOCAL GOVERNMENT CODE OF 1991, AND FOR OTHER PURPOSES","ESTRADA, JINGGOY E.","November 12, 2013",NATIONAL,SPECIAL EDUCATION LOCAL GOVERNMENT CODE (R.A. NO. 7160),LOCAL GOVERNMENT,PENDING IN THE COMMITTEE
Senate Bill No. 949,16th Congress (July 2013 - 2016),https://ldr.senate.gov.ph/bills/senate-bill-no-949-16th-congress-republic,PATERNITY LEAVE ACT,"AN ACT AMENDING SECTION 2 OF REPUBLIC ACT NO. 8187, OTHERWISE KNOWN AS THE PATERNITY LEAVE ACT OF 1996","REVILLA JR., RAMON BONG","July 18, 2013",NATIONAL,PATERNITY LEAVE,"LABOR, EMPLOYMENT AND HUMAN RESOURCES DEVELOPMENT",PENDING IN THE COMMITTEE
Senate Bill No. 138,16th Congress (July 2013 - 2016),https://ldr.senate.gov.ph/bills/senate-bill-no-138-16th-congress-republic,PHILIPPINE CORALS AND OTHER MARINE TREASURES PROTECTION,"AN ACT TO FURTHER PROTECT PHILIPPINE CORALS AND OTHER MARINE TREASURES, AMENDING FOR THE PURPOSE SECTIONS 91 AND 97 OF REPUBLIC ACT NO. 8550, OTHERWISE KNOWN AS THE PHILIPPINE FISHERIES CODE OF 1998","VILLAR, CYNTHIA A.","January 7, 2013",NATIONAL,CORAL REEFS PHILIPPINE FISHERIES CODE (R.A.NO. 8550),AGRICULTURE AND FOOD,CONSOLIDATED/SUBSTITUTED IN THE COMMITTEE REPORT
Senate Bill No. 60,16th Congress (July 2013 - 2016),https://ldr.senate.gov.ph/bills/senate-bill-no-60-16th-congress-republic,UNDERPRIVILEGED POST-SECONDARY AND TERTIARY STUDENTS' DISCOUNT ACT OF 2013,AN ACT GRANTING DISCOUNTS ON BASIC AND EDUCATION SERVICES TO UNDERPRIVILEGED STUDENTS IN THE POST-SECONDARY AND TERTIARY LEVELS,"ANGARA, SONNY","January 7, 2013",NATIONAL,DISCOUNT PRIVILEGES STUDENTS,"EDUCATION, ARTS AND CULTURE",PENDING IN THE COMMITTEE
Senate Bill No. 195,16th Congress (July 2013 - 2016),https://ldr.senate.gov.ph/bills/senate-bill-no-195-16th-congress-republic,COMPUTER EDUCATION PROGRAM,AN ACT TO INTEGRATE COMPUTER EDUCATION PROGRAM INTO THE EDUCATIONAL SYSTEM AND FOR OTHER PURPOSES,"ANGARA, SONNY","January 7, 2013",NATIONAL,COMPUTER EDUCATION,"EDUCATION, ARTS AND CULTURE",PENDING IN THE COMMITTEE
Senate Bill No. 1719,16th Congress (July 2013 - 2016),https://ldr.senate.gov.ph/bills/senate-bill-no-1719-16th-congress-republic,COMPREHENSIVE COMELEC REPORT ACT,AN ACT PROVIDING FOR THE MINIMUM CONTENTS OF A COMPREHENSIVE REPORT OF ELECTIONS TO THE PRESIDENT AND TO CONGRESS BY THE COMMISSION ON ELECTIONS,"DEFENSOR SANTIAGO, MIRIAM","September 18, 2013",NATIONAL,COMMISSION ON ELECTION (COMELEC),ELECTORAL REFORMS AND PEOPLES PARTICIPATION,"PENDING SECOND READING, SPECIAL ORDER"
Senate Bill No. 418,16th Congress (July 2013 - 2016),https://ldr.senate.gov.ph/bills/senate-bill-no-418-16th-congress-republic,RIZAL DAY,"AN ACT MOVING THE OBSERVANCE OF RIZAL DAY FROM DECEMBER 30 TO JUNE 19, AMENDING FOR THE PURPOSE SECTION 26, CHAPTER 7, BOOK 1 OF EXECUTIVE ORDER NO. 292, AS AMENDED, OTHERWISE KNOWN AS THE ADMINISTRATIVE CODE OF 1987","Ferdinand ""Bongbong"" R. Marcos, Jr.","March 7, 2013",NATIONAL,HOLIDAYS (NON-WORKING) ADMINISTRATIVE CODE OF 1987 (E.O.NO. 292),"EDUCATION, ARTS AND CULTURE",PENDING IN THE COMMITTEE
Senate Bill No. 1783,16th Congress (July 2013 - 2016),https://ldr.senate.gov.ph/bills/senate-bill-no-1783-16th-congress-republic,SCIENCE START GRANT PROGRAM ACT,AN ACT ESTABLISHING A SCIENCE START GRANT PROGRAM,Miriam Defensor Santiago,"March 10, 2013",NATIONAL,SCIENCE START GRANT SCHOLARSHIP GRANTS,"EDUCATION, ARTS AND CULTURE",PENDING IN THE COMMITTEE
Senate Bill No. 1265,16th Congress (July 2013 - 2016),https://ldr.senate.gov.ph/bills/senate-bill-no-1265-16th-congress-republic,FAMILY CODE (FAMILY HOME),"AN ACT STRENGTHENING THE PROVISIONS OF LAW ON THE FAMILY HOME, INCREASING THE VALUE OF THE FAMILY HOME, AND AMENDING FOR THIS PURPOSE EXECUTIVE ORDER NO. 209, OTHERWISE KNOWN AS THE FAMILY CODE OF THE PHILIPPINES, AND FOR OTHER PURPOSES","BINAY, MARIA LOURDES NANCY S.","December 8, 2013",NATIONAL,FAMILY HOME FAMILY CODE (E.O. NO. 209),"WOMEN, CHILDREN, FAMILY RELATIONS AND GENDER EQUALITY",PENDING IN THE COMMITTEE
Senate Bill No. 1348,16th Congress (July 2013 - 2016),https://ldr.senate.gov.ph/bills/senate-bill-no-1348-16th-congress-republic,HOSPITAL-ACQUIRED INFECTIONS,AN ACT REQUIRING DISCLOSURE OF HOSPITAL INFECTIONS,Miriam Defensor Santiago,"August 22, 2013",NATIONAL,HOSPITALS INFECTIONS (HOSPITAL ACQUIRED),HEALTH AND DEMOGRAPHY,PENDING IN THE COMMITTEE
Senate Bill No. 1974,16th Congress (July 2013 - 2016),https://ldr.senate.gov.ph/bills/senate-bill-no-1974-16th-congress-republic,NATIONAL DEFENSE UNIVERSITY OF THE PHILIPPINES,AN ACT ESTABLISHING THE NATIONAL DEFENSE UNIVERSITY OF THE PHILIPPINES AND FOR OTHER PURPOSES,"ESTRADA, JINGGOY E.","November 27, 2013",NATIONAL,NATIONAL DEFENSE UNIVERSITY OF THE PHILIPPINES,NATIONAL DEFENSE AND SECURITY,PENDING IN THE COMMITTEE
Senate Bill No. 1412,16th Congress (July 2013 - 2016),https://ldr.senate.gov.ph/bills/senate-bill-no-1412-16th-congress-republic,FAMILY CODE (ART. 236),"AN ACT AMENDING ART. 236 OF EXECUTIVE ORDER NO. 209, ALSO KNOWN AS THE FAMILY CODE OF THE PHILIPPINES","ESTRADA, JINGGOY E.","August 29, 2013",NATIONAL,FAMILY CODE (E.O. NO. 209) parents,"WOMEN, CHILDREN, FAMILY RELATIONS AND GENDER EQUALITY",PENDING IN THE COMMITTEE
Senate Bill No. 257,16th Congress (July 2013 - 2016),https://ldr.senate.gov.ph/bills/senate-bill-no-257-16th-congress-republic,FAMILY CARE ACT OF 2013,"AN ACT PROVIDING ADDITIONAL BENEFITS TO FAMILIES WITH DEPENDENTS, SUPPORTING AGING PARENTS AND PERSONS WITH DISABILITIES",Ralph G. Recto,"January 7, 2013",NATIONAL,TAXES (INDIVIDUAL INCOME TAX) SENIOR CITIZEN/ELDERLY PERSONS WITH DISABILITIES (PWDS) FAMILY CARE HANDICAPPED/DISABLED/DIFFERENTLY ABLED,WAYS AND MEANS,PENDING IN THE COMMITTEE
Senate Bill No. 896,16th Congress (July 2013 - 2016),https://ldr.senate.gov.ph/bills/senate-bill-no-896-16th-congress-republic,"PROFESSIONAL FILIPINO ATHLETES RETIREMENT, HEALTH CARE AND DEATH BENEFITS ACT OF 2013","AN ACT GRANTING RETIREMENT, HEALTH CARE AND DEATH BENEFITS TO PROFESSIONAL FILIPINO ATHLETES WHO WIN WORLD CHAMPIONSHIP TITLES IN INTERNATIONAL PROFESSIONAL SPORTS COMPETITIONS OR IN OTHER EQUALLY PRESTIGIOUS INTERNATIONAL GAMES AND PROVIDING FUNDS THEREFOR",Antonio F. Trillanes IV,"July 18, 2013",NATIONAL,ATHLETES,"GAMES, AMUSEMENT AND SPORTS",PENDING IN THE COMMITTEE
Senate Bill No. 2038,16th Congress (July 2013 - 2016),https://ldr.senate.gov.ph/bills/senate-bill-no-2038-16th-congress-republic,LEGISLATIVE EXECUTIVE TASK FORCE ON COMMUNICATION ACT OF 2013,"AN ACT CREATING A TASK FORCE ON COMMUNICATIONS TO REVIEW AND ASSESS THE STATE OF THE PHILIPPINE COMMUNICATIONS SYTEM AND RECOMMEND POLICY, INSTITUTIONAL AND INFRASTRUCTURAL MEASURES TO ENSURE THE DEVELOPMENT OF THIS SECTOR AND APPROPRIATING FUNDS THEREFOR","ESTRADA, JINGGOY E.","November 12, 2013",NATIONAL,PHILIPPINE COMMUNICATION SYSTEM,PUBLIC SERVICES,PENDING IN THE COMMITTEE
Senate Bill No. 352,16th Congress (July 2013 - 2016),https://ldr.senate.gov.ph/bills/senate-bill-no-352-16th-congress-republic,GOVERNMENT PERFORMANCE ACT OF 2013,"AN ACT TO INSTITUTIONALIZE A SYSTEM OF PERFORMANCE PLANNING AND REPORTING IN NATIONAL GOVERNMENT AGENCIES, AND FOR OTHER PURPOSES","LEGARDA, LOREN B.","March 7, 2013",NATIONAL,GOVERNMENT PERFORMANCE ACT,"CIVIL SERVICE, GOVERNMENT REORGANIZATION AND PROFESSIONAL REGULATION",PENDING IN THE COMMITTEE
Senate Bill No. 1001,16th Congress (July 2013 - 2016),https://ldr.senate.gov.ph/bills/senate-bill-no-1001-16th-congress-republic,RECHARGEABLE BATTERY LAW,"AN ACT TO STRENGTHEN THE RECYCLING PROGRAM FOR ALL RECHARGEABLE BATTERIES MANUFACTURED, SOLD AND DISTRIBUTED IN THE PHILIPPINES AND FOR OTHER PURPOSES",Antonio F. Trillanes IV,"July 22, 2013",NATIONAL,RECYCLING RECHARGEABLE BATTERY,ENVIRONMENT AND NATURAL RESOURCES,PENDING IN THE COMMITTEE
Senate Bill No. 149,16th Congress (July 2013 - 2016),https://ldr.senate.gov.ph/bills/senate-bill-no-149-16th-congress-republic,DECRIMINALIZING LIBEL,AN ACT DECRIMINALIZING LIBEL THEREBY REPEALING ARTICLES 353 TO 357 AND ARTICLES 360-362 OF THE REVISED PENAL CODE,"CAYETANO, PIA S.","January 7, 2013",NATIONAL,LIBEL REVISED PENAL CODE (R.A. NO. 3815),JUSTICE AND HUMAN RIGHTS,PENDING IN THE COMMITTEE
Senate Bill No. 208,16th Congress (July 2013 - 2016),https://ldr.senate.gov.ph/bills/senate-bill-no-208-16th-congress-republic,VALUE-ADDED TAX RATE ON PETROLEUM PRODUCTS,AN ACT AUTOMATICALLY DECREASING THE VALUE-ADDED TAX RATE ON PETROLEUM PRODUCTS DEPENDING ON INCREASING WORLD CRUDE OIL PRICES,Gregorio B. Honasan II,"January 7, 2013",NATIONAL,VALUE-ADDED TAX (VAT) Petroleum products,WAYS AND MEANS,PENDING IN THE COMMITTEE
Senate Bill No. 1730,16th Congress (July 2013 - 2016),https://ldr.senate.gov.ph/bills/senate-bill-no-1730-16th-congress-republic,SUMMARY TITLING OF PUBLIC SCHOOL SITES,AN ACT PROVIDING FOR THE SUMMARY TITLING OF REAL PROPERTIES USED AS PUBLIC SCHOOL SITES,"ESCUDERO, FRANCIS G.","September 24, 2013",NATIONAL,SCHOOL SITES/SCHOOL CAMPUS LAND TITLE/TORRENS TITLE REAL PROPERTY,ENVIRONMENT AND NATURAL RESOURCES,CONSOLIDATED/SUBSTITUTED IN THE COMMITTEE REPORT
Senate Bill No. 456,16th Congress (July 2013 - 2016),https://ldr.senate.gov.ph/bills/senate-bill-no-456-16th-congress-republic,ANTI-SMUGGLING ACT OF 2013,"AN ACT INSTITUTING REFORMS IN THE BUREAU OF CUSTOMS, INCREASING PENALTIES FOR SMUGGLING AND FOR OTHER PURPOSES, THEREBY AMENDING PRESIDENTIAL DECREE NO. 1464, OTHERWISE KNOWN AS THE TARIFF AND CUSTOMS CODE OF THE PHILIPPINES, AS AMENDED",Ralph G. Recto,"April 7, 2013",NATIONAL,ANTI-SMUGGLING TARIFF AND CUSTOMS CODE (P.D.NO. 1464) Bureau of Customs,WAYS AND MEANS,CONSOLIDATED/SUBSTITUTED IN THE COMMITTEE REPORT
Senate Bill No. 1271,16th Congress (July 2013 - 2016),https://ldr.senate.gov.ph/bills/senate-bill-no-1271-16th-congress-republic,LUDONG PROTECTION AND CONSERVATION ACT OF 2013,"AN ACT PROVIDING FOR THE PROTECTION AND CONSERVATION OF CESTRAEUS PLICATILIS, COMMONLY KNOWN AS 'LUDONG', IN THE PHILIPPINES","LAPID, MANUEL ""LITO"" M.","August 13, 2013",NATIONAL,LUDONG,AGRICULTURE AND FOOD,CONSOLIDATED/SUBSTITUTED IN THE COMMITTEE REPORT
Senate Bill No. 1342,16th Congress (July 2013 - 2016),https://ldr.senate.gov.ph/bills/senate-bill-no-1342-16th-congress-republic,PROFESSIONAL ENGINEER'S DISCLOSURE ACT,AN ACT AUTHORIZING ENGINEERS TO DISCLOSE TO ANY GOVERNMENTAL OFFICIAL INFORMATION REGARDING A BUILDING OR STRUCTURE THAT THE ENGINEER BELIEVES IN GOOD FAITH MAY POSE A DANGER TO PUBLIC HEALTH OR SAFETY,Miriam Defensor Santiago,"August 22, 2013",NATIONAL,BUILDINGS/STRUCTURES,PUBLIC WORKS,PENDING IN THE COMMITTEE
Senate Bill No. 1000,16th Congress (July 2013 - 2016),https://ldr.senate.gov.ph/bills/senate-bill-no-1000-16th-congress-republic,THE SANITARIANS PROFESSIONALIZATION ACT,"AN ACT PROVIDING FOR THE REGULATION, SUPERVISION AND PROFESSIONALIZATION OF THE PRACTICE, LICENSING, AND REGISTRATION OF SANITARIANS",Antonio F. Trillanes IV,"July 22, 2013",NATIONAL,SANITARIANS,"CIVIL SERVICE, GOVERNMENT REORGANIZATION AND PROFESSIONAL REGULATION",PENDING IN THE COMMITTEE
Senate Bill No. 1100,16th Congress (July 2013 - 2016),https://ldr.senate.gov.ph/bills/senate-bill-no-1100-16th-congress-republic,REVISED PHILIPPINE HIV AND AIDS POLICY AND PROGRAM ACT OF 2013,"AN ACT STRENGTHENING THE PHILIPPINE COMPREHENSIVE POLICY ON HIV AND AIDS PREVENTION, TREATMENT, CARE AND SUPPORT AND ESTABLISHING THE PHILIPPINE NATIONAL HIV AND AIDS PROGRAM, REVISING FOR THE PURPOSE REPUBLIC ACT NO. 8504, OTHERWISE KNOWN AS THE 'PHILIPPINE AIDS PREVENTION AND CONTROL ACT OF 1998', AND APPROPRIATING FUNDS THEREFOR","EJERCITO, JOSEPH VICTOR G.","July 24, 2013",NATIONAL,HUMAN IMMUNO DEFICIENCY VIRUS (HIV) ACQUIRED IMMUNE DEFICIENCY SYNDROME (AIDS),HEALTH AND DEMOGRAPHY,CONSOLIDATED/SUBSTITUTED IN THE COMMITTEE REPORT
Senate Bill No. 503,16th Congress (July 2013 - 2016),https://ldr.senate.gov.ph/bills/senate-bill-no-503-16th-congress-republic,"FRATERNITY, SORORITY, CONFRATERNITY AND ORGANIZATION INITIATION RITES","AN ACT TO FURTHER STRENGTHEN THE EXISTING MECHANISM FOR DETERRENCE TO THE COMMISSION OF CRIME IN THE CONDUCT OF FRATERNITY, SORORITY, CONFRATERNITY AND ORGANIZATION INITIATION RITES, AMENDING FOR THE PURPOSE REPUBLIC ACT NUMBERED EIGHT THOUSAND AND FORTY NINE","VILLAR, CYNTHIA A.","August 7, 2013",NATIONAL,FRATERNITY/SORORITY Hazing,"EDUCATION, ARTS AND CULTURE",PENDING IN THE COMMITTEE
Senate Bill No. 593,16th Congress (July 2013 - 2016),https://ldr.senate.gov.ph/bills/senate-bill-no-593-16th-congress-republic,"LOWERING MAXIMUM PERMISSIBLE TRUCK LOADINGS TO PHP 12,000.00 KGS",AN ACT AMENDING SECTION 6 OF REPUBLIC ACT NO. 8794,"ESCUDERO, FRANCIS G.","August 7, 2013",NATIONAL,Trucks,PUBLIC WORKS,PENDING IN THE COMMITTEE
Senate Bill No. 1109,16th Congress (July 2013 - 2016),https://ldr.senate.gov.ph/bills/senate-bill-no-1109-16th-congress-republic,ANTI-MUFFLER MODIFICATION ACT,AN ACT PROHIBITING MODIFICATION OF MUFFLERS TO INCREASE NOISE EMITTED FROM EXHAUST SYSTEM,Miriam Defensor Santiago,"July 25, 2013",NATIONAL,NOISE POLLUTION Motor Vehicles,PUBLIC SERVICES,PENDING IN THE COMMITTEE
Senate Bill No. 1172,16th Congress (July 2013 - 2016),https://ldr.senate.gov.ph/bills/senate-bill-no-1172-16th-congress-republic,HIGHWAY SAFETY PROGRAM OF 2013,"AN ACT PROVIDING FOR A HIGHWAY SAFETY PROGRAM IN THE PHILIPPINES, AND FOR OTHER PURPOSES",Antonio F. Trillanes IV,"July 30, 2013",NATIONAL,HIGHWAY SAFETY PROGRAM,PUBLIC SERVICES,PENDING IN THE COMMITTEE
Senate Bill No. 864,16th Congress (July 2013 - 2016),https://ldr.senate.gov.ph/bills/senate-bill-no-864-16th-congress-republic,NAMRIA MODERNIZATION ACT,AN ACT PROVIDING FOR THE MODERNIZATION OF THE NATIONAL MAPPING AND RESOURCE INFORMATION AUTHORITY (NAMRIA),"ESTRADA, JINGGOY E.","July 17, 2013",NATIONAL,NATIONAL MAPPING AND RESOURCE INFORMATION AUTHORITY (NAMRIA),ENVIRONMENT AND NATURAL RESOURCES,PENDING IN THE COMMITTEE
Senate Bill No. 273,16th Congress (July 2013 - 2016),https://ldr.senate.gov.ph/bills/senate-bill-no-273-16th-congress-republic,MIGRANT WORKERS HOSPITAL ACT OF 2013,"AN ACT ESTABLISHING A SPECIAL HOSPITAL FOR OVERSEAS FILIPINO WORKERS (OFWS) AND THEIR DEPENDENTS, APPROPRIATING FUNDS THEREFOR AND FOR OTHER PURPOSES","REVILLA JR., RAMON BONG","February 7, 2013",NATIONAL,MIGRANT WORKERS HOSPITAL,"LABOR, EMPLOYMENT AND HUMAN RESOURCES DEVELOPMENT",PENDING IN THE COMMITTEE
Senate Bill No. 176,16th Congress (July 2013 - 2016),https://ldr.senate.gov.ph/bills/senate-bill-no-176-16th-congress-republic,QUALIFYING THE KILLING OF MEDIA PRACTITIONERS(BROADCAST/PRINT MEDIA) AS MURDER,"AN ACT QUALIFYING THE KILLING OF MEMBERS OF BROADCAST AND PRINT MEDIA ON THE OCCASION OF THE EXERCISE OF THEIR FUNCTIONS AS SUCH, AS A CRIME OF MURDER PUNISHABLE UNDER ARTICLE 248 OF THE REVISED PENAL CODE, AS AMENDED","REVILLA JR., RAMON BONG","January 7, 2013",NATIONAL,MEDIA PRACTITIONERS REVISED PENAL CODE (R.A. NO. 3815),JUSTICE AND HUMAN RIGHTS,PENDING IN THE COMMITTEE
Senate Bill No. 659,16th Congress (July 2013 - 2016),https://ldr.senate.gov.ph/bills/senate-bill-no-659-16th-congress-republic,TEACHING OF INTELLECTUAL PROPERTY OWNERSHIP,"AN ACT REQUIRING THE TEACHING OF INTELLECTUAL PROPERTY OWNERSHIP PARTICULARLY COPYRIGHT LAW AS PART OF THE CURRICULUM OF ALL PRIMARY, SECONDARY AND TERTIARY SCHOOLS IN THE COUNTRY, AND FOR OTHER PURPOSES","EJERCITO, JOSEPH VICTOR G.","August 7, 2013",NATIONAL,INTELLECTUAL PROPERTY CODE COPYRIGHT LAW,"EDUCATION, ARTS AND CULTURE",PENDING IN THE COMMITTEE
Senate Bill No. 1736,16th Congress (July 2013 - 2016),https://ldr.senate.gov.ph/bills/senate-bill-no-1736-16th-congress-republic,FREEDOM OF SPEECH AND OF ASSOCIATION ON CAMPUS ACT,AN ACT PROTECTING THE FREEDOM OF SPEECH AND OF ASSOCIATION OF STUDENTS ATTENDING INSTITUTIONS OF HIGHER EDUCATION,Miriam Defensor Santiago,"September 26, 2013",NATIONAL,FREEDOM OF EXPRESSION,"EDUCATION, ARTS AND CULTURE",PENDING IN THE COMMITTEE
Senate Bill No. 242,16th Congress (July 2013 - 2016),https://ldr.senate.gov.ph/bills/senate-bill-no-242-16th-congress-republic,COMPREHENSIVE PROSTATE CANCER EARLY DETECTION AND PREVENTION ACT,"AN ACT INSTITUTING A COMPREHENSIVE NATIONAL SCREENING PROGRAM TO COMBAT PROSTATE CANCER, IMPLEMENTING A NATIONWIDE INFORMATION, EDUCATION, COMMUNICATION (IEC) CAMPAIGN, APPROPRIATING FUNDS THEREFOR AND FOR OTHER PURPOSES","LAPID, MANUEL ""LITO"" M.","January 7, 2013",NATIONAL,PROSTATE CANCER,HEALTH AND DEMOGRAPHY,PENDING IN THE COMMITTEE
Senate Bill No. 736,16th Congress (July 2013 - 2016),https://ldr.senate.gov.ph/bills/senate-bill-no-736-16th-congress-republic,MAGNA CARTA FOR PUBLIC SCHOOL TEACHERS,"AN ACT AMENDING REPUBLIC ACT NO. 4670, OTHERWISE KNOWN AS THE MAGNA CARTA FOR PUBLIC SCHOOL TEACHERS, AND FOR OTHER PURPOSES","ESTRADA, JINGGOY E.","July 15, 2013",NATIONAL,"Magna Carta for Public School Teachers DEPARTMENT OF EDUCATION, CULTURE AND SPORTS (DEPED)","EDUCATION, ARTS AND CULTURE",PENDING IN THE COMMITTEE
Senate Bill No. 1800,16th Congress (July 2013 - 2016),https://ldr.senate.gov.ph/bills/senate-bill-no-1800-16th-congress-republic,WATER USE EFFICIENCY AND CONSERVATION RESEARCH ACT,"AN ACT PROVIDING FOR RESEARCH, DEVELOPMENT, EDUCATION AND TECHNOLOGY TRANSFER ACTIVITIES RELATED TO WATER USE EFFICIENCY AND CONSERVATION TECHNOLOGIES AND PRACTICES",Miriam Defensor Santiago,"March 10, 2013",NATIONAL,WATER SUPPLY WATER RESOURCES MANAGEMENT,ENVIRONMENT AND NATURAL RESOURCES,PENDING IN THE COMMITTEE
Senate Bill No. 1492,16th Congress (July 2013 - 2016),https://ldr.senate.gov.ph/bills/senate-bill-no-1492-16th-congress-republic,ENERGY-EFFICIENT LIGHTING PRODUCTS ACT OF 2013,"AN ACT REQUIRING THE USE OF ENERGY-EFFICIENT LIGHTING PRODUCTS, PROVIDING PENALTIES FOR VIOLATIONS THEREOF, AND FOR OTHER PURPOSES","EJERCITO, JOSEPH VICTOR G.","March 9, 2013",NATIONAL,Energy conservation,"TRADE, COMMERCE AND ENTREPRENEURSHIP",PENDING IN THE COMMITTEE
Senate Bill No. 1556,16th Congress (July 2013 - 2016),https://ldr.senate.gov.ph/bills/senate-bill-no-1556-16th-congress-republic,BREAST CARE CENTERS,"AN ACT PROVIDING FOR THE ESTABLISHMENT OF BREAST CARE CENTERS IN EVERY REGION NATIONWIDE, APPROPRIATING FUNDS THEREFOR AND FOR OTHER PURPOSES","ESTRADA, JINGGOY E.","May 9, 2013",NATIONAL,BREAST CARE,HEALTH AND DEMOGRAPHY,PENDING IN THE COMMITTEE
Senate Bill No. 57,16th Congress (July 2013 - 2016),https://ldr.senate.gov.ph/bills/senate-bill-no-57-16th-congress-republic,MAGNA CARTA FOR CALL CENTER WORKERS ACT,AN ACT PROVIDING FOR THE PROTECTION OF WORKERS IN THE CALL CENTER INDUSTRY,Miriam Defensor Santiago,"January 7, 2013",NATIONAL,CALL CENTER INDUSTRY,"LABOR, EMPLOYMENT AND HUMAN RESOURCES DEVELOPMENT",PENDING IN THE COMMITTEE
Senate Bill No. 94,16th Congress (July 2013 - 2016),https://ldr.senate.gov.ph/bills/senate-bill-no-94-16th-congress-republic,"GRANTING PHP 9,000 ADDITIONAL COMPENSATION AND PHP 1,000 MEDICAL ALLOWANCE TO TEACHERS",AN ACT PROVIDING FOR ADDITIONAL SUPPORT AND COMPENSATION FOR EDUCATORS IN BASIC EDUCATION,"CAYETANO, ALAN PETER S.","January 7, 2013",NATIONAL,TEACHERS,"EDUCATION, ARTS AND CULTURE",PENDING IN THE COMMITTEE
Senate Bill No. 507,16th Congress (July 2013 - 2016),https://ldr.senate.gov.ph/bills/senate-bill-no-507-16th-congress-republic,OVERSEAS WORKERS CREDIT ASSISTANCE ACT,AN ACT ESTABLISHING A CREDIT ASSISTANCE PROGRAM FOR OVERSEAS WORKERS,"VILLAR, CYNTHIA A.","August 7, 2013",NATIONAL,OVERSEAS FILIPINO WORKERS (OFW) CREDIT ASSISTANCE PROGRAM,"LABOR, EMPLOYMENT AND HUMAN RESOURCES DEVELOPMENT",PENDING IN THE COMMITTEE
Senate Bill No. 740,16th Congress (July 2013 - 2016),https://ldr.senate.gov.ph/bills/senate-bill-no-740-16th-congress-republic,FARMERS' AND FISHERFOLK FREE PATENT ACT OF 2013,"AN ACT PROVIDING A MECHANISM FOR THE EQUITABLE ACCESS TO AND OWNERSHIP OF PUBLIC LANDS BY FARMERS AND FISHERFOLK, MANDATING FOR THAT PURPOSE AN ADMINISTRATIVE PROCESS FOR THE TITLING OF SUCH PUBLIC LANDS THROUGH THE ISSUANCE OF FREE PATENT AND FOR OTHER PURPOSES","ESTRADA, JINGGOY E.","July 15, 2013",NATIONAL,FARMERS/FISHERFOLK PATENTS,CONSTITUTIONAL AMENDMENTS AND REVISION OF CODES,PENDING IN THE COMMITTEE
Senate Bill No. 596,16th Congress (July 2013 - 2016),https://ldr.senate.gov.ph/bills/senate-bill-no-596-16th-congress-republic,CARNAPPING,AN ACT INCREASING THE PENALTY FOR THE CRIME OF CARNAPPING AMENDING FOR THAT PURPOSE SECTION 14 OF REPUBLIC ACT NO. 6539,"ESCUDERO, FRANCIS G.","August 7, 2013",NATIONAL,CARNAPPING,PUBLIC ORDER AND DANGEROUS DRUGS,CONSOLIDATED/SUBSTITUTED IN THE COMMITTEE REPORT
Senate Bill No. 802,16th Congress (July 2013 - 2016),https://ldr.senate.gov.ph/bills/senate-bill-no-802-16th-congress-republic,AGRITOURISM PROMOTION ACT OF 2013,AN ACT TO PROMOTE AGRITOURISM IN THE PHILIPPINES AND FOR OTHER PURPOSES,Antonio F. Trillanes IV,"July 16, 2013",NATIONAL,AGRITOURISM,AGRICULTURE AND FOOD,CONSOLIDATED/SUBSTITUTED IN THE COMMITTEE REPORT
Senate Bill No. 1874,16th Congress (July 2013 - 2016),https://ldr.senate.gov.ph/bills/senate-bill-no-1874-16th-congress-republic,URBAN DEVELOPMENT AND HOUSING ACT,"AN ACT STRENGTHENING AND SECURING THE RIGHTS OF THE URBAN POOR AGAINST EVICTIONS AND/OR DEMOLITIONS AND TO PROVIDE ADEQUATE HOUSING AMENDING FOR THIS PURPOSE REPUBLIC ACT NO. 7279 OTHERWISE KNOWN AS 'AN ACT TO PROVIDE FOR A COMPREHENSIVE AND CONTINUING URBAN DEVELOPMENT AND HOUSING PROGRAM, ESTABLISH THE MECHANISM FOR ITS IMPLEMENTATION, AND FOR OTHER PURPOSES' OR THE 'URBAN DEVELOPMENT AND HOUSING ACT OF 1992'","Paolo Benigno ""Bam"" Aquino IV","October 24, 2013",NATIONAL,URBAN DEVELOPMENT AND HOUSING ACT,"URBAN PLANNING, HOUSING AND RESETTLEMENT",PENDING IN THE COMMITTEE
Senate Bill No. 1938,16th Congress (July 2013 - 2016),https://ldr.senate.gov.ph/bills/senate-bill-no-1938-16th-congress-republic,SUPPLEMENTAL APPROPRIATION FY 2013,"AN ACT APPROPRIATING THE SUM OF FOURTEEN BILLION FIVE HUNDRED MILLION PESOS (P14,500,000,000.00) AS SUPPLEMENTAL APPROPRIATION FOR FY 2013 AND FOR OTHER PURPOSES",Franklin M. Drilon,"November 20, 2013",NATIONAL,BUDGET,FINANCE,CONSOLIDATED/SUBSTITUTED IN THE COMMITTEE REPORT
Senate Bill No. 304,16th Congress (July 2013 - 2016),https://ldr.senate.gov.ph/bills/senate-bill-no-304-16th-congress-republic,VACCINATION AND IMMUNIZATION PROGRAM,"AN ACT PROMOTING THE FULL REALIZATION OF THE CONSTITUTIONAL PROVISIONS ON SOCIAL JUSTICE AND THE RIGHT TO HEALTH, THROUGH THE STRENGTHENING OF A COMPREHENSIVE FREE VACCINATION AND IMMUNIZATION PROGRAM FOR FILIPINO INFANTS AND CHILDREN, APPROPRIATING FUNDS THEREFOR, AND FOR OTHER PURPOSES","VILLAR, CYNTHIA A.","February 7, 2013",NATIONAL,FREE VACCINATION AND IMMUNIZATION CHILDREN/CHILD CARE,HEALTH AND DEMOGRAPHY,PENDING IN THE COMMITTEE
Senate Bill No. 323,16th Congress (July 2013 - 2016),https://ldr.senate.gov.ph/bills/senate-bill-no-323-16th-congress-republic,SIARGAO ISLAND PROTECTED LANDSCAPE AND SEASCAPE (SIPLAS) ACT OF 2013,"AN ACT ESTABLISHING THE SIARGAO GROUP OF ISLANDS IN THE MUNICIPALITIES OF BURGOS, DAPA, DEL CARMEN, GEN. LUNA, PILAR, SAN BENITO, SAN ISIDRO, STA. MONICA AND SOCORRO, PROVINCE OF SURIGAO DEL NORTE AS A PROTECTED LANDSCAPE AND SEASCAPE PROVIDING FOR ITS MANAGEMENT AND FOR OTHER PURPOSES PURSUANT TO R.A. 7586","CAYETANO, PIA S.","March 7, 2013",NATIONAL,PROTECTED AREA/PROTECTED LANDSCAPE,ENVIRONMENT AND NATURAL RESOURCES,CONSOLIDATED/SUBSTITUTED IN THE COMMITTEE REPORT
Senate Bill No. 1129,16th Congress (July 2013 - 2016),https://ldr.senate.gov.ph/bills/senate-bill-no-1129-16th-congress-republic,ACADEMIC EXCELLENCE ACT OF 2013,AN ACT ESTABLISHING THE ACADEMIC EXCELLENCE FOUNDATION TO PROMOTE ACADEMIC EXCELLENCE IN PUBLIC AND PRIVATE SCHOOLS AND FOR OTHER PURPOSES,Antonio F. Trillanes IV,"July 29, 2013",NATIONAL,ACADEMIC EXCELLENCE,"EDUCATION, ARTS AND CULTURE",PENDING IN THE COMMITTEE
Senate Bill No. 1630,16th Congress (July 2013 - 2016),https://ldr.senate.gov.ph/bills/senate-bill-no-1630-16th-congress-republic,NON-COMBATANT VICTIMS COMPENSATION AND BENEFITS,"AN ACT PROVIDING FOR REASONABLE COMPENSATION AND BENEFITS FOR THE LOSS OF LIVES, INJURIES AND DAMAGES TO PROPERTY SUFFERED BY NON-COMBATANT INDIVIDUALS IN THE COURSE OF OPERATIONS BY THE MILITARY, POLICE AND/OR OTHER LAW ENFORCEMENT AGENCIES AND FOR OTHER PURPOSES","ESTRADA, JINGGOY E.","November 9, 2013",LOCAL,armed conflict LAW ENFORCEMENT AGENCY ARMED FORCES OF THE PHILIPPINES (AFP) PHILIPPINE NATIONAL POLICE (PNP),JUSTICE AND HUMAN RIGHTS,PENDING IN THE COMMITTEE
Senate Bill No. 1184,16th Congress (July 2013 - 2016),https://ldr.senate.gov.ph/bills/senate-bill-no-1184-16th-congress-republic,BLOOD TYPE IDENTIFICATION ACT OF 2013,"AN ACT REQUIRING ALL GOVERNMENT AGENCIES ISSUING IDENTIFICATION CARDS, CERTIFICATES AND LICENSES TO INDICATE THEREIN THE BLOOD TYPE OF THE HOLDER AND PROVIDING PENALTIES FOR VIOLATIONS THEREOF",Antonio F. Trillanes IV,"July 30, 2013",NATIONAL,BLOOD TYPE IDENTIFICATION SYSTEM,HEALTH AND DEMOGRAPHY,PENDING IN THE COMMITTEE
Senate Bill No. 1694,16th Congress (July 2013 - 2016),https://ldr.senate.gov.ph/bills/senate-bill-no-1694-16th-congress-republic,"AMENDING SEC. 14, RA 7166 (STATEMENTS OF CONTRIBUTION & EXPENDITURES OF POLITICAL PARTIES TREASURER)","AN ACT AMENDING SECTION 14 OF REPUBLIC ACT NO. 7166, OTHERWISE KNOWN AS THE 'SYNCHRONIZED ELECTION LAW OF 1991', ON THE PARTICULAR OFFICE WHERE CANDIDATES SHALL FILE THEIR STATEMENTS OF ELECTION CONTRIBUTIONS AND EXPENDITURES AND PROVIDING ADMINISTRATIVE SANCTIONS FOR VIOLATIONS OF SAID SECTION",Miriam Defensor Santiago,"September 17, 2013",NATIONAL,ELECTIONS/ELECTORAL REFORMS COMMISSION ON ELECTION (COMELEC),ELECTORAL REFORMS AND PEOPLES PARTICIPATION,"PENDING SECOND READING, ORDINARY BUSINESS"
Senate Bill No. 558,16th Congress (July 2013 - 2016),https://ldr.senate.gov.ph/bills/senate-bill-no-558-16th-congress-republic,SUMMARY TITLING OF REAL PROPERTIES USED AS SCHOOL SITES,AN ACT PROVIDING FOR THE ADMINISTRATIVE AND SUMMARY TITLING OF REAL PROPERTIES USED AS SITES FOR PUBLIC SCHOOLS,"ESTRADA, JINGGOY E.","August 7, 2013",NATIONAL,REAL PROPERTY SCHOOL SITES/SCHOOL CAMPUS,ENVIRONMENT AND NATURAL RESOURCES,CONSOLIDATED/SUBSTITUTED IN THE COMMITTEE REPORT
Senate Bill No. 813,16th Congress (July 2013 - 2016),https://ldr.senate.gov.ph/bills/senate-bill-no-813-16th-congress-republic,GOVERNMENT ASSET MANAGEMENT ACT OF 2013,"AN ACT CREATING THE GOVERNMENT ASSET MANAGEMENT AUTHORITY, DEFINING ITS POWERS AND FUNCTIONS, APPROPRIATING FUNDS THEREFOR, AND FOR OTHER PURPOSES",Antonio F. Trillanes IV,"July 16, 2013",NATIONAL,GOVERNMENT ASSET MANAGEMENT AUTHORITY,GOVERNMENT CORPORATIONS AND PUBLIC ENTERPRISES,PENDING IN THE COMMITTEE
Senate Bill No. 1885,16th Congress (July 2013 - 2016),https://ldr.senate.gov.ph/bills/senate-bill-no-1885-16th-congress-republic,HALAL FOOD ACT,"AN ACT REGULATING THE ADVERTISEMENT, PACKAGING, LABELING, DISPLAY, SALE, PREPARATION, AND SERVING OF HALAL FOOD",Miriam Defensor Santiago,"October 24, 2013",NATIONAL,HALAL FOOD,AGRICULTURE AND FOOD,CONSOLIDATED/SUBSTITUTED IN THE COMMITTEE REPORT
Senate Bill No. 1949,16th Congress (July 2013 - 2016),https://ldr.senate.gov.ph/bills/senate-bill-no-1949-16th-congress-republic,BOXERS' WELFARE ACT,AN ACT TO STRENGTHEN THE COUNTRY'S STANDING IN THE SPORT OF BOXING AND TO ENSURE THE WELFARE OF BOXING ATHLETES,Miriam Defensor Santiago,"November 26, 2013",NATIONAL,BOXER WELFARE,"GAMES, AMUSEMENT AND SPORTS",PENDING IN THE COMMITTEE
Senate Bill No. 310,16th Congress (July 2013 - 2016),https://ldr.senate.gov.ph/bills/senate-bill-no-310-16th-congress-republic,LIVESTOCK DEVELOPMENT COUNCIL,"AN ACT PROVIDING INDEMNIFICATION FOR OWNERS WHOSE LIVESTOCK ARE AFFECTED BY HIGHLY COMMUNICABLE DISEASES, AMENDING FOR THE PURPOSE PRESIDENTIAL DECREE NO. 914, ENTITLED 'AN ACT CREATING THE LIVESTOCK DEVELOPMENT COUNCIL, DEFINING ITS POWERS AND FUNCTIONS AND PROVIDING FUNDS THEREFOR, AND APPROPRIATING FUNDS THEREFOR","VILLAR, CYNTHIA A.","February 7, 2013",NATIONAL,LIVESTOCK,AGRICULTURE AND FOOD,PENDING IN THE COMMITTEE
Senate Bill No. 331,16th Congress (July 2013 - 2016),https://ldr.senate.gov.ph/bills/senate-bill-no-331-16th-congress-republic,COMFORT WOMEN COMPENSATION AND BENEFIT ACT OF 2013,"AN ACT PROVIDING FOR PENSION AND HEALTH BENEFITS TO COMFORT WOMEN, APPROPRIATING FUNDS THEREFOR, AND FOR OTHER PURPOSES","CAYETANO, PIA S.","March 7, 2013",NATIONAL,COMFORT WOMEN PENSION,"WOMEN, CHILDREN, FAMILY RELATIONS AND GENDER EQUALITY",PENDING IN THE COMMITTEE
Senate Bill No. 1135,16th Congress (July 2013 - 2016),https://ldr.senate.gov.ph/bills/senate-bill-no-1135-16th-congress-republic,FOLIC ACID PROMOTION AND BIRTH DEFECTS PREVENTION ACT,AN ACT TO PROVIDE FOR A NATIONAL FOLIC ACID EDUCATION PROGRAM TO PREVENT BIRTH DEFECTS,Antonio F. Trillanes IV,"July 29, 2013",NATIONAL,FOLIC ACID,HEALTH AND DEMOGRAPHY,PENDING IN THE COMMITTEE
Senate Bill No. 1641,16th Congress (July 2013 - 2016),https://ldr.senate.gov.ph/bills/senate-bill-no-1641-16th-congress-republic,DEPOSITING TALENT FEES OF MINORS IN A TRUST FUND,"AN ACT REQUIRING MOVIE, TELEVISION, AND RADIO PRODUCERS, INCLUDING PROMOTION AND ADVERTISING AGENCIES, AND OTHER LIKE ENTITIES, EMPLOYING UNEMANCIPATED MINORS TO DEPOSIT THEIR TALENT FEES OR INCOME IN A TRUST FUND, IMPOSING PENALTIES FOR VIOLATION THEREOF AND FOR OTHER PURPOSES","ESTRADA, JINGGOY E.","November 9, 2013",NATIONAL,CHILD ACTORS/CHILD ACTRESS trust fund,PUBLIC INFORMATION AND MASS MEDIA,PENDING IN THE COMMITTEE
Senate Bill No. 1195,16th Congress (July 2013 - 2016),https://ldr.senate.gov.ph/bills/senate-bill-no-1195-16th-congress-republic,PROMOTING LIFELONG ACTIVE COMMUNITIES EVERY DAY ACT OR PLAY EVERY DAY ACT,AN ACT ESTABLISHING THE NATIONAL PROGRAM PROMOTING LIFELONG ACTIVE COMMUNITIES,Miriam Defensor Santiago,"January 8, 2013",NATIONAL,COMMUNITY PLAY INDEX,HEALTH AND DEMOGRAPHY,PENDING IN THE COMMITTEE
Senate Bill No. 1705,16th Congress (July 2013 - 2016),https://ldr.senate.gov.ph/bills/senate-bill-no-1705-16th-congress-republic,"AMENDING ART. 280, LABOR CODE (PROJECT EMPLOYMENT)","AN ACT AMENDING PRESIDENTIAL DECREE NO. 442, ALSO KNOWN AS THE 'LABOR CODE OF THE PHILIPPINES,' ARTICLE 280, ON PROJECT EMPLOYMENT",Miriam Defensor Santiago,"September 17, 2013",NATIONAL,LABOR CODE OF THE PHILIPPINES (P.D. NO. 442),"LABOR, EMPLOYMENT AND HUMAN RESOURCES DEVELOPMENT",PENDING IN THE COMMITTEE
Senate Bill No. 887,16th Congress (July 2013 - 2016),https://ldr.senate.gov.ph/bills/senate-bill-no-887-16th-congress-republic,RETAIL PRICE MAINTENANCE AND UNIFORM DISCOUNTING ACT OF 2013,"AN ACT ADOPTING A RETAIL PRICE MAINTENANCE AND UNIFORM DISCOUNTING SCHEME IN BOOK TRADE WITH THE END IN VIEW OF ENSURING AFFORDABLE, ACCESSIBLE AND QUALITY-LADEN TEXTBOOKS AND OTHER RELATED EDUCATIONAL MATERIALS TO BE USED BY PRIVATE AND PUBLIC SCHOOLS","ESTRADA, JINGGOY E.","July 17, 2013",NATIONAL,TEXTBOOKS,"TRADE, COMMERCE AND ENTREPRENEURSHIP",PENDING IN THE COMMITTEE
Senate Bill No. 1959,16th Congress (July 2013 - 2016),https://ldr.senate.gov.ph/bills/senate-bill-no-1959-16th-congress-republic,BARANGAY HEALTH WORKER,"AN ACT MANDATING THE DEPARTMENT OF HEALTH TO PROVIDE AT LEAST ONE (1) HEALTH WORKER IN EVERY BARANGAY, INCREASING THEIR SALARIES AND BENEFITS, AND FOR OTHER PURPOSES","ESTRADA, JINGGOY E.","November 27, 2013",NATIONAL,BARANGAY HEALTH WORKER,HEALTH AND DEMOGRAPHY,PENDING IN THE COMMITTEE
Senate Bill No. 1398,16th Congress (July 2013 - 2016),https://ldr.senate.gov.ph/bills/senate-bill-no-1398-16th-congress-republic,CIVIL CODE OF THE PHILIPPINES (ART. 867),"AN ACT AMENDING REPUBLIC ACT NO. 386, ALSO KNOWN AS THE CIVIL CODE OF THE PHILIPPINES, ARTICLE 867","ESTRADA, JINGGOY E.","August 29, 2013",NATIONAL,CIVIL CODE OF THE PHILIPPINES,"WOMEN, CHILDREN, FAMILY RELATIONS AND GENDER EQUALITY",PENDING IN THE COMMITTEE
Senate Bill No. 951,16th Congress (July 2013 - 2016),https://ldr.senate.gov.ph/bills/senate-bill-no-951-16th-congress-republic,OVERSEAS WORKERS BANK,"AN ACT CREATING THE PHILIPPINE OVERSEAS WORKERS BANK, AND FOR OTHER PURPOSES","REVILLA JR., RAMON BONG","July 18, 2013",NATIONAL,PHILIPPINE OVERSEAS WORKERS BANK,"BANKS, FINANCIAL INSTITUTIONS AND CURRENCIES",PENDING IN THE COMMITTEE
Senate Bill No. 2023,16th Congress (July 2013 - 2016),https://ldr.senate.gov.ph/bills/senate-bill-no-2023-16th-congress-republic,SAFE BOTTLED WATER ACT,"AN ACT ESTABLISHING QUALITY STANDARDS FOR MINERAL, CARBONATED AND OTHER BOTTLED WATER","ESTRADA, JINGGOY E.","November 12, 2013",NATIONAL,BOTTLED WATER,HEALTH AND DEMOGRAPHY,PENDING IN THE COMMITTEE
Senate Bill No. 1461,16th Congress (July 2013 - 2016),https://ldr.senate.gov.ph/bills/senate-bill-no-1461-16th-congress-republic,EXPANDING THE TECHNOLOGY MANAGEMENT CENTER,"AN ACT EXPANDING THE TECHNOLOGY MANAGEMENT CENTER OF THE UNIVERSITY OF THE PHILIPPINES IN DILIMAN, QUEZON CITY, INTO A NATIONAL CENTER OF EXCELLENCE FOR TECHNOLOGY ASSESSMENT, MANAGEMENT AND FORECASTING AND APPROPRIATING FUNDS THEREFOR","ESTRADA, JINGGOY E.","March 9, 2013",NATIONAL,TECHNOLOGY MANAGEMENT CENTER,SCIENCE AND TECHNOLOGY,PENDING IN THE COMMITTEE
Senate Bill No. 412,16th Congress (July 2013 - 2016),https://ldr.senate.gov.ph/bills/senate-bill-no-412-16th-congress-republic,DAY OF GOODWILL ACT OF 2013,"AN ACT DECLARING DECEMBER 26 OF EVERY YEAR AS A NATIONAL SPECIAL NON-WORKING HOLIDAY, TO BE KNOWN AS ""FILIPINO DAY OF GOODWILL' OR BOXING DAY","Ferdinand ""Bongbong"" R. Marcos, Jr.","March 7, 2013",NATIONAL,"HOLIDAYS, NATIONAL","EDUCATION, ARTS AND CULTURE",PENDING IN THE COMMITTEE
Senate Bill No. 155,16th Congress (July 2013 - 2016),https://ldr.senate.gov.ph/bills/senate-bill-no-155-16th-congress-republic,GENETICALLY MODIFIED ORGANISM AND BIOTECHNOLOGY LABELLING ACT OF 2013,"AN ACT PRESCRIBING THE PROPER LABELING OF PLANTS, FOOD AND PRODUCTS CONTAINING GENETICALLY MODIFIED ORGANISMS AND/OR RESULT OF BIOTECHNOLOGY, PROVIDING PENALTIES FOR VIOLATION THEREOF AND FOR OTHER PURPOSES","CAYETANO, PIA S.","January 7, 2013",NATIONAL,LABEL/LABELING BIOTECHNOLOGY FOOD PRODUCTS LABEL,"TRADE, COMMERCE AND ENTREPRENEURSHIP",PENDING IN THE COMMITTEE
Senate Bill No. 645,16th Congress (July 2013 - 2016),https://ldr.senate.gov.ph/bills/senate-bill-no-645-16th-congress-republic,OCEAN ENERGY DEVELOPMENT AUTHORITY,AN ACT ESTABLISHING THE OCEAN ENERGY DEVELOPMENT AUTHORITY AND APPROPRIATING FUNDS THEREFOR,Antonio F. Trillanes IV,"August 7, 2013",NATIONAL,OCEAN ENERGY DEVELOPMENT AUTHORITY,ENERGY,PENDING IN THE COMMITTEE
Senate Bill No. 478,16th Congress (July 2013 - 2016),https://ldr.senate.gov.ph/bills/senate-bill-no-478-16th-congress-republic,GOVERNMENT PROCUREMENT REFORM ACT (AMENDMENTS),"AN ACT AMENDING SECTION 4 OF REPUBLIC ACT NO. 9184, OTHERWISE KNOWN AS THE GOVERNMENT PROCUREMENT REFORM ACT ON ITS SCOPE AND APPLICATION",Antonio F. Trillanes IV,"April 7, 2013",NATIONAL,Government procurement,CONSTITUTIONAL AMENDMENTS AND REVISION OF CODES,PENDING IN THE COMMITTEE
Senate Bill No. 1715,16th Congress (July 2013 - 2016),https://ldr.senate.gov.ph/bills/senate-bill-no-1715-16th-congress-republic,PHILIPPINE FOREIGN SERVICE ACT,"AN ACT AMENDING REPUBLIC ACT NO. 7157, OTHERWISE KNOWN AS THE 'PHILIPPINE FOREIGN SERVICE ACT OF 1991,' TITLE 111, SECTION 30, BY DELETING THE REQUIREMENT OF CONFIRMATION BY THE COMMISSION ON APPOINTMENTS OF FOREIGN SERVICE OFFICERS WHO JOIN THE FOREIGN SERVICE THROUGH LATERAL ENTRY",Miriam Defensor Santiago,"September 18, 2013",NATIONAL,PHILIPPINE FOREIGN SERVICE ACT (R.A. NO. 7157) COMMISSION ON APPOINTMENTS (CA),FOREIGN RELATIONS,PENDING IN THE COMMITTEE
Senate Bill No. 1266,16th Congress (July 2013 - 2016),https://ldr.senate.gov.ph/bills/senate-bill-no-1266-16th-congress-republic,NURSE IN EVERY BARANGAY ACT,"AN ACT PROVIDING FOR THE EMPLOYMENT OF NURSES, ASSIGNING ONE REGISTERED NURSE FOR EVERY BARANGAY IN THE PHILIPPINES","VILLAR, CYNTHIA A.","December 8, 2013",NATIONAL,NURSES,HEALTH AND DEMOGRAPHY,PENDING IN THE COMMITTEE
Senate Bill No. 221,16th Congress (July 2013 - 2016),https://ldr.senate.gov.ph/bills/senate-bill-no-221-16th-congress-republic,EXTENDED DEPLOYMENT PAY INCREASE ACT OF 2013,"AN ACT PROVIDING FOR AN AUTOMATIC PAY INCREASE TO ANY MEMBER OF THE ARMED FORCES WHO IS DEPLOYED AWAY FROM THE MEMBER'S PERMANENT STATION OR, IN THE CASE OF A MEMBER OF A RESERVE COMPONENT OF THE ARMED FORCES, THE MEMBER'S HOME OF RECORD, ONCE THE DEPLOYMENT PERIOD EXCEEDS 180 DAYS OF CONTINUOUS DUTY","EJERCITO, JOSEPH VICTOR G.","January 7, 2013",NATIONAL,ARMED FORCES OF THE PHILIPPINES (AFP),NATIONAL DEFENSE AND SECURITY,PENDING IN THE COMMITTEE
Senate Bill No. 729,16th Congress (July 2013 - 2016),https://ldr.senate.gov.ph/bills/senate-bill-no-729-16th-congress-republic,CONSUMER DISCLOSURE AND RENTAL PURCHASE AGREEMENT ACT,"AN ACT TO ASSURE MEANINGFUL DISCLOSURES OF THE TERMS OF RENTAL PURCHASE AGREEMENTS, INCLUDING DISCLOSURES OF ALL COSTS TO CONSUMERS UNDER SUCH AGREEMENTS AND TO PROVIDE CERTAIN SUBSTANTIVE RIGHTS TO CONSUMERS",Miriam Defensor Santiago,"July 15, 2013",NATIONAL,CONSUMER PROTECTION,"TRADE, COMMERCE AND ENTREPRENEURSHIP",PENDING IN THE COMMITTEE
Senate Bill No. 1911,16th Congress (July 2013 - 2016),https://ldr.senate.gov.ph/bills/senate-bill-no-1911-16th-congress-republic,CALAMITY HAZARD MITIGATION PROGRAM ACT,"AN ACT REQUIRING THE PHILIPPINE INSTITUTE OF VOLCANOLOGY AND SEISMOLOGY (PHILVOCS) AND THE PHILIPPINE ATMOSPHERIC, GEOPHYSICAL AND ASTRONOMICAL SERVICES ADMINISTRATION (PAGASA) TO ESTABLISH THE NATURAL CALAMITIES HAZARD MITIGATION PROGRAM",Miriam Defensor Santiago,"November 11, 2013",NATIONAL,"PAGASA (PHILIPPINE ATMOSPHERIC, GEOPHYSICAL AND ASTRONOMICAL SERVICES ADMINISTRATION) CALAMITY/DISASTER PHILIPPINE INSTITUTE OF VOLCANOLOGY AND SEISMOLOGY (PHILVOCS)",SCIENCE AND TECHNOLOGY,PENDING IN THE COMMITTEE
Senate Bill No. 797,16th Congress (July 2013 - 2016),https://ldr.senate.gov.ph/bills/senate-bill-no-797-16th-congress-republic,BOARD OF CLAIMS UNDER DOJ,"AN ACT AMENDING SECTION 4 OF REPUBLIC ACT NO. 7309 ENTITLED, 'AN ACT CREATING A BOARD OF CLAIMS UNDER THE DEPARTMENT OF JUSTICE FOR VICTIMS OF UNJUST IMPRISONMENT OR DETENTION AND VICTIMS OF VIOLENT CRIMES AND FOR OTHER PURPOSES",Antonio F. Trillanes IV,"July 16, 2013",NATIONAL,BOARD OF CLAIMS DEPARTMENT OF JUSTICE (DOJ),JUSTICE AND HUMAN RIGHTS,PENDING IN THE COMMITTEE
Senate Bill No. 173,16th Congress (July 2013 - 2016),https://ldr.senate.gov.ph/bills/senate-bill-no-173-16th-congress-republic,EQUAL OPPORTUNITY ACT OF 2013,"AN ACT PROVIDING FOR EQUAL EMPLOYMENT OPPORTUNITIES, AND FOR OTHER PURPOSES",Sergio R. Osmeña III,"January 7, 2013",NATIONAL,EQUAL EMPLOYMENT OPPORTUNITY,"LABOR, EMPLOYMENT AND HUMAN RESOURCES DEVELOPMENT",PENDING IN THE COMMITTEE
Senate Bill No. 239,16th Congress (July 2013 - 2016),https://ldr.senate.gov.ph/bills/senate-bill-no-239-16th-congress-republic,COIN HOARDING,AN ACT DEFINING THE CRIME OF COIN HOARDING AND PROVIDING PENALTIES THEREFOR,"LAPID, MANUEL ""LITO"" M.","January 7, 2013",NATIONAL,COINS AND CURRENCY BANGKO SENTRAL NG PILIPINAS (BSP),"BANKS, FINANCIAL INSTITUTIONS AND CURRENCIES",PENDING IN THE COMMITTEE
Senate Bill No. 1603,16th Congress (July 2013 - 2016),https://ldr.senate.gov.ph/bills/senate-bill-no-1603-16th-congress-republic,TAX EXEMPTION PRIVILEGES TO ELECTRIC COOPERATIVES,"AN ACT TO RESTORE THE TAX EXEMPTION PRIVILEGES OF ELECTRIC COOPERATIVES CREATED UNDER P.D. 269, OTHERWISE KNOWN AS THE 'NATIONAL ELECTRIFICATION ADMINISTRATION DECREE', AMENDING FOR THIS PURPOSE SECTION 193 AND 234 (D) OF R.A. NO. 7160 OTHERWISE KNOWN AS THE 'LOCAL GOVERNMENT CODE OF 1991'","ESTRADA, JINGGOY E.","October 9, 2013",NATIONAL,NATIONAL ELECTRIFICATION ADMINISTRATION TAX EXEMPTION REAL PROPERTY TAX ELECTRIC COOPERATIVES LOCAL GOVERNMENT CODE (R.A. NO. 7160),COOPERATIVES,PENDING IN THE COMMITTEE
Senate Bill No. 1667,16th Congress (July 2013 - 2016),https://ldr.senate.gov.ph/bills/senate-bill-no-1667-16th-congress-republic,BUREAU OF HAZARDOUS WASTES AND ENVIRONMENTAL SPILLS AND DISEASE REGISTRY,AN ACT ESTABLISHING A BUREAU ON HAZARDOUS WASTES AND ENVIRONMENTAL SPILLS AND DISEASE REGISTRY AND FOR OTHER PURPOSES,"ESTRADA, JINGGOY E.","September 16, 2013",NATIONAL,HAZARDOUS/TOXIC/RADIOACTIVE WASTES MANAGEMENT,HEALTH AND DEMOGRAPHY,PENDING IN THE COMMITTEE
Senate Bill No. 1493,16th Congress (July 2013 - 2016),https://ldr.senate.gov.ph/bills/senate-bill-no-1493-16th-congress-republic,COMPREHENSIVE DANGEROUS DRUGS ACT,"AN ACT ADOPTING THE HIGHER PRESCRIBED PENALTY, INCLUDING DEATH, OF THE NATIONAL LAW OF AN ALIEN FOUND GUILTY OF TRAFFICKING DANGEROUS DRUGS AND OTHER SIMILAR SUBSTANCES, AMENDING FOR THE PURPOSE REPUBLIC ACT NO. 9165, OTHERWISE KNOWN AS THE 'COMPREHENSIVE DANGEROUS DRUGS ACT OF 2002'","EJERCITO, JOSEPH VICTOR G.","March 9, 2013",NATIONAL,"COMPREHENSIVE DANGEROUS DRUGS ACT OF 2002, AMENDMENTS ILLEGAL DRUGS",PUBLIC ORDER AND DANGEROUS DRUGS,PENDING IN THE COMMITTEE
Senate Bill No. 1557,16th Congress (July 2013 - 2016),https://ldr.senate.gov.ph/bills/senate-bill-no-1557-16th-congress-republic,"BEACHES ENVIRONMENTAL ASSESSMENT, CLOSURE AND HEALTH ACT",AN ACT TO IMPROVE THE QUALITY OF BEACHES AND COASTAL RECREATION WATER,Miriam Defensor Santiago,"May 9, 2013",NATIONAL,BEACHES,ENVIRONMENT AND NATURAL RESOURCES,PENDING IN THE COMMITTEE
Senate Bill No. 879,16th Congress (July 2013 - 2016),https://ldr.senate.gov.ph/bills/senate-bill-no-879-16th-congress-republic,WOMEN AND CHILDREN'S HIV PROTECTION ACT OF 2013,AN ACT PROVIDING FOR COUNSELING AND TESTING OF PREGNANT WOMEN AND NEWBORN INFANTS FOR INFECTION WITH HUMAN IMMUNO DEFICIENCY VIRUS AND FOR OTHER PURPOSES,"ESTRADA, JINGGOY E.","July 17, 2013",NATIONAL,HUMAN IMMUNO DEFICIENCY VIRUS (HIV),HEALTH AND DEMOGRAPHY,CONSOLIDATED/SUBSTITUTED IN THE COMMITTEE REPORT
Senate Bill No. 410,16th Congress (July 2013 - 2016),https://ldr.senate.gov.ph/bills/senate-bill-no-410-16th-congress-republic,PHILIPPINE GREEN BUILDING ACT,"AN ACT ESTABLISHING A NATIONAL GREEN BUILDING CODE AND RATING SYSTEM, AND FOR OTHER PURPOSES","Ferdinand ""Bongbong"" R. Marcos, Jr.","March 7, 2013",NATIONAL,GREEN BUILDING CODE,PUBLIC WORKS,PENDING IN THE COMMITTEE
Senate Bill No. 943,16th Congress (July 2013 - 2016),https://ldr.senate.gov.ph/bills/senate-bill-no-943-16th-congress-republic,NATIONAL INTEGRATED PROTECTED AREAS SYSTEM ACT,"AN ACT PROVIDING FOR THE RETENTION BY THE PROTECTED AREA MANAGEMENT BOARD OF SEVENTY-FIVE PERCENT (75%) OF THE REVENUES ACCRUING TO THE INTEGRATED PROTECTED AREAS FUND (IPAF), AMENDING FOR THE PURPOSE SECTION 16 OF REPUBLIC ACT NO. 7586, OTHERWISE KNOWN AS THE NATIONAL INTEGRATED PROTECTED AREAS SYSTEM ACT OF 1992","REVILLA JR., RAMON BONG","July 18, 2013",NATIONAL,"PROTECTED AREA/PROTECTED LANDSCAPE NATIONAL INTEGRATED PROTECTED AREAS SYSTEM (NIPAS), R.A.NO. 7586",ENVIRONMENT AND NATURAL RESOURCES,PENDING IN THE COMMITTEE
Senate Bill No. 477,16th Congress (July 2013 - 2016),https://ldr.senate.gov.ph/bills/senate-bill-no-477-16th-congress-republic,PROCUREMENT PROCESS,"AN ACT ENHANCING THE TRANSPARENCY OF THE PROCUREMENT PROCESS BY MANDATING THE VIDEO RECORDING OF ALL PROCUREMENT RELATED CONFERENCES, THEREBY AMENDING REPUBLIC ACT NUMBERED 9184, OTHERWISE KNOWN AS GOVERNMENT PROCUREMENT REFORM ACT OF 2003, PRESCRIBING PENALTIES FOR VIOLATIONS THEREOF, AND FOR OTHER RELATED PURPOSES",Antonio F. Trillanes IV,"April 7, 2013",NATIONAL,Government procurement,CONSTITUTIONAL AMENDMENTS AND REVISION OF CODES,PENDING IN THE COMMITTEE
Senate Bill No. 1148,16th Congress (July 2013 - 2016),https://ldr.senate.gov.ph/bills/senate-bill-no-1148-16th-congress-republic,OMBUDSMAN ACT,"AN ACT AMENDING SECTION 31 OF REPUBLIC ACT NO. 6770, OTHERWISE KNOWN AS THE OMBUDSMAN ACT OF 1989, AS AMENDED ALLOWING PRIVATE LAWYERS TO ACT AS PROSECUTORS ON BEHALF OF THE OMBUDSMAN",Antonio F. Trillanes IV,"July 29, 2013",NATIONAL,OMBUDSMAN,JUSTICE AND HUMAN RIGHTS,PENDING IN THE COMMITTEE
Senate Bill No. 311,16th Congress (July 2013 - 2016),https://ldr.senate.gov.ph/bills/senate-bill-no-311-16th-congress-republic,PHILIPPINE ONION RESEARCH INSTITUTE (PHILORIN),"AN ACT CREATING THE PHILIPPINE ONION RESEARCH INSTITUTE, PRESCRIBING ITS POWERS, FUNCTIONS AND DUTIES AND PROVIDING FOR THE NECESSARY FUNDS FOR ITS OPERATION","VILLAR, CYNTHIA A.","February 7, 2013",NATIONAL,PHILIPPINE ONION RESEARCH,AGRICULTURE AND FOOD,PENDING IN THE COMMITTEE
Senate Bill No. 1211,16th Congress (July 2013 - 2016),https://ldr.senate.gov.ph/bills/senate-bill-no-1211-16th-congress-republic,CIVIL ENGINEERING LAW,"AN ACT FURTHER AMENDING REPUBLIC ACT NO. 544, AS AMENDED, OR THE CIVIL ENGINEERING LAW",Franklin M. Drilon,"May 8, 2013",NATIONAL,CIVIL ENGINEERING,"CIVIL SERVICE, GOVERNMENT REORGANIZATION AND PROFESSIONAL REGULATION",PENDING IN THE COMMITTEE
Senate Bill No. 332,16th Congress (July 2013 - 2016),https://ldr.senate.gov.ph/bills/senate-bill-no-332-16th-congress-republic,NATIONAL CHILDREN'S DAY ACT OF 2013,AN ACT DECLARING NOVEMBER 20 OF EVERY YEAR A SPECIAL WORKING HOLIDAY TO BE KNOWN AS NATIONAL CHILDREN'S DAY,"CAYETANO, PIA S.","March 7, 2013",NATIONAL,NATIONAL CHILDRENS DAY HOLIDAYS (SPECIAL WORKING),"EDUCATION, ARTS AND CULTURE",CONSOLIDATED WITH APPROVED BILL
Senate Bill No. 1741,16th Congress (July 2013 - 2016),https://ldr.senate.gov.ph/bills/senate-bill-no-1741-16th-congress-republic,INFANT PROTECTION AND BABY SWITCHING PREVENTION ACT,AN ACT REQUIRING HOSPITALS TO ESTABLISH AND IMPLEMENT SECURITY PROCEDURES TO REDUCE THE POSSIBILITY OF INFANT PATIENT ABDUCTION AND BABY SWITCHING,Miriam Defensor Santiago,"September 26, 2013",NATIONAL,INFANT PATIENT ABDUCTION/BABY SWITCHING,HEALTH AND DEMOGRAPHY,PENDING IN THE COMMITTEE
Senate Bill No. 1805,16th Congress (July 2013 - 2016),https://ldr.senate.gov.ph/bills/senate-bill-no-1805-16th-congress-republic,VISIT PHILIPPINES ACT,AN ACT ESTABLISHING AN INTERGOVERNMENTAL TASK FORCE FOR INTERNATIONAL VISITOR ASSISTANCE,Miriam Defensor Santiago,"March 10, 2013",NATIONAL,INTERNATIONAL VISITOR ASSISTANCE TOURISM,TOURISM,PENDING IN THE COMMITTEE
Senate Bill No. 987,16th Congress (July 2013 - 2016),https://ldr.senate.gov.ph/bills/senate-bill-no-987-16th-congress-republic,THE CONSOLIDATED INVESTMENT AND INCENTIVES CODE OF THE PHILIPPINES,"AN ACT HARMONIZING THE GRANT AND ADMINISTRATION OF FISCAL AND NON-FISCAL INCENTIVES, AND FOR OTHER PURPOSES",Ralph G. Recto,"July 22, 2013",NATIONAL,INVESTMENT AND INCENTIVES CODE,WAYS AND MEANS,PENDING IN THE COMMITTEE
Senate Bill No. 1987,16th Congress (July 2013 - 2016),https://ldr.senate.gov.ph/bills/senate-bill-no-1987-16th-congress-republic,BAKOD CENTRAL VISAYAS ACT OF 2013,"AN ACT ESTABLISHING THE BAKOD CENTRAL VISAYAS COMMISSION FOR THE AID, RECONSTRUCTION, RELIEF, REHABILITATION, HOME REBUILDING FINANCING SUBSIDY, LIVELIHOOD GENERATION AND EMPLOYMENT SERVICES, PUBLIC INFRASTRUCTURE REBUILDING, AND HERITAGE STRUCTURES AND TOURISM SITES RESTORATION, FOR THE VICTIMS AND AFFECTED AREAS OF THE OCTOBER 15, 2013 EARTHQUAKE, APPROPRIATING FUNDS THEREFOR, AND FOR OTHER PURPOSES.","POE, GRACE","November 28, 2013",NATIONAL,EARTHQUAKE,FINANCE,PENDING IN THE COMMITTEE
Senate Bill No. 1079,16th Congress (July 2013 - 2016),https://ldr.senate.gov.ph/bills/senate-bill-no-1079-16th-congress-republic,COMPREHENSIVE LUPUS PREVENTION ACT OF 2013,AN ACT INSTITUTING A NATIONAL HEALTH PROGRAM TO COMBAT SYSTEMIC LUPUS ERYTHEMATOSUS (LUPUS) DISEASE AND APPROPRIATING FUNDS THEREFOR,"LAPID, MANUEL ""LITO"" M.","July 23, 2013",NATIONAL,LUPUS DISEASE,HEALTH AND DEMOGRAPHY,PENDING IN THE COMMITTEE
Senate Bill No. 611,16th Congress (July 2013 - 2016),https://ldr.senate.gov.ph/bills/senate-bill-no-611-16th-congress-republic,BAWAS TRAFFIC ACT OF 2013,"AN ACT CREATING THE SPECIAL MASS TRANSIT SYSTEM SUPPORT FUND TO PROVIDE ADDITIONAL AND LONG-TERM FUNDING TO PRIORITY MASS TRANSIT PROJECTS IN THE GREATER METRO MANILA AREA, AMENDING FOR THE PURPOSE SECTIONS 7 AND 8 OF REPUBLIC ACT NO. 8794, OTHERWISE KNOWN AS THE 'MOTOR VEHICLE USER'S CHARGE ACT OF 2000",Ralph G. Recto,"August 7, 2013",NATIONAL,MASS TRANSIT SYSTEM MOTOR VEHICLES USERS CHARGE (MVUC) (R.A. NO. 8794) TRAFFIC PROGRAM,PUBLIC WORKS,PENDING IN THE COMMITTEE
Senate Bill No. 665,16th Congress (July 2013 - 2016),https://ldr.senate.gov.ph/bills/senate-bill-no-665-16th-congress-republic,REGIONAL HOUSING ONE-STOP SHOPS,"AN ACT ESTABLISHING REGIONAL HOUSING ONE-STOP SHOPS, PRESCRIBING TIME PERIODS FOR ISSUANCE OF HOUSING-RELATED CERTIFICATIONS, CLEARANCES AND PERMITS, AND IMPOSING SANCTIONS FOR FAILURE TO OBSERVE THE SAME, AND FOR OTHER PURPOSES","Ferdinand ""Bongbong"" R. Marcos, Jr.","August 7, 2013",NATIONAL,HOUSING PROJECTS ONE-STOP ACTION CENTER,"URBAN PLANNING, HOUSING AND RESETTLEMENT",PENDING IN THE COMMITTEE
Senate Bill No. 1388,16th Congress (July 2013 - 2016),https://ldr.senate.gov.ph/bills/senate-bill-no-1388-16th-congress-republic,LOCAL FILM INDUSTRY DEVELOPMENT ACT OF 2013,"AN ACT TO PROMOTE AND SUPPORT THE DEVELOPMENT AND GROWTH OF THE PHILIPPINE FILM INDUSTRY, CREATING FOR THIS PURPOSE THE PHILIPPINE FILM COMMISSION, DEFINING ITS POWERS AND FUNCTIONS AND FOR OTHER PURPOSES","ESTRADA, JINGGOY E.","August 28, 2013",NATIONAL,PHILIPPINE FILM COMMISSION FILM/MOVIE INDUSTRY,PUBLIC INFORMATION AND MASS MEDIA,PENDING IN THE COMMITTEE
Senate Bill No. 1285,16th Congress (July 2013 - 2016),https://ldr.senate.gov.ph/bills/senate-bill-no-1285-16th-congress-republic,PEOPLE'S PARTICIPATION IN THE NATIONAL BUDGET PROCESS ACT OF 2013,"AN ACT INSTITUTIONALIZING THE PARTICIPATION OF CIVIL SOCIETY ORGANIZATIONS (CSOS) IN THE PREPARATION AND AUTHORIZATION PROCESS OF THE ANNUAL NATIONAL BUDGET, PROVIDING EFFECTIVE MECHANISMS THEREFOR, AND FOR OTHER PURPOSES","ESTRADA, JINGGOY E.","August 15, 2013",NATIONAL,CIVIL SOCIETY ORGANIZATION (CSO) BUDGET,FINANCE,PENDING IN THE COMMITTEE
Senate Bill No. 1451,16th Congress (July 2013 - 2016),https://ldr.senate.gov.ph/bills/senate-bill-no-1451-16th-congress-republic,SUGAR REGULATORY ADMINISTRATION (SRA),"AN ACT AMENDING EXECUTIVE ORDER NO. 18, SERIES OF 1986, TO EXPAND THE COMPOSITION OF THE SUGAR REGULATORY ADMINISTRATION (SRA) SUGAR BOARD",Miriam Defensor Santiago,"August 29, 2013",NATIONAL,SUGAR REGULATORY ADMINISTRATION,GOVERNMENT CORPORATIONS AND PUBLIC ENTERPRISES,PENDING IN THE COMMITTEE
Senate Bill No. 520,16th Congress (July 2013 - 2016),https://ldr.senate.gov.ph/bills/senate-bill-no-520-16th-congress-republic,FOREST SANCTUARIES ACT OF 2013,AN ACT PROVIDING FOR URBAN AND COUNTRYSIDE GREENING IN THE PHILIPPINES THROUGH MANDATORY TREE PLANTING AND ADOPTION OF A FOREST SANCTUARY BY PUBLIC SCHOOLS UNDER THE DEPARTMENT OF EDUCATION,"LEGARDA, LOREN B.","August 7, 2013",NATIONAL,"FOREST SANCTUARY TREE PLANTING DEPARTMENT OF EDUCATION, CULTURE AND SPORTS (DEPED)",ENVIRONMENT AND NATURAL RESOURCES,PENDING IN THE COMMITTEE
Senate Bill No. 560,16th Congress (July 2013 - 2016),https://ldr.senate.gov.ph/bills/senate-bill-no-560-16th-congress-republic,DRIVER'S PRIVACY PROTECTION ACT,AN ACT PROVIDING PRIVACY PROTECTION FOR MOTOR VEHICLE OWNERS,"ESTRADA, JINGGOY E.","August 7, 2013",NATIONAL,PRIVACY Motor Vehicles,CONSTITUTIONAL AMENDMENTS AND REVISION OF CODES,PENDING IN THE COMMITTEE
Senate Bill No. 1879,16th Congress (July 2013 - 2016),https://ldr.senate.gov.ph/bills/senate-bill-no-1879-16th-congress-republic,"AMENDING ART. 266-A, RA 3815 ( STATUTORY RAPE)","AN ACT INCREASING THE AGE FOR DETERMINING STATUTORY RAPE TO PROVIDE STRONGER PROTECTION FOR CHILDREN, AND AMENDING FOR THIS PURPOSE ACT NO. 3815, AS AMENDED, ALSO KNOWN AS THE REVISED PENAL CODE",Miriam Defensor Santiago,"October 24, 2013",NATIONAL,REVISED PENAL CODE (R.A. NO. 3815) rape CHILDREN AND YOUTH,JUSTICE AND HUMAN RIGHTS,PENDING IN THE COMMITTEE
Senate Bill No. 765,16th Congress (July 2013 - 2016),https://ldr.senate.gov.ph/bills/senate-bill-no-765-16th-congress-republic,"TAX REFORM ACT (SEC. 108 (B), R.A. NO. 8424)","AN ACT CLASSIFYING TRANSACTIONS INVOLVING PETROLEUM PRODUCTS AS ZERO PERCENT (0%) VALUE-ADDED TAX (VAT) TRANSACTIONS, AMENDING FOR THE PURPOSE SECTION 108 (B) OF REPUBLIC ACT NO. 8424, AS AMENDED BY REPUBLIC ACT NO. 9337, OTHERWISE KNOWN AS THE TAX REFORM ACT OF 1997, AND FOR OTHER PURPOSES","ESTRADA, JINGGOY E.","July 15, 2013",NATIONAL,TAX REFORM ACT Petroleum products VALUE-ADDED TAX (VAT),WAYS AND MEANS,PENDING IN THE COMMITTEE
Senate Bill No. 1943,16th Congress (July 2013 - 2016),https://ldr.senate.gov.ph/bills/senate-bill-no-1943-16th-congress-republic,CREATION OF LOCAL DEVELOPMENT COUNCILS,"AN ACT STRENGTHENING THE LOCAL DEVELOPMENT COUNCIL, AMENDING FOR THE PURPOSE CERTAIN SECTIONS OF REPUBLIC ACT NO. 7160, OTHERWISE KNOWN AS THE LOCAL GOVERNMENT CODE OF 1991, AND FOR OTHER PURPOSES","Paolo Benigno ""Bam"" Aquino IV","November 21, 2013",NATIONAL,LOCAL GOVERNMENT CODE (R.A. NO. 7160),LOCAL GOVERNMENT,PENDING IN THE COMMITTEE
Senate Bill No. 148,16th Congress (July 2013 - 2016),https://ldr.senate.gov.ph/bills/senate-bill-no-148-16th-congress-republic,PHILIPPINE HIV AND AIDS POLICY AND PROGRAM ACT OF 2013,"AN ACT STRENGTHENING THE PHILIPPINE COMPREHENSIVE POLICY ON HIV AND AIDS PREVENTION, TREATMENT, CARE AND SUPPORT AND ESTABLISHING THE PHILIPPINE NATIONAL HIV AND AIDS PROGRAM, REVISING FOR THE PURPOSE REPUBLIC ACT NO. 8504, OTHERWISE KNOWN AS 'THE PHILIPPINE AIDS PREVENTION AND CONTROL ACT OF 1998', AND APPROPRIATING FUNDS THEREFOR","CAYETANO, PIA S.","January 7, 2013",NATIONAL,HUMAN IMMUNO DEFICIENCY VIRUS (HIV) ACQUIRED IMMUNE DEFICIENCY SYNDROME (AIDS),HEALTH AND DEMOGRAPHY,CONSOLIDATED/SUBSTITUTED IN THE COMMITTEE REPORT
Senate Bill No. 829,16th Congress (July 2013 - 2016),https://ldr.senate.gov.ph/bills/senate-bill-no-829-16th-congress-republic,OVERSEAS FILIPINO WORKERS PENSION FUND ACT OF 2013,AN ACT CREATING THE OVERSEAS FILIPINO WORKERS PENSION AND APPROPRIATING FUNDS THEREFOR,Antonio F. Trillanes IV,"July 16, 2013",NATIONAL,OVERSEAS FILIPINO WORKERS (OFW) PENSION,"LABOR, EMPLOYMENT AND HUMAN RESOURCES DEVELOPMENT",PENDING IN THE COMMITTEE
Senate Bill No. 207,16th Congress (July 2013 - 2016),https://ldr.senate.gov.ph/bills/senate-bill-no-207-16th-congress-republic,AGUS-PULANGUI PRIVATIZATION EXEMPTION ACT,AGUS-PULANGUI PRIVATIZATION EXEMPTION ACT OF 2013,Gregorio B. Honasan II,"January 7, 2013",NATIONAL,ELECTRIC POWER INDUSTRY REFORM ACT /EPIRA (R.A.NO. 9136) NATIONAL POWER CORPORATION (NAPOCOR),ENERGY,PENDING IN THE COMMITTEE
Senate Bill No. 620,16th Congress (July 2013 - 2016),https://ldr.senate.gov.ph/bills/senate-bill-no-620-16th-congress-republic,PHILIPPINE CHARITY SWEEPSTAKES OFFICE (PCSO) CHARITY FUND,"AN ACT AUGMENTING THE PHILHEALTH FUND FOR UNIVERSAL HEALTH CARE COVERAGE BY EARMARKING THE PHILIPPINE CHARITY SWEEEPSTAKES OFFICE CHARITY FUND FOR SUCH PURPOSE, THEREBY AMENDING REPUBLIC ACT NO. 1169, AS AMENDED BY BATAS PAMBANSA BLG. 42",Ralph G. Recto,"August 7, 2013",NATIONAL,PHILIPPINE CHARITY SWEEPSTAKES OFFICE (PCSO) PHILIPPINE HEALTH INSURANCE CORPORATION (PHILHEALTH),GOVERNMENT CORPORATIONS AND PUBLIC ENTERPRISES,PENDING IN THE COMMITTEE
Senate Bill No. 1232,16th Congress (July 2013 - 2016),https://ldr.senate.gov.ph/bills/senate-bill-no-1232-16th-congress-republic,NATIONAL FOOD AUTHORITY RATIONALIZATION ACT OF 2013,"AN ACT TO STRENGTHEN AND REORIENT THE MANDATE OF THE NATIONAL FOOD AUTHORITY IN ORDER TO ENSURE FOOD SUFFICIENCY, FOR THAT PURPOSE RATIONALIZING ITS FUNCTIONS, AND FOR OTHER PURPOSES","EJERCITO, JOSEPH VICTOR G.","June 8, 2013",NATIONAL,NATIONAL FOOD AUTHORITY (NFA),GOVERNMENT CORPORATIONS AND PUBLIC ENTERPRISES,PENDING IN THE COMMITTEE
Senate Bill No. 716,16th Congress (July 2013 - 2016),https://ldr.senate.gov.ph/bills/senate-bill-no-716-16th-congress-republic,NATIONAL INTERNAL REVENUE CODE (AMENDING SECTION 24(A)(2),"AN ACT ADJUSTING THE LEVELS OF NET TAXABLE INCOME AND NOMINAL TAX RATES FOR PURPOSES OF COMPUTING THE INDIVIDUAL INCOME TAX AMENDING SECTION 24(A)(2) OF THE NATIONAL INTERNAL REVENUE CODE OF 1997, AS AMENDED, AND FOR OTHER PURPOSES",Ralph G. Recto,"October 7, 2013",NATIONAL,NATIONAL INTERNAL REVENUE CODE (NIRC) TAXES/TAXATION,WAYS AND MEANS,PENDING IN THE COMMITTEE
Senate Bill No. 1399,16th Congress (July 2013 - 2016),https://ldr.senate.gov.ph/bills/senate-bill-no-1399-16th-congress-republic,COMPREHENSIVE DANGEROUS DRUGS ACT,AN ACT AMENDING CERTAIN PROVISIONS OF REPUBLIC ACT NO. 9165 OTHERWISE KNOWN AS THE COMPREHENSIVE DANGEROUS DRUGS ACT OF 2002,"ESTRADA, JINGGOY E.","August 29, 2013",NATIONAL,"DANGEROUS DRUGS ACT OF 2002, R.A.NO. 9165",PUBLIC ORDER AND DANGEROUS DRUGS,CONSOLIDATED/SUBSTITUTED IN THE COMMITTEE REPORT
Senate Bill No. 1296,16th Congress (July 2013 - 2016),https://ldr.senate.gov.ph/bills/senate-bill-no-1296-16th-congress-republic,"REVISED PENAL CODE (AMENDING ART. 359), SLANDER BY DEED","AN ACT AMENDING ARTICLE 359 OF ACT NO. 3815, AS AMENDED, OTHERWISE KNOWN AS THE REVISED PENAL CODE","ESTRADA, JINGGOY E.","August 15, 2013",NATIONAL,REVISED PENAL CODE (R.A. NO. 3815) SLANDER,JUSTICE AND HUMAN RIGHTS,PENDING IN THE COMMITTEE
Senate Bill No. 1462,16th Congress (July 2013 - 2016),https://ldr.senate.gov.ph/bills/senate-bill-no-1462-16th-congress-republic,INDUSTRIAL AND LABOR DISPUTE SETTLEMENT ACT OF 2013,"AN ACT TO ENHANCE THE PHILIPPINE INDUSTRIAL AND LABOR DISPUTE SETTLEMENT SYSTEM AND FOR THAT PURPOSE, AMENDING CERTAIN PROVISIONS OF PRESIDENTIAL DECREE NO. 442 OTHERWISE KNOWN AS THE LABOR CODE OF THE PHILIPPINES","ESTRADA, JINGGOY E.","March 9, 2013",NATIONAL,LABOR CODE OF THE PHILIPPINES (P.D. NO. 442) ALTERNATIVE DISPUTE RESOLUTION (ADR),"LABOR, EMPLOYMENT AND HUMAN RESOURCES DEVELOPMENT",PENDING IN THE COMMITTEE
Senate Bill No. 578,16th Congress (July 2013 - 2016),https://ldr.senate.gov.ph/bills/senate-bill-no-578-16th-congress-republic,PENAL CODE (ARTICLE 180 OF ACT NO. 3815),"AN ACT AMENDING ARTICLE 180 OF ACT NO. 3815, ALSO KNOWN AS THE PENAL CODE, TO PROVIDE FOR SITUATIONS WHERE THE ACCUSED, IMPLICATED BY THE FALSE TESTIMONY OF THE VIOLATOR OF ARTICLE 180, IS METED OUT A LIGHT PENALTY PURSUANT TO THE CLASSIFICATION OF PENALTIES IN ARTICLE 25 OF THE SAME CODE",Miriam Defensor Santiago,"August 7, 2013",NATIONAL,FALSE CLAIM ACT REVISED PENAL CODE (R.A. NO. 3815),JUSTICE AND HUMAN RIGHTS,PENDING IN THE COMMITTEE
Senate Bill No. 571,16th Congress (July 2013 - 2016),https://ldr.senate.gov.ph/bills/senate-bill-no-571-16th-congress-republic,ALCOHOLIC BEVERAGE LABELING ACT,AN ACT REQUIRING THAT ALCOHOLIC BEVERAGES CARRY HEALTH WARNINGS ON THEIR CONTAINERS,Miriam Defensor Santiago,"August 7, 2013",NATIONAL,ALCOHOLIC BEVERAGES LABEL/LABELING,HEALTH AND DEMOGRAPHY,PENDING IN THE COMMITTEE
Senate Bill No. 1890,16th Congress (July 2013 - 2016),https://ldr.senate.gov.ph/bills/senate-bill-no-1890-16th-congress-republic,GENETICALLY ENGINEERED FOOD COMPULSORY LABELING AND FAIR PACKAGING ACT,AN ACT ESTABLISHING A COMPREHENSIVE PROGRAM TO ENSURE COMPULSORY LABELING AND FAIR PACKAGING OF GENETICALLY ENGINEERED FOOD,Miriam Defensor Santiago,"October 24, 2013",NATIONAL,FOOD PRODUCTS LABEL,"TRADE, COMMERCE AND ENTREPRENEURSHIP",PENDING IN THE COMMITTEE
Senate Bill No. 152,16th Congress (July 2013 - 2016),https://ldr.senate.gov.ph/bills/senate-bill-no-152-16th-congress-republic,"ADDING ART.286-A RE ISSUANCE OF EMPLOYMENT CERTIFICATION, AMENDING LABOR CODE","AN ACT REQUIRING THE ISSUANCE OF EMPLOYMENT CERTIFICATION IN FAVOR OF RESIGNED, DISMISSED OR SEPARATED EMPLOYEES AND PROVIDING PENALTIES FOR VIOLATION THEREFOR, AMENDING FOR THIS PURPOSE THE LABOR CODE OF THE PHILIPPINES","CAYETANO, PIA S.","January 7, 2013",NATIONAL,LABOR CODE OF THE PHILIPPINES (P.D. NO. 442) CERTIFICATION OF EMPLOYMENT,"LABOR, EMPLOYMENT AND HUMAN RESOURCES DEVELOPMENT",PENDING IN THE COMMITTEE
Senate Bill No. 1456,16th Congress (July 2013 - 2016),https://ldr.senate.gov.ph/bills/senate-bill-no-1456-16th-congress-republic,CHEMICAL WEAPONS PROHIBITION ACT OF 2013,"AN ACT PROHIBITING THE DEVELOPMENT, PRODUCTION, STOCKPILING, USE OF CHEMICAL WEAPONS AND PROVIDING FOR THEIR DESTRUCTION AND PROVIDING PENALTIES THEREFOR AND FOR OTHER PURPOSES",Antonio F. Trillanes IV,"February 9, 2013",NATIONAL,WEAPONS,NATIONAL DEFENSE AND SECURITY,CONSOLIDATED/SUBSTITUTED IN THE COMMITTEE REPORT
Senate Bill No. 1206,16th Congress (July 2013 - 2016),https://ldr.senate.gov.ph/bills/senate-bill-no-1206-16th-congress-republic,TAXI PASSENGER BILL OF RIGHTS ACT,AN ACT ESTABLISHING THE RIGHTS OF TAXI PASSENGERS,Miriam Defensor Santiago,"January 8, 2013",NATIONAL,TAXI PASSENGERS BILL OF RIGHTS,PUBLIC SERVICES,PENDING IN THE COMMITTEE
Senate Bill No. 515,16th Congress (July 2013 - 2016),https://ldr.senate.gov.ph/bills/senate-bill-no-515-16th-congress-republic,INDIGENOUS CULTURAL COMMUNITIES,AN ACT TO ENSURE EQUAL EMPLOYMENT OPPORTUNITIES TO MEMBERS OF INDIGENOUS CULTURAL COMMUNITIES AND PREFERENCE IN CERTAIN CASES AND FOR OTHER PURPOSES,"LEGARDA, LOREN B.","August 7, 2013",NATIONAL,EQUAL EMPLOYMENT OPPORTUNITY INDIGENOUS CULTURAL COMMUNITIES,"LABOR, EMPLOYMENT AND HUMAN RESOURCES DEVELOPMENT",PENDING IN THE COMMITTEE
Senate Bill No. 556,16th Congress (July 2013 - 2016),https://ldr.senate.gov.ph/bills/senate-bill-no-556-16th-congress-republic,POLITICAL PUBLIC RELATIONS,AN ACT PROVIDING FOR AND ESTABLISHING THE CODE OF PROFESSIONAL STANDARDS FOR THE PRACTICE OF POLITICAL PUBLIC RELATIONS,"ESTRADA, JINGGOY E.","August 7, 2013",NATIONAL,POLITICAL PUBLIC RELATIONS,PUBLIC INFORMATION AND MASS MEDIA,PENDING IN THE COMMITTEE
Senate Bill No. 1610,16th Congress (July 2013 - 2016),https://ldr.senate.gov.ph/bills/senate-bill-no-1610-16th-congress-republic,FAILURE OR REFUSAL TO TESTIFY AS WITNESS IN ANY CRIMINAL PROCEEDINGS,"AN ACT PENALIZING ANY MEMBER OF LAW ENFORCEMENT AGENCIES, OR ANY OTHER GOVERNMENT OFFICIAL OR EMPLOYEE WHO FAILS OR REFUSES TO TESTIFY AS A WITNESS IN ANY CRIMINAL PROCEEDINGS","ESTRADA, JINGGOY E.","October 9, 2013",NATIONAL,WITNESS (FAILURE TO TESTIFY) LAW ENFORCEMENT AGENCY,JUSTICE AND HUMAN RIGHTS,PENDING IN THE COMMITTEE
Senate Bill No. 455,16th Congress (July 2013 - 2016),https://ldr.senate.gov.ph/bills/senate-bill-no-455-16th-congress-republic,COCONUT LEVY ASSETS DISPOSITION ACT OF 2013,"AN ACT PROVIDING FOR THE DISPOSITION OF THE COCONUT LEVY ASSETS BY THE PRIVATIZATION AND MANAGEMENT OFFICE, CREATING THE COCONUT INDUSTRY FUND COMMITTEE, AND PROVIDING FOR THE MANAGEMENT, INVESTMENT, AND USE OF PROCEEDS OF SUCH ASSETS FOR AND IN BEHALF OF THE COCONUT FARMERS AND FOR OTHER PURPOSES",Ralph G. Recto,"April 7, 2013",NATIONAL,COCONUT INDUSTRY/COPRA AND OTHER COCONUT PRODUCTS,AGRICULTURE AND FOOD,CONSOLIDATED/SUBSTITUTED IN THE COMMITTEE REPORT
Senate Bill No. 1674,16th Congress (July 2013 - 2016),https://ldr.senate.gov.ph/bills/senate-bill-no-1674-16th-congress-republic,PESTICIDE FOOD SAFETY ACT,AN ACT TO REGULATE PESTICIDE CHEMICAL RESIDUES IN FOOD,"ESTRADA, JINGGOY E.","September 16, 2013",NATIONAL,PESTICIDE FOOD SAFETY,AGRICULTURE AND FOOD,PENDING IN THE COMMITTEE
Senate Bill No. 53,16th Congress (July 2013 - 2016),https://ldr.senate.gov.ph/bills/senate-bill-no-53-16th-congress-republic,MAGNA CARTA FOR PHILIPPINE INTERNET FREEDOM,"AN ACT ESTABLISHING A MAGNA CARTA FOR PHILIPPINE INTERNET FREEDOM, CYBERCRIME PREVENTION AND LAW ENFORCEMENT, AND CYBERDEFENSE AND NATIONAL CYBERSECURITY",Miriam Defensor Santiago,"January 7, 2013",NATIONAL,MAGNA CARTA FOR PHILIPPINE INTERNET FREEDOM CYBERCRIME INFORMATION AND COMMUNICATIONS TECHNOLOGY (ICT),SCIENCE AND TECHNOLOGY,CONSOLIDATED/SUBSTITUTED IN THE COMMITTEE REPORT
Senate Bill No. 91,16th Congress (July 2013 - 2016),https://ldr.senate.gov.ph/bills/senate-bill-no-91-16th-congress-republic,"ORPHANED, ABANDONED, NEGLECTED OR VOLUNTARILY COMMITTED CHILDREN'S WELFARE AND PROTECTION ACT","AN ACT PROVIDING FOR THE WELFARE AND PROTECTION OF THE ORPHANED, ABANDONED, NEGLECTED AND VOLUNTARILY COMMITTED CHILDREN","CAYETANO, ALAN PETER S.","January 7, 2013",NATIONAL,"ORPHANED, ABANDONED, NEGLECTED AND VOLUNTARILY COMMITTED CHILDREN PHILIPPINE HEALTH INSURANCE CORPORATION (PHILHEALTH)","SOCIAL JUSTICE, WELFARE AND RURAL DEVELOPMENT",PENDING IN THE COMMITTEE
Senate Bill No. 1479,16th Congress (July 2013 - 2016),https://ldr.senate.gov.ph/bills/senate-bill-no-1479-16th-congress-republic,GREENING ACT OF 2013,AN ACT TO PROMOTE THE URBAN AND COUNTRYSIDE GREENING IN THE PHILIPPINES,"ESTRADA, JINGGOY E.","March 9, 2013",NATIONAL,GREENING ACT,ENVIRONMENT AND NATURAL RESOURCES,PENDING IN THE COMMITTEE
Senate Bill No. 1542,16th Congress (July 2013 - 2016),https://ldr.senate.gov.ph/bills/senate-bill-no-1542-16th-congress-republic,FIRE PROTECTION MODERNIZATION ACT OF 2013,"AN ACT PROVIDING FOR THE MODERNIZATION OF PUBLIC FIRE PROTECTION SERVICES, PROVIDING FUNDS THEREFOR AND FOR OTHER PURPOSES","ESTRADA, JINGGOY E.","May 9, 2013",NATIONAL,Fire Protection,PUBLIC ORDER AND DANGEROUS DRUGS,PENDING IN THE COMMITTEE
Senate Bill No. 1748,16th Congress (July 2013 - 2016),https://ldr.senate.gov.ph/bills/senate-bill-no-1748-16th-congress-republic,THE LAND ADMINISTRATION REFORM ACT,AN ACT INSTITUTING REFORMS IN LAND ADMINISTRATION,Miriam Defensor Santiago,"February 10, 2013",NATIONAL,LAND ADMINISTRATION,ENVIRONMENT AND NATURAL RESOURCES,PENDING IN THE COMMITTEE
Senate Bill No. 1812,16th Congress (July 2013 - 2016),https://ldr.senate.gov.ph/bills/senate-bill-no-1812-16th-congress-republic,PROFESSIONAL BOXING SAFETY ACT,AN ACT PROVIDING FOR HEALTH AND WORK SAFETY STANDARDS FOR PROFESSIONAL BOXERS,Miriam Defensor Santiago,"March 10, 2013",NATIONAL,BOXER WELFARE,"GAMES, AMUSEMENT AND SPORTS",PENDING IN THE COMMITTEE
Senate Bill No. 1834,16th Congress (July 2013 - 2016),https://ldr.senate.gov.ph/bills/senate-bill-no-1834-16th-congress-republic,IMPOUNDMENT CONTROL ACT OF 2013,AN ACT INSTITUTIONALIZING AN IMPOUNDMENT CONTROL ACT,"Teofisto ""TG"" D. Guingona III","October 14, 2013",NATIONAL,BUDGET,FINANCE,CONSOLIDATED/SUBSTITUTED IN THE COMMITTEE REPORT
Senate Bill No. 1898,16th Congress (July 2013 - 2016),https://ldr.senate.gov.ph/bills/senate-bill-no-1898-16th-congress-republic,VERDE ISLAND PASSAGE ACT OF 2013,"AN ACT DECLARING THE VERDE ISLAND PASSAGE AS A MARINE PROTECTED AREA AND ECOLOGICAL TOURISM ZONE, CREATING FOR THE PURPOSE THE VERDE ISLAND PASSAGE ADVISORY COUNCIL, DEFINING ITS POWERS AND FUNCTIONS, PROVIDING FUNDS THEREFOR, AND FOR OTHER PURPOSES","LEGARDA, LOREN B.","November 14, 2013",NATIONAL,PROTECTED AREA/PROTECTED LANDSCAPE ECOLOGICAL TOURISM ZONE/ECOTOURISM ZONE,ENVIRONMENT AND NATURAL RESOURCES,PENDING IN THE COMMITTEE
Senate Bill No. 314,16th Congress (July 2013 - 2016),https://ldr.senate.gov.ph/bills/senate-bill-no-314-16th-congress-republic,PESTICIDE FOOD SAFETY ACT,AN ACT TO REGULATE PESTICIDE CHEMICAL RESIDUES IN FOOD,"VILLAR, CYNTHIA A.","February 7, 2013",NATIONAL,FOOD SAFETY PESTICIDE CHEMICALS,AGRICULTURE AND FOOD,PENDING IN THE COMMITTEE
Senate Bill No. 362,16th Congress (July 2013 - 2016),https://ldr.senate.gov.ph/bills/senate-bill-no-362-16th-congress-republic,MOTORCYCLE LANE ACT OF 2013,"AN ACT ESTABLISHING MOTORCYCLE LANES ALONG NATIONAL, PROVINCIAL, CITY AND MUNICIPAL ROADS AND PROVIDING FUNDS THEREFOR","ESTRADA, JINGGOY E.","March 7, 2013",NATIONAL,MOTORCYCLE,PUBLIC WORKS,PENDING IN THE COMMITTEE
Senate Bill No. 886,16th Congress (July 2013 - 2016),https://ldr.senate.gov.ph/bills/senate-bill-no-886-16th-congress-republic,ROLE OF THE ARMED FORCES OF THE PHILIPPINES DURING ELECTIONS,AN ACT TO DEFINE THE ROLE OF THE ARMED FORCES OF THE PHILIPPINES (AFP) DURING ELECTIONS,"ESTRADA, JINGGOY E.","July 17, 2013",NATIONAL,ARMED FORCES OF THE PHILIPPINES (AFP) ELECTIONS/ELECTORAL REFORMS,ELECTORAL REFORMS AND PEOPLES PARTICIPATION,PENDING IN THE HOUSE OF REPRESENTATIVES
Senate Bill No. 1361,16th Congress (July 2013 - 2016),https://ldr.senate.gov.ph/bills/senate-bill-no-1361-16th-congress-republic,FAIR MARKET VALUES OF REAL PROPERTY,AN ACT PROVIDING THAT THE SCHEDULE OF FAIR MARKET VALUES OF REAL PROPERTY SHALL BE PREPARED BY THE LOCAL ASSESSMENT COUNCIL AMENDING FOR THE PURPOSE THE LOCAL GOVERNMENT CODE OF 1991,"ESTRADA, JINGGOY E.","August 28, 2013",NATIONAL,LOCAL GOVERNMENT CODE (R.A. NO. 7160) REAL PROPERTY (FAIR MARKET VALUE),LOCAL GOVERNMENT,PENDING IN THE COMMITTEE
Senate Bill No. 950,16th Congress (July 2013 - 2016),https://ldr.senate.gov.ph/bills/senate-bill-no-950-16th-congress-republic,PRODUCTIVITY INCENTIVES ACT,"AN ACT AMENDING CERTAIN PROVISIONS OF REPUBLIC ACT NO. 6971, OTHERWISE KNOWN AS 'THE PRODUCTIVITY INCENTIVES ACT OF 1990,' AND FOR OTHER PURPOSES","REVILLA JR., RAMON BONG","July 18, 2013",NATIONAL,PRODUCTIVITY INCENTIVE,"LABOR, EMPLOYMENT AND HUMAN RESOURCES DEVELOPMENT",PENDING IN THE COMMITTEE
Senate Bill No. 1121,16th Congress (July 2013 - 2016),https://ldr.senate.gov.ph/bills/senate-bill-no-1121-16th-congress-republic,FARM MACHINERY MANUFACTURING PROGRAM (FMMP) ACT OF 2013,AN ACT ESTABLISHING A FARM MACHINERY MANUFACTURING PROGRAM AND APPROPRIATING FUNDS THEREFOR,Antonio F. Trillanes IV,"July 29, 2013",NATIONAL,AGRICULTURE TECHNOLOGY FARM MACHINERY MANUFACTURING PROGRAM,"TRADE, COMMERCE AND ENTREPRENEURSHIP",PENDING IN THE COMMITTEE
Senate Bill No. 1424,16th Congress (July 2013 - 2016),https://ldr.senate.gov.ph/bills/senate-bill-no-1424-16th-congress-republic,FOREIGN INVESTMENTS ACT,"AN ACT AMENDING REPUBLIC ACT NO. 7042, AS AMENDED BY REPUBLIC ACT NO. 8179, OTHERWISE KNOWN AS THE FOREIGN INVESTMENTS ACT OF 1991, AND FOR OTHER PURPOSES","EJERCITO, JOSEPH VICTOR G.","August 29, 2013",NATIONAL,Foreign investments,ECONOMIC AFFAIRS,PENDING IN THE COMMITTEE
Senate Bill No. 1174,16th Congress (July 2013 - 2016),https://ldr.senate.gov.ph/bills/senate-bill-no-1174-16th-congress-republic,PHILIPPINE CIVIL SERVICE CODE OF 2013,AN ACT ESTABLISHING THE CIVIL SERVICE CODE OF THE PHILIPPINES AND FOR OTHER PURPOSES,Antonio F. Trillanes IV,"July 30, 2013",NATIONAL,CIVIL SERVICE CODE,"CIVIL SERVICE, GOVERNMENT REORGANIZATION AND PROFESSIONAL REGULATION",PENDING IN THE COMMITTEE
Senate Bill No. 786,16th Congress (July 2013 - 2016),https://ldr.senate.gov.ph/bills/senate-bill-no-786-16th-congress-republic,FINAL FOREST LIMITS ACT OF 2013,AN ACT PROVIDING FOR THE DELINEATION OF THE SPECIFIC FOREST LIMITS OF THE PUBLIC DOMAIN AND FOR OTHER PURPOSES,Ralph G. Recto,"July 16, 2013",NATIONAL,FOREST LAND/FOREST LIMITS,ENVIRONMENT AND NATURAL RESOURCES,CONSOLIDATED/SUBSTITUTED IN THE COMMITTEE REPORT
Senate Bill No. 538,16th Congress (July 2013 - 2016),https://ldr.senate.gov.ph/bills/senate-bill-no-538-16th-congress-republic,VALUE-ADDED TAX ON IMPORTATION OF DONATED GOODS,"AN ACT AMENDING SECTION 107(A) OF THE NATIONAL INTERNAL REVENUE CODE SEEKING TO EXEMPT FROM THE IMPOSITION OF VALUE ADDED TAX DONATED IMPORTATIONS OF ITEMS OR GOODS, WHICH ARE FOR NON-PROFIT, CHARITABLE, HUMANITARIAN, AND RELIEF PURPOSES","LEGARDA, LOREN B.","August 7, 2013",NATIONAL,VALUE-ADDED TAX (VAT) NATIONAL INTERNAL REVENUE CODE (NIRC) DONATIONS,WAYS AND MEANS,PENDING IN THE COMMITTEE
Senate Bill No. 850,16th Congress (July 2013 - 2016),https://ldr.senate.gov.ph/bills/senate-bill-no-850-16th-congress-republic,ORIENTATION COURSE OF THE ARMED FORCES OF THE PHILIPPINES,"AN ACT REQUIRING EVERY OFFICER AND ENLISTED PERSONNEL OF THE ARMED FORCES OF THE PHILIPPINES TO UNDERGO AN ORIENTATION COURSE ON THE CULTURE, LANGUAGE, DIALECT, WAY OF LIVING, HABIT, TRADITION AND THE LIKE OF THE CULTURAL COMMUNITIES WHERE THEY ARE DEPLOYED OR TO BE POSTED","ESTRADA, JINGGOY E.","July 17, 2013",NATIONAL,ARMED FORCES OF THE PHILIPPINES (AFP) ORIENTATION COURSES INDIGENOUS CULTURAL COMMUNITIES,NATIONAL DEFENSE AND SECURITY,PENDING IN THE COMMITTEE
Senate Bill No. 1258,16th Congress (July 2013 - 2016),https://ldr.senate.gov.ph/bills/senate-bill-no-1258-16th-congress-republic,PARENTAL CARE LEAVE ACT OF 2013,AN ACT GRANTING PARENTAL CARE LEAVE WITH FULL PAY TO ALL EMPLOYED PARENTS OR LEGAL GUARDIANS OF MINOR CHILDREN IN THE PRIVATE AND PUBLIC SECTOR,"BINAY, MARIA LOURDES NANCY S.","August 8, 2013",NATIONAL,LEAVE OF ABSENCE parents,"LABOR, EMPLOYMENT AND HUMAN RESOURCES DEVELOPMENT",PENDING IN THE COMMITTEE
Senate Bill No. 396,16th Congress (July 2013 - 2016),https://ldr.senate.gov.ph/bills/senate-bill-no-396-16th-congress-republic,OMBUDSMAN ACT,"AN ACT AMENDING REPUBLIC ACT NO. 6770, OTHERWISE KNOWN AS THE OMBUDSMAN ACT, EXPEDITING THE PROSECUTION OF CASES RECOMMENDED BY CONGRESS AND FOR OTHER PURPOSES",Miriam Defensor Santiago,"March 7, 2013",NATIONAL,OMBUDSMAN,JUSTICE AND HUMAN RIGHTS,PENDING IN THE COMMITTEE
Senate Bill No. 1322,16th Congress (July 2013 - 2016),https://ldr.senate.gov.ph/bills/senate-bill-no-1322-16th-congress-republic,NURSE FACULTY HIGHER EDUCATION ACT,AN ACT CREATING A PILOT PROGRAM TO INCREASE THE NUMBER OF NURSE FACULTY TO MEET THE FUTURE NEED FOR QUALIFIED NURSES,Miriam Defensor Santiago,"August 15, 2013",NATIONAL,NURSES,HEALTH AND DEMOGRAPHY,PENDING IN THE COMMITTEE
Senate Bill No. 1642,16th Congress (July 2013 - 2016),https://ldr.senate.gov.ph/bills/senate-bill-no-1642-16th-congress-republic,DOWNSTREAM OIL INDUSTRY DEREGULATION ACT,"AN ACT AMENDING REPUBLIC ACT NO. 8479, OTHERWISE KNOWN AS THE 'DOWNSTREAM OIL INDUSTRY DEREGULATION ACT'","ESTRADA, JINGGOY E.","November 9, 2013",NATIONAL,DOWNSTREAM OIL INDUSTRY DEREGULATION ACT (R.A.NO. 8479) DEPARTMENT OF ENERGY (DOE),ENERGY,PENDING IN THE COMMITTEE
Senate Bill No. 470,16th Congress (July 2013 - 2016),https://ldr.senate.gov.ph/bills/senate-bill-no-470-16th-congress-republic,PRESIDENTIAL DECREE NO. 1606 (AMENDMENTS),"AN ACT FURTHER AMENDING PRESIDENTIAL DECREE NO. 1606, AS AMENDED",Franklin M. Drilon,"April 7, 2013",NATIONAL,SANDIGANBAYAN,JUSTICE AND HUMAN RIGHTS,CONSOLIDATED/SUBSTITUTED IN THE COMMITTEE REPORT
Senate Bill No. 998,16th Congress (July 2013 - 2016),https://ldr.senate.gov.ph/bills/senate-bill-no-998-16th-congress-republic,PHILIPPINE NATIONAL MARITIME MUSEUM ACT,"AN ACT ESTABLISHING THE PHILIPPINE NATIONAL MARITIME MUSEUM, APPROPRIATING FUNDS THEREFOR, AND FOR OTHER PURPOSES",Antonio F. Trillanes IV,"July 22, 2013",NATIONAL,PHILIPPINE NATIONAL MARITIME MUSEUM,"EDUCATION, ARTS AND CULTURE",PENDING IN THE COMMITTEE
Senate Bill No. 1706,16th Congress (July 2013 - 2016),https://ldr.senate.gov.ph/bills/senate-bill-no-1706-16th-congress-republic,EDUCATIONAL BENEFITS FOR MINOR CHILDREN AND DEPENDENTS OF LAW ENFORCEMENT OFFICERS,"AN ACT PROVIDING FOR EDUCATIONAL BENEFITS FOR MINOR CHILDREN AND DEPENDENTS OF LAW ENFORCEMENT OFFICERS KILLED OR SLAIN IN THE LINE OF DUTY, AND FOR OTHER PURPOSES","LAPID, MANUEL ""LITO"" M.","September 17, 2013",NATIONAL,EDUCATIONAL BENEFITS ARMED FORCES OF THE PHILIPPINES (AFP) PHILIPPINE NATIONAL POLICE (PNP),PUBLIC ORDER AND DANGEROUS DRUGS,PENDING IN THE COMMITTEE
Senate Bill No. 1097,16th Congress (July 2013 - 2016),https://ldr.senate.gov.ph/bills/senate-bill-no-1097-16th-congress-republic,ANTI-THEFT AND ROBBERY OF PORTABLE TELECOMMUNICATION DEVICES ACT OF 2013,AN ACT PROVIDING STIFFER PENALTIES FOR CRIME OF THEFT AND ROBBERY OF PORTABLE COMMUNICATION DEVICES,"EJERCITO, JOSEPH VICTOR G.","July 24, 2013",NATIONAL,THEFT AND ROBBERY CELLULAR PHONES/CELL PHONES,JUSTICE AND HUMAN RIGHTS,PENDING IN THE COMMITTEE
Senate Bill No. 22,16th Congress (July 2013 - 2016),https://ldr.senate.gov.ph/bills/senate-bill-no-22-16th-congress-republic,STRENGTHENING THE NATIONAL WAGES AND PRODUCTIVITY COMMISSION,"AN ACT FURTHER STRENGTHENING THE NATIONAL WAGES AND PRODUCTIVITY COMMISSION, FURTHER AMENDING FOR THIS PURPOSE ARTICLES 121 AND 122 OF PRESIDENTIAL DECREE NO. 442, OTHERWISE KNOWN AS THE LABOR CODE OF THE PHILIPPINES, AS AMENDED BY R.A. 6727","ESTRADA, JINGGOY E.","January 7, 2013",NATIONAL,LABOR CODE OF THE PHILIPPINES (P.D. NO. 442) NATIONAL WAGES AND PRODUCTIVITY COMMISSION DEPARTMENT OF TRADE AND INDUSTRY (DTI),"LABOR, EMPLOYMENT AND HUMAN RESOURCES DEVELOPMENT",PENDING IN THE COMMITTEE
Senate Bill No. 74,16th Congress (July 2013 - 2016),https://ldr.senate.gov.ph/bills/senate-bill-no-74-16th-congress-republic,PEOPLE'S FREEDOM OF INFORMATION ACT OF 2013,AN ACT TO STRENGTHEN THE PEOPLE'S RIGHT TO INFORMATION,"Teofisto ""TG"" D. Guingona III","January 7, 2013",NATIONAL,RIGHT TO INFORMATION,PUBLIC INFORMATION AND MASS MEDIA,CONSOLIDATED/SUBSTITUTED IN THE COMMITTEE REPORT
Senate Bill No. 1983,16th Congress (July 2013 - 2016),https://ldr.senate.gov.ph/bills/senate-bill-no-1983-16th-congress-republic,"AMENDING 223, REVISED PENAL CODE (RELEASING PRISONERS WITHOUT COURT ORDER/AUTHORIZATION)","AN ACT PENALIZING PUBLIC OFFICERS FOR RELEASING PRISONERS IN ORDER TO COMMIT A CRIME AND ALLOWING THEM TO RETURN TO PRISON, AND FOR THIS PURPOSE AMENDING ARTICLE 223 OF THE REVISED PENAL CODE OF THE PHILIPPINES","ESTRADA, JINGGOY E.","November 27, 2013",NATIONAL,REVISED PENAL CODE (R.A. NO. 3815) PRISONERS/INMATES,JUSTICE AND HUMAN RIGHTS,PENDING IN THE COMMITTEE
Senate Bill No. 882,16th Congress (July 2013 - 2016),https://ldr.senate.gov.ph/bills/senate-bill-no-882-16th-congress-republic,ANTI-SMUGGLING ACT OF 2013,"AN ACT AMENDING CERTAIN PROVISIONS OF PRESIDENTIAL DECREE NO. 1464, OTHERWISE KNOWN AS THE TARIFF AND CUSTOMS CODE OF THE PHILIPPINES, AS AMENDED, AND FOR OTHER PURPOSES","ESTRADA, JINGGOY E.","July 17, 2013",NATIONAL,ANTI-SMUGGLING TARIFF AND CUSTOMS CODE (P.D.NO. 1464),WAYS AND MEANS,CONSOLIDATED/SUBSTITUTED IN THE COMMITTEE REPORT
Senate Bill No. 300,16th Congress (July 2013 - 2016),https://ldr.senate.gov.ph/bills/senate-bill-no-300-16th-congress-republic,BAMBOO AND RATTAN BILL OF 2013,"AN ACT PROPOSING THE CREATION OF THE PHILIPPINE BAMBOO AND RATTAN CENTER (PBRC) TO CONSERVE, PROPAGATE AND PROMOTE BAMBOO AND RATTAN SPECIES","VILLAR, CYNTHIA A.","February 7, 2013",NATIONAL,BAMBOO AND RATTAN,ENVIRONMENT AND NATURAL RESOURCES,PENDING IN THE COMMITTEE
Senate Bill No. 1729,16th Congress (July 2013 - 2016),https://ldr.senate.gov.ph/bills/senate-bill-no-1729-16th-congress-republic,CLEAN COMMON CARRIERS ACT,"AN ACT INCREASING THE PENALTIES FOR DRIVING AND/OR OPERATING COMMON CARRIERS WHILE UNDER THE INFLUENCE OF ALCOHOL, DRUGS, AND/OR SIMILAR SUBSTANCES",Miriam Defensor Santiago,"September 19, 2013",NATIONAL,DRUNK DRIVING COMMON CARRIERS,N/A,WITHDRAWN
Senate Bill No. 1793,16th Congress (July 2013 - 2016),https://ldr.senate.gov.ph/bills/senate-bill-no-1793-16th-congress-republic,PROTECTION FROM REPRISALS ACT,"AN ACT PROVIDING FOR PROTECTION FROM REPRISALS TO EMPLOYEES OF CONTRACTORS FOR DISCLOSURE OF INFORMATION RELATING TO SUBSTANTIAL VIOLATION OF LAW RELATED TO PUBLIC CONTRACTS, INCLUDING THE COMPETITION FOR NEGOTIATION OF A CONTRACT",Miriam Defensor Santiago,"March 10, 2013",NATIONAL,CONTRACTOR ACCOUNTABILITY GOVERNMENT CONTRACTS/PUBLIC CONTRACTS,"LABOR, EMPLOYMENT AND HUMAN RESOURCES DEVELOPMENT",PENDING IN THE COMMITTEE
Senate Bill No. 1485,16th Congress (July 2013 - 2016),https://ldr.senate.gov.ph/bills/senate-bill-no-1485-16th-congress-republic,FILIPINO PROFESSIONAL ATHLETES RETIREMENT INCENTIVE AND HEALTH CARE BENEFITS ACT OF 2013,AN ACT GRANTING RETIREMENT INCENTIVE AND HEALTH CARE BENEFITS TO PROFESSIONAL FILIPINO ATHLETES WHO HAVE WON TITLES OR WORLD CHAMPIONSHIPS AND PROVIDING FUNDS THEREFOR,"ESTRADA, JINGGOY E.","March 9, 2013",NATIONAL,ATHLETES RETIREMENT BENEFITS,"GAMES, AMUSEMENT AND SPORTS",PENDING IN THE COMMITTEE
Senate Bill No. 1549,16th Congress (July 2013 - 2016),https://ldr.senate.gov.ph/bills/senate-bill-no-1549-16th-congress-republic,ASSET AND LIABILITY MANAGEMENTS GUIDELINES TO ALL GOVERNMENT CORPORATIONS,AN ACT DIRECTING ALL GOVERNMENT CORPORATIONS TO PREPARE THEIR RESPECTIVE ASSET AND LIABILITY MANAGEMENT GUIDELINES THAT WILL DEFINE THE PARAMETERS AND/OR LIMITS OF THEIR FINANCIAL AND OPERATIONAL CAPABILITIES FOR CENTRAL CONTROL AND MONITORING BY THE DEPARTMENT OF FINANCE,"ESTRADA, JINGGOY E.","May 9, 2013",NATIONAL,ASSET AND LIABILITY GUIDELINES,GOVERNMENT CORPORATIONS AND PUBLIC ENTERPRISES,PENDING IN THE COMMITTEE
Senate Bill No. 1867,16th Congress (July 2013 - 2016),https://ldr.senate.gov.ph/bills/senate-bill-no-1867-16th-congress-republic,TEACHING SUPPLIES ALLOWANCE ACT OF 2013,AN ACT PROVIDING FOR AN ADEQUATE TEACHING SUPPLIES ALLOWANCE FOR PUBLIC SCHOOL TEACHERS,Miriam Defensor Santiago,"October 21, 2013",NATIONAL,TEACHERS,"EDUCATION, ARTS AND CULTURE",PENDING IN THE COMMITTEE
Senate Bill No. 701,16th Congress (July 2013 - 2016),https://ldr.senate.gov.ph/bills/senate-bill-no-701-16th-congress-republic,PHILIPPINE ACCOUNTANCY ACT,"AN ACT AMENDING REPUBLIC ACT NO. 9298, OTHERWISE KNOWN AS THE PHILIPPINE ACCOUNTANCY ACT OF 2004","ESCUDERO, FRANCIS G.","October 7, 2013",NATIONAL,PHILIPPINE ACCOUNTANCY ACT (R.A.NO. 9298),"CIVIL SERVICE, GOVERNMENT REORGANIZATION AND PROFESSIONAL REGULATION",PENDING IN THE COMMITTEE
Senate Bill No. 1269,16th Congress (July 2013 - 2016),https://ldr.senate.gov.ph/bills/senate-bill-no-1269-16th-congress-republic,EMPLOYMENT OPPORTUNITIES FOR FAMILY MEMBERS OF VETERANS ACT OF 2013,"AN ACT EXTENDING PREFERENCE OF EMPLOYMENT TO CHILDREN OF VETERANS IN THE GOVERNMENT, INCLUDING GOVERNMENT OWNED AND CONTROLLED CORPORATIONS","LAPID, MANUEL ""LITO"" M.","August 13, 2013",NATIONAL,VETERANS,"CIVIL SERVICE, GOVERNMENT REORGANIZATION AND PROFESSIONAL REGULATION",PENDING IN THE COMMITTEE
Senate Bill No. 732,16th Congress (July 2013 - 2016),https://ldr.senate.gov.ph/bills/senate-bill-no-732-16th-congress-republic,ACADEMIC HONESTY ACT,"AN ACT PROHIBITING THE UNLAWFUL SALE AND PURCHASE OF DISSERTATIONS, THESES, TERM PAPERS, ESSAYS, REPORTS, OR ANY OTHER SCHOOL ASSIGNMENT",Miriam Defensor Santiago,"July 15, 2013",NATIONAL,ACADEMIC HONESTY,"EDUCATION, ARTS AND CULTURE",PENDING IN THE COMMITTEE
Senate Bill No. 1339,16th Congress (July 2013 - 2016),https://ldr.senate.gov.ph/bills/senate-bill-no-1339-16th-congress-republic,SMALL COMMUNITY VISIONING IMPROVEMENT ACT,AN ACT IMPROVING THE CAPABILITY OF SMALL COMMUNITIES TO COORDINATE WITH LANDSCAPE ARCHITECTS AND DESIGN PROFESSIONALS IN DEVELOPING A VISION TO ADDRESS THEIR LOCAL NEEDS,Miriam Defensor Santiago,"August 22, 2013",NATIONAL,SMALL COMMUNITY,TOURISM,PENDING IN THE COMMITTEE
Senate Bill No. 39,16th Congress (July 2013 - 2016),https://ldr.senate.gov.ph/bills/senate-bill-no-39-16th-congress-republic,PHILIPPINE MARITIME ZONES ACT,AN ACT TO DEFINE THE MARITIME ZONES OF THE REPUBLIC OF THE PHILIPPINES,Antonio F. Trillanes IV,"January 7, 2013",NATIONAL,MARITIME ZONE,FOREIGN RELATIONS,CONSOLIDATED/SUBSTITUTED IN THE COMMITTEE REPORT
Senate Bill No. 83,16th Congress (July 2013 - 2016),https://ldr.senate.gov.ph/bills/senate-bill-no-83-16th-congress-republic,WOMEN'S AND CHILDREN'S RESOURCE DEVELOPMENT AND CRISIS ASSISTANCE ACT,"AN ACT ESTABLISHING RESOURCE DEVELOPMENT AND CRISIS ASSISTANCE CENTERS FOR WOMEN AND CHILDREN IN EVERY PROVINCE AND CITY OF THE PHILIPPINES, APPROPRIATING FUNDS THEREFOR, AND FOR OTHER PURPOSES","BINAY, MARIA LOURDES NANCY S.","January 7, 2013",NATIONAL,WOMEN CHILDREN/CHILD CARE,"WOMEN, CHILDREN, FAMILY RELATIONS AND GENDER EQUALITY",PENDING IN THE COMMITTEE
Senate Bill No. 181,16th Congress (July 2013 - 2016),https://ldr.senate.gov.ph/bills/senate-bill-no-181-16th-congress-republic,COMMON CARRIERS ACT OF 2013,AN ACT MANDATING SUFFICIENT INFORMATION OF DRIVERS OF PUBLIC UTILITY VEHICLES AS A REQUIREMENT FOR THE ISSUANCE AND EXTENSION OF FRANCHISES OF COMMON CARRIERS,"REVILLA JR., RAMON BONG","January 7, 2013",NATIONAL,COMMON CARRIERS,PUBLIC SERVICES,PENDING IN THE COMMITTEE
Senate Bill No. 404,16th Congress (July 2013 - 2016),https://ldr.senate.gov.ph/bills/senate-bill-no-404-16th-congress-republic,THE BUDGET IMPOUNDMENT CONTROL ACT,AN ACT LIMITING THE POWER OF THE PRESIDENT TO IMPOUND APPROPRIATIONS,Miriam Defensor Santiago,"March 7, 2013",NATIONAL,BUDGET IMPOUNDMENT CONTROL,FINANCE,CONSOLIDATED/SUBSTITUTED IN THE COMMITTEE REPORT
Senate Bill No. 1034,16th Congress (July 2013 - 2016),https://ldr.senate.gov.ph/bills/senate-bill-no-1034-16th-congress-republic,TOPOGRAPHICAL MAP OF LWO-LYING AREAS IN THE PHILIPPINES ACT,"AN ACT MANDATING THE DEPARTMENT OF ENVIRONMENT AND NATURAL RESOURCES, THROUGH THE NATIONAL MAPPING AND RESOURCE INFORMATION AUTHORITY, TO IDENTIFY THE LOW-LYING AREAS OF THE PHILIPPINE TERRITORY, VULNERABLE TO RISING SEA LEVELS AS RESULT OF GLOBAL WARMING",Miriam Defensor Santiago,"July 22, 2013",NATIONAL,NATIONAL MAPPING AND RESOURCE INFORMATION AUTHORITY (NAMRIA) Department of Environment and Natural Resources (DENR),ENVIRONMENT AND NATURAL RESOURCES,SENT TO THE ARCHIVES
Senate Bill No. 474,16th Congress (July 2013 - 2016),https://ldr.senate.gov.ph/bills/senate-bill-no-474-16th-congress-republic,OFFICE OF THE GOVERNMENT CORPORATE COUNSEL,"AN ACT TO STRENGTHEN THE OFFICE OF THE GOVERNMENT CORPORATE COUNSEL, BY RE-DEFINING, EXPANDING, STRENGTHENING, RATIONALIZING AND FURTHER PROFESSIONALIZING ITS ORGANIZATION, UPGRADING EMPLOYEE BENEFITS AND APPROPRIATING FUNDS THEREFOR",Antonio F. Trillanes IV,"April 7, 2013",NATIONAL,OFFICE OF THE GOVERNMENT CORPORATE COUNSEL,JUSTICE AND HUMAN RIGHTS,PENDING IN THE COMMITTEE
Senate Bill No. 1098,16th Congress (July 2013 - 2016),https://ldr.senate.gov.ph/bills/senate-bill-no-1098-16th-congress-republic,ENVIRONMENTAL HEALTH RESEARCH ACT OF 2013,"AN ACT ESTABLISHING MULTIDISCIPLINARY RESEARCH CENTERS REGARDING WOMEN'S HEALTH AND DISEASE PREVENTION AND CONDUCTING A RESEARCH PROGRAM ON HORMONE DISRUPTION, AND FOR OTHER PURPOSES","EJERCITO, JOSEPH VICTOR G.","July 24, 2013",NATIONAL,ENVIRONMENTAL HEALTH RESEARCH,HEALTH AND DEMOGRAPHY,PENDING IN THE COMMITTEE
Senate Bill No. 787,16th Congress (July 2013 - 2016),https://ldr.senate.gov.ph/bills/senate-bill-no-787-16th-congress-republic,NAVAL STATION SAN MIGUEL (ZAMBALES),"AN ACT EXCLUDING CERTAIN PORTIONS OF THE NAVAL STATION SAN MIGUEL IN THE MUNICIPALITIES OF SAN NARCISO AND SAN ANTONIO PROVINCE OF ZAMBALES FROM THE OPERATION OF PROCLAMATION NO. 938, AND DECLARING THE EXCLUDED PORTIONS OPEN TO DISPOSITION UNDER THE PROVISIONS OF REPUBLIC AC NO. 730, AS AMENDED, TO QUALIFIED OCCUPANTS WITHOUT PUBLIC AUCTION",Ralph G. Recto,"July 16, 2013",NATIONAL,LAND CONVERSION/RECLASSIFICATION,ENVIRONMENT AND NATURAL RESOURCES,PENDING IN THE COMMITTEE
Senate Bill No. 851,16th Congress (July 2013 - 2016),https://ldr.senate.gov.ph/bills/senate-bill-no-851-16th-congress-republic,PHILIPPINE INFORMATION AGENCY (PIA),"AN ACT STRENGTHENING THE PHILIPPINE INFORMATION AGENCY (PIA), AMENDING FOR THIS PURPOSE EXECUTIVE ORDER NO. 100 ALSO KNOWN AS 'CREATING THE PHILIPPINE INFORMATION AGENCY' BY PROVIDING AN ADDITIONAL FUNCTION, ESTABLISHING A NATIONWIDE WELFARE FUND AND FOR OTHER PURPOSES","ESTRADA, JINGGOY E.","July 17, 2013",NATIONAL,PHILIPPINE INFORMATION AGENCY,PUBLIC INFORMATION AND MASS MEDIA,PENDING IN THE COMMITTEE
Senate Bill No. 1106,16th Congress (July 2013 - 2016),https://ldr.senate.gov.ph/bills/senate-bill-no-1106-16th-congress-republic,CHINESE NEW YEAR,AN ACT DECLARING THE DAY ON WHICH CHINESE NEW YEAR FALLS EACH YEAR AS A SPECIAL NON-WORKING HOLIDAY AS A SIGN OF GOODWILL AND AMITY BETWEEN THE PHILIPPINES AND CHINA,"LEGARDA, LOREN B.","July 25, 2013",NATIONAL,HOLIDAYS (NON-WORKING) CHINESE NEW YEAR,"EDUCATION, ARTS AND CULTURE",PENDING IN THE COMMITTEE
Senate Bill No. 584,16th Congress (July 2013 - 2016),https://ldr.senate.gov.ph/bills/senate-bill-no-584-16th-congress-republic,NUTRITION AND HEALTH ACT,AN ACT ESTABLISHING A PERMANENT COUNCIL ON NUTRITION AND HEALTH WITHIN THE DEPARTMENT OF HEALTH,Miriam Defensor Santiago,"August 7, 2013",NATIONAL,nutrition DEPARTMENT OF HEALTH (DOH),HEALTH AND DEMOGRAPHY,PENDING IN THE COMMITTEE
Senate Bill No. 1169,16th Congress (July 2013 - 2016),https://ldr.senate.gov.ph/bills/senate-bill-no-1169-16th-congress-republic,INCREASING BURIAL ASSISTANCE FOR VETERANS TO TWENTY THOUSAND PESOS,"AN ACT INCREASING THE BURIAL ASSISTANCE FOR VETERANS FROM TEN THOUSAND PESOS (P10,000.00) TO TWENTY THOUSAND PESOS (P20,000.00), AMENDING FOR THE PURPOSE REPUBLIC ACT NO. 6948, AS AMENDED, OTHERWISE KNOWN AS AN ACT STANDARDIZING AND UPGRADING THE BENEFITS FOR MILITARY VETERANS AND THEIR DEPENDENTS",Antonio F. Trillanes IV,"July 30, 2013",NATIONAL,VETERANS,NATIONAL DEFENSE AND SECURITY,CONSOLIDATED/SUBSTITUTED IN THE COMMITTEE REPORT
Senate Bill No. 607,16th Congress (July 2013 - 2016),https://ldr.senate.gov.ph/bills/senate-bill-no-607-16th-congress-republic,"LAW ON RAPE, QUALIFIED SEDUCTION AND SIMPLE SEDUCTION","AN ACT MODIFYING THE DEFINITION OF THE CRIMES OF RAPE, QUALIFIED SEDUCTION AND SIMPLE SEDUCTION INVOLVING MINOR CHILDREN AND RATIONALIZING THE PENALTIES THEREFOR, AMENDING FOR THE PURPOSE CERTAIN SECTIONS OF ACT NO. 3815, AS AMENDED, OTHERWISE KNOWN AS THE REVISED PENAL CODE","ESCUDERO, FRANCIS G.","August 7, 2013",NATIONAL,rape QUALIFIED SEDUCTION REVISED PENAL CODE (R.A. NO. 3815),JUSTICE AND HUMAN RIGHTS,PENDING IN THE COMMITTEE
Senate Bill No. 861,16th Congress (July 2013 - 2016),https://ldr.senate.gov.ph/bills/senate-bill-no-861-16th-congress-republic,PERSONAL PRIVACY PROTECTION ACT OF 2013,AN ACT TO PROVIDE PROTECTION FROM PERSONAL INTRUSION FOR COMMERCIAL PURPOSES,"ESTRADA, JINGGOY E.","July 17, 2013",NATIONAL,PRIVACY,JUSTICE AND HUMAN RIGHTS,PENDING IN THE COMMITTEE
Senate Bill No. 279,16th Congress (July 2013 - 2016),https://ldr.senate.gov.ph/bills/senate-bill-no-279-16th-congress-republic,MAGNA CARTA OF AGRICULTURAL DEVELOPMENT WORKERS,AN ACT PROVIDING FOR A MAGNA CARTA OF AGRICULTURAL DEVELOPMENT WORKERS,"REVILLA JR., RAMON BONG","February 7, 2013",NATIONAL,MAGNA CARTA OF AGRICULTURAL DEVELOPMENT WORKERS,"CIVIL SERVICE, GOVERNMENT REORGANIZATION AND PROFESSIONAL REGULATION",PENDING IN THE COMMITTEE
Senate Bill No. 925,16th Congress (July 2013 - 2016),https://ldr.senate.gov.ph/bills/senate-bill-no-925-16th-congress-republic,CHEAPER BOOKS FOR THE POOR ACT OF 2013,"AN ACT ESTABLISHING THE MECHANISMS TO ENSURE THE AVAILABILITY OF AFFORDABLE COLLEGE AND POST-GRADUATE TEXTBOOKS AND SUPPLEMENTAL MATERIALS FOR THE POOR, APPROPRIATING FUNDS THEREFOR, AND FOR OTHER PURPOSES","LAPID, MANUEL ""LITO"" M.","July 18, 2013",NATIONAL,TEXTBOOKS POVERTY ALLEVIATION,"EDUCATION, ARTS AND CULTURE",PENDING IN THE COMMITTEE
Senate Bill No. 342,16th Congress (July 2013 - 2016),https://ldr.senate.gov.ph/bills/senate-bill-no-342-16th-congress-republic,SECTORAL REPRESENTATIVES,AN ACT PROVIDING FOR THE MANNER AND DATE OF ELECTION OF SECTORAL REPRESENTATIVES TO THE LOCAL SANGGUNIANS,"LEGARDA, LOREN B.","March 7, 2013",NATIONAL,SECTORAL REPRESENTATIVES SANGGUNIANG PANLALAWIGAN/SANGGUNIANG PANLUNGSOD,LOCAL GOVERNMENT,PENDING IN THE COMMITTEE
Senate Bill No. 616,16th Congress (July 2013 - 2016),https://ldr.senate.gov.ph/bills/senate-bill-no-616-16th-congress-republic,MODERNIZING HEALTHCARE AND HEALTH INFRASTRUCTURE,"AN ACT MODERNIZING HEALTHCARE AND HEALTH INFRASTRUCTURE, PROVIDING FUNDS FROM THE ANNUAL VALUE-ADDED TAX COLLECTIONS, AMENDING FOR THE PURPOSE THE NATIONAL INTERNAL REVENUE CODE OF 1997, AS AMENDED",Ralph G. Recto,"August 7, 2013",NATIONAL,HEALTH CARE DELIVERY SYSTEM VALUE-ADDED TAX (VAT) NATIONAL INTERNAL REVENUE CODE (NIRC),WAYS AND MEANS,PENDING IN THE COMMITTEE
Senate Bill No. 1639,16th Congress (July 2013 - 2016),https://ldr.senate.gov.ph/bills/senate-bill-no-1639-16th-congress-republic,THE BARANGAY ECONOMIC EMPOWERMENT ACT OF 2013,AN ACT AUTHORIZING BARANGAYS TO ENTER INTO OFFICIAL CONTRACTS WITH NATIONAL GOVERNMENT AGENCIES AND LOCAL GOVERNMENT UNITS TO UNDERTAKE THE DELIVERY OF BASIC SERVICES FOR THE PURPOSE OF PROVIDING EMPLOYMENT TO BARANGAY RESIDENTS AND FOR OTHER PURPOSES,"ESTRADA, JINGGOY E.","November 9, 2013",NATIONAL,BARANGAY ECONOMIC EMPOWERMENT LOCAL GOVERNMENT UNITS (LGUs),LOCAL GOVERNMENT,PENDING IN THE COMMITTEE
Senate Bill No. 1703,16th Congress (July 2013 - 2016),https://ldr.senate.gov.ph/bills/senate-bill-no-1703-16th-congress-republic,CONSUMER PROTECTION TELEMARKETING ACT,AN ACT EMPOWERING THE DEPARTMENT OF TRADE AND INDUSTRY TO REGULATE ABUSIVE TELEMARKETING ACTIVITIES,Miriam Defensor Santiago,"September 17, 2013",NATIONAL,CONSUMER PROTECTION TELEMARKETING DEPARTMENT OF TRADE AND INDUSTRY (DTI),"TRADE, COMMERCE AND ENTREPRENEURSHIP",PENDING IN THE COMMITTEE
Senate Bill No. 303,16th Congress (July 2013 - 2016),https://ldr.senate.gov.ph/bills/senate-bill-no-303-16th-congress-republic,SAFE BOTTLED WATER ACT OF 2013,AN ACT ESTABLISHING QUALITY STANDARDS FOR MINERAL WATER AND CARBONATED WATER,"VILLAR, CYNTHIA A.","February 7, 2013",NATIONAL,BOTTLED WATER,HEALTH AND DEMOGRAPHY,PENDING IN THE COMMITTEE
Senate Bill No. 504,16th Congress (July 2013 - 2016),https://ldr.senate.gov.ph/bills/senate-bill-no-504-16th-congress-republic,FILIPINO FOODS,"ISANG BATAS NA NAGPAPALAGANAP NG KALINANGANG PILIPINO SA PAMAMAGITAN NG MALAWAKANG PAGSASAMA NG PAGTUTURO NG KULINARYA AT PAGKAING PINOY SA MGA ASIGNATURANG ARALING PANLIPUNAN, HEKASI AT 'HOME ECONOMICS' O GAWAING PANTAHANAN AT SA MGA PROGRAMANG TURISMO NG BANSA","VILLAR, CYNTHIA A.","August 7, 2013",NATIONAL,CULINARY TOURISM,"EDUCATION, ARTS AND CULTURE",PENDING IN THE COMMITTEE
Senate Bill No. 62,16th Congress (July 2013 - 2016),https://ldr.senate.gov.ph/bills/senate-bill-no-62-16th-congress-republic,FREE COLLEGE ENTRANCE EXAM ACT,"AN ACT GRANTING FREE COLLEGE ENTRANCE EXAMINATIONS TO GRADUATING HIGH SCHOOL STUDENTS, HIGH SCHOOL GRADUATES, COLLEGE ENTRANTS OR TRANSFEREES APPLYING FOR ADMISSION IN PUBLIC HIGHER EDUCATIONAL INSTITUTIONS (EXCEPT FOR NATIONAL UNIVERSITIES) AND TO UNDERPRIVILEGED PUBLIC HIGH SCHOOL STUDENTS BELONGING TO THE TOP TEN PERCENT (10%) OF THE GRADUATING CLASS APPLYING FOR ADMISSION IN PRIVATE HIGHER EDUCATION INSTITUTIONS","ANGARA, SONNY","January 7, 2013",NATIONAL,COLLEGE ENTRANCE EXAMINATION STUDENTS,"EDUCATION, ARTS AND CULTURE",PENDING IN THE COMMITTEE
Senate Bill No. 322,16th Congress (July 2013 - 2016),https://ldr.senate.gov.ph/bills/senate-bill-no-322-16th-congress-republic,LIDLIDDA-BANAYOYO PROTECTED LANDSCAPE ACT OF 2013,"AN ACT ESTABLISHING THE LIDLIDDA-BANAYOYO PROTECTED LANDSCAPE IN THE MUNICIPALITIES OF LIDLIDDA AND BANAYOYO, PROVINCE OF ILOCOS SUR AS A PROTECTED AREA, PROVIDING FOR ITS MANAGEMENT, AND FOR OTHER PURPOSES","CAYETANO, PIA S.","March 7, 2013",NATIONAL,PROTECTED AREA/PROTECTED LANDSCAPE,ENVIRONMENT AND NATURAL RESOURCES,CONSOLIDATED/SUBSTITUTED IN THE COMMITTEE REPORT
Senate Bill No. 594,16th Congress (July 2013 - 2016),https://ldr.senate.gov.ph/bills/senate-bill-no-594-16th-congress-republic,CONGRESSIONAL OVERSIGHT COMMITTEE ON DEBT MANAGEMENT,"AN ACT CONSTITUTING A CONGRESSIONAL OVERSIGHT COMMITTEE ON DEBT MANAGEMENT TO LOOK INTO ALL FOREIGN AND DOMESTIC BORROWINGS NEGOTIATED, CONTRACTED OR GUARANTEED BY THE PRESIDENT ON BEHALF OF THE PHILIPPINES AS WELL AS THOSE BY THE GOVERNMENT OR GOVERNMENT OWNED AND CONTROLLED CORPORATIONS AND FOR OTHER PURPOSES","ESCUDERO, FRANCIS G.","August 7, 2013",NATIONAL,OVERSIGHT COMMITTEE ON DEBT MANAGEMENT,RULES,PENDING IN THE COMMITTEE
Senate Bill No. 1957,16th Congress (July 2013 - 2016),https://ldr.senate.gov.ph/bills/senate-bill-no-1957-16th-congress-republic,BILL OF RIGHTS FOR CHILDREN VICTIMS ACT,AN ACT PROTECTING THE RIGHTS OF CHILDREN WHO ARE VICTIMS OF CRIME AND ESTABLISHING A VICTIM'S BILL OF RIGHT FOR CHILDREN,"ESTRADA, JINGGOY E.","November 27, 2013",NATIONAL,BILL OF RIGHTS FOR CHILDREN VICTIMS ACT,JUSTICE AND HUMAN RIGHTS,PENDING IN THE COMMITTEE
Senate Bill No. 1396,16th Congress (July 2013 - 2016),https://ldr.senate.gov.ph/bills/senate-bill-no-1396-16th-congress-republic,MAGNA CARTA OF PUBLIC HEALTH WORKERS,AN ACT AMENDING SECTION 19 AND 39 OF REPUBLIC ACT NUMBER SEVEN THOUSAND THREE HUNDRED AND FIVE (R.A. 7305) OTHERWISE KNOWN AS THE MAGNA CARTA OF PUBLIC HEALTH WORKERS AND FOR OTHER PURPOSES,"ESTRADA, JINGGOY E.","August 29, 2013",NATIONAL,Magna Carta of Public Health Workers,HEALTH AND DEMOGRAPHY,PENDING IN THE COMMITTEE
Senate Bill No. 2021,16th Congress (July 2013 - 2016),https://ldr.senate.gov.ph/bills/senate-bill-no-2021-16th-congress-republic,AGRICULTURAL COOPERATIVE RESEARCH EXTENSION ACT OF 2013,"AN ACT ESTABLISHING A DEPARTMENT OF AGRICULTURE, STATE AGRICULTURAL COLLEGE AND LOCAL GOVERNMENT UNIT COOPERATIVE EXTENSION RESEARCH SERVICE, PROVIDING FUNDS THEREFOR AND FOR OTHER PURPOSES","ESTRADA, JINGGOY E.","November 12, 2013",NATIONAL,AGRICULTURAL COOPERATIVE RESEARCH,AGRICULTURE AND FOOD,PENDING IN THE COMMITTEE
Senate Bill No. 1459,16th Congress (July 2013 - 2016),https://ldr.senate.gov.ph/bills/senate-bill-no-1459-16th-congress-republic,"BARANGAY SECRETARY, APPOINTMENT, QUALIFICATIONS, POWER AND DUTIES","AN ACT AMENDING CERTAIN PROVISIONS OF REPUBLIC ACT NO. 7160, OTHERWISE KNOWN AS THE LOCAL GOVERNMENT CODE OF 1991, AND FOR OTHER PURPOSES","ESTRADA, JINGGOY E.","March 9, 2013",NATIONAL,LOCAL GOVERNMENT CODE (R.A. NO. 7160),LOCAL GOVERNMENT,PENDING IN THE COMMITTEE
Senate Bill No. 1650,16th Congress (July 2013 - 2016),https://ldr.senate.gov.ph/bills/senate-bill-no-1650-16th-congress-republic,ANTI-MONEY LAUNDERING,"AN ACT FURTHER STRENGTHENING REPUBLIC ACT 9160 OR THE ANTI-MONEY LAUNDERING ACT AS AMENDED BY REPUBLIC ACT 9194, REPUBLIC ACT NO. 10167 AND REPUBLIC ACT 10365","BINAY, MARIA LOURDES NANCY S.","November 9, 2013",NATIONAL,Money Laundering,"BANKS, FINANCIAL INSTITUTIONS AND CURRENCIES",PENDING IN THE COMMITTEE
Senate Bill No. 10,16th Congress (July 2013 - 2016),https://ldr.senate.gov.ph/bills/senate-bill-no-10-16th-congress-republic,PAGASA MODERNIZATION ACT OF 2013,"AN ACT PROVIDING FOR THE MODERNIZATION OF THE PHILIPPINE ATMOSPHERIC, GEOPHYSICAL AND ASTRONOMICAL SERVICES ADMINISTRATION, PROVIDING FUNDS THEREFOR AND FOR OTHER PURPOSES","LEGARDA, LOREN B.","January 7, 2013",NATIONAL,"PAGASA (PHILIPPINE ATMOSPHERIC, GEOPHYSICAL AND ASTRONOMICAL SERVICES ADMINISTRATION)",SCIENCE AND TECHNOLOGY,CONSOLIDATED/SUBSTITUTED IN THE COMMITTEE REPORT
Senate Bill No. 265,16th Congress (July 2013 - 2016),https://ldr.senate.gov.ph/bills/senate-bill-no-265-16th-congress-republic,COMMEMORATIVE PLATES FOR MOTOR VEHICLES,AN ACT REGULATING THE ISSUANCE OF COMMEMORATIVE PLATES FOR MOTOR VEHICLES AND PROVIDING PENALTIES FOR VIOLATIONS THEREFOR,"LAPID, MANUEL ""LITO"" M.","February 7, 2013",NATIONAL,Motor vehicle license plates,PUBLIC SERVICES,PENDING IN THE COMMITTEE
Senate Bill No. 1143,16th Congress (July 2013 - 2016),https://ldr.senate.gov.ph/bills/senate-bill-no-1143-16th-congress-republic,VIDEO GAME RATING ENFORCEMENT ACT,AN ACT TO REGULATE THE DISTRIBUTION AND SALE OF VIDEO GAMES,Miriam Defensor Santiago,"July 29, 2013",NATIONAL,VIDEO GAMES,PUBLIC INFORMATION AND MASS MEDIA,PENDING IN THE COMMITTEE
Senate Bill No. 106,16th Congress (July 2013 - 2016),https://ldr.senate.gov.ph/bills/senate-bill-no-106-16th-congress-republic,MICRO-ENTERPRISE DEVELOPMENT INSTITUTION ACT OF 2013,"AN ACT GOVERNING THE CREATION AND ACCREDITATION OF MICRO-ENTERPRISE DEVELOPMENT INSTITUTIONS, AND FOR OTHER PURPOSES","LEGARDA, LOREN B.","January 7, 2013",NATIONAL,MICROENTERPRISE DEVELOPMENT INSTITUTIONS (MICRODEVS) POVERTY ALLEVIATION,"TRADE, COMMERCE AND ENTREPRENEURSHIP",CONSOLIDATED/SUBSTITUTED IN THE COMMITTEE REPORT
Senate Bill No. 358,16th Congress (July 2013 - 2016),https://ldr.senate.gov.ph/bills/senate-bill-no-358-16th-congress-republic,DEPARTMENT OF INFORMATION AND COMMUNICATIONS TECHNOLOGY ACT OF 2013,"AN ACT CREATING THE DEPARTMENT OF INFORMATION AND COMMUNICATIONS TECHNOLOGY, DEFINING ITS POWERS AND FUNCTIONS, APPROPRIATING FUNDS THEREFOR, AND FOR OTHER PURPOSES","LEGARDA, LOREN B.","March 7, 2013",NATIONAL,DEPARTMENT OF INFORMATION AND COMMUNICATIONS TECHNOLOGY,SCIENCE AND TECHNOLOGY,CONSOLIDATED/SUBSTITUTED IN THE COMMITTEE REPORT
Senate Bill No. 1968,16th Congress (July 2013 - 2016),https://ldr.senate.gov.ph/bills/senate-bill-no-1968-16th-congress-republic,"AMENDING ARTS. 223 & 224, LABOR CODE (EXECUTION OF FINAL DECISIONS AND AWARDS OF THE NLRC)","AN ACT PROVIDING FOR RELIEF FROM AND EXECUTION OF FINAL DECISIONS AND AWARDS OF THE NATIONAL LABOR RELATIONS COMMISSION AND THE LABOR ARBITERS THEREBY AMENDING FOR THIS PURPOSE ARTICLES 223 AND 224 OF P.D. 442, AS AMENDED OTHERWISE KNOWN AS THE LABOR CODE","ESTRADA, JINGGOY E.","November 27, 2013",NATIONAL,LABOR CODE OF THE PHILIPPINES (P.D. NO. 442) NATIONAL LABOR RELATIONS COMMISSION (NLRC),"LABOR, EMPLOYMENT AND HUMAN RESOURCES DEVELOPMENT",PENDING IN THE COMMITTEE
Senate Bill No. 1406,16th Congress (July 2013 - 2016),https://ldr.senate.gov.ph/bills/senate-bill-no-1406-16th-congress-republic,INCENTIVES FOR RENTAL RESIDENTIAL HOUSING BY THE PRIVATE SECTOR ACT,AN ACT TO PROVIDE INCENTIVES FOR THE PRIVATE SECTOR TO UNDERTAKE RENTAL RESIDENTIAL HOUSING AT RATES AFFORDABLE TO LOW AND MIDDLE-INCOME FAMILIES AND FOR OTHER PURPOSES,"ESTRADA, JINGGOY E.","August 29, 2013",NATIONAL,HOUSING (AFFORDABLE RESIDENTIAL HOUSING),"URBAN PLANNING, HOUSING AND RESETTLEMENT",PENDING IN THE COMMITTEE
Senate Bill No. 2032,16th Congress (July 2013 - 2016),https://ldr.senate.gov.ph/bills/senate-bill-no-2032-16th-congress-republic,REGULATING THE POWER OF PHILIPPINE AMUSEMENT AND GAMING CORPORATION (PAGCOR),"AN ACT REGULATING THE POWER OF THE PHILIPPINES AMUSEMENT AND GAMING CORPORATION (PAGCOR) TO ESTABLISH, OPERATE AND MAINTAIN CASINOS IN THE COUNTRY, AMENDING FOR THE PURPOSE PRESIDENTIAL DECREE NO. 1869, AND FOR OTHER PURPOSES","ESTRADA, JINGGOY E.","November 12, 2013",NATIONAL,PHILIPPINE AMUSEMENT AND GAMING CORPORATION (PAGCOR),"GAMES, AMUSEMENT AND SPORTS",PENDING IN THE COMMITTEE
Senate Bill No. 898,16th Congress (July 2013 - 2016),https://ldr.senate.gov.ph/bills/senate-bill-no-898-16th-congress-republic,MERCHANT MARINE OFFICERS LAW,"AN ACT AMENDING CERTAIN SECTIONS OF PRESIDENTIAL DECREE NUMBERED NINETY-SEVEN, AS AMENDED, OTHERWISE KNOWN AS THE MERCHANT MARINE OFFICERS LAW",Antonio F. Trillanes IV,"July 18, 2013",NATIONAL,PHILIPPINE MERCHANT MARINE,"CIVIL SERVICE, GOVERNMENT REORGANIZATION AND PROFESSIONAL REGULATION",PENDING IN THE COMMITTEE
Senate Bill No. 1003,16th Congress (July 2013 - 2016),https://ldr.senate.gov.ph/bills/senate-bill-no-1003-16th-congress-republic,"COFFEE RESEARCH, DEVELOPMENT AND EXTENSION CENTER (CORDEC)","AN ACT CREATING A COFFEE RESEARCH, DEVELOPMENT AND EXTENSION CENTER, AUTHORIZING THE APPROPRIATION OF FUNDS THEREFOR, AND FOR OTHER PURPOSES",Antonio F. Trillanes IV,"July 22, 2013",NATIONAL,COFFEE,AGRICULTURE AND FOOD,PENDING IN THE COMMITTEE
Senate Bill No. 1724,16th Congress (July 2013 - 2016),https://ldr.senate.gov.ph/bills/senate-bill-no-1724-16th-congress-republic,CULVERT SAFETY ACT,AN ACT PROVIDING FOR SAFETY MEASURES FOR CULVERTS OR OTHER SIMILAR FLOOD OR DRAINAGE SYSTEMS MAINTAINED BY GOVERNMENTAL ENTITIES,Miriam Defensor Santiago,"September 18, 2013",NATIONAL,FLOOD/DRAINAGE SYSTEMS,PUBLIC WORKS,PENDING IN THE COMMITTEE
Senate Bill No. 1788,16th Congress (July 2013 - 2016),https://ldr.senate.gov.ph/bills/senate-bill-no-1788-16th-congress-republic,SAFE HAVENS FOR CHILDREN ACT,AN ACT PROVIDING GRANTS TO LOCAL GOVERNMENT UNITS FOR SUPERVISED VISITATION CENTERS,Miriam Defensor Santiago,"March 10, 2013",NATIONAL,LOCAL GOVERNMENT UNITS (LGUs) CHILDREN/CHILD CARE,YOUTH,PENDING IN THE COMMITTEE
Senate Bill No. 654,16th Congress (July 2013 - 2016),https://ldr.senate.gov.ph/bills/senate-bill-no-654-16th-congress-republic,NATIONAL REGISTRY OF DISEASES ACT,AN ACT ESTABLISHING THE NATIONAL REGISTRY OF DISEASES AND FOR OTHER PURPOSES,Antonio F. Trillanes IV,"August 7, 2013",NATIONAL,NATIONAL REGISTRY OF DISEASES,HEALTH AND DEMOGRAPHY,PENDING IN THE COMMITTEE
Senate Bill No. 733,16th Congress (July 2013 - 2016),https://ldr.senate.gov.ph/bills/senate-bill-no-733-16th-congress-republic,PERSONAL PRIVATE SECURITY GUARDS,AN ACT PROHIBITING PUBLIC OFFICERS AND THEIR FAMILIES FROM CHARGING TO THE GOVERNMENT THE SALARIES OF THEIR PERSONAL PRIVATE SECURITY GUARDS,Miriam Defensor Santiago,"July 15, 2013",NATIONAL,SECURITY GUARDS GOVERNMENT OFFICIAL/PUBLIC OFFICIAL,"CIVIL SERVICE, GOVERNMENT REORGANIZATION AND PROFESSIONAL REGULATION",PENDING IN THE COMMITTEE
Senate Bill No. 1481,16th Congress (July 2013 - 2016),https://ldr.senate.gov.ph/bills/senate-bill-no-1481-16th-congress-republic,LOCAL HOUSING BOARDS ACT,"AN ACT CREATING A LOCAL HOUSING BOARD IN ALL CITIES AND FIRST TO THIRD CLASS MUNICIPALITIES, PROVIDING FOR ITS POWERS AND FUNCTIONS, AND FOR OTHER PURPOSES","ESTRADA, JINGGOY E.","March 9, 2013",NATIONAL,LOCAL HOUSING BOARD,"URBAN PLANNING, HOUSING AND RESETTLEMENT",CONSOLIDATED/SUBSTITUTED IN THE COMMITTEE REPORT
Senate Bill No. 1544,16th Congress (July 2013 - 2016),https://ldr.senate.gov.ph/bills/senate-bill-no-1544-16th-congress-republic,URBAN DEVELOPMENT AND HOUSING ACT,"AN ACT UPHOLDING THE RIGHT OF ACQUISITION BY QUALIFIED BENEFICIARIES OF GOVERNMENT-OWNED LANDS THEY ACTUALLY OCCUPY, AMENDING CERTAIN PROVISIONS OF REPUBLIC ACT NO. 7279, OTHERWISE KNOWN AS THE URBAN DEVELOPMENT AND HOUSING ACT OF 1992, AND FOR OTHER PURPOSES","ESTRADA, JINGGOY E.","May 9, 2013",NATIONAL,URBAN DEVELOPMENT AND HOUSING ACT,"URBAN PLANNING, HOUSING AND RESETTLEMENT",PENDING IN THE COMMITTEE
Senate Bill No. 1037,16th Congress (July 2013 - 2016),https://ldr.senate.gov.ph/bills/senate-bill-no-1037-16th-congress-republic,PROFESSIONAL SPORTS RESPONSIBILITY ACT,"AN ACT ESTABLISHING STANDARDS FOR THE TESTING OF ILLEGAL USE OF PERFORMANCE-ENHANCING SUBSTANCES AND OTHER CONTROLLED SUBSTANCES IN PROFESSIONAL, AMATEUR, OR COLLEGIATE SPORTS",Miriam Defensor Santiago,"July 22, 2013",NATIONAL,ATHLETES SPORTS DEVELOPMENT PROGRAM,"GAMES, AMUSEMENT AND SPORTS",PENDING IN THE COMMITTEE
Senate Bill No. 1236,16th Congress (July 2013 - 2016),https://ldr.senate.gov.ph/bills/senate-bill-no-1236-16th-congress-republic,SOIL AND WATER CONSERVATION ACT OF 2013,AN ACT PROMOTING SOIL AND WATER CONSERVATION TECHNOLOGIES AND APPROACHES FOR SUSTAINABLE LAND MANAGEMENT IN THE PHILIPPINES AND FOR OTHER PURPOSES,"EJERCITO, JOSEPH VICTOR G.","June 8, 2013",NATIONAL,SUSTAINABLE LAND MANAGEMENT,AGRICULTURE AND FOOD,PENDING IN THE COMMITTEE
Senate Bill No. 1862,16th Congress (July 2013 - 2016),https://ldr.senate.gov.ph/bills/senate-bill-no-1862-16th-congress-republic,INTER-AGENCY COUNCIL,"AN ACT ESTABLISHING THE INTER-AGENCY COUNCIL FOR THE CREATION OF JOBS, DEFINING ITS POWERS AND FUNCTIONS, APPROPRIATING FUNDS THEREFOR AND FOR OTHER PURPOSES","Ferdinand ""Bongbong"" R. Marcos, Jr.","October 16, 2013",NATIONAL,DEPARTMENT OF LABOR AND EMPLOYMENT (DOLE) JOBS,"LABOR, EMPLOYMENT AND HUMAN RESOURCES DEVELOPMENT",PENDING IN THE COMMITTEE
Senate Bill No. 1300,16th Congress (July 2013 - 2016),https://ldr.senate.gov.ph/bills/senate-bill-no-1300-16th-congress-republic,BREAST RESEARCH IMPLANT AND INFORMATION ACT,AN ACT IDENTIFYING AND PROMOTING RESEARCH ON HEALTH IMPLICATIONS OF BREAST IMPLANTS,"ESTRADA, JINGGOY E.","August 15, 2013",NATIONAL,BREAST CARE,HEALTH AND DEMOGRAPHY,PENDING IN THE COMMITTEE
Senate Bill No. 1926,16th Congress (July 2013 - 2016),https://ldr.senate.gov.ph/bills/senate-bill-no-1926-16th-congress-republic,MAGNA CARTA FOR CRIME VICTIMS,AN ACT PROVIDING FOR THE RIGHTS TO BE ACCORDED VICTIMS OF CRIMES AND DEFINING THE DUTIES OF RESPONSIBLE OFFICERS,Miriam Defensor Santiago,"November 14, 2013",NATIONAL,MAGNA CARTA FOR CRIME VICTIMS,JUSTICE AND HUMAN RIGHTS,PENDING IN THE COMMITTEE
Senate Bill No. 792,16th Congress (July 2013 - 2016),https://ldr.senate.gov.ph/bills/senate-bill-no-792-16th-congress-republic,WASTE-TO ENERGY TECHNOLOGY,"AN ACT PROMOTING AND PERMITTING THE USE OF WASTE-TO-ENERGY TECHNOLOGY, AMENDING FOR THIS PURPOSE REPUBLIC ACT NUMBERED 8749, OTHERWISE KNOWN AS THE CLEAN AIR ACT OF 1999",Antonio F. Trillanes IV,"July 16, 2013",NATIONAL,CLEAN AIR ACT,ENVIRONMENT AND NATURAL RESOURCES,PENDING IN THE COMMITTEE
Senate Bill No. 1618,16th Congress (July 2013 - 2016),https://ldr.senate.gov.ph/bills/senate-bill-no-1618-16th-congress-republic,EXACT CHANGE ACT,AN ACT REQUIRING BUSINESS ESTABLISHMENTS TO GIVE EXACT CHANGE TO CONSUMERS,Miriam Defensor Santiago,"October 9, 2013",NATIONAL,EXACT CHANGE CONSUMER ACT (R.A.NO. 7394),"TRADE, COMMERCE AND ENTREPRENEURSHIP",LAPSED INTO LAW
Senate Bill No. 1682,16th Congress (July 2013 - 2016),https://ldr.senate.gov.ph/bills/senate-bill-no-1682-16th-congress-republic,THE LAND ADMINISTRATION REFORM ACT OF 2013,AN ACT INSTITUTING REFORMS IN LAND ADMINISTRATION,"ESTRADA, JINGGOY E.","September 16, 2013",NATIONAL,LAND ADMINISTRATION,ENVIRONMENT AND NATURAL RESOURCES,PENDING IN THE COMMITTEE
Senate Bill No. 286,16th Congress (July 2013 - 2016),https://ldr.senate.gov.ph/bills/senate-bill-no-286-16th-congress-republic,DEPARTMENT OF EDUCATION BUDGET FOR CAPITAL OUTLAY,"AN ACT AMENDING REPUBLIC ACT NO. 7880 OTHERWISE KNOWN AS 'AN ACT PROVIDING FOR THE FAIR AND EQUITABLE ALLOCATION OF THE DEPARTMENT OF EDUCATION, CULTURE AND SPORTS' BUDGET FOR CAPITAL OUTLAY","REVILLA JR., RAMON BONG","February 7, 2013",NATIONAL,"DEPARTMENT OF EDUCATION, CULTURE AND SPORTS (DEPED)","EDUCATION, ARTS AND CULTURE",PENDING IN THE COMMITTEE
Senate Bill No. 312,16th Congress (July 2013 - 2016),https://ldr.senate.gov.ph/bills/senate-bill-no-312-16th-congress-republic,PHILIPPINE HALAL ACT,AN ACT CREATING THE PHILIPPINE HALAL ACCREDITATION AND REGULATORY BOARD AND FOR OTHER PURPOSES,"VILLAR, CYNTHIA A.","February 7, 2013",NATIONAL,PHILIPPINE HALAL ACCREDITATION AND REGULATORY BOARD,AGRICULTURE AND FOOD,CONSOLIDATED/SUBSTITUTED IN THE COMMITTEE REPORT
Senate Bill No. 2,16th Congress (July 2013 - 2016),https://ldr.senate.gov.ph/bills/senate-bill-no-2-16th-congress-republic,"COMPREHENSIVE DANGEROUS DRUGS ACT OF 2002, AMENDMENTS","AN ACT AMENDING SECTION 21 OF REPUBLIC ACT NO. 9165, OTHERWISE KNOWN AS THE COMPREHENSIVE DANGEROUS DRUGS ACT OF 2002","SOTTO III, VICENTE C.","January 7, 2013",NATIONAL,"DANGEROUS DRUGS ACT OF 2002, R.A.NO. 9165",PUBLIC ORDER AND DANGEROUS DRUGS,CONSOLIDATED/SUBSTITUTED IN THE COMMITTEE REPORT
Senate Bill No. 1578,16th Congress (July 2013 - 2016),https://ldr.senate.gov.ph/bills/senate-bill-no-1578-16th-congress-republic,OIL SPILL TECHNOLOGY RESEARCH ACT,AN ACT ESTABLISHING THE OIL SPILL TECHNOLOGY RESEARCH PROGRAM,Miriam Defensor Santiago,"May 9, 2013",NATIONAL,OIL SPILL,SCIENCE AND TECHNOLOGY,PENDING IN THE COMMITTEE
Senate Bill No. 360,16th Congress (July 2013 - 2016),https://ldr.senate.gov.ph/bills/senate-bill-no-360-16th-congress-republic,PHILIPPINE NATIONAL POLICE MODERNIZATION ACT OF 2013,AN ACT PROVIDING FOR THE PHILIPPINE NATIONAL POLICE MODERNIZATION PROGRAM AND FOR OTHER PURPOSES,"ESTRADA, JINGGOY E.","March 7, 2013",NATIONAL,PHILIPPINE NATIONAL POLICE (PNP),PUBLIC ORDER AND DANGEROUS DRUGS,PENDING IN THE COMMITTEE
Senate Bill No. 65,16th Congress (July 2013 - 2016),https://ldr.senate.gov.ph/bills/senate-bill-no-65-16th-congress-republic,FREE FOOD FOR CHILDREN AND GUARANTEED INCOME FOR FARMERS ACT,AN ACT PROVIDING FREE FOOD FOR CHILDREN IN PUBLIC SCHOOLS AND DAY CARE CENTERS FROM PRODUCTS OF FARMERS PURCHASED BY THE GOVERNMENT OTHERWISE KNOWN AS LIBRE SI PAPA AT SI MAMA PROGRAM (LIBRENG SIGURADONG PAGKAING PAMBATA AT SIGURADONG MAY KITA ANG MAGSASAKA PROGRAM),Gregorio B. Honasan II,"January 7, 2013",NATIONAL,POVERTY ALLEVIATION,"EDUCATION, ARTS AND CULTURE",PENDING IN THE COMMITTEE
Senate Bill No. 1832,16th Congress (July 2013 - 2016),https://ldr.senate.gov.ph/bills/senate-bill-no-1832-16th-congress-republic,MICROFINANCE CODE OF THE PHILIPPINES,AN ACT CREATING THE MICROFINANCE CODE OF THE PHILIPPINES,"Paolo Benigno ""Bam"" Aquino IV","September 10, 2013",NATIONAL,MICROFINANCE CODE,"TRADE, COMMERCE AND ENTREPRENEURSHIP",CONSOLIDATED/SUBSTITUTED IN THE COMMITTEE REPORT
Senate Bill No. 1224,16th Congress (July 2013 - 2016),https://ldr.senate.gov.ph/bills/senate-bill-no-1224-16th-congress-republic,INCREASING THE PENALTIES FOR ELECTION-RELATED OFFENSES,"AN ACT IDENTIFYING OTHER PERSONS CRIMINALLY LIABLE FOR ELECTION OFFENSES AND INCREASING THE PENALTIES FOR ELECTION-RELATED OFFENSES, AMENDING SECTIONS 263 AND 264 OF BATAS PAMBANSA BILANG 881, AS AMENDED OR THE OMNIBUS ELECTION CODE OF THE PHILIPPINES, AND SECTION 46 OF REPUBLIC ACT NO. 8189 OR THE VOTERS REGISTRATION ACT OF 1996, AND FOR OTHER PURPOSES","EJERCITO, JOSEPH VICTOR G.","June 8, 2013",NATIONAL,OMNIBUS ELECTION CODE (BATAS PAMBANSA BLG. 881) VOTERS REGISTRATION ELECTIONS/ELECTORAL REFORMS,ELECTORAL REFORMS AND PEOPLES PARTICIPATION,"PENDING SECOND READING, ORDINARY BUSINESS"
Senate Bill No. 1896,16th Congress (July 2013 - 2016),https://ldr.senate.gov.ph/bills/senate-bill-no-1896-16th-congress-republic,SCHOOL FEES REGULATION ACT OF 2013,"AN ACT AMENDING SECTION 42 OF BATAS PAMBANSA BLG. 232, OTHERWISE KNOWN AS THE 'EDUCATION ACT OF 1982', BY IMPOSING A THREE-YEAR MORATORIUM ON TUITION AND OTHER SCHOOL FEE INCREASE ON ALL EDUCATIONAL INSTITUTIONS AND STIPULATING THEREAFTER THAT TUITION AND OTHER SCHOOL FEE INCREASE SHOULD NOT BE RAISED BEYOND THE CURRENT INFLATION RATE OF THE COUNTRY AND FOR OTHER PURPOSES","LAPID, MANUEL ""LITO"" M.","April 11, 2013",NATIONAL,TUITION FEES,"EDUCATION, ARTS AND CULTURE",PENDING IN THE COMMITTEE
Senate Bill No. 1288,16th Congress (July 2013 - 2016),https://ldr.senate.gov.ph/bills/senate-bill-no-1288-16th-congress-republic,INDETERMINATE SENTENCE LAW,"AN ACT AMENDING SECTION 2 OF ACT NO. 4103, AS AMENDED, OTHERWISE KNOWN AS THE INDETERMINATE LAW","ESTRADA, JINGGOY E.","August 15, 2013",NATIONAL,INDETERMINATE SENTENCE LAW (R.A.NO. 4103),JUSTICE AND HUMAN RIGHTS,PENDING IN THE COMMITTEE
Senate Bill No. 900,16th Congress (July 2013 - 2016),https://ldr.senate.gov.ph/bills/senate-bill-no-900-16th-congress-republic,PVC LABELING ACT,AN ACT PROVIDING FOR A MANDATORY LABELING OF POLYVINYL CHLORIDE (PVC) PRODUCTS AND FOR OTHER PURPOSES,Antonio F. Trillanes IV,"July 18, 2013",NATIONAL,LABEL/LABELING PVC PRODUCTS (POLYVINYL CHLORIDE),"TRADE, COMMERCE AND ENTREPRENEURSHIP",PENDING IN THE COMMITTEE
Senate Bill No. 1005,16th Congress (July 2013 - 2016),https://ldr.senate.gov.ph/bills/senate-bill-no-1005-16th-congress-republic,CONTINUING PROFESSIONAL EDUCATION ACT OF 2013,AN ACT STRENGTHENING THE CONTINUING PROFESSIONAL EDUCATION PROGRAM,Antonio F. Trillanes IV,"July 22, 2013",NATIONAL,PROFESSIONAL EDUCATION PROGRAMS,"CIVIL SERVICE, GOVERNMENT REORGANIZATION AND PROFESSIONAL REGULATION",CONSOLIDATED/SUBSTITUTED IN THE COMMITTEE REPORT
Senate Bill No. 1588,16th Congress (July 2013 - 2016),https://ldr.senate.gov.ph/bills/senate-bill-no-1588-16th-congress-republic,SCHOOL CALENDAR ACT OF 2013,"AN ACT REVISING THE SCHOOL CALENDAR FOR THE HEALTH, SAFETY AND WELFARE OF SCHOOL CHILDREN AND STUDENT YOUTH, AND FOR OTHER PURPOSES","ESTRADA, JINGGOY E.","October 9, 2013",NATIONAL,SCHOOL CALENDAR,"EDUCATION, ARTS AND CULTURE",PENDING IN THE COMMITTEE
Senate Bill No. 1021,16th Congress (July 2013 - 2016),https://ldr.senate.gov.ph/bills/senate-bill-no-1021-16th-congress-republic,INSTITUTIONALIZED PERSONS PROTECTION ACT OF 2013,AN ACT DEFINING WHO ARE INSTITUTIONALIZED PERSONS AND PENALIZING THEIR MALTREATMENT,"REVILLA JR., RAMON BONG","July 22, 2013",NATIONAL,INSTITUTIONALIZED PERSONS,"SOCIAL JUSTICE, WELFARE AND RURAL DEVELOPMENT",PENDING IN THE COMMITTEE
Senate Bill No. 1652,16th Congress (July 2013 - 2016),https://ldr.senate.gov.ph/bills/senate-bill-no-1652-16th-congress-republic,REAL ESTATE MORTGAGE FORECLOSURE PROCEEDINGS ACT OF 2013,"AN ACT PROHIBITING COURTS FROM ISSUING RETRAINING ORDERS OR PRELIMINARY INJUNCTIONS IN CERTAIN CASES INVOLVING EXTRA-JUDICIAL AND JUDICIAL FORECLOSURE OF REAL ESTATE MORTAGES, AND FOR OTHER PURPOSES","BINAY, MARIA LOURDES NANCY S.","November 9, 2013",NATIONAL,MORTGAGE REAL ESTATE SERVICE,JUSTICE AND HUMAN RIGHTS,PENDING IN THE COMMITTEE
Senate Bill No. 378,16th Congress (July 2013 - 2016),https://ldr.senate.gov.ph/bills/senate-bill-no-378-16th-congress-republic,PHILIPPINE PHARMACY ACT OF 2013,"AN ACT REGULATING THE PRACTICE OF PHARMACY IN THE PHILIPPINES, REPEALING FOR THE PURPOSE REPUBLIC ACT NO. 5921, THE PHARMACY LAW, AS AMENDED, AND FOR OTHER PURPOSES","ESTRADA, JINGGOY E.","March 7, 2013",NATIONAL,PHARMACY,"CIVIL SERVICE, GOVERNMENT REORGANIZATION AND PROFESSIONAL REGULATION",CONSOLIDATED/SUBSTITUTED IN THE COMMITTEE REPORT
Senate Bill No. 1043,16th Congress (July 2013 - 2016),https://ldr.senate.gov.ph/bills/senate-bill-no-1043-16th-congress-republic,ATHLETES,"AN ACT MANDATING THE INCLUSION OF ATHLETES WITH DISABILITY OR DIFFERENTLY-ABLED ATHLETES IN THE GRANTING OF CASH AND OTHER NON-MONETARY BENEFITS AND INCENTIVES, AMENDING FOR THE PURPOSE REPUBLIC ACT NO. 9064, AND APPROPRIATING FUNDS THEREFOR","CAYETANO, PIA S.","July 23, 2013",NATIONAL,"ATHLETES (DISABLED/DIFFERENTLY-ABLED) ATHLETES, COACHES, TRAINERS BENEFITS AND INCENTIVES ACT (R.A.NO. 9064)","GAMES, AMUSEMENT AND SPORTS",CONSOLIDATED/SUBSTITUTED IN THE COMMITTEE REPORT
Senate Bill No. 703,16th Congress (July 2013 - 2016),https://ldr.senate.gov.ph/bills/senate-bill-no-703-16th-congress-republic,COMPLIANCE TO THE WRIT OF HABEAS CORPUS ACT,AN ACT PENALIZING DISOBEDIENCE TO THE WRIT OF HABEAS CORPUS,"ESCUDERO, FRANCIS G.","October 7, 2013",NATIONAL,HABEAS CORPUS/WRIT OF HABEAS CORPUS,JUSTICE AND HUMAN RIGHTS,PENDING IN THE COMMITTEE
Senate Bill No. 431,16th Congress (July 2013 - 2016),https://ldr.senate.gov.ph/bills/senate-bill-no-431-16th-congress-republic,LAND ADMINISTRATION REFORM ACT,AN ACT INSTITUTING REFORMS IN LAND ADMINISTRATION,"ESCUDERO, FRANCIS G.","April 7, 2013",NATIONAL,LAND ADMINISTRATION,ENVIRONMENT AND NATURAL RESOURCES,PENDING IN THE COMMITTEE
Senate Bill No. 689,16th Congress (July 2013 - 2016),https://ldr.senate.gov.ph/bills/senate-bill-no-689-16th-congress-republic,HAZARD PAY TO BARANGAY SECURITY DEVELOPMENT OFFICERS,"AN ACT GRANTING HAZARD PAY TO ALL DULY-APPOINTED BARANGAY SECURITY DEVELOPMENT OFFICERS DURING THEIR INCUMBENCY, APPROPRIATING FUNDS THEREFOR","LEGARDA, LOREN B.","September 7, 2013",NATIONAL,HAZARD PAY,LOCAL GOVERNMENT,PENDING IN THE COMMITTEE
Senate Bill No. 1344,16th Congress (July 2013 - 2016),https://ldr.senate.gov.ph/bills/senate-bill-no-1344-16th-congress-republic,EXOTIC ANIMAL PROTECTION ACT,AN ACT PROHIBITING CERTAIN CONDUCT RELATING TO EXOTIC ANIMALS,Miriam Defensor Santiago,"August 22, 2013",NATIONAL,ANIMAL WELFARE,ENVIRONMENT AND NATURAL RESOURCES,PENDING IN THE COMMITTEE
Senate Bill No. 1970,16th Congress (July 2013 - 2016),https://ldr.senate.gov.ph/bills/senate-bill-no-1970-16th-congress-republic,"AMENDING ART. 123, LABOR CODE (REGIONAL BOARD TO ISSUE A WAGE ORDER EVERY YEAR)","AN ACT AMENDING ARTICLE 123 OF PRESIDENTIAL DECREE NO. 442, AS AMENDED, OTHERWISE KNOWN AS THE LABOR CODE OF THE PHILIPPINES, BY REQUIRING THE REGIONAL BOARD TO ISSUE A WAGE ORDER EVERY YEAR OR AN EXPLANATION FOR NOT ISSUING SUCH WAGE ORDER","ESTRADA, JINGGOY E.","November 27, 2013",NATIONAL,LABOR CODE OF THE PHILIPPINES (P.D. NO. 442),"LABOR, EMPLOYMENT AND HUMAN RESOURCES DEVELOPMENT",PENDING IN THE COMMITTEE
Senate Bill No. 1408,16th Congress (July 2013 - 2016),https://ldr.senate.gov.ph/bills/senate-bill-no-1408-16th-congress-republic,PERSONAL PRIVACY PROTECTION ACT,AN ACT PROHIBITING HARASSMENT AND INVASION OF PRIVACY FOR COMMERCIAL PURPOSES,"ESTRADA, JINGGOY E.","August 29, 2013",NATIONAL,PRIVACY,JUSTICE AND HUMAN RIGHTS,PENDING IN THE COMMITTEE
Senate Bill No. 2034,16th Congress (July 2013 - 2016),https://ldr.senate.gov.ph/bills/senate-bill-no-2034-16th-congress-republic,INDIGENT CHILDREN FREE MEDICAL AND DENTAL SERVICE ACT,AN ACT TO REQUIRE THE GIVING OF FREE MEDICAL AND DENTAL SERVICE TO INDIGENT CHILDREN,"ESTRADA, JINGGOY E.","November 12, 2013",NATIONAL,indigent children MEDICAL/DENTAL ASSISTANCE,HEALTH AND DEMOGRAPHY,PENDING IN THE COMMITTEE
Senate Bill No. 1726,16th Congress (July 2013 - 2016),https://ldr.senate.gov.ph/bills/senate-bill-no-1726-16th-congress-republic,EXPANDED RETIREMENT LAW FOR PROSECUTORS IN THE NATIONAL PROSECUTION SERVICE,"AN ACT ESTABLISHING A RETIREMENT BENEFIT SYSTEM FOR PROSECUTORS IN THE NATIONAL PROSECUTION SERVICE OF THE DEPARTMENT OF JUSTICE AND IN THE OFFICE OF THE OMBUDSMAN, PROVIDING FUNDS THEREFOR, AND FOR OTHER PURPOSES","ANGARA, SONNY","September 19, 2013",NATIONAL,NATIONAL PROSECUTION SERVICE DEPARTMENT OF JUSTICE (DOJ) OMBUDSMAN,JUSTICE AND HUMAN RIGHTS,PENDING IN THE COMMITTEE
Senate Bill No. 1128,16th Congress (July 2013 - 2016),https://ldr.senate.gov.ph/bills/senate-bill-no-1128-16th-congress-republic,NATIONAL COASTAL CLEAN-UP DAY ACT OF 2013,AN ACT PRESCRIBING EVERY SECOND SUNDAY OF SEPTEMBER AS A NATIONAL COASTAL CLEAN-UP DAY IN THE COUNTRY,Antonio F. Trillanes IV,"July 29, 2013",NATIONAL,NATIONAL COASTAL CLEAN-UP DAY,ENVIRONMENT AND NATURAL RESOURCES,PENDING IN THE COMMITTEE
Senate Bill No. 1790,16th Congress (July 2013 - 2016),https://ldr.senate.gov.ph/bills/senate-bill-no-1790-16th-congress-republic,RESTRICTIONS ON GARNISHMENT OF COMPENSATION ACT,AN ACT PROVIDING FOR RESTRICTIONS ON GARNISHMENT OF COMPENSATION DUE FOR PERSONAL SERVICES,Miriam Defensor Santiago,"March 10, 2013",NATIONAL,GARNISHMENT OF COMPENSATION,"LABOR, EMPLOYMENT AND HUMAN RESOURCES DEVELOPMENT",PENDING IN THE COMMITTEE
Senate Bill No. 1182,16th Congress (July 2013 - 2016),https://ldr.senate.gov.ph/bills/senate-bill-no-1182-16th-congress-republic,USE OF INCOME DERIVED FROM ENTRANCE FEES BY THE NATIONAL MUSEUM,"AN ACT PROVIDING FOR THE RETENTION AND UTILIZATION OF THE INCOME DERIVED BY THE NATIONAL MUSEUM, AMENDING FOR THE PURPOSE SECTION 26 OF REPUBLIC ACT NO. 8492, OTHERWISE KNOWN AS THE NATIONAL MUSEUM ACT OF 1998",Antonio F. Trillanes IV,"July 30, 2013",NATIONAL,NATIONAL MUSEUM,"EDUCATION, ARTS AND CULTURE",PENDING IN THE COMMITTEE
Senate Bill No. 794,16th Congress (July 2013 - 2016),https://ldr.senate.gov.ph/bills/senate-bill-no-794-16th-congress-republic,DRUG REHABILITATION CENTER,AN ACT PROVIDING FOR THE ESTABLISHMENT OF DRUG REHABILITATION CENTER IN EVERY REGION OF THE COUNTRY AND APPROPRIATING FUNDS THEREFOR,Antonio F. Trillanes IV,"July 16, 2013",NATIONAL,DRUG REHABILITATION,PUBLIC ORDER AND DANGEROUS DRUGS,PENDING IN THE COMMITTEE
Senate Bill No. 139,16th Congress (July 2013 - 2016),https://ldr.senate.gov.ph/bills/senate-bill-no-139-16th-congress-republic,RESCUE INITIATIVES IN SCIENCE AND MATHEMATICS EDUCATION FOR TEACHERS (RISMETS) PROGRAM ACT OF 2013,"AN ACT TO IMPROVE SCIENCE AND MATHEMATICS EDUCATION BY INSTITUTIONALIZING RESCUE INITIATIVES IN SCIENCE AND MATHEMATICS EDUCATION FOR TEACHERS (RISMETS) PROGRAM, APPROPRIATING FUNDS THEREFOR, AND FOR OTHER PURPOSES","VILLAR, CYNTHIA A.","January 7, 2013",NATIONAL,SCIENCE AND MATHEMATICS TEACHERS,"EDUCATION, ARTS AND CULTURE",PENDING IN THE COMMITTEE
Senate Bill No. 1473,16th Congress (July 2013 - 2016),https://ldr.senate.gov.ph/bills/senate-bill-no-1473-16th-congress-republic,FAMIY PRIVACY PROTECTION ACT,AN ACT INSTITUTING FAMILY PRIVACY PROTECTION AND FOR OTHER PURPOSES,"ESTRADA, JINGGOY E.","March 9, 2013",NATIONAL,FAMILY PRIVACY,"WOMEN, CHILDREN, FAMILY RELATIONS AND GENDER EQUALITY",PENDING IN THE COMMITTEE
Senate Bill No. 196,16th Congress (July 2013 - 2016),https://ldr.senate.gov.ph/bills/senate-bill-no-196-16th-congress-republic,PHILIPPINE HIGH SCHOOL FOR SPORTS (PHSS) ACT,AN ACT CREATING AND ESTABLISHING THE PHILIPPINE HIGH SCHOOL FOR SPORTS,"ANGARA, SONNY","January 7, 2013",NATIONAL,PHILIPPINE HIGH SCHOOL FOR SPORTS (PHSS),"EDUCATION, ARTS AND CULTURE",PENDING IN THE COMMITTEE
Senate Bill No. 1737,16th Congress (July 2013 - 2016),https://ldr.senate.gov.ph/bills/senate-bill-no-1737-16th-congress-republic,GENERIC DRUG UNIFORMITY ACT,AN ACT ESTABLISHING THERAPEUTIC EQUIVALENCE REQUIREMENTS FOR GENERIC DRUGS,Miriam Defensor Santiago,"September 26, 2013",NATIONAL,GENERIC DRUGS,HEALTH AND DEMOGRAPHY,PENDING IN THE COMMITTEE
Senate Bill No. 1134,16th Congress (July 2013 - 2016),https://ldr.senate.gov.ph/bills/senate-bill-no-1134-16th-congress-republic,TRANSPARENCY IN DRUG LABELING ACT,AN ACT TO REQUIRE COUNTRY OF ORIGIN LABELING ON PRESCRIPTION AND OVER-THE-COUNTER DRUGS,Antonio F. Trillanes IV,"July 29, 2013",NATIONAL,DRUG LABELING LABEL/LABELING,HEALTH AND DEMOGRAPHY,PENDING IN THE COMMITTEE
Senate Bill No. 1801,16th Congress (July 2013 - 2016),https://ldr.senate.gov.ph/bills/senate-bill-no-1801-16th-congress-republic,VIOLENCE AGAINST WOMEN RESEARCH ACT,AN ACT ESTABLISHING A TASK FORCE TO RECOMMEND A UNIFORM STRATEGY TO PROTECT WOMEN AGAINST VIOLENT CRIME,Miriam Defensor Santiago,"March 10, 2013",NATIONAL,WOMEN VIOLENCE AGAINST WOMEN,"WOMEN, CHILDREN, FAMILY RELATIONS AND GENDER EQUALITY",PENDING IN THE COMMITTEE
Senate Bill No. 743,16th Congress (July 2013 - 2016),https://ldr.senate.gov.ph/bills/senate-bill-no-743-16th-congress-republic,NATIONAL TRANSPORTATION SAFETY BOARD ACT OF 2013,"AN ACT CREATING A NATIONAL TRANSPORTATION SAFETY BOARD, APPROPRIATING FUNDS THEREFOR AND FOR OTHER PURPOSES","ESTRADA, JINGGOY E.","July 15, 2013",NATIONAL,NATIONAL TRANSPORTATION SAFETY BOARD,"CIVIL SERVICE, GOVERNMENT REORGANIZATION AND PROFESSIONAL REGULATION",PENDING IN THE COMMITTEE
Senate Bill No. 525,16th Congress (July 2013 - 2016),https://ldr.senate.gov.ph/bills/senate-bill-no-525-16th-congress-republic,PALAWAN AS THE ECOLOGICAL TOURISM CAPITAL,AN ACT DECLARING THE PROVINCE OF PALAWAN AS THE ECOLOGICAL TOURISM CAPITAL OF THE PHILIPPINES AND OTHER PURPOSES,"LEGARDA, LOREN B.","August 7, 2013",NATIONAL,ECOLOGICAL TOURISM ZONE/ECOTOURISM ZONE,ENVIRONMENT AND NATURAL RESOURCES,"PENDING SECOND READING, ORDINARY BUSINESS"
Senate Bill No. 1193,16th Congress (July 2013 - 2016),https://ldr.senate.gov.ph/bills/senate-bill-no-1193-16th-congress-republic,AQUATIC FACILITY STANDARD ESTABLISHMENT ACT,AN ACT TO ESTABLISH STANDARDS IN AQUATIC FACILITIES,Miriam Defensor Santiago,"January 8, 2013",NATIONAL,"AQUATIC FACILITIES (SPA, POOLS, WATER SLIDES, HYDROTHERAPY POOLS)",HEALTH AND DEMOGRAPHY,PENDING IN THE COMMITTEE
Senate Bill No. 805,16th Congress (July 2013 - 2016),https://ldr.senate.gov.ph/bills/senate-bill-no-805-16th-congress-republic,PUBLIC EMPLOYEE DISABILITY ACT OF 2013,AN ACT PROVIDING BENEFITS TO PUBLIC EMPLOYEES WHO SUFFER ANY INJURY IN THE LINE OF DUTY THAT LEADS TO DISABILITY,Antonio F. Trillanes IV,"July 16, 2013",NATIONAL,PUBLIC EMPLOYEE DISABILITY,PUBLIC ORDER AND DANGEROUS DRUGS,PENDING IN THE COMMITTEE
Senate Bill No. 566,16th Congress (July 2013 - 2016),https://ldr.senate.gov.ph/bills/senate-bill-no-566-16th-congress-republic,PHILIPPINE SOLAR INITIATIVE COMMISSION ACT,AN ACT CREATING THE PHILIPPINE SOLAR INITIATIVE COMMISSION,Miriam Defensor Santiago,"August 7, 2013",NATIONAL,Solar energy PHILIPPINE SOLAR INITIATIVE COMMISSION,ENERGY,PENDING IN THE COMMITTEE
Senate Bill No. 150,16th Congress (July 2013 - 2016),https://ldr.senate.gov.ph/bills/senate-bill-no-150-16th-congress-republic,NATIONAL LAND USE ACT OF THE PHILIPPINES,"AN ACT INSTITUTING A NATIONAL LAND USE POLICY, PROVIDING THE IMPLEMENTING MECHANISMS THEREFOR, AND FOR OTHER PURPOSES","CAYETANO, PIA S.","January 7, 2013",NATIONAL,NATIONAL LAND USE ACT,ENVIRONMENT AND NATURAL RESOURCES,PENDING IN THE COMMITTEE
Senate Bill No. 209,16th Congress (July 2013 - 2016),https://ldr.senate.gov.ph/bills/senate-bill-no-209-16th-congress-republic,ANIMAL WELFARE ACT,"AN ACT AMENDING SECTION 8 OF REPUBLIC ACT NO. 8485 ENTITLED, AN ACT TO PROMOTE THE ANIMAL WELFARE IN THE PHILIPPINES OTHERWISE KNOWN AS THE ANIMAL WELFARE ACT OF 1998",Gregorio B. Honasan II,"January 7, 2013",NATIONAL,ANIMAL WELFARE,AGRICULTURE AND FOOD,PENDING IN THE COMMITTEE
Senate Bill No. 301,16th Congress (July 2013 - 2016),https://ldr.senate.gov.ph/bills/senate-bill-no-301-16th-congress-republic,BARANGAY OFFICIALS,AN ACT INCLUDING BARANGAY OFFICIALS WITHIN THE COVERAGE OF THE GOVERNMENT SERVICE INSURANCE SYSTEM (GSIS),"VILLAR, CYNTHIA A.","February 7, 2013",NATIONAL,BARANGAY OFFICIALS GOVERNMENT SERVICE INSURANCE SYSTEM (GSIS),GOVERNMENT CORPORATIONS AND PUBLIC ENTERPRISES,PENDING IN THE COMMITTEE
Senate Bill No. 351,16th Congress (July 2013 - 2016),https://ldr.senate.gov.ph/bills/senate-bill-no-351-16th-congress-republic,NATIONAL MISSING CHILDREN RECOVERY PROGRAM ACT OF 2013,"AN ACT ESTABLISHING A NATIONAL MISSING CHILDREN RECOVERY PROGRAM, AND FOR OTHER PURPOSES","LEGARDA, LOREN B.","March 7, 2013",NATIONAL,MISSING PERSONS CHILDREN/CHILD CARE,JUSTICE AND HUMAN RIGHTS,PENDING IN THE COMMITTEE
Senate Bill No. 45,16th Congress (July 2013 - 2016),https://ldr.senate.gov.ph/bills/senate-bill-no-45-16th-congress-republic,FOREST RESOURCES ACT OF 2013,"AN ACT TO PROTECT, CONSERVE, UTILIZE, DEVELOP AND SUSTAINABLY MANAGE FOREST RESOURCES AND FOR OTHER PURPOSES",Sergio R. Osmeña III,"January 7, 2013",NATIONAL,SUSTAINABLE FOREST MANAGEMENT,ENVIRONMENT AND NATURAL RESOURCES,PENDING IN THE COMMITTEE
Senate Bill No. 86,16th Congress (July 2013 - 2016),https://ldr.senate.gov.ph/bills/senate-bill-no-86-16th-congress-republic,ACCELERATE NUTRITION IMPROVEMENT (ANI) ACT OF 2013,"AN ACT STRENGTHENING THE NATIONAL NUTRITION PROGRAM, APPROPRIATING FUNDS THEREFOR, AND FOR OTHER PURPOSES","LAPID, MANUEL ""LITO"" M.","January 7, 2013",NATIONAL,nutrition,HEALTH AND DEMOGRAPHY,PENDING IN THE COMMITTEE
Senate Bill No. 1875,16th Congress (July 2013 - 2016),https://ldr.senate.gov.ph/bills/senate-bill-no-1875-16th-congress-republic,GENETIC INFORMATION NONDISCRIMINATION IN HEALTH INSURANCE ACT,AN ACT PROHIBITING DISCRIMINATION BECAUSE OF GENETIC INFORMATION IN HEALTH INSURANCE COVERAGE,Miriam Defensor Santiago,"October 24, 2013",NATIONAL,HEALTH INSURANCE,HEALTH AND DEMOGRAPHY,PENDING IN THE COMMITTEE
Senate Bill No. 146,16th Congress (July 2013 - 2016),https://ldr.senate.gov.ph/bills/senate-bill-no-146-16th-congress-republic,PHILIPPINE NUTRITION LABELING ACT,"AN ACT TO PRESCRIBE NUTRITION LABELING FOR FOOD PRODUCTS, AND PROVIDING FRAMEWORK FOR ITS IMPLEMENTATION AND FOR OTHER PURPOSES","VILLAR, CYNTHIA A.","January 7, 2013",NATIONAL,FOOD PRODUCTS LABEL,"TRADE, COMMERCE AND ENTREPRENEURSHIP",PENDING IN THE COMMITTEE
Senate Bill No. 205,16th Congress (July 2013 - 2016),https://ldr.senate.gov.ph/bills/senate-bill-no-205-16th-congress-republic,REGULATING HAZING AND OTHER FORMS OF INITIATION RITES,"AN ACT AMENDING REPUBLIC ACT NO. 8049 ENTITLED, 'AN ACT REGULATING HAZING AND OTHER FORMS OF INITIATION RITES IN FRATERNITIES, SORORITIES, AND OTHER ORGANIZATIONS AND PROVIDING PENALTIES THEREFOR' AND FOR OTHER PURPOSES",Gregorio B. Honasan II,"January 7, 2013",NATIONAL,Hazing,PUBLIC ORDER AND DANGEROUS DRUGS,PENDING IN THE COMMITTEE
Senate Bill No. 1913,16th Congress (July 2013 - 2016),https://ldr.senate.gov.ph/bills/senate-bill-no-1913-16th-congress-republic,"AMENDING ART. 248, LABOR CODE (UNFAIR LABOR PRACTICES OF EMPLOYERS)","AN ACT AMENDING PRESIDENTIAL DECREE NO. 442, ALSO KNOWN AS THE LABOR CODE OF THE PHILIPPINES, ARTICLE 248, MAKING IT UNLAWFUL FOR EMPLOYERS TO THREATEN TO CONTRACT OUT SERVICES BEING PERFORMED BY UNION MEMBERS",Miriam Defensor Santiago,"November 11, 2013",NATIONAL,LABOR CODE OF THE PHILIPPINES (P.D. NO. 442) JOB CONTRACTING,"LABOR, EMPLOYMENT AND HUMAN RESOURCES DEVELOPMENT",PENDING IN THE COMMITTEE
Senate Bill No. 960,16th Congress (July 2013 - 2016),https://ldr.senate.gov.ph/bills/senate-bill-no-960-16th-congress-republic,CITY OF CARCAR CHARTER DAY,"AN ACT DECLARING JULY 7 OF EVERY YEAR A SPECIAL NONWORKING PUBLIC HOLIDAY IN THE CITY OF CARCAR, PROVINCE OF CEBU TO BE KNOWN AS THE","REVILLA JR., RAMON BONG","July 18, 2013",NATIONAL,N/A,N/A,WITHDRAWN
Senate Bill No. 416,16th Congress (July 2013 - 2016),https://ldr.senate.gov.ph/bills/senate-bill-no-416-16th-congress-republic,THE ROAD RAGE LAW,"AN ACT DEFINING ROAD RAGE, PRESCRIBING PENALTIES THEREFOR, AND FOR OTHER PURPOSES","Ferdinand ""Bongbong"" R. Marcos, Jr.","March 7, 2013",NATIONAL,ROAD RAGE,PUBLIC ORDER AND DANGEROUS DRUGS,PENDING IN THE COMMITTEE
Senate Bill No. 1605,16th Congress (July 2013 - 2016),https://ldr.senate.gov.ph/bills/senate-bill-no-1605-16th-congress-republic,GOVERNMENT AMBULANCES REGULATION,"AN ACT REGULATING THE USE OF GOVERNMENT AMBULANCES, PROVIDING PENALTIES THEREFOR AND FOR OTHER PURPOSES","ESTRADA, JINGGOY E.","October 9, 2013",NATIONAL,GOVERNMENT AMBULANCES,HEALTH AND DEMOGRAPHY,PENDING IN THE COMMITTEE
Senate Bill No. 1052,16th Congress (July 2013 - 2016),https://ldr.senate.gov.ph/bills/senate-bill-no-1052-16th-congress-republic,PROTECTION FROM REPRISALS ACT,AN ACT PROVIDING FOR PROTECTION FROM REPRISALS TO EMPLOYEES OF CONTRACTORS FOR DISCLOSURE OF INFORMATION RELATING TO SUBSTANTIAL VIOLATION OF LAW RELATED TO PUBLIC CONTRACTS INCLUDING THE COMPETITION FOR OR NEGOTIATION OF A CONTRACT,"ESTRADA, JINGGOY E.","July 23, 2013",NATIONAL,CONTRACTOR ACCOUNTABILITY GOVERNMENT CONTRACTS/PUBLIC CONTRACTS,"LABOR, EMPLOYMENT AND HUMAN RESOURCES DEVELOPMENT",PENDING IN THE COMMITTEE
Senate Bill No. 481,16th Congress (July 2013 - 2016),https://ldr.senate.gov.ph/bills/senate-bill-no-481-16th-congress-republic,PHILIPPINE IMMIGRATION ACT OF 2013,PHILIPPINE IMMIGRATION ACT OF 2013,Antonio F. Trillanes IV,"April 7, 2013",NATIONAL,PHILIPPINE IMMIGRATION ACT,JUSTICE AND HUMAN RIGHTS,PENDING IN THE COMMITTEE
Senate Bill No. 1669,16th Congress (July 2013 - 2016),https://ldr.senate.gov.ph/bills/senate-bill-no-1669-16th-congress-republic,PENALIZING OBSTRUCTION OF APPREHENSION AND PROSECUTION OF CRIMINAL OFFENDERS,"AN ACT AMENDING PRESIDENTIAL DECREE NO. 1829, PENALIZING OBSTRUCTION OF APPREHENSION AND PROSECUTION OF CRIMINAL OFFENDERS","ESTRADA, JINGGOY E.","September 16, 2013",NATIONAL,"OBSTRUCTION OF APPREHENSION, ETC. (P.D.NO. 1829)",JUSTICE AND HUMAN RIGHTS,PENDING IN THE COMMITTEE
Senate Bill No. 698,16th Congress (July 2013 - 2016),https://ldr.senate.gov.ph/bills/senate-bill-no-698-16th-congress-republic,PHILIPPINE PHARMACY ACT,"AN ACT REGULATING THE PRACTICE OF PHARMACY IN THE PHILIPPINES, REPEALING FOR THE PURPOSE REPUBLIC ACT NO. 5921, THE PHARMACY LAW, AS AMENDED, AND FOR OTHER PURPOSES","ESCUDERO, FRANCIS G.","October 7, 2013",NATIONAL,PHARMACY,"CIVIL SERVICE, GOVERNMENT REORGANIZATION AND PROFESSIONAL REGULATION",CONSOLIDATED/SUBSTITUTED IN THE COMMITTEE REPORT
Senate Bill No. 171,16th Congress (July 2013 - 2016),https://ldr.senate.gov.ph/bills/senate-bill-no-171-16th-congress-republic,NATIONAL MANGROVE FOREST PROTECTION AND PRESERVATION ACT OF 2013,"AN ACT PROVIDING FOR THE PRESERVATION, REFORESTATION, AFFORESTATION, AND SUSTAINABLE DEVELOPMENT OF MANGROVE FORESTS IN THE PHILIPPINES AND FOR OTHER PURPOSES",Sergio R. Osmeña III,"January 7, 2013",NATIONAL,MANGROVE FORESTS,ENVIRONMENT AND NATURAL RESOURCES,PENDING IN THE COMMITTEE
Senate Bill No. 1362,16th Congress (July 2013 - 2016),https://ldr.senate.gov.ph/bills/senate-bill-no-1362-16th-congress-republic,EMPLOYMENT OPPORTUNITIES IN REAL ESTATE SERVICE,"AN ACT PROMOTING EMPLOYMENT OPPORTUNITIES IN REAL ESTATE SERVICE IN THE PHILIPPINES, AMENDING FOR THE PURPOSE CERTAIN PROVISIONS OF REPUBLIC ACT NO. 9646, OTHERWISE KNOWN AS THE REAL ESTATE SERVICE ACT OF THE PHILIPPINES","ESTRADA, JINGGOY E.","August 28, 2013",NATIONAL,REAL ESTATE SERVICE EQUAL EMPLOYMENT OPPORTUNITY,"CIVIL SERVICE, GOVERNMENT REORGANIZATION AND PROFESSIONAL REGULATION",PENDING IN THE COMMITTEE
Senate Bill No. 799,16th Congress (July 2013 - 2016),https://ldr.senate.gov.ph/bills/senate-bill-no-799-16th-congress-republic,NATIONAL LAND TRANSPORTATION AUTHORITY ACT OF 2013,THE NATIONAL LAND TRANSPORTATION AUTHORITY ACT OF 2013,Antonio F. Trillanes IV,"July 16, 2013",NATIONAL,NATIONAL LAND TRANSPORTATION AUTHORITY (NLTA),"CIVIL SERVICE, GOVERNMENT REORGANIZATION AND PROFESSIONAL REGULATION",PENDING IN THE COMMITTEE
Senate Bill No. 237,16th Congress (July 2013 - 2016),https://ldr.senate.gov.ph/bills/senate-bill-no-237-16th-congress-republic,CHILDREN'S SCHOOLBAG WEIGHT REGULATION ACT OF 2013,AN ACT LIMITING THE AMOUNT OF WEIGHT OF BAGS CARRIED BY CHILDREN IN SCHOOL AND IMPLEMENTING PROACTIVE MEASURES TO PROTECT SCHOOLCHILDREN'S HEALTH FROM THE ADVERSE EFFECT OF HEAVY SCHOOL BAG,"LAPID, MANUEL ""LITO"" M.","January 7, 2013",NATIONAL,SCHOOLBAG WEIGHT REGULATION,HEALTH AND DEMOGRAPHY,PENDING IN THE COMMITTEE
Senate Bill No. 1425,16th Congress (July 2013 - 2016),https://ldr.senate.gov.ph/bills/senate-bill-no-1425-16th-congress-republic,"QUALIFICATION OF SECRETARIES OF THE DEPARTMENT OF NATIONAL DEFENSE, ADMINISTRATIVE CODE OF 1987","AN ACT AMENDING THE ADMINISTRATIVE CODE OF 1987 BY PROHIBITING A PERSON FROM BEING APPOINTED AS THE SECRETARY OF THE DEPARTMENT OF NATIONAL DEFENSE WITHIN THE NEXT THREE (3) YEARS AFTER RELIEF, SEPARATION OR RETIREMENT FROM ACTIVE DUTY AS A COMMISSIONED OFFICER OF THE ARMED FORCES OF THE PHILIPPINES","EJERCITO, JOSEPH VICTOR G.","August 29, 2013",NATIONAL,ADMINISTRATIVE CODE OF 1987 (E.O.NO. 292) Department of National Defense (DND),NATIONAL DEFENSE AND SECURITY,PENDING IN THE COMMITTEE
Senate Bill No. 491,16th Congress (July 2013 - 2016),https://ldr.senate.gov.ph/bills/senate-bill-no-491-16th-congress-republic,SCIENCE HIGH SCHOOL ESTABLISHMENT ACT,AN ACT REQUIRING ALL PROVINCES AND HIGHLY-URBANIZED CITIES TO ESTABLISH A SCIENCE HIGH SCHOOL,Antonio F. Trillanes IV,"April 7, 2013",NATIONAL,SCIENCE HIGH SCHOOL,"EDUCATION, ARTS AND CULTURE",PENDING IN THE COMMITTEE
Senate Bill No. 1111,16th Congress (July 2013 - 2016),https://ldr.senate.gov.ph/bills/senate-bill-no-1111-16th-congress-republic,DISABLED PERSONS' PARKING PLACES ACT,AN ACT TO PREVENT DISABLED PERSONS' PARKING PLACES FROM BEING OCCUPIED BY PERSONS NOT ENTITLED TO USE THEM,Miriam Defensor Santiago,"July 25, 2013",NATIONAL,HANDICAPPED/DISABLED/DIFFERENTLY ABLED PERSONS WITH DISABILITIES (PWDS),LOCAL GOVERNMENT,PENDING IN THE COMMITTEE
Senate Bill No. 542,16th Congress (July 2013 - 2016),https://ldr.senate.gov.ph/bills/senate-bill-no-542-16th-congress-republic,SALARIES OF BARANGAY OFFICIALS,"AN ACT PROVIDING FOR THE SALARIES OF BARANGAY OFFICIALS AMENDING SEC. 393 OF REPUBLIC ACT NO. 7160, OTHERWISE KNOWN AS THE LOCAL GOVERNMENT CODE OF 1991","ESTRADA, JINGGOY E.","August 7, 2013",NATIONAL,BARANGAY OFFICIALS LOCAL GOVERNMENT CODE (R.A. NO. 7160),LOCAL GOVERNMENT,PENDING IN THE COMMITTEE
Senate Bill No. 543,16th Congress (July 2013 - 2016),https://ldr.senate.gov.ph/bills/senate-bill-no-543-16th-congress-republic,EXEMPTING THE BIR FROM THE SALARY STANDARDIZATION LAW,"AN ACT EXEMPTING THE BUREAU OF INTERNAL REVENUE FROM THE COVERAGE OF REPUBLIC ACT NO. 6758, OTHERWISE KNOWN AS THE SALARY STANDARDIZATION LAW, AND FOR OTHER PURPOSES","ESTRADA, JINGGOY E.","August 7, 2013",NATIONAL,SALARY STANDARDIZATION BUREAU OF INTERNAL REVENUE (BIR),WAYS AND MEANS,PENDING IN THE COMMITTEE
Senate Bill No. 1744,16th Congress (July 2013 - 2016),https://ldr.senate.gov.ph/bills/senate-bill-no-1744-16th-congress-republic,ANTI-CARNAPPING ACT,"AN ACT REQUIRING THE IMMEDIATE RETURN OF CARNAPPED VEHICLES TO THE LAWFUL OWNERS THEREOF, AMENDING FOR THE PURPOSE REPUBLIC ACT NO. 6539, OTHERWISE KNOWN AS THE ANTI-CARNAPPING ACT OF 1972",Miriam Defensor Santiago,"September 26, 2013",NATIONAL,CARNAPPING,PUBLIC ORDER AND DANGEROUS DRUGS,CONSOLIDATED/SUBSTITUTED IN THE COMMITTEE REPORT
Senate Bill No. 1808,16th Congress (July 2013 - 2016),https://ldr.senate.gov.ph/bills/senate-bill-no-1808-16th-congress-republic,BANNING ON EXPERIMENTS ON CLONING OF HUMAN BEINGS ACT,AN ACT TO BAN EXPERIMENTS ON THE CLONING OF HUMAN BEINGS,Miriam Defensor Santiago,"March 10, 2013",NATIONAL,CLONING,SCIENCE AND TECHNOLOGY,PENDING IN THE COMMITTEE
Senate Bill No. 338,16th Congress (July 2013 - 2016),https://ldr.senate.gov.ph/bills/senate-bill-no-338-16th-congress-republic,CHILD SUPPORT,AN ACT PUNISHING THE WILLFUL FAILURE TO PAY CHILD SUPPORT,"LEGARDA, LOREN B.","March 7, 2013",NATIONAL,"CHILD SUPPORT CHILD ABUSE, EXPLOITATION AND DISCRIMINATION ACT (R.A. NO. 7610)","YOUTH, WOMEN AND FAMILY RELATIONS",PENDING IN THE COMMITTEE
Senate Bill No. 874,16th Congress (July 2013 - 2016),https://ldr.senate.gov.ph/bills/senate-bill-no-874-16th-congress-republic,OMNIBUS ELECTION CODE (PETITION TO ANNUL PROCLAMATION),"AN ACT TO AMEND BATAS PAMBANSA BLG. 881, OTHERWISE KNOWN AS THE OMNIBUS ELECTION CODE OF THE PHILIPPINES, AS AMENDED, AND FOR OTHER PURPOSES","ESTRADA, JINGGOY E.","July 17, 2013",NATIONAL,OMNIBUS ELECTION CODE (BATAS PAMBANSA BLG. 881),ELECTORAL REFORMS AND PEOPLES PARTICIPATION,PENDING IN THE COMMITTEE
Senate Bill No. 1500,16th Congress (July 2013 - 2016),https://ldr.senate.gov.ph/bills/senate-bill-no-1500-16th-congress-republic,VALUE ADDED TAX ON DONATED IMPORTATIONS OF ITEMS OR GOODS,"AN ACT AMENDING SECTION 107 (A) OF THE NATIONAL INTERNAL REVENUE CODE, SEEKING TO EXEMPT FROM THE IMPOSITION OF VALUE ADDED TAX ON DONATED IMPORTATIONS OF ITEMS OR GOODS, WHICH ARE FOR NON-PROFIT, CHARITABLE, HUMANITARIAN, RELIEF PURPOSES","ESTRADA, JINGGOY E.","April 9, 2013",NATIONAL,DONATIONS VALUE-ADDED TAX (VAT) NATIONAL INTERNAL REVENUE CODE (NIRC),WAYS AND MEANS,PENDING IN THE COMMITTEE
Senate Bill No. 938,16th Congress (July 2013 - 2016),https://ldr.senate.gov.ph/bills/senate-bill-no-938-16th-congress-republic,SENIORS SAFETY AND SERVICE ACT OF 2013,AN ACT TO COMBAT ABUSE AND ENHANCE PENALTIES FOR CRIMES AGAINST AND TO STRENGTHEN GOVERNMENT SERVICE AND SUPPORT MECHANISMS FOR SENIORS,"REVILLA JR., RAMON BONG","July 18, 2013",NATIONAL,SENIOR CITIZEN/ELDERLY,JUSTICE AND HUMAN RIGHTS,PENDING IN THE COMMITTEE
Senate Bill No. 1564,16th Congress (July 2013 - 2016),https://ldr.senate.gov.ph/bills/senate-bill-no-1564-16th-congress-republic,BUSINESS AND EDUCATION SHARING TECHNOLOGY ACT (BEST),AN ACT RECOGNIZING BUSINESSES WHICH SHOW AN EXEMPLARY COMMITMENT TO PARTICIPATING WITH SCHOOLS TO ENHANCE EDUCATORS' TECHNOLOGY CAPABILITIES AND TO MAKE EVERY STUDENT TECHNOLOGICALLY LITERATE,Miriam Defensor Santiago,"May 9, 2013",NATIONAL,ENTREPRENEURSHIP EDUCATION,"EDUCATION, ARTS AND CULTURE",PENDING IN THE COMMITTEE
Senate Bill No. 124,16th Congress (July 2013 - 2016),https://ldr.senate.gov.ph/bills/senate-bill-no-124-16th-congress-republic,BENEFITS OF BARANGAY OFFICIALS,"AN ACT AMENDING PARAGRAPH (A), SECTION 393, CHAPTER IV, TITLE I, BOOK III OF REPUBLIC ACT NO. 7160, THE LOCAL GOVERNMENT CODE, AS AMENDED, INCREASING THE BENEFITS OF BARANGAY OFFICIALS","ESCUDERO, FRANCIS G.","January 7, 2013",NATIONAL,BARANGAY OFFICIALS LOCAL GOVERNMENT CODE (R.A. NO. 7160),LOCAL GOVERNMENT,CONSOLIDATED/SUBSTITUTED IN THE COMMITTEE REPORT
Senate Bill No. 632,16th Congress (July 2013 - 2016),https://ldr.senate.gov.ph/bills/senate-bill-no-632-16th-congress-republic,ARMED FORCES OF THE PHILIPPINES (AFP)/PHILIPPINE NATIONAL POLICE (PNP),"AN ACT INCREASING THE SPECIAL GROUP TERM INSURANCE COVERAGE FOR THE MEMBERS OF THE ARMED FORCES OF THE PHILIPPINES, INCLUDING THE MEMBERS OF THE PHILIPPINE NATIONAL POLICE, AMENDING FOR THE PURPOSE PRESIDENTIAL DECREE 352, AS AMENDED BY PRESIDENTIAL DECREE 1965, AND FOR OTHER PURPOSES",Antonio F. Trillanes IV,"August 7, 2013",NATIONAL,ARMED FORCES OF THE PHILIPPINES (AFP) PHILIPPINE NATIONAL POLICE (PNP) INSURANCE,NATIONAL DEFENSE AND SECURITY,CONSOLIDATED/SUBSTITUTED IN THE COMMITTEE REPORT
Senate Bill No. 1256,16th Congress (July 2013 - 2016),https://ldr.senate.gov.ph/bills/senate-bill-no-1256-16th-congress-republic,CHILDREN IN MOTOR VEHICLE SAFETY ACT OF 2013,AN ACT ENSURING THE SAFETY MEASURES FOR CHILDREN,"BINAY, MARIA LOURDES NANCY S.","August 8, 2013",NATIONAL,Motor Vehicles CHILDREN/CHILD CARE,PUBLIC SERVICES,PENDING IN THE COMMITTEE
Senate Bill No. 723,16th Congress (July 2013 - 2016),https://ldr.senate.gov.ph/bills/senate-bill-no-723-16th-congress-republic,HEPATITIS C EPIDEMIC CONTROL AND PREVENTION ACT,"AN ACT MANDATING COMPREHENSIVE RESEARCH FOR THE PREVENTION, CONTROL, AND MEDICAL MANAGEMENT OF HEPATITIS C VIRUS INFECTION",Miriam Defensor Santiago,"July 15, 2013",NATIONAL,HEPATITIS-C,HEALTH AND DEMOGRAPHY,PENDING IN THE COMMITTEE
Senate Bill No. 1882,16th Congress (July 2013 - 2016),https://ldr.senate.gov.ph/bills/senate-bill-no-1882-16th-congress-republic,LOCAL GOVERNMENT ACADEMY CHARTER,AN ACT STRENGTHENING THE LOCAL GOVERNMENT ACADEMY (LGA),Miriam Defensor Santiago,"October 24, 2013",NATIONAL,LOCAL GOVERNMENT ACADEMY OF THE PHILIPPINES,LOCAL GOVERNMENT,PENDING IN THE COMMITTEE
Senate Bill No. 1320,16th Congress (July 2013 - 2016),https://ldr.senate.gov.ph/bills/senate-bill-no-1320-16th-congress-republic,NATIONAL PET REGISTRY ACT,AN ACT MANDATING THE BUREAU OF ANIMAL INDUSTRY TO ESTABLISH AND MAINTAIN A PUBLIC WEBSITE THROUGH WHICH INDIVIDUALS MAY FIND A PET REGISTRY AND A COMPLETE DATABASE OF MISSING PETS AND FOUND STRAYS,Miriam Defensor Santiago,"August 15, 2013",NATIONAL,NATIONAL PET REGISTRY ANIMAL WELFARE,AGRICULTURE AND FOOD,PENDING IN THE COMMITTEE
Senate Bill No. 1946,16th Congress (July 2013 - 2016),https://ldr.senate.gov.ph/bills/senate-bill-no-1946-16th-congress-republic,FAMILY PRIVACY PROTECTION ACT,AN ACT PROVIDING FOR PROTECTION OF FAMILY PRIVACY,Miriam Defensor Santiago,"November 26, 2013",NATIONAL,FAMILY PRIVACY,"WOMEN, CHILDREN, FAMILY RELATIONS AND GENDER EQUALITY",PENDING IN THE COMMITTEE
Senate Bill No. 982,16th Congress (July 2013 - 2016),https://ldr.senate.gov.ph/bills/senate-bill-no-982-16th-congress-republic,ANTI- LOOK-ALIKE AND IMITATION FIREARMS ACT,AN ACT PROHIBITING THE MANUFACTURE AND SALE OF IMITATION FIREARMS,"ESTRADA, JINGGOY E.","July 22, 2013",NATIONAL,FIREARMS (GUN REPLICAS),PUBLIC ORDER AND DANGEROUS DRUGS,PENDING IN THE COMMITTEE
Senate Bill No. 1638,16th Congress (July 2013 - 2016),https://ldr.senate.gov.ph/bills/senate-bill-no-1638-16th-congress-republic,DEATH BENEFITS FOR SEAFARERS ACT OF 2013,AN ACT FIXING THE MINIMUM STANDARD FOR DEATH BENEFITS TO FILIPINO SEAFARERS EMPLOYED OVERSEAS AND ESTABLISHING A MECHANISM AT THE PHILIPPINE OVERSEAS EMPLOYMENT ADMINISTRATION FOR ITS REGULAR REVIEW AND REALIGNMENT TO PREVAILING INTERNATIONAL STANDARDS AND FOR OTHER PURPOSES,"ESTRADA, JINGGOY E.","November 9, 2013",NATIONAL,SEAFARERS Philippine Overseas Employment Administration (POEA),"LABOR, EMPLOYMENT AND HUMAN RESOURCES DEVELOPMENT",PENDING IN THE COMMITTEE
Senate Bill No. 1075,16th Congress (July 2013 - 2016),https://ldr.senate.gov.ph/bills/senate-bill-no-1075-16th-congress-republic,WIRE TAPPING,"AN ACT AMENDING CERTAIN SECTIONS OF REPUBLIC NO. 4200, OTHERWISE KNOWN AS 'AN ACT TO PROHIBIT AND PENALIZE WIRE TAPPING AND OTHER RELATED VIOLATIONS OF THE PRIVACY OF COMMUNICATION, AND FOR OTHER PURPOSES' BY INCREASING THE PENALTIES PROVIDED THEREIN AND REGULATING THE OWNERSHIP, POSSESSION, SALE, IMPORTATION AND USE OF WIRETAPPING DEVICES, PROVIDING PENALTIES FOR VIOLATIONS THEREOF, PROVIDING FUNDS THEREFOR, AND FOR OTHER PURPOSES","ESTRADA, JINGGOY E.","July 23, 2013",NATIONAL,Wiretapping,PUBLIC ORDER AND DANGEROUS DRUGS,PENDING IN THE COMMITTEE
Senate Bill No. 182,16th Congress (July 2013 - 2016),https://ldr.senate.gov.ph/bills/senate-bill-no-182-16th-congress-republic,SANGLEY POINT CONVERSION ACT OF 2013,AN ACT DIRECTING THE CONVERSION OF SANGLEY POINT IN CAVITE CITY INTO AN INTERNATIONAL LOGISTICS HUB,"REVILLA JR., RAMON BONG","January 7, 2013",NATIONAL,SANGLEY POINT,ECONOMIC AFFAIRS,PENDING IN THE COMMITTEE
Senate Bill No. 1702,16th Congress (July 2013 - 2016),https://ldr.senate.gov.ph/bills/senate-bill-no-1702-16th-congress-republic,DRUG DEALER LIABILITY ACT,AN ACT PROVIDING FOR THE CIVIL LIABILITY OF DRUG DEALERS IN FAVOR OF PERSONS INJURED BY ILLEGAL DRUGS,Miriam Defensor Santiago,"September 17, 2013",NATIONAL,"DANGEROUS DRUGS ACT OF 2002, R.A.NO. 9165 ILLEGAL DRUGS",PUBLIC ORDER AND DANGEROUS DRUGS,PENDING IN THE COMMITTEE
Senate Bill No. 768,16th Congress (July 2013 - 2016),https://ldr.senate.gov.ph/bills/senate-bill-no-768-16th-congress-republic,PATIENTS' GRIEVANCE MACHINERY ACT OF 2013,"AN ACT UPHOLDING THE RIGHT OF PATIENTS TO THE REDRESS OF THEIR TREATMENT- RELATED GRIEVANCES BY MANDATING THE CREATION OF GRIEVANCE BOARDS IN ALL PUBLIC AND PRIVATE HOSPITALS TO BE SUPERVISED BY DEPARTMENT OF HEALTH, AND FOR OTHER PURPOSES","ESTRADA, JINGGOY E.","July 15, 2013",NATIONAL,PATIENTS DEPARTMENT OF HEALTH (DOH) HOSPITALS,HEALTH AND DEMOGRAPHY,PENDING IN THE COMMITTEE
Senate Bill No. 1956,16th Congress (July 2013 - 2016),https://ldr.senate.gov.ph/bills/senate-bill-no-1956-16th-congress-republic,"AMENDING SEC. 393 (D), RA 7160 (UPGRADING THE BENEFITS AND INCENTIVES OF BARANGAY TANOD BRIGADES)","AN ACT UPGRADING THE BENEFITS AND INCENTIVES OF BARANGAY TANOD BRIGADES, AMENDING FOR THE PURPOSE SEC. 393 (D) OF REPUBLIC ACT NO. 7160, OTHERWISE KNOWN AS THE LOCAL GOVERNMENT CODE OF 1991","ESTRADA, JINGGOY E.","November 27, 2013",NATIONAL,LOCAL GOVERNMENT CODE (R.A. NO. 7160) BARANGAY TANOD BRIGADES,LOCAL GOVERNMENT,CONSOLIDATED/SUBSTITUTED IN THE COMMITTEE REPORT
Senate Bill No. 832,16th Congress (July 2013 - 2016),https://ldr.senate.gov.ph/bills/senate-bill-no-832-16th-congress-republic,RURAL DENTIST,AN ACT CREATING A POSITION OF RURAL DENTIST IN EVERY RURAL HEALTH UNIT UNDER THE DEPARMENT OF HEALTH AND APPROPRIATING FUNDS THEREFOR,Antonio F. Trillanes IV,"July 16, 2013",NATIONAL,RURAL DENTIST DEPARTMENT OF HEALTH (DOH),HEALTH AND DEMOGRAPHY,PENDING IN THE COMMITTEE
Senate Bill No. 2020,16th Congress (July 2013 - 2016),https://ldr.senate.gov.ph/bills/senate-bill-no-2020-16th-congress-republic,COLLEGE EDUCATION TRUST FUND ACT,AN ACT PROVIDING FOR A COLLEGE EDUCATION TRUST FUND FOR CHILDREN OF GSIS AND SSS MEMBERS,"ESTRADA, JINGGOY E.","November 12, 2013",NATIONAL,EDUCATION TRUST FUND GOVERNMENT SERVICE INSURANCE SYSTEM (GSIS) SOCIAL SECURITY SYSTEM (SSS),GOVERNMENT CORPORATIONS AND PUBLIC ENTERPRISES,PENDING IN THE COMMITTEE
Senate Bill No. 523,16th Congress (July 2013 - 2016),https://ldr.senate.gov.ph/bills/senate-bill-no-523-16th-congress-republic,BARANGAY NUTRITION WORKER,"AN ACT CREATING THE POSITION OF BARANGAY NUTRITION WORKER IN EVERY BARANGAY, APPROPRIATING FUNDS THEREFOR, AND AMENDING FOR THE PURPOSE PRESIDENTIAL DECREE NO. 1569","LEGARDA, LOREN B.","August 7, 2013",NATIONAL,BARANGAY NUTRITION WORKER,HEALTH AND DEMOGRAPHY,PENDING IN THE COMMITTEE
Senate Bill No. 1712,16th Congress (July 2013 - 2016),https://ldr.senate.gov.ph/bills/senate-bill-no-1712-16th-congress-republic,ELECTRONIC FUND TRANSFER ACT,AN ACT DEFINING THE RIGHTS AND LIABILITIES OF PARTIES IN ELECTRONIC FUND TRANSFERS,Miriam Defensor Santiago,"September 18, 2013",NATIONAL,ELECTRONIC FUND TRANSFER,"BANKS, FINANCIAL INSTITUTIONS AND CURRENCIES",PENDING IN THE COMMITTEE
Senate Bill No. 1151,16th Congress (July 2013 - 2016),https://ldr.senate.gov.ph/bills/senate-bill-no-1151-16th-congress-republic,OFFICE OF VETERANS AFFAIRS,"AN ACT TO ESTABLISH AND MAINTAIN AN OFFICE OF VETERANS AFFAIRS IN THE PHILIPPINE EMBASSY IN THE UNITED STATES OF AMERICA, PRESCRIBING ITS FUNCTIONS, PROVIDING FUNDS THEREFOR AND FOR OTHER PURPOSES",Antonio F. Trillanes IV,"July 29, 2013",NATIONAL,VETERANS,NATIONAL DEFENSE AND SECURITY,PENDING IN THE COMMITTEE
Senate Bill No. 563,16th Congress (July 2013 - 2016),https://ldr.senate.gov.ph/bills/senate-bill-no-563-16th-congress-republic,WOMEN'S HIGHER EDUCATION ACT OF 2013,"AN ACT PROVIDING HIGHER EDUCATIONAL OPPORTUNITIES FOR WOMEN, ESTABLISHING A WOMEN'S HIGHER EDUCATION SCHOLARSHIP FUND AND FOR OTHER PURPOSES","ESTRADA, JINGGOY E.","August 7, 2013",NATIONAL,WOMENS HIGHER EDUCATION ACT,"EDUCATION, ARTS AND CULTURE",CONSOLIDATED/SUBSTITUTED IN THE COMMITTEE REPORT
Senate Bill No. 1776,16th Congress (July 2013 - 2016),https://ldr.senate.gov.ph/bills/senate-bill-no-1776-16th-congress-republic,LIBRENG KOLEHIYO PARA SA BATANG SIYENTIPIKO ACT OF 2013,"AN ACT GRANTING FREE TERTIARY EDUCATION TO THE TOP FIVE PERCENT (5%) GRADUATES OF PUBLIC SCIENCE HIGH SCHOOLS PURSUING A DEGREE IN THE FIELD OF SCIENCE AND TECHNOLOGY, MATHEMATICS AND ENGINEERING",Ralph G. Recto,"February 10, 2013",NATIONAL,SCIENCE AND TECHNOLOGY SCHOLARSHIP GRANTS,"EDUCATION, ARTS AND CULTURE",CONSOLIDATED/SUBSTITUTED IN THE COMMITTEE REPORT
Senate Bill No. 1214,16th Congress (July 2013 - 2016),https://ldr.senate.gov.ph/bills/senate-bill-no-1214-16th-congress-republic,TO INCLUDE COA IN THE TASK FORCE CREATED UNDER SEC. 14 OF R.A.NO. 8479,"AN ACT TO PROMOTE FAIR TRADE IN THE OIL INDUSTRY AND FOR OTHER PURPOSES, AMENDING REPUBLIC ACT NO. 8479, OTHERWISE KNOWN AS THE DOWNSTREAM OIL DEREGULATION ACT OF 1998",Ralph G. Recto,"June 8, 2013",NATIONAL,DOWNSTREAM OIL INDUSTRY DEREGULATION ACT (R.A.NO. 8479) COMMISSION ON AUDIT (COA),ENERGY,PENDING IN THE COMMITTEE
Senate Bill No. 1468,16th Congress (July 2013 - 2016),https://ldr.senate.gov.ph/bills/senate-bill-no-1468-16th-congress-republic,INFORMATION TECHNOLOGY EQUIPMENT,"AN ACT TO ENCOURAGE, PROMOTE AND ALLOW PRIVATE COMPANIES AND INDIVIDUALS TO DONATE INFORMATION TECHNOLOGY EQUIPMENT (ITE) TO EDUCATIONAL AND/OR RESEARCH INSTITUTIONS BY PROVIDING TAX INCENTIVES THEREFORE, AMENDING FOR THE PURPOSE SECTIONS 34 AND 101 OF THE NATIONAL INTERNAL REVENUE CODE (NIRC) AS AMENDED, AND FOR OTHER PURPOSES","ESTRADA, JINGGOY E.","March 9, 2013",NATIONAL,INFORMATION AND COMMUNICATIONS TECHNOLOGY (ICT) NATIONAL INTERNAL REVENUE CODE (NIRC) DONATIONS,WAYS AND MEANS,PENDING IN THE COMMITTEE
Senate Bill No. 906,16th Congress (July 2013 - 2016),https://ldr.senate.gov.ph/bills/senate-bill-no-906-16th-congress-republic,PHILIPPINE FOOD TECHNOLOGY ACT,"AN ACT PROVIDING FOR THE REGISTRATION, LICENSURE AND PRACTICE OF FOOD TECHNOLOGY IN THE PHILIPPINES, PROVIDING FUNDS THEREFOR, AND FOR OTHER PURPOSES",Antonio F. Trillanes IV,"July 18, 2013",NATIONAL,FOOD TECHNOLOGY,"CIVIL SERVICE, GOVERNMENT REORGANIZATION AND PROFESSIONAL REGULATION",PENDING IN THE COMMITTEE
Senate Bill No. 1532,16th Congress (July 2013 - 2016),https://ldr.senate.gov.ph/bills/senate-bill-no-1532-16th-congress-republic,GRANTING 20% DISCOUNT ON THE SALE OF MEDICINES FOR GOVERNMENT EMPLOYEES,AN ACT GRANTING GOVERNMENT EMPLOYEES AND INDIGENTS A TWENTY PERCENT (20%) DISCOUNT ON THE SALE OF MEDICINES,"ESTRADA, JINGGOY E.","May 9, 2013",NATIONAL,GOVERNMENT EMPLOYEES MEDICINES/DRUGS INDIGENT PERSON,HEALTH AND DEMOGRAPHY,PENDING IN THE COMMITTEE
Senate Bill No. 1011,16th Congress (July 2013 - 2016),https://ldr.senate.gov.ph/bills/senate-bill-no-1011-16th-congress-republic,METALLURGICAL ENGINEERING ACT OF 2013,"AN ACT REGULATING THE PRACTICE OF METALLURGICAL ENGINEERING IN THE PHILIPPINES, REPEALING FOR THIS PURPOSE PRESIDENTIAL DECREE NUMBERED 1536, OTHERWISE KNOWN AS THE METALLURGICAL ENGINEERING LAW OF THE PHILIPPINES, AND FOR OTHER PURPOSES",Antonio F. Trillanes IV,"July 22, 2013",NATIONAL,METALLURGICAL ENGINEERING,"CIVIL SERVICE, GOVERNMENT REORGANIZATION AND PROFESSIONAL REGULATION",CONSOLIDATED/SUBSTITUTED IN THE COMMITTEE REPORT
Senate Bill No. 658,16th Congress (July 2013 - 2016),https://ldr.senate.gov.ph/bills/senate-bill-no-658-16th-congress-republic,LOCAL HOUSING BOARD ACT OF 2013,"AN ACT CREATING A LOCAL HOUSING BOARD IN ALL CITIES AND FIRST TO THIRD CLASS MUNICIPALITIES, PROVIDING FOR ITS POWERS AND FUNCTIONS, AND FOR OTHER PURPOSES","EJERCITO, JOSEPH VICTOR G.","August 7, 2013",NATIONAL,LOCAL HOUSING BOARD,"URBAN PLANNING, HOUSING AND RESETTLEMENT",CONSOLIDATED/SUBSTITUTED IN THE COMMITTEE REPORT
Senate Bill No. 1850,16th Congress (July 2013 - 2016),https://ldr.senate.gov.ph/bills/senate-bill-no-1850-16th-congress-republic,COSMETIC DERMATOLOGY,AN ACT LIMITING THE PRACTICE OF COSMETIC DERMATOLOGY TO LICENSED AND QUALIFIED PHYSICIANS WITH RESIDENCY TRAINING IN DERMATOLOGY,Miriam Defensor Santiago,"October 14, 2013",NATIONAL,COSMETIC DERMATOLOGY,HEALTH AND DEMOGRAPHY,PENDING IN THE COMMITTEE
Senate Bill No. 1756,16th Congress (July 2013 - 2016),https://ldr.senate.gov.ph/bills/senate-bill-no-1756-16th-congress-republic,MODEL HIGH SCHOOLS ACT,AN ACT PROVIDING GRANTS TO BUSINESS AND EDUCATION PARTNERSHIPS FOR THE PURPOSE OF ESTABLISHING AND OPERATING MODEL HIGH SCHOOLS OF SCIENCE AND MATHEMATICS,Miriam Defensor Santiago,"February 10, 2013",NATIONAL,MODEL HIGH SCHOOLS,"EDUCATION, ARTS AND CULTURE",PENDING IN THE COMMITTEE
Senate Bill No. 1194,16th Congress (July 2013 - 2016),https://ldr.senate.gov.ph/bills/senate-bill-no-1194-16th-congress-republic,ELDER SERVE ACT,AN ACT ESTABLISHING ELDER SERVE COORDINATING COUNCILS THAT PROVIDE FOR EMERGENCY CRISIS RESPONSE TEAMS TO COMBAT ELDERLY ABUSE,Miriam Defensor Santiago,"January 8, 2013",NATIONAL,SENIOR CITIZEN/ELDERLY,JUSTICE AND HUMAN RIGHTS,PENDING IN THE COMMITTEE
Senate Bill No. 1820,16th Congress (July 2013 - 2016),https://ldr.senate.gov.ph/bills/senate-bill-no-1820-16th-congress-republic,"PENALIZING THE USE OF A FICTITIOUS NAME, AMENDING THE REVISED PENAL CODE","AN ACT PENALIZING ANY PERSON WHO INDUCES OR CAUSES ANOTHER TO USE A FICTITIOUS NAME, TO CONCEAL HIS TRUE NAME, OR TO USURP THE CIVIL STATUS OF ANOTHER PERSON, AMENDING FOR THE PURPOSE ARTICLES 178 AND 348 OF THE PENAL CODE",Miriam Defensor Santiago,"March 10, 2013",NATIONAL,REVISED PENAL CODE (R.A. NO. 3815) FICTITIOUS NAME,JUSTICE AND HUMAN RIGHTS,PENDING IN THE COMMITTEE
Senate Bill No. 823,16th Congress (July 2013 - 2016),https://ldr.senate.gov.ph/bills/senate-bill-no-823-16th-congress-republic,EDUCATION PRINTING OFFICE ACT OF 2013,AN ACT ESTABLISHING AN EDUCATION PRINTING OFFICE,Antonio F. Trillanes IV,"July 16, 2013",NATIONAL,EDUCATION PRINTING OFFICE,"EDUCATION, ARTS AND CULTURE",PENDING IN THE COMMITTEE
Senate Bill No. 2011,16th Congress (July 2013 - 2016),https://ldr.senate.gov.ph/bills/senate-bill-no-2011-16th-congress-republic,E-CIGARETTE REGULATION ACT OF 2013,AN ACT REGULATING THE SALE AND DISTRIBUTION OF ELECTRONIC CIGARETTES,"LAPID, MANUEL ""LITO"" M.","November 12, 2013",NATIONAL,CIGARS/CIGARETTES,HEALTH AND DEMOGRAPHY,PENDING IN THE COMMITTEE
Senate Bill No. 1449,16th Congress (July 2013 - 2016),https://ldr.senate.gov.ph/bills/senate-bill-no-1449-16th-congress-republic,PARTY-LIST SYSTEM ACT,"AN ACT AMENDING REPUBLIC ACT NO. 7941, OTHERWISE KNOWN AS THE 'PARTY-LIST SYSTEM ACT'",Miriam Defensor Santiago,"August 29, 2013",NATIONAL,PARTY LIST SYSTEM (R.A.NO. 7941) WOMEN,ELECTORAL REFORMS AND PEOPLES PARTICIPATION,PENDING IN THE COMMITTEE
Senate Bill No. 514,16th Congress (July 2013 - 2016),https://ldr.senate.gov.ph/bills/senate-bill-no-514-16th-congress-republic,FREEDOM OF INFORMATION ACT OF 2013,"AN ACT IMPLEMENTING THE RIGHT OF THE PEOPLE TO INFORMATION ON MATTERS OF PUBLIC CONCERN GUARANTEED UNDER SECTION SEVEN, ARTICLE THREE OF THE 1987 CONSTITUTION AND THE STATE POLICY OF FULL PUBLIC DISCLOSURE OF ALL ITS TRANSACTIONS INVOLVING PUBLIC INTEREST UNDER SECTION TWENTY EIGHT, ARTICLE TWO OF THE 1987 CONSTITUTION, AND FOR OTHER PURPOSES","LEGARDA, LOREN B.","August 7, 2013",NATIONAL,RIGHT TO INFORMATION,PUBLIC INFORMATION AND MASS MEDIA,CONSOLIDATED/SUBSTITUTED IN THE COMMITTEE REPORT
Senate Bill No. 1142,16th Congress (July 2013 - 2016),https://ldr.senate.gov.ph/bills/senate-bill-no-1142-16th-congress-republic,VOLUNTEER FIREFIGHTER AND EMS PERSONNEL JOB PROTECTION ACT,AN ACT TO PROHIBIT TERMINATION OF EMPLOYMENT OF VOLUNTEER FIREFIGHTERS AND EMERGENCY MEDICAL PERSONNEL RESPONDING TO EMERGENCIES,Miriam Defensor Santiago,"July 29, 2013",NATIONAL,FIREFIGHTERS EMERGENCY RESPONSE/EMERGENCY PREPAREDNESS,"LABOR, EMPLOYMENT AND HUMAN RESOURCES DEVELOPMENT",PENDING IN THE COMMITTEE
Senate Bill No. 599,16th Congress (July 2013 - 2016),https://ldr.senate.gov.ph/bills/senate-bill-no-599-16th-congress-republic,GOVERNMENT SERVICE INSURANCE SYSTEM ACT,"AN ACT AMENDING SECTIONS 7, 10, 23, 30, 31, 42, AND 52 OF REPUBLIC ACT NO. 8291, OTHERWISE KNOWN AS THE GSIS ACT OF 1997","ESCUDERO, FRANCIS G.","August 7, 2013",NATIONAL,GOVERNMENT SERVICE INSURANCE SYSTEM (GSIS),GOVERNMENT CORPORATIONS AND PUBLIC ENTERPRISES,PENDING IN THE COMMITTEE
Senate Bill No. 1767,16th Congress (July 2013 - 2016),https://ldr.senate.gov.ph/bills/senate-bill-no-1767-16th-congress-republic,POISON CONTROL CENTER ENHANCEMENT AND AWARENESS ACT,AN ACT TO PROVIDE ASSISTANCE FOR POISON PREVENTION AND TO ESTABLISH POISON CONTROL CENTERS,Miriam Defensor Santiago,"February 10, 2013",NATIONAL,POISON PREVENTION,HEALTH AND DEMOGRAPHY,PENDING IN THE COMMITTEE
Senate Bill No. 1205,16th Congress (July 2013 - 2016),https://ldr.senate.gov.ph/bills/senate-bill-no-1205-16th-congress-republic,ANTI-GRAFT AND CORRUPT PRACTICES ACT,"AN ACT STRENGTHENING REPUBLIC ACT NO. 3019, OTHERWISE KNOWN AS THE ANTI-GRAFT AND CORRUPT PRACTICES ACT",Miriam Defensor Santiago,"January 8, 2013",NATIONAL,Anti-Graft and Corrupt Practices Act,"CIVIL SERVICE, GOVERNMENT REORGANIZATION AND PROFESSIONAL REGULATION",PENDING IN THE COMMITTEE
Senate Bill No. 308,16th Congress (July 2013 - 2016),https://ldr.senate.gov.ph/bills/senate-bill-no-308-16th-congress-republic,MAGNA CARTA OF STUDENTS,AN ACT PROVIDING FOR A MAGNA CARTA OF STUDENTS,"VILLAR, CYNTHIA A.","February 7, 2013",NATIONAL,MAGNA CARTA FOR STUDENTS,"EDUCATION, ARTS AND CULTURE",PENDING IN THE COMMITTEE
Senate Bill No. 897,16th Congress (July 2013 - 2016),https://ldr.senate.gov.ph/bills/senate-bill-no-897-16th-congress-republic,CAREER EXECUTIVE SERVICE ACT OF 2013,AN ACT STRENGTHENING THE CAREER EXECUTIVE SERVICE,Antonio F. Trillanes IV,"July 18, 2013",NATIONAL,CAREER EXECUTIVE SERVICE SYSTEM,"CIVIL SERVICE, GOVERNMENT REORGANIZATION AND PROFESSIONAL REGULATION",PENDING IN THE COMMITTEE
Senate Bill No. 329,16th Congress (July 2013 - 2016),https://ldr.senate.gov.ph/bills/senate-bill-no-329-16th-congress-republic,MALAMPAYA SOUND PROTECTED LANDSCAPE AND SEASCAPE (MSPLAS) ACT OF 2013,"AN ACT TO ESTABLISHING THE MALAMPAYA SOUND SITUATED IN THE MUNICIPALITIES OF TAYTAY AND SAN VICENTE, PROVINCE OF PALAWAN, AS A PROTECTED AREA UNDER THE CATEGORY OF PROTECTED LANDSCAPE AND SEASCAPE PROVIDING FOR ITS MANAGEMENT AND FOR OTHER PURPOSES","CAYETANO, PIA S.","March 7, 2013",NATIONAL,PROTECTED AREA/PROTECTED LANDSCAPE,ENVIRONMENT AND NATURAL RESOURCES,CONSOLIDATED/SUBSTITUTED IN THE COMMITTEE REPORT
Senate Bill No. 1523,16th Congress (July 2013 - 2016),https://ldr.senate.gov.ph/bills/senate-bill-no-1523-16th-congress-republic,FOLIC ACID PROMOTION AND BIRTH DEFECTS PREVENTION ACT,AN ACT TO PROVIDE FOR A NATIONAL FOLIC ACID EDUCATION PROGRAM TO PREVENT BIRTH DEFECTS,"ESTRADA, JINGGOY E.","April 9, 2013",NATIONAL,FOLIC ACID,HEALTH AND DEMOGRAPHY,PENDING IN THE COMMITTEE
Senate Bill No. 1002,16th Congress (July 2013 - 2016),https://ldr.senate.gov.ph/bills/senate-bill-no-1002-16th-congress-republic,"NATIONAL RESEACH, DEVELOPMENT AND EXTENSION CENTER FOR PINEAPPLE (NRDECP)","AN ACT TO ESTABLISH THE NATIONAL RESEARCH, DEVELOPMENT AND EXTENSION CENTER FOR PINEAPPLE, AUTHORIZING THE APPROPRIATION OF FUNDS THEREFOR, AND FOR OTHER PURPOSES",Antonio F. Trillanes IV,"July 22, 2013",NATIONAL,PINEAPPLE,AGRICULTURE AND FOOD,PENDING IN THE COMMITTEE
Senate Bill No. 161,16th Congress (July 2013 - 2016),https://ldr.senate.gov.ph/bills/senate-bill-no-161-16th-congress-republic,SECURITY OF TENURE FOR CASUAL AND CONTRACTUAL EMPLOYEES,AN ACT PROVIDING FOR SECURITY OF TENURE FOR ALL CASUAL AND CONTRACTUAL EMPLOYEES OF THE GOVERNMENT WHO HAVE RENDERED THE PRESCRIBED YEARS OF SERVICE IN THE NATIONAL GOVERNMENT AGENCIES AND THE LOCAL GOVERNMENT UNITS AND FOR OTHER PURPOSES,Antonio F. Trillanes IV,"January 7, 2013",NATIONAL,SECURITY OF TENURE CASUAL/CONTRACTUAL EMPLOYEES,"CIVIL SERVICE, GOVERNMENT REORGANIZATION AND PROFESSIONAL REGULATION","PENDING SECOND READING, SPECIAL ORDER"
Senate Bill No. 653,16th Congress (July 2013 - 2016),https://ldr.senate.gov.ph/bills/senate-bill-no-653-16th-congress-republic,INFANT MORTALITY INITIATIVE ACT OF 2013,AN ACT TO ESTABLISH AN INFANT MORTALITY PROGRAM TO REDUCE THE RATE OF INFANT MORTALITY IN THE COUNTRY PROVIDING FUNDS THEREFOR AND FOR OTHER PURPOSES,Antonio F. Trillanes IV,"August 7, 2013",NATIONAL,INFANT MORTALITY PROGRAM,HEALTH AND DEMOGRAPHY,PENDING IN THE COMMITTEE
Senate Bill No. 1841,16th Congress (July 2013 - 2016),https://ldr.senate.gov.ph/bills/senate-bill-no-1841-16th-congress-republic,ANTI-ANIMAL CRUSH VIDEOS ACT,AN ACT PENALIZING THE CREATION AND DISTRIBUTION OF ANIMAL CRUSH VIDEOS,Miriam Defensor Santiago,"October 14, 2013",NATIONAL,ANIMAL WELFARE,PUBLIC INFORMATION AND MASS MEDIA,PENDING IN THE COMMITTEE
Senate Bill No. 227,16th Congress (July 2013 - 2016),https://ldr.senate.gov.ph/bills/senate-bill-no-227-16th-congress-republic,ANTI-CORPORAL PUNISHMENT ACT OF 2013,"AN ACT PROHIBITING ALL FORMS OF CORPORAL PUNISHMENT AND ALL OTHER FORMS OF HUMILIATING OR DEGRADING PUNISHMENT OF CHILDREN AND PROMOTING POSITIVE AND NON-VIOLENT DISCIPLINE OF CHILDREN, APPROPRIATING FUNDS THEREFOR, AND FOR OTHER PURPOSES","BINAY, MARIA LOURDES NANCY S.","January 7, 2013",NATIONAL,CORPORAL PUNISHMENT,"WOMEN, CHILDREN, FAMILY RELATIONS AND GENDER EQUALITY",PENDING IN THE COMMITTEE
Senate Bill No. 1282,16th Congress (July 2013 - 2016),https://ldr.senate.gov.ph/bills/senate-bill-no-1282-16th-congress-republic,TULONG KABATAAN SA AGRIKULTURA AT KABUHAYAN ACT OF 2013,"AN ACT TO ENCOURAGE YOUTH SECTOR OPPORTUNITIES IN AGRICULTURE, ESTABLISHING FOR THE PURPOSE A 'TULONG KABATAAN SA AGRIKULTURA AT KABUHAYAN PROGRAM', AND FOR OTHER PURPOSES","POE, GRACE","August 14, 2013",NATIONAL,livelihood YOUTH,AGRICULTURE AND FOOD,PENDING IN THE COMMITTEE
Senate Bill No. 687,16th Congress (July 2013 - 2016),https://ldr.senate.gov.ph/bills/senate-bill-no-687-16th-congress-republic,PHILIPPINE INFORMATION AGENCY,"AN ACT STRENGTHENING THE PHILIPPINE INFORMATION AGENCY, AMENDING FOR THIS PURPOSE EXECUTIVE ORDER NO. 100 ALSO KNOWN AS 'CREATING THE PHILIPPINE INFORMATION AGENCY' BY PROVIDING AN ADDITIONAL FUNCTION, ESTABLISHING A NATIONWIDE WELFARE FUND AND FOR OTHER PURPOSES","LEGARDA, LOREN B.","September 7, 2013",NATIONAL,PHILIPPINE INFORMATION AGENCY,PUBLIC INFORMATION AND MASS MEDIA,PENDING IN THE COMMITTEE
Senate Bill No. 1905,16th Congress (July 2013 - 2016),https://ldr.senate.gov.ph/bills/senate-bill-no-1905-16th-congress-republic,TAX DEDUCTIONS TO PARENTS/LEGAL GUARDIANS OF CHILDREN WITH SPECIAL NEEDS,AN ACT GRANTING TAX DEDUCTIONS TO PARENTS AND LEGAL GUARDIANS OF CHILDREN WITH SPECIAL NEEDS,"EJERCITO, JOSEPH VICTOR G.","May 11, 2013",NATIONAL,CHILDREN WITH SPECIAL NEEDS TAXES/TAXATION,WAYS AND MEANS,PENDING IN THE COMMITTEE
Senate Bill No. 1597,16th Congress (July 2013 - 2016),https://ldr.senate.gov.ph/bills/senate-bill-no-1597-16th-congress-republic,MILITARY REAL ESTATE DEVELOPMENT ACT,"AN ACT AUTHORIZING THE DISPOSAL AND/OR COMMERCIAL DEVELOPMENT OF CERTAIN MILITARY CAMPS AND RESERVATIONS, CREATING FOR THE PURPOSE THE MILITARY REAL ESTATE DEVELOPMENT AUTHORITY, APPROPRIATING FUNDS THEREFOR, AND FOR OTHER PURPOSES","ESTRADA, JINGGOY E.","October 9, 2013",NATIONAL,MILITARY REAL ESTATE DEVELOPMENT AUTHORITY ARMED FORCES OF THE PHILIPPINES (AFP),GOVERNMENT CORPORATIONS AND PUBLIC ENTERPRISES,PENDING IN THE COMMITTEE
Senate Bill No. 1036,16th Congress (July 2013 - 2016),https://ldr.senate.gov.ph/bills/senate-bill-no-1036-16th-congress-republic,USE OF SEWEGE SLUDGE FERTILIZER IN FOOD AWARENESS ACT,AN ACT REQUIRING THE PROPER LABELING OF FOOD PRODUCED FROM THE USE OF FERTILIZER MADE FROM RECYCLED SEWAGE SLUDGE,Miriam Defensor Santiago,"July 22, 2013",NATIONAL,FERTILIZER FOOD PRODUCTS LABEL,"TRADE, COMMERCE AND ENTREPRENEURSHIP",PENDING IN THE COMMITTEE
Senate Bill No. 1661,16th Congress (July 2013 - 2016),https://ldr.senate.gov.ph/bills/senate-bill-no-1661-16th-congress-republic,REPRESENTATIVE OF THE PRIVATE SECTOR IN THE BOARD OF DIRECTORS OF THE NIA,"AN ACT PROVIDING FOR THE INCLUSION OF A REPRESENTATIVE OF THE PRIVATE SECTOR IN THE BOARD OF DIRECTORS OF THE NATIONAL IRRIGATION ADMINISTRATION, AMENDING FOR THE PURPOSE REPUBLIC ACT NO. 3601, AS AMENDED, AND FOR OTHER PURPOSES","ESTRADA, JINGGOY E.","September 16, 2013",NATIONAL,NATIONAL IRRIGATION ADMINISTRATION private sector,AGRICULTURE AND FOOD,PENDING IN THE COMMITTEE
Senate Bill No. 11,16th Congress (July 2013 - 2016),https://ldr.senate.gov.ph/bills/senate-bill-no-11-16th-congress-republic,CYBERCRIME,"AN ACT AMENDING SECTION 6 OF REPUBLIC ACT 10175 OTHERWISE KNOWN AS AN ACT DEFINING CRYBERCRIME, PROVIDING FOR THE PREVENTION, INVESTIGATION AND IMPOSITION OF PENALTIES THEREFOR AND FOR OTHER PURPOSES","Ferdinand ""Bongbong"" R. Marcos, Jr.","January 7, 2013",NATIONAL,CYBERCRIME,SCIENCE AND TECHNOLOGY,PENDING IN THE COMMITTEE
Senate Bill No. 69,16th Congress (July 2013 - 2016),https://ldr.senate.gov.ph/bills/senate-bill-no-69-16th-congress-republic,MERCURY HEALTH ADVISORY ACT,"AN ACT PROVIDING THE PUBLIC WITH ADEQUATE NOTICE AND EDUCATION ON THE EFFECTS OF EXPOSURE TO MERCURY THROUGH THE DEVELOPMENT OF HEALTH ADVISORIES AND BY REQUIRING THAT SUCH APPROPRIATE ADVISORIES BE POSTED, OR MADE READILY AVAILABLE, AT ALL BUSINESSES THAT SELL FRESH, FROZEN, AND CANNED FISH AND SEAFOOD WHERE THE POTENTIAL FOR MERCURY EXPOSURE EXISTS","EJERCITO, JOSEPH VICTOR G.","January 7, 2013",NATIONAL,MERCURY HEALTH ADVISORY,HEALTH AND DEMOGRAPHY,PENDING IN THE COMMITTEE
Senate Bill No. 1354,16th Congress (July 2013 - 2016),https://ldr.senate.gov.ph/bills/senate-bill-no-1354-16th-congress-republic,INFLUENZA IMMUNIZATION,"AN ACT PROVIDING FOR INFLUENZA IMMUNIZATION, EDUCATION, AND OUTREACH FOR CHILDREN",Miriam Defensor Santiago,"August 22, 2013",NATIONAL,INFLUENZA,HEALTH AND DEMOGRAPHY,PENDING IN THE COMMITTEE
Senate Bill No. 791,16th Congress (July 2013 - 2016),https://ldr.senate.gov.ph/bills/senate-bill-no-791-16th-congress-republic,NIGHT SHIFT DIFFERENTIAL PAY TO GOVERNMENT EMPLOYEES,AN ACT GRANTING NIGHT SHIFT DIFFERENTIAL PAY TO THE GOVERNMENT EMPLOYEES INCLUDING THOSE IN GOVERNMENT-OWNED OR CONTROLLED CORPORATIONS AND APPROPRIATING FUNDS THEREFOR,Antonio F. Trillanes IV,"July 16, 2013",NATIONAL,NIGHT SHIFT WORKER GOVERNMENT EMPLOYEES GOVERNMENT-OWNED AND-CONTROLLED CORPORATIONS (GOCC),"CIVIL SERVICE, GOVERNMENT REORGANIZATION AND PROFESSIONAL REGULATION",PENDING IN THE COMMITTEE
Senate Bill No. 1979,16th Congress (July 2013 - 2016),https://ldr.senate.gov.ph/bills/senate-bill-no-1979-16th-congress-republic,"AMENDING ART. 178, REVISED PENAL CODE (USE OF FICTITIOUS AND CONCEALING TRUE NAME)","AN ACT AMENDING ARTICLE 178 OF THE REVISED PENAL CODE (ACT NO. 3815, AS AMENDED) BY INCREASING THE PENALTY PROVIDED THEREFOR AND FOR OTHER PURPOSES","ESTRADA, JINGGOY E.","November 27, 2013",NATIONAL,REVISED PENAL CODE (R.A. NO. 3815) FICTITIOUS NAME,JUSTICE AND HUMAN RIGHTS,PENDING IN THE COMMITTEE
Senate Bill No. 1417,16th Congress (July 2013 - 2016),https://ldr.senate.gov.ph/bills/senate-bill-no-1417-16th-congress-republic,EARLY RETIREMENT AND VOLUNTARY SEPARATION,"AN ACT PROVIDING EARLY RETIREMENT AND VOLUNTARY SEPARATION FROM THE GOVERNMENT SERVICE, PROVIDING A SYSTEM OF FUNDING THEREFOR, AND FOR OTHER PURPOSES","ESTRADA, JINGGOY E.","August 29, 2013",NATIONAL,EARLY RETIREMENT,"CIVIL SERVICE, GOVERNMENT REORGANIZATION AND PROFESSIONAL REGULATION",PENDING IN THE COMMITTEE
Senate Bill No. 2043,16th Congress (July 2013 - 2016),https://ldr.senate.gov.ph/bills/senate-bill-no-2043-16th-congress-republic,MARITIME INDUSTRY AUTHORITY (MARINA),"AN ACT ESTABLISHING THE MARITIME INDUSTRY AUTHORITY (MARINA) AS THE SINGLE MARITIME ADMINISTRATION RESPONSIBLE FOR THE IMPLEMENTATION AND ENFORCEMENT OF THE INTERNATIONAL CONVENTION ON THE STANDARDS OF TRAINING, CERTIFICATION, AND WATCHKEEPING FOR SEAFARERS, AS AMENDED, AND INTERNATIONAL AGREEMENTS OR COVENANTS RELATED THERETO",Franklin M. Drilon,"December 16, 2013",NATIONAL,MARITIME INDUSTRY AUTHORITY (MARINA) SEAFARERS,"CIVIL SERVICE, GOVERNMENT REORGANIZATION AND PROFESSIONAL REGULATION",APPROVED BY THE PRESIDENT OF THE PHILIPPINES
Senate Bill No. 1110,16th Congress (July 2013 - 2016),https://ldr.senate.gov.ph/bills/senate-bill-no-1110-16th-congress-republic,"DOWNSTREAM OIL INDUSTRY DEREGULATION ACT, AMENDMENT RE LPG","AN ACT AMENDING REPUBLIC ACT NO. 8679, OTHERWISE KNOWN AS THE DOWNSTREAM OIL INDUSTRY DEREGULATION ACT OF 1998",Miriam Defensor Santiago,"July 25, 2013",NATIONAL,DOWNSTREAM OIL INDUSTRY DEREGULATION ACT (R.A.NO. 8479) Liquefied Petroleum Gas (LPG) DEPARTMENT OF ENERGY (DOE),ENERGY,PENDING IN THE COMMITTEE
Senate Bill No. 1735,16th Congress (July 2013 - 2016),https://ldr.senate.gov.ph/bills/senate-bill-no-1735-16th-congress-republic,FREE COMMUNICATIONS ACT,"AN ACT PROVIDING FOR FREE COMMUNICATION BY PROHIBITING CENSORSHIP IN ALL FORMS OF MEDIA THAT INTERFERES WITH THE RIGHTS OF FREE SPEECH, FREE PRESS, AND FREE EXPRESSION",Miriam Defensor Santiago,"September 26, 2013",NATIONAL,FREEDOM OF EXPRESSION MEDIA PRACTITIONERS,PUBLIC INFORMATION AND MASS MEDIA,PENDING IN THE COMMITTEE
Senate Bill No. 1173,16th Congress (July 2013 - 2016),https://ldr.senate.gov.ph/bills/senate-bill-no-1173-16th-congress-republic,ARMED FORCES OF THE PHILIPPINES PEACEKEEPING.EXPEDITIONARY CONTINGENT/FORCE LAW OF 2013,AN ACT PRESCRIBING RATES OF PAY AND ALLOWANCES FOR OFFICERS AND ENLISTED PERSONNEL OF THE ARMED FORCES OF THE PHILIPPINES (AFP) WHILE ON OVERSEAS DUTY WITH A PHILIPPINE EXPEDITIONARY OR PEACEKEEPING CONTINGENT PURSUANT TO A PHILIPPINE COOPERATIVE COMMITMENT TO A UNITED NATIONS SANCTION OR POLICY AND FOR OTHER PURPOSES,Antonio F. Trillanes IV,"July 30, 2013",NATIONAL,ARMED FORCES OF THE PHILIPPINES (AFP),NATIONAL DEFENSE AND SECURITY,PENDING IN THE COMMITTEE
Senate Bill No. 1799,16th Congress (July 2013 - 2016),https://ldr.senate.gov.ph/bills/senate-bill-no-1799-16th-congress-republic,MAGNA CARTA FOR HOMEOWNERS' ASSOCIATIONS,AN ACT PROVIDING FOR A MAGNA CARTA FOR HOMEOWNERS' ASSOCIATIONS,Miriam Defensor Santiago,"March 10, 2013",NATIONAL,N/A,N/A,WITHDRAWN
Senate Bill No. 865,16th Congress (July 2013 - 2016),https://ldr.senate.gov.ph/bills/senate-bill-no-865-16th-congress-republic,ANTI DIAL-A-PORN ACT,AN ACT DECLARING UNLAWFUL THE COMMERCIAL USE OF TELEPHONES FOR MAKING INDECENT OR OBSCENE COMMUNICATIONS AND PROVIDING PENALTIES THEREFOR,"ESTRADA, JINGGOY E.","July 17, 2013",NATIONAL,ANTI DIAL-A-PORN,PUBLIC SERVICES,PENDING IN THE COMMITTEE
Senate Bill No. 283,16th Congress (July 2013 - 2016),https://ldr.senate.gov.ph/bills/senate-bill-no-283-16th-congress-republic,NATIONAL STUDENT LOAN PROGRAM FOR THE POOR ACT OF 2013,"AN ACT CREATING A NATIONAL STUDENT LOAN BOARD TO IMPLEMENT A NATIONAL STUDENT LOAN PROGRAM FOR THE POOR, DEFINING ITS IMPLEMENTING GUIDELINES, RULES AND REGULATIONS AND APPROPRIATING FUNDS THEREFOR","REVILLA JR., RAMON BONG","February 7, 2013",NATIONAL,STUDENT LOAN PROGRAM,"EDUCATION, ARTS AND CULTURE",CONSOLIDATED/SUBSTITUTED IN THE COMMITTEE REPORT
Senate Bill No. 1491,16th Congress (July 2013 - 2016),https://ldr.senate.gov.ph/bills/senate-bill-no-1491-16th-congress-republic,INCOME REQUIREMENTS FOR THE CONVERSION OF A MUNICIPALITY INTO A COMPONENT CITY,"AN ACT EXEMPTING FROM THE POPULATION AND THE LAND AREA REQUIREMENTS THE CONVERSION OF A MUNICIPALITY INTO A COMPONENT CITY IF IT HAS A LOCALLY GENERATED AVERAGE ANNUAL INCOME OF AT LEAST FIVE HUNDRED MILLION PESOS (500,000,000.00), AMENDING FOR THE PURPOSE SECTION 450 OF REPUBLIC ACT NO. 7160, AS AMENDED, OTHERWISE KNOWN AS THE LOCAL GOVERNMENT CODE OF 1991","EJERCITO, JOSEPH VICTOR G.","March 9, 2013",NATIONAL,"MUNICIPALITY, CONVERSION (CITYHOOD) INCOME REQUIREMENT (CITYHOOD, CREATION OF MUNICIPALITY/PROVINCE)",LOCAL GOVERNMENT,CONSOLIDATED/SUBSTITUTED IN THE COMMITTEE REPORT
Senate Bill No. 929,16th Congress (July 2013 - 2016),https://ldr.senate.gov.ph/bills/senate-bill-no-929-16th-congress-republic,AIRLINE PERSONNEL TRAINING ENHANCEMENT ACT OF 2013,"AN ACT REQUIRING AIRLINE CARRIERS TO PROVIDE TRAINING TO FLIGHT ATTENDANTS AND GATE ATTENDANTS REGARDING THE SERVICE OF ALCOHOL, THE RECOGNITION OF INTOXICATED PASSENGERS, AND THE MANNER OF ENGAGING DISRUPTIVE PASSENGERS, AND FOR OTHER PURPOSES","LAPID, MANUEL ""LITO"" M.","July 18, 2013",NATIONAL,AIRLINE PERSONNEL,PUBLIC SERVICES,PENDING IN THE COMMITTEE
Senate Bill No. 1555,16th Congress (July 2013 - 2016),https://ldr.senate.gov.ph/bills/senate-bill-no-1555-16th-congress-republic,TEACHING PROFESSION ACT,AN ACT ESTABLISHING NATIONAL TEACHER ACADEMIES IN ORDER TO ENCOURAGE AND FACILITATE ENTRY INTO THE TEACHING PROFESSION,"ESTRADA, JINGGOY E.","May 9, 2013",NATIONAL,TEACHERS,"EDUCATION, ARTS AND CULTURE",PENDING IN THE COMMITTEE
Senate Bill No. 619,16th Congress (July 2013 - 2016),https://ldr.senate.gov.ph/bills/senate-bill-no-619-16th-congress-republic,MODERNIZING AGRICULTURE,"AN ACT MODERNIZING AGRICULTURE, PROVIDING FUNDS FROM THE ANNUAL VALUE-ADDED TAX COLLECTIONS, AMENDING FOR THE PURPOSE THE NATIONAL INTERNAL REVENUE CODE OF 1997, AS AMENDED",Ralph G. Recto,"August 7, 2013",NATIONAL,NATIONAL INTERNAL REVENUE CODE (NIRC) VALUE-ADDED TAX (VAT),WAYS AND MEANS,PENDING IN THE COMMITTEE
Senate Bill No. 1247,16th Congress (July 2013 - 2016),https://ldr.senate.gov.ph/bills/senate-bill-no-1247-16th-congress-republic,SITING OF LANDFILLS/GARBAGE DUMPS NEAR EDUCATIONAL FACILITIES BAN,AN ACT PROHIBITING LANDFILLS/GARBAGE DUMPS NEAR EDUCATIONAL FACILITIES,Miriam Defensor Santiago,"August 8, 2013",NATIONAL,GARBAGE,ENVIRONMENT AND NATURAL RESOURCES,PENDING IN THE COMMITTEE
Senate Bill No. 877,16th Congress (July 2013 - 2016),https://ldr.senate.gov.ph/bills/senate-bill-no-877-16th-congress-republic,FARMERS' AND FISHERFOLK ASSISTANCE ACT OF 2013,AN ACT INSTITUTING THE FARMERS' AND FISHERFOLK ASSISTANCE ACT OF 2013 AND FOR OTHER PURPOSES,"ESTRADA, JINGGOY E.","July 17, 2013",NATIONAL,FARMERS/FISHERFOLK,AGRICULTURE AND FOOD,PENDING IN THE COMMITTEE
Senate Bill No. 1229,16th Congress (July 2013 - 2016),https://ldr.senate.gov.ph/bills/senate-bill-no-1229-16th-congress-republic,SUGAR CANE INDUSTRY DEVELOPMENT ACT OF 2013,"AN ACT STRENGTHENING THE SUGAR CANE INDUSTRY BY ESTABLISHING THE SUGAR CANE INDUSTRY DEVELOPMENT FUND, PROVIDING FUNDS THEREFORE AND FOR OTHER PURPOSES","EJERCITO, JOSEPH VICTOR G.","June 8, 2013",NATIONAL,SUGAR CANE INDUSTRY,AGRICULTURE AND FOOD,CONSOLIDATED/SUBSTITUTED IN THE COMMITTEE REPORT
Senate Bill No. 295,16th Congress (July 2013 - 2016),https://ldr.senate.gov.ph/bills/senate-bill-no-295-16th-congress-republic,NO FILIPINO CHILD LEFT BEHIND ACT,AN ACT ENSURING THE FULL REALIZATION OF THE CONSTITUTIONAL RIGHT OF ALL CITIZENS TO QUALITY EDUCATION ORDAINING FOR THE PURPOSE A NO FILIPINO CHILD LEFT BEHIND ACT,"VILLAR, CYNTHIA A.","February 7, 2013",NATIONAL,NO FILIPINO LEFT BEHIND ACT,"EDUCATION, ARTS AND CULTURE",PENDING IN THE COMMITTEE
Senate Bill No. 1855,16th Congress (July 2013 - 2016),https://ldr.senate.gov.ph/bills/senate-bill-no-1855-16th-congress-republic,LOAN ELECTION BAN OF 2013,AN ACT PROHIBITING LOCAL GOVERNMENT UNITS FROM APPLYING FOR LOANS TO FINANCE INFRASTRUCTURE PROJECTS AND LENDING INSTITUTIONS FROM APPROVING IT OR RELEASING THE PROCEEDS ONE YEAR BEFORE ELECTIONS,"EJERCITO, JOSEPH VICTOR G.","October 16, 2013",NATIONAL,LOCAL GOVERNMENT UNITS (LGUs) ELECTIONS/ELECTORAL REFORMS,LOCAL GOVERNMENT,PENDING IN THE COMMITTEE
Senate Bill No. 941,16th Congress (July 2013 - 2016),https://ldr.senate.gov.ph/bills/senate-bill-no-941-16th-congress-republic,"THE P6,000 INCREASE IN THE MINIMUM PAY ACT OF 2013","AN ACT PROVIDING FOR P6,000 INCREASE IN THE MINIMUM PAY OF EMPLOYEES AND WORKERS IN THE PUBLIC SECTOR NATIONWIDE AND FOR OTHER PURPOSE","REVILLA JR., RAMON BONG","July 18, 2013",NATIONAL,WAGE INCREASE/SALARY INCREASE GOVERNMENT EMPLOYEES,FINANCE,PENDING IN THE COMMITTEE
Senate Bill No. 1293,16th Congress (July 2013 - 2016),https://ldr.senate.gov.ph/bills/senate-bill-no-1293-16th-congress-republic,COMPETITION ACT OF 2013,"AN ACT PENALIZING ANTI-COMPETITIVE CONDUCT, ABUSE OR DOMINANCE, AND ANTI-COMPETITIVE MERGERS, ESTABLISHING FOR THE PURPOSE AN OFFICE FOR COMPETITION UNDER THE DEPARTMENT OF JUSTICE, APPROPRIATING FUNDS THEREFOR, AND FOR OTHER PURPOSES","ESTRADA, JINGGOY E.","August 15, 2013",NATIONAL,COMPETITION ACT DEPARTMENT OF JUSTICE (DOJ),"TRADE, COMMERCE AND ENTREPRENEURSHIP",CONSOLIDATED/SUBSTITUTED IN THE COMMITTEE REPORT
Senate Bill No. 1919,16th Congress (July 2013 - 2016),https://ldr.senate.gov.ph/bills/senate-bill-no-1919-16th-congress-republic,FOLIC ACID PROMOTION AND BIRTH DEFECTS PREVENTION ACT,AN ACT PROVIDING FOR A NATIONAL FOLIC ACID EDUCATION PROGRAM TO PREVENT BIRTH DEFECTS,Miriam Defensor Santiago,"November 14, 2013",NATIONAL,FOLIC ACID,HEALTH AND DEMOGRAPHY,PENDING IN THE COMMITTEE
Senate Bill No. 7,16th Congress (July 2013 - 2016),https://ldr.senate.gov.ph/bills/senate-bill-no-7-16th-congress-republic,NATIONAL LAND USE ACT (NALUPA) OF 2013,"AN ACT INSTITUTING A NATIONAL LAND USE POLICY, PROVIDING THE IMPLEMENTING MECHANISMS THEREFOR, AND FOR OTHER PURPOSES","LEGARDA, LOREN B.","January 7, 2013",NATIONAL,NATIONAL LAND USE ACT,ENVIRONMENT AND NATURAL RESOURCES,PENDING IN THE COMMITTEE
Senate Bill No. 104,16th Congress (July 2013 - 2016),https://ldr.senate.gov.ph/bills/senate-bill-no-104-16th-congress-republic,MALUNGGAY DEVELOPMENT ACT OF 2013,"AN ACT TO PROMOTE THE PRODUCTION, PROCESSING, MARKETING AND DISTRIBUTION OF MORINGA OLEIFERA LAMK, OTHERWISE KNOWN AS MALUNGGAY, MANDATING THE CREATION OF A FRAMEWORK FOR DEVELOPMENT PLAN, PROVIDING FUNDS THEREFOR, AND FOR OTHER PURPOSES","LEGARDA, LOREN B.","January 7, 2013",NATIONAL,MALUNGGAY,AGRICULTURE AND FOOD,PENDING IN THE COMMITTEE
Senate Bill No. 635,16th Congress (July 2013 - 2016),https://ldr.senate.gov.ph/bills/senate-bill-no-635-16th-congress-republic,MARINE POLLUTION,AN ACT INCREASING THE PENALTY IMPOSED AGAINST POLLUTERS OF NAVIGABLE WATERS BY AMENDING SECTION 7 OF PRESIDENTIAL DECREE NO. 979 PROVIDING FOR THE REVISION OF PRESIDENTIAL DECREE NO. 600 GOVERNING MARINE POLLUTION,Antonio F. Trillanes IV,"August 7, 2013",NATIONAL,MARINE POLLUTION,ENVIRONMENT AND NATURAL RESOURCES,PENDING IN THE COMMITTEE
Senate Bill No. 963,16th Congress (July 2013 - 2016),https://ldr.senate.gov.ph/bills/senate-bill-no-963-16th-congress-republic,INTERNAL AUDITING ACT,"AN ACT FURTHER AMENDING SECTIONS THREE AND FOUR OF REPUBLIC ACT NO. 3456, AS AMENDED BY REPUBLIC ACT NO. 1177, OTHERWISE KNOWN AS THE INTERNAL AUDITING ACT OF 1962","ESTRADA, JINGGOY E.","July 22, 2013",NATIONAL,INTERNAL AUDITING COMMISSION ON AUDIT (COA),FINANCE,"PENDING SECOND READING, ORDINARY BUSINESS"
Senate Bill No. 1611,16th Congress (July 2013 - 2016),https://ldr.senate.gov.ph/bills/senate-bill-no-1611-16th-congress-republic,"AMENDING ART. 177, REVISED PENAL CODE (USURPATION OF AUTHORITY)","AN ACT AMENDING ARTICLE 177 OF ACT NO. 3815 AS AMENDED, OTHERWISE KNOWN AS THE REVISED PENAL CODE","ESTRADA, JINGGOY E.","October 9, 2013",NATIONAL,REVISED PENAL CODE (R.A. NO. 3815),JUSTICE AND HUMAN RIGHTS,PENDING IN THE COMMITTEE
Senate Bill No. 725,16th Congress (July 2013 - 2016),https://ldr.senate.gov.ph/bills/senate-bill-no-725-16th-congress-republic,MICROBICIDES DEVELOPMENT ACT,AN ACT TO FACILITATE THE DEVELOPMENT OF MICROBICIDES TO PREVENT SEXUALLY TRANSMITTED DISEASES,Miriam Defensor Santiago,"July 15, 2013",NATIONAL,MICROBICIDES SEXUALLY TRANSMITTED DISEASE (STD),HEALTH AND DEMOGRAPHY,PENDING IN THE COMMITTEE
Senate Bill No. 1045,16th Congress (July 2013 - 2016),https://ldr.senate.gov.ph/bills/senate-bill-no-1045-16th-congress-republic,TURTLE ISLANDS WILDLIFE SANCTUARY ACT OF 2013,"AN ACT ESTABLISHING TURTLE ISLANDS WILDLIFE SANCTUARY IN THE PROVINCE OF TAWI-TAWI AS PROTECTED AREA, PROVIDING FOR ITS MANAGEMENT AND FOR OTHER PURPOSES","CAYETANO, PIA S.","July 23, 2013",NATIONAL,WILDLIFE PROTECTED AREA/PROTECTED LANDSCAPE,ENVIRONMENT AND NATURAL RESOURCES,CONSOLIDATED/SUBSTITUTED IN THE COMMITTEE REPORT
Senate Bill No. 1675,16th Congress (July 2013 - 2016),https://ldr.senate.gov.ph/bills/senate-bill-no-1675-16th-congress-republic,COMPREHENSIVE COMELEC REPORT ACT,AN ACT PROVIDING FOR THE MINIMUM CONTENTS OF A COMPREHENSIVE REPORT OF ELECTIONS TO THE PRESIDENT AND TO CONGRESS BY THE COMMISSION ON ELECTIONS,"ESTRADA, JINGGOY E.","September 16, 2013",NATIONAL,COMMISSION ON ELECTION (COMELEC),ELECTORAL REFORMS AND PEOPLES PARTICIPATION,CONSOLIDATED/SUBSTITUTED IN THE COMMITTEE REPORT
Senate Bill No. 389,16th Congress (July 2013 - 2016),https://ldr.senate.gov.ph/bills/senate-bill-no-389-16th-congress-republic,UNIVERSAL PREKINDERGARTEN ACT,"AN ACT DIRECTING THE DEPARTMENT OF EDUCATION TO DEVELOP A UNIVERSAL PREKINDERGARTEN PROGRAM TO ENSURE THAT ALL CHILDREN THREE, FOUR, AND FIVE YEARS OLD HAVE ACCESS TO HIGH-QUALITY FULL-DAY, FULL-CALENDAR-YEAR PREKINDERGARTEN EDUCATION",Miriam Defensor Santiago,"March 7, 2013",NATIONAL,"DEPARTMENT OF EDUCATION, CULTURE AND SPORTS (DEPED) PREKINDERGARTEN EDUCATION","EDUCATION, ARTS AND CULTURE",PENDING IN THE COMMITTEE
Senate Bill No. 1368,16th Congress (July 2013 - 2016),https://ldr.senate.gov.ph/bills/senate-bill-no-1368-16th-congress-republic,OCCUPATIONAL SAFETY AND HEALTH IN THE CONSTRUCTION INDUSTRY ACT,AN ACT TO GOVERN OCCUPATIONAL SAFETY AND HEALTH IN THE CONSTRUCTION INDUSTRY,"ESTRADA, JINGGOY E.","August 28, 2013",NATIONAL,OCCUPATIONAL SAFETY CONSTRUCTION INDUSTRY,"LABOR, EMPLOYMENT AND HUMAN RESOURCES DEVELOPMENT",PENDING IN THE COMMITTEE
Senate Bill No. 466,16th Congress (July 2013 - 2016),https://ldr.senate.gov.ph/bills/senate-bill-no-466-16th-congress-republic,AFP MODERNIZATION PROGRAM,"AN ACT PROVIDING ADDITIONAL FUNDS FOR THE REVISED AFP MODERNIZATION PROGRAM, EARMARKING THE NATIONAL GOVERNMENT SHARE IN THE MALAMPAYA NATURAL GAS TO POWER (MNGP) PROJECT FOR SUCH PURPOSE, THEREBY AMENDING REPUBLIC ACT NO. 7898, AS AMENDED BY REPUBLIC ACT NO. 10349",Ralph G. Recto,"April 7, 2013",NATIONAL,ARMED FORCES OF THE PHILIPPINES (AFP) MALAMPAYA NATURAL GAS PROJECT NATIONAL POWER CORPORATION (NAPOCOR),FINANCE,"PENDING SECOND READING, ORDINARY BUSINESS"
Senate Bill No. 1993,16th Congress (July 2013 - 2016),https://ldr.senate.gov.ph/bills/senate-bill-no-1993-16th-congress-republic,FRANKING PRIVILEGE REGULATION ACT,AN ACT REGULATING THE USE OF FRANKING PRIVILEGES BY THE MEMBERS OF THE SENATE AND THE HOUSE OF REPRESENTATIVES,Miriam Defensor Santiago,"March 12, 2013",NATIONAL,FRANKING PRIVILEGE SENATE OF THE PHILIPPINES,PUBLIC SERVICES,PENDING IN THE COMMITTEE
Senate Bill No. 1431,16th Congress (July 2013 - 2016),https://ldr.senate.gov.ph/bills/senate-bill-no-1431-16th-congress-republic,AFP RETIREMENT AND DISABILITY BENEFITS UPGRADE ACT,AN ACT UPGRADING THE RETIREMENT AND DISABILITY BENEFITS OF MILITARY PERSONNEL,Miriam Defensor Santiago,"August 29, 2013",NATIONAL,ARMED FORCES OF THE PHILIPPINES (AFP),NATIONAL DEFENSE AND SECURITY,PENDING IN THE COMMITTEE
Senate Bill No. 771,16th Congress (July 2013 - 2016),https://ldr.senate.gov.ph/bills/senate-bill-no-771-16th-congress-republic,HIGH-SCHOOL REFORM ACT,AN ACT INTRODUCING EDUCATIONAL REFORMS AND SUPPORTING THE PLANNING AND IMPLEMENTATION OF EDUCATIONAL REFORMS IN SECONDARY INSTITUTIONS,"ESTRADA, JINGGOY E.","July 15, 2013",NATIONAL,HIGH SCHOOL REFORM,"EDUCATION, ARTS AND CULTURE",PENDING IN THE COMMITTEE
Senate Bill No. 1114,16th Congress (July 2013 - 2016),https://ldr.senate.gov.ph/bills/senate-bill-no-1114-16th-congress-republic,REGULATING AGGRESSIVE DRIVING,AN ACT REGULATING AGGRESSIVE DRIVING,Miriam Defensor Santiago,"July 25, 2013",NATIONAL,DRIVING BEHAVIOR,PUBLIC SERVICES,PENDING IN THE COMMITTEE
Senate Bill No. 1749,16th Congress (July 2013 - 2016),https://ldr.senate.gov.ph/bills/senate-bill-no-1749-16th-congress-republic,"LEAD EVALUATION, ABATEMENT, AND DETECTION CENTER ACT",AN ACT TO PROVIDE ASSISTANCE FOR START-UP COSTS OF COMMUNITY PROGRAMS TO PREVENT RESIDENTIAL LEAD-BASED POISONING IN CHILDREN,Miriam Defensor Santiago,"February 10, 2013",NATIONAL,LEAD CONTENT CHILDREN/CHILD CARE,HEALTH AND DEMOGRAPHY,PENDING IN THE COMMITTEE
Senate Bill No. 400,16th Congress (July 2013 - 2016),https://ldr.senate.gov.ph/bills/senate-bill-no-400-16th-congress-republic,BIKE-FRIENDLY COMMUNITIES ACT,AN ACT TO PROMOTE THE USE OF BICYCLES AS AN ALTERNATIVE MODE OF TRANSPORTATION AND ESTABLISH BIKE-FRIENDLY COMMUNITIES,Miriam Defensor Santiago,"March 7, 2013",NATIONAL,BICYCLE TRANSPORTATION,PUBLIC SERVICES,PENDING IN THE COMMITTEE
Senate Bill No. 472,16th Congress (July 2013 - 2016),https://ldr.senate.gov.ph/bills/senate-bill-no-472-16th-congress-republic,SANDIGANBAYAN ASSOSICATE JUSTICES AND DIVISIONS,"AN ACT STREAMLINING THE JURISDICTION OF THE SANDIGANBAYAN AND INCREASING THE NUMBER OF SANDIGANBAYAN ASSOCIATE JUSTICES AND DIVISIONS AND, AMENDING FOR THE PURPOSE PRESIDENTIAL DECREE NO. 1606, AS AMENDED BY REPUBLIC ACT NO. 7975 AND REPUBLIC ACT 8294, AND FOR OTHER PURPOSES","Teofisto ""TG"" D. Guingona III","April 7, 2013",NATIONAL,SANDIGANBAYAN,JUSTICE AND HUMAN RIGHTS,CONSOLIDATED/SUBSTITUTED IN THE COMMITTEE REPORT
Senate Bill No. 154,16th Congress (July 2013 - 2016),https://ldr.senate.gov.ph/bills/senate-bill-no-154-16th-congress-republic,REPEALING CERTAIN SECTIONS OF THE CYBERCRIME PREVENTION ACT (R.A.NO. 10175),"AN ACT AMENDING REPUBLIC ACT NO. 10175, OTHERWISE KNOWN AS THE CYBERCRIME PREVENTION ACT OF 2012","CAYETANO, PIA S.","January 7, 2013",NATIONAL,CYBERCRIME,SCIENCE AND TECHNOLOGY,PENDING IN THE COMMITTEE
Senate Bill No. 782,16th Congress (July 2013 - 2016),https://ldr.senate.gov.ph/bills/senate-bill-no-782-16th-congress-republic,GOVERNMENT PROCUREMENT REFORM ACT,"AN ACT AMENDING SECTION 4 OF REPUBLIC ACT 9184, OTHERWISE KNOWN AS THE 'GOVERNMENT PROCUREMENT REFORM ACT","ESTRADA, JINGGOY E.","July 15, 2013",NATIONAL,Government procurement INTERNATIONAL AGREEMENT,CONSTITUTIONAL AMENDMENTS AND REVISION OF CODES,PENDING IN THE COMMITTEE
Senate Bill No. 1137,16th Congress (July 2013 - 2016),https://ldr.senate.gov.ph/bills/senate-bill-no-1137-16th-congress-republic,TEEN DATING VIOLENCE ACT,"AN ACT MANDATING THE DEPARTMENT OF EDUCATION TO INCLUDE DATING VIOLENCE EDUCATION IN THE PHYSICAL EDUCATION, HEALTH AND MUSIC (PPEHM) CURRICULUM FOR SECONDARY EDUCATION",Miriam Defensor Santiago,"July 29, 2013",NATIONAL,"violence YOUTH CURRICULUM DEPARTMENT OF EDUCATION, CULTURE AND SPORTS (DEPED)","EDUCATION, ARTS AND CULTURE",PENDING IN THE COMMITTEE
Senate Bill No. 220,16th Congress (July 2013 - 2016),https://ldr.senate.gov.ph/bills/senate-bill-no-220-16th-congress-republic,INCREASING PENSIONS UNDER THE SSS,"AN ACT INCREASING PENSIONS UNDER THE SOCIAL SECURITY SYSTEM AMENDING FOR THE PURPOSE SECTION 12 OF REPUBLIC ACT NO. 1161, OTHERWISE KNOWN AS THE SOCIAL SECURITY ACT OF 1997","EJERCITO, JOSEPH VICTOR G.","January 7, 2013",NATIONAL,PENSION SOCIAL SECURITY SYSTEM (SSS),GOVERNMENT CORPORATIONS AND PUBLIC ENTERPRISES,CONSOLIDATED/SUBSTITUTED IN THE COMMITTEE REPORT
Senate Bill No. 1760,16th Congress (July 2013 - 2016),https://ldr.senate.gov.ph/bills/senate-bill-no-1760-16th-congress-republic,SALE OF OVER-THE-COUNTER WEIGHT LOSS SUPPLEMENTS TO MINORS BAN,AN ACT PROHIBITING THE SALE OF OVER-THE-COUNTER WEIGHT LOSS SUPPLEMENTS TO MINORS,Miriam Defensor Santiago,"February 10, 2013",NATIONAL,WEIGHT LOSS SUPPLEMENTS,HEALTH AND DEMOGRAPHY,PENDING IN THE COMMITTEE
Senate Bill No. 846,16th Congress (July 2013 - 2016),https://ldr.senate.gov.ph/bills/senate-bill-no-846-16th-congress-republic,TAX INCENTIVES TO BROADCAST AND PRINT MEDIA,"AN ACT GRANTING TAX INCENTIVES TO BROADCAST AND PRINT MEDIA DEVOTING AIR TIME AND SPACE TO EDUCATIONAL PROGRAMS, AND TO ADVERTISERS OR SPONSORS SUPPORTING SUCH PROGRAMS AND FOR OTHER PURPOSES","ESTRADA, JINGGOY E.","July 17, 2013",NATIONAL,TAX INCENTIVES BROADCAST MEDIA/BROADCASTING SYSTEM,PUBLIC INFORMATION AND MASS MEDIA,PENDING IN THE COMMITTEE
Senate Bill No. 1198,16th Congress (July 2013 - 2016),https://ldr.senate.gov.ph/bills/senate-bill-no-1198-16th-congress-republic,ANTI-POLITICAL RECOMMENDATIONS ACT,"AN ACT TO PROHIBIT THE USE, SOLICITATION, AND OFFER OF RECOMMENDATIONS FOR PURPOSES OF APPOINTMENT, PROMOTION, ASSIGNMENT, TRANSFER, OR DESIGNATION, INTERIM OR OTHERWISE, OF PUBLIC OFFICERS OR EMPLOYEES",Miriam Defensor Santiago,"January 8, 2013",NATIONAL,PUBLIC SOLICITATION,"CIVIL SERVICE, GOVERNMENT REORGANIZATION AND PROFESSIONAL REGULATION",PENDING IN THE COMMITTEE
Senate Bill No. 1824,16th Congress (July 2013 - 2016),https://ldr.senate.gov.ph/bills/senate-bill-no-1824-16th-congress-republic,"LOCAL GOVERNMENT CODE OF 1991 (REPEALING SEC. 17(B), PARAGRAPH 1(V) OF R.A. NO. 7160)","AN ACT REPEALING SECTION 17(B), PARAGRAPH (V) OF REPUBLIC ACT NO. 7160, ALSO KNOWN AS THE LOCAL GOVERNMENT CODE OF 1991, ON THE OBLIGATION OF LOCAL GOVERNMENT UNITS TO MAINTAIN BARANGAY ROADS, BRIDGES AND WATER SUPPLY SYSTEMS",Miriam Defensor Santiago,"March 10, 2013",NATIONAL,LOCAL GOVERNMENT CODE (R.A. NO. 7160) LOCAL GOVERNMENT UNITS (LGUs),LOCAL GOVERNMENT,PENDING IN THE COMMITTEE
Senate Bill No. 581,16th Congress (July 2013 - 2016),https://ldr.senate.gov.ph/bills/senate-bill-no-581-16th-congress-republic,JBC INDEPENDENCE ACT,AN ACT BANNING THE RE-APPOINTMENT OF A REGULAR MEMBER OF THE JUDICIAL AND BAR COUNCIL WHO HAS ALREADY SERVED THE FULL TERM,Miriam Defensor Santiago,"August 7, 2013",NATIONAL,JUDICIAL AND BAR COUNCIL (JBC),JUSTICE AND HUMAN RIGHTS,CONSOLIDATED/SUBSTITUTED IN THE COMMITTEE REPORT
Senate Bill No. 1516,16th Congress (July 2013 - 2016),https://ldr.senate.gov.ph/bills/senate-bill-no-1516-16th-congress-republic,HUMAN RIGHTS TEACHING IN ALL PUBLIC AND PRIVATE SCHOOLS,AN ACT REQUIRING THE TEACHING OF HUMAN RIGHTS AS MANDATORY IN ALL PUBLIC AND PRIVATE SCHOOLS,"ESTRADA, JINGGOY E.","April 9, 2013",NATIONAL,"HUMAN RIGHTS DEPARTMENT OF EDUCATION, CULTURE AND SPORTS (DEPED) CURRICULUM","EDUCATION, ARTS AND CULTURE",PENDING IN THE COMMITTEE
Senate Bill No. 602,16th Congress (July 2013 - 2016),https://ldr.senate.gov.ph/bills/senate-bill-no-602-16th-congress-republic,CREDIT CARD AND OTHER ACCESS DEVICE ACT,AN ACT GOVERNING CREDIT CARD AND OTHER ACCESS DEVICE TRANSACTIONS AND PROVIDING PENALTIES THEREFOR,"ESCUDERO, FRANCIS G.","August 7, 2013",NATIONAL,CREDIT CARD,"BANKS, FINANCIAL INSTITUTIONS AND CURRENCIES",CONSOLIDATED/SUBSTITUTED IN THE COMMITTEE REPORT
Senate Bill No. 1580,16th Congress (July 2013 - 2016),https://ldr.senate.gov.ph/bills/senate-bill-no-1580-16th-congress-republic,ANTI-POLITICAL DYNASTY ACT,AN ACT DEFINING AND PROHIBITING THE ESTABLISHMENT OF POLITICAL DYNASTIES,Miriam Defensor Santiago,"May 9, 2013",NATIONAL,POLITICAL DYNASTY/POLITICAL DYNASTIES,ELECTORAL REFORMS AND PEOPLES PARTICIPATION,PENDING IN THE COMMITTEE
Senate Bill No. 856,16th Congress (July 2013 - 2016),https://ldr.senate.gov.ph/bills/senate-bill-no-856-16th-congress-republic,WOMEN'S HEALTH OFFICE ACT,AN ACT ESTABLISHING AN OFFICE ON WOMEN'S HEALTH WITHIN THE DEPARTMENT OF HEALTH,"ESTRADA, JINGGOY E.","July 17, 2013",NATIONAL,WOMENS HEALTH RESEARCH OFFICE DEPARTMENT OF HEALTH (DOH),HEALTH AND DEMOGRAPHY,PENDING IN THE COMMITTEE
Senate Bill No. 319,16th Congress (July 2013 - 2016),https://ldr.senate.gov.ph/bills/senate-bill-no-319-16th-congress-republic,PUBLIC SCHOOL SECURITY ACT,"AN ACT PROVIDING STIFFER PENALTIES FOR THEFT, ROBBERY AND DESTRUCTION OF PUBLIC SCHOOL PROPERTY","VILLAR, CYNTHIA A.","February 7, 2013",NATIONAL,THEFT AND ROBBERY PUBLIC SCHOOL SECURITY,"EDUCATION, ARTS AND CULTURE",PENDING IN THE COMMITTEE
Senate Bill No. 920,16th Congress (July 2013 - 2016),https://ldr.senate.gov.ph/bills/senate-bill-no-920-16th-congress-republic,FRAUDULENT ADVERTISING,AN ACT PENALIZING FALSE OR FRAUDULENT ADVERTISING AND FOR OTHER PURPOSES,Antonio F. Trillanes IV,"July 18, 2013",NATIONAL,ADVERTISING,PUBLIC INFORMATION AND MASS MEDIA,PENDING IN THE COMMITTEE
Senate Bill No. 1279,16th Congress (July 2013 - 2016),https://ldr.senate.gov.ph/bills/senate-bill-no-1279-16th-congress-republic,LABOR LAW AWARENESS ACT OF 2013,AN ACT MANDATING A LABOR LAW SEMINAR FOR ALL STUDENTS GRADUATING FROM TERTIARY LEVEL EDUCATION,"LAPID, MANUEL ""LITO"" M.","August 13, 2013",NATIONAL,LABOR LAW AWARENESS TERTIARY EDUCATION,"EDUCATION, ARTS AND CULTURE",PENDING IN THE COMMITTEE
Senate Bill No. 369,16th Congress (July 2013 - 2016),https://ldr.senate.gov.ph/bills/senate-bill-no-369-16th-congress-republic,POTABLE WATER SUPPLY IN EVERY BARANGAY,AN ACT TO PROMOTE RURAL HEALTH BY PROVIDING FOR AN ACCELERATED PROGRAM FOR THE CONSTRUCTION OF A POTABLE WATER SUPPLY SYSTEM IN EVERY BARANGAY IN THE COUNTRY WITHIN THREE YEARS,"ESTRADA, JINGGOY E.","March 7, 2013",NATIONAL,POTABLE WATER SUPPLY SYSTEM,HEALTH AND DEMOGRAPHY,PENDING IN THE COMMITTEE
Senate Bill No. 1332,16th Congress (July 2013 - 2016),https://ldr.senate.gov.ph/bills/senate-bill-no-1332-16th-congress-republic,INDUSTRIAL ENERGY EFFICIENCY RESEARCH AND DEVELOPMENT ACT,"AN ACT TO SUPPORT RESEARCH AND DEVELOPMENT OF NEW INDUSTRIAL PROCESSES AND TECHNOLOGIES THAT OPTIMIZE ENERGY EFFICIENCY AND ENVIRONMENTAL PERFORMANCE, UTILIZE DIVERSE SOURCES OF ENERGY, AND INCREASE ECONOMIC COMPETITIVENESS",Miriam Defensor Santiago,"August 22, 2013",NATIONAL,Energy conservation,ENERGY,PENDING IN THE COMMITTEE
Senate Bill No. 944,16th Congress (July 2013 - 2016),https://ldr.senate.gov.ph/bills/senate-bill-no-944-16th-congress-republic,SUMMARY TITLING OF PUBLIC SCHOOL SITES,AN ACT PROVIDING FOR THE SUMMARY TITLING OF REAL PROPERTIES USED AS SITES FOR PUBLIC SCHOOLS AND APPROPRIATING FUNDS THEREOF,"REVILLA JR., RAMON BONG","July 18, 2013",NATIONAL,SCHOOL SITES/SCHOOL CAMPUS LAND TITLE/TORRENS TITLE REAL PROPERTY,ENVIRONMENT AND NATURAL RESOURCES,CONSOLIDATED/SUBSTITUTED IN THE COMMITTEE REPORT
Senate Bill No. 1632,16th Congress (July 2013 - 2016),https://ldr.senate.gov.ph/bills/senate-bill-no-1632-16th-congress-republic,CONTINUOUS SERVICE OF PUBLIC HEALTH CENTERS,AN ACT REQUIRING ALL PUBLIC HEALTH CENTERS TO BE OPEN AT ALL TIMES TO PROVIDE CONTINUOUS HEALTH AND MEDICAL SERVICES TO THE PUBLIC,"ESTRADA, JINGGOY E.","November 9, 2013",LOCAL,PUBLIC HEALTH CENTERS HEALTH CARE DELIVERY SYSTEM,HEALTH AND DEMOGRAPHY,PENDING IN THE COMMITTEE
Senate Bill No. 994,16th Congress (July 2013 - 2016),https://ldr.senate.gov.ph/bills/senate-bill-no-994-16th-congress-republic,NEW MINING ENGINEERING ACT OF 2013,"AN ACT REGULATING THE PRACTICE OF MINING ENGINEERING IN THE PHILIPPINES, REPEALING FOR THE PURPOSE REPUBLIC ACT NUMBERED FOUR THOUSAND TWO HUNDRED SEVENTY FOUR (R.A.NO. 4274), AS AMENDED ENTITLED 'MINING ENGINEERING LAW OF THE PHILIPPINES', AND FOR OTHER PURPOSES.",Antonio F. Trillanes IV,"July 22, 2013",NATIONAL,MINING ENGINEERING,"CIVIL SERVICE, GOVERNMENT REORGANIZATION AND PROFESSIONAL REGULATION",PENDING IN THE COMMITTEE
Senate Bill No. 638,16th Congress (July 2013 - 2016),https://ldr.senate.gov.ph/bills/senate-bill-no-638-16th-congress-republic,MILITARY VETERANS,AN ACT AMENDING CERTAIN SECTIONS OF REPUBLIC ACT NUMBERED 6948 OTHERWISE KNOWN AS AN ACT STANDARDIZING AND UPGRADING BENEFITS FOR MILITARY VETERANS AND THEIR DEPENDENTS,Antonio F. Trillanes IV,"August 7, 2013",NATIONAL,VETERANS,NATIONAL DEFENSE AND SECURITY,CONSOLIDATED/SUBSTITUTED IN THE COMMITTEE REPORT
Senate Bill No. 453,16th Congress (July 2013 - 2016),https://ldr.senate.gov.ph/bills/senate-bill-no-453-16th-congress-republic,EXCLUDING OVERTIME PAY FROM THE COMPUTATION OF TAXABLE INCOME,"AN ACT EXCLUDING OVERTIME PAY FROM THE COMPUTATION OF TAXABLE INCOME AMENDING FOR THE PURPOSE SECTION 32 (B) (7) OF REPUBLIC ACT NO. 8424, OTHERWISE KNOWN AS THE NATIONAL INTERNAL REVENUE CODE OF 1997, AS AMENDED",Ralph G. Recto,"April 7, 2013",NATIONAL,NATIONAL INTERNAL REVENUE CODE (NIRC) TAXES (INDIVIDUAL INCOME TAX),WAYS AND MEANS,PENDING IN THE COMMITTEE
Senate Bill No. 1088,16th Congress (July 2013 - 2016),https://ldr.senate.gov.ph/bills/senate-bill-no-1088-16th-congress-republic,URBAN PEST MANAGEMENT ACT OF 2013,"AN ACT EXPANDING THE JURISDICTION OF THE FERTILIZER AND PESTICIDE AUTHORITY (F.P.A.), DEPT. OF AGRICULTURE, TO INCLUDE THE REGULATION OF THE URBAN PEST MANAGEMENT INDUSTRY AMENDING FOR THIS PURPOSE P.D. 1144, AND FOR OTHER PURPOSES","Teofisto ""TG"" D. Guingona III","July 23, 2013",NATIONAL,FERTILIZER PESTICIDE DEPARTMENT OF AGRICULTURE,AGRICULTURE AND FOOD,PENDING IN THE COMMITTEE
Senate Bill No. 1697,16th Congress (July 2013 - 2016),https://ldr.senate.gov.ph/bills/senate-bill-no-1697-16th-congress-republic,RESPONSIBLE TOURISM ACT,AN ACT ESTABLISHING A PROGRAM TO PROMOTE AND STRENGTHEN RESPONSIBLE TOURISM,Miriam Defensor Santiago,"September 17, 2013",NATIONAL,TOURISM,TOURISM,PENDING IN THE COMMITTEE
Senate Bill No. 676,16th Congress (July 2013 - 2016),https://ldr.senate.gov.ph/bills/senate-bill-no-676-16th-congress-republic,PHILIPPINE CONSTRUCTION INDUSTRY COMPETITIVENESS ACT OF 2013,"AN ACT STRENGTHENING THE CONSTRUCTION INDUSTRY, CREATING THE PHILIPPINE CONSTRUCTION INDUSTRY DEVELOPMENT AUTHORITY AND FOR OTHER PURPOSES","LEGARDA, LOREN B.","September 7, 2013",NATIONAL,CONSTRUCTION INDUSTRY,"TRADE, COMMERCE AND ENTREPRENEURSHIP",PENDING IN THE COMMITTEE
Senate Bill No. 486,16th Congress (July 2013 - 2016),https://ldr.senate.gov.ph/bills/senate-bill-no-486-16th-congress-republic,MANDATORY COMPUTER EDUCATION ACT OF 2013,AN ACT REQUIRING MANDATORY COMPUTER EDUCATION IN ALL PUBLIC AND PRIVATE SCHOOLS AND FOR OTHER RELATED PURPOSES,Antonio F. Trillanes IV,"April 7, 2013",NATIONAL,COMPUTER EDUCATION,"EDUCATION, ARTS AND CULTURE",PENDING IN THE COMMITTEE
Senate Bill No. 1389,16th Congress (July 2013 - 2016),https://ldr.senate.gov.ph/bills/senate-bill-no-1389-16th-congress-republic,HUMAN RIGHTS RESOURCE CENTER ACT OF 2013,AN ACT TO STRENGTHEN PHILIPPINE COMMITMENT TO HUMAN RIGHTS PROMOTION AND PROTECTION BY ESTABLISHING HUMAN RIGHTS RESOURCE CENTERS THROUGHOUT THE COUNTRY AND FOR OTHER PURPOSES,"ESTRADA, JINGGOY E.","August 28, 2013",NATIONAL,HUMAN RIGHTS RESOURCE CENTER,JUSTICE AND HUMAN RIGHTS,PENDING IN THE COMMITTEE
Senate Bill No. 2014,16th Congress (July 2013 - 2016),https://ldr.senate.gov.ph/bills/senate-bill-no-2014-16th-congress-republic,PREFERENCE FOR PHILIPPINE MATERIALS IN PUBLIC CONTRACTS ACT,AN ACT REQUIRING THE USE OF PHILIPPINE MADE MATERIALS IN CONTRACTS FOR PUBLIC WORKS AND PROVIDING FOR THE BLACKLISTING OF CONTRACTORS VIOLATING SUCH REQUIREMENT,"ESTRADA, JINGGOY E.","November 12, 2013",NATIONAL,GOVERNMENT CONTRACTS/PUBLIC CONTRACTS PHILIPPINE MADE MATERIALS,PUBLIC WORKS,PENDING IN THE COMMITTEE
Senate Bill No. 1452,16th Congress (July 2013 - 2016),https://ldr.senate.gov.ph/bills/senate-bill-no-1452-16th-congress-republic,PROVIDING REASONABLE DIVIDEND RATE TO REHABILITATE AILING RURAL BANKS,"AN ACT AMENDING SECTION 8 OF REPUBLIC ACT NO. 7353, ALSO KNOWN AS THE 'RURAL ACT OF 1992'",Miriam Defensor Santiago,"August 29, 2013",NATIONAL,LAND BANK OF THE PHILIPPINES (LBP) RURAL BANKS,N/A,WITHDRAWN
Senate Bill No. 1770,16th Congress (July 2013 - 2016),https://ldr.senate.gov.ph/bills/senate-bill-no-1770-16th-congress-republic,NATIONAL AGRICULTURAL WEATHER INFORMATION ACT,AN ACT PROVIDING FOR THE ESTABLISHMENT OF AN AGRICULTURAL WEATHER OFFICE,Miriam Defensor Santiago,"February 10, 2013",NATIONAL,AGRICULTURE WEATHER OFFICE,AGRICULTURE AND FOOD,PENDING IN THE COMMITTEE
Senate Bill No. 496,16th Congress (July 2013 - 2016),https://ldr.senate.gov.ph/bills/senate-bill-no-496-16th-congress-republic,GOVERNMENT OFFICIALS AND EMPLOYEES,AN ACT PROVIDING AUTOMATIC PROMOTION OF GOVERNMENT OFFICIALS AND EMPLOYEES UPON RETIREMENT FROM GOVERNMENT SERVICE AND FOR OTHER PURPOSES,Antonio F. Trillanes IV,"April 7, 2013",NATIONAL,GOVERNMENT EMPLOYEES RETIREMENT BENEFITS,"CIVIL SERVICE, GOVERNMENT REORGANIZATION AND PROFESSIONAL REGULATION",PENDING IN THE COMMITTEE
Senate Bill No. 1162,16th Congress (July 2013 - 2016),https://ldr.senate.gov.ph/bills/senate-bill-no-1162-16th-congress-republic,FORFEITURE POWERS OF THE STATE,"AN ACT STRENGTHENING THE FORFEITURE POWERS OF THE STATE, AMENDING FOR THE PURPOSE CERTAIN PROVISIONS OF REPUBLIC ACT NO. 1379, OTHERWISE KNOWN AS AN ACT DECLARING FORFEITURE IN FAVOR OF THE STATE ANY PROPERTY FOUND TO HAVE BEEN UNLAWFULLY ACQUIRED BY ANY PUBLIC OFFICER OR EMPLOYEE AND PROVIDING FOR THE PROCEEDINGS THEREFOR",Antonio F. Trillanes IV,"July 30, 2013",NATIONAL,ASSET FORFEITURE (R.A.NO. 1379),JUSTICE AND HUMAN RIGHTS,PENDING IN THE COMMITTEE
Senate Bill No. 774,16th Congress (July 2013 - 2016),https://ldr.senate.gov.ph/bills/senate-bill-no-774-16th-congress-republic,"DEPOSITORS REPLACED BY ""DEPOSITARY""","AN ACT AMENDING ARTICLE 1991 OF R.A. NO. 386, ALSO KNOWN AS THE CIVIL CODE OF THE PHILIPPINES","ESTRADA, JINGGOY E.","July 15, 2013",NATIONAL,CIVIL CODE OF THE PHILIPPINES,CONSTITUTIONAL AMENDMENTS AND REVISION OF CODES,PENDING IN THE COMMITTEE
Senate Bill No. 590,16th Congress (July 2013 - 2016),https://ldr.senate.gov.ph/bills/senate-bill-no-590-16th-congress-republic,ANTI-THEFT AND ROBBERY OF PORTABLE TELECOMMUNICATION DEVICES AND PORTABLE COMPUTERS ACT,AN ACT PROVIDING STIFFER PENALTIES FOR THE CRIME OF THEFT AND ROBBERY OF PORTABLE COMMUNICATION DEVICES AND PORTABLE COMPUTERS,"ESCUDERO, FRANCIS G.","August 7, 2013",NATIONAL,THEFT AND ROBBERY CELLULAR PHONES/CELL PHONES,JUSTICE AND HUMAN RIGHTS,PENDING IN THE COMMITTEE
Senate Bill No. 838,16th Congress (July 2013 - 2016),https://ldr.senate.gov.ph/bills/senate-bill-no-838-16th-congress-republic,COMPREHENSIVE DANGEROUS DRUGS ACT,AN ACT AMENDING CERTAIN PROVISIONS OF REPUBLIC ACT 9165 OTHERWISE KNOWN AS THE COMPREHENSIVE DANGEROUS DRUGS ACT OF 2002,"EJERCITO, JOSEPH VICTOR G.","July 17, 2013",NATIONAL,"COMPREHENSIVE DANGEROUS DRUGS ACT OF 2002, AMENDMENTS",PUBLIC ORDER AND DANGEROUS DRUGS,CONSOLIDATED/SUBSTITUTED IN THE COMMITTEE REPORT
Senate Bill No. 1526,16th Congress (July 2013 - 2016),https://ldr.senate.gov.ph/bills/senate-bill-no-1526-16th-congress-republic,AUTHORIZING BARANGAY OFFICIALS TO ARREST ANY PERSON VIOLATING THE FORESTRY CODE,"AN ACT AMENDING SECTION 80 OF PRESIDENTIAL DECREE 705, OTHERWISE KNOWN AS THE REVISED FORESTRY CODE OF THE PHILIPPINES, AS AMENDED BY PRESIDENTIAL DECREE 1775","ESTRADA, JINGGOY E.","April 9, 2013",NATIONAL,REVISED FORESTRY CODE BARANGAY OFFICIALS ILLEGAL LOGGING,ENVIRONMENT AND NATURAL RESOURCES,PENDING IN THE COMMITTEE
Senate Bill No. 1844,16th Congress (July 2013 - 2016),https://ldr.senate.gov.ph/bills/senate-bill-no-1844-16th-congress-republic,PUBLIC WATERWAYS,"AN ACT PENALIZING THE APPROPRIATION, ENCROACHMENT, REGISTRATION AND TITLING OF CREEKS, ESTEROS, STREAMS, CANALS, RIVER BANKS AND OTHER PUBLIC WATERWAYS",Miriam Defensor Santiago,"October 14, 2013",NATIONAL,RIVERS AND WATERWAYS,ENVIRONMENT AND NATURAL RESOURCES,PENDING IN THE COMMITTEE
Senate Bill No. 1908,16th Congress (July 2013 - 2016),https://ldr.senate.gov.ph/bills/senate-bill-no-1908-16th-congress-republic,HOLIDAY: CHINESE NEW YEAR,AN ACT DECLARING THE CHINESE NEW YEAR A SPECIAL NON-WORKING PUBLIC HOLIDAY IN THE PHILIPPINES,"ANGARA, SONNY","July 11, 2013",NATIONAL,HOLIDAYS (NON-WORKING) CHINESE NEW YEAR,"EDUCATION, ARTS AND CULTURE",PENDING IN THE COMMITTEE
Senate Bill No. 912,16th Congress (July 2013 - 2016),https://ldr.senate.gov.ph/bills/senate-bill-no-912-16th-congress-republic,REFLECTORIZED VEHICLES AND CARRIAGES ACT,"AN ACT TO REQUIRE CERTAIN VEHICLES/CARRIAGES TRAVERSING MAIN AND SECONDARY ROADS TO USE REFLECTORS, PROVIDING PENALTIES THEREFOR, AND FOR OTHER PURPOSES",Antonio F. Trillanes IV,"July 18, 2013",NATIONAL,Motor Vehicles REFLECTORS,PUBLIC SERVICES,PENDING IN THE COMMITTEE
Senate Bill No. 1018,16th Congress (July 2013 - 2016),https://ldr.senate.gov.ph/bills/senate-bill-no-1018-16th-congress-republic,CREDIT CARD AND OTHER ACCESS DEVICE ACT OF 2013,AN ACT GOVERNING CREDIT CARD AND OTHER ACCESS DEVICE TRANSACTIONS AND PROVIDING PENALTIES THERFOR,"REVILLA JR., RAMON BONG","July 22, 2013",NATIONAL,CREDIT CARD,"BANKS, FINANCIAL INSTITUTIONS AND CURRENCIES",PENDING IN THE COMMITTEE
Senate Bill No. 1600,16th Congress (July 2013 - 2016),https://ldr.senate.gov.ph/bills/senate-bill-no-1600-16th-congress-republic,"AMENDING SEC. 42, BP 129 (JUDICIARY CONTINUOUS SERVICE REQUIREMENT)","AN ACT AMENDING SECTION 42 OF BATAS PAMBANSA BILANG 129, AS AMENDED, OTHERWISE KNOWN AS THE JUDICIARY REORGANIZATION ACT OF 1981, EXEMPTING AFFECTED MEMBERS OF THE JUDICIARY AS MAY HEREIN BE QUALIFIED FROM THE CONTINUOUS SERVICE REQUIREMENT","ESTRADA, JINGGOY E.","October 9, 2013",NATIONAL,JUDICIARY REORGANIZATION ACT,JUSTICE AND HUMAN RIGHTS,PENDING IN THE COMMITTEE
Senate Bill No. 1026,16th Congress (July 2013 - 2016),https://ldr.senate.gov.ph/bills/senate-bill-no-1026-16th-congress-republic,POVERTY REDUCTION THROUGH SOCIAL ENTREPRENEURSHIP (PRESENT) ACT,"AN ACT ORDAINING THE PROMOTION OF SOCIAL ENTERPRISES TO ALLEVIATE POVERTY, ESTABLISHING FOR THE PURPOSE THE POVERTY REDUCTION THROUGH SOCIAL ENTREPRENEURSHIP (PRESENT) PROGRAM AND PROVIDING INCENTIVES AND BENEFITS THEREFOR","Paolo Benigno ""Bam"" Aquino IV","July 22, 2013",NATIONAL,ENTREPRENEURSHIP POVERTY ALLEVIATION,"TRADE, COMMERCE AND ENTREPRENEURSHIP",CONSOLIDATED/SUBSTITUTED IN THE COMMITTEE REPORT
Senate Bill No. 1664,16th Congress (July 2013 - 2016),https://ldr.senate.gov.ph/bills/senate-bill-no-1664-16th-congress-republic,THE VACCINATION AND IMMUNIZATION ACT OF 2013,"AN ACT ESTABLISHING A COMPREHENSIVE VACCINATION AND IMMUNIZATION PROGRAM FOR FILIPINO INFANTS AND CHILDREN, PROVIDING FUNDS THEREFOR AND FOR OTHER PURPOSES","ESTRADA, JINGGOY E.","September 16, 2013",NATIONAL,FREE VACCINATION AND IMMUNIZATION,HEALTH AND DEMOGRAPHY,PENDING IN THE COMMITTEE
Senate Bill No. 390,16th Congress (July 2013 - 2016),https://ldr.senate.gov.ph/bills/senate-bill-no-390-16th-congress-republic,FEEDING PROGRAM FOR PUBLIC SCHOOL CHILDREN ACT,AN ACT PROVIDING FOR A FEEDING PROGRAM FOR SCHOOL CHILDREN IN PUBLIC KINDERGARTEN AND ELEMENTARY SCHOOLS THROUGHOUT THE COUNTRY,Miriam Defensor Santiago,"March 7, 2013",NATIONAL,CHILDREN/CHILD CARE Kindergarten nutrition,"EDUCATION, ARTS AND CULTURE",PENDING IN THE COMMITTEE
Senate Bill No. 1058,16th Congress (July 2013 - 2016),https://ldr.senate.gov.ph/bills/senate-bill-no-1058-16th-congress-republic,HUMAN ORGAN AND TISSUE PROCUREMENT AND TRANSPLANT ACT OF 2013,AN ACT TO REGULATE THE PROCUREMENT AND TRANSPLANT OF HUMAN ORGANS AND TISSUES AND FOR OTHER PURPOSES,"ESTRADA, JINGGOY E.","July 23, 2013",NATIONAL,HUMAN ORGANS,HEALTH AND DEMOGRAPHY,CONSOLIDATED/SUBSTITUTED IN THE COMMITTEE REPORT
Senate Bill No. 661,16th Congress (July 2013 - 2016),https://ldr.senate.gov.ph/bills/senate-bill-no-661-16th-congress-republic,BUDGET IMPOUNDMENT CONTROL ACT,THE BUDGET IMPOUNDMENT CONTROL ACT,"EJERCITO, JOSEPH VICTOR G.","August 7, 2013",NATIONAL,BUDGET IMPOUNDMENT CONTROL,FINANCE,CONSOLIDATED/SUBSTITUTED IN THE COMMITTEE REPORT
Senate Bill No. 438,16th Congress (July 2013 - 2016),https://ldr.senate.gov.ph/bills/senate-bill-no-438-16th-congress-republic,FLAG AND HERALDIC CODE OF THE PHILIPPINES,"AN ACT STRENGTHENING THE RULES ON THE PROPER USE AND DISPLAY OF OUR NATIONAL SYMBOLS AND THE RENDITION OF THE NATIONAL ANTHEM, AMENDING FOR THE PURPOSE REPUBLIC ACT NO. 8491, OTHERWISE KNOWN AS THE 'FLAG AND HERALDIC CODE OF THE PHILIPPINES', AND FOR OTHER PURPOSES","ESCUDERO, FRANCIS G.","April 7, 2013",NATIONAL,FLAG AND HERALDIC CODE (R.A.NO. 8491),"EDUCATION, ARTS AND CULTURE",PENDING IN THE COMMITTEE
Senate Bill No. 738,16th Congress (July 2013 - 2016),https://ldr.senate.gov.ph/bills/senate-bill-no-738-16th-congress-republic,ANTI-SUGAR SMUGGLING ACT OF 2013,AN ACT STRENGTHENING THE SUGAR REGULATORY ADMINISTRATION AND FOR OTHER PURPOSES,"ESTRADA, JINGGOY E.","July 15, 2013",NATIONAL,SUGAR REGULATORY ADMINISTRATION ANTI-SMUGGLING,WAYS AND MEANS,PENDING IN THE COMMITTEE
Senate Bill No. 1357,16th Congress (July 2013 - 2016),https://ldr.senate.gov.ph/bills/senate-bill-no-1357-16th-congress-republic,ANTI-RELIGIOUS AND RACIAL PROFILING ACT OF 2013,"AN ACT PROHIBITING, PROFILING, VIOLENCE AND ALL FORMS OF INTOLERANCE AGAINST PERSONS BASED ON ETHNICITY, RACE, RELIGION OR BELIEF, LANGUAGE, DISABILITY OR OTHER STATUS","LEGARDA, LOREN B.","August 27, 2013",NATIONAL,ANTI-RACIAL/RELIGIOUS DISCRIMINATION INDIGENOUS CULTURAL COMMUNITIES,CULTURAL COMMUNITIES,PENDING IN THE COMMITTEE
Senate Bill No. 1982,16th Congress (July 2013 - 2016),https://ldr.senate.gov.ph/bills/senate-bill-no-1982-16th-congress-republic,ALLOWING MARRIED OR LEGALLY SEPARATED WOMEN TO USE THEIR MAIDEN FIRST NAME AND SURNAME,"AN ACT ALLOWING MARRIED OR LEGALLY SEPARATED WOMEN TO USE THEIR MAIDEN FIRST NAME AND SURNAME, AMENDING FOR THE PURPOSE ARTICLES THREE HUNDRED SEVENTY AND THREE HUNDRED SEVENTY TWO OF RA 386, AS AMENDED, OTHERWISE KNOWN AS THE CIVIL CODE OF THE PHILIPPINES, AND ARTICLE 63 OF E.O. 209 OTHERWISE KNOWN AS THE FAMILY CODE OF THE PHILIPPINES","ESTRADA, JINGGOY E.","November 27, 2013",NATIONAL,FAMILY CODE (E.O. NO. 209) CIVIL CODE OF THE PHILIPPINES WOMEN (MAIDEN SURNAME),"WOMEN, CHILDREN, FAMILY RELATIONS AND GENDER EQUALITY",PENDING IN THE COMMITTEE
Senate Bill No. 1420,16th Congress (July 2013 - 2016),https://ldr.senate.gov.ph/bills/senate-bill-no-1420-16th-congress-republic,AFP MODERNIZATION ACT TRUST FUND,"AN ACT ALLOCATING TO THE AFP MODERNIZATION ACT TRUST FUND THE COLLECTION FROM CAPITAL GAINS TAX AND VALUE-ADDED TAX ON THE SALE OF REAL PROPERTY AND THE SHARE OF THE NATIONAL GOVERNMENT ON ALL TAXES, ROYALTIES AND CHARGES COLLECTED FROM THE MALAMPAYA NATURAL GAS PROJECT","ESTRADA, JINGGOY E.","August 29, 2013",NATIONAL,ARMED FORCES OF THE PHILIPPINES (AFP) MALAMPAYA NATURAL GAS PROJECT,WAYS AND MEANS,PENDING IN THE COMMITTEE
Senate Bill No. 923,16th Congress (July 2013 - 2016),https://ldr.senate.gov.ph/bills/senate-bill-no-923-16th-congress-republic,SURVEILLANCE CAMERA ACT FOR COMMERCIAL ESTABLISHMENTS,AN ACT MANDATING THE USE OF SURVEILLANCE CAMERAS FOR THE SECURITY AND SAFETY OF COMMERCIAL ESTABLISHMENTS,"LAPID, MANUEL ""LITO"" M.","July 18, 2013",NATIONAL,SURVEILLANCE CAMERA,PUBLIC ORDER AND DANGEROUS DRUGS,PENDING IN THE COMMITTEE
Senate Bill No. 974,16th Congress (July 2013 - 2016),https://ldr.senate.gov.ph/bills/senate-bill-no-974-16th-congress-republic,"REVISED PENAL CODE (ART. 276, 277 AND 278)","AN ACT STRENGTHENING THE PENAL PROVISIONS WITH RESPECT TO DELINQUENT PARENTS, AMENDING FOR THE PURPOSE ARTICLES 276, 277, AND 278 OF THE REVISED PENAL CODE, AS AMENDED","ESTRADA, JINGGOY E.","July 22, 2013",NATIONAL,REVISED PENAL CODE (R.A. NO. 3815) parents,"WOMEN, CHILDREN, FAMILY RELATIONS AND GENDER EQUALITY",PENDING IN THE COMMITTEE
Senate Bill No. 614,16th Congress (July 2013 - 2016),https://ldr.senate.gov.ph/bills/senate-bill-no-614-16th-congress-republic,EDUCATION FOR ALL INITIATIVES,"AN ACT FINANCING THE 'EDUCATION FOR ALL INITIATIVES' FROM THE ANNUAL VALUE-ADDED TAX COLLECTIONS, AMENDING FOR THE PURPOSE THE NATIONAL INTERNAL REVENUE CODE OF 1997, AS AMENDED",Ralph G. Recto,"August 7, 2013",NATIONAL,EDUCATION INITIATIVES VALUE-ADDED TAX (VAT) NATIONAL INTERNAL REVENUE CODE (NIRC),WAYS AND MEANS,PENDING IN THE COMMITTEE
Senate Bill No. 451,16th Congress (July 2013 - 2016),https://ldr.senate.gov.ph/bills/senate-bill-no-451-16th-congress-republic,SOCIAL SECURITY ACT,"AN ACT INCREASING PENSIONS UNDER THE SOCIAL SECURITY SYSTEM, AMENDING FOR THE PURPOSE SECTION 12 OF REPUBLIC ACT NO. 1161, AS AMENDED, OTHERWISE KNOWN AS THE SOCIAL SECURITY ACT OF 1997",Ralph G. Recto,"April 7, 2013",NATIONAL,SOCIAL SECURITY SYSTEM (SSS) SOCIAL SECURITY ACT OF 1997 (R.A.NO. 8282) PENSION,GOVERNMENT CORPORATIONS AND PUBLIC ENTERPRISES,CONSOLIDATED/SUBSTITUTED IN THE COMMITTEE REPORT
Senate Bill No. 1066,16th Congress (July 2013 - 2016),https://ldr.senate.gov.ph/bills/senate-bill-no-1066-16th-congress-republic,"CIVIL CODE (AMENDING ART. 952, RE CHARGE OF LEGACY OR DEVISE UPON AN HEIR)","AN ACT AMENDING ARTICLE 952 OF REPUBLIC ACT NO. 386, ALSO KNOWN AS THE CIVIL CODE OF THE PHILIPPINES","ESTRADA, JINGGOY E.","July 23, 2013",NATIONAL,CIVIL CODE OF THE PHILIPPINES LEGACY,CONSTITUTIONAL AMENDMENTS AND REVISION OF CODES,PENDING IN THE COMMITTEE
Senate Bill No. 97,16th Congress (July 2013 - 2016),https://ldr.senate.gov.ph/bills/senate-bill-no-97-16th-congress-republic,"AMENDING SEC. 4 OF R,A, NO. 8049, ANTI-HAZING LAW","AN ACT AMENDING SECTION 4 OF REPUBLIC ACT NO. 8049, OTHERWISE KNOWN AS AN ACT REGULATING HAZING AND OTHER FORMS OF INITIATION RITES IN FRATERNITIES, SORORITIES, AND OTHER ORGANIZATIONS AND PROVIDING PENALTIES THEREFOR.","SOTTO III, VICENTE C.","January 7, 2013",NATIONAL,Hazing,PUBLIC ORDER AND DANGEROUS DRUGS,PENDING IN THE COMMITTEE
Senate Bill No. 1335,16th Congress (July 2013 - 2016),https://ldr.senate.gov.ph/bills/senate-bill-no-1335-16th-congress-republic,PRE-CONDITION TO FILING OF COMPLAINT IN COURT,"AN ACT PROMOTING BARANGAY JUSTICE BY AMENDING SECTION 412 OF REPUBLIC ACT NO. 7160, OTHERWISE KNOWN AS THE LOCAL GOVERNMENT CODE OF 1991",Miriam Defensor Santiago,"August 22, 2013",NATIONAL,BARANGAY JUSTICE LOCAL GOVERNMENT CODE (R.A. NO. 7160),LOCAL GOVERNMENT,PENDING IN THE COMMITTEE
Senate Bill No. 211,16th Congress (July 2013 - 2016),https://ldr.senate.gov.ph/bills/senate-bill-no-211-16th-congress-republic,PHILIPPINE COMPREHENSIVE ACT ON LANDMINES OF 2013,"AN ACT PROVIDING FOR A TOTAL BAN ON ANTI-PERSONNEL LANDMINES, FOR OTHER PROHIBITIONS OR RESTRICTIONS ON THE USE OF LANDMINES, BOOBY-TRAPS AND OTHER DEVICES, CREATING FOR THIS PURPOSE A PHILIPPINE COORDINATING COMMITTEE ON LANDMINES, AND FOR RELATED PURPOSES",Gregorio B. Honasan II,"January 7, 2013",NATIONAL,LANDMINES/BOOBY-TRAPS,NATIONAL DEFENSE AND SECURITY,PENDING IN THE COMMITTEE
Senate Bill No. 983,16th Congress (July 2013 - 2016),https://ldr.senate.gov.ph/bills/senate-bill-no-983-16th-congress-republic,PROSTATE CANCER PUBLIC AWARENESS ACT,AN ACT ESTABLISHING A PROGRAM FOR PUBLIC EDUCATION ON PROSTATE CANCER,"ESTRADA, JINGGOY E.","July 22, 2013",NATIONAL,PROSTATE CANCER,HEALTH AND DEMOGRAPHY,PENDING IN THE COMMITTEE
Senate Bill No. 1086,16th Congress (July 2013 - 2016),https://ldr.senate.gov.ph/bills/senate-bill-no-1086-16th-congress-republic,ANTI-GRAFT AND CORRUPT PRACTICES ACT,"AN ACT AMENDING REPUBLIC ACT NO. 3019, OTHERWISE KNOWN AS THE ANTI-GRAFT AND CORRUPT PRACTICES ACT","Teofisto ""TG"" D. Guingona III","July 23, 2013",NATIONAL,Anti-Graft and Corrupt Practices Act,JUSTICE AND HUMAN RIGHTS,CONSOLIDATED/SUBSTITUTED IN THE COMMITTEE REPORT
Senate Bill No. 270,16th Congress (July 2013 - 2016),https://ldr.senate.gov.ph/bills/senate-bill-no-270-16th-congress-republic,SCHOLARSHIP FOR THE POOR ACT OF 2013,"AN ACT REQUIRING ALL COLLEGES AND UNIVERSITIES TO PROVIDE SCHOLARSHIP GRANTS TO AT LEAST FIVE PERCENT (5%) OF THEIR STUDENT POPULATION WHO ARE POOR BUT DESERVING STUDENTS, AND FOR OTHER PURPOSES","REVILLA JR., RAMON BONG","February 7, 2013",NATIONAL,SCHOLARSHIP GRANTS,"EDUCATION, ARTS AND CULTURE",CONSOLIDATED/SUBSTITUTED IN THE COMMITTEE REPORT
Senate Bill No. 364,16th Congress (July 2013 - 2016),https://ldr.senate.gov.ph/bills/senate-bill-no-364-16th-congress-republic,MILK NUTRITION AND LABELING ACT,AN ACT ESTABLISHING STANDARDS FOR THE IDENTITY OF MILK AND REQUIRING THE LABELING THEREOF,"ESTRADA, JINGGOY E.","March 7, 2013",NATIONAL,MILK LABEL/LABELING,"TRADE, COMMERCE AND ENTREPRENEURSHIP",PENDING IN THE COMMITTEE
Senate Bill No. 837,16th Congress (July 2013 - 2016),https://ldr.senate.gov.ph/bills/senate-bill-no-837-16th-congress-republic,AFFORDABLE FOOD TRANSPARENCY ACT,"AN ACT MANDATING THE GOVERNMENT TO PROVIDE ACCESS TO INFORMATION ON FOOD AND OTHER BASIC COMMODITIES TO GUARANTEE THE RIGHT OF THE PEOPLE TO AFFORDABLE FOOD AND ADEQUATE FOOD SUPPLY, PRESCRIBING GUIDELINES THEREFOR, AND FOR OTHER PURPOSES","EJERCITO, JOSEPH VICTOR G.","July 17, 2013",NATIONAL,FOOD TRANSPARENCY,AGRICULTURE AND FOOD,PENDING IN THE COMMITTEE
Senate Bill No. 1847,16th Congress (July 2013 - 2016),https://ldr.senate.gov.ph/bills/senate-bill-no-1847-16th-congress-republic,MDF REGULATORY ACT,AN ACT REGULATING THE SALE OF MEDIUM DENSITY FIBERBOARDS,Miriam Defensor Santiago,"October 14, 2013",NATIONAL,MEDIUM DENSITY FIBERBOARDS (MDF),HEALTH AND DEMOGRAPHY,PENDING IN THE COMMITTEE
Senate Bill No. 1999,16th Congress (July 2013 - 2016),https://ldr.senate.gov.ph/bills/senate-bill-no-1999-16th-congress-republic,THE LONG-TERM CARE FOR SENIOR CITIZENS ACT OF 2013,"AN ACT ESTABLISHING AND INSTITUTIONALIZING LONG-TERM CARE FOR SENIOR CITIZENS, PROVIDING FUNDS THEREFOR AND FOR OTHER PURPOSES","VILLAR, CYNTHIA A.","April 12, 2013",NATIONAL,SENIOR CITIZEN/ELDERLY,"SOCIAL JUSTICE, WELFARE AND RURAL DEVELOPMENT",PENDING IN THE COMMITTEE
Senate Bill No. 397,16th Congress (July 2013 - 2016),https://ldr.senate.gov.ph/bills/senate-bill-no-397-16th-congress-republic,ANTI-BULLYING SCHOOL POLICY ACT,"AN ACT MANDATING SCHOOLS, COLLEGES, AND UNIVERSITIES TO CREATE ANTI-BULLYING POLICIES IN THEIR INSTITUTIONS",Miriam Defensor Santiago,"March 7, 2013",NATIONAL,ANTI-BULLYING,"EDUCATION, ARTS AND CULTURE",PENDING IN THE COMMITTEE
Senate Bill No. 1345,16th Congress (July 2013 - 2016),https://ldr.senate.gov.ph/bills/senate-bill-no-1345-16th-congress-republic,FINANCIAL CRIMES TASK FORCE ACT,AN ACT ESTABLISHING THE SPECIAL JOINT TASK FORCE ON FINANCIAL CRIMES,Miriam Defensor Santiago,"August 22, 2013",NATIONAL,FINANCIAL CRIMES,JUSTICE AND HUMAN RIGHTS,PENDING IN THE COMMITTEE
Senate Bill No. 1519,16th Congress (July 2013 - 2016),https://ldr.senate.gov.ph/bills/senate-bill-no-1519-16th-congress-republic,NATIONAL SEX OFFENDER REGISTRY ACT OF 2013,AN ACT ESTABLISHING A NATIONAL SEX OFFENDER REGISTRATION DATABASE AND FOR OTHER PURPOSES,"ESTRADA, JINGGOY E.","April 9, 2013",NATIONAL,SEX OFFENDERS DEPARTMENT OF JUSTICE (DOJ),JUSTICE AND HUMAN RIGHTS,PENDING IN THE COMMITTEE
Senate Bill No. 441,16th Congress (July 2013 - 2016),https://ldr.senate.gov.ph/bills/senate-bill-no-441-16th-congress-republic,MAGNA CARTA OF WORKERS IN THE INFORMAL SECTOR,"AN ACT PROVIDING FOR A MAGNA CARTA OF WORKERS IN THE INFORMAL SECTOR, INSTITUTIONALIZING MECHANISMS FOR IMPLEMENTATION THEREOF AND AMENDING FOR THE PURPOSE CERTAIN PROVISIONS OF REPUBLIC ACT NOS. 7160 AND 8282","ESCUDERO, FRANCIS G.","April 7, 2013",NATIONAL,MAGNA CARTA OF WORKERS IN THE INFORMAL SECTOR,"SOCIAL JUSTICE, WELFARE AND RURAL DEVELOPMENT",PENDING IN THE COMMITTEE
Senate Bill No. 1409,16th Congress (July 2013 - 2016),https://ldr.senate.gov.ph/bills/senate-bill-no-1409-16th-congress-republic,PROVINCIAL WATER UTILITIES ACT,"AN ACT FURTHER AMENDING PRESIDENTIAL DECREE NO. 198, AS AMENDED, OTHERWISE KNOWN AS 'THE PROVINCIAL WATER UTILITIES ACT OF 1973'","ESTRADA, JINGGOY E.","August 29, 2013",NATIONAL,PROVINCIAL WATER UTILITIES LOCAL WATER UTILITIES ADMINISTRATION (LWUA),PUBLIC WORKS,PENDING IN THE COMMITTEE
Senate Bill No. 1583,16th Congress (July 2013 - 2016),https://ldr.senate.gov.ph/bills/senate-bill-no-1583-16th-congress-republic,PROHIBITING CELLPHONE NETWORK COMPANIES FROM SENDING UNSOLICITED MATERIAL TO THEIR SUBSCRIBER,AN ACT PROHIBITING CELLPHONE NETWORK COMPANIES FROM SENDING UNSOLICITED MATERIAL TO THEIR SUBSCRIBERS VIA TEXT OR SHORT MESSAGE SERVICE (SMS),"ESTRADA, JINGGOY E.","September 9, 2013",NATIONAL,CELLULAR PHONES/CELL PHONES,PUBLIC SERVICES,PENDING IN THE COMMITTEE
Senate Bill No. 1160,16th Congress (July 2013 - 2016),https://ldr.senate.gov.ph/bills/senate-bill-no-1160-16th-congress-republic,PAGASA MODERNIZATION OF 2013,"AN ACT PROVIDING FOR THE MODERNIZATION OF THE PHILIPPINE ATMOSPHERIC GEOPHYSICAL AND ASTRONOMICAL SERVICES ADMINISTRATION, PROVIDING FUNDS THEREFOR AND FOR OTHER PURPOSES","VILLAR, CYNTHIA A.","July 30, 2013",NATIONAL,"PAGASA (PHILIPPINE ATMOSPHERIC, GEOPHYSICAL AND ASTRONOMICAL SERVICES ADMINISTRATION)",SCIENCE AND TECHNOLOGY,CONSOLIDATED/SUBSTITUTED IN THE COMMITTEE REPORT
Senate Bill No. 911,16th Congress (July 2013 - 2016),https://ldr.senate.gov.ph/bills/senate-bill-no-911-16th-congress-republic,E-WASTE AND CELLULAR PHONES RECYCLING ACT,"AN ACT PROVIDING FOR THE COLLECTION, TRANSPORTATION AND RECYCLING OF ELECTRONIC WASTE AND CELLULAR PHONES",Antonio F. Trillanes IV,"July 18, 2013",NATIONAL,ELECTRONIC WASTE (E-WASTE) CELLULAR PHONES/CELL PHONES RECYCLING,ENVIRONMENT AND NATURAL RESOURCES,PENDING IN THE COMMITTEE
Senate Bill No. 1017,16th Congress (July 2013 - 2016),https://ldr.senate.gov.ph/bills/senate-bill-no-1017-16th-congress-republic,DISASTER AWARENESS AND DISASTER MITIGATION,"AN ACT REQUIRING THE TEACHING OF DISASTER AWARENESS AND DISASTER MITIGATION AS PART OF THE CURRICULUM OF ALL PRIMARY AND SECONDARY SCHOOLS, AND FOR OTHER PURPOSES","REVILLA JR., RAMON BONG","July 22, 2013",NATIONAL,DISASTER AWARENESS/MITIGATION,"EDUCATION, ARTS AND CULTURE",PENDING IN THE COMMITTEE
Senate Bill No. 1593,16th Congress (July 2013 - 2016),https://ldr.senate.gov.ph/bills/senate-bill-no-1593-16th-congress-republic,BUSINESS ONE-STOP SHOP (BOSS) CENTER ACT OF 2013,AN ACT ESTABLISHING BUSINESS ONE-STOP SHOP (BOSS) CENTERS FOR SMALL AND MEDIUM ENTERPRISES IN ALL REGIONAL AND PROVINCIAL CENTERS IN THE COUNTRY,"ESTRADA, JINGGOY E.","October 9, 2013",NATIONAL,"BUSINESS ONE-STOP SHOP (BOSS) MICRO, SMALL AND MEDIUM ENTERPRISES","TRADE, COMMERCE AND ENTREPRENEURSHIP",CONSOLIDATED/SUBSTITUTED IN THE COMMITTEE REPORT
Senate Bill No. 37,16th Congress (July 2013 - 2016),https://ldr.senate.gov.ph/bills/senate-bill-no-37-16th-congress-republic,MAGNA CARTA OF THE POOR,AN ACT PROVIDING FOR A MAGNA CARTA OF THE POOR,Antonio F. Trillanes IV,"January 7, 2013",NATIONAL,MAGNA CARTA OF THE POOR,"SOCIAL JUSTICE, WELFARE AND RURAL DEVELOPMENT",PENDING IN THE COMMITTEE
Senate Bill No. 1657,16th Congress (July 2013 - 2016),https://ldr.senate.gov.ph/bills/senate-bill-no-1657-16th-congress-republic,"NEGOTIATED PROCUREMENT ON MAJOR DEFENSE EQUIPMENT, EXEMPTION FROM PUBLIC BIDDING","AN ACT AMENDING SECTION 53 OF REPUBLIC ACT NO. 9184, OTHERWISE KNOWN AS THE 'GOVERNMENT PROCUREMENT REFORM ACT', AND FOR OTHER PURPOSES",Antonio F. Trillanes IV,"September 16, 2013",NATIONAL,Government procurement Public bidding,FINANCE,"PENDING SECOND READING, ORDINARY BUSINESS"
Senate Bill No. 82,16th Congress (July 2013 - 2016),https://ldr.senate.gov.ph/bills/senate-bill-no-82-16th-congress-republic,SPECIAL EDUCATION ACT OF 2013,"AN ACT INCORPORATING A SYSTEM OF SPECIAL EDUCATION IN ALL PUBLIC AND PRIVATE ELEMENTARY AND SECONDARY SCHOOLS NATIONWIDE FOR CHILDREN AND YOUTH WITH SPECIAL NEEDS, INSTITUTIONALIZING THE BUREAU OF SPECIAL EDUCATION, CREATING THE IMPLEMENTING MACHINERY THEREOF, PROVIDING GUIDELINES FOR GOVERNMENT FINANCIAL ASSISTANCE AND OTHER INCENTIVES AND FOR OTHER PURPOSES","BINAY, MARIA LOURDES NANCY S.","January 7, 2013",NATIONAL,SPECIAL EDUCATION CHILDREN WITH SPECIAL NEEDS,"EDUCATION, ARTS AND CULTURE",PENDING IN THE COMMITTEE
Senate Bill No. 1239,16th Congress (July 2013 - 2016),https://ldr.senate.gov.ph/bills/senate-bill-no-1239-16th-congress-republic,ALLOWING K-12 ENHANCED EDUCATION GRADUATES IN THE PNP,"AN ACT BROADENING THE OPPORTUNITIES OF FILIPINO YOUTH BY ALLOWING GRADUATES OF K-12 ENHANCED EDUCATION IN THE PHILIPPINE NATIONAL POLICE, AMENDING FOR THE PURPOSE THE PNP LAW, RA 6975 AS AMENDED BY RA 8551","POE, GRACE","July 8, 2013",NATIONAL,PHILIPPINE NATIONAL POLICE (PNP) K12 EDUCATION PROGRAM,PUBLIC ORDER AND DANGEROUS DRUGS,PENDING IN THE COMMITTEE
Senate Bill No. 1303,16th Congress (July 2013 - 2016),https://ldr.senate.gov.ph/bills/senate-bill-no-1303-16th-congress-republic,INFANT AND YOUNG CHILD FEEDING ACT OF 2013,"AN ACT TO PROTECT, PROMOTE AND SUPPORT PROPER INFANT AND YOUNG CHILD FEEDING BY REGULATING THE MARKETING OF CERTAIN FOODS FOR INFANTS AND YOUNG CHILDREN","ESTRADA, JINGGOY E.","August 15, 2013",NATIONAL,INFANT AND YOUNG CHILD FEEDING ACT,HEALTH AND DEMOGRAPHY,PENDING IN THE COMMITTEE
Senate Bill No. 965,16th Congress (July 2013 - 2016),https://ldr.senate.gov.ph/bills/senate-bill-no-965-16th-congress-republic,CODE OF CONDUCT AND ETHICAL STANDARDS FOR PUBLIC OFFICIALS AND EMPLOYEES,"AN ACT AMENDING SECTION 7 (B) OF REPUBLIC ACT NO. 6713, OTHERWISE KNOWN AS THE CODE OF CONDUCT AND ETHICAL STANDARDS FOR PUBLIC OFFICIALS AND EMPLOYEES, SO AS TO LENGTHEN THE PERIOD OF PROHIBITED EMPLOYMENT IN THE CASE OF MEMBERS OF THE CABINET","ESTRADA, JINGGOY E.","July 22, 2013",NATIONAL,CODE OF CONDUCT AND ETHICAL STANDARDS (R.A.NO. 6713) CABINET MEMBERS,"CIVIL SERVICE, GOVERNMENT REORGANIZATION AND PROFESSIONAL REGULATION",PENDING IN THE COMMITTEE
Senate Bill No. 1057,16th Congress (July 2013 - 2016),https://ldr.senate.gov.ph/bills/senate-bill-no-1057-16th-congress-republic,TEENAGE PREGNANCY REDUCTION ACT,AN ACT REDUCING THE RATE OF TEENAGE PREGNANCY THROUGH EVALUATION OF PUBLIC AND PRIVATE PROGRAMS,"ESTRADA, JINGGOY E.","July 23, 2013",NATIONAL,pregnancy,HEALTH AND DEMOGRAPHY,PENDING IN THE COMMITTEE
Senate Bill No. 532,16th Congress (July 2013 - 2016),https://ldr.senate.gov.ph/bills/senate-bill-no-532-16th-congress-republic,ANTI-COMPUTER PORNOGRAPHY ACT OF 2013,AN ACT TO PUNISH THE ELECTRONIC TRANSMISSION OF INDECENT OR PORNOGRAPHIC MATERIAL TO MINORS,"LEGARDA, LOREN B.","August 7, 2013",NATIONAL,CHILD PORNOGRAPHY (R.A.NO. 9775) INTERNET SAFETY,PUBLIC INFORMATION AND MASS MEDIA,PENDING IN THE COMMITTEE
Senate Bill No. 253,16th Congress (July 2013 - 2016),https://ldr.senate.gov.ph/bills/senate-bill-no-253-16th-congress-republic,JOBS ACT OF 2013,"AN ACT PROMOTING JOB GENERATION BY PROVIDING ADDITIONAL INCENTIVES TO MICRO, SMALL AND MEDIUM ENTERPRISES",Ralph G. Recto,"January 7, 2013",NATIONAL,"MICRO, SMALL AND MEDIUM ENTERPRISES JOBS","TRADE, COMMERCE AND ENTREPRENEURSHIP",CONSOLIDATED/SUBSTITUTED IN THE COMMITTEE REPORT
Senate Bill No. 601,16th Congress (July 2013 - 2016),https://ldr.senate.gov.ph/bills/senate-bill-no-601-16th-congress-republic,SELF-EMPLOYED WORKERS PROTECTION AND ENHANCEMENT ACT,"AN ACT TO FURTHER STRENGTHEN THE STANDARD OF PROTECTION AND ENHANCEMENT OF THE WELFARE OF SELF-EMPLOYED WORKERS AND CRAFTSMEN AND THE PROMOTION OF ENTREPRENEURSHIP THEREBY AMENDING FOR THIS PURPOSE, SECTION 8 OF REPUBLIC ACT 8282 OTHERWISE KNOWN AS THE SOCIAL SECURITY ACT OF 1997","ESCUDERO, FRANCIS G.","August 7, 2013",NATIONAL,ENTREPRENEURSHIP SOCIAL SECURITY ACT OF 1997 (R.A.NO. 8282) SELF-EMPLOYED WORKERS/CRAFTSMEN,"LABOR, EMPLOYMENT AND HUMAN RESOURCES DEVELOPMENT",PENDING IN THE COMMITTEE
Senate Bill No. 297,16th Congress (July 2013 - 2016),https://ldr.senate.gov.ph/bills/senate-bill-no-297-16th-congress-republic,SPECIAL COMPUTER LITERACY AND INFORMATION TECHNOLOGY EDUCATION PROGRAM,"AN ACT CREATING A SPECIAL COMPUTER LITERACY AND INFORMATION TECHNOLOGY EDUCATION PROGRAM FOR PUBLIC SCHOOLS, AND FOR OTHER PURPOSES","VILLAR, CYNTHIA A.","February 7, 2013",NATIONAL,COMPUTER EDUCATION,"EDUCATION, ARTS AND CULTURE",PENDING IN THE COMMITTEE
Senate Bill No. 1967,16th Congress (July 2013 - 2016),https://ldr.senate.gov.ph/bills/senate-bill-no-1967-16th-congress-republic,REPARATION TO WRONGLY JAILED INDIVIDUALS,"AN ACT PROVIDING REPARATION TO WRONGLY JAILED INDIVIDUALS, PROVIDING FUNDS THEREFOR AND FOR OTHER PURPOSES","ESTRADA, JINGGOY E.","November 27, 2013",NATIONAL,PRISONERS (WRONGLY JAILED INDIVIDUALS),JUSTICE AND HUMAN RIGHTS,PENDING IN THE COMMITTEE
Senate Bill No. 1487,16th Congress (July 2013 - 2016),https://ldr.senate.gov.ph/bills/senate-bill-no-1487-16th-congress-republic,SAMAR ISLAND NATURAL PARK (SINP) ACT OF 2013,"AN ACT DECLARING THE SAMAR ISLAND NATURAL PARK (SINP), SITUATED IN THE PROVINCES OF SAMAR, NORTHERN SAMAR AND EASTERN SAMAR, AS PROTECTED AREA AND ITS PERIPHERAL AREAS AS BUFFER ZONE, PROVIDING FOR ITS MANAGEMENT AND FOR OTHER PURPOSES","ESTRADA, JINGGOY E.","March 9, 2013",NATIONAL,PROTECTED AREA/PROTECTED LANDSCAPE,ENVIRONMENT AND NATURAL RESOURCES,CONSOLIDATED/SUBSTITUTED IN THE COMMITTEE REPORT
Senate Bill No. 2031,16th Congress (July 2013 - 2016),https://ldr.senate.gov.ph/bills/senate-bill-no-2031-16th-congress-republic,PROFESSIONALIZATION OF PRISON MANAGEMENT ACT OF 2013,"AN ACT TO PROFESSIONALIZE THE PRACTICE OF PRISON MANAGEMENT AND SET FOR THAT PURPOSE THE QUALIFICATION OF WARDENS OF PROVINCIAL, CITY, OR MUNICIPAL JAILS","ESTRADA, JINGGOY E.","November 12, 2013",NATIONAL,PRISON MANAGEMENT,JUSTICE AND HUMAN RIGHTS,PENDING IN THE COMMITTEE
Senate Bill No. 25,16th Congress (July 2013 - 2016),https://ldr.senate.gov.ph/bills/senate-bill-no-25-16th-congress-republic,SPECIAL PROTECTION OF CHILDREN IN SITUATIONS OF ARMED CONFLICT ACT OF 2013,AN ACT PROVIDING FOR THE SPECIAL PROTECTION OF CHILDREN IN SITUATIONS OF ARMED CONFLICT AND PROVIDING PENALTIES FOR VIOLATIONS THEREOF,"ESTRADA, JINGGOY E.","January 7, 2013",NATIONAL,armed conflict CHILDREN/CHILD CARE,"WOMEN, CHILDREN, FAMILY RELATIONS AND GENDER EQUALITY",PENDING IN THE COMMITTEE
Senate Bill No. 373,16th Congress (July 2013 - 2016),https://ldr.senate.gov.ph/bills/senate-bill-no-373-16th-congress-republic,TOY SAFETY ACT,AN ACT TO PROVIDE FOR TOY SAFETY LABELING,"ESTRADA, JINGGOY E.","March 7, 2013",NATIONAL,TOY SAFETY,"TRADE, COMMERCE AND ENTREPRENEURSHIP",PENDING IN THE COMMITTEE
Senate Bill No. 76,16th Congress (July 2013 - 2016),https://ldr.senate.gov.ph/bills/senate-bill-no-76-16th-congress-republic,GOVERNMENT PROCUREMENT REFORM ACT,"AN ACT AMENDING SECTION 65 OF REPUBLIC ACT NO. 9184, OTHERWISE KNOWN AS THE GOVERNMENT PROCUREMENT REFORM ACT","Teofisto ""TG"" D. Guingona III","January 7, 2013",NATIONAL,Government procurement,CONSTITUTIONAL AMENDMENTS AND REVISION OF CODES,PENDING IN THE COMMITTEE
Senate Bill No. 859,16th Congress (July 2013 - 2016),https://ldr.senate.gov.ph/bills/senate-bill-no-859-16th-congress-republic,ANTI-COMPUTER PORNOGRAPHY ACT,AN ACT TO PUNISH TRANSMISSION OF INDECENT MATERIAL BY COMPUTER TO MINORS,"ESTRADA, JINGGOY E.","July 17, 2013",NATIONAL,pornography YOUTH,PUBLIC INFORMATION AND MASS MEDIA,PENDING IN THE COMMITTEE
Senate Bill No. 1311,16th Congress (July 2013 - 2016),https://ldr.senate.gov.ph/bills/senate-bill-no-1311-16th-congress-republic,LICENSE PLATE CONCEALMENT ACT,"AN ACT PROHIBITING THE SALE, USE, OR POSSESSION OF MERCHANDISE DESIGNED TO CONCEAL OR OBSCURE LICENSE PLATE NUMBERS",Miriam Defensor Santiago,"August 15, 2013",NATIONAL,Motor vehicle license plates,PUBLIC SERVICES,PENDING IN THE COMMITTEE
Senate Bill No. 141,16th Congress (July 2013 - 2016),https://ldr.senate.gov.ph/bills/senate-bill-no-141-16th-congress-republic,LADDERIZED EDUCATION ACT OF 2013,AN ACT STRENGTHENING THE LADDERIZED INTERFACE BETWEEN TECHNICAL-VOCATIONAL EDUCATION AND TRAINING AND HIGHER EDUCATION,"VILLAR, CYNTHIA A.","January 7, 2013",NATIONAL,LADDERIZED EDUCATION,"EDUCATION, ARTS AND CULTURE",CONSOLIDATED/SUBSTITUTED IN THE COMMITTEE REPORT
Senate Bill No. 198,16th Congress (July 2013 - 2016),https://ldr.senate.gov.ph/bills/senate-bill-no-198-16th-congress-republic,SCHOOL MODERNIZATION AND INNOVATION ACT OF 2013,"AN ACT INSTITUTIONALIZING A SCHOOL MODERNIZATION AND INNOVATION PROGRAM FOR PUBLIC ELEMENTARY AND SECONDARY SCHOOLS, PROVIDING FUNDS THEREFOR, AND FOR OTHER PURPOSES","ANGARA, SONNY","January 7, 2013",NATIONAL,SCHOOL MODERNIZATION,"EDUCATION, ARTS AND CULTURE",PENDING IN THE COMMITTEE
Senate Bill No. 248,16th Congress (July 2013 - 2016),https://ldr.senate.gov.ph/bills/senate-bill-no-248-16th-congress-republic,CYBERCRIME PREVENTION ACT,"AN ACT AMENDING SECTION 19 OF REPUBLIC ACT NO. 10175, OTHERWISE KNOWN AS THE CYBERCRIME PREVENTION ACT OF 2012","CAYETANO, ALAN PETER S.","January 7, 2013",NATIONAL,CYBERCRIME,SCIENCE AND TECHNOLOGY,PENDING IN THE COMMITTEE
Senate Bill No. 292,16th Congress (July 2013 - 2016),https://ldr.senate.gov.ph/bills/senate-bill-no-292-16th-congress-republic,COMPUTER EDUCATION PROGRAM,AN ACT TO INTEGRATE A COMPUTER EDUCATION PROGRAM INTO THE EDUCATIONAL SYSTEM AND FOR OTHER PURPOSES,"REVILLA JR., RAMON BONG","February 7, 2013",NATIONAL,COMPUTER EDUCATION,"EDUCATION, ARTS AND CULTURE",PENDING IN THE COMMITTEE
Senate Bill No. 36,16th Congress (July 2013 - 2016),https://ldr.senate.gov.ph/bills/senate-bill-no-36-16th-congress-republic,FREEDOM OF INFORMATION ACT OF 2013,"AN ACT IMPLEMENTING THE RIGHT OF THE PEOPLE TO INFORMATION ON MATTERS OF PUBLIC CONCERN GUARANTEED UNDER SECTION SEVEN, ARTICLE THREE OF THE 1987 CONSTITUTION AND THE STATE POLICY OF FULL PUBLIC DISCLOSURE OF ALL ITS TRANSACTIONS INVOLVING PUBLIC INTEREST UNDER SECTION TWENTY-EIGHT, ARTICLE TWO OF THE 1987 CONSTITUTION, AND FOR OTHER PURPOSES",Antonio F. Trillanes IV,"January 7, 2013",NATIONAL,RIGHT TO INFORMATION,PUBLIC INFORMATION AND MASS MEDIA,CONSOLIDATED/SUBSTITUTED IN THE COMMITTEE REPORT
Senate Bill No. 119,16th Congress (July 2013 - 2016),https://ldr.senate.gov.ph/bills/senate-bill-no-119-16th-congress-republic,GOVERNANCE IN PRESCHOOL EDUCATION ACT,AN ACT GOVERNING THE SYSTEM OF PRESCHOOL EDUCATION BY PRESCRIBING STANDARDS AND REGULATIONS OF PRESCHOOL FACILITIES AND SERVICES,"ESCUDERO, FRANCIS G.","January 7, 2013",NATIONAL,PRE-SCHOOL EDUCATION,"EDUCATION, ARTS AND CULTURE",PENDING IN THE COMMITTEE
Senate Bill No. 870,16th Congress (July 2013 - 2016),https://ldr.senate.gov.ph/bills/senate-bill-no-870-16th-congress-republic,ORIENTATION COURSES FOR NEWLY APPOINTED GOVERNMENT OFFICIALS AND EMPLOYEES,AN ACT REQUIRING NEWLY APPOINTED GOVERNMENT OFFICIALS AND EMPLOYEES TO UNDERGO ORIENTATION COURSES UPON ASSUMPTION TO OFFICE AND PROVIDING PENALTIES FOR VIOLATIONS THEREOF,"ESTRADA, JINGGOY E.","July 17, 2013",NATIONAL,ORIENTATION COURSES GOVERNMENT OFFICIAL/PUBLIC OFFICIAL GOVERNMENT EMPLOYEES,"CIVIL SERVICE, GOVERNMENT REORGANIZATION AND PROFESSIONAL REGULATION",PENDING IN THE COMMITTEE
Senate Bill No. 934,16th Congress (July 2013 - 2016),https://ldr.senate.gov.ph/bills/senate-bill-no-934-16th-congress-republic,ASPARTAME BAN ACT,"AN ACT PROHIBITING THE USE OF ASPARTAME ON FOOD, BEVERAGES AND DRUGS",Miriam Defensor Santiago,"July 18, 2013",NATIONAL,ASPARTAME FOOD SAFETY,HEALTH AND DEMOGRAPHY,PENDING IN THE COMMITTEE
Senate Bill No. 623,16th Congress (July 2013 - 2016),https://ldr.senate.gov.ph/bills/senate-bill-no-623-16th-congress-republic,PHILIPPINE MEDICAL ACADEMY AND SCHOLARSHIP ACT,"AN ACT CREATING THE PHILIPPINE MEDICAL ACADEMY, ESTABLISHING THE PHILIPPINE MEDICAL SCHOLARSHIP PROGRAM AND APPROPRIATING FUNDS THEREFOR",Ralph G. Recto,"August 7, 2013",NATIONAL,PHILIPPINE MEDICAL ACADEMY SCHOLARSHIP GRANTS,HEALTH AND DEMOGRAPHY,PENDING IN THE COMMITTEE
Senate Bill No. 411,16th Congress (July 2013 - 2016),https://ldr.senate.gov.ph/bills/senate-bill-no-411-16th-congress-republic,NATIONAL INTERNSHIP ACT OF 2013,"AN ACT ESTABLISHING A NATIONAL INTERNSHIP PROGRAM, PROVIDING FUNDS THEREOF AND FOR OTHER PURPOSES","Ferdinand ""Bongbong"" R. Marcos, Jr.","March 7, 2013",NATIONAL,INTERNSHIP,"CIVIL SERVICE, GOVERNMENT REORGANIZATION AND PROFESSIONAL REGULATION",PENDING IN THE COMMITTEE
Senate Bill No. 719,16th Congress (July 2013 - 2016),https://ldr.senate.gov.ph/bills/senate-bill-no-719-16th-congress-republic,MOTOR VEHICLE USER'S CHARGE ACT,"AN ACT EXEMPTING PUBLIC UTILITY VEHICLES FROM THE MOTOR VEHICLES USER'S CHARGE AMENDING FOR THE PURPOSE SECTIONS 2 AND 3 OF REPUBLIC ACT NO. 8794, OTHERWISE KNOWN AS THE MOTOR VEHICLE USER'S CHARGE ACT OF 2000",Ralph G. Recto,"October 7, 2013",NATIONAL,MOTOR VEHICLES USERS CHARGE (MVUC) (R.A. NO. 8794),PUBLIC WORKS,PENDING IN THE COMMITTEE
Senate Bill No. 449,16th Congress (July 2013 - 2016),https://ldr.senate.gov.ph/bills/senate-bill-no-449-16th-congress-republic,CENTENARIANS ACT OF 2013,"AN ACT HONORING AND GRANTING ADDITIONAL BENEFITS AND PRIVILEGES TO FILIPINO CENTENARIANS, DECLARING THE 25TH OF SEPTEMBER AS NATIONAL RESPECT FOR CENTENARIANS DAY, AND FOR OTHER PURPOSES","RECTO, RALPH G.","April 7, 2013",NATIONAL,CENTENARIANS,"SOCIAL JUSTICE, WELFARE AND RURAL DEVELOPMENT",APPROVED BY THE PRESIDENT OF THE PHILIPPINES
Senate Bill No. 166,16th Congress (July 2013 - 2016),https://ldr.senate.gov.ph/bills/senate-bill-no-166-16th-congress-republic,MILITARY VETERANS,"AN ACT PROVIDING FOR THE PAYMENT OF ARREARS IN THE VETERANS' PENSIONS AND BENEFITS MANDATED PURSUANT TO REPUBLIC ACT NO. 7696, AS AMENDED, OTHERWISE KNOWN AS AN ACT STANDARDIZING AND UPGRADING THE BENEFITS FOR MILITARY VETERANS AND THEIR DEPENDENTS AND APPROPRIATING FUNDS THEREFOR",Antonio F. Trillanes IV,"January 7, 2013",NATIONAL,VETERANS PENSION,NATIONAL DEFENSE AND SECURITY,PENDING IN THE COMMITTEE
Senate Bill No. 232,16th Congress (July 2013 - 2016),https://ldr.senate.gov.ph/bills/senate-bill-no-232-16th-congress-republic,PETROLEUM EXPLORATION AND DEVELOPMENT ACT,AN ACT TO PROMOTE THE DISCOVERY AND PRODUCTION OF INDIGENOUS PETROLEUM AND FOR OTHER PURPOSES,"BINAY, MARIA LOURDES NANCY S.","January 7, 2013",NATIONAL,Petroleum products,ENERGY,PENDING IN THE COMMITTEE
Senate Bill No. 313,16th Congress (July 2013 - 2016),https://ldr.senate.gov.ph/bills/senate-bill-no-313-16th-congress-republic,HYDROPONICS AGRICULTURE,AN ACT PROMOTING HYDROPONICS AGRICULTURE AS AN INSTRUMENT TO SOLVE PROBLEMS OF FOOD SECURITY AND AS A MECHANISM OF WISE USE OF SCARCE LAND RESOURCES,"VILLAR, CYNTHIA A.","February 7, 2013",NATIONAL,HYDROPONICS AGRICULTURE FOOD SECURITY,AGRICULTURE AND FOOD,PENDING IN THE COMMITTEE
Senate Bill No. 4,16th Congress (July 2013 - 2016),https://ldr.senate.gov.ph/bills/senate-bill-no-4-16th-congress-republic,PROHIBITION ON CHILDREN RIDING MOTORCYCLES ACT OF 2013,AN ACT PROHIBITING ANY PERSON FROM ALLOWING CHILDREN 12 YEARS OLD AND BELOW TO RIDE AT THE BACK OF A MOTORCYCLE WHEN TRAVELLING ALONG PUBLIC AND PRIVATE ROADS,"SOTTO III, VICENTE C.","January 7, 2013",NATIONAL,MOTORCYCLE CHILDREN/CHILD CARE,PUBLIC SERVICES,CONSOLIDATED/SUBSTITUTED IN THE COMMITTEE REPORT
Senate Bill No. 361,16th Congress (July 2013 - 2016),https://ldr.senate.gov.ph/bills/senate-bill-no-361-16th-congress-republic,RELEASE OF RETIREMENT PAY WITHIN 15 DAYS AFTER RETIREMENT,"AN ACT AMENDING ARTICLE 287 OF PRESIDENTIAL DECREE NO. 442, AS AMENDED, OTHERWISE KNOWN AS THE LABOR CODE OF THE PHILIPPINES, BY REQUIRING EMPLOYERS TO RELEASE THE RETIREMENT PAY OF EMPLOYEES WITHIN FIFTEEN DAYS FROM SUBMISSION OF COMPLETE DOCUMENTARY REQUIREMENTS","ESTRADA, JINGGOY E.","March 7, 2013",NATIONAL,RETIREMENT PAY (EARLY RELEASE) LABOR CODE OF THE PHILIPPINES (P.D. NO. 442),"LABOR, EMPLOYMENT AND HUMAN RESOURCES DEVELOPMENT",PENDING IN THE COMMITTEE
Senate Bill No. 66,16th Congress (July 2013 - 2016),https://ldr.senate.gov.ph/bills/senate-bill-no-66-16th-congress-republic,NATIONAL SECURITY ACT OF 2013,AN ACT PROVIDING FOR A NATIONAL SECURITY AND PLANNING FRAMEWORK AND CREATING AN INSTITUTIONAL MECHANISMS FOR ITS IMPLEMENTATION AND FOR OTHER PURPOSES,Gregorio B. Honasan II,"January 7, 2013",NATIONAL,NATIONAL SECURITY POLICY,NATIONAL DEFENSE AND SECURITY,PENDING IN THE COMMITTEE
Senate Bill No. 1047,16th Congress (July 2013 - 2016),https://ldr.senate.gov.ph/bills/senate-bill-no-1047-16th-congress-republic,MT. BALATUKAN RANGE NATURAL PARK ACT OF 2013,"AN ACT ESTABLISHING THE MT. BALATUKAN RANGE LOCATED IN THE CITY OF GINGOOG AND IN THE MUNICIPALITIES OF CLAVERIA, MEDINA, AND BALINGASAG, ALL IN THE PROVINCE OF MISAMIS ORIENTAL, AS A PROTECTED AREA, UNDER THE CATEGORY OF PROTECTED LANDSCAPE, PROVIDING FOR ITS MANAGEMENT, AND FOR OTHER PURPOSES","CAYETANO, PIA S.","July 23, 2013",LOCAL,PROTECTED AREA/PROTECTED LANDSCAPE,ENVIRONMENT AND NATURAL RESOURCES,CONSOLIDATED/SUBSTITUTED IN THE COMMITTEE REPORT
Senate Bill No. 1352,16th Congress (July 2013 - 2016),https://ldr.senate.gov.ph/bills/senate-bill-no-1352-16th-congress-republic,INDOOR AIR QUALITY,AN ACT TO PROTECT INDOOR AIR QUALITY,Miriam Defensor Santiago,"August 22, 2013",NATIONAL,AIR POLLUTION BUILDINGS/STRUCTURES,HEALTH AND DEMOGRAPHY,PENDING IN THE COMMITTEE
Senate Bill No. 1416,16th Congress (July 2013 - 2016),https://ldr.senate.gov.ph/bills/senate-bill-no-1416-16th-congress-republic,NATIONAL PEACE POLICY ACT OF 2013,AN ACT DECLARING A NATIONAL PEACE POLICY THEREBY CREATING A COMMISSION ON PEACE,"ESTRADA, JINGGOY E.","August 29, 2013",NATIONAL,COMMISSION ON PEACE,"PEACE, UNIFICATION AND RECONCILIATION",PENDING IN THE COMMITTEE
Senate Bill No. 1722,16th Congress (July 2013 - 2016),https://ldr.senate.gov.ph/bills/senate-bill-no-1722-16th-congress-republic,"COMMISSION ON THE ADVANCEMENT OF WOMEN IN SCIENCE, ENGINEERING AND TECHNOLOGY DEV'T ACT","AN ACT ESTABLISHING THE COMMISSION ON THE ADVANCEMENT OF WOMEN IN SCIENCE, ENGINEERING AND TECHNOLOGY DEVELOPMENT",Miriam Defensor Santiago,"September 18, 2013",NATIONAL,WOMEN,"WOMEN, CHILDREN, FAMILY RELATIONS AND GENDER EQUALITY",PENDING IN THE COMMITTEE
Senate Bill No. 1786,16th Congress (July 2013 - 2016),https://ldr.senate.gov.ph/bills/senate-bill-no-1786-16th-congress-republic,SAVING YOUNG SUBSTANCE ABUSERS ACT,AN ACT PROVIDING FOR THE PREVENTION AND TREATMENT OF DRUGS AND ALCOHOL ABUSE AMONG HIGH RISK YOUTH,Miriam Defensor Santiago,"March 10, 2013",NATIONAL,YOUTH ALCOHOL ABUSE DRUG REHABILITATION,HEALTH AND DEMOGRAPHY,PENDING IN THE COMMITTEE
Senate Bill No. 250,16th Congress (July 2013 - 2016),https://ldr.senate.gov.ph/bills/senate-bill-no-250-16th-congress-republic,PHILIPPINE CHARITY SWEEPSTAKES OFFICE (PCSO),"AN ACT MODERNIZING HEALTHCARE AND HEALTH INFRASTRUCTURE BY EARMARKING THE ENTIRE PHILIPPINE CHARITY SWEEPSTAKES OFFICE CHARITY FUND FOR SUCH PURPOSE, THEREBY AMENDING REPUBLIC ACT NO. 1169, AS AMENDED BY BATAS PAMBANSA BLG. 42",Ralph G. Recto,"January 7, 2013",NATIONAL,PHILIPPINE CHARITY SWEEPSTAKES OFFICE (PCSO),GOVERNMENT CORPORATIONS AND PUBLIC ENTERPRISES,PENDING IN THE COMMITTEE
Senate Bill No. 1860,16th Congress (July 2013 - 2016),https://ldr.senate.gov.ph/bills/senate-bill-no-1860-16th-congress-republic,SINGLE TRAFFIC TICKETING ACT OF 2013,AN ACT ESTABLISHING A SINGLE TRAFFIC TICKETING SYSTEM,"EJERCITO, JOSEPH VICTOR G.","October 16, 2013",NATIONAL,TRAFFIC PROGRAM,PUBLIC SERVICES,PENDING IN THE COMMITTEE
Senate Bill No. 294,16th Congress (July 2013 - 2016),https://ldr.senate.gov.ph/bills/senate-bill-no-294-16th-congress-republic,HALAL ACT OF 2013,"AN ACT ESTABLISHING THE GENERAL GUIDELINES FOR THE PHILIPPINE HALAL SYSTEM, CREATING FOR THE PURPOSE THE PHILIPPINE HALAL EXECUTIVE COUNCIL AND CONVERTING THE SAME INTO A BOARD AFTER THE TRANSITION PERIOD, AND FOR OTHER PURPOSES","REVILLA JR., RAMON BONG","February 7, 2013",NATIONAL,HALAL FOOD,AGRICULTURE AND FOOD,CONSOLIDATED/SUBSTITUTED IN THE COMMITTEE REPORT
Senate Bill No. 1924,16th Congress (July 2013 - 2016),https://ldr.senate.gov.ph/bills/senate-bill-no-1924-16th-congress-republic,CELL PHONE SUBSCRIBER PROTECTION ACT,AN ACT ESTABLISHING MINIMUM STANDARDS IN THE QUALITY OF MOBILE PHONE SERVICES,Miriam Defensor Santiago,"November 14, 2013",NATIONAL,CELLULAR PHONES/CELL PHONES,PUBLIC SERVICES,PENDING IN THE COMMITTEE
Senate Bill No. 202,16th Congress (July 2013 - 2016),https://ldr.senate.gov.ph/bills/senate-bill-no-202-16th-congress-republic,CHILD NUTRITION ACT OF THE PHILIPPINES,AN ACT PROVIDING FOR A SCHOOL NUTRITION PROGRAM AND FOR OTHER PURPOSES,"ANGARA, SONNY","January 7, 2013",NATIONAL,nutrition,"EDUCATION, ARTS AND CULTURE",PENDING IN THE COMMITTEE
Senate Bill No. 216,16th Congress (July 2013 - 2016),https://ldr.senate.gov.ph/bills/senate-bill-no-216-16th-congress-republic,PHILIPPINE AMUSEMENT AND GAMING CORPORATION,AN ACT FURTHER AMENDING SECTION 12 OF PRESIDENTIAL DECREE 1869 AS AMENDED AND ALLOCATING A PORTION OF THE FUNDS GENERATED BY THE PHILIPPINE AMUSEMENT AND GAMING CORPORATION TO STATE RUN UNIVERSITIES AND COLLEGES AS FINANCIAL EDUCATIONAL SUPPORT,"EJERCITO, JOSEPH VICTOR G.","January 7, 2013",NATIONAL,PHILIPPINE AMUSEMENT AND GAMING CORPORATION (PAGCOR) FRANCHISE TAX,GOVERNMENT CORPORATIONS AND PUBLIC ENTERPRISES,PENDING IN THE COMMITTEE
Senate Bill No. 1733,16th Congress (July 2013 - 2016),https://ldr.senate.gov.ph/bills/senate-bill-no-1733-16th-congress-republic,PEOPLE'S FREEDOM OF INFORMATION ACT OF 2013,AN ACT IMPLEMENTING THE PEOPLE'S RIGHT TO INFORMATION AND THE CONSTITUTIONAL POLICIES OF FULL PUBLIC DISCLOSURE AND HONESTY IN THE PUBLIC SERVICE AND FOR OTHER PURPOSES,"ESCUDERO, FRANCIS G.","September 24, 2013",NATIONAL,RIGHT TO INFORMATION,PUBLIC INFORMATION AND MASS MEDIA,PENDING IN THE HOUSE OF REPRESENTATIVES
Senate Bill No. 1797,16th Congress (July 2013 - 2016),https://ldr.senate.gov.ph/bills/senate-bill-no-1797-16th-congress-republic,PRESIDENTIAL DEBATE REFORM ACT,AN ACT ESTABLISHING THE PRESIDENTIAL DEBATE COMMISSION,Miriam Defensor Santiago,"March 10, 2013",NATIONAL,PRESIDENTIAL DEBATE COMMISSION,ELECTORAL REFORMS AND PEOPLES PARTICIPATION,PENDING IN THE COMMITTEE
Senate Bill No. 259,16th Congress (July 2013 - 2016),https://ldr.senate.gov.ph/bills/senate-bill-no-259-16th-congress-republic,DENTAL UNIT IN EVERY RURAL HEALTH UNIT,AN ACT CREATING A DENTAL UNIT IN EVERY RURAL HEALTH UNIT UNDER THE DEPARTMENT OF HEALTH AS PART OF THE PRIMARY APPROACH IN THE DELIVERY OF HEALTH SERVICES AND PROVIDING FUNDS THEREFOR,"ANGARA, SONNY","February 7, 2013",NATIONAL,RURAL DENTIST HEALTH CARE DELIVERY SYSTEM DEPARTMENT OF HEALTH (DOH),HEALTH AND DEMOGRAPHY,PENDING IN THE COMMITTEE
Senate Bill No. 1235,16th Congress (July 2013 - 2016),https://ldr.senate.gov.ph/bills/senate-bill-no-1235-16th-congress-republic,OWWA ACT OF 2013,AN ACT TO GOVERN THE OPERATIONS AND ADMINISTRATION OF THE OVERSEAS WORKERS WELFARE ADMINISTRATION,"EJERCITO, JOSEPH VICTOR G.","June 8, 2013",NATIONAL,OVERSEAS WORKERS WELFARE ADMINISTRATION (OWWA),"LABOR, EMPLOYMENT AND HUMAN RESOURCES DEVELOPMENT",CONSOLIDATED/SUBSTITUTED IN THE COMMITTEE REPORT
Senate Bill No. 1871,16th Congress (July 2013 - 2016),https://ldr.senate.gov.ph/bills/senate-bill-no-1871-16th-congress-republic,PHILIPPINE NATIONAL POLICE REFORM AND REORGANIZATION ACT,"AN ACT AMENDING REPUBLIC ACT NO. 8551, ALSO KNOWN AS THE PHILIPPINE NATIONAL POLICE REFORM AND REORGANIZATION ACT OF 1998, TO CREATE LGBT PROTECTION DESKS IN ALL POLICE STATIONS",Miriam Defensor Santiago,"October 21, 2013",NATIONAL,PHILIPPINE NATIONAL POLICE (PNP) GENDER EDUCATION,PUBLIC ORDER AND DANGEROUS DRUGS,PENDING IN THE COMMITTEE
Senate Bill No. 355,16th Congress (July 2013 - 2016),https://ldr.senate.gov.ph/bills/senate-bill-no-355-16th-congress-republic,"AMENDING R.A.NO. 7743, THAT LIBRARIES BE BASED ON LATEST COMPUTER AND ELECTRONIC LIBRARY TECHNOLOGY","AN ACT AMENDING REPUBLIC ACT NO. 7743, OTHERWISE KNOWN AS 'AN ACT PROVIDING FOR THE ESTABLISHMENT OF CONGRESSIONAL, CITY AND MUNICIPAL LIBRARIES AND BARANGAY READING CENTERS THROUGHOUT THE PHILIPPINES', AND FOR OTHER PURPOSES","LEGARDA, LOREN B.","March 7, 2013",NATIONAL,LIBRARY/BARANGAY READING CENTERS,"EDUCATION, ARTS AND CULTURE",PENDING IN THE COMMITTEE
Senate Bill No. 1299,16th Congress (July 2013 - 2016),https://ldr.senate.gov.ph/bills/senate-bill-no-1299-16th-congress-republic,LOCAL GOVERNMENT CODE (SOCIAL WELFARE AND DEVELOPMENT OFFICERS),"AN ACT AMENDING REPUBLIC ACT NO. 7160, OTHERWISE KNOWN AS THE LOCAL GOVERNMENT CODE OF 1991, BOOK 3, TITLE 5, ARTICLE 13, SECTION 483, AS AMENDED","ESTRADA, JINGGOY E.","August 15, 2013",NATIONAL,LOCAL GOVERNMENT CODE (R.A. NO. 7160),LOCAL GOVERNMENT,PENDING IN THE COMMITTEE
Senate Bill No. 1935,16th Congress (July 2013 - 2016),https://ldr.senate.gov.ph/bills/senate-bill-no-1935-16th-congress-republic,"AMENDING SEC. 4, PROBATION LAW (INCREASING INTER ALIA THE PROBATIONABLE PENALTY)","AN ACT RATIONALIZING AND STRENGTHENING THE PROBATION SYSTEM BY INCREASING INTER ALIA THE PROBATIONABLE PENALTY TO LESS THAN EIGHT (8) YEARS, AMENDING FOR THE PURPOSE THE PERTINENT PROVISIONS OF PRESIDENTIAL DECREE NO. 968, OTHERWISE KNOWN AS THE 'PROBATION LAW OF 1976', AS AMENDED","EJERCITO, JOSEPH VICTOR G.","November 18, 2013",NATIONAL,probation,JUSTICE AND HUMAN RIGHTS,CONSOLIDATED/SUBSTITUTED IN THE COMMITTEE REPORT
Senate Bill No. 691,16th Congress (July 2013 - 2016),https://ldr.senate.gov.ph/bills/senate-bill-no-691-16th-congress-republic,ENVIRONMENTAL COMPONENT OF LOAN APPLICATIONS,AN ACT ESTABLISHING ENVIRONMENTAL UNITS IN EVERY BANKING INSTITUTION TO ASSESS THE ENVIRONMENTAL COMPONENT OF LOAN APPLICATIONS,"LEGARDA, LOREN B.","September 7, 2013",NATIONAL,BANK LOANS ENVIRONMENTAL PROTECTION,"BANKS, FINANCIAL INSTITUTIONS AND CURRENCIES",PENDING IN THE COMMITTEE
Senate Bill No. 1525,16th Congress (July 2013 - 2016),https://ldr.senate.gov.ph/bills/senate-bill-no-1525-16th-congress-republic,PROPERTY LEASE REGISTRATION ACT,AN ACT ESTABLISHING A SYSTEM OF REGISTRATION FOR LEASE ON REGISTERED LANDS,"ESCUDERO, FRANCIS G.","April 9, 2013",NATIONAL,PROPERTY REGISTRATION LAND REGISTRATION AUTHORITY,JUSTICE AND HUMAN RIGHTS,PENDING IN THE COMMITTEE
Senate Bill No. 506,16th Congress (July 2013 - 2016),https://ldr.senate.gov.ph/bills/senate-bill-no-506-16th-congress-republic,BLOOD TYPE IDENTIFICATION ACT,"AN ACT REQUIRING ALL GOVERNMENT-ISSUED IDENTIFICATION CARDS, CERTIFICATES AND LICENSES TO INCLUDE A PORTION INDICATING THE BLOOD TYPE OF THE HOLDER THEREOF AND PROVIDING PENALTIES FOR VIOLATIONS THEREOF","VILLAR, CYNTHIA A.","August 7, 2013",NATIONAL,BLOOD TYPE IDENTIFICATION SYSTEM,HEALTH AND DEMOGRAPHY,PENDING IN THE COMMITTEE
Senate Bill No. 595,16th Congress (July 2013 - 2016),https://ldr.senate.gov.ph/bills/senate-bill-no-595-16th-congress-republic,PROBATION LAW,"AN ACT AMENDING SECTION 4 OF PRESIDENTIAL DECREE NO. 968, OTHERWISE KNOWN AS THE PROBATION LAW OF 1976, AS AMENDED, ON THE GRANT OF PROBATION","ESCUDERO, FRANCIS G.","August 7, 2013",NATIONAL,probation,JUSTICE AND HUMAN RIGHTS,CONSOLIDATED/SUBSTITUTED IN THE COMMITTEE REPORT
Senate Bill No. 763,16th Congress (July 2013 - 2016),https://ldr.senate.gov.ph/bills/senate-bill-no-763-16th-congress-republic,COMPREHENSIVE NATIONAL HOMELOTS DISTRIBUTION ACT,AN ACT PROVIDING FOR A NATIONAL HOMELOTS DISTRIBUTION PROGRAM,"ESTRADA, JINGGOY E.","July 15, 2013",NATIONAL,HOMELOTS DISTRIBUTION PROGRAM HOUSING PROJECTS,"URBAN PLANNING, HOUSING AND RESETTLEMENT",PENDING IN THE COMMITTEE
Senate Bill No. 2007,16th Congress (July 2013 - 2016),https://ldr.senate.gov.ph/bills/senate-bill-no-2007-16th-congress-republic,VICTIM CONFIDENTIALITY ACT OF 2013,"AN ACT STRENGTHENING THE RIGHTS TO PRIVACY OF VICTIMS OF ABUSE, VIOLENCE, EXPLOITATION, AND OTHER OFFENSES, AND THEIR FAMILIES BY MANDATING THE CONFIDENTIALITY OF RECORDS OF ACTIONS, SUITS OR PROCEEDINGS, AND THE IDENTITY OF VICTIMS AND THEIR FAMILIES, PROVIDING PENALTIES THEREFOR","BINAY, MARIA LOURDES NANCY S.","September 12, 2013",NATIONAL,PRIVACY,JUSTICE AND HUMAN RIGHTS,PENDING IN THE COMMITTEE
Senate Bill No. 827,16th Congress (July 2013 - 2016),https://ldr.senate.gov.ph/bills/senate-bill-no-827-16th-congress-republic,SCHOLARSHIP GRANTS TO COLLEGE STUDENTS,"AN ACT GRANTING COLLEGE SCHOLARSHIP TO STUDENTS WHO GRADUATED AS VALEDICTORIANS AND SALUTATORIANS FROM PUBLIC AND STATE-SUPPORTED HIGHSCHOOLS IN THE PHILIPPINES, APPROPRIATING FUNDS THEREFOR, AND FOR OTHER PURPOSES",Antonio F. Trillanes IV,"July 16, 2013",NATIONAL,SCHOLARSHIP GRANTS,"EDUCATION, ARTS AND CULTURE",CONSOLIDATED/SUBSTITUTED IN THE COMMITTEE REPORT
Senate Bill No. 299,16th Congress (July 2013 - 2016),https://ldr.senate.gov.ph/bills/senate-bill-no-299-16th-congress-republic,RIVER DEVELOPMENT AUTHORITY,"AN ACT MANDATING EACH CITY OR MUNICIPALITY TO CREATE A RIVER DEVELOPMENT AUTHORITY FOR THE PRESERVATION, PROTECTION AND DEVELOPMENT OF ALL RIVERS, RIVER SYSTEMS, AND NATURAL WATERWAYS WITHIN ITS JURISDICTION, DEFINING ITS POWERS AND FUNCTIONS AND APPROPRIATING FUNDS THEREFOR","VILLAR, CYNTHIA A.","February 7, 2013",NATIONAL,RIVERS AND WATERWAYS,ENVIRONMENT AND NATURAL RESOURCES,PENDING IN THE COMMITTEE
Senate Bill No. 15,16th Congress (July 2013 - 2016),https://ldr.senate.gov.ph/bills/senate-bill-no-15-16th-congress-republic,"SOCIAL SECURITY SYSTEM, PENSION INCREASE",AN ACT INCREASING PENSIONS UNDER THE SOCIAL SECURITY SYSTEM AMENDING FOR THE PURPOSE SECTION 12 OF THE SOCIAL SECURITY ACT OF 1997,"Ferdinand ""Bongbong"" R. Marcos, Jr.","January 7, 2013",NATIONAL,SOCIAL SECURITY SYSTEM (SSS) PENSION,GOVERNMENT CORPORATIONS AND PUBLIC ENTERPRISES,CONSOLIDATED/SUBSTITUTED IN THE COMMITTEE REPORT
Senate Bill No. 109,16th Congress (July 2013 - 2016),https://ldr.senate.gov.ph/bills/senate-bill-no-109-16th-congress-republic,THE PUBLIC SCHOOL TEACHERS' SALARY UPGRADING ACT,AN ACT UPGRADING THE MINIMUM SALARY GRADE OF PUBLIC SCHOOL TEACHERS FROM SALARY GRADE 11 TO 15,"Ferdinand ""Bongbong"" R. Marcos, Jr.","January 7, 2013",NATIONAL,TEACHERS SALARY GRADE,"EDUCATION, ARTS AND CULTURE",PENDING IN THE COMMITTEE
Senate Bill No. 871,16th Congress (July 2013 - 2016),https://ldr.senate.gov.ph/bills/senate-bill-no-871-16th-congress-republic,PENALIZING MOTHERS WHO TAKE ILLEGAL DRUGS DURING PREGNANCY,"AN ACT PENALIZING MOTHERS WHO TAKE COCAINE OR OTHER ILLEGAL DRUGS DURING PREGNANCY AND THEREBY CAUSE DEATH OR SERIOUS PHYSICAL INJURY TO THE UNBORN CHILD OR NEW-BORN AND AMENDING ARTICLES 255 AND 264 OF REPUBLIC ACT NO. 3815, AS AMENDED, OTHERWISE KNOWN AS THE REVISED PENAL CODE","ESTRADA, JINGGOY E.","July 17, 2013",NATIONAL,ILLEGAL DRUGS REVISED PENAL CODE (R.A. NO. 3815) EXPECTANT MOTHERS,CONSTITUTIONAL AMENDMENTS AND REVISION OF CODES,PENDING IN THE COMMITTEE
Senate Bill No. 935,16th Congress (July 2013 - 2016),https://ldr.senate.gov.ph/bills/senate-bill-no-935-16th-congress-republic,TEACHERS OF CHILDREN WITH SPECIAL NEEDS ENHANCEMENT ACT,AN ACT ESTABLISHING A COMPREHENSIVE TRAINING PROGRAM FOR TEACHERS OF CHILDREN WITH SPECIAL NEEDS,Miriam Defensor Santiago,"July 18, 2013",NATIONAL,TEACHERS CHILDREN WITH SPECIAL NEEDS,"EDUCATION, ARTS AND CULTURE",PENDING IN THE COMMITTEE
Senate Bill No. 167,16th Congress (July 2013 - 2016),https://ldr.senate.gov.ph/bills/senate-bill-no-167-16th-congress-republic,ENERGY EFFICIENCY AND CONSERVATION ACT OF 2013,"AN ACT INSTITUTIONALIZING ENERGY EFFICIENCY AND CONSERVATION, ENHANCING THE EFFICIENT USE OF ENERGY, GRANTING INCENTIVES TO ENERGY EFFICIENCY AND CONSERVATION PROJECTS, AND FOR OTHER PURPOSES",Sergio R. Osmeña III,"January 7, 2013",NATIONAL,Energy conservation,ENERGY,PENDING IN THE COMMITTEE
Senate Bill No. 1839,16th Congress (July 2013 - 2016),https://ldr.senate.gov.ph/bills/senate-bill-no-1839-16th-congress-republic,ANTI-DISCRIMINATION ACT OF 2013,AN ACT PROHIBITING DISCRIMINATION AGAINST PERSONS ON ACCOUNT OF ETHNIC ORIGIN AND/OR RELIGIOUS BELIEF,"ANGARA, SONNY","October 14, 2013",NATIONAL,ANTI-DISCRIMINATION INDIGENOUS CULTURAL COMMUNITIES,CULTURAL COMMUNITIES,PENDING IN THE COMMITTEE
Senate Bill No. 233,16th Congress (July 2013 - 2016),https://ldr.senate.gov.ph/bills/senate-bill-no-233-16th-congress-republic,SUGAR CANE INDUSTRY DEVELOPMENT ACT OF 2013,"AN ACT STRENGTHENING THE DEVELOPMENT OF THE SUGAR CANE INDUSTRY, AND FOR OTHER PURPOSES","BINAY, MARIA LOURDES NANCY S.","January 7, 2013",NATIONAL,SUGAR CANE INDUSTRY,AGRICULTURE AND FOOD,CONSOLIDATED/SUBSTITUTED IN THE COMMITTEE REPORT
Senate Bill No. 1903,16th Congress (July 2013 - 2016),https://ldr.senate.gov.ph/bills/senate-bill-no-1903-16th-congress-republic,"AMENDING SEC. 285, RA 7160 (INCLUDING MUNICIPAL WATERS IN THE COMPUTATION OF IRA)",AN ACT AMENDING REPUBLIC ACT NO. 7160 FOR THE PURPOSE OF INCLUDING MUNICIPAL WATERS IN THE COMPUTATION OF A LOCAL GOVERNMENT UNIT'S INTERNAL REVENUE ALLOTMENT,"EJERCITO, JOSEPH VICTOR G.","May 11, 2013",NATIONAL,LOCAL GOVERNMENT UNITS (LGUs) INTERNAL REVENUE ALLOTMENT (LOCAL GOVERNMENT UNITS) MUNICIPAL WATER,LOCAL GOVERNMENT,PENDING IN THE COMMITTEE
Senate Bill No. 499,16th Congress (July 2013 - 2016),https://ldr.senate.gov.ph/bills/senate-bill-no-499-16th-congress-republic,PICTURE-BASED HEALTH WARNING LAW,AN ACT TO EFFECTIVELY INSTILL HEALTH CONSCIOUSNESS THROUGH PICTURE-BASED WARNINGS ON TOBACCO PRODUCTS,Franklin M. Drilon,"April 7, 2013",NATIONAL,TOBACCO PRODUCTS/TOBACCO INDUSTRY WORLD HEALTH ORGANIZATION (WHO),HEALTH AND DEMOGRAPHY,CONSOLIDATED/SUBSTITUTED IN THE COMMITTEE REPORT
Senate Bill No. 1977,16th Congress (July 2013 - 2016),https://ldr.senate.gov.ph/bills/senate-bill-no-1977-16th-congress-republic,INCLUSION OF REPRESENTATIVES FROM THE PRIVATE SECTOR IN THE NATIONAL FOOD AUTHORITY COUNCIL,"AN ACT PROVIDING FOR THE INCLUSION OF REPRESENTATIVES FROM THE PRIVATE SECTOR AND FARMERS ORGANIZATION IN THE NATIONAL FOOD AUTHORITY COUNCIL AMENDING FOR THE PURPOSE PRESIDENTIAL DECREE NO. 1770, AS AMENDED AND FOR OTHER PURPOSES","ESTRADA, JINGGOY E.","November 27, 2013",NATIONAL,NATIONAL FOOD AUTHORITY COUNCIL,GOVERNMENT CORPORATIONS AND PUBLIC ENTERPRISES,PENDING IN THE COMMITTEE
Senate Bill No. 591,16th Congress (July 2013 - 2016),https://ldr.senate.gov.ph/bills/senate-bill-no-591-16th-congress-republic,REVISED PENAL CODE (ARTICLE 359 OF ACT NO. 3815),"AN ACT AMENDING ARTICLE 359 OF ACT NO. 3815, AS AMENDED, OTHERWISE KNOWN AS THE REVISED PENAL CODE","ESCUDERO, FRANCIS G.","August 7, 2013",NATIONAL,REVISED PENAL CODE (R.A. NO. 3815) FALSE ACCUSATIONS GOVERNMENT OFFICIAL/PUBLIC OFFICIAL,JUSTICE AND HUMAN RIGHTS,PENDING IN THE COMMITTEE
Senate Bill No. 2041,16th Congress (July 2013 - 2016),https://ldr.senate.gov.ph/bills/senate-bill-no-2041-16th-congress-republic,RADYO DE ORO CORPORATION,"AN ACT GRANTING THE RADYO DE ORO CORPORATION FRANCHISE TO CONSTRUCT, INSTALL, ESTABLISH, OPERATE AND MAINTAIN RADIO AND TELEVISION BROADCASTING STATIONS IN THE CITY OF CAGAYAN DE ORO AND THE PROVINCE OF MISAMIS ORIENTAL, PHILIPPINES","ESTRADA, JINGGOY E.","November 12, 2013",LOCAL,FRANCHISE SALES/FRANCHISE BUSINESS,RULES,PENDING IN THE COMMITTEE
Senate Bill No. 1025,16th Congress (July 2013 - 2016),https://ldr.senate.gov.ph/bills/senate-bill-no-1025-16th-congress-republic,OCCUPATIONAL SAFETY AND HEALTH STANDARDS AND ENVIRONMENTAL PROTECTION,AN ACT TO RATIONALIZE THE ADMINISTRATION AND ENFORCEMENT OF ALL LAWS ON OCCUPATIONAL SAFETY AND HEALTH STANDARDS AND ENVIRONMENTAL PROTECTION AND OTHER PURPOSES,"REVILLA JR., RAMON BONG","July 22, 2013",NATIONAL,OCCUPATIONAL SAFETY ENVIRONMENTAL PROTECTION,"LABOR, EMPLOYMENT AND HUMAN RESOURCES DEVELOPMENT",PENDING IN THE COMMITTEE
Senate Bill No. 1616,16th Congress (July 2013 - 2016),https://ldr.senate.gov.ph/bills/senate-bill-no-1616-16th-congress-republic,INFERTILITY TREATMENT IN HEALTH INSURANCE ACT,AN ACT REQUIRING COVERAGE FOR THE TREATMENT OF INFERTILITY IN ANY GROUP HEALTH PLAN OR HEALTH INSURANCE,Miriam Defensor Santiago,"October 9, 2013",NATIONAL,INFERTILITY HEALTH INSURANCE,HEALTH AND DEMOGRAPHY,PENDING IN THE COMMITTEE
Senate Bill No. 1048,16th Congress (July 2013 - 2016),https://ldr.senate.gov.ph/bills/senate-bill-no-1048-16th-congress-republic,AGOO-DAMORIS PROTECTED SEASCAPE AND LANDSCAPE ACT OF 2013,"AN ACT ESTABLISHING THE AGOO-DAMORTIS PROTECTED SEASCAPE AND LANDSCAPE IN THE MUNICIPALITIES OF AGOO, STO. TOMAS AND ROSARIO, IN THE PROVINCE OF LA UNION AS A PROTECTED AREA, PROVIDING FOR ITS MANAGEMENT AND FOR OTHER PURPOSES","CAYETANO, PIA S.","July 23, 2013",LOCAL,PROTECTED AREA/PROTECTED LANDSCAPE,ENVIRONMENT AND NATURAL RESOURCES,CONSOLIDATED/SUBSTITUTED IN THE COMMITTEE REPORT
Senate Bill No. 1988,16th Congress (July 2013 - 2016),https://ldr.senate.gov.ph/bills/senate-bill-no-1988-16th-congress-republic,UNDERGROUND WIRING ACT OF 2013,"AN ACT REQUIRING ALL FRANCHISE GRANTEES USING WIRES AND CABLES IN THE OPERATION OF THEIR BUSINESS WITHIN THE PHILIPPINES TO PLACE THEIR WIRE AND CABLE CONNECTIONS UNDER THE GROUND, AND PROVIDING PENALTIES FOR VIOLATIONS THEREOF.",Antonio F. Trillanes IV,"November 28, 2013",NATIONAL,WIRES AND CABLES,PUBLIC SERVICES,PENDING IN THE COMMITTEE
Senate Bill No. 1680,16th Congress (July 2013 - 2016),https://ldr.senate.gov.ph/bills/senate-bill-no-1680-16th-congress-republic,GENETICALLY MODIFIED ORGANISMS RESTRICTION ACT OF 2013,AN ACT DECLARING AS AGAINST PUBLIC POLICY THE RELEASE OR INTRODUCTION OF GENETICALLY-MODIFIED ORGANISMS INTO THE ENVIRONMENT AND FOR OTHER PURPOSES,"ESTRADA, JINGGOY E.","September 16, 2013",NATIONAL,GENETICALLY-MODIFIED ORGANISMS (GMO),HEALTH AND DEMOGRAPHY,PENDING IN THE COMMITTEE
Senate Bill No. 1373,16th Congress (July 2013 - 2016),https://ldr.senate.gov.ph/bills/senate-bill-no-1373-16th-congress-republic,LABOR CLAIMS,"AN ACT EXEMPTING LABOR CLAIMS FROM ACTIONS TO BE SUSPENDED AGAINST CORPORATIONS, PARTNERSHIPS OR ASSOCIATIONS UNDER MANAGEMENT OR RECEIVERSHIP, AMENDING FOR THE PURPOSE SECTION 6 (C) OF P.D. 902-A, AS AMENDED, AND OTHER PURPOSES","ESTRADA, JINGGOY E.","August 28, 2013",NATIONAL,LABOR CLAIMS,"LABOR, EMPLOYMENT AND HUMAN RESOURCES DEVELOPMENT",PENDING IN THE COMMITTEE
Senate Bill No. 1436,16th Congress (July 2013 - 2016),https://ldr.senate.gov.ph/bills/senate-bill-no-1436-16th-congress-republic,"ANTI-SEXUAL HARASSMENT ACT, AMENDMENT INCREASING THE PENALTIES","AN ACT AMENDING SECTION 7 OF REPUBLIC ACT 7877, ALSO KNOWN AS THE 'ANTI-SEXUAL HARASSMENT ACT OF 1995'",Miriam Defensor Santiago,"August 29, 2013",NATIONAL,SEXUAL HARASSMENT,"LABOR, EMPLOYMENT AND HUMAN RESOURCES DEVELOPMENT",PENDING IN THE COMMITTEE
Senate Bill No. 384,16th Congress (July 2013 - 2016),https://ldr.senate.gov.ph/bills/senate-bill-no-384-16th-congress-republic,STUDENT CREDIT CARD PROTECTION ACT,AN ACT TO PREVENT CREDIT CARD ISSUERS FROM TAKING UNFAIR ADVANTAGE OF COLLEGE STUDENTS AND THEIR PARENTS,Miriam Defensor Santiago,"March 7, 2013",NATIONAL,CREDIT CARD STUDENTS,"BANKS, FINANCIAL INSTITUTIONS AND CURRENCIES",CONSOLIDATED/SUBSTITUTED IN THE COMMITTEE REPORT
Senate Bill No. 435,16th Congress (July 2013 - 2016),https://ldr.senate.gov.ph/bills/senate-bill-no-435-16th-congress-republic,THE ANTI-PRIVATE ARMY AND PRIVATE ARMED GROUPS ACT,"AN ACT IMPLEMENTING SECTION 24, ARTICLE XVIII OF THE CONSTITUTION ON THE DISMANTLING OF PRIVATE ARMIES AND OTHER PRIVATE ARMED GROUPS NOT RECOGNIZED BY DULY CONSTITUTED AUTHORITY AND APPROPRIATING FUNDS THEREFOR","ESCUDERO, FRANCIS G.","April 7, 2013",NATIONAL,PRIVATE ARMY,PUBLIC ORDER AND DANGEROUS DRUGS,PENDING IN THE COMMITTEE
Senate Bill No. 184,16th Congress (July 2013 - 2016),https://ldr.senate.gov.ph/bills/senate-bill-no-184-16th-congress-republic,"PUBLIC OFFICIALS AND EMPLOYEES WRITTEN PERMISSION OR WAIVER, BANK DEPOSITS","AN ACT REQUIRING PUBLIC OFFICIALS AND EMPLOYEES TO SUBMIT A WRITTEN PERMISSION OR WAIVER IN FAVOR OF THE OMBUDSMAN TO LOOK INTO ALL DEPOSITS OF WHATEVER NATURE WITH BANKS OR BANKING INSTITUTIONS BOTH WITHIN AND OUTSIDE THE PHILIPPINES INCLUDING INVESTMENT BONDS ISSUED BY THE GOVERNMENT OF THE PHILIPPINES, ITS POLITICAL SUBDIVISIONS AND INSTRUMENTALITIES AND PROVIDING PENALTIES THEREFOR","REVILLA JR., RAMON BONG","January 7, 2013",NATIONAL,WAIVER OMBUDSMAN BANK DEPOSITS/BANK ACCOUNTS,JUSTICE AND HUMAN RIGHTS,PENDING IN THE COMMITTEE
Senate Bill No. 407,16th Congress (July 2013 - 2016),https://ldr.senate.gov.ph/bills/senate-bill-no-407-16th-congress-republic,ANNUAL INCOME REQUIREMENT FOR THE CREATION OF A HIGHLY URBANIZED CITY,"AN ACT AMENDING SECTION 452 OF REPUBLIC ACT NO. 7160 OTHERWISE KNOWN AS THE LOCAL GOVERNMENT CODE OF 1991, BY INCREASING THE LOCALLY GENERATED AVERAGE ANNUAL INCOME REQUIREMENT FOR THE CREATION OF A HIGHLY URBANIZED CITY","Ferdinand ""Bongbong"" R. Marcos, Jr.","March 7, 2013",NATIONAL,"INCOME REQUIREMENT (CITYHOOD, CREATION OF MUNICIPALITY/PROVINCE) LOCAL GOVERNMENT CODE (R.A. NO. 7160) MUNICIPALITY, CONVERSION (CITYHOOD)",LOCAL GOVERNMENT,PENDING IN THE COMMITTEE
Senate Bill No. 447,16th Congress (July 2013 - 2016),https://ldr.senate.gov.ph/bills/senate-bill-no-447-16th-congress-republic,PRIORITIZING THE AGRICULTURAL SECTOR IN GRANTING LOANS BY THE LAND BANK OF THE PHILIPPINES,"AN ACT PRIORITIZING THE AGRICULTURAL SECTOR IN THE GRANT OF LOANS BY THE LAND BANK OF THE PHILIPPINES, AMENDING FOR THE PURPOSE REPUBLIC ACT NUMBERED THREE THOUSAND EIGHT HUNDRED FORTY-FOUR, AS AMENDED",Ralph G. Recto,"April 7, 2013",NATIONAL,LAND BANK OF THE PHILIPPINES (LBP),"BANKS, FINANCIAL INSTITUTIONS AND CURRENCIES",CONSOLIDATED/SUBSTITUTED IN THE COMMITTEE REPORT
Senate Bill No. 1383,16th Congress (July 2013 - 2016),https://ldr.senate.gov.ph/bills/senate-bill-no-1383-16th-congress-republic,FREE PARKING FOR CUSTOMERS OF PRIVATE AND PUBLIC ESTABLISHMENT,"AN ACT REQUIRING ALL PRIVATE AND PUBLIC ESTABLISHMENTS TO PROVIDE FREE PARKING FOR ALL CUSTOMERS, PATRONS, CLIENTS, CONSUMERS AND THE LIKE, FOR THE FIRST THREE HOURS OF USE OF THE PARKING SPACE AND ITS FACILITIES AND PROVIDING PENALTIES FOR VIOLATIONS THEREOF","ESTRADA, JINGGOY E.","August 28, 2013",NATIONAL,FREE PARKING SPACE,"TRADE, COMMERCE AND ENTREPRENEURSHIP",PENDING IN THE COMMITTEE
Senate Bill No. 2008,16th Congress (July 2013 - 2016),https://ldr.senate.gov.ph/bills/senate-bill-no-2008-16th-congress-republic,TAX RELIEF FOR DISABLED PERSONS ACT OF 2013,"AN ACT GRANTING TAX RELIEF TO DISABLED PERSONS, AND FOR OTHER PURPOSES","BINAY, MARIA LOURDES NANCY S.","September 12, 2013",NATIONAL,PERSONS WITH DISABILITIES (PWDS) TAXES/TAXATION,"SOCIAL JUSTICE, WELFARE AND RURAL DEVELOPMENT",PENDING IN THE COMMITTEE
Senate Bill No. 1446,16th Congress (July 2013 - 2016),https://ldr.senate.gov.ph/bills/senate-bill-no-1446-16th-congress-republic,BABY ABANDONMENT PREVENTION ACT,"AN ACT ESTABLISHING A TASK FORCE WITHIN THE DEPARTMENT OF SOCIAL WELFARE AND DEVELOPMENT TO GATHER INFORMATION, STUDY, AND REPORT TO CONGRESS REGARDING INCIDENTS OF ABANDONMENT OF INFANT CHILDREN",Miriam Defensor Santiago,"August 29, 2013",NATIONAL,BABY ABANDONMENT Department of Social Welfare and Development (DSWD),"SOCIAL JUSTICE, WELFARE AND RURAL DEVELOPMENT",PENDING IN THE COMMITTEE
Senate Bill No. 790,16th Congress (July 2013 - 2016),https://ldr.senate.gov.ph/bills/senate-bill-no-790-16th-congress-republic,HAZARD PAY FOR GOVERNMENT EMPLOYEES,AN ACT GRANTING HAZARD PAY TO COVERED EMPLOYEES OF THE GOVERNMENT AND APPROPRIATING FUNDS THEREFOR,Antonio F. Trillanes IV,"July 16, 2013",NATIONAL,HAZARD PAY GOVERNMENT EMPLOYEES,"CIVIL SERVICE, GOVERNMENT REORGANIZATION AND PROFESSIONAL REGULATION",PENDING IN THE COMMITTEE
Senate Bill No. 854,16th Congress (July 2013 - 2016),https://ldr.senate.gov.ph/bills/senate-bill-no-854-16th-congress-republic,MAGNA CARTA FOR DISABLED PERSONS,"AN ACT AMENDING REPUBLIC ACT NO. 7277, OTHERWISE KNOWN AS THE MAGNA CARTA FOR DISABLED PERSONS, GRANTING ADDITIONAL PRIVILEGES AND INCENTIVES TO DISABLED PERSONS SIMILAR TO THOSE ENJOYED BY SENIOR CITIZENS, AND OTHER PURPOSES","ESTRADA, JINGGOY E.","July 17, 2013",NATIONAL,MAGNA CARTA FOR DISABLED PERSONS TAXES (INDIVIDUAL INCOME TAX) DISCOUNT PRIVILEGES HANDICAPPED/DISABLED/DIFFERENTLY ABLED PERSONS WITH DISABILITIES (PWDS),"SOCIAL JUSTICE, WELFARE AND RURAL DEVELOPMENT",PENDING IN THE COMMITTEE
Senate Bill No. 1764,16th Congress (July 2013 - 2016),https://ldr.senate.gov.ph/bills/senate-bill-no-1764-16th-congress-republic,PHARMACEUTICAL LABELING ACT,AN ACT PRESCRIBING THE PROPER LABELING OF PHARMACEUTICAL PRODUCTS WHICH ACT ON THE BRAIN AND CENTRAL NERVOUS SYSTEM,Miriam Defensor Santiago,"February 10, 2013",NATIONAL,PHARMACEUTICAL PRODUCTS LABEL/LABELING,"TRADE, COMMERCE AND ENTREPRENEURSHIP",PENDING IN THE COMMITTEE
Senate Bill No. 1828,16th Congress (July 2013 - 2016),https://ldr.senate.gov.ph/bills/senate-bill-no-1828-16th-congress-republic,LOCAL GOVERNMENT CODE OF 1991 (POSITION OF SECRETARY TO THE SANGGUNIAN),"AN ACT AMENDING REPUBLIC ACT NO. 7160, ALSO KNOWN AS THE LOCAL GOVERNMENT CODE OF 1991, ON THE LEVEL OF THE POSITION OF SECRETARY TO THE SANGGUNIAN",Miriam Defensor Santiago,"March 10, 2013",NATIONAL,LOCAL GOVERNMENT CODE (R.A. NO. 7160),LOCAL GOVERNMENT,PENDING IN THE COMMITTEE
Senate Bill No. 585,16th Congress (July 2013 - 2016),https://ldr.senate.gov.ph/bills/senate-bill-no-585-16th-congress-republic,PROVINCIAL AND CITY FISCALS AND THEIR ASSISTANTS,"AN ACT REPEALING REPUBLIC ACT NO. 5180, AS AMENDED, 'AN ACT PRESCRIBING A UNIFORM SYSTEM OF PRELIMINARY INVESTIGATION BY PROVINCIAL AND CITY FISCALS AND THEIR ASSISTANTS, AND BY STATE ATTORNEYS OR THEIR ASSISTANTS","ESCUDERO, FRANCIS G.","August 7, 2013",NATIONAL,DEPARTMENT OF JUSTICE (DOJ) preliminary investigation,JUSTICE AND HUMAN RIGHTS,PENDING IN THE COMMITTEE
Senate Bill No. 610,16th Congress (July 2013 - 2016),https://ldr.senate.gov.ph/bills/senate-bill-no-610-16th-congress-republic,PHILIPPINE CHARITY SWEEPSTAKES OFFICE (PCSO) CHARITY FUND,"AN ACT ACCELERATING UNIVERSAL HEALTH CARE COVERAGE BY EARMARKING THE ENTIRE PHILIPPINE CHARITY SWEEPSTAKES OFFICE CHARITY FUND FOR SUCH PURPOSE, THEREBY AMENDING REPUBLIC ACT NO. 1169, AS AMENDED BY BATAS PAMBANSA BLG. 42",Ralph G. Recto,"August 7, 2013",NATIONAL,PHILIPPINE CHARITY SWEEPSTAKES OFFICE (PCSO) HEALTH INSURANCE PHILIPPINE HEALTH INSURANCE CORPORATION (PHILHEALTH),GOVERNMENT CORPORATIONS AND PUBLIC ENTERPRISES,PENDING IN THE COMMITTEE
Senate Bill No. 1520,16th Congress (July 2013 - 2016),https://ldr.senate.gov.ph/bills/senate-bill-no-1520-16th-congress-republic,FREEDOM OF EXPRESSION ACT OF 2013,"AN ACT AMENDING REPUBLIC ACT 3815, OTHERWISE KNOWN AS THE REVISED PENAL CODE OF THE PHILIPPINES, BY REPEALING SECTIONS 139, 140, 141 AND 142 THEREIN","ESTRADA, JINGGOY E.","April 9, 2013",NATIONAL,FREEDOM OF EXPRESSION REVISED PENAL CODE (R.A. NO. 3815),JUSTICE AND HUMAN RIGHTS,PENDING IN THE COMMITTEE
Senate Bill No. 1584,16th Congress (July 2013 - 2016),https://ldr.senate.gov.ph/bills/senate-bill-no-1584-16th-congress-republic,MAGNA CARTA OF AGRICULTURAL DEVELOPMENT WORKERS,AN ACT PROVIDING FOR A MAGNA CARTA OF AGRICULTURAL DEVELOPMENT WORKERS,"ESTRADA, JINGGOY E.","October 9, 2013",NATIONAL,MAGNA CARTA OF AGRICULTURAL DEVELOPMENT WORKERS,"CIVIL SERVICE, GOVERNMENT REORGANIZATION AND PROFESSIONAL REGULATION",PENDING IN THE COMMITTEE
Senate Bill No. 282,16th Congress (July 2013 - 2016),https://ldr.senate.gov.ph/bills/senate-bill-no-282-16th-congress-republic,AGRICULTURE EDUCATION ACT,"AN ACT RATIONALIZING AGRICULTURE EDUCATION IN THE PHILIPPINES BY ESTABLISHING A NATIONAL SYSTEM OF AGRICULTURE EDUCATION INSTITUTIONS, PROVIDING FOR MECHANISMS OF IMPLEMENTATION, AND FOR OTHER PURPOSES","REVILLA JR., RAMON BONG","February 7, 2013",NATIONAL,AGRICULTURE EDUCATION,"EDUCATION, ARTS AND CULTURE",PENDING IN THE COMMITTEE
Senate Bill No. 928,16th Congress (July 2013 - 2016),https://ldr.senate.gov.ph/bills/senate-bill-no-928-16th-congress-republic,EARMARKING 10% OF MOTOR VEHICLE USER'S CHARGE FOR GREEN HIGHWAY FUND,"AN ACT AMENDING SECTION 7 OF REPUBLIC ACT NO. 8794, OTHERWISE KNOWN AS AN ACT IMPOSING A MOTOR VEHICLE USER'S CHARGE ON OWNERS OF ALL TYPES OF MOTOR VEHICLES AND FOR OTHER PURPOSES, EARMARKING 10% OF THE MOTOR VEHICLES USER'S CHARGE FOR THE GREEN HIGHWAY FUND","LAPID, MANUEL ""LITO"" M.","July 18, 2013",NATIONAL,MOTOR VEHICLES USERS CHARGE (MVUC) (R.A. NO. 8794),PUBLIC WORKS,PENDING IN THE COMMITTEE
Senate Bill No. 374,16th Congress (July 2013 - 2016),https://ldr.senate.gov.ph/bills/senate-bill-no-374-16th-congress-republic,WORKERS COMPENSATION ACT OF 2013,"AN ACT ESTABLISHING THE WORKERS COMPENSATION PROGRAM, THE WORK CONTINGENCY INSURANCE FUND, THE PHILIPPINE WORKERS COMPENSATION AUTHORITY AND DEFINING THEIR POWERS AND FUNCTIONS, AMENDING FOR THIS PURPOSE ARTICLES 166 TO 288-A OF TITLE 2 BOOK IV OF PRESIDENTIAL DECREE NO. 442, AS AMENDED, OTHERWISE KNOWN AS THE 'LABOR CODE OF THE PHILIPPINES', AND APPROPRIATING FUNDS THEREFOR","ESTRADA, JINGGOY E.","March 7, 2013",NATIONAL,WORKERS COMPENSATION PROGRAM LABOR CODE OF THE PHILIPPINES (P.D. NO. 442),"LABOR, EMPLOYMENT AND HUMAN RESOURCES DEVELOPMENT",PENDING IN THE COMMITTEE
Senate Bill No. 1838,16th Congress (July 2013 - 2016),https://ldr.senate.gov.ph/bills/senate-bill-no-1838-16th-congress-republic,NATIONAL INTERNAL REVENUE CODE (CAP ON THE AMOUNT OF THIRTEENTH MONTH PAY AND OTHER BENEFITS),"AN ACT REMOVING THE CAP ON THE AMOUNT OF THIRTEENTH MONTH PAY AND OTHER BENEFITS TO BE EXCLUDED FROM GROSS INCOME, AMENDING FOR SUCH PURPOSE SECTION 32(B)(7)(E), CHAPTER VI OF REPUBLIC ACT NO. 8424, AS AMENDED, OTHERWISE KNOWN AS THE NATIONAL INTERNAL REVENUE CODE OF 1997","LAPID, MANUEL ""LITO"" M.","October 14, 2013",NATIONAL,NATIONAL INTERNAL REVENUE CODE (NIRC) TAXES (INDIVIDUAL INCOME TAX),WAYS AND MEANS,CONSOLIDATED/SUBSTITUTED IN THE COMMITTEE REPORT
Senate Bill No. 1902,16th Congress (July 2013 - 2016),https://ldr.senate.gov.ph/bills/senate-bill-no-1902-16th-congress-republic,NATIONAL BUREAU OF INVESTIGATION REORGANIZATION AND MODERNIZATION ACT OF 2013,"AN ACT REORGANIZING AND MODERNIZING THE NATIONAL BUREAU OF INVESTIGATION, PROVIDING NECESSARY FUNDS THEREFOR, AND FOR OTHER PURPOSES","LEGARDA, LOREN B.","April 11, 2013",NATIONAL,NATIONAL BUREAU OF INVESTIGATION (NBI),JUSTICE AND HUMAN RIGHTS,CONSOLIDATED/SUBSTITUTED IN THE COMMITTEE REPORT
Senate Bill No. 618,16th Congress (July 2013 - 2016),https://ldr.senate.gov.ph/bills/senate-bill-no-618-16th-congress-republic,CHARTER OF THE BANGKO SENTRAL NG PILIPINAS,"AN ACT PROVIDING FOR A COMPREHENSIVE REVISION OF THE CHARTER OF THE BANGKO SENTRAL NG PILIPINAS (BSP) BY AMENDING REPUBLIC ACT NO. 7653, OTHERWISE KNOWN AS 'THE NEW CENTRAL BANK ACT",Ralph G. Recto,"August 7, 2013",NATIONAL,BANGKO SENTRAL NG PILIPINAS (BSP) CREDIT CARD,"BANKS, FINANCIAL INSTITUTIONS AND CURRENCIES",PENDING IN THE COMMITTEE
Senate Bill No. 1246,16th Congress (July 2013 - 2016),https://ldr.senate.gov.ph/bills/senate-bill-no-1246-16th-congress-republic,SKILLS STANDARD CERTIFICATION EVALUATION ACT,AN ACT TO EVALUATE CERTAIN SKILLS CERTIFICATION PROGRAMS,Miriam Defensor Santiago,"August 8, 2013",NATIONAL,SKILLS TRAINING/RETRAINING TECHNICAL EDUCATION AND SKILLS DEVELOPMENT AUTHORITY (TESDA),"LABOR, EMPLOYMENT AND HUMAN RESOURCES DEVELOPMENT",PENDING IN THE COMMITTEE
Senate Bill No. 671,16th Congress (July 2013 - 2016),https://ldr.senate.gov.ph/bills/senate-bill-no-671-16th-congress-republic,BREASTFEEDING PROMOTION ACT OF 2013,"AN ACT PROTECTING, PROMOTING AND PRIORITIZING BREASTFEEDING AS A MEANS OF ENSURING THE HEALTH AND WELL-BEING OF INFANTS","LEGARDA, LOREN B.","September 7, 2013",NATIONAL,BREASTFEEDING,HEALTH AND DEMOGRAPHY,PENDING IN THE COMMITTEE
Senate Bill No. 1310,16th Congress (July 2013 - 2016),https://ldr.senate.gov.ph/bills/senate-bill-no-1310-16th-congress-republic,MEDICAL GIFT GIVING BAN ACT,AN ACT PROHIBITING THE GIVING OF GIFTS BY PHARMACEUTICAL DRUG MANUFACTURERS AND DISTRIBUTORS TO ENCOURAGE MEDICAL PRACTITIONERS TO PRESCRIBE CERTAIN PHARMACEUTICAL DRUGS AND PRODUCTS,Miriam Defensor Santiago,"August 15, 2013",NATIONAL,PHARMACEUTICAL MANUFACTURERS/MEDICAL DEVICE MANUFACTURERS PHARMACEUTICAL PRODUCTS MEDICAL PRACTITIONERS,"TRADE, COMMERCE AND ENTREPRENEURSHIP",PENDING IN THE COMMITTEE
Senate Bill No. 1595,16th Congress (July 2013 - 2016),https://ldr.senate.gov.ph/bills/senate-bill-no-1595-16th-congress-republic,MATERNAL AND INFANT CARE ACT,AN ACT ESTABLISHING MATERNAL AND INFANT HEALTH HOME VISITING PROGRAM,"ESTRADA, JINGGOY E.","October 9, 2013",NATIONAL,MATERNAL/INFANT HEALTH,HEALTH AND DEMOGRAPHY,PENDING IN THE COMMITTEE
Senate Bill No. 1658,16th Congress (July 2013 - 2016),https://ldr.senate.gov.ph/bills/senate-bill-no-1658-16th-congress-republic,"AMENDING SEC. 4 (B), AFP MODERNIZATION ACT","AN ACT AMENDING SECTION 4 (B) OF REPUBLIC ACT NO. 7898, OTHERWISE KNOWN AS THE AFP MODERNIZATION ACT, AS AMENDED BY REPUBLIC ACT NO. 10349, ESTABLISHING THE 'REVISED AFP MODERNIZATION PROGRAM', AND FOR OTHER PURPOSES",Antonio F. Trillanes IV,"September 16, 2013",NATIONAL,ARMED FORCES OF THE PHILIPPINES (AFP),NATIONAL DEFENSE AND SECURITY,CONSOLIDATED/SUBSTITUTED IN THE COMMITTEE REPORT
Senate Bill No. 376,16th Congress (July 2013 - 2016),https://ldr.senate.gov.ph/bills/senate-bill-no-376-16th-congress-republic,SENIOR CITIZENS,AN ACT GRANTING OLD-AGE PENSION FOR LIFE TO SENIOR CITIZENS WHO RETIRED UNDER REPUBLIC ACT 1616 AS WELL AS SURVIVORSHIP BENEFITS TO THEIR SURVIVORS,"ESTRADA, JINGGOY E.","March 7, 2013",NATIONAL,SENIOR CITIZEN/ELDERLY PENSION,GOVERNMENT CORPORATIONS AND PUBLIC ENTERPRISES,PENDING IN THE COMMITTEE
Senate Bill No. 1027,16th Congress (July 2013 - 2016),https://ldr.senate.gov.ph/bills/senate-bill-no-1027-16th-congress-republic,PHILIPPINE FAIR COMPETITION ACT OF 2013,"AN ACT PROMOTING COMPETITION TO PROTECT CONSUMER WELFARE, ADVANCE DOMESTIC AND INTERNATIONAL TRADE AND SUSTAINED ECONOMIC DEVELOPMENT BY, AMONG OTHERS, REGULATING MONOPOLIES, ANTI-COMPETITIVE AGREEMENTS, ABUSE OF DOMINANT POWER, AND ANTI-COMPETITIVE MERGERS, ESTABLISHING THE PHILIPPINE FAIR COMPETITION COMMISSION AND APPROPRIATING FUNDS THEREFOR, AND FOR OTHER PURPOSES","Paolo Benigno ""Bam"" Aquino IV","July 22, 2013",NATIONAL,COMPETITION ACT,"TRADE, COMMERCE AND ENTREPRENEURSHIP",CONSOLIDATED/SUBSTITUTED IN THE COMMITTEE REPORT
Senate Bill No. 218,16th Congress (July 2013 - 2016),https://ldr.senate.gov.ph/bills/senate-bill-no-218-16th-congress-republic,CRIMINAL STREET GANG DETERENCE AND PUNISHMENT ACT OF 2013,"AN ACT DETERRING AND PUNISHING THE ESTABLISHMENT AND OPERATION OF CRIMINAL STREET GANGS, RECRUITMENT OF INDIVIDUALS TO PARTICIPATE IN THE COMMISSION OF GANG CRIMES AND FOR OTHER PURPOSES","EJERCITO, JOSEPH VICTOR G.","January 7, 2013",NATIONAL,GANG CRIMES,PUBLIC ORDER AND DANGEROUS DRUGS,PENDING IN THE COMMITTEE
Senate Bill No. 461,16th Congress (July 2013 - 2016),https://ldr.senate.gov.ph/bills/senate-bill-no-461-16th-congress-republic,NATIONAL INTERNAL REVENUE CODE (SECTIONS 109 AND 236),"AN ACT INCREASING THE THRESHOLD FOR CERTAIN NON-VAT TAXPAYERS, AMENDING FOR THE PURPOSE SECTIONS 109 AND 236 OF THE NATIONAL INTERNAL REVENUE CODE OF 1997, AS AMENDED",Ralph G. Recto,"April 7, 2013",NATIONAL,"NATIONAL INTERNAL REVENUE CODE (NIRC) VALUE-ADDED TAX (VAT) MICRO, SMALL AND MEDIUM ENTERPRISES",WAYS AND MEANS,PENDING IN THE COMMITTEE
Senate Bill No. 1071,16th Congress (July 2013 - 2016),https://ldr.senate.gov.ph/bills/senate-bill-no-1071-16th-congress-republic,NATIONAL FOOD AUTHORITY RATIONALIZATION ACT OF 2013,"AN ACT TO STRENGTHEN AND REORIENT THE MANDATE OF THE NATIONAL FOOD AUTHORITY IN ORDER TO ENSURE FOOD SUFFICIENCY, FOR THAT PURPOSE RATIONALIZING ITS FUNCTIONS, AND FOR OTHER PURPOSES","ESTRADA, JINGGOY E.","July 23, 2013",NATIONAL,NATIONAL FOOD AUTHORITY (NFA),GOVERNMENT CORPORATIONS AND PUBLIC ENTERPRISES,PENDING IN THE COMMITTEE
Senate Bill No. 1350,16th Congress (July 2013 - 2016),https://ldr.senate.gov.ph/bills/senate-bill-no-1350-16th-congress-republic,IDENTITY THEFT PREVENTION AND MITIGATION ACT,AN ACT ESTABLISHING AN IDENTITY THEFT PREVENTION AND MITIGATION OFFICE UNDER THE DEPARTMENT OF JUSTICE,Miriam Defensor Santiago,"August 22, 2013",NATIONAL,THEFT AND ROBBERY DEPARTMENT OF JUSTICE (DOJ),JUSTICE AND HUMAN RIGHTS,PENDING IN THE COMMITTEE
Senate Bill No. 1976,16th Congress (July 2013 - 2016),https://ldr.senate.gov.ph/bills/senate-bill-no-1976-16th-congress-republic,TULONG-DUNONG PROGRAM ACT OF 2013,"AN ACT ESTABLISHING A 'TULONG-DUNONG PROGRAM' FOR STUDENTS OF UNDERPRIVILEGED FAMILIES AND AUTHORIZING THE APPROPRIATION OF ONE HUNDRED MILLION PESOS (P100,000,000.00) FOR THE PURPOSE","ESTRADA, JINGGOY E.","November 27, 2013",NATIONAL,TULONG-DUNONG PROGRAM STUDENTS,"EDUCATION, ARTS AND CULTURE",CONSOLIDATED/SUBSTITUTED IN THE COMMITTEE REPORT
Senate Bill No. 1414,16th Congress (July 2013 - 2016),https://ldr.senate.gov.ph/bills/senate-bill-no-1414-16th-congress-republic,OPEN LEARNING AND DISTANCE EDUCATION SYSTEM ACT,"AN ACT INSTITUTIONALIZING THE OPEN LEARNING AND DISTANCE EDUCATION SYSTEM IN THE PHILIPPINES, APPROPRIATING FUNDS THEREFORE AND FOR OTHER PURPOSES","ESTRADA, JINGGOY E.","August 29, 2013",NATIONAL,OPEN LEARNING SYSTEM DISTANCE EDUCATION,"EDUCATION, ARTS AND CULTURE",CONSOLIDATED/SUBSTITUTED IN THE COMMITTEE REPORT
Senate Bill No. 2040,16th Congress (July 2013 - 2016),https://ldr.senate.gov.ph/bills/senate-bill-no-2040-16th-congress-republic,"AMENDING SECS. 1, 2, RA 6850 (CIVIL SERVICE ELIGIBILITY TO GOVERNMENT EMPLOYEES)","AN ACT AMENDING SECTIONS 1 AND 2 OF REPUBLIC ACT NO. 6850, OTHERWISE KNOWN AS AN ACT TO GRANT CIVIL SERVICE ELIGIBILITY UNDER CERTAIN CONDITIONS TO GOVERNMENT EMPLOYEES APPOINTED UNDER PROVISIONAL OR TEMPORARY STATUS WHO HAVE RENDERED A TOTAL OF THREE (3) YEARS OF EFFICIENT SERVICE, AND FOR OTHER PURPOSES","ESTRADA, JINGGOY E.","November 12, 2013",NATIONAL,CIVIL SERVICE ELIGIBILITY GOVERNMENT EMPLOYEES (CASUAL/CONTRACTUAL),"CIVIL SERVICE, GOVERNMENT REORGANIZATION AND PROFESSIONAL REGULATION",CONSOLIDATED/SUBSTITUTED IN THE COMMITTEE REPORT
Senate Bill No. 758,16th Congress (July 2013 - 2016),https://ldr.senate.gov.ph/bills/senate-bill-no-758-16th-congress-republic,WOMEN IN STATE CUSTODY ACT OF 2013,"AN ACT PROTECTING WOMEN IN STATE CUSTODY, PRESCRIBING THE MINIMUM STANDARD RULES FOR THEIR TREATMENT, PENALIZING ACTS IN VIOLATIONS THEREOF AND FOR OTHER PURPOSES","ESTRADA, JINGGOY E.","July 15, 2013",NATIONAL,WOMEN IN STATE CUSTODY,PUBLIC ORDER AND DANGEROUS DRUGS,PENDING IN THE COMMITTEE
Senate Bill No. 1321,16th Congress (July 2013 - 2016),https://ldr.senate.gov.ph/bills/senate-bill-no-1321-16th-congress-republic,NATIONAL WRITING PROGRAM ACT,AN ACT CREATING A NATIONAL WRITING PROGRAM,Miriam Defensor Santiago,"August 15, 2013",NATIONAL,NATIONAL WRITING PROGRAM,"EDUCATION, ARTS AND CULTURE",PENDING IN THE COMMITTEE
Senate Bill No. 163,16th Congress (July 2013 - 2016),https://ldr.senate.gov.ph/bills/senate-bill-no-163-16th-congress-republic,ADDITIONAL RELIEF TO FAMILIES ACT OF 2013,AN ACT PROVIDING ADDITIONAL RELIEF TO FAMILIES WITH DEPENDENTS SUPPORTING AGING PARENTS AND DISABLED PERSONS,Antonio F. Trillanes IV,"January 7, 2013",NATIONAL,FAMILY CARE TAX EXEMPTION SENIOR CITIZEN/ELDERLY PERSONS WITH DISABILITIES (PWDS) HANDICAPPED/DISABLED/DIFFERENTLY ABLED,WAYS AND MEANS,PENDING IN THE COMMITTEE
Senate Bill No. 387,16th Congress (July 2013 - 2016),https://ldr.senate.gov.ph/bills/senate-bill-no-387-16th-congress-republic,"RUNAWAY, HOMELESS, AND EXPLOITED YOUTH ACT","AN ACT TO PROTECT RUNAWAY, HOMELESS, AND EXPLOITED YOUTH",Miriam Defensor Santiago,"March 7, 2013",NATIONAL,homeless YOUTH,"WOMEN, CHILDREN, FAMILY RELATIONS AND GENDER EQUALITY",PENDING IN THE COMMITTEE
Senate Bill No. 795,16th Congress (July 2013 - 2016),https://ldr.senate.gov.ph/bills/senate-bill-no-795-16th-congress-republic,PROTECTION OF UNDERWATER CULTURAL HERITAGE ACT OF 2013,AN ACT PROVIDING FOR THE PROTECTION AND CONSERVATION OF ALL OBJECTS UNDERWATER CULTURAL HERITAGE IN PHILIPPINE WATERS,Antonio F. Trillanes IV,"July 16, 2013",NATIONAL,UNDERWATER CULTURAL HERITAGE,"EDUCATION, ARTS AND CULTURE",PENDING IN THE COMMITTEE
Senate Bill No. 1421,16th Congress (July 2013 - 2016),https://ldr.senate.gov.ph/bills/senate-bill-no-1421-16th-congress-republic,OVERSEAS FILIPINO WORKERS CREDIT ASSISTANCE ACT OF 2013,AN ACT ESTABLISHING A CREDIT ASSISTANCE PROGRAM FOR OVERSEAS FILIPINO WORKERS,"POE, GRACE","August 29, 2013",NATIONAL,CREDIT ASSISTANCE PROGRAM OVERSEAS FILIPINO WORKERS (OFW),"LABOR, EMPLOYMENT AND HUMAN RESOURCES DEVELOPMENT",PENDING IN THE COMMITTEE
Senate Bill No. 2047,16th Congress (July 2013 - 2016),https://ldr.senate.gov.ph/bills/senate-bill-no-2047-16th-congress-republic,PHILIPPINE BLOOD DISEASE AND TRANSFUSION CENTER ACT,"AN ACT ESTABLISHING THE PHILIPPINE BLOOD DISEASE AND TRANSFUSION CENTER, DEFINING ITS OBJECTIVES, POWERS AND FUNCTIONS, AND APPROPRIATING FUNDS THEREFOR","Teofisto ""TG"" D. Guingona III","December 18, 2013",NATIONAL,N/A,HEALTH AND DEMOGRAPHY,PENDING IN THE COMMITTEE
Senate Bill No. 140,16th Congress (July 2013 - 2016),https://ldr.senate.gov.ph/bills/senate-bill-no-140-16th-congress-republic,OPEN LEARNING AND DISTANCE EDUCATION ACT OF 2013,"AN ACT TO IMPROVE ACCESS TO EDUCATION THROUGH OPEN LEARNING AND DISTANCE EDUCATION IN POST SECONDARY AND TERTIARY LEVELS IN THE PHILIPPINES, APPROPRIATING FUNDS THEREFOR AND FOR OTHER PURPOSES","VILLAR, CYNTHIA A.","January 7, 2013",NATIONAL,OPEN LEARNING SYSTEM DISTANCE EDUCATION,"EDUCATION, ARTS AND CULTURE",CONSOLIDATED/SUBSTITUTED IN THE COMMITTEE REPORT
Senate Bill No. 197,16th Congress (July 2013 - 2016),https://ldr.senate.gov.ph/bills/senate-bill-no-197-16th-congress-republic,CAMPUS SAFETY ACT,AN ACT MANDATING ALL HIGHER EDUCATION INSTITUTIONS TO CREATE A CRIME PREVENTION COMMITTEE THAT SHALL ENSURE THE SAFETY AND SECURITY OF THEIR STUDENTS,"ANGARA, SONNY","January 7, 2013",NATIONAL,CAMPUS SAFETY,"EDUCATION, ARTS AND CULTURE",PENDING IN THE COMMITTEE
Senate Bill No. 1124,16th Congress (July 2013 - 2016),https://ldr.senate.gov.ph/bills/senate-bill-no-1124-16th-congress-republic,WATCH YOUR CAR PROGRAM OF 2013,"AN ACT CREATING A CARNAP PREVENTION PROGRAM, ESTABLISHING A CARNAP PREVENTION ADVISORY BOARD, AND FOR OTHER PURPOSES",Antonio F. Trillanes IV,"July 29, 2013",NATIONAL,CARNAPPING Motor Vehicles,PUBLIC ORDER AND DANGEROUS DRUGS,PENDING IN THE COMMITTEE
Senate Bill No. 587,16th Congress (July 2013 - 2016),https://ldr.senate.gov.ph/bills/senate-bill-no-587-16th-congress-republic,INDETERMINATE SENTENCE LAW,"AN ACT AMENDING SECTION 2 OF ACT NO. 4103, AS AMENDED, OTHERWISE KNOWN AS THE INDETERMINATE SENTENCE LAW","ESCUDERO, FRANCIS G.","August 7, 2013",NATIONAL,INDETERMINATE SENTENCE LAW (R.A.NO. 4103),JUSTICE AND HUMAN RIGHTS,PENDING IN THE COMMITTEE
Senate Bill No. 1739,16th Congress (July 2013 - 2016),https://ldr.senate.gov.ph/bills/senate-bill-no-1739-16th-congress-republic,PREVENTION OF EQUINE CRUELTY ACT,AN ACT PROHIBITING CERTAIN CONDUCT RELATING TO THE USE OF HORSES FOR HUMAN CONSUMPTION,Miriam Defensor Santiago,"September 26, 2013",NATIONAL,HORSES ANIMAL WELFARE,AGRICULTURE AND FOOD,PENDING IN THE COMMITTEE
Senate Bill No. 1177,16th Congress (July 2013 - 2016),https://ldr.senate.gov.ph/bills/senate-bill-no-1177-16th-congress-republic,LOCAL FILM INDUSTRY DEVELOPMENT ACT OF 2013,"AN ACT TO PROMOTE AND SUPPORT THE DEVELOPMENT AND GROWTH OF THE PHILIPPINE FILM INDUSTRY, CREATING FOR THIS PURPOSE THE PHILIPPINE FILM COMMISSION, DEFINING ITS POWERS AND FUNCTIONS AND FOR OTHER PURPOSES",Antonio F. Trillanes IV,"July 30, 2013",NATIONAL,PHILIPPINE FILM COMMISSION,PUBLIC INFORMATION AND MASS MEDIA,PENDING IN THE COMMITTEE
Senate Bill No. 1803,16th Congress (July 2013 - 2016),https://ldr.senate.gov.ph/bills/senate-bill-no-1803-16th-congress-republic,TRUTH IN VIDEO GAME RATING ACT,AN ACT PROHIBITING DECEPTIVE CONDUCT IN THE RATING OF VIDEO AND COMPUTER GAMES,Miriam Defensor Santiago,"March 10, 2013",NATIONAL,VIDEO GAMES,PUBLIC INFORMATION AND MASS MEDIA,PENDING IN THE COMMITTEE
Senate Bill No. 869,16th Congress (July 2013 - 2016),https://ldr.senate.gov.ph/bills/senate-bill-no-869-16th-congress-republic,"OMNIBUS ELECTION CODE (ARTICLE XXII, SEC. 261 (DD), B.P. BLG. 881)","AN ACT TO AMEND ARTICLE XXII, SECTION 261 (DD) OF BATAS PAMBANSA BLG. 881, OTHERWISE KNOWN AS THE OMNIBUS ELECTION CODE, AS AMENDED, TO INCLUDE OTHER FORMS OF ELECTORAL FRAUD, PRESCRIBING PENALTIES THEREFOR AND FOR OTHER PURPOSES","ESTRADA, JINGGOY E.","July 17, 2013",NATIONAL,OMNIBUS ELECTION CODE (BATAS PAMBANSA BLG. 881),ELECTORAL REFORMS AND PEOPLES PARTICIPATION,PENDING IN THE COMMITTEE
Senate Bill No. 287,16th Congress (July 2013 - 2016),https://ldr.senate.gov.ph/bills/senate-bill-no-287-16th-congress-republic,COMPREHENSIVE DANGEROUS DRUGS ACT,"AN ACT EXPANDING THE JURISDICTION OF THE PHILIPPINE DRUG ENFORCEMENT AGENCY, DEFINING THE PROSECUTORIAL POWERS PROVIDED THERETO, AND AMENDING FOR THE PURPOSE REPUBLIC ACT NO. 9165, OTHERWISE KNOWN AS THE COMPREHENSIVE DANGEROUS DRUGS ACT OF 2002","REVILLA JR., RAMON BONG","February 7, 2013",NATIONAL,"COMPREHENSIVE DANGEROUS DRUGS ACT OF 2002, AMENDMENTS PHILIPPINE DRUG ENFORCEMENT AGENCY (PDEA)",PUBLIC ORDER AND DANGEROUS DRUGS,PENDING IN THE COMMITTEE
Senate Bill No. 1495,16th Congress (July 2013 - 2016),https://ldr.senate.gov.ph/bills/senate-bill-no-1495-16th-congress-republic,BUREAU OF CORRECTIONS STREAMLINING ACT OF 2013,AN ACT STREAMLINING THE BUREAU OF CORRECTIONS BUREAUCRACY AND APPROPRIATING FUNDS THEREFOR,"ESTRADA, JINGGOY E.","April 9, 2013",NATIONAL,BUREAU OF CORRECTIONS (BUCOR),PUBLIC ORDER AND DANGEROUS DRUGS,PENDING IN THE COMMITTEE
Senate Bill No. 933,16th Congress (July 2013 - 2016),https://ldr.senate.gov.ph/bills/senate-bill-no-933-16th-congress-republic,ATM FEE REGULATORY ACT,AN ACT REQUIRING CERTAIN FINANCIAL INSTITUTIONS TO POST TRANSACTION FEES FOR EACH AUTOMATED TELLER MACHINE TRANSACTION AND RESTRICTING TRANSACTION FEES FOR AUTOMATED TELLER MACHINES,Miriam Defensor Santiago,"July 18, 2013",NATIONAL,AUTOMATED TELLER MACHINES (ATM) FEES AND CHARGES,"BANKS, FINANCIAL INSTITUTIONS AND CURRENCIES",PENDING IN THE COMMITTEE
Senate Bill No. 1559,16th Congress (July 2013 - 2016),https://ldr.senate.gov.ph/bills/senate-bill-no-1559-16th-congress-republic,AVIATION NOISE LIMIT ACT,AN ACT PROVIDING FOR AVIATION NOISE MANAGEMENT AND REDUCTION IN RESIDENTIAL AREAS,Miriam Defensor Santiago,"May 9, 2013",NATIONAL,AVIATION NOISE MANAGEMENT,PUBLIC SERVICES,PENDING IN THE COMMITTEE
Senate Bill No. 622,16th Congress (July 2013 - 2016),https://ldr.senate.gov.ph/bills/senate-bill-no-622-16th-congress-republic,PHILIPPINE NURSING PRACTICE REFORM ACT OF 2013,"AN ACT INSTITUTING REFORMS TO FURTHER PROTECT AND DEVELOP THE NURSING PROFESSION, AMENDING FOR THE PURPOSE REPUBLIC ACT NUMBERED NINETY-ONE HUNDRED AND SEVENTY-THREE, OTHERWISE KNOWN AS THE 'PHILIPPINE NURSING ACT OF 2002",Ralph G. Recto,"August 7, 2013",NATIONAL,NURSES,"CIVIL SERVICE, GOVERNMENT REORGANIZATION AND PROFESSIONAL REGULATION",CONSOLIDATED/SUBSTITUTED IN THE COMMITTEE REPORT
Senate Bill No. 1251,16th Congress (July 2013 - 2016),https://ldr.senate.gov.ph/bills/senate-bill-no-1251-16th-congress-republic,SILICA REGULATORY ACT,AN ACT REGULATING THE USE OF SILICA IN THE WORKPLACE,Miriam Defensor Santiago,"August 8, 2013",NATIONAL,SILICA,"LABOR, EMPLOYMENT AND HUMAN RESOURCES DEVELOPMENT",PENDING IN THE COMMITTEE
Senate Bill No. 718,16th Congress (July 2013 - 2016),https://ldr.senate.gov.ph/bills/senate-bill-no-718-16th-congress-republic,THE TAXPAYER BILL OF RIGHTS ACT OF 2013,AN ACT ORDAINING A BILL OF RIGHTS FOR TAXPAYERS,Ralph G. Recto,"October 7, 2013",NATIONAL,BILL OF RIGHTS,WAYS AND MEANS,PENDING IN THE COMMITTEE
Senate Bill No. 1877,16th Congress (July 2013 - 2016),https://ldr.senate.gov.ph/bills/senate-bill-no-1877-16th-congress-republic,COMPUTER RECOVERY AND COLLECTION ACT,AN ACT REQUIRING THE MANUFACTURERS OF COMPUTERS TO PROVIDE RECOVERY AND COLLECTION FACILITIES FOR THEIR PRODUCTS,Miriam Defensor Santiago,"October 24, 2013",NATIONAL,ELECTRONIC WASTE (E-WASTE),"TRADE, COMMERCE AND ENTREPRENEURSHIP",PENDING IN THE COMMITTEE
Senate Bill No. 1315,16th Congress (July 2013 - 2016),https://ldr.senate.gov.ph/bills/senate-bill-no-1315-16th-congress-republic,NATIONAL HEALTH LITERACY ACT,AN ACT TO ENSURE THAT ALL FILIPINOS HAVE BASIC HEALTH LITERACY SKILLS TO FUNCTION EFFECTIVELY AS PATIENTS AND HEALTH CARE CONSUMERS,Miriam Defensor Santiago,"August 15, 2013",NATIONAL,HEALTH CARE DELIVERY SYSTEM PATIENTS,HEALTH AND DEMOGRAPHY,PENDING IN THE COMMITTEE
Senate Bill No. 1941,16th Congress (July 2013 - 2016),https://ldr.senate.gov.ph/bills/senate-bill-no-1941-16th-congress-republic,MAGNA CARTA OF WORKERS IN INFORMAL ECONOMY,"AN ACT PROVIDING FOR THE MAGNA CARTA OF WORKERS IN INFORMAL ECONOMY, INSTITUTIONALIZING MECHANISMS FOR IMPLEMENTATION THEREOF AND FOR OTHER PURPOSES","ANGARA, SONNY","November 21, 2013",NATIONAL,MAGNA CARTA FOR WORKERS IN THE INFORMAL SECTOR,"SOCIAL JUSTICE, WELFARE AND RURAL DEVELOPMENT",PENDING IN THE COMMITTEE
Senate Bill No. 381,16th Congress (July 2013 - 2016),https://ldr.senate.gov.ph/bills/senate-bill-no-381-16th-congress-republic,CHILDREN'S WELFARE FUND,"AN ACT INSTITUTING CHILDREN'S WELFARE FUND FOR THE PROTECTION AND REHABILITATION OF ABANDONED, ABUSED AND SEXUALLY EXPLOITED CHILDREN, AMENDING FOR THIS PURPOSE REPUBLIC ACT NO. 7610, OTHERWISE KNOWN AS 'THE SPECIAL PROTECTION OF CHILDREN AGAINST CHILD ABUSE, EXPLOITATION AND DISCRIMINATION ACT","ESTRADA, JINGGOY E.","March 7, 2013",NATIONAL,"CHILDRENS WELFARE FUND CHILD ABUSE, EXPLOITATION AND DISCRIMINATION ACT (R.A. NO. 7610)","WOMEN, CHILDREN, FAMILY RELATIONS AND GENDER EQUALITY",PENDING IN THE COMMITTEE
Senate Bill No. 981,16th Congress (July 2013 - 2016),https://ldr.senate.gov.ph/bills/senate-bill-no-981-16th-congress-republic,GENERIC PERSONAL PROPERTY,"AN ACT AMENDING REPUBLIC ACT NO. 386, ALSO KNOWN AS THE CIVIL CODE OF THE PHILIPPINES, ARTICLE 941","ESTRADA, JINGGOY E.","July 22, 2013",NATIONAL,GENERIC PERSONAL PROPERTY,CONSTITUTIONAL AMENDMENTS AND REVISION OF CODES,PENDING IN THE COMMITTEE
Senate Bill No. 433,16th Congress (July 2013 - 2016),https://ldr.senate.gov.ph/bills/senate-bill-no-433-16th-congress-republic,GOVERNMENT PROCUREMENT REFORM,"AN ACT AMENDING REPUBLIC ACT NO. 9184, OTHERWISE KNOWN AS THE GOVERNMENT PROCUREMENT REFORM ACT","ESCUDERO, FRANCIS G.","April 7, 2013",NATIONAL,Government procurement INTERNATIONAL AGREEMENT,CONSTITUTIONAL AMENDMENTS AND REVISION OF CODES,PENDING IN THE COMMITTEE
Senate Bill No. 1633,16th Congress (July 2013 - 2016),https://ldr.senate.gov.ph/bills/senate-bill-no-1633-16th-congress-republic,CHILDREN'S MEDIA PROTECTION ACT,AN ACT LIMITING EXPOSURE OF CHILDREN TO VIOLENT PROGRAMMING ON TELEVISION AND CABLE SYSTEMS,"ESTRADA, JINGGOY E.","November 9, 2013",NATIONAL,CHILDRENS MEDIA PROTECTION CABLE TELEVISION violence TELEVISION STATIONS,PUBLIC INFORMATION AND MASS MEDIA,PENDING IN THE COMMITTEE
Senate Bill No. 1069,16th Congress (July 2013 - 2016),https://ldr.senate.gov.ph/bills/senate-bill-no-1069-16th-congress-republic,GOVERNMENT PROCUREMENT REFORM ACT,"AN ACT SUBJECTING TREATIES, INTERNATIONAL OR EXECUTIVE AGREEMENTS INVOLVING FUNDING IN THE PROCUREMENT OF INFRASTRUCTURE PROJECTS, GOODS, AND CONSULTING SERVICES, TO BE INCLUDED IN THE SCOPE AND APPLICATION OF PHILIPPINE PROCUREMENT LAWS, AMENDING FOR THE PURPOSE REPUBLIC ACT NO. 9184, OTHERWISE KNOWN AS THE GOVERNMENT PROCUREMENT REFORM ACT, AND FOR OTHER PURPOSES","ESTRADA, JINGGOY E.","July 23, 2013",NATIONAL,Government procurement INTERNATIONAL AGREEMENT INFRASTUCTURES,CONSTITUTIONAL AMENDMENTS AND REVISION OF CODES,PENDING IN THE COMMITTEE
Senate Bill No. 1695,16th Congress (July 2013 - 2016),https://ldr.senate.gov.ph/bills/senate-bill-no-1695-16th-congress-republic,ECONOMIC ESPIONAGE AND PROTECTION OF PROPRIETY INFORMATION ACT,AN ACT DEFINING THE CRIME OF ECONOMIC ESPIONAGE AND PROVIDING PENALTIES THEREFOR,Miriam Defensor Santiago,"September 17, 2013",NATIONAL,ECONOMIC ESPIONAGE,"TRADE, COMMERCE AND ENTREPRENEURSHIP",PENDING IN THE COMMITTEE
Senate Bill No. 1390,16th Congress (July 2013 - 2016),https://ldr.senate.gov.ph/bills/senate-bill-no-1390-16th-congress-republic,ANNUAL INCOME REQUIREMENT FOR COVERSION OF A MUNICIPALITY INTO A CITY,"AN ACT AMENDING SECTION 450 OF REPUBLIC ACT NO. 7160, OTHERWISE KNOWN AS THE LOCAL GOVERNMENT CODE OF 1991, AS AMENDED, BY ALLOWING THE CONVERSION OF A MUNICIPALITY WHICH HAS A LAND AREA OF AT LEAST FIFTY (50) SQUARE KILOMETERS OR INHABITANTS OF AT LEAST TWENTY FIVE THOUSAND (25,000) INTO A COMPONENT CITY IF IT HAS A LOCALLY GENERATED AVERAGE ANNUAL INCOME OF AT LEAST TWO HUNDRED TWENTY MILLION PESOS (P220,000,000.00) FOR THE LAST TWO CONSECUTIVE YEARS BASED ON THE YEAR 2010 CONSTANT PRICES",Gregorio B. Honasan II,"August 28, 2013",NATIONAL,"LOCAL GOVERNMENT CODE (R.A. NO. 7160) INCOME REQUIREMENT (CITYHOOD, CREATION OF MUNICIPALITY/PROVINCE) MUNICIPALITY, CONVERSION (CITYHOOD)",LOCAL GOVERNMENT,CONSOLIDATED/SUBSTITUTED IN THE COMMITTEE REPORT
Senate Bill No. 2015,16th Congress (July 2013 - 2016),https://ldr.senate.gov.ph/bills/senate-bill-no-2015-16th-congress-republic,MAGNA CARTA OF WORKERS IN INFORMAL SECTOR,"AN ACT PROVIDING FOR A MAGNA CARTA OF WORKERS IN THE INFORMAL SECTOR ENGAGED IN SUBSISTENCE ENTERPRISES, INSTITUTIONALIZING MECHANISMS FOR IMPLEMENTATION THEREOF AND AMENDING FOR THE PURPOSE CERTAIN PROVISIONS OF REPUBLIC ACT 7160 AND REPUBLIC ACT 8282","ESTRADA, JINGGOY E.","November 12, 2013",NATIONAL,MAGNA CARTA FOR WORKERS IN THE INFORMAL SECTOR,"SOCIAL JUSTICE, WELFARE AND RURAL DEVELOPMENT",PENDING IN THE COMMITTEE
Senate Bill No. 1453,16th Congress (July 2013 - 2016),https://ldr.senate.gov.ph/bills/senate-bill-no-1453-16th-congress-republic,FAIR COMPETITION LAW,"AN ACT PENALIZING ANTI-COMPETITIVE AGREEMENTS, ABUSE OF DOMINANT POSITION, AND ANTI-COMPETITIVE MERGERS, ESTABLISHING THE PHILIPPINE FAIR COMPETITION COMMISSION",Miriam Defensor Santiago,"August 29, 2013",NATIONAL,FAIR TRADE COMMISSION ANTI-TRUST,"TRADE, COMMERCE AND ENTREPRENEURSHIP",CONSOLIDATED/SUBSTITUTED IN THE COMMITTEE REPORT
Senate Bill No. 165,16th Congress (July 2013 - 2016),https://ldr.senate.gov.ph/bills/senate-bill-no-165-16th-congress-republic,WHISTLEBLOWER PROTECTION ACT OF 2013,"AN ACT PROVIDING FOR PROTECTION, SECURITY AND OTHER BENEFITS FOR WHISTLEBLOWERS",Antonio F. Trillanes IV,"January 7, 2013",NATIONAL,WHISTLEBLOWERS,JUSTICE AND HUMAN RIGHTS,PENDING IN THE COMMITTEE
Senate Bill No. 231,16th Congress (July 2013 - 2016),https://ldr.senate.gov.ph/bills/senate-bill-no-231-16th-congress-republic,PHILIPPINE ARBITRATION COMMISSION ACT OF 2013,"AN ACT CREATING THE PHILIPPINE ARBITRATION COMMISSION AND INSTITUTIONALIZING COMPULSORY ARBITRATION FOR SPECIFIC AREAS OF DISPUTE, AND FOR OTHER PURPOSES","BINAY, MARIA LOURDES NANCY S.","January 7, 2013",NATIONAL,PHILIPPINE ARBITRATION COMMISSION LABOR CODE OF THE PHILIPPINES (P.D. NO. 442),JUSTICE AND HUMAN RIGHTS,PENDING IN THE COMMITTEE
Senate Bill No. 518,16th Congress (July 2013 - 2016),https://ldr.senate.gov.ph/bills/senate-bill-no-518-16th-congress-republic,SHARI'A DISTRICT COURT SYSTEM,"AN ACT ESTABLISHING THE SHARI'A DISTRICT COURT SYSTEM IN THE AUTONOMOUS REGION IN MUSLIM MINDANAO (ARMM) AND IN THE AREAS OUTSIDE THE SAID AUTONOMOUS REGION, AMENDING FOR THE PURPOSE PRESIDENTIAL DECREE NO. 1083 OTHERWISE KNOWN AS THE MUSLIM CODE OF PERSONAL LAWS OF THE PHILIPPINES, PROVIDING FUNDS THEREFOR AND FOR OTHER PURPOSES","LEGARDA, LOREN B.","August 7, 2013",NATIONAL,SHARIA COURT Autonomous Region in Muslim Mindanao (ARMM),JUSTICE AND HUMAN RIGHTS,PENDING IN THE COMMITTEE
Senate Bill No. 1146,16th Congress (July 2013 - 2016),https://ldr.senate.gov.ph/bills/senate-bill-no-1146-16th-congress-republic,OMNIBUS ELECTION CODE,"AN ACT EXPANDING THE GROUNDS FOR DECLARING A PERSON A NUISANCE CANDIDATE, THEREBY AMENDING SECTION 69 OF BATAS PAMBANSA BILANG 881 OTHERWISE KNOWN AS THE OMNIBUS ELECTION CODE",Antonio F. Trillanes IV,"July 29, 2013",NATIONAL,OMNIBUS ELECTION CODE (BATAS PAMBANSA BLG. 881) NUISANCE CANDIDATES ELECTIONS/ELECTORAL REFORMS,ELECTORAL REFORMS AND PEOPLES PARTICIPATION,CONSOLIDATED/SUBSTITUTED IN THE COMMITTEE REPORT
Senate Bill No. 1209,16th Congress (July 2013 - 2016),https://ldr.senate.gov.ph/bills/senate-bill-no-1209-16th-congress-republic,GENETICALLY MODIFIED ORGANISM,AN ACT ESTABLISHING A GENETICALLY MODIFIED ORGANISM REGISTRY,Miriam Defensor Santiago,"January 8, 2013",NATIONAL,GENETICALLY-MODIFIED ORGANISMS (GMO),AGRICULTURE AND FOOD,PENDING IN THE COMMITTEE
Senate Bill No. 901,16th Congress (July 2013 - 2016),https://ldr.senate.gov.ph/bills/senate-bill-no-901-16th-congress-republic,NATIONAL MILITARY APPRECIATION WEEK,AN ACT DECLARING THE LAST FULL WEEK OF AUGUST AS NATIONAL MILITARY APPRECIATION WEEK,Antonio F. Trillanes IV,"July 18, 2013",NATIONAL,HOLIDAYS (SPECIAL WORKING),NATIONAL DEFENSE AND SECURITY,CONSOLIDATED/SUBSTITUTED IN THE COMMITTEE REPORT
Senate Bill No. 1527,16th Congress (July 2013 - 2016),https://ldr.senate.gov.ph/bills/senate-bill-no-1527-16th-congress-republic,OMNIBUS ELECTION CODE,"AN ACT AMENDING BATAS PAMBANSA BLG. 881, OTHERWISE KNOWN AS THE OMNIBUS ELECTION CODE OF THE PHILIPPINES, AS AMENDED, AND FOR OTHER PURPOSES","ESTRADA, JINGGOY E.","May 9, 2013",NATIONAL,OMNIBUS ELECTION CODE (BATAS PAMBANSA BLG. 881) COMMISSION ON ELECTION (COMELEC),ELECTORAL REFORMS AND PEOPLES PARTICIPATION,PENDING IN THE COMMITTEE
Senate Bill No. 1006,16th Congress (July 2013 - 2016),https://ldr.senate.gov.ph/bills/senate-bill-no-1006-16th-congress-republic,DEPLOYMENT ABROAD OF PHILIPPINE MILITARY TROOPS,"AN ACT REQUIRING THE CONCURRENCE OF THE SENATE OF THE PHILIPPINES IN ANY INTERNATIONAL AGREEMENT PROVIDING FOR THE DEPLOYMENT ABROAD OF PHILIPPINE MILITARY TROOPS WHETHER FOR PEACEKEEPING MISSIONS OR COMBAT OPERATIONS PURSUANT TO ARTICLE VII, SECTION 21 OF THE CONSTITUTION",Antonio F. Trillanes IV,"July 22, 2013",NATIONAL,INTERNATIONAL AGREEMENT PHILIPPINE MILITARY TROOPS,FOREIGN RELATIONS,PENDING IN THE COMMITTEE
Senate Bill No. 5,16th Congress (July 2013 - 2016),https://ldr.senate.gov.ph/bills/senate-bill-no-5-16th-congress-republic,"LOCAL GOVERNMENT CODE OF 1991, AMENDMENT","AN ACT AMENDING SECTION 150 OF REPUBLIC ACT 7160, OTHERWISE KNOWN AS THE LOCAL GOVERNMENT CODE OF 1991","SOTTO III, VICENTE C.","January 7, 2013",NATIONAL,LOCAL GOVERNMENT CODE (R.A. NO. 7160) TAXES/TAXATION,LOCAL GOVERNMENT,PENDING IN THE COMMITTEE
Senate Bill No. 656,16th Congress (July 2013 - 2016),https://ldr.senate.gov.ph/bills/senate-bill-no-656-16th-congress-republic,FREE MEDICINE FOR THE POOR ACT OF 2013,AN ACT ESTABLISHING A FREE MEDICINE ASSISTANCE PROGRAM FOR THE POOR AND PROVIDING FUNDS THEREFOR,"EJERCITO, JOSEPH VICTOR G.","August 7, 2013",NATIONAL,FREE MEDICINE ASSISTANCE PROGRAM,HEALTH AND DEMOGRAPHY,PENDING IN THE COMMITTEE
Senate Bill No. 1845,16th Congress (July 2013 - 2016),https://ldr.senate.gov.ph/bills/senate-bill-no-1845-16th-congress-republic,TANNING FACILITY REGULATORY ACT,AN ACT REGULATING TANNING FACILITIES,Miriam Defensor Santiago,"October 14, 2013",NATIONAL,TANNING,HEALTH AND DEMOGRAPHY,PENDING IN THE COMMITTEE
Senate Bill No. 1365,16th Congress (July 2013 - 2016),https://ldr.senate.gov.ph/bills/senate-bill-no-1365-16th-congress-republic,"REVISED PENAL CODE (ART. 365), CRIMINAL NEGLIGENCE COMMITTED BY COMMON CARRIERS","AN ACT INCREASING THE PENALTY FOR CRIMINAL NEGLIGENCE COMMITTED BY COMMON CARRIERS, FURTHER AMENDING ARTICLE 365 OF ACT NO. 3815, AS AMENDED, OR THE REVISED PENAL CODE","ESTRADA, JINGGOY E.","August 28, 2013",NATIONAL,REVISED PENAL CODE (R.A. NO. 3815) COMMON CARRIERS,JUSTICE AND HUMAN RIGHTS,PENDING IN THE COMMITTEE
Senate Bill No. 1990,16th Congress (July 2013 - 2016),https://ldr.senate.gov.ph/bills/senate-bill-no-1990-16th-congress-republic,COMPREHENSIVE NATIONAL MERCURY MONITORING ACT,AN ACT ESTABLISHING A COMPREHENSIVE NATIONAL MERCURY MONITORING PROGRAM,Miriam Defensor Santiago,"March 12, 2013",NATIONAL,MERCURY,HEALTH AND DEMOGRAPHY,PENDING IN THE COMMITTEE
Senate Bill No. 1428,16th Congress (July 2013 - 2016),https://ldr.senate.gov.ph/bills/senate-bill-no-1428-16th-congress-republic,"AMENDING E.O.NO. 227, RE CONJUGAL PARTNERSHIP OF GAINS","AN ACT AMENDING ARTICLE 75 OF TITLE IV OF EXECUTIVE ORDER NO. 209, AS AMENDED BY EXECUTIVE ORDER NO. 227, OTHERWISE KNOWN AS THE FAMILY CODE OF THE PHILIPPINES","EJERCITO, JOSEPH VICTOR G.","August 29, 2013",NATIONAL,FAMILY CODE (E.O. NO. 209),"WOMEN, CHILDREN, FAMILY RELATIONS AND GENDER EQUALITY",PENDING IN THE COMMITTEE
Senate Bill No. 494,16th Congress (July 2013 - 2016),https://ldr.senate.gov.ph/bills/senate-bill-no-494-16th-congress-republic,ANTI-PRIVATE ARMY LAW OF 2013,"AN ACT DEFINING 'PRIVATE ARMIES AND OTHER ARMED GROUPS', IMPLEMENTING THE CONSTITUTIONAL PROVISION FOR THEIR DISMANTLING, PRESCRIBING PENALTIES THEREFOR, AND FOR OTHER PURPOSES",Antonio F. Trillanes IV,"April 7, 2013",NATIONAL,PRIVATE ARMY,PUBLIC ORDER AND DANGEROUS DRUGS,PENDING IN THE COMMITTEE
Senate Bill No. 589,16th Congress (July 2013 - 2016),https://ldr.senate.gov.ph/bills/senate-bill-no-589-16th-congress-republic,PERSONNEL ECONOMIC RELIEF ALLOWANCE (PERA),AN ACT PROVIDING AN INCREASE AND AN AUTOMATIC ADJUSTMENT MECHANISM IN THE PERSONNEL ECONOMIC RELIEF ALLOWANCE (PERA) GRANTED TO GOVERNMENT EMPLOYEES,"ESCUDERO, FRANCIS G.","August 7, 2013",NATIONAL,PERSONNEL ECONOMIC RELIEF ALLOWANCE (PERA) GOVERNMENT EMPLOYEES,"CIVIL SERVICE, GOVERNMENT REORGANIZATION AND PROFESSIONAL REGULATION",PENDING IN THE COMMITTEE
Senate Bill No. 1746,16th Congress (July 2013 - 2016),https://ldr.senate.gov.ph/bills/senate-bill-no-1746-16th-congress-republic,INSTITUTIONALIZED PERSONS PROTECTION ACT,AN ACT DEFINING WHO ARE INSTITUTIONALIZED PERSONS AND PENALIZING THEIR MALTREATMENT,Miriam Defensor Santiago,"February 10, 2013",NATIONAL,INSTITUTIONALIZED PERSONS,"SOCIAL JUSTICE, WELFARE AND RURAL DEVELOPMENT",PENDING IN THE COMMITTEE
Senate Bill No. 1810,16th Congress (July 2013 - 2016),https://ldr.senate.gov.ph/bills/senate-bill-no-1810-16th-congress-republic,"AMENDING R.A.NO. 6506, ADDING SECURITY ADMINISTRATION AND POLICE ADMINISTRATION","AN ACT AMENDING REPUBLIC ACT NO. 6506, ALSO KNOWN AS AN ACT CREATING THE BOARD OF EXAMINERS FOR CRIMINOLOGISTS IN THE PHILIPPINES, SECTION 23 AND 24, ON CRIMINOLOGY AND CRIMINOLOGISTS",Miriam Defensor Santiago,"March 10, 2013",NATIONAL,CRIMINOLOGY/CRIMONOLOGISTS,PUBLIC ORDER AND DANGEROUS DRUGS,PENDING IN THE COMMITTEE
Senate Bill No. 876,16th Congress (July 2013 - 2016),https://ldr.senate.gov.ph/bills/senate-bill-no-876-16th-congress-republic,FOREIGN BORROWING ACT,"AN ACT RESTORING TO CONGRESS THE POWER TO APPROPRIATE PAYMENTS ON DEBT SERVICE, REVIVING FOR THE PURPOSE SECTION 6 OF REPUBLIC ACT NO. 4860 (FOREIGN BORROWING ACT), AND REPEALING SECTION 7 OF PRESIDENTIAL DECREE NO. 81, SECTION 31 OF PRESIDENTIAL DECREE NO. 1177 AND SECTIONS 1, 2 AND 3 OF PRESIDENTIAL DECREE NO. 1967","ESTRADA, JINGGOY E.","July 17, 2013",NATIONAL,DEBT SERVICE FOREIGN BORROWING ACT,FINANCE,SENT TO THE ARCHIVES
Senate Bill No. 1502,16th Congress (July 2013 - 2016),https://ldr.senate.gov.ph/bills/senate-bill-no-1502-16th-congress-republic,HEALTH AND EDUCATION ACCELERATION PROGRAM (HEAP) ACT OF 2013,"AN ACT CREATING THE HEALTH AND EDUCATION ACCELERATION PROGRAM CORPORATION, PROVIDING FUNDS THEREFOR AND FOR OTHER PURPOSES","ESTRADA, JINGGOY E.","April 9, 2013",NATIONAL,HEALTH AND EDUCATION ACCELERATION PROGRAM (HEAP),GOVERNMENT CORPORATIONS AND PUBLIC ENTERPRISES,PENDING IN THE COMMITTEE
Senate Bill No. 940,16th Congress (July 2013 - 2016),https://ldr.senate.gov.ph/bills/senate-bill-no-940-16th-congress-republic,LOCAL MUSIC INDUSTRY INCENTIVES ACT,"AN ACT PROVIDING FOR TAX EXEMPTIONS AND SUBSIDIES FOR THE LOCAL MUSIC INDUSTRY, AMENDING FOR THIS PURPOSE CERTAIN SECTIONS OF THE LOCAL GOVERNMENT CODE OF 1991","REVILLA JR., RAMON BONG","July 18, 2013",NATIONAL,MUSIC INDUSTRY LOCAL GOVERNMENT CODE (R.A. NO. 7160),LOCAL GOVERNMENT,PENDING IN THE COMMITTEE
Senate Bill No. 1566,16th Congress (July 2013 - 2016),https://ldr.senate.gov.ph/bills/senate-bill-no-1566-16th-congress-republic,CAMPUS FIRE SAFETY RIGHT-TO-KNOW ACT,AN ACT MANDATING DISCLOSURE OF FIRE SAFETY STANDARDS AND MEASURES WITH RESPECT TO CAMPUS BUILDINGS,Miriam Defensor Santiago,"May 9, 2013",NATIONAL,CAMPUS SAFETY Fire Protection SCHOOL SITES/SCHOOL CAMPUS,"EDUCATION, ARTS AND CULTURE",PENDING IN THE COMMITTEE
Senate Bill No. 634,16th Congress (July 2013 - 2016),https://ldr.senate.gov.ph/bills/senate-bill-no-634-16th-congress-republic,SPECIAL FINANCIAL ASSISTANCE AND BENEFITS,"AN ACT EXPANDING AND MAXIMIZING THE SCHOLARSHIP GRANTS EXTENDED TO THE FAMILY MEMBERS OF PERSONNEL OF THE PHILIPPINE NATIONAL POLICE (PNP), ARMED FORCES OF THE PHILIPPINES (AFP), BUREAU OF FIRE PROTECTION (BFP), AND BUREAU OF JAIL MANAGEMENT AND PENOLOGY (BJMP), AMENDING FOR THIS PURPOSE CERTAIN PROVISIONS OF REPUBLIC ACT NO. 6963, ENTITLED 'AN ACT GRANTING SPECIAL FINANCIAL ASSISTANCE AND BENEFITS TO THE FAMILY OR BENEFICIARY OF ANY POLICE OR MILITARY PERSONNEL OR FIREMAN KILLED OR PERMANENTLY INCAPACITATED WHILE IN THE PERFORMANCE OF HIS DUTY OR BY REASON OF HIS OFFICE OR POSITION AND FOR OTHER PURPOSES",Antonio F. Trillanes IV,"August 7, 2013",NATIONAL,ARMED FORCES OF THE PHILIPPINES (AFP) PHILIPPINE NATIONAL POLICE (PNP) BUREAU OF FIRE PROTECTION BUREAU OF JAIL MANAGEMENT AND PENOLOGY FINANCIAL ASSISTANCE,RULES,PENDING IN THE COMMITTEE
Senate Bill No. 674,16th Congress (July 2013 - 2016),https://ldr.senate.gov.ph/bills/senate-bill-no-674-16th-congress-republic,SOUTHERN PALAWAN SPECIAL ECONOMIC ZONE AND FREE PORT ACT OF 2013,"AN ACT CREATING A SPECIAL ECONOMIC ZONE AND FREEPORT IN SOUTHERN PALAWAN, CREATING FOR THIS PURPOSE THE SOUTHERN PALAWAN ECOZONE AND FREEPORT AUTHORITY, APPROPRIATING FUNDS THEREFOR, AND FOR OTHER PURPOSES","LEGARDA, LOREN B.","September 7, 2013",NATIONAL,ECONOMIC ZONE,ECONOMIC AFFAIRS,PENDING IN THE COMMITTEE
Senate Bill No. 1884,16th Congress (July 2013 - 2016),https://ldr.senate.gov.ph/bills/senate-bill-no-1884-16th-congress-republic,"AMENDING SEC. 5, SEAT BELTS USE ACT (PROHIBITING CHILDREN TO SIT IN FRONT SEAT)","AN ACT AMENDING REPUBLIC ACT NO. 8750, ALSO KNOWN AS THE SEAT BELTS USE ACT OF 1999, SECTIONS THREE AND FIVE",Miriam Defensor Santiago,"October 24, 2013",NATIONAL,SEATBELTS CHILDREN/CHILD CARE,PUBLIC SERVICES,PENDING IN THE COMMITTEE
Senate Bill No. 1948,16th Congress (July 2013 - 2016),https://ldr.senate.gov.ph/bills/senate-bill-no-1948-16th-congress-republic,ROAD TRAFFIC SAFETY FOR CHILDREN ACT,AN ACT MAKING ROAD TRAFFIC SAFETY A SEPARATE SUBJECT AND COMPULSORY AT GRADE SIX AND GRADE TWELVE OF THE ENHANCED K TO 12 BASIC EDUCATION PROGRAM,Miriam Defensor Santiago,"November 26, 2013",NATIONAL,K12 EDUCATION PROGRAM ROAD SAFETY,"EDUCATION, ARTS AND CULTURE",PENDING IN THE COMMITTEE
Senate Bill No. 388,16th Congress (July 2013 - 2016),https://ldr.senate.gov.ph/bills/senate-bill-no-388-16th-congress-republic,ANTI-JUSTICE EVASION THROUGH TRAVEL (JETT) ACT,"AN ACT IMPOSING LIMITATIONS ON THE RIGHT OF INTERNATIONAL TRAVEL OF PERSONS UNDER INVESTIGATION, EMPOWERING THE REGIONAL TRIAL COURTS TO ISSUE HOLD DEPARTURE ORDERS, AND FOR OTHER PURPOSES",Miriam Defensor Santiago,"March 7, 2013",NATIONAL,ADMINISTRATIVE CODE OF 1987 (E.O.NO. 292) RIGHT TO TRAVEL,JUSTICE AND HUMAN RIGHTS,PENDING IN THE COMMITTEE
Senate Bill No. 465,16th Congress (July 2013 - 2016),https://ldr.senate.gov.ph/bills/senate-bill-no-465-16th-congress-republic,ELECTRICITY RATE REDUCTION,AN ACT REDUCING ELECTRICITY RATES BY ALLOCATING THE NET NATIONAL GOVERNMENT SHARE FROM THE MALAMPAYA NATURAL GAS PROJECT FOR THE PAYMENT OF THE STRANDED CONTRACT COSTS AND STRANDED DEBTS OF THE NATIONAL POWER CORPORATION,Ralph G. Recto,"April 7, 2013",NATIONAL,ELECTRICITY RATE REDUCTION MALAMPAYA NATURAL GAS PROJECT NATIONAL POWER CORPORATION (NAPOCOR),FINANCE,PENDING IN THE COMMITTEE
Senate Bill No. 770,16th Congress (July 2013 - 2016),https://ldr.senate.gov.ph/bills/senate-bill-no-770-16th-congress-republic,DATA PROTECTION ACT OF 2013,"AN ACT TO ESTABLISH FAIR PRACTICES IN THE PROCESSING OF INFORMATION RELATING OR PERSONAL TO INDIVIDUALS, CREATING FOR THE PURPOSE A PERSONAL DATA PROTECTION COMMISSION, AND FOR OTHER PURPOSES","ESTRADA, JINGGOY E.","July 15, 2013",NATIONAL,PERSONAL DATA PROTECTION,JUSTICE AND HUMAN RIGHTS,PENDING IN THE COMMITTEE
Senate Bill No. 834,16th Congress (July 2013 - 2016),https://ldr.senate.gov.ph/bills/senate-bill-no-834-16th-congress-republic,GRADUATION LEGACY FOR THE ENVIRONMENT ACT OF 2013,"AN ACT REQUIRING ALL GRADUATING ELEMENTARY, HIGH SCHOOL AND COLLEGE STUDENTS TO PLANT AT LEAST TEN (10) TREES EACH AS PREREQUISITE FOR GRADUATION AND FOR OTHER RELATED PURPOSES",Antonio F. Trillanes IV,"July 16, 2013",NATIONAL,TREE PLANTING,"EDUCATION, ARTS AND CULTURE",PENDING IN THE COMMITTEE
Senate Bill No. 559,16th Congress (July 2013 - 2016),https://ldr.senate.gov.ph/bills/senate-bill-no-559-16th-congress-republic,PHILIPPINE SCIENCE AND TECHNOLOGY DEVELOPMENT CORPORATION ACT,AN ACT CREATING THE PHILIPPINE SCIENCE AND TECHNOLOGY DEVELOPMENT CORPORATION AND APPROPRIATING FUNDS THEREFOR,"ESTRADA, JINGGOY E.","August 7, 2013",NATIONAL,SCIENCE AND TECHNOLOGY PHILIPPINE SCIENCE AND TECHNOLOGY DEVELOPMENT CORPORATION,GOVERNMENT CORPORATIONS AND PUBLIC ENTERPRISES,PENDING IN THE COMMITTEE
Senate Bill No. 1648,16th Congress (July 2013 - 2016),https://ldr.senate.gov.ph/bills/senate-bill-no-1648-16th-congress-republic,"AMENDING ART. 333, REVISED PENAL CODE ( MARITAL INFIDELITY)","AN ACT ENSURING THE FUNDAMENTAL EQUALITY OF MEN AND WOMEN ON LAWS RELATING TO CRIMES AGAINST CHASTITY, AMENDING FOR THIS PURPOSE ARTICLE 333 AND REPEALING ARTICLE 334 OF ACT 3815, OTHERWISE KNOWN AS THE REVISED PENAL CODE, AND FOR OTHER PURPOSES","BINAY, MARIA LOURDES NANCY S.","November 9, 2013",NATIONAL,REVISED PENAL CODE (R.A. NO. 3815) MARITAL INFIDELITY,"WOMEN, CHILDREN, FAMILY RELATIONS AND GENDER EQUALITY",PENDING IN THE COMMITTEE
Senate Bill No. 1846,16th Congress (July 2013 - 2016),https://ldr.senate.gov.ph/bills/senate-bill-no-1846-16th-congress-republic,NATUROPATHIC MEDICINE ACT,AN ACT REGULATING THE PRACTICE OF NATUROPATHIC MEDICINE OR NATUROPATHY IN THE PHILIPPINES,Miriam Defensor Santiago,"October 14, 2013",NATIONAL,NATUROPATHIC MEDICINE/NATUROPATHY,HEALTH AND DEMOGRAPHY,PENDING IN THE COMMITTEE
Senate Bill No. 1910,16th Congress (July 2013 - 2016),https://ldr.senate.gov.ph/bills/senate-bill-no-1910-16th-congress-republic,COLLECTION AGENCY REGULATORY BOARD ACT,AN ACT CREATING A COLLECTION AGENCY REGULATORY BOARD,Miriam Defensor Santiago,"November 11, 2013",NATIONAL,COLLECTION AGENCY REGULATORY BOARD,"BANKS, FINANCIAL INSTITUTIONS AND CURRENCIES",PENDING IN THE COMMITTEE
Senate Bill No. 1274,16th Congress (July 2013 - 2016),https://ldr.senate.gov.ph/bills/senate-bill-no-1274-16th-congress-republic,HAZARD PAY FOR GOVERNMENT EMPLOYEES,AN ACT GRANTING HAZARD PAY TO COVERED EMPLOYEES OF THE GOVERNMENT AND APPROPRIATING FUNDS THEREFOR,"LAPID, MANUEL ""LITO"" M.","August 13, 2013",NATIONAL,HAZARD PAY GOVERNMENT EMPLOYEES,"CIVIL SERVICE, GOVERNMENT REORGANIZATION AND PROFESSIONAL REGULATION",PENDING IN THE COMMITTEE
Senate Bill No. 180,16th Congress (July 2013 - 2016),https://ldr.senate.gov.ph/bills/senate-bill-no-180-16th-congress-republic,"DISCRIMINATION AGAINST WOMEN ON ACCOUNT OF SEX, AMENDING THE LABOR CODE","AN ACT EXPANDING THE PROHIBITED ACTS OF DISCRIMINATION AGAINST WOMEN ON ACCOUNT OF SEX, AMENDING FOR THE PURPOSE ARTICLES 135 AND 137 OF PRESIDENTIAL DECREE NO. 442, AS AMENDED, OTHERWISE KNOWN AS THE LABOR CODE OF THE PHILIPPINES","REVILLA JR., RAMON BONG","January 7, 2013",NATIONAL,WOMEN LABOR CODE OF THE PHILIPPINES (P.D. NO. 442),"LABOR, EMPLOYMENT AND HUMAN RESOURCES DEVELOPMENT",PENDING IN THE COMMITTEE
Senate Bill No. 788,16th Congress (July 2013 - 2016),https://ldr.senate.gov.ph/bills/senate-bill-no-788-16th-congress-republic,COMBAT DUTY PAY OF THE PNP,AN ACT INCREASING THE COMBAT DUTY PAY OF ALL COMMISSIONED AND NON-COMMISSIONED PERSONNEL OF THE PHILIPPINE NATIONAL POLICE (PNP) FROM THE CURRENT VALUE THEY ARE RECEIVING TO TWENTY-FIVE PER CENTUM (25%) OF THEIR BASE PAY AND PROVIDING FUNDS THEREFOR,Antonio F. Trillanes IV,"July 16, 2013",NATIONAL,PHILIPPINE NATIONAL POLICE (PNP),PUBLIC ORDER AND DANGEROUS DRUGS,PENDING IN THE COMMITTEE
Senate Bill No. 852,16th Congress (July 2013 - 2016),https://ldr.senate.gov.ph/bills/senate-bill-no-852-16th-congress-republic,NATIONAL MANPOWER DATA AND PLACEMENT CENTER,"AN ACT ESTABLISHING THE NATIONAL MANPOWER DATA AND PLACEMENT CENTER, AND PROVIDING FUNDS THEREFOR","ESTRADA, JINGGOY E.","July 17, 2013",NATIONAL,NATIONAL MANPOWER DATA AND PLACEMENT CENTER,"LABOR, EMPLOYMENT AND HUMAN RESOURCES DEVELOPMENT",PENDING IN THE COMMITTEE
Senate Bill No. 421,16th Congress (July 2013 - 2016),https://ldr.senate.gov.ph/bills/senate-bill-no-421-16th-congress-republic,CHARTER OF THE LAOAG INTERNATIONAL AIRPORT AUTHORITY,"AN ACT CREATING THE LAOAG INTERNATIONAL AIRPORT AUTHORITY, TRANSFERRING EXISTING ASSETS OF THE LAOAG INTERNATIONAL AIRPORT TO THE AUTHORITY, VESTING THE AUTHORITY WITH POWER TO ADMINISTER AND OPERATE THE LAOAG INTERNATIONAL AIRPORT, AND FOR OTHER PURPOSES","Ferdinand ""Bongbong"" R. Marcos, Jr.","March 7, 2013",NATIONAL,LAOAG INTERNATIONAL AIRPORT,GOVERNMENT CORPORATIONS AND PUBLIC ENTERPRISES,PENDING IN THE COMMITTEE
Senate Bill No. 1921,16th Congress (July 2013 - 2016),https://ldr.senate.gov.ph/bills/senate-bill-no-1921-16th-congress-republic,"AMENDING SEC. 37, CORPORATION CODE (GRANTING STOCKHOLDERS THE RIGHT OF APPRAISAL)","AN ACT AMENDING BATAS PAMBANSA BLG. 68, OTHERWISE KNOWN AS THE CORPORATION CODE, SECTION 37, GRANTING STOCKHOLDERS THE RIGHT OF APPRAISAL WHEN THE TERM OF CORPORATE EXISTENCE IS EXTENDED",Miriam Defensor Santiago,"November 14, 2013",NATIONAL,CORPORATION CODE,"TRADE, COMMERCE AND ENTREPRENEURSHIP",CONSOLIDATED/SUBSTITUTED IN THE COMMITTEE REPORT
Senate Bill No. 1231,16th Congress (July 2013 - 2016),https://ldr.senate.gov.ph/bills/senate-bill-no-1231-16th-congress-republic,URBAN DEVELOPMENT AND HOUSING ACT,"AN ACT UPHOLDING THE RIGHT OF ACQUISITION BY QUALIFIED BENEFICIARIES OF GOVERNMENT-OWNED LANDS THEY ACTUALLY OCCUPY, AMENDING CERTAIN PROVISIONS OF REPUBLIC ACT NO. 7279, OTHERWISE KNOWN AS THE URBAN DEVELOPMENT AND HOUSING ACT OF 1992, AND FOR OTHER PURPOSES","EJERCITO, JOSEPH VICTOR G.","June 8, 2013",NATIONAL,URBAN DEVELOPMENT AND HOUSING ACT HOUSING PROJECTS,"URBAN PLANNING, HOUSING AND RESETTLEMENT",PENDING IN THE COMMITTEE
Senate Bill No. 1295,16th Congress (July 2013 - 2016),https://ldr.senate.gov.ph/bills/senate-bill-no-1295-16th-congress-republic,PLEA BARGAINING ACT OF 2013,"AN ACT PROVIDING FOR RULES ON PLEA BARGAINING AGREEMENT IN CRIMINAL CASES, PROVIDING PENALTIES FOR VIOLATION THEREOF, AND FOR OTHER PURPOSES","ESTRADA, JINGGOY E.","August 15, 2013",NATIONAL,PLEA BARGAINING,JUSTICE AND HUMAN RIGHTS,PENDING IN THE COMMITTEE
Senate Bill No. 1995,16th Congress (July 2013 - 2016),https://ldr.senate.gov.ph/bills/senate-bill-no-1995-16th-congress-republic,WOMEN'S DESK ACT,AN ACT INSTITUTIONALIZING THE ESTABLISHMENT OF A WOMEN'S DESK IN ALL INSTITUTIONS OF HIGHER LEARNING,Miriam Defensor Santiago,"March 12, 2013",NATIONAL,WOMEN,"EDUCATION, ARTS AND CULTURE",PENDING IN THE COMMITTEE
Senate Bill No. 1476,16th Congress (July 2013 - 2016),https://ldr.senate.gov.ph/bills/senate-bill-no-1476-16th-congress-republic,HEALTH SERVICES COST CONTROL ACT,AN ACT TO REDUCE HEALTH CARE COSTS BY REQUIRING TERTIARY AND SPECIALIZED HOSPITALS TO SHARE CERTAIN SERVICES AND EQUIPMENT,"ESTRADA, JINGGOY E.","March 9, 2013",NATIONAL,HEALTH CARE DELIVERY SYSTEM,HEALTH AND DEMOGRAPHY,PENDING IN THE COMMITTEE
Senate Bill No. 1539,16th Congress (July 2013 - 2016),https://ldr.senate.gov.ph/bills/senate-bill-no-1539-16th-congress-republic,TRANSPARENCY IN EXPROPRIATION ACT OF 2013,"AN ACT REQUIRING TRANSPARENCY OF INFORMATION IN EXPROPRIATION PROCEEDINGS FOR GOVERNMENT PROJECTS, AND FOR OTHER PURPOSES","ESTRADA, JINGGOY E.","May 9, 2013",NATIONAL,Government projects EXPROPRIATION,FINANCE,PENDING IN THE COMMITTEE
Senate Bill No. 1,16th Congress (July 2013 - 2016),https://ldr.senate.gov.ph/bills/senate-bill-no-1-16th-congress-republic,DANGEROUS DRUGS COURT,AN ACT CREATING A SPECIAL COURT TO BE KNOWN AS THE DANGEROUS DRUGS COURT AND FOR OTHER PURPOSES,"SOTTO III, VICENTE C.","January 7, 2013",NATIONAL,DANGEROUS DRUGS COURT,JUSTICE AND HUMAN RIGHTS,PENDING IN THE COMMITTEE
Senate Bill No. 1132,16th Congress (July 2013 - 2016),https://ldr.senate.gov.ph/bills/senate-bill-no-1132-16th-congress-republic,PERFORMANCE EXCELLENCE,AN ACT PROMOTING GOVERNMENT AGENCY PERFORMANCE EXCELLENCE,Antonio F. Trillanes IV,"July 29, 2013",NATIONAL,GOVERNMENT AGENCY PERFORMANCE EXCELLENCE,"CIVIL SERVICE, GOVERNMENT REORGANIZATION AND PROFESSIONAL REGULATION",PENDING IN THE COMMITTEE
Senate Bill No. 1747,16th Congress (July 2013 - 2016),https://ldr.senate.gov.ph/bills/senate-bill-no-1747-16th-congress-republic,INTERNET GAMBLING PROHIBITION ACT,AN ACT PROHIBITING INTERNET GAMBLING,Miriam Defensor Santiago,"February 10, 2013",NATIONAL,INTERNET GAMBLING,"GAMES, AMUSEMENT AND SPORTS",PENDING IN THE COMMITTEE
Senate Bill No. 64,16th Congress (July 2013 - 2016),https://ldr.senate.gov.ph/bills/senate-bill-no-64-16th-congress-republic,PEOPLE'S OWNERSHIP OF GOVERNMENT INFORMATION (POGI) ACT OF 2013,AN ACT FORTIFYING THE PEOPLE'S RIGHT OF OWNERSHIP OVER INFORMATION HELD BY THE PEOPLE'S GOVERNMENT,Gregorio B. Honasan II,"January 7, 2013",NATIONAL,RIGHT TO INFORMATION PEOPLES OWNERSHIP OF GOVERNMENT INFORMATION (POGI),PUBLIC INFORMATION AND MASS MEDIA,CONSOLIDATED/SUBSTITUTED IN THE COMMITTEE REPORT
Senate Bill No. 1189,16th Congress (July 2013 - 2016),https://ldr.senate.gov.ph/bills/senate-bill-no-1189-16th-congress-republic,BOARD OF CLAIMS,"AN ACT AMENDING CERTAIN SECTIONS OF REPUBLIC ACT NO. 7309, ENTITLED AN ACT CREATING A BOARD OF CLAIMS UNDER THE DEPARTMENT OF JUSTICE FOR VICTIMS OF UNJUST IMPRISONMENT OR DETENTION AND VICTIMS OF VIOLENT CRIMES AND FOR OTHER PURPOSES","LEGARDA, LOREN B.","July 31, 2013",NATIONAL,N/A,N/A,WITHDRAWN
Senate Bill No. 1811,16th Congress (July 2013 - 2016),https://ldr.senate.gov.ph/bills/senate-bill-no-1811-16th-congress-republic,PRESCRIPTION DRUG PRICE MONITORING ACT,AN ACT ESTABLISHING A PRESCRIPTION DRUG PRICE MONITORING COMMISSION,Miriam Defensor Santiago,"March 10, 2013",NATIONAL,PRESCRIPTION DRUG PRICE MONITORING COMMISSION,HEALTH AND DEMOGRAPHY,PENDING IN THE COMMITTEE
Senate Bill No. 903,16th Congress (July 2013 - 2016),https://ldr.senate.gov.ph/bills/senate-bill-no-903-16th-congress-republic,DIVISION OF PUBLIC SCHOOL ACADEMIC ACCOUNTABILITY ACT,"AN ACT ESTABLISHING THE DIVISION OF PUBLIC SCHOOL ACCOUNTABILITY TO ADMINISTER ALL MONITORING AND COMPLIANCE ACTIVITIES DEALING WITH ACADEMIC ACCOUNTABILITY FOR EACH SCHOOL OR SCHOOL DISTRICT, AND TO REPORT ACADEMIC PROGRESS, AND FOR OTHER PURPOSES",Antonio F. Trillanes IV,"July 18, 2013",NATIONAL,DIVISION OF PUBLIC SCHOOL ACCOUNTABILITY,"EDUCATION, ARTS AND CULTURE",PENDING IN THE COMMITTEE
Senate Bill No. 1628,16th Congress (July 2013 - 2016),https://ldr.senate.gov.ph/bills/senate-bill-no-1628-16th-congress-republic,NATIONAL EDUCATION ASSESSMENT AND EVALUATION ACT OF 2013,"AN ACT CONVERTING THE NATIONAL EDUCATION TESTING AND RESEARCH CENTER (NERTC) INTO A NATIONAL EDUCATION ASSESSMENT AND EVALUATION AUTHORITY (NEAEA), DEFINING ITS STRUCTURE, POWERS AND FUNCTIONS, APPROPRIATING FUNDS THEREFOR AND FOR OTHER PURPOSES","ESTRADA, JINGGOY E.","November 9, 2013",NATIONAL,NATIONAL EDUCATION ASSESSMENT AND EVALUATION AUTHORITY (NEAEA),"EDUCATION, ARTS AND CULTURE",PENDING IN THE COMMITTEE
Senate Bill No. 669,16th Congress (July 2013 - 2016),https://ldr.senate.gov.ph/bills/senate-bill-no-669-16th-congress-republic,TRADITIONAL PROPERTY RIGHTS OF INDIGENOUS PEOPLES ACT,AN ACT SAFEGUARDING THE TRADITIONAL PROPERTY RIGHTS OF INDIGENOUS PEOPLES,"LEGARDA, LOREN B.","September 7, 2013",NATIONAL,INDIGENOUS CULTURAL COMMUNITIES,CULTURAL COMMUNITIES,PENDING IN THE COMMITTEE
Senate Bill No. 1691,16th Congress (July 2013 - 2016),https://ldr.senate.gov.ph/bills/senate-bill-no-1691-16th-congress-republic,DRUG DEMAND REDUCTION ACT,AN ACT PROVIDING FOR PROGRAMS TO FACILITATE A SIGNIFICANT REDUCTION IN THE INCIDENCE AND PREVALENCE OF SUBSTANCE ABUSE THROUGH REDUCING THE DEMAND FOR ILLEGAL DRUGS AND THE INAPPROPRIATE USE OF ILLEGAL DRUGS,Miriam Defensor Santiago,"September 17, 2013",NATIONAL,ILLEGAL DRUGS,PUBLIC ORDER AND DANGEROUS DRUGS,PENDING IN THE COMMITTEE
Senate Bill No. 1400,16th Congress (July 2013 - 2016),https://ldr.senate.gov.ph/bills/senate-bill-no-1400-16th-congress-republic,NATIONAL DEFENSE AND SECURITY ACT OF 2013,"AN ACT PROVIDING FOR THE NATIONAL DEFENSE AND SECURITY OF THE REPUBLIC OF THE PHILIPPINES, AND FOR OTHER PURPOSES","ESTRADA, JINGGOY E.","August 29, 2013",NATIONAL,NATIONAL SECURITY POLICY,NATIONAL DEFENSE AND SECURITY,PENDING IN THE COMMITTEE
Senate Bill No. 1463,16th Congress (July 2013 - 2016),https://ldr.senate.gov.ph/bills/senate-bill-no-1463-16th-congress-republic,NATIONAL ECOTOURISM POLICY ACT OF 2013,"AN ACT PROVIDING FOR A NATIONAL ECOTOURISM POLICY, ESTABLISHING A FRAMEWORK FOR ITS INSTITUTIONALIZATION, PROVIDING THE MECHANISMS FOR ITS APPROPRIATE IMPLEMENTATIONS, AND FOR OTHER PURPOSES","ESTRADA, JINGGOY E.","March 9, 2013",NATIONAL,ECOTOURISM POLICY,ENVIRONMENT AND NATURAL RESOURCES,SENT TO THE ARCHIVES
Senate Bill No. 1773,16th Congress (July 2013 - 2016),https://ldr.senate.gov.ph/bills/senate-bill-no-1773-16th-congress-republic,INTERNATIONAL AND EXECUTIVE AGREEMENTS,AN ACT REQUIRING SENATE CONCURRENCE FOR THE VALIDITY AND EFFECTIVITY OF INTERNATIONAL AGREEMENTS AND EXECUTIVE AGREEMENTS,Miriam Defensor Santiago,"February 10, 2013",NATIONAL,INTERNATIONAL AGREEMENT,FOREIGN RELATIONS,PENDING IN THE COMMITTEE
Senate Bill No. 1465,16th Congress (July 2013 - 2016),https://ldr.senate.gov.ph/bills/senate-bill-no-1465-16th-congress-republic,INCREASED PENALTY FOR ILLEGAL USE OF UNIFORMS AND INSIGNIA,AN ACT AMENDING ARTICLE 179 OF THE REVISED PENAL CODE (ACT NO. 3815 AS AMENDED) BY INCREASING THE PENALTY PROVIDED THEREFOR AND FOR OTHER PURPOSES,"ESTRADA, JINGGOY E.","March 9, 2013",NATIONAL,REVISED PENAL CODE (R.A. NO. 3815),JUSTICE AND HUMAN RIGHTS,PENDING IN THE COMMITTEE
Senate Bill No. 1529,16th Congress (July 2013 - 2016),https://ldr.senate.gov.ph/bills/senate-bill-no-1529-16th-congress-republic,LABOR SECTOR REPRESENTATION IN THE BOARD OF DIRECTORS OF GOVERNMENT-OWNED AND CONTROLLED CORPORATION,AN ACT TO PROVIDE FOR LABOR REPRESENTATION IN THE BOARD OF DIRECTORS OF GOVERNMENT-OWNED AND-CONTROLLED CORPORATIONS,"ESTRADA, JINGGOY E.","May 9, 2013",NATIONAL,GOVERNMENT-OWNED AND-CONTROLLED CORPORATIONS (GOCC),GOVERNMENT CORPORATIONS AND PUBLIC ENTERPRISES,PENDING IN THE COMMITTEE
Senate Bill No. 1019,16th Congress (July 2013 - 2016),https://ldr.senate.gov.ph/bills/senate-bill-no-1019-16th-congress-republic,"CONCEPCION HOSPITAL (MUNICIPALITY OF CONCEPCION, PROVINCE OF TARLAC)","AN ACT INCREASING THE BED CAPACITY OF THE CONCEPCION HOSPITAL IN THE MUNICIPALITY OF CONCEPCION, PROVINCE OF TARLAC FROM FIFTY (50) TO ONE HUNDRED (100) BEDS, AND APPROPRIATING FUNDS THEREFOR","REVILLA JR., RAMON BONG","July 22, 2013",LOCAL,"HOSPITALS, INCREASE BED CAPACITY",RULES,PENDING IN THE COMMITTEE
Senate Bill No. 1051,16th Congress (July 2013 - 2016),https://ldr.senate.gov.ph/bills/senate-bill-no-1051-16th-congress-republic,BALINSASAYAO TWIN LAKES NATURAL PARK ACT OF 2013,"AN ACT ESTABLISHING THE BALINSASAYAO TWIN LAKES LOCATED IN THE MUNICIPALITIES OF VALENCIA, SIBULAN AND SAN JOSE, PROVINCE OF NEGROS ORIENTAL AS A PROTECTED AREA UNDER THE CATEGORY OF NATURAL PARK, PROVIDING FOR ITS MANAGEMENT AND FOR OTHER PURPOSES","CAYETANO, PIA S.","July 23, 2013",NATIONAL,PROTECTED AREA/PROTECTED LANDSCAPE,ENVIRONMENT AND NATURAL RESOURCES,CONSOLIDATED/SUBSTITUTED IN THE COMMITTEE REPORT
Senate Bill No. 1360,16th Congress (July 2013 - 2016),https://ldr.senate.gov.ph/bills/senate-bill-no-1360-16th-congress-republic,TOXIC SUBSTANCE AND NUCLEAR WASTES CONTROL ACT,"AN ACT TO FURTHER PROTECT THE ENVIRONMENT FROM TOXIC SUBSTANCES AND HAZARDOUS AND NUCLEAR WASTES BY IMPOSING STIFFER PENALTIES FOR VIOLATIONS OF REPUBLIC ACT NO. 6969, AMENDING FOR THE PURPOSE SECTIONS 14 AND 15 THEREOF, AND FOR OTHER PURPOSES","ESTRADA, JINGGOY E.","August 28, 2013",NATIONAL,HAZARDOUS/TOXIC/RADIOACTIVE WASTES MANAGEMENT,HEALTH AND DEMOGRAPHY,PENDING IN THE COMMITTEE
Senate Bill No. 1985,16th Congress (July 2013 - 2016),https://ldr.senate.gov.ph/bills/senate-bill-no-1985-16th-congress-republic,WORKERS CO-OWNERSHIP ACT,"AN ACT GRANTING WORKERS THE RIGHT TO OWN AND SUBSEQUENTLY TO BUY A CERTAIN PERCENTAGE OF AUTHORIZED SHARES OF STOCKS OF ANY COMMERCIAL, INDUSTRIAL, AGRICULTURAL ENTERPRISES, INCLUDING GOVERNMENT-OWNED OR CONTROLLED CORPORATIONS AS WELL AS RELIGIOUS, MEDICAL OR EDUCATIONAL INSTITUTIONS OPERATED FOR PROFIT AND TO ENSURE WORKERS' REPRESENTATION IN NON-PROFIT CORPORATIONS AND ENTERPRISES, AND TO ENCOURAGE PRODUCTIVITY, PROMOTE AND MAINTAIN INDUSTRIAL PEACE","ESTRADA, JINGGOY E.","November 27, 2013",NATIONAL,WORKERS CO-OWNERSHIP ACT,"LABOR, EMPLOYMENT AND HUMAN RESOURCES DEVELOPMENT",PENDING IN THE COMMITTEE
Senate Bill No. 1423,16th Congress (July 2013 - 2016),https://ldr.senate.gov.ph/bills/senate-bill-no-1423-16th-congress-republic,"ANTI-NO PERMIT, NO EXAM ACT OF 2013","AN ACT PENALIZING THE IMPOSITION OF A 'NO PERMIT, NO EXAM' POLICY OR ANY SUCH POLICY THAT PROHIBITS STUDENTS OF POST-SECONDARY AND HIGHER EDUCATION FROM TAKING THEIR MIDTERM OR FINAL EXAMINATIONS DUE TO UNPAID TUITION AND OTHER SCHOOL FEES","EJERCITO, JOSEPH VICTOR G.","August 29, 2013",NATIONAL,TUITION FEES STUDENTS,"EDUCATION, ARTS AND CULTURE",PENDING IN THE COMMITTEE
Senate Bill No. 2049,16th Congress (July 2013 - 2016),https://ldr.senate.gov.ph/bills/senate-bill-no-2049-16th-congress-republic,"SPECIAL FUND TO FINANCE THE MAINTENANCE, REHABILITATION AND REPLACEMENT OF ENERGY INFRASTRUCTURE","AN ACT AUTHORIZING THE USE OF THE SPECIAL FUND TO FINANCE THE MAINTENANCE, REHABILITATION, AND REPLACEMENT OF ENERGY INFRASTRUCTURE IN PREPARATION FOR AND IN RESPONSE TO NATURAL AND MAN-MADE CALAMITIES AS WELL AS TO FINANCE DIRECT SUBSIDY FOR ENERGY CONSUMPTION BY END USERS IN CASE OF MARKET FAILURE THEREBY AMENDING SECTION 8 OF PRESIDENTIAL DECREE NO. 910",Antonio F. Trillanes IV,"December 19, 2013",NATIONAL,MALAMPAYA NATURAL GAS PROJECT INFRASTUCTURES PRESIDENTIAL DECREE (P.D.NO. 910),FINANCE,PENDING IN THE COMMITTEE
Senate Bill No. 142,16th Congress (July 2013 - 2016),https://ldr.senate.gov.ph/bills/senate-bill-no-142-16th-congress-republic,NATIONAL MANGROVE FOREST PROTECTION AND PRESERVATION ACT OF 2013,"AN ACT PROVIDING FOR THE PRESERVATION, REFORESTATION, AFFORESTATION AND SUSTAINABLE DEVELOPMENT OF MANGROVE FORESTS IN THE PHILIPPINES, PROVIDING PENALTIES THEREFOR AND FOR OTHER PURPOSES","VILLAR, CYNTHIA A.","January 7, 2013",NATIONAL,MANGROVE FORESTS,ENVIRONMENT AND NATURAL RESOURCES,PENDING IN THE COMMITTEE
Senate Bill No. 1126,16th Congress (July 2013 - 2016),https://ldr.senate.gov.ph/bills/senate-bill-no-1126-16th-congress-republic,PROSTATE CANCER PUBLIC AWARENESS ACT,AN ACT ESTABLISHING A PROGRAM FOR PUBLIC EDUCATION ON PROSTATE CANCER,Antonio F. Trillanes IV,"July 29, 2013",NATIONAL,PROSTATE CANCER,HEALTH AND DEMOGRAPHY,PENDING IN THE COMMITTEE
Senate Bill No. 199,16th Congress (July 2013 - 2016),https://ldr.senate.gov.ph/bills/senate-bill-no-199-16th-congress-republic,EXPANDED GOVERNMENT ASSISTANCE TO STUDENTS AND TEACHER IN PRIVATE EDUCATION ACT,"AN ACT FURTHER AMENDING REPUBLIC ACT NO. 6729, AS AMENDED, OTHERWISE KNOWN AS THE 'EXPANDED GOVERNMENT ASSISTANCE TO STUDENTS AND TEACHERS IN PRIVATE EDUCATION ACT' TO PROVIDE FOR AN EXPANDED VOUCHER IN SECONDARY AND TERTIARY EDUCATION, APPROPRIATING FUNDS THEREFOR AND FOR OTHER PURPOSES","ANGARA, SONNY","January 7, 2013",NATIONAL,GOVERNMENT ASSISTANCE TO STUDENTS AND TEACHERS IN PRIVATE EDUCATION (GASTPE),"EDUCATION, ARTS AND CULTURE",PENDING IN THE COMMITTEE
Senate Bill No. 1179,16th Congress (July 2013 - 2016),https://ldr.senate.gov.ph/bills/senate-bill-no-1179-16th-congress-republic,PHILIPPINE MIDWIFERY ACT,"AN ACT EXPANDING THE SCOPE OF THE PRACTICE OF MIDWIFERY, AMENDING FOR THE PURPOSE REPUBLIC ACT NO. 7392, OTHERWISE KNOWN AS THE PHILIPPINE MIDWIFERY ACT OF 1992, AND FOR OTHER PURPOSES",Antonio F. Trillanes IV,"July 30, 2013",NATIONAL,MIDWIFERY,"CIVIL SERVICE, GOVERNMENT REORGANIZATION AND PROFESSIONAL REGULATION",PENDING IN THE COMMITTEE
Senate Bill No. 1497,16th Congress (July 2013 - 2016),https://ldr.senate.gov.ph/bills/senate-bill-no-1497-16th-congress-republic,IDENTITY OF HIRED FOREIGN CONSULTANTS,"AN ACT REQUIRING ALL BRANCHES, SUBDIVISIONS, INSTRUMENTALITIES, AND AGENCIES OF THE GOVERNMENT, INCLUDING GOVERNMENT-OWNED OR CONTROLLED CORPORATIONS OR THEIR SUBSIDIARIES TO DIVULGE THE IDENTITY OF HIRED FOREIGN CONSULTANTS, THE NATURE OF THEIR WORK AND THEIR COMPENSATION, PERKS, AND OTHER PRIVILEGES, AND PROVIDING PENALTIES IN CASE OF VIOLATION THEREOF","ESTRADA, JINGGOY E.","April 9, 2013",NATIONAL,GOVERNMENT-OWNED AND-CONTROLLED CORPORATIONS (GOCC) FOREIGN CONSULTANTS GOVERNMENT AGENCIES,"CIVIL SERVICE, GOVERNMENT REORGANIZATION AND PROFESSIONAL REGULATION",PENDING IN THE COMMITTEE
Senate Bill No. 1561,16th Congress (July 2013 - 2016),https://ldr.senate.gov.ph/bills/senate-bill-no-1561-16th-congress-republic,ANTI-STUDENT EXTORTION ACT,AN ACT PENALIZING THE REFUSAL TO ENROLL STUDENTS OR TO RELEASE REPORT CARDS AND OTHER DOCUMENTS IN PUBLIC ELEMENTARY AND SECONDARY SCHOOLS FOR FAILURE TO PAY MISCELLANEOUS AND OTHER FEES,Miriam Defensor Santiago,"May 9, 2013",NATIONAL,STUDENTS,"EDUCATION, ARTS AND CULTURE",PENDING IN THE COMMITTEE
Senate Bill No. 98,16th Congress (July 2013 - 2016),https://ldr.senate.gov.ph/bills/senate-bill-no-98-16th-congress-republic,WATER SECTOR REFORM ACT OF 2013,"AN ACT INSTITUTING REFORMS IN THE WATER INDUSTRY, PROVIDING FOR THE RATIONALIZATION, ALLOCATION AND DISTRIBUTION OF SERVICE AREAS, PROVISION OF INCENTIVES FOR INFRASTRUCTURE DEVELOPMENT OR FOR NEW, CLEAN, EFFICIENT AND ECOLOGICAL TECHNOLOGIES, REORGANIZING THE NATIONAL WATER RESOURCES BOARD AND CREATION OF LOCAL WATER SUPPLY AND SANITATION COMPANIES, AMENDING FOR THE PURPOSE PD 1067 AND OTHER LAWS AND FOR OTHER RELATED PURPOSES.","LEGARDA, LOREN B.","January 7, 2013",NATIONAL,WATER SECTOR REFORM,PUBLIC SERVICES,PENDING IN THE COMMITTEE
Senate Bill No. 1115,16th Congress (July 2013 - 2016),https://ldr.senate.gov.ph/bills/senate-bill-no-1115-16th-congress-republic,MURDER COMMITTED UNDER EXTRAORDINARY CIRCUMSTANCES,"AN ACT AMENDING ACT NO. 3815, OTHERWISE KNOWN AS THE PENAL CODE, TO DEFINE AND PENALIZE THE CRIME OF MURDER COMMITTED UNDER EXTRAORDINARY CIRCUMSTANCES",Miriam Defensor Santiago,"July 25, 2013",NATIONAL,CRIME OF MURDER REVISED PENAL CODE (R.A. NO. 3815) PEDESTRIAN,JUSTICE AND HUMAN RIGHTS,PENDING IN THE COMMITTEE
Senate Bill No. 212,16th Congress (July 2013 - 2016),https://ldr.senate.gov.ph/bills/senate-bill-no-212-16th-congress-republic,NATIONAL CANCER INSTITUTE OF THE PHILIPPINES ACT OF 2013,"AN ACT CREATING A NATIONAL CANCER INSTITUTE TO BE KNOWN AS THE 'NATIONAL CANCER INSTITUTE OF THE PHILIPPINES', APPROPRIATING FUNDS THEREFOR AND FOR OTHER PURPOSES",Gregorio B. Honasan II,"January 7, 2013",NATIONAL,NATIONAL CANCER INSTITUTE,HEALTH AND DEMOGRAPHY,PENDING IN THE COMMITTEE
Senate Bill No. 1816,16th Congress (July 2013 - 2016),https://ldr.senate.gov.ph/bills/senate-bill-no-1816-16th-congress-republic,"AMENDING ART. 867 SO THAT IT WOULD REFER TO ART. 870, CIVIL CODE OF THE PHILIPPINES","AN ACT AMENDING REPUBLIC ACT NO. 386, ALSO KNOWN AS THE CIVIL CODE OF THE PHILIPPINES, ARTICLE 867",Miriam Defensor Santiago,"March 10, 2013",NATIONAL,CIVIL CODE OF THE PHILIPPINES,"WOMEN, CHILDREN, FAMILY RELATIONS AND GENDER EQUALITY",PENDING IN THE COMMITTEE
Senate Bill No. 1752,16th Congress (July 2013 - 2016),https://ldr.senate.gov.ph/bills/senate-bill-no-1752-16th-congress-republic,PROVIDING FOR LOCAL AUTONOMY IN THE DETERMINATION OF STATE POLICY ON GAMBLING,"AN ACT PROVIDING FOR LOCAL AUTONOMY IN THE DETERMINATION OF STATE POLICY ON GAMBLING, AMENDING FOR THIS PURPOSE REPUBLIC ACT NO. 7160, OTHERWISE KNOWN AS THE LOCAL GOVERNMENT CODE OF 1991, SECTIONS 2 AND 133 (O)",Miriam Defensor Santiago,"February 10, 2013",NATIONAL,GAMBLING LOCAL GOVERNMENT CODE (R.A. NO. 7160),LOCAL GOVERNMENT,PENDING IN THE COMMITTEE
Senate Bill No. 1190,16th Congress (July 2013 - 2016),https://ldr.senate.gov.ph/bills/senate-bill-no-1190-16th-congress-republic,HEALTH FACILITIES REGULATION ACT OF 2013,AN ACT ENHANCING THE REGULATION OF HEALTH FACILITIES AND APPROPRIATING FUNDS THEREOF,"LEGARDA, LOREN B.","July 31, 2013",NATIONAL,HEALTH FACILITIES,HEALTH AND DEMOGRAPHY,CONSOLIDATED/SUBSTITUTED IN THE COMMITTEE REPORT
Senate Bill No. 528,16th Congress (July 2013 - 2016),https://ldr.senate.gov.ph/bills/senate-bill-no-528-16th-congress-republic,WOMEN EMPOWERMENT ACT OF 2013,AN ACT PROVIDING FOR WOMEN EMPOWERMENT AND FOR OTHER PURPOSES,"LEGARDA, LOREN B.","August 7, 2013",NATIONAL,WOMEN,"WOMEN, CHILDREN, FAMILY RELATIONS AND GENDER EQUALITY",PENDING IN THE COMMITTEE
Senate Bill No. 1508,16th Congress (July 2013 - 2016),https://ldr.senate.gov.ph/bills/senate-bill-no-1508-16th-congress-republic,CADASTRAL SURVEY ACT OF 2013,"AN ACT AUTHORIZING THE LAND MANAGEMENT BUREAU TO CONDUCT A SURVEY OF CADASTRAL LOTS IN THE ENTIRE COUNTRY, AND APPROPRIATING FUNDS THEREFOR","ESTRADA, JINGGOY E.","April 9, 2013",NATIONAL,CADASTRAL SURVEY LAND MANAGEMENT BUREAU,ENVIRONMENT AND NATURAL RESOURCES,SENT TO THE ARCHIVES
Senate Bill No. 569,16th Congress (July 2013 - 2016),https://ldr.senate.gov.ph/bills/senate-bill-no-569-16th-congress-republic,EATING DISORDER EDUCATION GRANT ACT,AN ACT PROVIDING GRANTS TO ESTABLISH OBESITY TREATMENT TRAINING FOR HEALTH PRACTITIONERS,Miriam Defensor Santiago,"August 7, 2013",NATIONAL,OBESITY,HEALTH AND DEMOGRAPHY,PENDING IN THE COMMITTEE
Senate Bill No. 1572,16th Congress (July 2013 - 2016),https://ldr.senate.gov.ph/bills/senate-bill-no-1572-16th-congress-republic,"AMENDING SEC. 138, RA 7160 ( TAX ON SAND, GRAVEL AND OTHER QUARRY RESOURCES)","AN ACT AUTHORIZING CITIES AND MUNICIPALITIES TO LEVY TAXES ON SAND, GRAVEL, AND OTHER QUARRY RESOURCES, AMENDING FOR THE PURPOSE SECTION 138 OF REPUBLIC ACT 7160, ALSO KNOWN AS THE LOCAL GOVERNMENT CODE OF 1991",Miriam Defensor Santiago,"May 9, 2013",NATIONAL,QUARRYING LOCAL GOVERNMENT CODE (R.A. NO. 7160),LOCAL GOVERNMENT,PENDING IN THE COMMITTEE
Senate Bill No. 681,16th Congress (July 2013 - 2016),https://ldr.senate.gov.ph/bills/senate-bill-no-681-16th-congress-republic,AGRICULTURE AND FISHERIES EXTENSION ACT OF 2013,"AN ACT STRENGTHENING THE NATIONAL AGRICULTURE AND FISHERIES EXTENSION SYSTEM TO ACCELERATE AGRICULTURE AND FISHERIES DEVELOPMENT, APPROPRIATING FUNDS THEREFOR AND FOR OTHER PURPOSES","LEGARDA, LOREN B.","September 7, 2013",NATIONAL,AGRICULTURE AND FISHERIES EXTENSION ACT,AGRICULTURE AND FOOD,PENDING IN THE COMMITTEE
Senate Bill No. 1334,16th Congress (July 2013 - 2016),https://ldr.senate.gov.ph/bills/senate-bill-no-1334-16th-congress-republic,MANDATING HOSPITALS TO MINIMIZE THE USE OF HAZARDOUS MATERIALS AND SUBSTANCES,AN ACT MANDATING EMPLOYEE AND PATIENT NOTIFICATION OF ENVIRONMENTAL HEALTH AND SAFETY HAZARDS IN HOSPITALS,Miriam Defensor Santiago,"August 22, 2013",NATIONAL,HOSPITALS HAZARDOUS/TOXIC/RADIOACTIVE WASTES MANAGEMENT,HEALTH AND DEMOGRAPHY,PENDING IN THE COMMITTEE
Senate Bill No. 26,16th Congress (July 2013 - 2016),https://ldr.senate.gov.ph/bills/senate-bill-no-26-16th-congress-republic,SUSTAINABLE TRANSPORTATION ACT OF 2013,"AN ACT PROMOTING SUSTAINABLE AND ALTERNATIVE MODES OF TRANSPORTATION AND OTHER MOBILITY OPTIONS TO IMPROVE AIR QUALITY, INCREASE EFFICIENCY, REDUCE CONGESTION AND CONTRIBUTE TO POSITIVE HEALTH IMPACTS IN OUR SOCIETY","CAYETANO, PIA S.","January 7, 2013",NATIONAL,TRANSPORTATION,PUBLIC SERVICES,PENDING IN THE COMMITTEE
Senate Bill No. 1032,16th Congress (July 2013 - 2016),https://ldr.senate.gov.ph/bills/senate-bill-no-1032-16th-congress-republic,YOUTH ENTREPRENEURSHIP,AN ACT TO ACTIVELY PROMOTE ENTERPRENEURSHIP AMONG FILIPINO YOUTH,"Paolo Benigno ""Bam"" Aquino IV","July 22, 2013",NATIONAL,ENTREPRENEURSHIP YOUTH,YOUTH,CONSOLIDATED/SUBSTITUTED IN THE COMMITTEE REPORT
Senate Bill No. 114,16th Congress (July 2013 - 2016),https://ldr.senate.gov.ph/bills/senate-bill-no-114-16th-congress-republic,AMENDING SEC. 61 OF THE LOCAL GOVERNMENT CODE OF 1991,"AN ACT AMENDING SECTION 61 OF REPUBLIC ACT 7160, OTHERWISE KNOWN AS THE LOCAL GOVERNMENT CODE OF 1991","Ferdinand ""Bongbong"" R. Marcos, Jr.","January 7, 2013",NATIONAL,LOCAL GOVERNMENT CODE (R.A. NO. 7160) ELECTIVE OFFICIAL (COMPONENT CITY),LOCAL GOVERNMENT,PENDING IN THE COMMITTEE
Senate Bill No. 1089,16th Congress (July 2013 - 2016),https://ldr.senate.gov.ph/bills/senate-bill-no-1089-16th-congress-republic,PILOTAGE SERVICE ACT OF 2013,"AN ACT CREATING A HARBOR PILOTAGE COMMISION, REGULATING HARBOR PILOTAGE SERVICES AND THE CONDUCT OF HARBOR PILOTS IN ALL PORTS IN THE PHILIPPINES AND FOR OTHER RELATED PURPOSES","Teofisto ""TG"" D. Guingona III","July 23, 2013",NATIONAL,PHILIPPINE PORTS AUTHORITY HARBOR PILOTAGE,PUBLIC SERVICES,PENDING IN THE COMMITTEE
Senate Bill No. 246,16th Congress (July 2013 - 2016),https://ldr.senate.gov.ph/bills/senate-bill-no-246-16th-congress-republic,CHILDREN WITH SPECIAL NEEDS EDUCATION FUND ACT OF 2013,AN ACT PROVIDING FOR A SUPPORT MECHANISM FOR THE PROGRAMS OF THE DEPARTMENT OF EDUCATION GEARED TOWARDS THE ADVANCEMENT OF THE INTERESTS OF CHILDREN WITH SPECIAL NEEDS,"CAYETANO, ALAN PETER S.","January 7, 2013",NATIONAL,"EDUCATION TRUST FUND CHILDREN WITH SPECIAL NEEDS DEPARTMENT OF EDUCATION, CULTURE AND SPORTS (DEPED)","EDUCATION, ARTS AND CULTURE",PENDING IN THE COMMITTEE
Senate Bill No. 290,16th Congress (July 2013 - 2016),https://ldr.senate.gov.ph/bills/senate-bill-no-290-16th-congress-republic,NISMED ACT OF 2013,"AN ACT CREATING THE NATIONAL INSTITUTE FOR SCIENCE AND MATHEMATICS EDUCATION DEVELOPMENT, APPROPRIATING FUNDS THEREFOR AND FOR OTHER PURPOSES","REVILLA JR., RAMON BONG","February 7, 2013",NATIONAL,NATIONAL INSTITUTE FOR SCIENCE AND MATHEMATHICS EDUCATION DEVELOPMENT (NISMED),"EDUCATION, ARTS AND CULTURE",PENDING IN THE COMMITTEE
Senate Bill No. 1101,16th Congress (July 2013 - 2016),https://ldr.senate.gov.ph/bills/senate-bill-no-1101-16th-congress-republic,FINAL FOREST LIMITS ACT OF 2013,AN ACT PROVIDING FOR THE DELINEATION OF THE SPECIFIC FOREST LIMITS OF THE PUBLIC DOMAIN AND FOR OTHER PURPOSES,"EJERCITO, JOSEPH VICTOR G.","July 24, 2013",NATIONAL,FOREST LAND/FOREST LIMITS,ENVIRONMENT AND NATURAL RESOURCES,CONSOLIDATED/SUBSTITUTED IN THE COMMITTEE REPORT
Senate Bill No. 1164,16th Congress (July 2013 - 2016),https://ldr.senate.gov.ph/bills/senate-bill-no-1164-16th-congress-republic,HOTLINE '117' ACT OF 2013,AN ACT INSTITUTIONALIZING AND FURTHER DEVELOPING '117' AS THE NATIONWIDE EMERGENCY ASSISTANCE TELEPHONE NUMBER FOR PUBLIC SAFETY AND SECURITY AND FOR OTHER PURPOSES,Antonio F. Trillanes IV,"July 30, 2013",NATIONAL,EMERGENCY HOTLINE 117/EMERGENCY CALLS,PUBLIC ORDER AND DANGEROUS DRUGS,PENDING IN THE COMMITTEE
Senate Bill No. 1546,16th Congress (July 2013 - 2016),https://ldr.senate.gov.ph/bills/senate-bill-no-1546-16th-congress-republic,SLOPING AGRICULTURAL LAND TECHNOLOGY (SALT) ACT OF 2013,"AN ACT ESTABLISHING THE SLOPING AGRICULTURAL LAND TECHNOLOGY FARMING PROGRAM, APPROPRIATING FUNDS THEREFOR AND FOR OTHER PURPOSES","ESTRADA, JINGGOY E.","May 9, 2013",NATIONAL,SLOPING AGRICULTURAL LAND TECHNOLOGY (SALT),AGRICULTURE AND FOOD,PENDING IN THE COMMITTEE
Senate Bill No. 612,16th Congress (July 2013 - 2016),https://ldr.senate.gov.ph/bills/senate-bill-no-612-16th-congress-republic,CONDONATION OF ALL UNPAID TAXES DUE FROM LOCAL WATER DISTRICTS,"AN ACT REMOVING THE CONDITIONS FOR THE CONDONATION OF ALL UNPAID TAXES DUE FROM LOCAL WATER DISTRICTS, AMENDING FOR THE PURPOSE SECTION 289-A OF THE NATIONAL INTERNAL REVENUE CODE , AS AMENDED",Ralph G. Recto,"August 7, 2013",NATIONAL,LOCAL WATER UTILITIES ADMINISTRATION (LWUA) TAXES/TAXATION NATIONAL INTERNAL REVENUE CODE (NIRC),WAYS AND MEANS,CONSOLIDATED/SUBSTITUTED IN THE COMMITTEE REPORT
Senate Bill No. 1238,16th Congress (July 2013 - 2016),https://ldr.senate.gov.ph/bills/senate-bill-no-1238-16th-congress-republic,PUBLIC SCHOOL TEACHERS' TAX INCENTIVE,"AN ACT PROVIDING TAX RELIEF TO PUBLIC SCHOOL TEACHERS BY EXEMPTING THEM FROM INCOME TAXATION, AMENDING FOR THE PURPOSE SECTIONS 22 AND 24A OF THE NATIONAL INTERNAL REVENUE CODE OF 1997, AS AMENDED","SOTTO III, VICENTE C.","July 8, 2013",NATIONAL,TAX EXEMPTION NATIONAL INTERNAL REVENUE CODE (NIRC) TEACHERS,WAYS AND MEANS,PENDING IN THE COMMITTEE
Senate Bill No. 713,16th Congress (July 2013 - 2016),https://ldr.senate.gov.ph/bills/senate-bill-no-713-16th-congress-republic,TEACHING SUPPLIES ALLOWANCE ACT OF 2013,AN ACT INSTITUTIONALIZING THE GRANT OF A TEACHING SUPPLIES ALLOWANCE FOR PUBLIC SCHOOL TEACHERS AND APPROPRIATING FUNDS THEREFOR,Ralph G. Recto,"October 7, 2013",NATIONAL,TEACHERS,"EDUCATION, ARTS AND CULTURE",PENDING IN THE COMMITTEE
Senate Bill No. 1864,16th Congress (July 2013 - 2016),https://ldr.senate.gov.ph/bills/senate-bill-no-1864-16th-congress-republic,STRONG NATIONAL BUDGET PROCESS ACT OF 2013,"AN ACT STRENGTHENING THE NATIONAL BUDGETING PROCESS, CREATING INTERNAL CONTROL SYSTEMS OR PROTECT MANAGEMENT AND MONITORING OFFICES IN ALL IMPLEMENTING AGENCIES AND OFFICES, STRENGTHENING THE RECOVERY AUDIT PROCESS OF THE GOVERNMENT, AND APPROPRIATING FUNDS THEREFOR, AND FOR OTHER PURPOSES","Ferdinand ""Bongbong"" R. Marcos, Jr.","October 16, 2013",NATIONAL,BUDGET,FINANCE,PENDING IN THE COMMITTEE
Senate Bill No. 1302,16th Congress (July 2013 - 2016),https://ldr.senate.gov.ph/bills/senate-bill-no-1302-16th-congress-republic,LGUS TO EARMARK A PORTION OF IRA FOR FREE MEDICINES,"AN ACT REQUIRING LOCAL GOVERNMENTS TO EARMARK A PORTION OF THEIR INTERNAL REVENUE ALLOTMENTS FOR FREE MEDICINES TO INDIGENT PATIENTS IN THEIR LOCALITIES, AND FOR OTHER PURPOSES","ESTRADA, JINGGOY E.","August 15, 2013",NATIONAL,LOCAL GOVERNMENT UNITS (LGUs) INTERNAL REVENUE ALLOTMENT (LOCAL GOVERNMENT UNITS) INDIGENT PERSON,LOCAL GOVERNMENT,PENDING IN THE COMMITTEE
Senate Bill No. 1928,16th Congress (July 2013 - 2016),https://ldr.senate.gov.ph/bills/senate-bill-no-1928-16th-congress-republic,THE GREEN BUILDING ACT OF 2013,AN ACT ESTABLISHING A GREEN BUILDING STANDARD FOR GOVERNMENT BUILDING PROJECTS IN THE COUNTRY,"LAPID, MANUEL ""LITO"" M.","November 18, 2013",NATIONAL,GREEN BUILDING CODE BUILDINGS/STRUCTURES,PUBLIC WORKS,PENDING IN THE COMMITTEE
Senate Bill No. 993,16th Congress (July 2013 - 2016),https://ldr.senate.gov.ph/bills/senate-bill-no-993-16th-congress-republic,CHIROPRACTICE ACT OF 2013,AN ACT REGULATING THE PRACTICE OF CHIROPRACTIC CARE IN THE PHILIPPINES,Antonio F. Trillanes IV,"July 22, 2013",NATIONAL,CHIROPRACTIC ACT,"CIVIL SERVICE, GOVERNMENT REORGANIZATION AND PROFESSIONAL REGULATION",PENDING IN THE COMMITTEE
Senate Bill No. 1620,16th Congress (July 2013 - 2016),https://ldr.senate.gov.ph/bills/senate-bill-no-1620-16th-congress-republic,FAIR DEBT COLLECTION PRACTICES ACT,AN ACT PROVIDING FOR FAIR DEBT COLLECTION PRACTICES AND REQUIRING DEBT COLLECTORS TO OBSERVE SUCH PRACTICES,Miriam Defensor Santiago,"October 9, 2013",NATIONAL,FAIR DEBT,"BANKS, FINANCIAL INSTITUTIONS AND CURRENCIES",CONSOLIDATED/SUBSTITUTED IN THE COMMITTEE REPORT
Senate Bill No. 1059,16th Congress (July 2013 - 2016),https://ldr.senate.gov.ph/bills/senate-bill-no-1059-16th-congress-republic,RIVER SYSTEMS AND WATERWAYS ECOLOGICAL ZONES ACT OF 2013,"AN ACT DECLARING AND ESTABLISHING RIVERS, RIVER SYSTEMS, BEACHES, SHORES AND WATERWAYS AS ECOLOGICAL ZONES, AND FOR OTHER PURPOSES","ESTRADA, JINGGOY E.","July 23, 2013",NATIONAL,RIVERS AND WATERWAYS,ENVIRONMENT AND NATURAL RESOURCES,PENDING IN THE COMMITTEE
Senate Bill No. 1684,16th Congress (July 2013 - 2016),https://ldr.senate.gov.ph/bills/senate-bill-no-1684-16th-congress-republic,NATIONAL BARANGAY BENEFITS AUGMENTATION FUND (LOCAL GOVERNMENT CODE OF 1991),"AN ACT INCREASING THE BENEFITS OF BARANGAY OFFICIALS, AMENDING FOR THE PURPOSE SECTION 393 OF REPUBLIC ACT NO. 7160, OTHERWISE KNOWN AS THE LOCAL GOVERNMENT CODE OF 1991, CREATING A NATIONAL BARANGAY BENEFITS AUGMENTATION FUND, AND FOR OTHER PURPOSES","ESTRADA, JINGGOY E.","September 16, 2013",NATIONAL,LOCAL GOVERNMENT CODE (R.A. NO. 7160) BARANGAY OFFICIALS,LOCAL GOVERNMENT,CONSOLIDATED/SUBSTITUTED IN THE COMMITTEE REPORT
Senate Bill No. 403,16th Congress (July 2013 - 2016),https://ldr.senate.gov.ph/bills/senate-bill-no-403-16th-congress-republic,CHILD SUPPORT ACT,AN ACT PENALIZING WILLFUL FAILURE TO PAY LEGAL CHILD SUPPORT OBLIGATIONS,Miriam Defensor Santiago,"March 7, 2013",NATIONAL,CHILD SUPPORT,"WOMEN, CHILDREN, FAMILY RELATIONS AND GENDER EQUALITY",PENDING IN THE COMMITTEE
Senate Bill No. 445,16th Congress (July 2013 - 2016),https://ldr.senate.gov.ph/bills/senate-bill-no-445-16th-congress-republic,ANTI-PROSTITUTION ACT,"AN ACT ADDRESSING THE SYSTEM OF PROSTITUTION, IMPOSING PENALTIES ON ITS PERPETRATORS, PROVIDING PROTECTIVE MEASURES AND SUPPORT SERVICES FOR ITS VICTIMS, REPEALING FOR THE PURPOSE ARTICLES 202 AND 341 OF ACT NO. 3815, AS AMENDED, OTHERWISE KNOWN AS THE REVISED PENAL CODE","ESCUDERO, FRANCIS G.","April 7, 2013",NATIONAL,PROSTITUTION REVISED PENAL CODE (R.A. NO. 3815),JUSTICE AND HUMAN RIGHTS,PENDING IN THE COMMITTEE
Senate Bill No. 627,16th Congress (July 2013 - 2016),https://ldr.senate.gov.ph/bills/senate-bill-no-627-16th-congress-republic,GOVERNMENT INDEBTEDNESS CAP ACT OF 2013,AN ACT SETTING A CEILING TO THE INDEBTEDNESS OF THE REPUBLIC OF THE PHILIPPINES TO ENSURE MACRO-ECONOMIC STABILITY AND SUSTAINABLE GROWTH AND FOR OTHER PURPOSES,Ralph G. Recto,"August 7, 2013",NATIONAL,GOVERNMENT INDEBTEDNESS CAP,FINANCE,PENDING IN THE COMMITTEE
Senate Bill No. 1377,16th Congress (July 2013 - 2016),https://ldr.senate.gov.ph/bills/senate-bill-no-1377-16th-congress-republic,"PHILIPPINE CLEAN AIR ACT, MOTOR VEHICLE SMOKE EMISSION TESTS","AN ACT AMENDING SECTION 21 OF REPUBLIC ACT NO. 8749, OTHERWISE KNOWN AS 'THE PHILIPPINE CLEAN AIR ACT OF 1999'","ESTRADA, JINGGOY E.","August 28, 2013",NATIONAL,CLEAN AIR ACT Motor Vehicles EMISSION TESTING,ENVIRONMENT AND NATURAL RESOURCES,PENDING IN THE COMMITTEE
Senate Bill No. 814,16th Congress (July 2013 - 2016),https://ldr.senate.gov.ph/bills/senate-bill-no-814-16th-congress-republic,PHILIPPINE NATIONAL CANCER CENTER,AN ACT ESTABLISHING A NATIONAL CANCER CENTER TO BE KNOWN AS THE PHILIPPINE NATIONAL CANCER CENTER AND APPROPRIATING FUNDS THEREFOR,Antonio F. Trillanes IV,"July 16, 2013",NATIONAL,PHILIPPINE NATIONAL CANCER CENTER,HEALTH AND DEMOGRAPHY,PENDING IN THE COMMITTEE
Senate Bill No. 2002,16th Congress (July 2013 - 2016),https://ldr.senate.gov.ph/bills/senate-bill-no-2002-16th-congress-republic,"AMENDING SEC. 34, NATIONAL INTERNAL REVENUE CODE (DEDUCTION FROM GROSS INCOME)","AN ACT AMENDING REPUBLIC ACT 8424, OR THE NATIONAL INTERNAL REVENUE CODE OF THE PHILIPPINES, BY GRANTING FULL DEDUCTION FROM GROSS INCOME THE AMOUNT OF CONTRIBUTIONS MADE TO DISASTER RELIEF, RECOVERY, AND REHABILITATION EFFORTS AND ACTIVITIES, AND FOR OTHER PURPOSES","BINAY, MARIA LOURDES NANCY S.","September 12, 2013",NATIONAL,NATIONAL INTERNAL REVENUE CODE (NIRC) TAXES/TAXATION,WAYS AND MEANS,PENDING IN THE COMMITTEE
Senate Bill No. 1440,16th Congress (July 2013 - 2016),https://ldr.senate.gov.ph/bills/senate-bill-no-1440-16th-congress-republic,ABSENTEE VOTING FOR LAWYERS,AN ACT PROVIDING FOR ABSENTEE VOTING FOR LAWYERS,Miriam Defensor Santiago,"August 29, 2013",NATIONAL,ABSENTEE VOTING,ELECTORAL REFORMS AND PEOPLES PARTICIPATION,CONSOLIDATED/SUBSTITUTED IN THE COMMITTEE REPORT
Senate Bill No. 580,16th Congress (July 2013 - 2016),https://ldr.senate.gov.ph/bills/senate-bill-no-580-16th-congress-republic,BATAAN NUCLEAR POWER PLANT OPERABILITY ACT,"AN ACT MANDATING AN IMMEDIATE VALIDATION PROCESS WHICH SATISFIES INTERNATIONALLY ACCEPTED NUCLEAR POWER INDUSTRY NORMS TO DETERMINE THE BATAAN NUCLEAR POWER PLANT'S OPERABILITY CULMINATING IN EITHER THE IMMEDIATE REHABILITATION, CERTIFICATION, AND COMMERCIAL OPERATION, OR THE IMMEDIATE PERMANENT CLOSURE AND SALVAGE VALUE RECOVERY OF THE BATAAN NUCLEAR POWER PLANT",Miriam Defensor Santiago,"August 7, 2013",NATIONAL,BATAAN NUCLEAR POWER PLANT,ENERGY,PENDING IN THE COMMITTEE
Senate Bill No. 302,16th Congress (July 2013 - 2016),https://ldr.senate.gov.ph/bills/senate-bill-no-302-16th-congress-republic,BARANGAY HEALTH WORKERS,"AN ACT GRANTING FIXED MONTHLY HONORARIA AND TRAVEL ALLOWANCES TO BARANGAY HEALTH WORKERS, AMENDING FOR THE PURPOSE REPUBLIC ACT NO. 7883, OTHERWISE KNOWN AS THE BARANGAY HEALTH WORKERS BENEFITS AND INCENTIVES ACT OF 1995 AND PROVIDING FUNDS THEREFOR","VILLAR, CYNTHIA A.","February 7, 2013",NATIONAL,BARANGAY HEALTH WORKER,HEALTH AND DEMOGRAPHY,PENDING IN THE COMMITTEE
Senate Bill No. 353,16th Congress (July 2013 - 2016),https://ldr.senate.gov.ph/bills/senate-bill-no-353-16th-congress-republic,PHILIPPINE TROPICAL FABRICS FOR UNIFORMS OF PUBLIC OFFICIALS AND EMPLOYEES,"AN ACT REINFORCING REPUBLIC ACT NO 9242, KNOWN AS 'AN ACT PRESCRIBING THE USE OF THE PHILIPPINE TROPICAL FABRICS FOR UNIFORMS OF PUBLIC OFFICIALS AND EMPLOYEES AND FOR OTHER PURPOSES,' THEREBY AMENDING THE LAW FOR THIS PURPOSE","LEGARDA, LOREN B.","March 7, 2013",NATIONAL,TROPICAL FABRIC,"CIVIL SERVICE, GOVERNMENT REORGANIZATION AND PROFESSIONAL REGULATION",PENDING IN THE COMMITTEE
Senate Bill No. 1284,16th Congress (July 2013 - 2016),https://ldr.senate.gov.ph/bills/senate-bill-no-1284-16th-congress-republic,SOCIAL SECURITY LAW,"AN ACT TO STRENGTHEN THE SOCIAL SECURITY SYSTEM THEREBY AMENDING FOR THIS PURPOSE, REPUBLIC ACT NO. 1161, AS AMENDED OTHERWISE KNOWN AS THE SOCIAL SECURITY LAW","ESTRADA, JINGGOY E.","August 15, 2013",NATIONAL,SOCIAL SECURITY SYSTEM (SSS),GOVERNMENT CORPORATIONS AND PUBLIC ENTERPRISES,PENDING IN THE COMMITTEE
Senate Bill No. 690,16th Congress (July 2013 - 2016),https://ldr.senate.gov.ph/bills/senate-bill-no-690-16th-congress-republic,TEACHING OF HUMAN RIGHTS IN PUBLIC AND PRIVATE SCHOOLS,AN ACT REQUIRING MANDATORY TEACHING OF HUMAN RIGHTS IN ALL PUBLIC AND PRIVATE SCHOOLS,"LEGARDA, LOREN B.","September 7, 2013",NATIONAL,HUMAN RIGHTS CURRICULUM,"EDUCATION, ARTS AND CULTURE",PENDING IN THE COMMITTEE
Senate Bill No. 1909,16th Congress (July 2013 - 2016),https://ldr.senate.gov.ph/bills/senate-bill-no-1909-16th-congress-republic,BARANGAY PUBLIC LIBRARY ACT,AN ACT PROVIDING FOR THE ESTABLISHMENT OF A PUBLIC LIBRARY FOR EVERY BARANGAY,Miriam Defensor Santiago,"November 11, 2013",NATIONAL,LIBRARY/BARANGAY READING CENTERS,"EDUCATION, ARTS AND CULTURE",PENDING IN THE COMMITTEE
Senate Bill No. 1358,16th Congress (July 2013 - 2016),https://ldr.senate.gov.ph/bills/senate-bill-no-1358-16th-congress-republic,HAZARD ALLOWANCE FOR ALL S&T PERSONNEL IN THE GOVERNMENT,"AN ACT PRESCRIBING THE HAZARD ALLOWANCE OF THIRTY PERCENT (30%) OF THE MONTHLY BASIC SALARY FOR ALL SCIENCE AND TECHNOLOGY (S&T) PERSONNEL IN THE GOVERNMENT AND FOR OTHER PURPOSES, THEREBY AMENDING REPUBLIC ACT NO. 8439, OTHERWISE KNOWN AS THE MAGNA CARTA FOR SCIENTISTS, ENGINEERS, RESEARCHERS AND OTHER SCIENCE AND TECHNOLOGY PERSONNEL IN GOVERNMENT",Ralph G. Recto,"August 27, 2013",NATIONAL,SCIENCE AND TECHNOLOGY HAZARD PAY,SCIENCE AND TECHNOLOGY,PENDING IN THE COMMITTEE
Senate Bill No. 175,16th Congress (July 2013 - 2016),https://ldr.senate.gov.ph/bills/senate-bill-no-175-16th-congress-republic,TUITION FEE RATIONALIZATION ACT,"AN ACT RATIONALIZING AND REGULATING TUITION AND OTHER SCHOOL FEES IN ALL HIGHER AND BASIC EDUCATION INSTITUTIONS, CREATING A TUITION FEE RATIONALIZING COUNCIL, AND FOR OTHER PURPOSES","REVILLA JR., RAMON BONG","January 7, 2013",NATIONAL,TUITION FEES,"EDUCATION, ARTS AND CULTURE",PENDING IN THE COMMITTEE
Senate Bill No. 241,16th Congress (July 2013 - 2016),https://ldr.senate.gov.ph/bills/senate-bill-no-241-16th-congress-republic,COMPREHENSIVE AUTISM INTERVENTION ACT OF 2013,AN ACT INSTITUTING A NATIONAL COMPREHENSIVE PROGRAM ON AUTISM AND FOR OTHER PURPOSES,"LAPID, MANUEL ""LITO"" M.","January 7, 2013",NATIONAL,AUTISM,HEALTH AND DEMOGRAPHY,PENDING IN THE COMMITTEE
Senate Bill No. 274,16th Congress (July 2013 - 2016),https://ldr.senate.gov.ph/bills/senate-bill-no-274-16th-congress-republic,SCHOOL HEALTH AND NUTRITION PROGRAM OF DEPED,"AN ACT PROVIDING FOR THE MODERNIZATION OF THE SCHOOL HEALTH AND NUTRITION PROGRAM (SHNP) OF THE DEPARTMENT OF EDUCATION, AUTHORIZING THE APPROPRIATION OF FUNDS THEREFOR, AND FOR OTHER PURPOSES","REVILLA JR., RAMON BONG","February 7, 2013",NATIONAL,"SCHOOL HEALTH nutrition DEPARTMENT OF EDUCATION, CULTURE AND SPORTS (DEPED)","EDUCATION, ARTS AND CULTURE",PENDING IN THE COMMITTEE
Senate Bill No. 367,16th Congress (July 2013 - 2016),https://ldr.senate.gov.ph/bills/senate-bill-no-367-16th-congress-republic,WORKERS' CONSTITUTIONAL RIGHT TO COLLECTIVE BARGAINING,"AN ACT STRENGTHENING THE WORKERS' CONSTITUTIONAL RIGHT TO COLLECTIVE BARGAINING, REPEALING AND REPLACING FOR THE PURPOSE PRESIDENTIAL DECREE NO 442, AS AMENDED, OTHERWISE KNOWN AS THE LABOR CODE OF THE PHILIPPINES","ESTRADA, JINGGOY E.","March 7, 2013",NATIONAL,COLLECTIVE BARGAINING AGREEMENT LABOR CODE OF THE PHILIPPINES (P.D. NO. 442),"LABOR, EMPLOYMENT AND HUMAN RESOURCES DEVELOPMENT",PENDING IN THE COMMITTEE
Senate Bill No. 33,16th Congress (July 2013 - 2016),https://ldr.senate.gov.ph/bills/senate-bill-no-33-16th-congress-republic,"ANTI-NO PERMIT, NO EXAM ACT OF 2013","AN ACT PENALIZING THE IMPOSITION OF A 'NO PERMIT, NO EXAM' POLICY OR ANY SUCH POLICY THAT PROHIBITS STUDENTS OF POST-SECONDARY AND HIGHER EDUCATION FROM TAKING THEIR MIDTERM OR FINAL EXAMINATIONS DUE TO UNPAID TUITION AND OTHER SCHOOL FEES","VILLAR, CYNTHIA A.","January 7, 2013",NATIONAL,STUDENTS,"EDUCATION, ARTS AND CULTURE",PENDING IN THE COMMITTEE
Senate Bill No. 118,16th Congress (July 2013 - 2016),https://ldr.senate.gov.ph/bills/senate-bill-no-118-16th-congress-republic,ANTI-INFLUENCE PEDDLING ACT,AN ACT PENALIZING INFLUENCE PEDDLING AND FOR OTHER PURPOSES,"ESCUDERO, FRANCIS G.","January 7, 2013",NATIONAL,INFLUENCE PEDDLING,"CIVIL SERVICE, GOVERNMENT REORGANIZATION AND PROFESSIONAL REGULATION",PENDING IN THE COMMITTEE
Senate Bill No. 424,16th Congress (July 2013 - 2016),https://ldr.senate.gov.ph/bills/senate-bill-no-424-16th-congress-republic,COOPERATIVE DEVELOPMENT AUTHORITY CHARTER ACT,"AN ACT REORGANIZING THE COOPERATIVE DEVELOPMENT AUTHORITY, REPEALING FOR THE PURPOSE REPUBLIC ACT NO. 6939, CREATING THE COOPERATIVE DEVELOPMENT AUTHORITY","Ferdinand ""Bongbong"" R. Marcos, Jr.","March 7, 2013",NATIONAL,COOPERATIVE DEVELOPMENT AUTHORITY,COOPERATIVES,CONSOLIDATED/SUBSTITUTED IN THE COMMITTEE REPORT
Senate Bill No. 1895,16th Congress (July 2013 - 2016),https://ldr.senate.gov.ph/bills/senate-bill-no-1895-16th-congress-republic,COCONUT SUGAR RESEARCH AND DEVELOPMENT (R&D) ACT OF 2013,"AN ACT PROVIDING THE ENABLING MECHANISMS FOR RESEARCH AND DEVELOPMENT (R&D) OF COCONUT SUGAR IN THE COUNTRY, APPROPRIATING FUNDS THEREFOR AND FOR OTHER PURPOSES","LAPID, MANUEL ""LITO"" M.","April 11, 2013",NATIONAL,COCONUT SUGAR,AGRICULTURE AND FOOD,PENDING IN THE COMMITTEE
Senate Bill No. 570,16th Congress (July 2013 - 2016),https://ldr.senate.gov.ph/bills/senate-bill-no-570-16th-congress-republic,SAFE KIDS IN CARS ACT,AN ACT TO IMPROVE CHILD SAFETY IN MOTOR VEHICLES,Miriam Defensor Santiago,"August 7, 2013",NATIONAL,CHILDREN/CHILD CARE Motor Vehicles,PUBLIC SERVICES,PENDING IN THE COMMITTEE
Senate Bill No. 1587,16th Congress (July 2013 - 2016),https://ldr.senate.gov.ph/bills/senate-bill-no-1587-16th-congress-republic,HUMANITIES EXCELLENCE AND TEACHER TRAINING ACT,AN ACT PROVIDING A NATIONAL PROGRAM FOR IMPROVING THE QUALITY OF INSTRUCTION IN THE HUMANITIES IN PUBLIC AND PRIVATE ELEMENTARY AND SECONDARY SCHOOLS,"ESTRADA, JINGGOY E.","October 9, 2013",NATIONAL,TEACHERS,"EDUCATION, ARTS AND CULTURE",PENDING IN THE COMMITTEE
Senate Bill No. 1651,16th Congress (July 2013 - 2016),https://ldr.senate.gov.ph/bills/senate-bill-no-1651-16th-congress-republic,REAL PROPERTY OWNERS PROTECTION ACT OF 2013,AN ACT ENHANCING PROTECTION FOR LEGITIMATE OWNERS OF REAL PROPERTY AND PROVIDING PENALTIES FOR FRAUDULENT ACTS IN REAL ESTATE TRANSACTIONS,"BINAY, MARIA LOURDES NANCY S.","November 9, 2013",NATIONAL,REAL PROPERTY,JUSTICE AND HUMAN RIGHTS,PENDING IN THE COMMITTEE
Senate Bill No. 779,16th Congress (July 2013 - 2016),https://ldr.senate.gov.ph/bills/senate-bill-no-779-16th-congress-republic,THE BUDGET IMPOUNDMENT CONTROL ACT,THE BUDGET IMPOUNDMENT CONTROL ACT,"ESTRADA, JINGGOY E.","July 15, 2013",NATIONAL,BUDGET IMPOUNDMENT CONTROL,FINANCE,CONSOLIDATED/SUBSTITUTED IN THE COMMITTEE REPORT
Senate Bill No. 1343,16th Congress (July 2013 - 2016),https://ldr.senate.gov.ph/bills/senate-bill-no-1343-16th-congress-republic,ENVI-PROTECTION CLEANING AGENTS ACT,AN ACT REGULATING THE DISTRIBUTION FOR SALE OR USE OF CLEANING AGENTS WHICH CONTAIN PHOSPORUS,Miriam Defensor Santiago,"August 22, 2013",NATIONAL,CLEANING AGENTS/DISHWASHING DETERGENTS ENVIRONMENTAL PROTECTION,ENVIRONMENT AND NATURAL RESOURCES,PENDING IN THE COMMITTEE
Senate Bill No. 843,16th Congress (July 2013 - 2016),https://ldr.senate.gov.ph/bills/senate-bill-no-843-16th-congress-republic,PUBLIC SCHOOL TEACHERS' INCENTIVE ACT OF 2013,"AN ACT EXEMPTING FROM TAX ALL ALLOWANCES AND BENEFITS GRANTED TO PUBLIC SCHOOL TEACHERS, INCLUDING THOSE IN THE STATE COLLEGES AND UNIVERSITIES","EJERCITO, JOSEPH VICTOR G.","July 17, 2013",NATIONAL,TEACHERS TAX INCENTIVES,WAYS AND MEANS,PENDING IN THE COMMITTEE
Senate Bill No. 1969,16th Congress (July 2013 - 2016),https://ldr.senate.gov.ph/bills/senate-bill-no-1969-16th-congress-republic,NATIONAL SECURITY ACT OF 2013,AN ACT PROVIDING FOR A NATIONAL SECURITY POLICY AND PLANNING FRAMEWORK AND CREATING AN INSTITUTIONAL MECHANISM FOR IMPLEMENTATION AND FOR OTHER PURPOSES,"ESTRADA, JINGGOY E.","November 27, 2013",NATIONAL,NATIONAL SECURITY POLICY,NATIONAL DEFENSE AND SECURITY,PENDING IN THE COMMITTEE
Senate Bill No. 1407,16th Congress (July 2013 - 2016),https://ldr.senate.gov.ph/bills/senate-bill-no-1407-16th-congress-republic,SIARGAO ISLANDS PROTECTED LANDSCAPES AND SEASCAPES ACT OF 2013,AN ACT DECLARING THE ISLANDS OF SIARGAO AND BUCAS GRANDE AS A PROTECTED AREA UNDER THE CATEGORY OF PROTECTED LANDSCAPES AND SEASCAPES,"ESTRADA, JINGGOY E.","August 29, 2013",LOCAL,PROTECTED AREA/PROTECTED LANDSCAPE,ENVIRONMENT AND NATURAL RESOURCES,CONSOLIDATED/SUBSTITUTED IN THE COMMITTEE REPORT
Senate Bill No. 2033,16th Congress (July 2013 - 2016),https://ldr.senate.gov.ph/bills/senate-bill-no-2033-16th-congress-republic,"AMENDING SEC. 11, ANTI-GRAFT AND CORRUPT PRACTICES ACT (PRESCRIPTIVE PERIOD)","AN ACT AMENDING SECTION 11 OF REPUBLIC ACT NUMBERED 3019, OTHERWISE KNOWN AS THE 'ANTI-GRAFT AND CORRUPT PRACTICES ACT', BY INCREASING THE PRESCRIPTIVE PERIOD FOR ITS VIOLATION FROM FIFTEEN (15) YEARS TO THIRTY (30) YEARS AND FOR OTHER PURPOSES","ESTRADA, JINGGOY E.","November 12, 2013",NATIONAL,Anti-Graft and Corrupt Practices Act,JUSTICE AND HUMAN RIGHTS,CONSOLIDATED/SUBSTITUTED IN THE COMMITTEE REPORT
Senate Bill No. 1598,16th Congress (July 2013 - 2016),https://ldr.senate.gov.ph/bills/senate-bill-no-1598-16th-congress-republic,TEACHING OF DISASTER AWARENESS MITIGATION,"AN ACT REQUIRING THE TEACHING OF DISASTER AWARENESS AND DISASTER MITIGATION AS PART OF THE CURRICULUM OF ALL PRIMARY AND SECONDARY SCHOOLS, AND FOR OTHER PURPOSES","ESTRADA, JINGGOY E.","October 9, 2013",NATIONAL,DISASTER AWARENESS/MITIGATION CURRICULUM,"EDUCATION, ARTS AND CULTURE",PENDING IN THE COMMITTEE
Senate Bill No. 1662,16th Congress (July 2013 - 2016),https://ldr.senate.gov.ph/bills/senate-bill-no-1662-16th-congress-republic,KAUNLARAN NG BAYAN,"AN ACT INSTITUTING AN INCENTIVE PAY SYSTEM, BASED ON PRODUCTIVITY AND PERFORMANCE, FOR ALL OFFICIALS AND EMPLOYEES OF THE GOVERNMENT, AND FOR OTHER PURPOSES","ESTRADA, JINGGOY E.","September 16, 2013",NATIONAL,PRODUCTIVITY INCENTIVE GOVERNMENT EMPLOYEES,"CIVIL SERVICE, GOVERNMENT REORGANIZATION AND PROFESSIONAL REGULATION",PENDING IN THE COMMITTEE
Senate Bill No. 1355,16th Congress (July 2013 - 2016),https://ldr.senate.gov.ph/bills/senate-bill-no-1355-16th-congress-republic,REVISED PENAL CODE (COMMUNITY SERVICE IN LIEU OF DETENTION ),"AN ACT AUTHORIZING THE COURT TO REQUIRE COMMUNITY SERVICE IN LIEU OF DETENTION FOR THE PENALTY OF ARRESTO MENOR, AMENDING FOR THE PURPOSE CHAPTER FIVE, TITLE THREE, BOOK ONE OF ACT NO. 3815, AS AMENDED, OTHERWISE KNOWN AS THE REVISED PENAL CODE","ANGARA, SONNY","August 22, 2013",NATIONAL,REVISED PENAL CODE (R.A. NO. 3815),JUSTICE AND HUMAN RIGHTS,PENDING IN THE COMMITTEE
Senate Bill No. 1980,16th Congress (July 2013 - 2016),https://ldr.senate.gov.ph/bills/senate-bill-no-1980-16th-congress-republic,ECONOMIC ESPIONAGE AND PROTECTION OF PROPRIETARY INFORMATION ACT,AN ACT DEFINING THE CRIME OF ECONOMIC ESPIONAGE AND PROVIDING PENALTIES THEREFOR,"ESTRADA, JINGGOY E.","November 27, 2013",NATIONAL,ECONOMIC ESPIONAGE,"TRADE, COMMERCE AND ENTREPRENEURSHIP",PENDING IN THE COMMITTEE
Senate Bill No. 1418,16th Congress (July 2013 - 2016),https://ldr.senate.gov.ph/bills/senate-bill-no-1418-16th-congress-republic,RADIOLOGIC TECHNOLOGY ACT,"AN ACT TO AMEND CERTAIN SECTIONS OF R.A. 7431, OTHERWISE KNOWN AS THE 'RADIOLOGIC TECHNOLOGY ACT OF 1992, AND FOR OTHER PURPOSES","ESTRADA, JINGGOY E.","August 29, 2013",NATIONAL,RADIOLOGIC TECHNOLOGY ACT (R.A.NO. 7431),"CIVIL SERVICE, GOVERNMENT REORGANIZATION AND PROFESSIONAL REGULATION",PENDING IN THE COMMITTEE
Senate Bill No. 2044,16th Congress (July 2013 - 2016),https://ldr.senate.gov.ph/bills/senate-bill-no-2044-16th-congress-republic,PHILIPPINE PRESS FREEDOM DAY,AN ACT DECLARING NOVEMBER TWENTY-THREE OF EVERY YEAR AS PHILIPPINE PRESS FREEDOM DAY,"POE, GRACE","December 16, 2013",NATIONAL,JOURNALIST WELFARE,PUBLIC INFORMATION AND MASS MEDIA,PENDING IN THE COMMITTEE
Senate Bill No. 1007,16th Congress (July 2013 - 2016),https://ldr.senate.gov.ph/bills/senate-bill-no-1007-16th-congress-republic,BARANGAY TANOD MEMBERS BENEFITS AND INCENTIVES,AN ACT UPGRADING THE BENEFITS AND INCENTIVES OF BARANGAY TANOD MEMBERS WHO HAVE RENDERED AT LEAST ONE YEAR OF SERVICE IN THE BARANGAY GOVERNMENT,Antonio F. Trillanes IV,"July 22, 2013",NATIONAL,BARANGAY TANOD BRIGADES,LOCAL GOVERNMENT,CONSOLIDATED/SUBSTITUTED IN THE COMMITTEE REPORT
Senate Bill No. 100,16th Congress (July 2013 - 2016),https://ldr.senate.gov.ph/bills/senate-bill-no-100-16th-congress-republic,INTEGRATED COASTAL MANAGEMENT ACT,"AN ACT TO ADOPT INTEGRATED COASTAL MANAGEMENT AS A NATIONAL STRATEGY TO ENSURE THE SUSTAINABLE DEVELOPMENT OF THE COASTAL AND MARINE ENVIRONMENT AND RESOURCES AND TO ESTABLISH SUPPORTING MECHANISMS FOR ITS IMPLEMENTATION, PROVIDING FUNDS THEREFOR AND FOR OTHER PURPOSES","LEGARDA, LOREN B.","January 7, 2013",NATIONAL,COASTAL ENVIRONMENT PROGRAM,ENVIRONMENT AND NATURAL RESOURCES,CONSOLIDATED/SUBSTITUTED IN THE COMMITTEE REPORT
Senate Bill No. 214,16th Congress (July 2013 - 2016),https://ldr.senate.gov.ph/bills/senate-bill-no-214-16th-congress-republic,"PNP, BFP AND BJMP HEIGHT EQUALITY ACT OF 2013","AN ACT REPEALING THE MINIMUM HEIGHT REQUIREMENT FOR APPLICANTS TO THE PHILIPPINE NATIONAL POLICE (PNP), BUREAU OF FIRE PROTECTION (BFP), AND BUREAU OF JAIL MANAGEMENT AND PENOLOGY (BJMP)",Gregorio B. Honasan II,"January 7, 2013",NATIONAL,PHILIPPINE NATIONAL POLICE (PNP) BUREAU OF FIRE PROTECTION BUREAU OF JAIL MANAGEMENT AND PENOLOGY,PUBLIC ORDER AND DANGEROUS DRUGS,PENDING IN THE COMMITTEE
Senate Bill No. 1041,16th Congress (July 2013 - 2016),https://ldr.senate.gov.ph/bills/senate-bill-no-1041-16th-congress-republic,LAND ADMINISTRATION REFORM ACT OF 2013,"AN ACT INSTITUTING REFORMS IN LAND ADMINISTRATION SYSTEM, CREATING THE LAND ADMINISTRATION AUTHORITY, AND FOR OTHER PURPOSES","CAYETANO, PIA S.","July 23, 2013",NATIONAL,LAND ADMINISTRATION,ENVIRONMENT AND NATURAL RESOURCES,PENDING IN THE COMMITTEE
Senate Bill No. 1125,16th Congress (July 2013 - 2016),https://ldr.senate.gov.ph/bills/senate-bill-no-1125-16th-congress-republic,SEX OFFENDERS SCHOOL ACCESS PROHIBITION ACT,"AN ACT TO PROTECT THE SAFETY, MORALE, AND WELL-BEING OF SCHOOLCHILDREN BY PROHIBITING SEX OFFENDERS FROM ENTRANCE TO SCHOOL PREMISES OR ACTIVITIES, AND FOR OTHER PURPOSES",Antonio F. Trillanes IV,"July 29, 2013",NATIONAL,SEX OFFENDERS,"EDUCATION, ARTS AND CULTURE",PENDING IN THE COMMITTEE
Senate Bill No. 186,16th Congress (July 2013 - 2016),https://ldr.senate.gov.ph/bills/senate-bill-no-186-16th-congress-republic,THE PHILIPPINE HIV AND AIDS POLICY AND PLAN ACT,"AN ACT STRENGTHENING THE PHILIPPINE COMPREHENSIVE POLICY ON HIV AND AIDS PREVENTION, TREATMENT, CARE AND SUPPORT, AND ESTABLISHING THE PHILIPPINE NATIONAL HIV AND AIDS PLAN, AMENDING FOR THE PURPOSE REPUBLIC ACT NO. 8504, OTHERWISE KNOWN AS THE PHILIPPINE AIDS PREVENTION AND CONTROL ACT OF 1998",Miriam Defensor Santiago,"January 7, 2013",NATIONAL,HUMAN IMMUNO DEFICIENCY VIRUS (HIV) ACQUIRED IMMUNE DEFICIENCY SYNDROME (AIDS),HEALTH AND DEMOGRAPHY,CONSOLIDATED/SUBSTITUTED IN THE COMMITTEE REPORT
Senate Bill No. 260,16th Congress (July 2013 - 2016),https://ldr.senate.gov.ph/bills/senate-bill-no-260-16th-congress-republic,LEGISLATIVE CAREER SERVICE,"AN ACT STRENGTHENING AND RATIONALIZING THE CAREER SERVICE OF THE CONGRESS OF THE PHILIPPINES BY ESTABLISHING A LEGISLATIVE CAREER SERVICE, PROVIDING BENEFITS FOR ITS OFFICERS AND EMPLOYEES, APPROPRIATING FUNDS THEREFOR AND FOR OTHER PURPOSES","ANGARA, SONNY","February 7, 2013",NATIONAL,LEGISLATIVE CAREER SERVICE,ACCOUNTS,PENDING IN THE COMMITTEE
Senate Bill No. 321,16th Congress (July 2013 - 2016),https://ldr.senate.gov.ph/bills/senate-bill-no-321-16th-congress-republic,BESSANG PASS NATURAL MONUMENT/LANDMARK (BPNML) ACT OF 2013,"AN ACT ESTABLISHING THE BESSANG PASS NATURAL MONUMENT/LANDMARK IN THE MUNICIPALITY OF CERVANTES, ILOCOS SUR AS A PROTECTED AREA AND FOR OTHER PURPOSES","CAYETANO, PIA S.","March 7, 2013",NATIONAL,PROTECTED AREA/PROTECTED LANDSCAPE,ENVIRONMENT AND NATURAL RESOURCES,CONSOLIDATED/SUBSTITUTED IN THE COMMITTEE REPORT
Senate Bill No. 18,16th Congress (July 2013 - 2016),https://ldr.senate.gov.ph/bills/senate-bill-no-18-16th-congress-republic,FREEDOM OF INFORMATION ACT,"AN ACT IMPLEMENTING THE RIGHT OF THE PEOPLE TO INFORMATION ON MATTERS OF PUBLIC CONCERN GUARANTEED UNDER SECTION SEVEN, ARTICLE THREE OF THE 1987 CONSTITUTION AND THE STATE POLICY OF FULL PUBLIC DISCLOSURE OF ALL ITS TRANSACTIONS INVOLVING PUBLIC INTEREST UNDER SECTION TWENTY-EIGHT, ARTICLE TWO OF THE 1987 CONSTITUTION, AND FOR OTHER PURPOSES","ESCUDERO, FRANCIS G.","January 7, 2013",NATIONAL,RIGHT TO INFORMATION,PUBLIC INFORMATION AND MASS MEDIA,CONSOLIDATED/SUBSTITUTED IN THE COMMITTEE REPORT
Senate Bill No. 72,16th Congress (July 2013 - 2016),https://ldr.senate.gov.ph/bills/senate-bill-no-72-16th-congress-republic,MAGNA CARTA OF STUDENTS RIGHTS AND WELFARE ACT,AN ACT PROVIDING FOR A MAGNA CARTA FOR STUDENTS' RIGHTS AND WELFARE,"EJERCITO, JOSEPH VICTOR G.","January 7, 2013",NATIONAL,MAGNA CARTA FOR STUDENTS,"EDUCATION, ARTS AND CULTURE",PENDING IN THE COMMITTEE
Senate Bill No. 516,16th Congress (July 2013 - 2016),https://ldr.senate.gov.ph/bills/senate-bill-no-516-16th-congress-republic,BANNING LOGGING OPERATIONS,"AN ACT TOTALLY BANNING LOGGING OPERATIONS FOR THE NEXT TWENTY- FIVE YEARS, AND FOR OTHER PURPOSES","LEGARDA, LOREN B.","August 7, 2013",NATIONAL,LOGGING BAN,ENVIRONMENT AND NATURAL RESOURCES,PENDING IN THE COMMITTEE
Senate Bill No. 1144,16th Congress (July 2013 - 2016),https://ldr.senate.gov.ph/bills/senate-bill-no-1144-16th-congress-republic,LASER HAIR REMOVAL REGULATORY BOARD,AN ACT REGULATING THE USE OF LASERS IN COSMETOLOGICAL HAIR REMOVAL PROCEDURES,Miriam Defensor Santiago,"July 29, 2013",NATIONAL,LASER,HEALTH AND DEMOGRAPHY,PENDING IN THE COMMITTEE
Senate Bill No. 600,16th Congress (July 2013 - 2016),https://ldr.senate.gov.ph/bills/senate-bill-no-600-16th-congress-republic,GOVERNMENT OFFICIALS AND EMPLOYEES,AN ACT PROVIDING AUTOMATIC PROMOTION OF GOVERNMENT OFFICIALS AND EMPLOYEES UPON RETIREMENT FROM GOVERNMENT SERVICE AND FOR OTHER PURPOSES,"ESCUDERO, FRANCIS G.","August 7, 2013",NATIONAL,GOVERNMENT EMPLOYEES RETIREMENT BENEFITS,"CIVIL SERVICE, GOVERNMENT REORGANIZATION AND PROFESSIONAL REGULATION",PENDING IN THE COMMITTEE
Senate Bill No. 1769,16th Congress (July 2013 - 2016),https://ldr.senate.gov.ph/bills/senate-bill-no-1769-16th-congress-republic,NATIONAL DRUG AND CRIME EMERGENCY ACT,AN ACT PROVIDING SWIFT AND CERTAIN PUNISHMENT FOR CRIMINALS IN ORDER TO DETER VIOLENT CRIME,Miriam Defensor Santiago,"February 10, 2013",NATIONAL,NATIONAL DRUG AND CRIME EMERGENCY ACT ILLEGAL DRUGS,PUBLIC ORDER AND DANGEROUS DRUGS,PENDING IN THE COMMITTEE
Senate Bill No. 1207,16th Congress (July 2013 - 2016),https://ldr.senate.gov.ph/bills/senate-bill-no-1207-16th-congress-republic,GETTING YOUTH RE-INVESTED IN ENVIRONMENTAL EDUCATION NOW ACT (GREEN ACT),AN ACT TO ENHANCE ENVIRONMENTAL JUSTICE EDUCATION IN SECONDARY SCHOOLS THAT SERVE DISADVANTAGED STUDENTS,Miriam Defensor Santiago,"January 8, 2013",NATIONAL,ENVIRONMENTAL EDUCATION STUDENTS,"EDUCATION, ARTS AND CULTURE",PENDING IN THE COMMITTEE
Senate Bill No. 309,16th Congress (July 2013 - 2016),https://ldr.senate.gov.ph/bills/senate-bill-no-309-16th-congress-republic,"FIREFIGHTERS' MEMORIAL DAY ACT, 1ST SUNDAY OF MARCH",AN ACT TO PROCLAIM FIREFIGHTERS' MEMORIAL DAY,"VILLAR, CYNTHIA A.","February 7, 2013",NATIONAL,FIREFIGHTERS,PUBLIC ORDER AND DANGEROUS DRUGS,PENDING IN THE COMMITTEE
Senate Bill No. 899,16th Congress (July 2013 - 2016),https://ldr.senate.gov.ph/bills/senate-bill-no-899-16th-congress-republic,TRAVEL AGENTS ACT OF 2013,AN ACT DEFINING AND REGULATING THE TRAVEL AGENTS PROFESSION,Antonio F. Trillanes IV,"July 18, 2013",NATIONAL,TRAVEL AGENTS,TOURISM,PENDING IN THE COMMITTEE
Senate Bill No. 330,16th Congress (July 2013 - 2016),https://ldr.senate.gov.ph/bills/senate-bill-no-330-16th-congress-republic,"INCREASING THE MAXIMUM VALUE OF THE FAMILY HOME, AMENDING ART. 157, FAMILY CODE","AN ACT INCREASING THE MAXIMUM VALUE OF THE FAMILY HOME EXEMPT FROM EXECUTION, FORCED SALE OR ATTACHMENT, AMENDING FOR THE PURPOSE ARTICLE 157 OF THE FAMILY CODE OF THE PHILIPPINES, AS AMENDED","CAYETANO, PIA S.","March 7, 2013",NATIONAL,FAMILY CODE (E.O. NO. 209) FAMILY HOME,"WOMEN, CHILDREN, FAMILY RELATIONS AND GENDER EQUALITY",PENDING IN THE COMMITTEE
Senate Bill No. 1004,16th Congress (July 2013 - 2016),https://ldr.senate.gov.ph/bills/senate-bill-no-1004-16th-congress-republic,PHILIPPINE PLUMBING ENGINEERING ACT OF 2013,"AN ACT REGULATING THE PRACTICE OF PLUMBING ENGINEERING IN THE PHILIPPINES, AMENDING FOR THE PURPOSE REPUBLIC ACT NUMBERED 1378, OTHERWISE KNOWN AS 'AN ACT TO REGULATE THE TRADE OF MASTER PLUMBER,' APPROPRIATING FUNDS THEREFOR, AND FOR OTHER PURPOSES",Antonio F. Trillanes IV,"July 22, 2013",NATIONAL,PLUMBING ENGINEERING,"CIVIL SERVICE, GOVERNMENT REORGANIZATION AND PROFESSIONAL REGULATION",PENDING IN THE COMMITTEE
Senate Bill No. 29,16th Congress (July 2013 - 2016),https://ldr.senate.gov.ph/bills/senate-bill-no-29-16th-congress-republic,ANTI-AGE DISCRIMINATION IN EMPLOYMENT ACT OF 2013,AN ACT PROHIBITING THE DISCRIMINATION ON THE EMPLOYMENT OF ANY INDIVIDUAL ON THE BASIS MERELY OF AGE,"CAYETANO, PIA S.","January 7, 2013",NATIONAL,AGE DISCRIMINATION EMPLOYMENT DISCRIMINATION,"LABOR, EMPLOYMENT AND HUMAN RESOURCES DEVELOPMENT",CONSOLIDATED WITH APPROVED BILL
Senate Bill No. 116,16th Congress (July 2013 - 2016),https://ldr.senate.gov.ph/bills/senate-bill-no-116-16th-congress-republic,NATIONAL MARICULTURE PROGRAM ACT OF 2013,"AN ACT ESTABLISHING THE NATIONAL MARICULTURE PROGRAM, AND PROVIDING FUNDS THEREFOR, AND FOR OTHER PURPOSES","Ferdinand ""Bongbong"" R. Marcos, Jr.","January 7, 2013",NATIONAL,MARICULTURE DEVELOPMENT PARK,AGRICULTURE AND FOOD,PENDING IN THE COMMITTEE
Senate Bill No. 655,16th Congress (July 2013 - 2016),https://ldr.senate.gov.ph/bills/senate-bill-no-655-16th-congress-republic,NATIONAL CAPITAL COMMISSION FOR CAPITAL RELOCATION,AN ACT CONSTITUTING A NATIONAL CAPITAL COMMISSION FOR CAPITAL RELOCATION,Antonio F. Trillanes IV,"August 7, 2013",NATIONAL,NATIONAL CAPITAL COMMISSION FOR CAPITAL RELOCATION SEAT OF GOVERNMENT,"CIVIL SERVICE, GOVERNMENT REORGANIZATION AND PROFESSIONAL REGULATION",CONSOLIDATED/SUBSTITUTED IN THE COMMITTEE REPORT
Senate Bill No. 1843,16th Congress (July 2013 - 2016),https://ldr.senate.gov.ph/bills/senate-bill-no-1843-16th-congress-republic,LABOR CODE OF THE PHILIPPINES (AMENDING ARTICLES 223 AND 224),"AN ACT RATIONALIZING RELIEFS FROM THE EXECUTION OF FINAL DECISIONS AND AWARDS OF THE NATIONAL LABOR RELATIONS COMMISSION AND THE LABOR ARBITERS, THEREBY AMENDING FOR THAT PURPOSE ARTICLES 223 AND 224 OF THE LABOR CODE OF THE PHILIPPINES",Miriam Defensor Santiago,"October 14, 2013",NATIONAL,LABOR CODE OF THE PHILIPPINES (P.D. NO. 442) NATIONAL LABOR RELATIONS COMMISSION (NLRC),"LABOR, EMPLOYMENT AND HUMAN RESOURCES DEVELOPMENT",PENDING IN THE COMMITTEE
Senate Bill No. 1283,16th Congress (July 2013 - 2016),https://ldr.senate.gov.ph/bills/senate-bill-no-1283-16th-congress-republic,CANCER ASSISTANCE FUND,"AN ACT TO ASSIST INDIGENT CANCER PATIENTS AND THEIR FAMILIES, ESTABLISHING FOR THE PURPOSE A CANCER ASSISTANCE FUND AND FOR OTHER PURPOSES","POE, GRACE","August 14, 2013",NATIONAL,CANCER PATIENTS INDIGENT PERSON,HEALTH AND DEMOGRAPHY,PENDING IN THE COMMITTEE
Senate Bill No. 688,16th Congress (July 2013 - 2016),https://ldr.senate.gov.ph/bills/senate-bill-no-688-16th-congress-republic,GRANTING CIVIL SERVICE ELIGIBILITY TO GOVERNMENT EMPLOYEES RENDERED 7 YEARS IN SERVICE,"AN ACT AMENDING SECTIONS 1 AND 2 OF REPUBLIC ACT NO. 6850 OTHERWISE KNOWN AS AN ACT TO GRANT CIVIL SERVICE ELIGIBILITY UNDER CERTAIN CONDITIONS TO GOVERNMENT EMPLOYEES APPOINTED UNDER PROVISIONAL OR TEMPORARY STATUS WHO HAVE RENDERED A TOTAL OF SEVEN (7) YEARS OF EFFICIENT SERVICE, AND FOR OTHER PURPOSES","LEGARDA, LOREN B.","September 7, 2013",NATIONAL,CIVIL SERVICE ELIGIBILITY GOVERNMENT EMPLOYEES (CASUAL/CONTRACTUAL),"CIVIL SERVICE, GOVERNMENT REORGANIZATION AND PROFESSIONAL REGULATION",CONSOLIDATED/SUBSTITUTED IN THE COMMITTEE REPORT
Senate Bill No. 1907,16th Congress (July 2013 - 2016),https://ldr.senate.gov.ph/bills/senate-bill-no-1907-16th-congress-republic,BOHOL EARTHQUAKE ASSISTANCE AND REHABILITATION FUND ACT OF 2013,"AN ACT APPROPRIATING THE AMOUNT OF FIFTEEN BILLION PESOS (P15,000,000,000) FOR THE ASSISTANCE, RELIEF, REHABILITATION, HOME BUILDING FINANCING SUBSIDY, LIVELIHOOD AND EMPLOYMENT SERVICES, PUBLIC INFRASTRUCTURE REBUILDING, AND HERITAGE STRUCTURES AND TOURISM SITES RESTORATION, FOR THE VICTIMS OF OCTOBER 15, 2013 DEVASTATING EARTHQUAKE, ESTABLISHING THE CENTRAL VISAYAS EARTHQUAKE RELIEF AND REHABILITATION COMMISSION AND FOR OTHER PURPOSES","EJERCITO, JOSEPH VICTOR G.","July 11, 2013",NATIONAL,REHABILITATION FUND EARTHQUAKE,FINANCE,CONSOLIDATED/SUBSTITUTED IN THE COMMITTEE REPORT
Senate Bill No. 1599,16th Congress (July 2013 - 2016),https://ldr.senate.gov.ph/bills/senate-bill-no-1599-16th-congress-republic,NATIONAL AGRICULTURAL MARKETING ACT OF 2013,"AN ACT TO PROMOTE THE AGRICULTURE INDUSTRY, STABILIZE PRICES OF AGRICULTURAL PRODUCTS AND ENHANCE FOOD SECURITY THROUGH THE EFFECTIVE PRODUCTION, PROCESSING, MARKETING AND DISTRIBUTION OF AGRICULTURAL PRODUCTS, RATIONALIZING AND RESTRUCTURING FOR THE PURPOSE, ALL EXISTING GOVERNMENT ORGANIZATIONS IN AGRICULTURAL PRODUCTION, DISTRIBUTION, MARKETING AND OTHER SUPPORT PROGRAMS, APPROPRIATING FUNDS THEREFOR, AND FOR OTHER PURPOSES","ESTRADA, JINGGOY E.","October 9, 2013",NATIONAL,NATIONAL AGRICULTURAL TRADING CORPORATION (NATCOR),AGRICULTURE AND FOOD,PENDING IN THE COMMITTEE
Senate Bill No. 1038,16th Congress (July 2013 - 2016),https://ldr.senate.gov.ph/bills/senate-bill-no-1038-16th-congress-republic,ANTI-LOOK-ALIKE FIREARMS ACT,AN ACT PROHIBITING THE MANUFACTURE AND SALE OF IMITATION FIREARMS,Miriam Defensor Santiago,"July 22, 2013",NATIONAL,FIREARMS,PUBLIC ORDER AND DANGEROUS DRUGS,PENDING IN THE COMMITTEE
Senate Bill No. 1663,16th Congress (July 2013 - 2016),https://ldr.senate.gov.ph/bills/senate-bill-no-1663-16th-congress-republic,PUBLIC RESTROOMS CONSTRUCTION,AN ACT PROVIDING FOR THE CONSTRUCTION OF PUBLIC RESTROOMS,"ESTRADA, JINGGOY E.","September 16, 2013",NATIONAL,PUBLIC RESTROOM,PUBLIC WORKS,PENDING IN THE COMMITTEE
Senate Bill No. 1356,16th Congress (July 2013 - 2016),https://ldr.senate.gov.ph/bills/senate-bill-no-1356-16th-congress-republic,PEOPLE'S FUND ACT OF 2013,AN ACT PROVIDING FOR PEOPLE'S DIRECT PARTICIPATION IN FUNDING CHARITABLE INSTITUTIONS AND OTHER DEVELOPMENT-ORIENTED INITIATIVES THROUGH A PERCENTAGE OF THEIR PERSONAL INCOME TAX,"Paolo Benigno ""Bam"" Aquino IV","August 27, 2013",NATIONAL,TAXES (INDIVIDUAL INCOME TAX) PEOPLES FUND,WAYS AND MEANS,PENDING IN THE COMMITTEE
Senate Bill No. 793,16th Congress (July 2013 - 2016),https://ldr.senate.gov.ph/bills/senate-bill-no-793-16th-congress-republic,JAIL INTEGRATION ACT,"AN ACT INTEGRATING ALL THE NATIONAL, PROVINCIAL, SUB-PROVINCIAL, CITY, AND MUNICIPAL JAILS, PLACING FOR THE PURPOSE THE BUREAU OF CORRECTIONS, PROVINCIAL/SUB-PROVINCIAL JAILS AND THE BUREAU OF JAIL MANAGEMENT AND PENOLOGY UNDER A NEW BUREAU TO BE CALLED THE BUREAU OF CORRECTIONAL SERVICES, APPROPRIATING FUNDS THEREFOR AND FOR OTHER PURPOSES",Antonio F. Trillanes IV,"July 16, 2013",NATIONAL,JAIL FACILITY BUREAU OF CORRECTIONAL SERVICES,PUBLIC ORDER AND DANGEROUS DRUGS,PENDING IN THE COMMITTEE
Senate Bill No. 1981,16th Congress (July 2013 - 2016),https://ldr.senate.gov.ph/bills/senate-bill-no-1981-16th-congress-republic,ADLAW NI LAPU-LAPU,"AN ACT TO DECLARE APRIL 27 OF EVERY YEAR AS A SPECIAL NON-WORKING HOLIDAY THROUGHOUT THE COUNTRY TO COMMEMORATE THE VICTORY OF LAPU-LAPU AND HIS MEN OVER THE SPANIARDS LED BY FERNANDO MAGALLANES IN THE HISTORIC BATTLE OF MACTAN ON APRIL 27, 1521, TO BE KNOWN AS 'LAPU-LAPU DAY' OR ADLAW NI LAPU-LAPU","ESTRADA, JINGGOY E.","November 27, 2013",NATIONAL,HOLIDAYS (NON-WORKING),"EDUCATION, ARTS AND CULTURE",PENDING IN THE COMMITTEE
Senate Bill No. 1419,16th Congress (July 2013 - 2016),https://ldr.senate.gov.ph/bills/senate-bill-no-1419-16th-congress-republic,ENVIRONMENTAL CLEARANCE CERTIFICATE,"AN ACT INCREASING THE PENALTIES IMPOSED AGAINST FAILURE TO SECURE AN ENVIRONMENTAL CLEARANCE CERTIFICATE FOR UNDERTAKINGS IN ANCESTRAL DOMAINS AND OTHER CRITICAL AREAS OR FOR VIOLATIONS OF THE TERMS AND CONDITIONS THEREOF, THEREBY AMENDING PRESIDENTIAL DECREE 1586 AND FOR OTHER PURPOSES","ESTRADA, JINGGOY E.","August 29, 2013",NATIONAL,ANCESTRAL DOMAIN ENVIRONMENTAL COMPLIANCE CERTIFICATE (ECC),ENVIRONMENT AND NATURAL RESOURCES,PENDING IN THE COMMITTEE
Senate Bill No. 2045,16th Congress (July 2013 - 2016),https://ldr.senate.gov.ph/bills/senate-bill-no-2045-16th-congress-republic,SHARE IN NATIONAL TAXES OF LOCAL GOVERNMENT UNITS,"AN ACT PROVIDING FOR THE SHARE IN THE NATIONAL TAXES OF LOCAL GOVERNMENT UNITS, AMENDING FOR THIS PURPOSE REPUBLIC ACT NO. 7160, OTHERWISE KNOWN AS THE LOCAL GOVERNMENT CODE OF 1991","PIMENTEL, AQUILINO ""KOKO"" III","December 16, 2013",NATIONAL,LOCAL GOVERNMENT UNITS (LGUs) TAXES/TAXATION LOCAL GOVERNMENT CODE (R.A. NO. 7160),LOCAL GOVERNMENT,PENDING IN THE COMMITTEE
Senate Bill No. 1122,16th Congress (July 2013 - 2016),https://ldr.senate.gov.ph/bills/senate-bill-no-1122-16th-congress-republic,ONE-STOP ACTION CENTER FOR LAND REGISTRATION,AN ACT ESTABLISHING ONE-STOP ACTION CENTER FOR PURPOSES OF LAND REGISTRATION IN EVERY LEGISLATIVE DISTRICT THROUGHOUT THE COUNTRY AND APPROPRIATING FUNDS THEREFOR,Antonio F. Trillanes IV,"July 29, 2013",NATIONAL,LEGISLATIVE DISTRICTS ONE-STOP ACTION CENTER,ENVIRONMENT AND NATURAL RESOURCES,PENDING IN THE COMMITTEE
Senate Bill No. 586,16th Congress (July 2013 - 2016),https://ldr.senate.gov.ph/bills/senate-bill-no-586-16th-congress-republic,OFFICE OF THE GOVERNMENT CORPORATE COUNSEL,"AN ACT TO STRENGTHEN THE OFFICE OF THE GOVERNMENT CORPORATE COUNSEL, BY RE-DEFINING, EXPANDING, STRENGTHENING, RATIONALIZING AND FURTHER PROFESSIONALIZING ITS ORGANIZATION, UPGRADING EMPLOYEE BENEFITS AND APPROPRIATING FUNDS THEREFOR","ESCUDERO, FRANCIS G.","August 7, 2013",NATIONAL,OFFICE OF THE GOVERNMENT CORPORATE COUNSEL,JUSTICE AND HUMAN RIGHTS,PENDING IN THE COMMITTEE
Senate Bill No. 1175,16th Congress (July 2013 - 2016),https://ldr.senate.gov.ph/bills/senate-bill-no-1175-16th-congress-republic,FOOD SAFETY MODERNIZATION ACT OF 2013,"AN ACT TO ESTABLISH THE FOOD SAFETY ADMINISTRATION WITHIN THE DEPARTMENT OF HEALTH TO PROTECT THE PUBLIC HEALTH BY PREVENTING FOOD-BORNE ILLNESS, ENSURING THE SAFETY OF FOOD, IMPROVING RESEARCH ON CONTAMINANTS LEADING TO FOOD-BORNE ILLNESS, AND IMPROVING SECURITY OF FOOD FROM INTENTIONAL CONTAMINATION, AND FOR OTHER PURPOSES",Antonio F. Trillanes IV,"July 30, 2013",NATIONAL,FOOD SAFETY FOOD ESTABLISHMENTS DEPARTMENT OF HEALTH (DOH),HEALTH AND DEMOGRAPHY,PENDING IN THE COMMITTEE
Senate Bill No. 867,16th Congress (July 2013 - 2016),https://ldr.senate.gov.ph/bills/senate-bill-no-867-16th-congress-republic,NATIONAL FAMILY COMMISSION OF THE PHILIPPINES ACT OF 2013,AN ACT TO INSTITUTE THE NATIONAL COMMISSION ON THE FAMILY AND FOR OTHER PURPOSES,"ESTRADA, JINGGOY E.","July 17, 2013",NATIONAL,FAMILY COMMISSION,"WOMEN, CHILDREN, FAMILY RELATIONS AND GENDER EQUALITY",PENDING IN THE COMMITTEE
Senate Bill No. 931,16th Congress (July 2013 - 2016),https://ldr.senate.gov.ph/bills/senate-bill-no-931-16th-congress-republic,HEALTH CARE WORKER NEEDLESTICK PREVENTION ACT,AN ACT REQUIRING THE SECRETARIES OF HEALTH AND LABOR TO ISSUE REGULATIONS TO ELIMINATE OR MINIMIZE THE SIGNIFICANT RISK OF NEEDLESTICK INJURY TO HEALTH CARE WORKERS,Miriam Defensor Santiago,"July 18, 2013",NATIONAL,NEEDLESTICK INJURY PREVENTION DEPARTMENT OF HEALTH (DOH),HEALTH AND DEMOGRAPHY,PENDING IN THE COMMITTEE
Senate Bill No. 1130,16th Congress (July 2013 - 2016),https://ldr.senate.gov.ph/bills/senate-bill-no-1130-16th-congress-republic,PHILIPPINE HALAL ACT OF 2013,AN ACT CREATING THE PHILIPPINE HALAL ACCREDITATION AND REGULATORY BOARD AND FOR OTHER PURPOSES,Antonio F. Trillanes IV,"July 29, 2013",NATIONAL,HALAL FOOD,AGRICULTURE AND FOOD,CONSOLIDATED/SUBSTITUTED IN THE COMMITTEE REPORT
Senate Bill No. 1186,16th Congress (July 2013 - 2016),https://ldr.senate.gov.ph/bills/senate-bill-no-1186-16th-congress-republic,POSTPONEMENT OF THE SANGGUNIANG KABATAAN ELECTIONS,"AN ACT TO POSTPONE THE SANGGUNIANG KABATAAN ELECTIONS ON OCTOBER 28, 2013, AMENDING FOR THE PURPOSE SECTION 1 OF REPUBLIC ACT NO. 9340, AND FOR OTHER PURPOSES","Ferdinand ""Bongbong"" R. Marcos, Jr.","July 30, 2013",NATIONAL,SANGGUNIANG KABATAAN (SK),LOCAL GOVERNMENT,APPROVED BY THE PRESIDENT OF THE PHILIPPINES
Senate Bill No. 252,16th Congress (July 2013 - 2016),https://ldr.senate.gov.ph/bills/senate-bill-no-252-16th-congress-republic,FULL CROP INSURANCE COVERAGE TO FARMER-BENEFICIARIES OF THE CARP,"AN ACT AUTHORIZING THE GRANT OF A FULL CROP INSURANCE COVERAGE TO QUALIFIED BENEFICIARIES OF THE COMPREHENSIVE AGRARIAN REFORM PROGRAM AMENDING FOR THE PURPOSE SECTION 14 OF REPUBLIC ACT NO. 9700, OTHERWISE KNOWN AS THE COMPREHENSIVE AGRARIAN REFORM PROGRAM EXTENSION WITH REFORMS",Ralph G. Recto,"January 7, 2013",NATIONAL,COMPREHENSIVE AGRARIAN REFORM LAW (CARL) R.A.NO. 6657) INSURANCE,AGRARIAN REFORM,PENDING IN THE COMMITTEE
Senate Bill No. 878,16th Congress (July 2013 - 2016),https://ldr.senate.gov.ph/bills/senate-bill-no-878-16th-congress-republic,HEALTH MAINTENANCE ORGANIZATION (HMO) ACT OF 2013,"AN ACT PROVIDING AFFORDABLE HEALTH CARE SERVICES, THROUGH THE HEALTH MAINTENANCE ORGANIZATIONS, REGULATING THEIR OPERATIONS, AND FOR OTHER PURPOSES","ESTRADA, JINGGOY E.","July 17, 2013",NATIONAL,HEALTH MAINTENANCE ORGANIZATIONS (HMO),HEALTH AND DEMOGRAPHY,PENDING IN THE COMMITTEE
Senate Bill No. 296,16th Congress (July 2013 - 2016),https://ldr.senate.gov.ph/bills/senate-bill-no-296-16th-congress-republic,ALTERNATIVE LEARNING SYSTEM ACT,AN ACT INSTITUTIONALIZING THE BUREAU OF ALTERNATIVE LEARNING SYSTEM (BALS),"VILLAR, CYNTHIA A.","February 7, 2013",NATIONAL,ALTERNATIVE LEARNING,"EDUCATION, ARTS AND CULTURE",PENDING IN THE COMMITTEE
Senate Bill No. 1504,16th Congress (July 2013 - 2016),https://ldr.senate.gov.ph/bills/senate-bill-no-1504-16th-congress-republic,BUREAU OF FIRE PROTECTION (BFP) DEVOLUTION ACT OF 2013,"AN ACT DEVOLVING FIRE PROTECTION SERVICES, AMENDING FOR THIS PURPOSE PERTINENT PROVISIONS OF REPUBLIC ACT NO. 7160, OTHERWISE KNOWN AS THE 'LOCAL GOVERNMENT CODE OF 1991', REPUBLIC ACT NO. 6975, OTHERWISE KNOWN AS THE 'DEPARTMENT OF THE INTERIOR AND LOCAL GOVERNMENT ACT OF 1990', REPUBLIC ACT NO. 9263, OTHERWISE KNOWN AS THE 'BUREAU OF FIRE PROTECTION AND BUREAU OF JAIL MANAGEMENT AND PENOLOGY PROFESSIONALIZATION ACT OF 2004', REPUBLIC ACT NO. 9592, OTHERWISE KNOWN AS 'AN ACT EXTENDING FOR FIVE (5) YEARS THE REGLEMENTARY PERIOD FOR COMPLYING WITH THE MINIMUM EDUCATIONAL QUALIFICATION AND APPROPRIATE ELIGIBILITY FOR APPOINTMENT IN THE BUREAU OF FIRE PROTECTION (BFP) AND THE BUREAU OF JAIL MANAGEMENT AND PENOLOGY (BJMP), AMENDING FOR THE PURPOSE SECTION 4 OF REPUBLIC ACT NO. 9263', AND FOR OTHER PURPOSES","ESTRADA, JINGGOY E.","April 9, 2013",NATIONAL,BUREAU OF FIRE PROTECTION LOCAL GOVERNMENT CODE (R.A. NO. 7160),PUBLIC ORDER AND DANGEROUS DRUGS,PENDING IN THE COMMITTEE
Senate Bill No. 1936,16th Congress (July 2013 - 2016),https://ldr.senate.gov.ph/bills/senate-bill-no-1936-16th-congress-republic,"AMENDING SEC. 22, MAGNA CARTA FOR PERSONS WITH DISABILITIES (USE OF FILIPINO SIGN LANGUAGE INSETS)","AN ACT REQUIRING THE USE OF FILIPINO SIGN LANGUAGE INSETS FOR LOCAL NEWS PROGRAMS, AMENDING FOR THE PURPOSE SECTION 22 OF REPUBLIC ACT NO. 7277, AS AMENDED, OTHERWISE KNOWN AS THE 'MAGNA CARTA FOR PERSONS WITH DISABILITIES (PWDS)","EJERCITO, JOSEPH VICTOR G.","November 18, 2013",NATIONAL,MAGNA CARTA FOR PERSONS WITH DISABILITY (R.A. NO. 7277) PERSONS WITH DISABILITIES (PWDS) FILIPINO SIGN LANGUAGE,PUBLIC INFORMATION AND MASS MEDIA,PENDING IN THE COMMITTEE
Senate Bill No. 646,16th Congress (July 2013 - 2016),https://ldr.senate.gov.ph/bills/senate-bill-no-646-16th-congress-republic,WIND ENERGY DEVELOPMENT AUTHORITY,AN ACT ESTABLISHING THE WIND ENERGY DEVELOPMENT AUTHORITY AND APPROPRIATING FUNDS THEREFOR,Antonio F. Trillanes IV,"August 7, 2013",NATIONAL,WIND ENERGY,ENERGY,PENDING IN THE COMMITTEE
Senate Bill No. 760,16th Congress (July 2013 - 2016),https://ldr.senate.gov.ph/bills/senate-bill-no-760-16th-congress-republic,SHIP POLLUTION PREVENTION AND CONTROL ACT OF 2013,"AN ACT TO PREVENT AND CONTROL POLLUTION FROM SHIPS, PROVIDE PENALTIES THEREFOR, AND FOR OTHER PURPOSES","ESTRADA, JINGGOY E.","July 15, 2013",NATIONAL,SHIP POLLUTION,ENVIRONMENT AND NATURAL RESOURCES,PENDING IN THE COMMITTEE
Senate Bill No. 521,16th Congress (July 2013 - 2016),https://ldr.senate.gov.ph/bills/senate-bill-no-521-16th-congress-republic,GREENING ACT OF 2013,AN ACT PROVIDING FOR THE URBAN AND COUNTRYSIDE GREENING IN THE PHILIPPINES,"LEGARDA, LOREN B.","August 7, 2013",NATIONAL,GREENING ACT TREE PLANTING,ENVIRONMENT AND NATURAL RESOURCES,PENDING IN THE COMMITTEE
Senate Bill No. 824,16th Congress (July 2013 - 2016),https://ldr.senate.gov.ph/bills/senate-bill-no-824-16th-congress-republic,SUGAR INDUSTRY STABILIZATION ACT OF 2013,AN ACT TO STABILIZE THE SUGAR INDUSTRY BY ESTABLISHING THE SUGAR INDUSTRY RESEARCH AND STABILIZATION FUND AND FOR OTHER PURPOSES,Antonio F. Trillanes IV,"July 16, 2013",NATIONAL,SUGAR INDUSTRY,AGRICULTURE AND FOOD,CONSOLIDATED/SUBSTITUTED IN THE COMMITTEE REPORT
Senate Bill No. 561,16th Congress (July 2013 - 2016),https://ldr.senate.gov.ph/bills/senate-bill-no-561-16th-congress-republic,ADVERTISING BY GOVERNMENT-OWNED AND CONTROLLED CORPORATIONS AND AGENCIES,"AN ACT REQUIRING GOVERNMENT-OWNED AND-CONTROLLED CORPORATIONS (GOCCS) AND AGENCIES TO ASSIGN TWENTY-FIVE PERCENT OF THEIR ADVERTISING EXPENDITURES FOR ADVERTISEMENT IN THE REGIONAL, PROVINCIAL, MUNICIPAL AND CITY PUBLICATIONS AND RADIO STATIONS","ESTRADA, JINGGOY E.","August 7, 2013",NATIONAL,GOVERNMENT-OWNED AND-CONTROLLED CORPORATIONS (GOCC) ADVERTISING,GOVERNMENT CORPORATIONS AND PUBLIC ENTERPRISES,PENDING IN THE COMMITTEE
Senate Bill No. 2010,16th Congress (July 2013 - 2016),https://ldr.senate.gov.ph/bills/senate-bill-no-2010-16th-congress-republic,"AMENDING SEC. 173, PHILIPPINE INTELLECTUAL PROPERTY CODE (DERIVATIVE WORKS)","AN ACT CLARIFYING THE SCOPE OF DERIVATIVE WORKS, AMENDING FOR THE PURPOSE SECTION 173.1 (A) OF REPUBLIC ACT 8293 OR THE PHILIPPINE INTELLECTUAL PROPERTY CODE","BINAY, MARIA LOURDES NANCY S.","September 12, 2013",NATIONAL,INTELLECTUAL PROPERTY CODE,"TRADE, COMMERCE AND ENTREPRENEURSHIP",PENDING IN THE COMMITTEE
Senate Bill No. 975,16th Congress (July 2013 - 2016),https://ldr.senate.gov.ph/bills/senate-bill-no-975-16th-congress-republic,PUBLIC ASSEMBLY ACT OF 2013,THE PUBLIC ASSEMBLY ACT OF 2013,"ESTRADA, JINGGOY E.","July 22, 2013",NATIONAL,PUBLIC ASSEMBLY ACT,JUSTICE AND HUMAN RIGHTS,PENDING IN THE COMMITTEE
Senate Bill No. 1072,16th Congress (July 2013 - 2016),https://ldr.senate.gov.ph/bills/senate-bill-no-1072-16th-congress-republic,TRANSITORY INDIVIDUAL ECONOMIC STABILITY AND CONFIDENCE BUILDING MEASURES ACT OF 2013,"AN ACT INTRODUCING TRANSITORY MEASURES TO PROVIDE CONSUMER AND SMALL SAVER RELIEF, PROMOTE INDIVIDUAL ECONOMIC STABILITY AND BUILD INDIVIDUAL CONFIDENCE BY PROVIDING A STIMULUS TAX REFUND TO FIXED INCOME EARNERS, PROTECTING INTERESTS OF DEPOSITORS OF BANKS AND OF HOME OWNERS, AND GIVING TAX CREDIT INCENTIVES TO EMPLOYERS WHO PROVIDE NEW PERMANENT JOBS, AND FOR OTHER PURPOSES","ESTRADA, JINGGOY E.","July 23, 2013",NATIONAL,NATIONAL INTERNAL REVENUE CODE (NIRC) TAX REFUND TAX CREDIT,WAYS AND MEANS,PENDING IN THE COMMITTEE
Senate Bill No. 59,16th Congress (July 2013 - 2016),https://ldr.senate.gov.ph/bills/senate-bill-no-59-16th-congress-republic,BILL OR RIGHTS FOR NEW GRADUATES,"AN ACT PROVIDING INCENTIVES FOR NEW GRADUATES OF COLLEGES, UNIVERSITIES AND ACCREDITED INSTITUTIONS OFFERING TECHNICAL-VOCATIONAL COURSES, OTHERWISE KNOWN AS THE BILL OF RIGHTS FOR NEW GRADUATES","ANGARA, SONNY","January 7, 2013",NATIONAL,BILL OF RIGHTS,"LABOR, EMPLOYMENT AND HUMAN RESOURCES DEVELOPMENT",PENDING IN THE COMMITTEE
Senate Bill No. 1754,16th Congress (July 2013 - 2016),https://ldr.senate.gov.ph/bills/senate-bill-no-1754-16th-congress-republic,MATURE WORKERS ACT,AN ACT ESTABLISHING A JOB TRAINING PROGRAM FOR MATURE WORKERS,Miriam Defensor Santiago,"February 10, 2013",NATIONAL,MATURE AND OLDER WORKERS JOBS,"LABOR, EMPLOYMENT AND HUMAN RESOURCES DEVELOPMENT",PENDING IN THE COMMITTEE
Senate Bill No. 1818,16th Congress (July 2013 - 2016),https://ldr.senate.gov.ph/bills/senate-bill-no-1818-16th-congress-republic,CREDIT CARD APPLICATIONS,AN ACT PROHIBITING THE MAILING OF CREDIT CARD APPLICATIONS TO PERSONS UNDER TWENTY-FIVE YEARS OF AGE,Miriam Defensor Santiago,"March 10, 2013",NATIONAL,CREDIT CARD,"BANKS, FINANCIAL INSTITUTIONS AND CURRENCIES",CONSOLIDATED/SUBSTITUTED IN THE COMMITTEE REPORT
Senate Bill No. 1840,16th Congress (July 2013 - 2016),https://ldr.senate.gov.ph/bills/senate-bill-no-1840-16th-congress-republic,PHILIPPINE NURSING PRACTICE REFORM ACT OF 2013,"AN ACT INSTITUTING REFORMS TO FURTHER PROTECT AND DEVELOP THE NURSING PROFESSION, REPEALING FOR THE PURPOSE REPUBLIC ACT NUMBERED NINETY-ONE HUNDRED AND SEVENTY-THREE, OTHERWISE KNOWN AS THE PHILIPPINE NURSING ACT OF 2002","ANGARA, SONNY","October 14, 2013",NATIONAL,NURSES,"CIVIL SERVICE, GOVERNMENT REORGANIZATION AND PROFESSIONAL REGULATION",CONSOLIDATED/SUBSTITUTED IN THE COMMITTEE REPORT
Senate Bill No. 1904,16th Congress (July 2013 - 2016),https://ldr.senate.gov.ph/bills/senate-bill-no-1904-16th-congress-republic,GENUINE PARTY-LIST GROUP AND NOMINEE ACT OF 2013,"AN ACT TO ENSURE THAT THE PARTY-LIST SYSTEM IS RESERVED FOR THE MARGINALIZED AND UNDERREPRESENTED AMENDING REPUBLIC ACT NO. 7941, OTHERWISE KNOWN AS THE 'PARTY-LIST SYSTEM ACT' FOR THAT PURPOSE","EJERCITO, JOSEPH VICTOR G.","May 11, 2013",NATIONAL,PARTY LIST SYSTEM (R.A.NO. 7941),ELECTORAL REFORMS AND PEOPLES PARTICIPATION,PENDING IN THE COMMITTEE
Senate Bill No. 1367,16th Congress (July 2013 - 2016),https://ldr.senate.gov.ph/bills/senate-bill-no-1367-16th-congress-republic,COMMISSION ON HUMAN RIGHTS CHARTER,"AN ACT STRENGTHENING THE FUNCTIONAL AND STRUCTURAL ORGANIZATION OF THE COMMISSION ON HUMAN RIGHTS, AND FOR OTHER PURPOSES","ESTRADA, JINGGOY E.","August 28, 2013",NATIONAL,COMMISSION ON HUMAN RIGHTS,JUSTICE AND HUMAN RIGHTS,PENDING IN THE COMMITTEE
Senate Bill No. 1127,16th Congress (July 2013 - 2016),https://ldr.senate.gov.ph/bills/senate-bill-no-1127-16th-congress-republic,DEOXYRIBONUCLEIC ACID (DNA) IDENTIFICATION ACT,"AN ACT TO PROVIDE FOR THE ESTABLISHMENT OF A FORENSIC DNA DATABANK, THE TAKING OF DNA SAMPLES, FORENSIC DNA ANALYSIS, THE USE OF DNA PROFILES AND INFORMATION IN RELATION THERETO, AND FOR OTHER PURPOSES",Antonio F. Trillanes IV,"July 29, 2013",NATIONAL,FORENSIC DNA DATABANK,PUBLIC ORDER AND DANGEROUS DRUGS,PENDING IN THE COMMITTEE
Senate Bill No. 1430,16th Congress (July 2013 - 2016),https://ldr.senate.gov.ph/bills/senate-bill-no-1430-16th-congress-republic,VOLUNTARY STUDENT LOAN PROGRAM ACT,"AN ACT ESTABLISHING A VOLUNTARY STUDENT LOAN PROGRAM BY BANKS AND GOVERNMENT FINANCIAL INSTITUTIONS, PROVIDING INCENTIVES THEREFOR AND FOR OTHER PURPOSES","EJERCITO, JOSEPH VICTOR G.","August 29, 2013",NATIONAL,STUDENT LOAN PROGRAM GOVERNMENT FINANCIAL INSTITUTIONS,"BANKS, FINANCIAL INSTITUTIONS AND CURRENCIES",PENDING IN THE COMMITTEE
Senate Bill No. 1180,16th Congress (July 2013 - 2016),https://ldr.senate.gov.ph/bills/senate-bill-no-1180-16th-congress-republic,FIXED TERMS FOR THE CHIEF OF STAFF OF THE AFP,AN ACT PRESCRIBING FIXED TERMS FOR THE CHIEF OF STAFF AND THE MAJOR SERVICE COMMANDERS OF THE ARMED FORCES OF THE PHILIPPINES (AFP) AND FOR OTHER PURPOSES,Antonio F. Trillanes IV,"July 30, 2013",NATIONAL,ARMED FORCES OF THE PHILIPPINES (AFP),NATIONAL DEFENSE AND SECURITY,PENDING IN THE COMMITTEE
Senate Bill No. 490,16th Congress (July 2013 - 2016),https://ldr.senate.gov.ph/bills/senate-bill-no-490-16th-congress-republic,ONE PHILIPPINES ACT OF 2013,AN ACT ESTABLISHING AN ICT HUB IN EVERY PROVINCE AND FOR OTHER PURPOSES,Antonio F. Trillanes IV,"April 7, 2013",NATIONAL,INFORMATION AND COMMUNICATIONS TECHNOLOGY (ICT),SCIENCE AND TECHNOLOGY,PENDING IN THE COMMITTEE
Senate Bill No. 588,16th Congress (July 2013 - 2016),https://ldr.senate.gov.ph/bills/senate-bill-no-588-16th-congress-republic,GRANT OF MONTHLY PENSION TO GOVERNMENT RETIREES UNDER R.A.NO. 1616,"AN ACT TO GRANT MONTHLY PENSION TO GOVERNMENT RETIREES UNDER R.A. 1616 WHO HAVE REACHED THE AGE OF SEVENTY (70) YEARS, APPROPRIATING FUNDS THEREFOR AND FOR OTHER PURPOSES","ESCUDERO, FRANCIS G.","August 7, 2013",NATIONAL,GOVERNMENT EMPLOYEES PENSION,GOVERNMENT CORPORATIONS AND PUBLIC ENTERPRISES,PENDING IN THE COMMITTEE
Senate Bill No. 1978,16th Congress (July 2013 - 2016),https://ldr.senate.gov.ph/bills/senate-bill-no-1978-16th-congress-republic,"AMENDING ART. 226-B, REVISED PENAL CODE (INCESTUOUS RAPE)",AN ACT AMENDING ARTICLE 226-B OF THE REVISED PENAL CODE AND FOR OTHER PURPOSES,"ESTRADA, JINGGOY E.","November 27, 2013",NATIONAL,REVISED PENAL CODE (R.A. NO. 3815) rape INCEST,JUSTICE AND HUMAN RIGHTS,PENDING IN THE COMMITTEE
Senate Bill No. 1276,16th Congress (July 2013 - 2016),https://ldr.senate.gov.ph/bills/senate-bill-no-1276-16th-congress-republic,LOOTING,"AN ACT DEFINING AND PENALIZING THE CRIMES OF LOOTING FROM, STEALING FROM, AND DESECRATING CORPSES AND PRESCRIBING PENALTIES THEREFOR","LAPID, MANUEL ""LITO"" M.","August 13, 2013",NATIONAL,THEFT AND ROBBERY CADAVERS/DECEASED PERSONS,JUSTICE AND HUMAN RIGHTS,PENDING IN THE COMMITTEE
Senate Bill No. 2042,16th Congress (July 2013 - 2016),https://ldr.senate.gov.ph/bills/senate-bill-no-2042-16th-congress-republic,CHEMICAL WEAPONS PROHIBITION ACT OF 2013,"AN ACT PROHIBITING THE DEVELOPMENT, PRODUCTION, STOCKPILING, USE OF CHEMICAL WEAPONS AND PROVIDING FOR THEIR DESTRUCTION AND PROVIDING PENALTIES THEREFOR AND FOR OTHER PURPOSES",Antonio F. Trillanes IV,"November 12, 2013",NATIONAL,CHEMICALS,NATIONAL DEFENSE AND SECURITY,PENDING IN THE HOUSE OF REPRESENTATIVES
Senate Bill No. 488,16th Congress (July 2013 - 2016),https://ldr.senate.gov.ph/bills/senate-bill-no-488-16th-congress-republic,PHYSICIANS,AN ACT GIVING TAX CREDIT TO PHYSICIANS RENDERING PRO BONO SERVICES TO POOR PATIENTS,Antonio F. Trillanes IV,"April 7, 2013",NATIONAL,HEALTHCARE SERVICES PRICE DISCLOSURE MEDICAL/DENTAL ASSISTANCE,HEALTH AND DEMOGRAPHY,PENDING IN THE COMMITTEE
Senate Bill No. 229,16th Congress (July 2013 - 2016),https://ldr.senate.gov.ph/bills/senate-bill-no-229-16th-congress-republic,LABOR CODE (PROVIDING SEATS PROPER FOR WOMEN ASSIGNED IN SALES),"AN ACT REQUIRING OWNERS AND/OR OPERATORS OF MALLS, DEPARTMENT STORES, STALLS AND SIMILAR ESTABLISHMENTS TO GRANT AND ALLOW THEIR WOMEN EMPLOYEES ASSIGNED IN SALES 15-MINUTE RESTS EVERY TWO HOURS OF CONTINUOUS AND UNINTERRUPTED SALES AND STORE OPERATION ASSIGNMENTS, AMENDING FOR THIS PURPOSE SECTION 132(A), CHAPTER 1, TITLE III, OF THE LABOR CODE OF THE PHILIPPINES","BINAY, MARIA LOURDES NANCY S.","January 7, 2013",NATIONAL,WOMEN LABOR CODE OF THE PHILIPPINES (P.D. NO. 442),"LABOR, EMPLOYMENT AND HUMAN RESOURCES DEVELOPMENT",PENDING IN THE COMMITTEE
Senate Bill No. 17,16th Congress (July 2013 - 2016),https://ldr.senate.gov.ph/bills/senate-bill-no-17-16th-congress-republic,"GOVERNMENT PROJECTS NAMED AFTER GOVERNMENT OFFICIALS, AS UNLAWFUL",AN ACT DECLARING AS UNLAWFUL ANY GOVERNMENT PROJECTS TO BE NAMED OR IDENTIFIED AFTER GOVERNMENT OFFICIALS AND OTHER PERSONS WHOSE NAME OR IDENTITY MAY IN ANY MANNER BE ASSOCIATED WITH SAID OFFICIALS,"ESCUDERO, FRANCIS G.","January 7, 2013",NATIONAL,Government projects,"CIVIL SERVICE, GOVERNMENT REORGANIZATION AND PROFESSIONAL REGULATION",PENDING IN THE COMMITTEE
Senate Bill No. 531,16th Congress (July 2013 - 2016),https://ldr.senate.gov.ph/bills/senate-bill-no-531-16th-congress-republic,BARANGAY GREENING AND FOREST LAND REHABILITATION AND PROTECTION ACT OF 2013,"AN ACT TO PROMOTE GREENING AND FORESTLAND REHABILITATION AND PROTECTION IN THE BARANGAY LEVEL , SPURRING LOCAL CLIMATE CHANGE ACTION, APPROPRIATING FUNDS THEREFOR AND FOR OTHER PURPOSES","LEGARDA, LOREN B.","August 7, 2013",NATIONAL,GREENING ACT FOREST LAND REHABILITATION CLIMATE CHANGE,ENVIRONMENT AND NATURAL RESOURCES,PENDING IN THE COMMITTEE
Senate Bill No. 110,16th Congress (July 2013 - 2016),https://ldr.senate.gov.ph/bills/senate-bill-no-110-16th-congress-republic,THE CIVIL SERVICE HOUSING PROGRAM ACT,"AN ACT ESTABLISHING A NATIONAL HOUSING PROGRAM FOR GOVERNMENT EMPLOYEES, APPROPRIATING FUNDS THEREFOR AND FOR OTHER PURPOSES","Ferdinand ""Bongbong"" R. Marcos, Jr.","January 7, 2013",NATIONAL,HOUSING PROJECTS GOVERNMENT EMPLOYEES,"URBAN PLANNING, HOUSING AND RESETTLEMENT",PENDING IN THE COMMITTEE
Senate Bill No. 1613,16th Congress (July 2013 - 2016),https://ldr.senate.gov.ph/bills/senate-bill-no-1613-16th-congress-republic,GIFTED AND TALENTED STUDENTS EDUCATION ACT,AN ACT GIVING INDIGENT BUT GIFTED AND TALENTED STUDENTS THE OPPORTUNITY TO DEVELOP THEIR CAPABILITIES,"ESTRADA, JINGGOY E.","October 9, 2013",NATIONAL,STUDENTS GIFTED AND TALENTED PUPIL/GIFTED AND TALENTED CHILDREN AND YOUTH,"EDUCATION, ARTS AND CULTURE",CONSOLIDATED/SUBSTITUTED IN THE COMMITTEE REPORT
Senate Bill No. 574,16th Congress (July 2013 - 2016),https://ldr.senate.gov.ph/bills/senate-bill-no-574-16th-congress-republic,RETIREMENT BENEFITS TO RETIREES WHO HAVE REACQUIRED PHILIPPINE CITIZENSHIP,"AN ACT AMENDING PRESIDENTIAL DECREE NO. 1638, OTHERWISE KNOWN AS 'ESTABLISHING A NEW SYSTEM OF RETIREMENT AND SEPARATION FOR MILITARY PERSONNEL OF THE ARMED FORCES OF THE PHILIPPINES AND FOR OTHER PURPOSES,' BY GRANTING THE RIGHT TO RECEIVE RETIREMENT BENEFITS TO RETIREES WHO HAVE REACQUIRED PHILIPPINE CITIZENSHIP",Miriam Defensor Santiago,"August 7, 2013",NATIONAL,RETIREMENT BENEFITS ARMED FORCES OF THE PHILIPPINES (AFP) CITIZENSHIP,NATIONAL DEFENSE AND SECURITY,PENDING IN THE COMMITTEE
Senate Bill No. 1865,16th Congress (July 2013 - 2016),https://ldr.senate.gov.ph/bills/senate-bill-no-1865-16th-congress-republic,NEW CENTRAL BANK ACT,"AN ACT AMENDING REPUBLIC ACT NUMBERED SEVENTY-SIX HUNDRED AND FIFTY-THREE ENTITLED THE NEW CENTRAL BANK ACT, AND FOR OTHER PURPOSES",Franklin M. Drilon,"October 17, 2013",NATIONAL,CENTRAL BANK ACT BANGKO SENTRAL NG PILIPINAS (BSP),"BANKS, FINANCIAL INSTITUTIONS AND CURRENCIES",PENDING IN THE COMMITTEE
Senate Bill No. 1677,16th Congress (July 2013 - 2016),https://ldr.senate.gov.ph/bills/senate-bill-no-1677-16th-congress-republic,MAGNA CARTA FOR DAY CARE WORKERS,AN ACT PROVIDING A MAGNA CARTA FOR DAY CARE WORKERS,"ESTRADA, JINGGOY E.","September 16, 2013",NATIONAL,MAGNA CARTA FOR DAY CARE WORKERS,"SOCIAL JUSTICE, WELFARE AND RURAL DEVELOPMENT",PENDING IN THE COMMITTEE
Senate Bill No. 1929,16th Congress (July 2013 - 2016),https://ldr.senate.gov.ph/bills/senate-bill-no-1929-16th-congress-republic,"AMENDING SEC. 26, NATIONAL MUSEUM ACT","AN ACT AMENDING SECTION 26 OF REPUBLIC ACT NO. 8492, OTHERWISE KNOWN AS THE NATIONAL MUSEUM ACT OF 1988","LAPID, MANUEL ""LITO"" M.","November 18, 2013",NATIONAL,NATIONAL MUSEUM,"EDUCATION, ARTS AND CULTURE",PENDING IN THE COMMITTEE
Senate Bill No. 1331,16th Congress (July 2013 - 2016),https://ldr.senate.gov.ph/bills/senate-bill-no-1331-16th-congress-republic,PREPARING TEACHERS FOR DIGITAL AGE LEARNERS ACT,AN ACT AUTHORIZING A PROGRAM TO PREPARE TEACHERS FOR DIGITAL AGE LEARNERS,Miriam Defensor Santiago,"August 15, 2013",NATIONAL,TEACHERS INFORMATION AND COMMUNICATIONS TECHNOLOGY (ICT),"EDUCATION, ARTS AND CULTURE",PENDING IN THE COMMITTEE
Senate Bill No. 1401,16th Congress (July 2013 - 2016),https://ldr.senate.gov.ph/bills/senate-bill-no-1401-16th-congress-republic,MOTOR VEHICLE USER'S CHARGE,"AN ACT AMENDING SECTIONS 2 AND 3 (B) OF REPUBLIC ACT NO. 8794, OTHERWISE KNOWN AS 'AN ACT IMPOSING A MOTOR VEHICLE USER'S CHARGE ON OWNERS OF ALL TYPES OF MOTOR VEHICLES AND FOR OTHER PURPOSES","ESTRADA, JINGGOY E.","August 29, 2013",NATIONAL,MOTOR VEHICLES USERS CHARGE (MVUC) (R.A. NO. 8794) MOTORCYCLE,PUBLIC WORKS,PENDING IN THE COMMITTEE
Senate Bill No. 775,16th Congress (July 2013 - 2016),https://ldr.senate.gov.ph/bills/senate-bill-no-775-16th-congress-republic,PARENTS AS FIRST TEACHER CHALLENGE GRANT ACT,AN ACT SUPPORTING EFFECTIVE PROGRAMS THAT PROVIDE ASSISTANCE TO PARENTS WHO WANT TO HELP THEIR CHILDREN BECOME SUCCESSFUL READERS,"ESTRADA, JINGGOY E.","July 15, 2013",NATIONAL,parents,"EDUCATION, ARTS AND CULTURE",PENDING IN THE COMMITTEE
Senate Bill No. 839,16th Congress (July 2013 - 2016),https://ldr.senate.gov.ph/bills/senate-bill-no-839-16th-congress-republic,"GOVERNMENT PROJECTS NAMED AFTER GOVERNMENT OFFICIALS, UNLAWFUL",AN ACT DECLARING AS UNLAWFUL ANY GOVERNMENT PROJECTS TO BE NAMED OR IDENTIFIED AFTER GOVERNMENT OFFICIALS AND OTHER PERSONS WHOSE NAME OR IDENTITY MAY IN ANY MANNER BE ASSOCIATED WITH SAID OFFICIALS,"EJERCITO, JOSEPH VICTOR G.","July 17, 2013",NATIONAL,Government projects NATIONAL HISTORICAL COMMISSION OF THE PHILIPPINES (NHCP),"CIVIL SERVICE, GOVERNMENT REORGANIZATION AND PROFESSIONAL REGULATION",PENDING IN THE COMMITTEE
Senate Bill No. 1751,16th Congress (July 2013 - 2016),https://ldr.senate.gov.ph/bills/senate-bill-no-1751-16th-congress-republic,"AMENDING ARTS. 370 AND 372, FAMILY CODE (ALLOWING MARRIED WOMEN TO USE THEIR MAIDEN NAME/SURNAME)","AN ACT ALLOWING MARRIED OR LEGALLY SEPARATED WOMEN TO USE THEIR MAIDEN NAME AND SURNAME, AMENDING FOR THE PURPOSE REPUBLIC ACT NO. 386, ALSO KNOWN AS THE CIVIL CODE OF THE PHILIPPINES, ARTICLES 370 AND 372, AND EXECUTIVE ORDER 209, SERIES OF 1987, ALSO KNOWN AS THE FAMILY CODE OF THE PHILIPPINES, ARTICLE 63",Miriam Defensor Santiago,"February 10, 2013",NATIONAL,FAMILY CODE (E.O. NO. 209) WOMEN (MAIDEN SURNAME),"WOMEN, CHILDREN, FAMILY RELATIONS AND GENDER EQUALITY",PENDING IN THE COMMITTEE
Senate Bill No. 2003,16th Congress (July 2013 - 2016),https://ldr.senate.gov.ph/bills/senate-bill-no-2003-16th-congress-republic,"AMENDING SEC. 35, NATIONAL INTERNAL REVENUE CODE (PERSONAL EXEMPTION FOR INDIVIDUAL TAXPAYER)","AN ACT AMENDING SECTION 35 OF REPUBLIC ACT NO. 8424, AS AMENDED, OR THE NATIONAL INTERNAL REVENUE CODE OF THE PHILIPPINES, BY GRANTING ADDITIONAL ALLOWANCE OF PERSONAL EXEMPTION FOR INDIVIDUAL TAXPAYER FOR CONTRIBUTIONS MADE TO DISASTER RELIEF, RECOVERY AND REHABILITATION EFFORTS, AND FOR OTHER PURPOSES","BINAY, MARIA LOURDES NANCY S.","September 12, 2013",NATIONAL,NATIONAL INTERNAL REVENUE CODE (NIRC) TAXES/TAXATION,WAYS AND MEANS,PENDING IN THE COMMITTEE
Senate Bill No. 1815,16th Congress (July 2013 - 2016),https://ldr.senate.gov.ph/bills/senate-bill-no-1815-16th-congress-republic,TEACHER TECHNOLOGY ACCESS ACT,AN ACT PROVIDING FOR COMPUTER INNOVATIVE ASSISTANCE PROGRAMS TO ELEMENTARY AND SECONDARY SCHOOL TEACHERS,Miriam Defensor Santiago,"March 10, 2013",NATIONAL,TEACHERS INNOVATIONS/INNOVATIVE TECHNOLOGY,"EDUCATION, ARTS AND CULTURE",PENDING IN THE COMMITTEE
Senate Bill No. 383,16th Congress (July 2013 - 2016),https://ldr.senate.gov.ph/bills/senate-bill-no-383-16th-congress-republic,ANTI-THEFT AND ROBBERY OF PORTABLE TELECOMMUNICATION DEVICES ACT OF 2013,AN ACT PROVIDING STIFFER PENALTIES FOR CRIME OF THEFT AND ROBBERY OF PORTABLE COMMUNICATION DEVICES,"ESTRADA, JINGGOY E.","March 7, 2013",NATIONAL,THEFT AND ROBBERY CELLULAR PHONES/CELL PHONES,JUSTICE AND HUMAN RIGHTS,PENDING IN THE COMMITTEE
Senate Bill No. 434,16th Congress (July 2013 - 2016),https://ldr.senate.gov.ph/bills/senate-bill-no-434-16th-congress-republic,JUDICIARY INDEPENDENCE ENHANCING ACT,AN ACT BANNING THE RE-APPOINTMENT OF A REGULAR MEMBER OF THE JUDICIAL AND BAR COUNCIL (JBC) WHO HAS ALREADY SERVED THE FULL TERM,"ESCUDERO, FRANCIS G.","April 7, 2013",NATIONAL,JUDICIAL AND BAR COUNCIL (JBC),JUSTICE AND HUMAN RIGHTS,CONSOLIDATED/SUBSTITUTED IN THE COMMITTEE REPORT
Senate Bill No. 394,16th Congress (July 2013 - 2016),https://ldr.senate.gov.ph/bills/senate-bill-no-394-16th-congress-republic,FLOOD RECOVERY FUND ACT,AN ACT CREATING THE FLOOD RECOVERY FUND ACT,Miriam Defensor Santiago,"March 7, 2013",NATIONAL,FLOOD RECOVERY FUND,"SOCIAL JUSTICE, WELFARE AND RURAL DEVELOPMENT",PENDING IN THE COMMITTEE
Senate Bill No. 469,16th Congress (July 2013 - 2016),https://ldr.senate.gov.ph/bills/senate-bill-no-469-16th-congress-republic,THE TAX INCENTIVES MANAGEMENT AND TRANSPARENCY ACT,"AN ACT ESTABLISHING A SYSTEM FOR TAX INCENTIVES MANAGEMENT AND TRANSPARENCY, AND FOR OTHER PURPOSES",Franklin M. Drilon,"April 7, 2013",NATIONAL,TAX INCENTIVES,WAYS AND MEANS,CONSOLIDATED/SUBSTITUTED IN THE COMMITTEE REPORT
Senate Bill No. 735,16th Congress (July 2013 - 2016),https://ldr.senate.gov.ph/bills/senate-bill-no-735-16th-congress-republic,BOOK CITY ACT OF 2013,"AN ACT PROVIDING FOR THE LEGAL FRAMEWORK AND MECHANISMS FOR THE CREATION, OPERATION, ADMINISTRATION, AND COORDINATION OF THE PHILIPPINE BOOK PUBLISHING INDUSTRY DEVELOPMENT CENTER, OTHERWISE KNOWN AS THE 'BOOK CITY', CREATING FOR THE PURPOSE, THE BOOK PUBLISHING ENTERPRISE ZONE AUTHORITY (BPEZA) AND FOR OTHER PURPOSES","ESTRADA, JINGGOY E.","July 15, 2013",NATIONAL,BOOK PUBLISHING,GOVERNMENT CORPORATIONS AND PUBLIC ENTERPRISES,PENDING IN THE COMMITTEE
Senate Bill No. 316,16th Congress (July 2013 - 2016),https://ldr.senate.gov.ph/bills/senate-bill-no-316-16th-congress-republic,CREDIT CARD FRAUD ACT,AN ACT PENALIZING CREDIT CARD FRAUD AND PROVIDING PENALTIES THEREFOR,"VILLAR, CYNTHIA A.","February 7, 2013",NATIONAL,CREDIT CARD,"BANKS, FINANCIAL INSTITUTIONS AND CURRENCIES",PENDING IN THE COMMITTEE
Senate Bill No. 336,16th Congress (July 2013 - 2016),https://ldr.senate.gov.ph/bills/senate-bill-no-336-16th-congress-republic,"INCREASING PENALTY FOR THE CRIME OF INCRIMINATORY MACHINATION, AMENDING R.A.NO. 3815","AN ACT AMENDING ARTICLES 363 AND 364 OF ACT NO. 3815, OTHERWISE KNOWN AS THE REVISED PENAL CODE","LEGARDA, LOREN B.","March 7, 2013",NATIONAL,REVISED PENAL CODE (R.A. NO. 3815) CRIME OF INCRIMINATORY MACHINATION,JUSTICE AND HUMAN RIGHTS,PENDING IN THE COMMITTEE
Senate Bill No. 513,16th Congress (July 2013 - 2016),https://ldr.senate.gov.ph/bills/senate-bill-no-513-16th-congress-republic,PHILIPPINE PORTS AUTHORITY,"AN ACT STRENGTHENING AND STREAMLINING THE PHILIPPINE PORTS AUTHORITY, AMENDING FOR THE PURPOSE PRESIDENTIAL DECREE NO. 857 AS AMENDED, OTHERWISE KNOWN AS THE REVISED CHARTER OF THE PHILIPPINE PORTS AUTHORITY","LEGARDA, LOREN B.","August 7, 2013",NATIONAL,PHILIPPINE PORTS AUTHORITY,GOVERNMENT CORPORATIONS AND PUBLIC ENTERPRISES,PENDING IN THE COMMITTEE
Senate Bill No. 1592,16th Congress (July 2013 - 2016),https://ldr.senate.gov.ph/bills/senate-bill-no-1592-16th-congress-republic,WAGE RATIONALIZATION ACT,"AN ACT STRENGTHENING THE INSPECTION FUNCTION OF THE DEPARTMENT OF LABOR AND EMPLOYMENT, AMENDING FOR THIS PURPOSE REPUBLIC ACT NO. 6727, OTHERWISE KNOWN AS THE WAGE RATIONALIZATION ACT, AND FOR OTHER PURPOSES","ESTRADA, JINGGOY E.","October 9, 2013",NATIONAL,WAGE RATIONALIZATION DEPARTMENT OF LABOR AND EMPLOYMENT (DOLE),"LABOR, EMPLOYMENT AND HUMAN RESOURCES DEVELOPMENT",PENDING IN THE COMMITTEE
Senate Bill No. 555,16th Congress (July 2013 - 2016),https://ldr.senate.gov.ph/bills/senate-bill-no-555-16th-congress-republic,SOCIAL SECURITY LAW (NON-REMITTANCE OF CONTRIBUTIONS),"AN ACT AMENDING REPUBLIC ACT NUMBERED ELEVEN HUNDRED SIXTY ONE, ALSO KNOWN AS THE SOCIAL SECURITY LAW, AS AMENDED, INCREASING THE PENALTIES FOR NON-REMITTANCE OF CONTRIBUTIONS TO THE SOCIAL SECURITY SYSTEM BY THE EMPLOYER","ESTRADA, JINGGOY E.","August 7, 2013",NATIONAL,SOCIAL SECURITY SYSTEM (SSS),GOVERNMENT CORPORATIONS AND PUBLIC ENTERPRISES,PENDING IN THE COMMITTEE
Senate Bill No. 1656,16th Congress (July 2013 - 2016),https://ldr.senate.gov.ph/bills/senate-bill-no-1656-16th-congress-republic,CLOSED CAPTION TELEVISION BROADCASTING,"AN ACT TO REQUIRE ALL FRANCHISE HOLDERS OR OPERATORS OF TELEVISION STATIONS AND PRODUCERS OF TELEVISION PROGRAMS TO BROADCAST OR PRESENT THEIR PROGRAMS WITH CLOSED CAPTIONS, AND FOR OTHER PURPOSES","POE, GRACE","December 9, 2013",NATIONAL,CLOSED CAPTION BROADCASTING,PUBLIC INFORMATION AND MASS MEDIA,CONSOLIDATED/SUBSTITUTED IN THE COMMITTEE REPORT
Senate Bill No. 375,16th Congress (July 2013 - 2016),https://ldr.senate.gov.ph/bills/senate-bill-no-375-16th-congress-republic,SENIORS SAFETY ACT,AN ACT TO COMBAT ABUSE AND ENHANCE PENALTIES FOR CRIMES AGAINST SENIORS,"ESTRADA, JINGGOY E.","March 7, 2013",NATIONAL,SENIOR CITIZEN/ELDERLY,JUSTICE AND HUMAN RIGHTS,PENDING IN THE COMMITTEE
Senate Bill No. 457,16th Congress (July 2013 - 2016),https://ldr.senate.gov.ph/bills/senate-bill-no-457-16th-congress-republic,NATIONAL INTERNAL REVENUE CODE (EXCISE TAX ),"AN ACT INCREASING THE EXCISE TAX ON MINERALS, MINERAL PRODUCTS AND QUARRY RESOURCES, AMENDING FOR THE PURPOSE CERTAIN SECTIONS OF THE NATIONAL INTERNAL REVENUE CODE OF 1997, AS AMENDED",Ralph G. Recto,"April 7, 2013",NATIONAL,NATIONAL INTERNAL REVENUE CODE (NIRC) TAXES (EXCISE TAX),WAYS AND MEANS,PENDING IN THE COMMITTEE
Senate Bill No. 505,16th Congress (July 2013 - 2016),https://ldr.senate.gov.ph/bills/senate-bill-no-505-16th-congress-republic,TRADITIONAL GAMES AND SPORTS ACT,"AN ACT TO INCLUDE TRADITIONAL GAMES AND SPORTS IN THE PHYSICAL EDUCATION (P.E.) COURSES IN ALL LEVELS OF EDUCATIONAL INSTITUTIONS AND SPORT ACTIVITIES OF THE LOCAL GOVERNMENT UNITS, APPROPRIATING FUNDS THEREFOR, AND FOR OTHER PURPOSES","VILLAR, CYNTHIA A.","August 7, 2013",NATIONAL,PHYSICAL EDUCATION (TRADITIONAL GAMES AND SPORTS),"EDUCATION, ARTS AND CULTURE",PENDING IN THE COMMITTEE
Senate Bill No. 1118,16th Congress (July 2013 - 2016),https://ldr.senate.gov.ph/bills/senate-bill-no-1118-16th-congress-republic,EDUCATION ACCOUNTABILITY ACT,AN ACT ESTABLISHING A PERFORMANCE BASED ACCOUNTABILITY SYSTEM FOR PUBLIC EDUCATION AND FOR OTHER PURPOSES,Antonio F. Trillanes IV,"July 29, 2013",NATIONAL,PERFORMANCE BASED ACCOUNTABILITY SYSTEM,"EDUCATION, ARTS AND CULTURE",PENDING IN THE COMMITTEE
Senate Bill No. 551,16th Congress (July 2013 - 2016),https://ldr.senate.gov.ph/bills/senate-bill-no-551-16th-congress-republic,STUDENT FREEDOM OF RELIGIOUS EXPRESSION ACT,AN ACT TO ENFORCE THE CONSTITUTIONAL RIGHT TO THE FREE EXERCISE OF RELIGION BY STUDENTS OF PUBLIC SCHOOLS,"ESTRADA, JINGGOY E.","August 7, 2013",NATIONAL,FREEDOM OF EXPRESSION STUDENTS ANTI-RACIAL/RELIGIOUS DISCRIMINATION,"EDUCATION, ARTS AND CULTURE",PENDING IN THE COMMITTEE
Senate Bill No. 1758,16th Congress (July 2013 - 2016),https://ldr.senate.gov.ph/bills/senate-bill-no-1758-16th-congress-republic,NATIONAL CHILD ABUSER REGISTRATION ACT,AN ACT REQUIRING GOVERNMENT AGENCIES AND NON-GOVERNMENT AGENCIES TO REGISTER ALL OFFENDERS CONVICTED OF ANY ACT INVOLVING CHILD ABUSE WITH THE DEPARTMENT OF JUSTICE,Miriam Defensor Santiago,"February 10, 2013",NATIONAL,NATIONAL CHILD ABUSER REGISTRATION ACT CHILDREN/CHILD CARE rape,JUSTICE AND HUMAN RIGHTS,PENDING IN THE COMMITTEE
Senate Bill No. 1196,16th Congress (July 2013 - 2016),https://ldr.senate.gov.ph/bills/senate-bill-no-1196-16th-congress-republic,PINOY INNOVATOR ACT,"AN ACT TO ESTABLISH A PROGRAM TO AWARD INNOVATION PRIZES TO INDIVIDUALS AND ENTITIES FOR RESEARCHING AND DEVELOPING INNOVATIVE TECHNOLOGIES, AND FOR OTHER PURPOSES",Miriam Defensor Santiago,"January 8, 2013",NATIONAL,INNOVATIONS/INNOVATIVE TECHNOLOGY DEPARTMENT OF TRADE AND INDUSTRY (DTI),"TRADE, COMMERCE AND ENTREPRENEURSHIP",PENDING IN THE COMMITTEE
Senate Bill No. 1822,16th Congress (July 2013 - 2016),https://ldr.senate.gov.ph/bills/senate-bill-no-1822-16th-congress-republic,CIVIL CODE OF THE PHILIPPINES (AMENDING R.A. NO. 386),"AN ACT AMENDING REPUBLIC ACT NO. 386, ALSO KNOWN AS THE CIVIL CODE OF THE PHILIPPINES, ARTICLE 1991, ON REPLACING THE WORD DEPOSITOR'S WITH DEPOSITARY'S IN ORDER FOR THE LAW TO REFLECT ITS INTENDED MEANING",Miriam Defensor Santiago,"March 10, 2013",NATIONAL,CIVIL CODE OF THE PHILIPPINES,JUSTICE AND HUMAN RIGHTS,PENDING IN THE COMMITTEE
Senate Bill No. 147,16th Congress (July 2013 - 2016),https://ldr.senate.gov.ph/bills/senate-bill-no-147-16th-congress-republic,INCLUSION OF ENTREPRENEURSHIP SUBJECT IN THE HIGH SCHOOL CURRICULUM,AN ACT REQUIRING INCLUSION OF ENTREPRENEURSHIP AS A SEPARATE SUBJECT IN THE HIGH SCHOOL CURRICULUM,"VILLAR, CYNTHIA A.","January 7, 2013",NATIONAL,ENTREPRENEURSHIP EDUCATION,YOUTH,CONSOLIDATED/SUBSTITUTED IN THE COMMITTEE REPORT
Senate Bill No. 888,16th Congress (July 2013 - 2016),https://ldr.senate.gov.ph/bills/senate-bill-no-888-16th-congress-republic,ENVIRONMENTAL HEALTH RESEARCH ACT OF 2013,"AN ACT ESTABLISHING MULTIDISCIPLINARY RESEARCH CENTERS REGARDING WOMEN'S HEALTH AND DISEASE PREVENTION AND CONDUCTING A RESEARCH PROGRAM ON HORMONE DISRUPTION, AND FOR OTHER PURPOSES","ESTRADA, JINGGOY E.","July 17, 2013",NATIONAL,ENVIRONMENTAL HEALTH RESEARCH,HEALTH AND DEMOGRAPHY,PENDING IN THE COMMITTEE
Senate Bill No. 206,16th Congress (July 2013 - 2016),https://ldr.senate.gov.ph/bills/senate-bill-no-206-16th-congress-republic,COMPREHENSIVE DANGEROUS DRUGS,"AN ACT AMENDING SECTION 21 OF REPUBLIC ACT NO. 9165, OTHERWISE KNOWN AS THE COMPREHENSIVE DANGEROUS DRUGS ACT OF 2002",Gregorio B. Honasan II,"January 7, 2013",NATIONAL,"DANGEROUS DRUGS ACT OF 2002, R.A.NO. 9165",PUBLIC ORDER AND DANGEROUS DRUGS,CONSOLIDATED/SUBSTITUTED IN THE COMMITTEE REPORT
Senate Bill No. 1514,16th Congress (July 2013 - 2016),https://ldr.senate.gov.ph/bills/senate-bill-no-1514-16th-congress-republic,BUREAU OF CORRECTIONS TECHNICAL INSTITUTE ACT OF 2013,"AN ACT CREATING A BUREAU OF CORRECTIONS TECHNICAL INSTITUTE WITHIN THE NATIONAL BILIBID PRISONS (NBP) RESERVATION AND THE CORRECTIONAL INSTITUTION FOR WOMEN (CIW), AND APPROPRIATING FUNDS THEREFOR","ESTRADA, JINGGOY E.","April 9, 2013",NATIONAL,BUREAU OF CORRECTIONS TECHNICAL INSTITUTE NEW BILIBID PRISON,JUSTICE AND HUMAN RIGHTS,PENDING IN THE COMMITTEE
Senate Bill No. 952,16th Congress (July 2013 - 2016),https://ldr.senate.gov.ph/bills/senate-bill-no-952-16th-congress-republic,"REVISING THE SCHOOL CALENDAR, FROM JULY TO SEPTEMBER","AN ACT REVISING THE SCHOOL CALENDAR, AMENDING FOR THE PURPOSE SECTION 24, CHAPTER 9, TITLE VI, BOOK IV OF EXECUTIVE ORDER NO. 22, OTHERWISE KNOWN AS THE ADMINISTRATIVE CODE OF 1987","REVILLA JR., RAMON BONG","July 18, 2013",NATIONAL,ADMINISTRATIVE CODE OF 1987 (E.O.NO. 292) SCHOOL CALENDAR,"EDUCATION, ARTS AND CULTURE",PENDING IN THE COMMITTEE
Senate Bill No. 1278,16th Congress (July 2013 - 2016),https://ldr.senate.gov.ph/bills/senate-bill-no-1278-16th-congress-republic,OVERSEAS WORKERS CREDIT ASSISTANCE ACT OF 2013,AN ACT ESTABLISHING A CREDIT ASSISTANCE PROGRAM FOR OVERSEAS FILIPINO WORKER,"LAPID, MANUEL ""LITO"" M.","August 13, 2013",NATIONAL,OVERSEAS FILIPINO WORKERS (OFW) CREDIT ASSISTANCE PROGRAM,"LABOR, EMPLOYMENT AND HUMAN RESOURCES DEVELOPMENT",PENDING IN THE COMMITTEE
Senate Bill No. 217,16th Congress (July 2013 - 2016),https://ldr.senate.gov.ph/bills/senate-bill-no-217-16th-congress-republic,FREEDOM OF INFORMATION ACT OF 2013,AN ACT TO STRENGTHEN THE RIGHT OF CITIZENS TO INFORMATION HELD BY THE GOVERNMENT,"EJERCITO, JOSEPH VICTOR G.","January 7, 2013",NATIONAL,PEOPLES OWNERSHIP OF GOVERNMENT INFORMATION (POGI),PUBLIC INFORMATION AND MASS MEDIA,CONSOLIDATED/SUBSTITUTED IN THE COMMITTEE REPORT
Senate Bill No. 1323,16th Congress (July 2013 - 2016),https://ldr.senate.gov.ph/bills/senate-bill-no-1323-16th-congress-republic,NUTRITION STANDARDS ESTABLISHMENT ACT,AN ACT ESTABLISHING NUTRITION STANDARDS FOR SCHOOLS,Miriam Defensor Santiago,"August 15, 2013",NATIONAL,nutrition,"EDUCATION, ARTS AND CULTURE",PENDING IN THE COMMITTEE
Senate Bill No. 989,16th Congress (July 2013 - 2016),https://ldr.senate.gov.ph/bills/senate-bill-no-989-16th-congress-republic,POVERTY ALLEVIATION FUND OF 2013,AN ACT CREATING A SPECIAL POVERTY ALLEVIATION FUND TO BE USED TO FINANCE SCHOOL AND COMMUNITY-BASED SUPPLEMENTAL FEEDING PROGRAMS AND RELATED POVERTY ALLEVIATION EFFORTS USING THE MINIMUM BASIC NEEDS (MBN) APPROACH IN THE POOREST OF THE POOR COMMUNITIES IN THE COUNTRY AND FOR OTHER RELATED PURPOSES,Antonio F. Trillanes IV,"July 22, 2013",NATIONAL,POVERTY ALLEVIATION,"SOCIAL JUSTICE, WELFARE AND RURAL DEVELOPMENT",PENDING IN THE COMMITTEE
Senate Bill No. 1077,16th Congress (July 2013 - 2016),https://ldr.senate.gov.ph/bills/senate-bill-no-1077-16th-congress-republic,ORPHANED MINOR CHILDREN OF SOLDIERS,AN ACT PROVIDING FOR EDUCATIONAL BENEFITS FOR THE MINOR CHILDREN OF SOLDIERS AND POLICEMEN WHO ARE SLAIN IN THE LINE OF DUTY AND FOR OTHER PURPOSES,"ESTRADA, JINGGOY E.","July 23, 2013",NATIONAL,EDUCATIONAL BENEFITS CHILDREN AND YOUTH ARMED FORCES OF THE PHILIPPINES (AFP),PUBLIC ORDER AND DANGEROUS DRUGS,PENDING IN THE COMMITTEE
Senate Bill No. 47,16th Congress (July 2013 - 2016),https://ldr.senate.gov.ph/bills/senate-bill-no-47-16th-congress-republic,MOTORCYCLE SAFETY ACT FOR CHILDREN,AN ACT PROHIBITING THE RIDING OR TRANSPORTING OF CHILDREN SEVEN YEARS OLD AND BELOW ON MOTORCYCLES ALONG HIGHWAYS,"REVILLA JR., RAMON BONG","January 7, 2013",NATIONAL,MOTORCYCLE CHILDREN/CHILD CARE,PUBLIC SERVICES,CONSOLIDATED/SUBSTITUTED IN THE COMMITTEE REPORT
Senate Bill No. 125,16th Congress (July 2013 - 2016),https://ldr.senate.gov.ph/bills/senate-bill-no-125-16th-congress-republic,GRANT OF SPECIAL LOAN TO TESDA GRADUATES WITH APPROVED OVERSEAS JOB CONTRACTS,"AN ACT PROVIDING A SYSTEM OF EXTENDING NO-COLLATERAL, LOW-INTEREST LOANS TO GRADUATES OF ANY COURSES OFFERED BY THE TECHNICAL EDUCATION AND SKILLS AUTHORITY OR DULY ACCREDITED LEARNING INSTITUTIONS WITH APPROVED OVERSEAS JOB CONTRACTS","ESCUDERO, FRANCIS G.","January 7, 2013",NATIONAL,TECHNICAL EDUCATION AND SKILLS DEVELOPMENT AUTHORITY (TESDA),"BANKS, FINANCIAL INSTITUTIONS AND CURRENCIES",PENDING IN THE COMMITTEE
Senate Bill No. 835,16th Congress (July 2013 - 2016),https://ldr.senate.gov.ph/bills/senate-bill-no-835-16th-congress-republic,AGRICULTURE AND FISHERIES EXTENSION ACT OF 2013,"AN ACT PRESCRIBING THE STRENGTHENING OF THE NATIONAL EXTENSION SYSTEM TO ACCELERATE AGRICULTURE AND FISHERIES DEVELOPMENT, APPROPRIATING FUNDS THEREFOR AND FOR OTHER PURPOSES","EJERCITO, JOSEPH VICTOR G.","July 17, 2013",NATIONAL,AGRICULTURE AND FISHERIES EXTENSION ACT,AGRICULTURE AND FOOD,PENDING IN THE COMMITTEE
Senate Bill No. 1154,16th Congress (July 2013 - 2016),https://ldr.senate.gov.ph/bills/senate-bill-no-1154-16th-congress-republic,"PROHIBITING THE SERVICE OF WARRANTS OF ARRESTS DURING NIGHTIME, LEGAL HOLIDAYS OR WEEKENDS",AN ACT PROHIBITING THE SERVICE OF WARRANTS OF ARRESTS IN CERTAIN CASES AND PROVIDING PENALTIES FOR VIOLATIONS THEREOF,"VILLAR, CYNTHIA A.","July 30, 2013",NATIONAL,WARRANT OF ARREST,JUSTICE AND HUMAN RIGHTS,PENDING IN THE COMMITTEE
Senate Bill No. 1779,16th Congress (July 2013 - 2016),https://ldr.senate.gov.ph/bills/senate-bill-no-1779-16th-congress-republic,RESEARCH ON WOMEN'S HEALTH ACT,AN ACT ESTABLISHING THE OFFICE OF RESEARCH ON WOMEN'S HEALTH,Miriam Defensor Santiago,"March 10, 2013",NATIONAL,WOMENS HEALTH RESEARCH OFFICE,HEALTH AND DEMOGRAPHY,PENDING IN THE COMMITTEE
Senate Bill No. 1217,16th Congress (July 2013 - 2016),https://ldr.senate.gov.ph/bills/senate-bill-no-1217-16th-congress-republic,"NATIONAL COMPREHENSIVE HIV AND AIDS PREVENTION, TREATMENT, CARE AND SUPPORT POLICY AND PLAN ACT","AN ACT STRENGTHENING THE PHILIPPINE COMPREHENSIVE POLICY ON HUMAN IMMUNODEFICIENCY VIRUS AND ACQUIRED IMMUNE DEFICIENCY SYNDROME (HIV-AIDS) PREVENTION, TREATMENT, CARE AND SUPPORT, ESTABLISHING THE PHILIPPINE NATIONAL HIV-AIDS PLAN, AMENDING FOR THE PURPOSE REPUBLIC ACT NO. 8504, OTHERWISE KNOWN AS THE PHILIPPINE AIDS PREVENTION AND CONTROL ACT OF 1998, AND FOR OTHER PURPOSES","POE, GRACE","June 8, 2013",NATIONAL,HUMAN IMMUNO DEFICIENCY VIRUS (HIV) ACQUIRED IMMUNE DEFICIENCY SYNDROME (AIDS),HEALTH AND DEMOGRAPHY,CONSOLIDATED/SUBSTITUTED IN THE COMMITTEE REPORT
Senate Bill No. 1471,16th Congress (July 2013 - 2016),https://ldr.senate.gov.ph/bills/senate-bill-no-1471-16th-congress-republic,MUSIC INDUSTRY DEVELOPMENT ACT OF 2013,"AN ACT TO PROMOTE THE DEVELOPMENT OF THE PHILIPPINE MUSIC INDUSTRY, AND FOR OTHER PURPOSES","ESTRADA, JINGGOY E.","March 9, 2013",NATIONAL,MUSIC INDUSTRY,"EDUCATION, ARTS AND CULTURE",PENDING IN THE COMMITTEE
Senate Bill No. 909,16th Congress (July 2013 - 2016),https://ldr.senate.gov.ph/bills/senate-bill-no-909-16th-congress-republic,SICK LEAVE BANK ACT,AN ACT CREATING A SICK LEAVE BANK FOR GOVERNMENT EMPLOYEES,Antonio F. Trillanes IV,"July 18, 2013",NATIONAL,SICK LEAVE BANK (GOVERNMENT EMPLOYEES) LEAVE OF ABSENCE,"CIVIL SERVICE, GOVERNMENT REORGANIZATION AND PROFESSIONAL REGULATION",PENDING IN THE COMMITTEE
Senate Bill No. 1535,16th Congress (July 2013 - 2016),https://ldr.senate.gov.ph/bills/senate-bill-no-1535-16th-congress-republic,BAKERY INDUSTRY DEVELOPMENT ACT OF 2013,"AN ACT CREATING THE BAKERY INDUSTRY DEVELOPMENT BOARD AS ATTACHED AGENCY OF THE DEPARTMENT OF TRADE AND INDUSTRY, AMENDING FOR THIS PURPOSE TITLE X, BOOK IV OF EXECUTIVE ORDER 292, OTHERWISE KNOWN AS THE ADMINISTRATIVE CODE OF 1987, AND FOR OTHER PURPOSES","ESTRADA, JINGGOY E.","May 9, 2013",NATIONAL,BAKERY,"TRADE, COMMERCE AND ENTREPRENEURSHIP",PENDING IN THE COMMITTEE
Senate Bill No. 1015,16th Congress (July 2013 - 2016),https://ldr.senate.gov.ph/bills/senate-bill-no-1015-16th-congress-republic,BARANGAY AND SANGGUNIANG KABATAAN ELECTIONS,"AN ACT AMENDING REPUBLIC ACT 9340, FURTHER AMENDING REPUBLIC ACT 9164 RESETTING THE BARANGAY AND SANGGUNIANG KABATAAN ELECTIONS","REVILLA JR., RAMON BONG","July 22, 2013",NATIONAL,BARANGAY/SK ELECTIONS SANGGUNIANG KABATAAN (SK),LOCAL GOVERNMENT,PENDING IN THE COMMITTEE
Senate Bill No. 1227,16th Congress (July 2013 - 2016),https://ldr.senate.gov.ph/bills/senate-bill-no-1227-16th-congress-republic,FILIPINO VOLUNTEERISM IN NATION-BUILDING (VNB) OR BAYANIHAN SA BAGUMBAYAN (BSB) ACT,AN ACT TO STRENGTHEN NATION-BUILDING THROUGH THE INSTITUTIONALIZATION OF A STRATEGIC VOLUNTEERISM-BASED MULTISECTORAL PUBLIC-PRIVATE PARTNERSHIP FRAMEWORK IN ALL LOCAL GOVERNMENT UNITS (LGUS) AND CONGRESSIONAL DISTRICTS IN THE COUNTRY AND FOR OTHER PURPOSES,"EJERCITO, JOSEPH VICTOR G.","June 8, 2013",NATIONAL,LOCAL GOVERNMENT UNITS (LGUs) BAYANIHAN SPIRIT volunteers,"SOCIAL JUSTICE, WELFARE AND RURAL DEVELOPMENT",PENDING IN THE COMMITTEE
Senate Bill No. 708,16th Congress (July 2013 - 2016),https://ldr.senate.gov.ph/bills/senate-bill-no-708-16th-congress-republic,REVISED PENAL CODE (AMENDMENTS),"AN ACT AMENDING ARTICLES 363 AND 364 OF ACT NO. 3815, AS AMENDED, OTHERWISE KNOWN AS THE REVISED PENAL CODE","ESCUDERO, FRANCIS G.","October 7, 2013",NATIONAL,REVISED PENAL CODE (R.A. NO. 3815),JUSTICE AND HUMAN RIGHTS,PENDING IN THE COMMITTEE
Senate Bill No. 1853,16th Congress (July 2013 - 2016),https://ldr.senate.gov.ph/bills/senate-bill-no-1853-16th-congress-republic,BARANGAY PENSION FUND ACT OF 2013,AN ACT CREATING THE BARANGAY PENSION FUND TO PROVIDE PENSION BENEFITS TO ALL BARANGAY OFFICIALS,"EJERCITO, JOSEPH VICTOR G.","October 16, 2013",NATIONAL,BARANGAY OFFICIALS PENSION,LOCAL GOVERNMENT,CONSOLIDATED/SUBSTITUTED IN THE COMMITTEE REPORT
Senate Bill No. 1291,16th Congress (July 2013 - 2016),https://ldr.senate.gov.ph/bills/senate-bill-no-1291-16th-congress-republic,OMNIBUS ELECTION CODE (AMENDING SECTION 261 (W),AN ACT AMENDING SECTION 261 (W) OF THE OMNIBUS ELECTION CODE (BATAS PAMBANSA BILANG 881),"ESTRADA, JINGGOY E.","August 15, 2013",NATIONAL,OMNIBUS ELECTION CODE (BATAS PAMBANSA BLG. 881) PUBLIC WORKS PROJECTS,ELECTORAL REFORMS AND PEOPLES PARTICIPATION,"PENDING SECOND READING, ORDINARY BUSINESS"
Senate Bill No. 695,16th Congress (July 2013 - 2016),https://ldr.senate.gov.ph/bills/senate-bill-no-695-16th-congress-republic,HUMAN RESOURCES FOR HEALTH NETWORK ACT OF 2013,AN ACT INSTITUTIONALIZING THE HUMAN RESOURCES FOR HEALTH NETWORK AS A STRUCTURE TO SUPPORT HUMAN RESOURCES FOR HEALTH DEVELOPMENT IN THE PHILIPPINES,"LEGARDA, LOREN B.","September 7, 2013",NATIONAL,HUMAN RESOURCES FOR HEALTH (HRH),HEALTH AND DEMOGRAPHY,PENDING IN THE COMMITTEE
Senate Bill No. 1917,16th Congress (July 2013 - 2016),https://ldr.senate.gov.ph/bills/senate-bill-no-1917-16th-congress-republic,NATIONAL CALAMITY REHABILITATION ACT OF 2013,"AN ACT APPROPRIATING THE SUM OF FIFTY BILLION PESOS (P50,000,000,000) FOR THE CREATION OF A NATIONAL CALAMITY RECOVERY, REHABILITATION AND RECONSTRUCTION FUND AND FOR OTHER RELATED PURPOSES",Antonio F. Trillanes IV,"November 13, 2013",NATIONAL,REHABILITATION FUND CALAMITY/DISASTER,RULES,CONSOLIDATED/SUBSTITUTED IN THE COMMITTEE REPORT
Senate Bill No. 962,16th Congress (July 2013 - 2016),https://ldr.senate.gov.ph/bills/senate-bill-no-962-16th-congress-republic,BARANGAY NUTRITION WORKER,"AN ACT CREATING THE POSITION OF BARANGAY NUTRITION WORKER IN EVERY BARANGAY PROVIDING INCENTIVES THERETO, APPROPRIATING FUNDS THEREFOR AMENDING FOR THE PURPOSE PRESIDENTIAL DECREE NO. 1569","ESTRADA, JINGGOY E.","July 22, 2013",NATIONAL,BARANGAY NUTRITION WORKER,HEALTH AND DEMOGRAPHY,PENDING IN THE COMMITTEE
Senate Bill No. 1609,16th Congress (July 2013 - 2016),https://ldr.senate.gov.ph/bills/senate-bill-no-1609-16th-congress-republic,ANTI-GENDER DISCRIMINATION IN EMPLOYMENT ADVERTISING ACT,AN ACT TO PROHIBIT GENDER DISCRIMINATION IN EMPLOYMENT ADVERTISING,"ESTRADA, JINGGOY E.","October 9, 2013",NATIONAL,GENDER DISCRIMINATION ADVERTISING,"LABOR, EMPLOYMENT AND HUMAN RESOURCES DEVELOPMENT",PENDING IN THE COMMITTEE
Senate Bill No. 1044,16th Congress (July 2013 - 2016),https://ldr.senate.gov.ph/bills/senate-bill-no-1044-16th-congress-republic,AGUSAN MARSH WILDLIFE SANCTUARY (AMWS) ACT OF 2013,"AN ACT DECLARING THE AGUSAN MARSH WITHIN THE MUNICIPALITIES OF TALACOGON, SAN FRANCISCO, ROSARIO, BUNAWAN, LORETO AND LAPAZ IN THE PROVINCE OF AGUSAN DEL SUR AS WILDLIFE SANCTUARY PURSUANT TO R.A. 7586 PROVIDING FOR ITS MANAGEMENT AND FOR OTHER PURPOSES","CAYETANO, PIA S.","July 23, 2013",LOCAL,WILDLIFE,ENVIRONMENT AND NATURAL RESOURCES,CONSOLIDATED/SUBSTITUTED IN THE COMMITTEE REPORT
Senate Bill No. 1673,16th Congress (July 2013 - 2016),https://ldr.senate.gov.ph/bills/senate-bill-no-1673-16th-congress-republic,PHILIPPINE AIR FORCE ACADEMY ACT OF 2013,AN ACT ESTABLISHING THE PHILIPPINE AIR FORCE ACADEMY (PAFA) AND APPROPRIATING FUNDS THEREFOR,"ESTRADA, JINGGOY E.","September 16, 2013",NATIONAL,PHILIPPINE AIR FORCE ACADEMY (PAFA),NATIONAL DEFENSE AND SECURITY,PENDING IN THE COMMITTEE
Senate Bill No. 741,16th Congress (July 2013 - 2016),https://ldr.senate.gov.ph/bills/senate-bill-no-741-16th-congress-republic,ANTI-SMUGGLING ACT 0F 2013,"AN ACT AMENDING CERTAIN PROVISIONS OF PRESIDENTIAL DECREE NO. 1464, OTHERWISE KNOWN AS THE TARIFF AND CUSTOMS CODE OF THE PHILIPPINES, AS AMENDED, AND FOR OTHER PURPOSE","ESTRADA, JINGGOY E.","July 15, 2013",NATIONAL,TARIFF AND CUSTOMS CODE (P.D.NO. 1464) ANTI-SMUGGLING Bureau of Customs,WAYS AND MEANS,CONSOLIDATED/SUBSTITUTED IN THE COMMITTEE REPORT
Senate Bill No. 1366,16th Congress (July 2013 - 2016),https://ldr.senate.gov.ph/bills/senate-bill-no-1366-16th-congress-republic,PHILIPPINE HAZARDOUS AND RADIOACTIVE WASTES MANAGEMENT ACT,"AN ACT PROVIDING FOR A COMPREHENSIVE HAZARDOUS AND RADIOACTIVE WASTES MANAGEMENT, PROVIDING PENALTIES FOR VIOLATIONS THEREOF AND FOR OTHER PURPOSES","ESTRADA, JINGGOY E.","August 28, 2013",NATIONAL,HAZARDOUS/TOXIC/RADIOACTIVE WASTES MANAGEMENT,ENVIRONMENT AND NATURAL RESOURCES,PENDING IN THE COMMITTEE
Senate Bill No. 803,16th Congress (July 2013 - 2016),https://ldr.senate.gov.ph/bills/senate-bill-no-803-16th-congress-republic,FIRE PROTECTION MODERNIZATION ACT OF 2013,AN ACT PROVIDING FOR THE MODERNIZATION OF FIRE PROTECTION AND FOR OTHER PURPOSES,Antonio F. Trillanes IV,"July 16, 2013",NATIONAL,Fire Protection,PUBLIC ORDER AND DANGEROUS DRUGS,PENDING IN THE COMMITTEE
Senate Bill No. 1991,16th Congress (July 2013 - 2016),https://ldr.senate.gov.ph/bills/senate-bill-no-1991-16th-congress-republic,VACCINE SAFETY STUDY ACT,"AN ACT DIRECTING THE SECRETARY OF HEALTH TO CONDUCT A COMPREHENSIVE STUDY COMPARING TOTAL HEALTH OUTCOMES, INCLUDING RISK OF AUTISM, IN VACCINATED POPULATION WITH SUCH OUTCOMES IN UNVACCINATED POPULATIONS",Miriam Defensor Santiago,"March 12, 2013",NATIONAL,AUTISM VACCINE,HEALTH AND DEMOGRAPHY,PENDING IN THE COMMITTEE
Senate Bill No. 254,16th Congress (July 2013 - 2016),https://ldr.senate.gov.ph/bills/senate-bill-no-254-16th-congress-republic,GSIS MEMBERS RIGHTS AND BENEFITS ACT OF 2013,"AN ACT INSTITUTIONALIZING THE RIGHTS OF GOVERNMENT SERVICE INSURANCE SYSTEM (GSIS) MEMBERS, PROVIDING THEM ADDITIONAL REPRESENTATION IN THE GSIS BOARD, ENSURING PROMPT PAYMENT OF ALL THEIR BENEFITS AND FOR OTHER PURPOSES",Ralph G. Recto,"January 7, 2013",NATIONAL,GOVERNMENT SERVICE INSURANCE SYSTEM (GSIS),GOVERNMENT CORPORATIONS AND PUBLIC ENTERPRISES,PENDING IN THE COMMITTEE
Senate Bill No. 298,16th Congress (July 2013 - 2016),https://ldr.senate.gov.ph/bills/senate-bill-no-298-16th-congress-republic,STUDENT FINANCIAL ASSISTANCE PROGRAM,AN ACT ESTABLISHING A STUDENT FINANCIAL ASSISTANCE PROGRAM FOR STUDENTS OF ECONOMICALLY DISADVANTAGED FAMILIES AND AUTHORIZING THE APPROPRIATION OF FUNDS FOR THE PURPOSE,"VILLAR, CYNTHIA A.","February 7, 2013",NATIONAL,FINANCIAL ASSISTANCE STUDENTS,"EDUCATION, ARTS AND CULTURE",CONSOLIDATED/SUBSTITUTED IN THE COMMITTEE REPORT
Senate Bill No. 24,16th Congress (July 2013 - 2016),https://ldr.senate.gov.ph/bills/senate-bill-no-24-16th-congress-republic,OWWA ACT OF 2013,AN ACT TO GOVERN THE OPERATIONS AND ADMINISTRATION OF THE OVERSEAS WORKERS WELFARE ADMINISTRATION,"ESTRADA, JINGGOY E.","January 7, 2013",NATIONAL,OVERSEAS WORKERS WELFARE ADMINISTRATION (OWWA),"LABOR, EMPLOYMENT AND HUMAN RESOURCES DEVELOPMENT",CONSOLIDATED/SUBSTITUTED IN THE COMMITTEE REPORT
Senate Bill No. 75,16th Congress (July 2013 - 2016),https://ldr.senate.gov.ph/bills/senate-bill-no-75-16th-congress-republic,CIVIL SOCIETY ORGANIZATIONS' PARTICIPATION IN THE NATIONAL BUDGET PROCESS ACT OF 2013,"AN ACT INSTITUTIONALIZING THE PARTICIPATION OF CIVIL SOCIETY ORGANIZATIONS (CSOS) IN THE PREPARATION AND AUTHORIZATION PROCESS OF THE ANNUAL NATIONAL BUDGET, PROVIDING EFFECTIVE MECHANISMS THEREFOR, AND FOR OTHER PURPOSES","Teofisto ""TG"" D. Guingona III","January 7, 2013",NATIONAL,CIVIL SOCIETY ORGANIZATION (CSO) BUDGET,FINANCE,PENDING IN THE COMMITTEE
Senate Bill No. 335,16th Congress (July 2013 - 2016),https://ldr.senate.gov.ph/bills/senate-bill-no-335-16th-congress-republic,20% WITHHOLDING TAX EXEMPTION ON BANK DEPOSITS OF SENIOR CITIZENS,"AN ACT EXEMPTING THE BANK DEPOSITS OF SENIOR CITIZENS FROM THE 20% WITHHOLDING TAX ON INTEREST INCOME, AMENDING FOR THE PURPOSE REPUBLIC ACT NO. 7432","LEGARDA, LOREN B.","March 7, 2013",NATIONAL,SENIOR CITIZENS BANK DEPOSITS/BANK ACCOUNTS WITHHOLDING TAX,WAYS AND MEANS,PENDING IN THE COMMITTEE
Senate Bill No. 1856,16th Congress (July 2013 - 2016),https://ldr.senate.gov.ph/bills/senate-bill-no-1856-16th-congress-republic,OPM RADIO AIRPLAY ACT OF 2013,AN ACT REQUIRING RADIO STATIONS TO BROADCAST A MINIMUM OF THREE ORIGINAL FILIPINO MUSIC COMPOSITIONS EVERY HOUR AND FOR OTHER PURPOSES,"EJERCITO, JOSEPH VICTOR G.","October 16, 2013",NATIONAL,MUSIC INDUSTRY,PUBLIC INFORMATION AND MASS MEDIA,PENDING IN THE COMMITTEE
Senate Bill No. 1363,16th Congress (July 2013 - 2016),https://ldr.senate.gov.ph/bills/senate-bill-no-1363-16th-congress-republic,PHILIPPINE HIGH SCHOOL FOR SPORTS (PHSS) ACT,AN ACT CREATING AND ESTABLISHING THE PHILIPPINE HIGH SCHOOL FOR SPORTS,"ESTRADA, JINGGOY E.","August 28, 2013",NATIONAL,PHILIPPINE HIGH SCHOOL FOR SPORTS (PHSS),"EDUCATION, ARTS AND CULTURE",PENDING IN THE COMMITTEE
Senate Bill No. 1426,16th Congress (July 2013 - 2016),https://ldr.senate.gov.ph/bills/senate-bill-no-1426-16th-congress-republic,INDIGENOUS CULTURAL COMMUNITIES/INDIGENOUS PEOPLES,"AN ACT EXTENDING THE PERIOD FOR INDIGENOUS CULTURAL COMMUNITIES/INDIGENOUS PEOPLES TO EXERCISE THE OPTION TO SECURE TITLE TO THEIR ANCESTRAL LANDS UNDER LAND REGISTRATION ACT 496 AND GRANTING A NEW FIVE (5) YEAR PERIOD TO THE NATIONAL COMMISSION ON INDIGENOUS PEOPLES (NCIP) TO TAKE APPROPRIATE LEGAL ACTION FOR THE CANCELLATION OF OFFICIALLY DOCUMENTED TITLES WHICH WERE ILLEGALLY ACQUIRED, AMENDING FOR PURPOSE SECTIONS 12 AND 64 OF REPUBLIC ACT NO. 8371, OTHERWISE KNOWN AS 'THE INDIGENOUS PEOPLES RIGHTS ACT OF 1997","EJERCITO, JOSEPH VICTOR G.","August 29, 2013",NATIONAL,NATIONAL COMMISSION ON INDIGENOUS PEOPLES INDIGENOUS CULTURAL COMMUNITIES ANCESTRAL DOMAIN,CULTURAL COMMUNITIES,PENDING IN THE COMMITTEE
Senate Bill No. 1225,16th Congress (July 2013 - 2016),https://ldr.senate.gov.ph/bills/senate-bill-no-1225-16th-congress-republic,TEACHING OF HUMAN RIGHTS IN PUBLIC AND PRIVATE SCHOOLS,AN ACT REQUIRING THE TEACHING OF HUMAN RIGHTS AS MANDATORY IN ALL PUBLIC AND PRIVATE SCHOOLS,"EJERCITO, JOSEPH VICTOR G.","June 8, 2013",NATIONAL,"HUMAN RIGHTS DEPARTMENT OF EDUCATION, CULTURE AND SPORTS (DEPED) CURRICULUM","EDUCATION, ARTS AND CULTURE",PENDING IN THE COMMITTEE
Senate Bill No. 1289,16th Congress (July 2013 - 2016),https://ldr.senate.gov.ph/bills/senate-bill-no-1289-16th-congress-republic,REVISED PENAL CODE (AMENDING ART. 363 & 364) INCRIMINATING INNOCENT PERSONS,"AN ACT AMENDING ARTICLES 363 AND 364 OF ACT NO. 3815, AS AMENDED, OTHERWISE KNOWN AS THE REVISED PENAL CODE","ESTRADA, JINGGOY E.","August 15, 2013",NATIONAL,REVISED PENAL CODE (R.A. NO. 3815),JUSTICE AND HUMAN RIGHTS,PENDING IN THE COMMITTEE
Senate Bill No. 579,16th Congress (July 2013 - 2016),https://ldr.senate.gov.ph/bills/senate-bill-no-579-16th-congress-republic,VIOLENCE PREVENTION TRAINING FOR EARLY CHILDHOOD EDUCATORS ACT,AN ACT TO PROVIDE TRAINING ON VIOLENCE PREVENTION TO PROFESSIONALS WHO WORK WITH CHILDREN,Miriam Defensor Santiago,"August 7, 2013",NATIONAL,EARLY EDUCATION/EARLY LEARNING PROGRAM violence,"EDUCATION, ARTS AND CULTURE",PENDING IN THE COMMITTEE
Senate Bill No. 572,16th Congress (July 2013 - 2016),https://ldr.senate.gov.ph/bills/senate-bill-no-572-16th-congress-republic,TEACHING STUDENTS TO SAVE LIVES ACT,AN ACT TO INCORPORATE CARDIOPULMONARY RESUSCITATION (CPR) TRAINING IN THE PHYSICAL EDUCATION CURRICULUM OF PUBLIC AND PRIVATE SECONDARY SCHOOLS,Miriam Defensor Santiago,"August 7, 2013",NATIONAL,PHYSICAL EDUCATION (P.E.) STUDENTS,"EDUCATION, ARTS AND CULTURE",PENDING IN THE COMMITTEE
Senate Bill No. 1374,16th Congress (July 2013 - 2016),https://ldr.senate.gov.ph/bills/senate-bill-no-1374-16th-congress-republic,ANTI-POACHING IN PHILIPPINE WATERS,"AN ACT TO AMEND REPUBLIC ACT NO. 8550, OTHERWISE KNOWN AS THE FISHERIES ACT OF 1998 TO STRENGTHEN THE ANTI-POACHING PROVISIONS AND FOR OTHER PURPOSES","ESTRADA, JINGGOY E.","August 28, 2013",NATIONAL,PHILIPPINE FISHERIES CODE (R.A.NO. 8550) ANTI-POACHING,AGRICULTURE AND FOOD,CONSOLIDATED/SUBSTITUTED IN THE COMMITTEE REPORT
Senate Bill No. 1437,16th Congress (July 2013 - 2016),https://ldr.senate.gov.ph/bills/senate-bill-no-1437-16th-congress-republic,"AMENDING ART. 386 OF THE CIVIL CODE RE INCREASING THE ENFORCEABLE AMOUNT TO PHP10,000.00","AN ACT AMENDING ARTICLE 1403 OF REPUBLIC ACT NO. 386, ALSO KNOWN AS THE 'CIVIL CODE OF THE PHILIPPINES'",Miriam Defensor Santiago,"August 29, 2013",NATIONAL,CIVIL CODE OF THE PHILIPPINES,"TRADE, COMMERCE AND ENTREPRENEURSHIP",PENDING IN THE COMMITTEE
Senate Bill No. 269,16th Congress (July 2013 - 2016),https://ldr.senate.gov.ph/bills/senate-bill-no-269-16th-congress-republic,JUNK FOOD BAN ACT OF 2013,AN ACT PROHIBITING THE SALE OF JUNK FOODS FROM PRIMARY AND SECONDARY SCHOOLS,"LAPID, MANUEL ""LITO"" M.","February 7, 2013",NATIONAL,nutrition JUNK FOODS,HEALTH AND DEMOGRAPHY,PENDING IN THE COMMITTEE
Senate Bill No. 363,16th Congress (July 2013 - 2016),https://ldr.senate.gov.ph/bills/senate-bill-no-363-16th-congress-republic,ANTI-CORPORAL PUNISHMENT ACT OF 2013,"AN ACT PROHIBITING ALL CORPORAL PUNISHMENT AND ALL OTHER FORMS OF HUMILIATING OR DEGRADING PUNISHMENT OF CHILDREN AND PROMOTING POSITIVE AND NON-VIOLENT DISCIPLINE OF CHILDREN, APPROPRIATING FUNDS THEREFOR, AND FOR OTHER PURPOSES","ESTRADA, JINGGOY E.","March 7, 2013",NATIONAL,CORPORAL PUNISHMENT CHILDREN/CHILD CARE,"WOMEN, CHILDREN, FAMILY RELATIONS AND GENDER EQUALITY",PENDING IN THE COMMITTEE
Senate Bill No. 1022,16th Congress (July 2013 - 2016),https://ldr.senate.gov.ph/bills/senate-bill-no-1022-16th-congress-republic,ANTI-DISCRIMINATION ACT,AN ACT PROHIBITING DISCRIMINATION ON THE BASIS OF SEXUAL ORIENTATION AND GENDER IDENTITY AND PROVIDING PENALTIES THEREFOR,"REVILLA JR., RAMON BONG","July 22, 2013",NATIONAL,SEXUAL ORIENTATION (LESBIANS AND GAYS) ANTI-DISCRIMINATION GENDER DISCRIMINATION,"LABOR, EMPLOYMENT AND HUMAN RESOURCES DEVELOPMENT",PENDING IN THE COMMITTEE
Senate Bill No. 1053,16th Congress (July 2013 - 2016),https://ldr.senate.gov.ph/bills/senate-bill-no-1053-16th-congress-republic,WOMEN'S WORK PROTECTION ACT,AN ACT GRANTING WOMEN THE RIGHT TO KNOW WORK CONDITIONS AFFECTING THEIR HEALTH,"ESTRADA, JINGGOY E.","July 23, 2013",NATIONAL,WOMEN,"LABOR, EMPLOYMENT AND HUMAN RESOURCES DEVELOPMENT",PENDING IN THE COMMITTEE
Senate Bill No. 1187,16th Congress (July 2013 - 2016),https://ldr.senate.gov.ph/bills/senate-bill-no-1187-16th-congress-republic,TAX INCENTIVES TRANSPARENCY ACT,"AN ACT ESTABLISHING A SYSTEM FOR A TAX INCENTIVES TRANSPARENCY, AND FOR OTHER PURPOSES",Ralph G. Recto,"July 30, 2013",NATIONAL,TAX INCENTIVES,WAYS AND MEANS,CONSOLIDATED/SUBSTITUTED IN THE COMMITTEE REPORT
Senate Bill No. 49,16th Congress (July 2013 - 2016),https://ldr.senate.gov.ph/bills/senate-bill-no-49-16th-congress-republic,LAND TRANSPORT SUPPORT FACILITIES FOR HYGIENE AND CONVENIENCE ACT,"AN ACT PROVIDING FOR THE CONSTRUCTION OF PUBLIC RESTROOMS ALONG NATIONAL AND PROVINCIAL HIGHWAYS THROUGHOUT THE COUNTRY, APPROPRIATING FUNDS THEREFOR AND FOR OTHER PURPOSES.","REVILLA JR., RAMON BONG","January 7, 2013",NATIONAL,PUBLIC RESTROOM,PUBLIC WORKS,PENDING IN THE COMMITTEE
Senate Bill No. 87,16th Congress (July 2013 - 2016),https://ldr.senate.gov.ph/bills/senate-bill-no-87-16th-congress-republic,FREE PROFESSIONAL EXAMINATIONS ACT OF 2013,AN ACT PROVIDING A MECHANISM FOR FREE PROFESSIONAL EXAMINATIONS AND FOR OTHER PURPOSES,"LAPID, MANUEL ""LITO"" M.","January 7, 2013",NATIONAL,PROFESSIONAL LICENSURE EXAMINATIONS,"CIVIL SERVICE, GOVERNMENT REORGANIZATION AND PROFESSIONAL REGULATION",PENDING IN THE COMMITTEE
Senate Bill No. 395,16th Congress (July 2013 - 2016),https://ldr.senate.gov.ph/bills/senate-bill-no-395-16th-congress-republic,BPA IN BABY PRODUCTS PROHIBITION ACT,AN ACT PROHIBITING THE SALE OF BABY FOOD PRODUCTS WITH BPA AND PROVIDING FOR ITS REPLACEMENT WITH THE LEAST TOXIC ALTERNATIVE,Miriam Defensor Santiago,"March 7, 2013",NATIONAL,BISPHENOL A BABY FOOD PRODUCTS,"TRADE, COMMERCE AND ENTREPRENEURSHIP",PENDING IN THE COMMITTEE
Senate Bill No. 440,16th Congress (July 2013 - 2016),https://ldr.senate.gov.ph/bills/senate-bill-no-440-16th-congress-republic,COMMISSION ON HUMAN RIGHTS CHARTER,"AN ACT STRENGTHENING THE FUNCTIONAL AND STRUCTURAL ORGANIZATION OF THE COMMISSION ON HUMAN RIGHTS, AND FOR OTHER PURPOSES","ESCUDERO, FRANCIS G.","April 7, 2013",NATIONAL,COMMISSION ON HUMAN RIGHTS,JUSTICE AND HUMAN RIGHTS,PENDING IN THE COMMITTEE
Senate Bill No. 1813,16th Congress (July 2013 - 2016),https://ldr.senate.gov.ph/bills/senate-bill-no-1813-16th-congress-republic,UNFUNDED MANDATE REFORM ACT,AN ACT CURBING THE PRACTICE OF IMPOSING UNFUNDED MANDATES ON LOCAL GOVERNMENT UNITS,Miriam Defensor Santiago,"March 10, 2013",NATIONAL,LOCAL GOVERNMENT UNITS (LGUs),LOCAL GOVERNMENT,PENDING IN THE COMMITTEE
Senate Bill No. 1257,16th Congress (July 2013 - 2016),https://ldr.senate.gov.ph/bills/senate-bill-no-1257-16th-congress-republic,CRIME OF RAPE,"AN ACT CONSIDERING AS QUALIFYING CIRCUMSTANCE IN CRIME OF RAPE IF THE OFFENDER IS THE ADOPTER, THE FOSTER PARENT, THE LEGAL SPOUSE OF THE ADOPTER OR THE FOSTER PARENT, OR THEIR COMMON-LAW SPOUSE OF THE ADOPTER OR THE FOSTER PARENT, AMENDING FOR THIS PURPOSE ACT 3815, OTHERWISE KNOWN AS THE REVISED PENAL CODE, AS AMENDED","BINAY, MARIA LOURDES NANCY S.","August 8, 2013",NATIONAL,rape REVISED PENAL CODE (R.A. NO. 3815),"WOMEN, CHILDREN, FAMILY RELATIONS AND GENDER EQUALITY",PENDING IN THE COMMITTEE
Senate Bill No. 576,16th Congress (July 2013 - 2016),https://ldr.senate.gov.ph/bills/senate-bill-no-576-16th-congress-republic,WEATHER MODIFICATION INFORMATION ACT,AN ACT REQUIRING INFORMATION ON WEATHER MODIFICATION ACTIVITIES,Miriam Defensor Santiago,"August 7, 2013",NATIONAL,INFORMATION AND COMMUNICATIONS TECHNOLOGY (ICT) WEATHER,SCIENCE AND TECHNOLOGY,PENDING IN THE COMMITTEE
Senate Bill No. 27,16th Congress (July 2013 - 2016),https://ldr.senate.gov.ph/bills/senate-bill-no-27-16th-congress-republic,THE PICTURE-BASED HEALTH WARNING LAW,AN ACT TO EFFECTIVELY INSTILL HEALTH CONSCIOUSNESS THROUGH PICTURE-BASED WARNINGS ON TOBACCO PRODUCTS,"CAYETANO, PIA S.","January 7, 2013",NATIONAL,TOBACCO PRODUCTS/TOBACCO INDUSTRY,HEALTH AND DEMOGRAPHY,APPROVED BY THE PRESIDENT OF THE PHILIPPINES
Senate Bill No. 115,16th Congress (July 2013 - 2016),https://ldr.senate.gov.ph/bills/senate-bill-no-115-16th-congress-republic,TEACHERS EDUCATION ACT OF 2013,"AN ACT MANDATING A CONTINUING EDUCATION FOR TEACHERS IN ALL LEVELS IN PUBLIC AND PRIVATE SCHOOLS AND PROVIDING FUNDS THEREFOR, AND FOR OTHER PURPOSES","Ferdinand ""Bongbong"" R. Marcos, Jr.","January 7, 2013",NATIONAL,TEACHERS,"EDUCATION, ARTS AND CULTURE",PENDING IN THE COMMITTEE
Senate Bill No. 3220,16th Congress (July 2013 - 2016),https://ldr.senate.gov.ph/bills/senate-bill-no-3220-16th-congress-republic,N/A,N/A,N/A,N/A,N/A,N/A,N/A,N/A
