Bill_No,Congress_Name,Bill_URL,Short_Title,Long_Title,Author,Date_Filed,Scope,Subjects,Primary_Committee,Legislative_Status
Senate Bill No. 2187,17th Congress (July 2016 - 2019),https://ldr.senate.gov.ph/bills/senate-bill-no-2187-17th-congress-republic,SAN LORENZO RUIZ WOMEN'S HOSPITAL (MALABON CITY),"AN ACT CONVERTING THE SAN LORENZO RUIZ WOMEN'S HOSPITAL IN MALABON CITY, METRO MANILA INTO A GENERAL HOSPITAL TO BE KNOWN AS THE SAN LORENZO RUIZ GENERAL HOSPITAL, INCREASING ITS BED CAPACITY FROM TEN (10) TO TWO HUNDRED (200 ) BEDS AND APPROPRIATING FUNDS THEREFOR","ZUBIRI, JUAN MIGUEL ""MIGZ"" F.","January 29, 2019",LOCAL,"HOSPITALS, CONVERSION",HEALTH AND DEMOGRAPHY,APPROVED BY THE PRESIDENT OF THE PHILIPPINES
Senate Bill No. 2147,17th Congress (July 2016 - 2019),https://ldr.senate.gov.ph/bills/senate-bill-no-2147-17th-congress-republic,MANDATORY ELECTORAL DEBATES,"AN ACT MAKING ELECTORAL DEBATES MANDATORY, AMENDING FOR THE PURPOSE SECTION 7.3 OF REPUBLIC ACT NO. 9006 OTHERWISE KNOWN AS THE FAIR ELECTION ACT","PIMENTEL, AQUILINO ""KOKO"" III","January 15, 2019",LOCAL,FAIR ELECTIONS ACT (R.A.NO. 9006) ELECTORAL DEBATES ELECTIONS/ELECTORAL REFORMS,ELECTORAL REFORMS AND PEOPLES PARTICIPATION,PENDING IN THE COMMITTEE
Senate Bill No. 2219,17th Congress (July 2016 - 2019),https://ldr.senate.gov.ph/bills/senate-bill-no-2219-17th-congress-republic,PEOPLE'S PARTICIPATION IN THE NATIONAL BUDGET PROCESS ACT OF 2019,"AN ACT INSTITUTIONALIZING THE PARTICIPATION OF CIVIL SOCIETY ORGANIZATIONS (CSOS) IN THE PREPARATION AND AUTHORIZATION PROCESS OF THE ANNUAL NATIONAL BUDGET, PROVIDING EFFECTIVE MECHANISMS THEREFOR, AND FOR OTHER PURPOSES","LACSON, PANFILO M.","April 29, 2019",NATIONAL,PEOPLES PARTICIPATION BUDGET,ELECTORAL REFORMS AND PEOPLES PARTICIPATION,PENDING IN THE COMMITTEE
Senate Bill No. 2231,17th Congress (July 2016 - 2019),https://ldr.senate.gov.ph/bills/senate-bill-no-2231-17th-congress-republic,AL-AMANAH ISLAMIC BANK OF THE PHILIPPINES ACT,AN ACT STRENGTHENING THE AL-AMANAH ISLAMIC BANK,"Paolo Benigno ""Bam"" Aquino IV","May 22, 2019",NATIONAL,ISLAMIC BANKING,"BANKS, FINANCIAL INSTITUTIONS AND CURRENCIES","PENDING SECOND READING, SPECIAL ORDER"
Senate Bill No. 2198,17th Congress (July 2016 - 2019),https://ldr.senate.gov.ph/bills/senate-bill-no-2198-17th-congress-republic,YOUTH SOCIAL WELFARE PROGRAMS/REFORMATION OF CHILDREN IN CONFLICT WITH THE LAW,"AN ACT STRENGTHENING THE YOUTH SOCIAL WELFARE PROGRAMS AND EXTENDING THE SCOPE OF REFORMATION AND REHABILITATION OF CHILDREN IN CONFLICT WITH THE LAW, AMENDING FOR THE PURPOSE REPUBLIC ACT NO. 9344, AS AMENDED, OTHERWISE KNOWN AS THE 'JUVENILE JUSTICE AND WELFARE ACT OF 2006', AND OTHER RELATED LAWS, APPROPRIATING FUNDS THEREFOR, AND FOR OTHER PURPOSES","SOTTO III, VICENTE C.","January 30, 2019",NATIONAL,JUVENILE JUSTICE AND WELFARE ACT (R.A.NO. 9344) Children in Conflict with the Law CRIMINAL RESPONSIBILITY AGE CHILDREN/CHILD CARE Department of Social Welfare and Development (DSWD),JUSTICE AND HUMAN RIGHTS,"PENDING SECOND READING, SPECIAL ORDER"
Senate Bill No. 2157,17th Congress (July 2016 - 2019),https://ldr.senate.gov.ph/bills/senate-bill-no-2157-17th-congress-republic,SENIOR VISION SERVICES ACT,AN ACT ESTABLISHING A NATIONAL SENIOR VISION SERVICES PROGRAM FOR ELDERLY PERSONS WITH FUNCTIONAL VISUAL IMPAIRMENTS,"BINAY, MARIA LOURDES NANCY S.","January 21, 2019",NATIONAL,SENIOR CITIZEN/ELDERLY VISION CARE,"SOCIAL JUSTICE, WELFARE AND RURAL DEVELOPMENT",PENDING IN THE COMMITTEE
Senate Bill No. 2163,17th Congress (July 2016 - 2019),https://ldr.senate.gov.ph/bills/senate-bill-no-2163-17th-congress-republic,EXEMPTING PETROLEUM PRODUCTS FROM VALUE-ADDED TAX,"AN ACT EXEMPTING PETROLEUM PRODUCTS FROM VALUE-ADDED TAX, AMENDING FOR THE PURPOSE SECTION 109 OF THE NATIONAL INTERNAL REVENUE CODE OF 1997, AS AMENDED","PIMENTEL, AQUILINO ""KOKO"" III","January 21, 2019",NATIONAL,TAX EXEMPTION Petroleum products TAXES (VALUE-ADDED TAX / VAT) TAX REFORM FOR ACCELERATION AND INCLUSION ACT (TRAIN),WAYS AND MEANS,PENDING IN THE COMMITTEE
Senate Bill No. 2209,17th Congress (July 2016 - 2019),https://ldr.senate.gov.ph/bills/senate-bill-no-2209-17th-congress-republic,INCREASING THE BED CAPACITY OF BICOL MEDICAL CENTER,"AN ACT INCREASING THE BED CAPACITY OF BICOL MEDICAL CENTER FROM FIVE HUNDRED (500) TO ONE THOUSAND (1000) BEDS, UPGRADING THE SERVICE FACILITIES AND PROFESSIONAL HEALTH CARE THEREIN, AND APPROPRIATING FUNDS THEREFOR","Paolo Benigno ""Bam"" Aquino IV","June 2, 2019",NATIONAL,"HOSPITALS, INCREASE BED CAPACITY",HEALTH AND DEMOGRAPHY,PENDING IN THE COMMITTEE
Senate Bill No. 2177,17th Congress (July 2016 - 2019),https://ldr.senate.gov.ph/bills/senate-bill-no-2177-17th-congress-republic,INCREASING THE EXCISE TAX ON TOBACCO PRODUCTS,"AN ACT INCREASING THE EXCISE TAX ON TOBACCO PRODUCTS AND AMENDING FOR THE PURPOSE SECTION 145 OF REPUBLIC ACT NO. 8424, OTHERWISE KNOWN AS THE 'TAX REFORM ACT OF 1997', AS AMENDED BY REPUBLIC ACT NO. 9334 AND REPUBLIC ACT NO. 10351, AND FOR OTHER PURPOSES.","GATCHALIAN, WIN","January 24, 2019",NATIONAL,TOBACCO PRODUCTS/TOBACCO INDUSTRY TAXES (EXCISE TAX) TAX REFORM ACT,WAYS AND MEANS,CONSOLIDATED/SUBSTITUTED IN THE COMMITTEE REPORT
Senate Bill No. 2188,17th Congress (July 2016 - 2019),https://ldr.senate.gov.ph/bills/senate-bill-no-2188-17th-congress-republic,"MARIANO MARCOS MEMORIAL HOSPITAL (BATAC CITY, ILOCOS NORTE)","AN ACT INCREASING THE BED CAPACITY OF THE MARIANO MARCOS MEMORIAL HOSPITAL AND MEDICAL CENTER (MMMH&MC), BATAC CITY, ILOCOS NORTE FROM TWO HUNDRED (200 ) BEDS TO SEVEN HUNDRED (700 ) BEDS, UPGRADING ITS SERVICES, FACILITIES, AND PROFESSIONAL HEALTH CARE, AUTHORIZING THE INCREASE OF ITS MEDICAL AND NON-MEDICAL PERSONNEL, AND APPROPRIATING FUNDS THEREFOR","PIMENTEL, AQUILINO ""KOKO"" III","January 29, 2019",LOCAL,"HOSPITALS, INCREASE BED CAPACITY",HEALTH AND DEMOGRAPHY,APPROVED BY THE PRESIDENT OF THE PHILIPPINES
Senate Bill No. 2148,17th Congress (July 2016 - 2019),https://ldr.senate.gov.ph/bills/senate-bill-no-2148-17th-congress-republic,MAGNA CARTA FOR BARANGAYS,AN ACT PROVIDING FOR A MAGNA CARTA FOR BARANGAYS,"PIMENTEL, AQUILINO ""KOKO"" III","January 15, 2019",NATIONAL,MAGNA CARTA FOR BARANGAYS BARANGAY OFFICIALS,LOCAL GOVERNMENT,PENDING IN THE COMMITTEE
Senate Bill No. 2220,17th Congress (July 2016 - 2019),https://ldr.senate.gov.ph/bills/senate-bill-no-2220-17th-congress-republic,EXEMPTING ALL VEHICLES FROM PAYING TOLL FEES,"AN ACT EXEMPTING ALL VEHICLES FROM PAYING TOLL FEES ON CERTAIN HOLIDAYS, AMENDING FOR THE PURPOSE PRESIDENTIAL DECREE NO. 1112, AS AMENDED","SOTTO III, VICENTE C.","April 29, 2019",NATIONAL,TOLL FEES Motor Vehicles,PUBLIC SERVICES,PENDING IN THE COMMITTEE
Senate Bill No. 2232,17th Congress (July 2016 - 2019),https://ldr.senate.gov.ph/bills/senate-bill-no-2232-17th-congress-republic,SENIOR HIGH SCHOOL RESERVE OFFICERS TRAINING CORPS (ROTC) ACT,"AN ACT MANDATING THE INSTITUTIONALIZATION, DEVELOPMENT, TRAINING, ORGANIZATION AND ADMINISTRATION OF BASIC RESERVE OFFICERS TRAINING CORPS (ROTC) IN GRADES 11 AND 12 IN PUBLIC AND PRIVATE EDUCATIONAL INSTITUTIONS, FURTHER AMENDING REPUBLIC ACT NO. 7077 , OTHERWISE KNOWN AS THE CITIZEN ARMED FORCE OR ARMED FORCES OF THE PHILIPPINES RESERVIST ACT , AS AMENDED BY REPUBLIC ACT NO. 9163 , OTHERWISE KNOWN AS THE NATIONAL SERVICE TRAINING PROGRAM AND APPROPRIATING FUNDS THEREFOR","PACQUIAO, EMMANUEL ""MANNY"" D.","May 22, 2019",NATIONAL,RESERVE OFFICERS TRAINING CORPS (ROTC) NATIONAL SERVICE TRAINING PROGRAM (NSTP) CITIZEN SERVICE TRAINING COURSE,"EDUCATION, ARTS AND CULTURE","PENDING SECOND READING, SPECIAL ORDER"
Senate Bill No. 2199,17th Congress (July 2016 - 2019),https://ldr.senate.gov.ph/bills/senate-bill-no-2199-17th-congress-republic,SOCIAL WELFARE AND DEVELOPMENT AGENCIES ACT,"AN ACT STRENGTHENING THE REGULATION OF SOCIAL WELFARE AND DEVELOPMENT AGENCIES, AND APPROPRIATING FUNDS THEREFOR","DE LIMA, LEILA M.","January 31, 2019",NATIONAL,SOCIAL WELFARE AND DEVELOPMENT (SWD),"SOCIAL JUSTICE, WELFARE AND RURAL DEVELOPMENT","PENDING SECOND READING, ORDINARY BUSINESS"
Senate Bill No. 2166,17th Congress (July 2016 - 2019),https://ldr.senate.gov.ph/bills/senate-bill-no-2166-17th-congress-republic,NATIONAL COMMISSION ON DISABILITY AFFAIRS ACT OF 2019,"AN ACT CREATING THE NATIONAL COMMISSION ON DISABILITY AFFAIRS, DEFINING ITS POWERS, FUNCTIONS AND RESPONSIBILITIES AND APPROPRIATING FUNDS THEREFOR AND FOR OTHER PURPOSES","DE LIMA, LEILA M.","January 22, 2019",NATIONAL,NATIONAL COMMISSION ON DISABILITY AFFAIRS PERSONS WITH DISABILITIES (PWDS),"SOCIAL JUSTICE, WELFARE AND RURAL DEVELOPMENT",PENDING IN THE COMMITTEE
Senate Bill No. 2164,17th Congress (July 2016 - 2019),https://ldr.senate.gov.ph/bills/senate-bill-no-2164-17th-congress-republic,"AMENDING R.A NO. 6977 (THE MAGNA CARTA FOR MICRO, SMALL AND MEDIUM ENTERPRISES)","AN ACT FURTHER PROMOTING ENTREPRENEURSHIP BY STRENGTHENING, EMPOWERING, AND ENHANCING THE FINANCING PROGRAMS FOR MICRO, SMALL AND MEDIUM ENTERPRISES, AMENDING FOR THE PURPOSE REPUBLIC ACT NO. 6977, AS AMENDED, OTHERWISE KNOWN AS THE ""MAGNA CARTA FOR MICRO, SMALL AND MEDIUM ENTERPRISES (MSMES)"" AND FOR OTHER PURPOSES","PIMENTEL, AQUILINO ""KOKO"" III","January 21, 2019",NATIONAL,"MICRO, SMALL AND MEDIUM ENTERPRISES","TRADE, COMMERCE AND ENTREPRENEURSHIP",PENDING IN THE COMMITTEE
Senate Bill No. 2138,17th Congress (July 2016 - 2019),https://ldr.senate.gov.ph/bills/senate-bill-no-2138-17th-congress-republic,LINGAP PARA KAY LOLO AT LOLA ACT,"AN ACT GRANTING UNIVERSAL SOCIAL PENSION TO ALL SENIOR CITIZENS AGED 65 YEARS OLD AND ABOVE, AMENDING FOR THIS PURPOSE REPUBLIC ACT NO. 7432, AS AMENDED.","HONTIVEROS, RISA","January 14, 2019",NATIONAL,SENIOR CITIZEN/ELDERLY PENSION,"SOCIAL JUSTICE, WELFARE AND RURAL DEVELOPMENT",PENDING IN THE COMMITTEE
Senate Bill No. 2210,17th Congress (July 2016 - 2019),https://ldr.senate.gov.ph/bills/senate-bill-no-2210-17th-congress-republic,MOTORCYCLES-FOR-HIRE ACT,"AN ACT ALLOWING AND REGULATING THE USE OF MOTORCYCLES AS PUBLIC UTILITY VEHICLES, AMENDING FOR THIS PURPOSE REPUBLIC ACT NO. 4136, OTHERWISE KNOWN AS THE LAND TRANSPORTATION AND TRAFFIC CODE, AND FOR OTHER PURPOSE","ANGARA, SONNY","November 2, 2019",NATIONAL,MOTORCYCLE LAND TRANSPORTATION AND TRAFFIC CODE (R.A. NO. 4136) HABAL-HABAL,PUBLIC SERVICES,PENDING IN THE COMMITTEE
Senate Bill No. 2178,17th Congress (July 2016 - 2019),https://ldr.senate.gov.ph/bills/senate-bill-no-2178-17th-congress-republic,SIARGAO ISLAND MEDICAL CENTER ACT OF 2019,"AN ACT CONVERTING THE SIARGAO DISTRICT HOSPITAL IN THE PROVINCE OF SURIGAO DEL NORTE INTO A LEVEL 3 GENERAL HOSPITAL TO BE KNOWN AS THE SIARGAO ISLAND MEDICAL CENTER, AND APPROPRIATING FUNDS THEREFOR","EJERCITO, JOSEPH VICTOR G.","January 28, 2019",LOCAL,"HOSPITALS, CONVERSION",HEALTH AND DEMOGRAPHY,PENDING IN THE COMMITTEE
Senate Bill No. 2189,17th Congress (July 2016 - 2019),https://ldr.senate.gov.ph/bills/senate-bill-no-2189-17th-congress-republic,AMENDING PENAL AND ADMINISTRATIVE PROVISIONS OF R.A. 9184 (THE GOVERNMENT PROCUREMENT REFORM ACT),"AN ACT AMENDING THE PENAL AND ADMINISTRATIVE PROVISIONS OF REPUBLIC ACT NO. 9184, OTHERWISE KNOWN AS 'THE GOVERNMENT PROCUREMENT REFORM ACT,' AND FOR OTHER PURPOSES","PIMENTEL, AQUILINO ""KOKO"" III","January 29, 2019",NATIONAL,Government procurement,FINANCE,PENDING IN THE COMMITTEE
Senate Bill No. 2149,17th Congress (July 2016 - 2019),https://ldr.senate.gov.ph/bills/senate-bill-no-2149-17th-congress-republic,GREEN PACKAGING ACT OF 2019,AN ACT MANDATING THE USE OF SUSTAINABLE PACKAGING OF CONSUMER PRODUCTS,"BINAY, MARIA LOURDES NANCY S.","January 15, 2019",NATIONAL,RECYCLING PACKAGING (BIO-DEGRADABLE MATERIALS) CONSUMER PRODUCTS,ENVIRONMENT AND NATURAL RESOURCES,PENDING IN THE COMMITTEE
Senate Bill No. 2221,17th Congress (July 2016 - 2019),https://ldr.senate.gov.ph/bills/senate-bill-no-2221-17th-congress-republic,MARINDUQUE SPORTS ACADEMY AND TRAINING CENTER,"AN ACT ESTABLISHING THE MARINDUQUE SPORTS ACADEMY AND TRAINING CENTER IN BARANGAY BALIIS, MUNICIPALITY OF STA. CRUZ IN THE PROVINCE OF MARINDUQUE","GATCHALIAN, WIN","September 5, 2019",NATIONAL,SPORTS ACADEMY,SPORTS,PENDING IN THE COMMITTEE
Senate Bill No. 2229,17th Congress (July 2016 - 2019),https://ldr.senate.gov.ph/bills/senate-bill-no-2229-17th-congress-republic,"PHILIPPINE DAY OF REMEMBRANCE FOR ROAD CRASH VICTIMS, SURVIVORS AND FAMILIES","AN ACT DESIGNATING THE THIRD SUNDAY OF NOVEMBER AS THE PHILIPPINE DAY OF REMEMBRANCE FOR ROAD CRASH VICTIMS, SURVIVORS AND FAMILIES",Ralph G. Recto,"May 22, 2019",NATIONAL,ROAD CRASH VICTIMS ROAD TRAFFIC VICTIMS,PUBLIC SERVICES,PENDING IN THE COMMITTEE
Senate Bill No. 2200,17th Congress (July 2016 - 2019),https://ldr.senate.gov.ph/bills/senate-bill-no-2200-17th-congress-republic,EMERGENCY VOLUNTEER PROTECTION ACT OF 2019,AN ACT ENCOURAGING VOLUNTEERISM DURING EMERGENCIES BY PROTECTING VOLUNTEERS FROM LIABILITY,"EJERCITO, JOSEPH VICTOR G.","January 31, 2019",NATIONAL,volunteers,"SOCIAL JUSTICE, WELFARE AND RURAL DEVELOPMENT","PENDING SECOND READING, ORDINARY BUSINESS"
Senate Bill No. 2167,17th Congress (July 2016 - 2019),https://ldr.senate.gov.ph/bills/senate-bill-no-2167-17th-congress-republic,PHILIPPINE GENETIC RESOURCES ACCESS AND BENEFIT-SHARING ACT (PGRABS) ACT,"AN ACT STRENGTHENING THE NATIONAL POLICY ON WEALTH GENERATION FROM ACCESS, BENEFIT-SHARING FROM THE UTILIZATION OF PHILIPPINE GENETIC RESOURCES AND FOR OTHER PURPOSES","Paolo Benigno ""Bam"" Aquino IV","January 22, 2019",NATIONAL,PHILIPPINE GENETIC RESOURCES,SCIENCE AND TECHNOLOGY,PENDING IN THE COMMITTEE
Senate Bill No. 2165,17th Congress (July 2016 - 2019),https://ldr.senate.gov.ph/bills/senate-bill-no-2165-17th-congress-republic,ORGAN AND TISSUE DONATION ACT OF 2019,"AN ACT PROVIDING FOR AN OPT-OUT SYSTEM OF ORGAN AND TISSUE DONATION, PROMOTING THE RIGHT TO HEALTH, PROVIDING PENALTIES THEREFOR, AND FOR OTHER PURPOSES.","GORDON, RICHARD J.","January 21, 2019",NATIONAL,ORGAN DONATION HUMAN ORGANS,HEALTH AND DEMOGRAPHY,"PENDING SECOND READING, SPECIAL ORDER"
Senate Bill No. 2139,17th Congress (July 2016 - 2019),https://ldr.senate.gov.ph/bills/senate-bill-no-2139-17th-congress-republic,AN ACT REORGANIZING COMELEC OFFICES,AN ACT REORGANIZING THE OFFICES OF THE COMMISSION ON ELECTIONS (COMELEC),"Paolo Benigno ""Bam"" Aquino IV","January 14, 2019",NATIONAL,COMMISSION ON ELECTION (COMELEC) REORGANIZATION,"CIVIL SERVICE, GOVERNMENT REORGANIZATION AND PROFESSIONAL REGULATION",PENDING IN THE COMMITTEE
Senate Bill No. 2211,17th Congress (July 2016 - 2019),https://ldr.senate.gov.ph/bills/senate-bill-no-2211-17th-congress-republic,MODERNIZED NATIONAL MEASUREMENT SYSTEM ACT,"AN ACT MODERNIZING THE NATIONAL MEASUREMENT SYSTEM (NMS) OF THE PHILIPPINES, CREATNG FOR THIS PURPOSE THE NATIONAL MEASUREMENT INSTITUTE OF THE PHILIPINES, APPROPRIATING FUNDS THEREFOR AND FOR OTHER PURPOSES","SOTTO III, VICENTE C.","November 2, 2019",NATIONAL,NATIONAL MEASUREMENT SYSTEM,SCIENCE AND TECHNOLOGY,PENDING IN THE COMMITTEE
Senate Bill No. 2179,17th Congress (July 2016 - 2019),https://ldr.senate.gov.ph/bills/senate-bill-no-2179-17th-congress-republic,INCREASING THE BED CAPACITY OF JOSE B. LINGAD MEMORIAL GENERAL HOSPITAL,"AN ACT INCREASING THE BED CAPACITY OF JOSE B. LINGAD MEMORIAL GENERAL HOSPITAL IN SAN FERNANDO, PAMPANGA FROM FIVE HUNDRED (500) TO ONE THOUSAND (1000), UPGRADING ITS SERVICES AND FACILITIES AND PROFESSIONAL HEALTH CARE, AUTHORIZING THE INCREASE OF ITS MEDICAL PERSONNEL AND APPROPRIATING FUNDS THEREFOR","EJERCITO, JOSEPH VICTOR G.","January 28, 2019",LOCAL,"HOSPITALS, INCREASE BED CAPACITY",RULES,CONSOLIDATED/SUBSTITUTED IN THE COMMITTEE REPORT
Senate Bill No. 2190,17th Congress (July 2016 - 2019),https://ldr.senate.gov.ph/bills/senate-bill-no-2190-17th-congress-republic,AMENDING SECTION 285 OF R A. NO. 7160 (THE LOCAL GOVERNMENT CODE OF 1991),"AN ACT AMENDING SECTION 285 OF REPUBLIC ACT NO. 7160, OTHERWISE KNOWN AS THE LOCAL GOVERNMENT CODE OF 1991, TO ALLOW BARANGAYS CREATED BY LOCAL GOVERNMENT UNITS THAT HAVE EXISTED FOR AT LEAST TEN (10) YEARS TO RECEIVE THEIR JUST SHARE IN THE INTERNAL REVENUE ALLOTMENT","PIMENTEL, AQUILINO ""KOKO"" III","January 29, 2019",NATIONAL,BARANGAYS INTERNAL REVENUE ALLOTMENT (LOCAL GOVERNMENT UNITS) LOCAL GOVERNMENT CODE (R.A. NO. 7160) LOCAL GOVERNMENT UNITS (LGUs),LOCAL GOVERNMENT,PENDING IN THE COMMITTEE
Senate Bill No. 2150,17th Congress (July 2016 - 2019),https://ldr.senate.gov.ph/bills/senate-bill-no-2150-17th-congress-republic,PALLIATIVE AND HOSPICE CARE ACT,AN ACT INTEGRATING PALLIATIVE AND HOSPICE CARE INTO THE PHILIPPINE HEALTH CARE SYSTEM,"BINAY, MARIA LOURDES NANCY S.","January 15, 2019",NATIONAL,PALLIATIVE CARE HEALTH CARE DELIVERY SYSTEM,HEALTH AND DEMOGRAPHY,PENDING IN THE COMMITTEE
Senate Bill No. 2222,17th Congress (July 2016 - 2019),https://ldr.senate.gov.ph/bills/senate-bill-no-2222-17th-congress-republic,ENERGY CONSUMER ADVOCATE ACT,"AN ACT CREATING THE ENERGY CONSUMER ADVOCATE OFFICE, PROVIDING FUNDS THEREFOR, AND FOR OTHER PURPOSES","GATCHALIAN, WIN","May 14, 2019",NATIONAL,ENERGY CONSUMER ADVOCATE OFFICE,"TRADE, COMMERCE AND ENTREPRENEURSHIP",PENDING IN THE COMMITTEE
Senate Bill No. 2230,17th Congress (July 2016 - 2019),https://ldr.senate.gov.ph/bills/senate-bill-no-2230-17th-congress-republic,"PHILIPPINE DAY OF REMEMBRANCE FOR ROAD CRASH VICTIMS, SURVIVORS AND FAMILIES","AN ACT DESIGNATING THE 3RD SUNDAY OF NOVEMBER ANNUALLY AS THE PHILIPPINE DAY OF REMEMBRANCE FOR ROAD CRASH VICTIMS, SURVIVORS AND FAMILIES","EJERCITO, JOSEPH VICTOR G.","May 22, 2019",NATIONAL,ROAD CRASH VICTIMS ROAD TRAFFIC VICTIMS,PUBLIC SERVICES,PENDING IN THE COMMITTEE
Senate Bill No. 2203,17th Congress (July 2016 - 2019),https://ldr.senate.gov.ph/bills/senate-bill-no-2203-17th-congress-republic,ORGANIC FARMING AND OTHER SUSTAINABLE AGRICULTURE,AN ACT AMENDING REPUBLIC ACT NO. 10068 OR THE ORGANIC AGRICULTURE ACT OF 2010,"POE, GRACE","April 2, 2019",NATIONAL,ORGANIC AGRICULTURE/ORGANIC FARMING,AGRICULTURE AND FOOD,"PENDING SECOND READING, SPECIAL ORDER"
Senate Bill No. 2169,17th Congress (July 2016 - 2019),https://ldr.senate.gov.ph/bills/senate-bill-no-2169-17th-congress-republic,GREATER BAGUIO-BENGUET DEVELOPMENT AUTHORITY ACT OF 2019,"AN ACT CREATING THE GREATER BAGUIO-BENGUET DEVELOPMENT AUTHORITY, DEFINING ITS POWERS AND FUNCTIONS, PROVIDING FUNDS THEREFOR",Ralph G. Recto,"January 22, 2019",NATIONAL,GREATER BAGUIO-BENGUET DEVELOPMENT AUTHORITY,GOVERNMENT CORPORATIONS AND PUBLIC ENTERPRISES,"PENDING SECOND READING, SPECIAL ORDER"
Senate Bill No. 2168,17th Congress (July 2016 - 2019),https://ldr.senate.gov.ph/bills/senate-bill-no-2168-17th-congress-republic,CHARTER OF THE DAVAO INTERNATIONAL AIRPORT AUTHORITY,"AN ACT CREATING THE DAVAO INTERNATIONAL AIRPORT AUTHORITY, TRANSFERRING EXISTING ASSETS OF FRANCISCO BANGOY INTERNATIONAL AIRPORT TO THE AUTHORITY, VESTING THE AUTHORITY WITH POWER TO ADMINISTER AND OPERATE THE FRANCISCO BANGOY INTERNATIONAL AIRPORT AND APPROPRIATING FUNDS THEREFOR","ZUBIRI, JUAN MIGUEL ""MIGZ"" F.","January 22, 2019",NATIONAL,DAVAO INTERNATIONAL AIRPORT AUTHORITY AIRPORT,GOVERNMENT CORPORATIONS AND PUBLIC ENTERPRISES,APPROVED BY THE PRESIDENT OF THE PHILIPPINES
Senate Bill No. 2142,17th Congress (July 2016 - 2019),https://ldr.senate.gov.ph/bills/senate-bill-no-2142-17th-congress-republic,INCREASING THE MONTHLY SOCIAL PENSION OF SENIOR CITIZENS,"AN ACT INCREASING THE MONTHLY SOCIAL PENSION OF SENIOR CITIZENS AND EXPANDING THE COVERAGE THEREOF, AMENDING FOR THE PURPOSE SECTIONS 2 AND 5 OF REPUBLIC ACT NO. 7432, AS AMENDED BY REPUBLIC ACT NO. 9257, FURTHER AMENDED BY REPUBLIC ACT NO. 9994, OTHERWISE KNOWN AS THE EXPANDED SENIOR CITIZENS ACT OF 2010.","Paolo Benigno ""Bam"" Aquino IV","January 14, 2019",NATIONAL,SENIOR CITIZENS PENSION,"SOCIAL JUSTICE, WELFARE AND RURAL DEVELOPMENT",PENDING IN THE COMMITTEE
Senate Bill No. 2212,17th Congress (July 2016 - 2019),https://ldr.senate.gov.ph/bills/senate-bill-no-2212-17th-congress-republic,INCREASING THE MONTHLY SOCIAL PENSION OF SENIOR CITIZENS,"AN ACT INCREASING THE MONTHLY SOCIAL PENSION OF SENIOR CITIZENS AND EXPANDING THE COVERAGE THEREOF, AMENDING FOR THE PURPOSE SECTIONS 2 AND 5 OF REPUBLIC ACT NO. 7432, AS AMENDED BY REPUBLIC ACT NO. 9257, FURTHER AMENDED BY REPUBLIC ACT NO. 9994, OTHERWISE KNOWN AS THE 'EXPANDED SENIOR CITIZENS ACT OF 2010'","Paolo Benigno ""Bam"" Aquino IV","February 18, 2019",NATIONAL,SENIOR CITIZENS,"SOCIAL JUSTICE, WELFARE AND RURAL DEVELOPMENT",PENDING IN THE COMMITTEE
Senate Bill No. 2180,17th Congress (July 2016 - 2019),https://ldr.senate.gov.ph/bills/senate-bill-no-2180-17th-congress-republic,PUBLIC UTILITY MOTORCYCLES ACT OF 2019,"AN ACT ALLOWING THE USE OF MOTORCYCLES AS PUBLIC UTILITY VEHICLES, AMENDING FOR THE PURPOSE REPUBLIC ACT NO. 4136 OR THE LAND TRANSPORTATION AND TRAFFIC CODE","EJERCITO, JOSEPH VICTOR G.","January 28, 2019",NATIONAL,MOTORCYCLE PUBLIC UTILITY VEHICLES LAND TRANSPORTATION AND TRAFFIC CODE (R.A. NO. 4136) HABAL-HABAL,PUBLIC SERVICES,PENDING IN THE COMMITTEE
Senate Bill No. 2191,17th Congress (July 2016 - 2019),https://ldr.senate.gov.ph/bills/senate-bill-no-2191-17th-congress-republic,TOBACCO PLAIN PACKAGING ACT,AN ACT REQUIRING THE USE OF PLAIN PACKAGING FOR ALL TOBACCO PRODUCTS,"PIMENTEL, AQUILINO ""KOKO"" III","January 29, 2019",NATIONAL,TOBACCO PRODUCTS/TOBACCO INDUSTRY PACKAGING (BIO-DEGRADABLE MATERIALS),"TRADE, COMMERCE AND ENTREPRENEURSHIP",PENDING IN THE COMMITTEE
Senate Bill No. 2151,17th Congress (July 2016 - 2019),https://ldr.senate.gov.ph/bills/senate-bill-no-2151-17th-congress-republic,SAFE BOTTLED WATER ACT,AN ACT REGULATING THE QUALITY STANDARDS OF BOTTLED WATER,"BINAY, MARIA LOURDES NANCY S.","January 15, 2019",NATIONAL,BOTTLED WATER WATER REGULATION,HEALTH AND DEMOGRAPHY,PENDING IN THE COMMITTEE
Senate Bill No. 2223,17th Congress (July 2016 - 2019),https://ldr.senate.gov.ph/bills/senate-bill-no-2223-17th-congress-republic,AMENDING REPUBLIC ACT NO. 8182 (OFFICIAL DEVELOPMENT ASSISTANCE),"AN ACT FURTHER AMENDING REPUBLIC ACT NO. 8182, AS AMENDED BY REPUBLIC ACT NO. 8555, AND FOR OTHER PURPOSES","GATCHALIAN, WIN","May 15, 2019",NATIONAL,OFFICIAL DEVELOPMENT ASSISTANCE (ODA),ECONOMIC AFFAIRS,PENDING IN THE COMMITTEE
Senate Bill No. 2233,17th Congress (July 2016 - 2019),https://ldr.senate.gov.ph/bills/senate-bill-no-2233-17th-congress-republic,EXCISE TAX INCREASE ON TOBACCO PRODUCTS,"AN ACT INCREASING THE EXCISE TAX ON TOBACCO PRODUCTS, THE PENALTIES FOR VIOLATIONS OF PROVISIONS ON ARTICLES SUBJECT TO EXCISE TAX, AND EARMARKING INCREMENTAL TOBACCO EXCISE TAX FOR HUMAN RESOURCE DEVELOPMENT PROGRAMS FOR HEALTH PROFESSIONALS, AMENDING FOR THIS PURPOSE SECTIONS 145, 164, 260, 262, 263, 265 AND 288(C) OF THE NATIONAL INTERNAL REVENUE CODE OF 1997, AS AMENDED BY REPUBLIC ACT NO. 10963, AND FOR OTHER PURPOSES","PACQUIAO, EMMANUEL ""MANNY"" D.","May 27, 2019",NATIONAL,TAXES (EXCISE TAX) TOBACCO PRODUCTS/TOBACCO INDUSTRY NATIONAL INTERNAL REVENUE CODE (NIRC),WAYS AND MEANS,CONSOLIDATED WITH APPROVED BILL
Senate Bill No. 2201,17th Congress (July 2016 - 2019),https://ldr.senate.gov.ph/bills/senate-bill-no-2201-17th-congress-republic,WEST PHILIPPINE SEA VICTORY DAY,AN ACT DECLARING JULY 12 OF EVERY YEAR AS A SPECIAL WORKING HOLIDAY IN THE ENTIRE COUNTRY TO COMMEMORATE THE HISTORIC DECISION OF THE PERMANENT COURT OF ARBITRATION (PCA) IN FAVOR OF PHILIPPINE SOVEREIGNTY OVER THE WEST PHILIPPINE SEA,"DE LIMA, LEILA M.","April 2, 2019",NATIONAL,WEST PHILIPPINE SEA,FOREIGN RELATIONS,PENDING IN THE COMMITTEE
Senate Bill No. 2170,17th Congress (July 2016 - 2019),https://ldr.senate.gov.ph/bills/senate-bill-no-2170-17th-congress-republic,BPA IN CHILD CARE ARTICLES PROHIBITION ACT,"AN ACT PROHIBITING THE USE OF BPA IN BABY FOOD PACKAGING, CONTAINERS, AND OTHER CHILD CARE ARTICLES, PROVIDING FOR ITS REPLACEMENT WITH SAFER ALTERNATIVES","BINAY, MARIA LOURDES NANCY S.","January 23, 2019",NATIONAL,BISPHENOL A BABY FOOD PRODUCTS INFANT/TODDLER PRODUCT,"TRADE, COMMERCE AND ENTREPRENEURSHIP","PENDING SECOND READING, ORDINARY BUSINESS"
Senate Bill No. 2140,17th Congress (July 2016 - 2019),https://ldr.senate.gov.ph/bills/senate-bill-no-2140-17th-congress-republic,PROVIDING COMPENSATION TO SANGGUNIANG KABATAAN OFFICIALS,"AN ACT PROVIDING COMPENSATION TO SANGGUNIANG KABATAAN OFFICIALS FURTHER AMENDING REPUBLIC ACT 10742, ENTITLED ""SANGGUNIANG KABATAAN REFORM ACT OF 2015""","Paolo Benigno ""Bam"" Aquino IV","January 14, 2019",NATIONAL,SANGGUNIANG KABATAAN (SK),LOCAL GOVERNMENT,PENDING IN THE COMMITTEE
Senate Bill No. 2213,17th Congress (July 2016 - 2019),https://ldr.senate.gov.ph/bills/senate-bill-no-2213-17th-congress-republic,AMENDING SECTION 58 OF R.A.NO. 8551 (THE PHILIPPINE NATIONAL POLICE REFORM AND REORGANIZATION ACT),"AN ACT AMENDING SECTION 58 OF REPUBLIC ACT NO. 8551, OTHERWISE KNOWN AS THE 'THE PHILIPPINE NATIONAL POLICE REFORM AND REORGANIZATION ACT OF 1998', APPROPRIATING FUNDS THEREFOR AND FOR OTHER PURPOSES","DE LIMA, LEILA M.","July 3, 2019",NATIONAL,PHILIPPINE NATIONAL POLICE (PNP) REORGANIZATION,PUBLIC ORDER AND DANGEROUS DRUGS,PENDING IN THE COMMITTEE
Senate Bill No. 2181,17th Congress (July 2016 - 2019),https://ldr.senate.gov.ph/bills/senate-bill-no-2181-17th-congress-republic,MAKING THE POSITION OF A COOPERATIVES OFFICER MANDATORY,"AN ACT MAKING THE POSITION OF A COOPERATIVES OFFICER MANDATORY IN THE MUNICIPAL, CITY AND PROVINCIAL LEVELS, AMENDING FOR THE PURPOSE REPUBLIC ACT NO. 7160, OTHERWISE KNOWN AS THE 'LOCAL GOVERNMENT CODE OF 1991'","ZUBIRI, JUAN MIGUEL ""MIGZ"" F.","January 28, 2019",NATIONAL,COOPERATIVES OFFICER LOCAL GOVERNMENT CODE (R.A. NO. 7160),LOCAL GOVERNMENT,PENDING IN THE COMMITTEE
Senate Bill No. 2192,17th Congress (July 2016 - 2019),https://ldr.senate.gov.ph/bills/senate-bill-no-2192-17th-congress-republic,PROTECTING CHILDREN FROM TRAVELLING SEX OFFENDERS,AN ACT PROTECTING CHILDREN FROM TRAVELLING SEX OFFENDERS AND FOR OTHER PURPOSES,"PIMENTEL, AQUILINO ""KOKO"" III","January 29, 2019",NATIONAL,CHILDREN/CHILD CARE SEX OFFENDERS,"WOMEN, CHILDREN, FAMILY RELATIONS AND GENDER EQUALITY",PENDING IN THE COMMITTEE
Senate Bill No. 2159,17th Congress (July 2016 - 2019),https://ldr.senate.gov.ph/bills/senate-bill-no-2159-17th-congress-republic,NATIONAL COMMISSION OF SENIOR CITIZENS ACT,"AN ACT CREATING THE NATIONAL COMMISSION OF SENIOR CITIZENS, PROVIDING FOR ITS FUNCTIONS, ABOLISHING THE NATIONAL COORDINATING COUNCIL AND MONITORING BOARD, AMENDING FOR THE PURPOSE REPUBLIC ACT NO. 7432, AS AMENDED, AND APPROPRIATING FUNDS THEREFOR","AQUINO IV, PAOLO BENIGNO ""BAM""","January 21, 2019",NATIONAL,SENIOR CITIZENS NATIONAL COORDINATING COUNCIL AND MONITORING BOARD ABOLITION,"SOCIAL JUSTICE, WELFARE AND RURAL DEVELOPMENT",CONSOLIDATED WITH APPROVED BILL
Senate Bill No. 2194,17th Congress (July 2016 - 2019),https://ldr.senate.gov.ph/bills/senate-bill-no-2194-17th-congress-republic,PROTECTING CONSUMERS AND USERS AGAINST FORCED E-BILLING,"AN ACT PROTECTING CONSUMERS AND USERS AGAINST FORCED E-BILLING, ADDING FOR THIS PURPOSE A NEW PROVISION AND AMENDING CERTAIN PROVISIONS OF REPUBLIC ACT NO. 7394, OTHERWISE KNOWN AS THE CONSUMER ACT OF THE PHILIPPINES, AND PROVIDING PENALTIES FOR VIOLATIONS THEREOF","DE LIMA, LEILA M.","January 30, 2019",NATIONAL,E-BILLING CONSUMER PROTECTION CONSUMER ACT (R.A.NO. 7394),"TRADE, COMMERCE AND ENTREPRENEURSHIP",PENDING IN THE COMMITTEE
Senate Bill No. 2207,17th Congress (July 2016 - 2019),https://ldr.senate.gov.ph/bills/senate-bill-no-2207-17th-congress-republic,BASES CONVERSION DEVELOPMENT,"AN ACT REVITALIZING THE BASES CONVERSION DEVELOPMENT, AMENDING FOR THE PURPOSE REPUBLIC ACT NO. 7227, OTHERWISE KNOWN AS THE BASES CONVERSION AND DEVELOPMENT ACT OF 1992, AS AMENDED","AQUINO IV, PAOLO BENIGNO ""BAM""","April 2, 2019",NATIONAL,BASES CONVERSION AND DEVELOPMENT ACT OF 1991 (R.A. NO. 7227) SUBIC BAY METROPOLITAN AUTHORITY (SBMA),GOVERNMENT CORPORATIONS AND PUBLIC ENTERPRISES,"PENDING SECOND READING, SPECIAL ORDER"
Senate Bill No. 2173,17th Congress (July 2016 - 2019),https://ldr.senate.gov.ph/bills/senate-bill-no-2173-17th-congress-republic,USE OF MOTORCYCLES AS PUBLIC UTILITY VEHICLES,"AN ACT ALLOWING THE USE OF MOTORCYCLES AS PUBLIC UTILITY VEHICLES, AMENDING FOR THE PURPOSE REPUBLIC ACT NO. 4136, OTHERWISE KNOWN AS THE 'LAND TRANSPORTATION AND TRAFFIC CODE",Ralph G. Recto,"January 23, 2019",NATIONAL,MOTORCYCLE LAND TRANSPORTATION AND TRAFFIC CODE (R.A. NO. 4136) PUBLIC UTILITY VEHICLES HABAL-HABAL,PUBLIC SERVICES,PENDING IN THE COMMITTEE
Senate Bill No. 2144,17th Congress (July 2016 - 2019),https://ldr.senate.gov.ph/bills/senate-bill-no-2144-17th-congress-republic,SOLID WASTE IMPORTATION BAN,AN ACT BANNING THE IMPORTATION OF SOLID WASTE,"PIMENTEL, AQUILINO ""KOKO"" III","January 14, 2019",NATIONAL,SOLID WASTE DUMPING,ENVIRONMENT AND NATURAL RESOURCES,PENDING IN THE COMMITTEE
Senate Bill No. 2216,17th Congress (July 2016 - 2019),https://ldr.senate.gov.ph/bills/senate-bill-no-2216-17th-congress-republic,"DEPARTMENT OF WATER, IRRIGATION, SEWAGE, AND SANITATION RESOURCE MANAGEMENT ACT","AN ACT CREATING THE DEPARTMENT OF WATER, IRRIGATION, SEWAGE AND SANITATION RESOURCE MANAGEMENT, DEFINING ITS POWERS AND FUNCTIONS, APPROPRIATING FUNDS THEREFOR, AND FOR OTHER PURPOSES","Paolo Benigno ""Bam"" Aquino IV","March 18, 2019",NATIONAL,WATER RESOURCES MANAGEMENT IRRIGATION SANITATION,PUBLIC SERVICES,PENDING IN THE COMMITTEE
Senate Bill No. 2186,17th Congress (July 2016 - 2019),https://ldr.senate.gov.ph/bills/senate-bill-no-2186-17th-congress-republic,MANDATORY REPORTING OF NOTIFIABLE DISEASES AND HEALTH EVENTS OF PUBLIC HEALTH CONCERN ACT,"AN ACT PROVIDING POLICIES AND PRESCRIBING PROCEDURES ON SURVEILLANCE AND RESPONSE TO NOTIFIABLE DISEASES, EPIDEMICS, AND HEALTH EVENTS OF PUBLIC HEALTH CONCERN, AND APPROPRIATING FUNDS THEREFOR, REPEALING FOR THE PURPOSE ACT NO. 3573, OTHERWISE KNOWN AS THE ""LAW ON REPORTING OF COMMUNICABLE DISEASES""","EJERCITO, JOSEPH VICTOR G.","January 29, 2019",NATIONAL,COMMUNICABLE DISEASES DEPARTMENT OF HEALTH (DOH),HEALTH AND DEMOGRAPHY,APPROVED BY THE PRESIDENT OF THE PHILIPPINES
Senate Bill No. 2154,17th Congress (July 2016 - 2019),https://ldr.senate.gov.ph/bills/senate-bill-no-2154-17th-congress-republic,FREEPORT AREA OF QUIRINO (FAQ) ACT,"AN ACT ESTABLISHING A SPECIAL ECONOMIC ZONE AND FREEPORT IN THE AREA ENCOMPASSING THE BARANGAYS OF DUMABEL, SAN LEONARDO, PINARIPAD NORTE, PALACIAN, LIGAYA, VILLA VENTURA, DIODOL AND PINARIPAD SUR, ALL LOCATED IN THE MUNICIPALITY OF AGLIPAY, PROVINCE OF QUIRINO, CREATING FOR THIS PURPOSE THE AUTHORITY OF THE FREEPORT AREA OF QUIRINO (AFAQ), AND APPROPRIATING FUNDS THEREFOR","ZUBIRI, JUAN MIGUEL ""MIGZ"" F.","January 16, 2019",NATIONAL,FREEPORT AREA OF QUIRINO (FAQ),ECONOMIC AFFAIRS,PENDING IN THE COMMITTEE
Senate Bill No. 2227,17th Congress (July 2016 - 2019),https://ldr.senate.gov.ph/bills/senate-bill-no-2227-17th-congress-republic,"AMENDING SEC. 2, RA 7042 (FOREIGN INVESTMENTS ACT)","AN ACT AMENDING REPUBLIC ACT NO. 7042, OTHERWISE KNOWN AS THE FOREIGN INVESTMENTS ACT OF 1991, AS AMENDED BY REPUBLIC ACT NO. 8179, AND FOR OTHER PURPOSES","GATCHALIAN, WIN","May 21, 2019",NATIONAL,Foreign investments,ECONOMIC AFFAIRS,"PENDING SECOND READING, SPECIAL ORDER"
Senate Bill No. 2160,17th Congress (July 2016 - 2019),https://ldr.senate.gov.ph/bills/senate-bill-no-2160-17th-congress-republic,PROHIBITING THE WITHHOLDING OF MUSLIM CADAVERS IN THE CUSTODY OF HOSPITALS/FUNERAL HOMES,"AN ACT PROHIBITING THE WITHHOLDING OF MUSLIM CADAVERS IN THE CUSTODY OF ANY HOSPITAL, MEDICAL CLINIC, FUNERAL PARLOR, MORGUE, OR SIMILAR FACILITIES ON GROUNDS OF NONPAYMENT OF HOSPITAL BILLS, MEDICAL EXPENSES, OR OTHER FEES, PROVIDING PENALTIES THEREFOR, AND FOR OTHER PURPOSES","PIMENTEL, AQUILINO ""KOKO"" III","January 21, 2019",NATIONAL,CADAVERS/DECEASED PERSONS MUSLIM HOSPITALS FUNERAL HOMES,HEALTH AND DEMOGRAPHY,PENDING IN THE COMMITTEE
Senate Bill No. 2195,17th Congress (July 2016 - 2019),https://ldr.senate.gov.ph/bills/senate-bill-no-2195-17th-congress-republic,COMMUNITY SERVICE ACT,"AN ACT AUTHORIZING THE COURT TO REQUIRE COMMUNITY SERVICE IN LIEU OF IMPRISONMENT FOR THE PENALTIES OF ARRESTO MENOR AND ARRESTO MAYOR, AMENDING FOR THE PURPOSE CHAPTER 5, TITLE 3, BOOK I OF ACT NO. 3815, AS AMENDED, OTHERWISE KNOWN AS THE REVISED PENAL CODE",Antonio F. Trillanes IV,"January 30, 2019",NATIONAL,COMMUNITY WORK/COMMUNITY SERVICE REVISED PENAL CODE (R.A. NO. 3815),JUSTICE AND HUMAN RIGHTS,APPROVED BY THE PRESIDENT OF THE PHILIPPINES
Senate Bill No. 2205,17th Congress (July 2016 - 2019),https://ldr.senate.gov.ph/bills/senate-bill-no-2205-17th-congress-republic,RATIONALIZATION OF WAGE LEVELS ON A NATIONAL OF INDUSTRIAL BASIS,"AN ACT AMENDING PRESIDENTIAL DECREE NO. 442, AS AMENDED, OTHERWISE KNOWN AS THE LABOR CODE OF THE PHILIPPINES, AND PROVIDING FOR THE RATIONALIZATION OF WAGE LEVELS ON A NATIONAL OF INDUSTRIAL BASIS","EJERCITO, JOSEPH VICTOR G.","April 2, 2019",NATIONAL,WAGE RATIONALIZATION/WAGE RATIONALIZATION ACT (R.A.NO. 6727) LABOR CODE OF THE PHILIPPINES (P.D. NO. 442),"LABOR, EMPLOYMENT AND HUMAN RESOURCES DEVELOPMENT",PENDING IN THE COMMITTEE
Senate Bill No. 2174,17th Congress (July 2016 - 2019),https://ldr.senate.gov.ph/bills/senate-bill-no-2174-17th-congress-republic,SAFE PUBLIC INDOOR PLAY AREA ACT,AN ACT ESTABLISHING SAFETY AND CLEANLINESS STANDARDS FOR PUBLIC INDOOR PLAY AREAS,"BINAY, MARIA LOURDES NANCY S.","January 23, 2019",NATIONAL,SAFE PUBLIC INDOOR PLAY AREA,HEALTH AND DEMOGRAPHY,PENDING IN THE COMMITTEE
Senate Bill No. 2145,17th Congress (July 2016 - 2019),https://ldr.senate.gov.ph/bills/senate-bill-no-2145-17th-congress-republic,VISUALLY-IMPAIRED FRIENDLY ATM ACT,AN ACT EXTENDING THE SERVICES OF AUTOMATED TELLER MACHINES TO VISUALLY-IMPAIRED INDIVIDUALS,"BINAY, MARIA LOURDES NANCY S.","January 14, 2019",NATIONAL,AUTOMATED TELLER MACHINES (ATM) BANKING INDUSTRY BLIND PERSONS,"BANKS, FINANCIAL INSTITUTIONS AND CURRENCIES",PENDING IN THE COMMITTEE
Senate Bill No. 2217,17th Congress (July 2016 - 2019),https://ldr.senate.gov.ph/bills/senate-bill-no-2217-17th-congress-republic,RENAMING THE VETERANS MEMORIAL MEDICAL CENTER (VMMC),"AN ACT RENAMING THE VETERANS MEMORIAL MEDICAL (VMMC) CENTER LOCATED IN DILIMAN, QUEZON CITY TO VETERANS MEDICAL CENTER (VMC)",Gregorio B. Honasan II,"March 28, 2019",NATIONAL,VETERANS MEMORIAL MEDICAL CENTER (VMMC),HEALTH AND DEMOGRAPHY,PENDING IN THE COMMITTEE
Senate Bill No. 2184,17th Congress (July 2016 - 2019),https://ldr.senate.gov.ph/bills/senate-bill-no-2184-17th-congress-republic,COMMUNITY-BASED MONITORING SYSTEM ACT,"AN ACT INSTITUTIONALIZING A COMMUNITY-BASED MONITORING SYSTEM, APPROPRIATING FUNDS THEREFOR, AND FOR OTHER PURPOSES","GATCHALIAN, WIN","January 28, 2019",NATIONAL,COMMUNITY BASED MONITORING SYSTEM,"SOCIAL JUSTICE, WELFARE AND RURAL DEVELOPMENT",CONSOLIDATED/SUBSTITUTED IN THE COMMITTEE REPORT
Senate Bill No. 2155,17th Congress (July 2016 - 2019),https://ldr.senate.gov.ph/bills/senate-bill-no-2155-17th-congress-republic,ALIEN SOCIAL INTEGRATION ACT OF 2019,AN ACT GRANTING LEGAL RESIDENCY STATUS TO CERTAIN ALIENS IN THE PHILIPPINES UNDER CERTAIN CONDITIONS,"GORDON, RICHARD J.","January 17, 2019",NATIONAL,ALIEN SOCIAL INTEGRATION FOREIGNERS/ALIEN,JUSTICE AND HUMAN RIGHTS,"PENDING SECOND READING, ORDINARY BUSINESS"
Senate Bill No. 2161,17th Congress (July 2016 - 2019),https://ldr.senate.gov.ph/bills/senate-bill-no-2161-17th-congress-republic,PASKUHAN VILLAGE ACT,"AN ACT DECLARING THE PASKUHAN VILLAGE IN THE CITY OF SAN FERNANDO, PROVINCE OF PAMPANGA AS AN IMPORTANT CULTURAL PROPERTY OF THE PUBLIC DOMINION","PIMENTEL, AQUILINO ""KOKO"" III","January 21, 2019",NATIONAL,PASKUHAN VILLAGE,"EDUCATION, ARTS AND CULTURE",CONSOLIDATED/SUBSTITUTED IN THE COMMITTEE REPORT
Senate Bill No. 2196,17th Congress (July 2016 - 2019),https://ldr.senate.gov.ph/bills/senate-bill-no-2196-17th-congress-republic,FIRE CODE OF THE PHILIPPINES OF 2018,AN ACT AMENDING CERTAIN PROVISIONS OF REPUBLIC ACT 9514 AND FOR OTHER PURPOSES,"SOTTO III, VICENTE C.","January 30, 2019",NATIONAL,FIRE CODE OF THE PHILIPPINES,PUBLIC ORDER AND DANGEROUS DRUGS,PENDING IN THE COMMITTEE
Senate Bill No. 2206,17th Congress (July 2016 - 2019),https://ldr.senate.gov.ph/bills/senate-bill-no-2206-17th-congress-republic,AMENDING R.A.NO. 8436 (AUTHORIZING COMELEC TO USE AN AUTOMATED ELECTION SYSTEM),"AN ACT AMENDING REPUBLIC ACT NO. 8436, ENTITLED 'AN ACT AUTHORIZING THE COMMISSION ON ELECTIONS TO USE AN AUTOMATED ELECTION SYSTEM IN THE MAY 11, 1998 NATIONAL OR LOCAL ELECTIONS AND IN SUBSEQUENT NATIONAL AND LOCAL ELECTORAL EXERCISES, TO ENCOURAGE TRANSPARENCY, CREDIBILITY, FAIRNESS AND ACCURACY OF ELECTIONS, AMENDING FOR THE PURPOSE BATAS PAMBANSA BLG. 881, AS AMENDED, REPUBLIC ACT NO. 7166 AND OTHER RELATED ELECTION LAWS, PROVIDING FUNDS THEREFOR AND FOR OTHER PURPOSES', AS AMENDED.","PIMENTEL, AQUILINO ""KOKO"" III","April 2, 2019",NATIONAL,COMMISSION ON ELECTION (COMELEC) ELECTIONS/ELECTORAL REFORMS AUTOMATED ELECTION SYSTEM (R.A.NO. 9369),ELECTORAL REFORMS AND PEOPLES PARTICIPATION,PENDING IN THE COMMITTEE
Senate Bill No. 2175,17th Congress (July 2016 - 2019),https://ldr.senate.gov.ph/bills/senate-bill-no-2175-17th-congress-republic,MAGNA CARTA FOR WORKERS IN THE INFORMAL ECONOMY,"AN ACT PROVIDING FOR A MAGNA CARTA FOR WORKERS, ENTERPRISES AND ORGANIZATIONS IN THE INFORMAL ECONOMY AND PROVIDING MECHANISMS FOR RECOGNITION, INTEGRATION, AND TRANSITION TO THE FORMAL ECONOMY","ANGARA, SONNY","January 23, 2019",NATIONAL,MAGNA CARTA OF WORKERS IN INFORMAL ECONOMY,"LABOR, EMPLOYMENT AND HUMAN RESOURCES DEVELOPMENT","PENDING SECOND READING, SPECIAL ORDER"
Senate Bill No. 2146,17th Congress (July 2016 - 2019),https://ldr.senate.gov.ph/bills/senate-bill-no-2146-17th-congress-republic,INTERNET SAFETY EDUCATION ACT,AN ACT ESTABLISHING A SAFETY INTERNET EDUCATION PROGRAM IN THE CURRICULUM OF ALL ELEMENTARY AND SECONDARY SCHOOLS,"BINAY, MARIA LOURDES NANCY S.","January 14, 2019",NATIONAL,INTERNET SAFETY CURRICULUM/CURRICULA ELEMENTARY EDUCATION/PRIMARY EDUCATION Secondary Education,"EDUCATION, ARTS AND CULTURE",PENDING IN THE COMMITTEE
Senate Bill No. 2218,17th Congress (July 2016 - 2019),https://ldr.senate.gov.ph/bills/senate-bill-no-2218-17th-congress-republic,MICROGRID SYSTEMS ACT,AN ACT AMENDING PROMOTING THE USE OF MICROGRID SYSTEMS FOR THE TOTAL ELECTRIFICATION OF UNSERVED AND UNDERSERVED AREAS,"GATCHALIAN, WIN","April 22, 2019",NATIONAL,MICROGRID Electricity,ENERGY,PENDING IN THE COMMITTEE
Senate Bill No. 2228,17th Congress (July 2016 - 2019),https://ldr.senate.gov.ph/bills/senate-bill-no-2228-17th-congress-republic,BALANGA WETLAND AND NATURE PARK RESPONSIBLE ECOTOURISM ACT,"AN ACT DECLARING THE BALANGA WETLAND AND NATURE PARK LOCATED IN BARANGAY TORTUGAS, CITY OF BALANGA, PROVINCE OF BATAAN AS A RESPONSIBLE, COMMUNITY-BASED ECOTOURISM ZONE AND APPROPRIATING FUNDS THEREFOR","VILLAR, CYNTHIA A.","May 21, 2019",NATIONAL,BALANGA WETLAND AND NATURE PARK TOURISM (ECOTOURISM ZONE/ECOTOURISM SITE),ENVIRONMENT AND NATURAL RESOURCES,APPROVED BY THE PRESIDENT OF THE PHILIPPINES
Senate Bill No. 2185,17th Congress (July 2016 - 2019),https://ldr.senate.gov.ph/bills/senate-bill-no-2185-17th-congress-republic,CIVIL SERVICE ELIGIBILITY TO SANGGUNIANG KABATAAN OFFICIALS,"AN ACT GRANTING THE APPROPRIATE CIVIL SERVICE ELIGIBILITY TO SANGGUNIANG KABATAAN OFFICIALS, AMENDING FOR THE PURPOSE REPUBLIC ACT NO. 10742 OR THE SANGGUNIANG KABATAAN REFORM ACT OF 2015","EJERCITO, JOSEPH VICTOR G.","January 28, 2019",NATIONAL,CIVIL SERVICE ELIGIBILITY SANGGUNIANG KABATAAN (SK),LOCAL GOVERNMENT,PENDING IN THE COMMITTEE
Senate Bill No. 2156,17th Congress (July 2016 - 2019),https://ldr.senate.gov.ph/bills/senate-bill-no-2156-17th-congress-republic,NATIONAL DAY FOR ROAD TRAFFIC VICTIMS IN THE PHILIPPINES,AN ACT DECLARING THE THIRD SUNDAY OF NOVEMBER OF EVERY YEAR AS THE 'NATIONAL DAY OF REMEMBRANCE FOR ROAD TRAFFIC VICTIMS IN THE PHILIPPINES,"PIMENTEL, AQUILINO ""KOKO"" III","January 21, 2019",NATIONAL,ROAD CRASH VICTIMS,PUBLIC SERVICES,PENDING IN THE COMMITTEE
Senate Bill No. 2162,17th Congress (July 2016 - 2019),https://ldr.senate.gov.ph/bills/senate-bill-no-2162-17th-congress-republic,REMITTANCE ACT,"AN ACT PROTECTING THE REMITTANCES OR MONEY TRANSFERS OF OVERSEAS FILIPINO WORKERS (OFWS) BY REQUIRING THE DISCLOSURE OF FINANCE CHARGES AND OTHER FEES IN CONNECTION WITH MONEY TRANSFER, COMPELLING STRICT ADHERENCE TO THE TERMS AND CONDITIONS OF THEIR TRANSFER, PENALIZING VIOLATIONS THEREOF, AND FOR OTHER PURPOSES","PIMENTEL, AQUILINO ""KOKO"" III","January 21, 2019",NATIONAL,OVERSEAS FILIPINO WORKERS (OFW) REMITTANCE,"LABOR, EMPLOYMENT AND HUMAN RESOURCES DEVELOPMENT",PENDING IN THE COMMITTEE
Senate Bill No. 2197,17th Congress (July 2016 - 2019),https://ldr.senate.gov.ph/bills/senate-bill-no-2197-17th-congress-republic,"AMENDING SECTIONS 141, 142 AND 143 (SIN TAX, NIRC)","AN ACT AMENDING SECTIONS 141, 142 AND 143 OF REPUBLIC ACT NO. 8424, AS AMENDED, OTHERWISE KNOWN AS THE NATIONAL INTERNAL REVENUE CODE OF 1997","PACQUIAO, EMMANUEL ""MANNY"" D.","January 30, 2019",NATIONAL,NATIONAL INTERNAL REVENUE CODE (NIRC) TAXES (SIN TAX),WAYS AND MEANS,PENDING IN THE COMMITTEE
Senate Bill No. 2208,17th Congress (July 2016 - 2019),https://ldr.senate.gov.ph/bills/senate-bill-no-2208-17th-congress-republic,MOTOR VEHICLE USER'S CHARGE,AN ACT ABOLISHING THE SPECIAL FUNDS CREATED PURSUANT TO REPUBLIC ACT NO. 8794 AND REQUIRING THE MONIES COLLECTED AS MOTOR VEHICLE USER'S CHARGE BE DEPOSITED INTO THE GENERAL FUND.,"PIMENTEL, AQUILINO ""KOKO"" III","June 2, 2019",NATIONAL,MOTOR VEHICLES USERS CHARGE (MVUC) (R.A. NO. 8794) ABOLITION,PUBLIC WORKS,PENDING IN THE COMMITTEE
Senate Bill No. 2176,17th Congress (July 2016 - 2019),https://ldr.senate.gov.ph/bills/senate-bill-no-2176-17th-congress-republic,COMPREHENSIVE ATOMIC REGULATION ACT,"AN ACT PROVIDING FOR COMPREHENSIVE ATOMIC REGULATION, CREATING FOR THE PURPOSE, THE PHILIPPINE ATOMIC REGULATORY COMMISSION, AND APPROPRIATING FUNDS THEREFOR","SOTTO III, VICENTE C.","January 23, 2019",NATIONAL,NUCLEAR PHILIPPINE ATOMIC REGULATORY COMMISSION PHILIPPINE NUCLEAR REGULATORY COMMISSION,SCIENCE AND TECHNOLOGY,"PENDING SECOND READING, SPECIAL ORDER"
Senate Bill No. 2011,17th Congress (July 2016 - 2019),https://ldr.senate.gov.ph/bills/senate-bill-no-2011-17th-congress-republic,SOCIAL WELFARE AND DEVELOPMENT AGENCIES ACT,AN ACT STRENGTHENING THE REGULATION OF SOCIAL WELFARE AND DEVELOPMENT AGENCIES,"DE LIMA, LEILA M.","September 18, 2018",NATIONAL,SOCIAL WELFARE AND DEVELOPMENT (SWD),"SOCIAL JUSTICE, WELFARE AND RURAL DEVELOPMENT",CONSOLIDATED/SUBSTITUTED IN THE COMMITTEE REPORT
Senate Bill No. 2076,17th Congress (July 2016 - 2019),https://ldr.senate.gov.ph/bills/senate-bill-no-2076-17th-congress-republic,REGULATION OF WASTE TREATMENT TECHNOLOGY ACT,"AN ACT REGULATING THE USE OF TREATMENT TECHNOLOGY FOR MUNICIPAL AND HAZARDOUS WASTES, REPEALING FOR THE PURPOSE SECTION 20 OF REPUBLIC ACT NO. 8749, ENTITLED 'THE PHILIPPINE CLEAN AIR ACT OF 1999'","SOTTO III, VICENTE C.","October 15, 2018",NATIONAL,HAZARDOUS/TOXIC/RADIOACTIVE WASTES MANAGEMENT CLEAN AIR ACT,ENVIRONMENT AND NATURAL RESOURCES,PENDING IN THE COMMITTEE
Senate Bill No. 1898,17th Congress (July 2016 - 2019),https://ldr.senate.gov.ph/bills/senate-bill-no-1898-17th-congress-republic,PHILIPPINE PUBLIC SAFETY COLLEGE,"AN ACT AMENDING SECTIONS 66 AND 67 OF REPUBLIC ACT NO. 6975, OTHERWISE KNOWN AS THE DEPARTMENT OF THE INTERIOR AND LOCAL GOVERNMENT ACT OF 1990, APPROPRIATING FUNDS THEREFOR AND FOR OTHER PURPOSES","TRILLANES, ANTONIO ""SONNY"" F.","July 31, 2018",NATIONAL,PHILIPPINE PUBLIC SAFETY COLLEGE SYSTEM DEPARTMENT OF THE INTERIOR AND LOCAL GOVERNMENT (DILG) PHILIPPINE NATIONAL POLICE (PNP) PHILIPPINE NATIONAL POLICE ACADEMY (PNPA) POLICE NATIONAL TRAINING INSTITUTE (PNTI),PUBLIC ORDER AND DANGEROUS DRUGS,CONSOLIDATED WITH APPROVED BILL
Senate Bill No. 1961,17th Congress (July 2016 - 2019),https://ldr.senate.gov.ph/bills/senate-bill-no-1961-17th-congress-republic,INCREASING THE BED CAPACITY OF THE DR. JOSE N. RODRIGUEZ MEMORIAL HOSPITAL AND SANITARIUM,"AN ACT INCREASING THE BED CAPACITY FOR TERTIARY GENERAL HEALTH CARE OF THE DR. JOSE N. RODRIGUEZ MEMORIAL HOSPITAL AND SANITARIUM IN TALA, CALOOCAN CITY FROM TWO HUNDRED (200) TO EIGHT HUNDRED (800) BEDS, AND APPROPRIATING FUNDS THEREFOR, AMENDING FOR THE PURPOSE REPUBLIC ACT NO. 9420, ENTITLED 'AN ACT CONVERTING TWO HUNDRED (200) BEDS OF THE 2,000-BED DR. JOSE N. RODRIGUEZ MEMORIAL HOSPITAL AND SANITARIUM FOR TERTIARY GENERAL HEALTH CARE, APPROPRIATING FUNDS THEREFOR' AND FOR OTHER PURPOSES","EJERCITO, JOSEPH VICTOR G.","August 30, 2018",LOCAL,"HOSPITALS, INCREASE BED CAPACITY",HEALTH AND DEMOGRAPHY,APPROVED BY THE PRESIDENT OF THE PHILIPPINES
Senate Bill No. 1665,17th Congress (July 2016 - 2019),https://ldr.senate.gov.ph/bills/senate-bill-no-1665-17th-congress-republic,AMENDING SEC. 9 OF P.D. NO. 651 (REGISTRATION OF BIRTHS AND DEATHS IN THE PHILIPPINES),"AN ACT AMENDING SECTION 9 OF PRESIDENTIAL DECREE NO. 651, ENTITLED REQUIRING THE REGISTRATION OF BIRTHS AND DEATHS IN THE PHILIPPINES WHICH OCCURRED FROM JANUARY 1, 1974 AND THEREAFTER","DE LIMA, LEILA M.","January 23, 2018",NATIONAL,BIRTH REGISTRATION DEATH REGISTRATION PRESIDENTIAL DECREE (P.D. NO. 651),JUSTICE AND HUMAN RIGHTS,PENDING IN THE COMMITTEE
Senate Bill No. 2036,17th Congress (July 2016 - 2019),https://ldr.senate.gov.ph/bills/senate-bill-no-2036-17th-congress-republic,"CHARTER OF THE CITY OF BACOOR, CAVITE","AN ACT AMENDING SECTION 10 (B) OF REPUBLIC ACT NO. 10160, OTHERWISE KNOWN AS THE CHARTER OF THE CITY OF BACOOR, CAVITE AND FOR OTHER PURPOSES","ANGARA, SONNY","January 10, 2018",LOCAL,"CITY CHARTER, REVISION/AMENDMENTS",LOCAL GOVERNMENT,CONSOLIDATED/SUBSTITUTED IN THE COMMITTEE REPORT
Senate Bill No. 1729,17th Congress (July 2016 - 2019),https://ldr.senate.gov.ph/bills/senate-bill-no-1729-17th-congress-republic,AMENDING SEC. 40 OF R. A. NO. 9710 (THE MAGNA CARTA OF WOMEN),"AN ACT AMENDING SECTION 40 OF REPUBLIC ACT NO. 9710, OTHERWISE KNOWN AS THE MAGNA CARTA OF WOMEN","DE LIMA, LEILA M.","June 3, 2018",NATIONAL,Magna Carta of Women OVERSIGHT COMMITTEES,"WOMEN, CHILDREN, FAMILY RELATIONS AND GENDER EQUALITY",PENDING IN THE COMMITTEE
Senate Bill No. 1739,17th Congress (July 2016 - 2019),https://ldr.senate.gov.ph/bills/senate-bill-no-1739-17th-congress-republic,COMPREHENSIVE FIREARMS AND AMMUNITION REGULATION,"AN ACT AMENDING SECTIONS 4, 5, 6, 7, 8, 11, 12, 18, 19 AND 21 OF REPUBLIC ACT NO. 10591 OTHERWISE KNOWN AS THE COMPREHENSIVE FIREARMS AND AMMUNITION REGULATION ACT",Ralph G. Recto,"December 3, 2018",NATIONAL,FIREARMS COMPREHENSIVE FIREARMS AND AMMUNITION REGULATION ACT (R.A.10591) ILLEGAL DRUGS,PUBLIC ORDER AND DANGEROUS DRUGS,PENDING IN THE COMMITTEE
Senate Bill No. 2112,17th Congress (July 2016 - 2019),https://ldr.senate.gov.ph/bills/senate-bill-no-2112-17th-congress-republic,EXEMPTING MEDICAL INSURANCE PREMIUMS FROM INCOME TAX AND FRINGE BENEFIT TAX,"AN ACT EXEMPTING MEDICAL INSURANCE PREMIUMS FROM INCOME TAX AND FRINGE BENEFIT TAX, AMENDING FOR THE PURPOSE SECTIONS 32 AND 33 OF REPUBLIC ACT NO. 8424, AS AMENDED, OTHERWISE KNOWN AS THE 'NATIONAL INTERNAL REVENUE CODE (NIRC) OF 1997'","ANGARA, SONNY","November 28, 2018",NATIONAL,NATIONAL INTERNAL REVENUE CODE (NIRC) TAXES (TAX EXEMPTION: MEDICAL INSURANCE PREMIUMS/FRINGE BENEFITS),WAYS AND MEANS,PENDING IN THE COMMITTEE
Senate Bill No. 1803,17th Congress (July 2016 - 2019),https://ldr.senate.gov.ph/bills/senate-bill-no-1803-17th-congress-republic,TEACHING OF COMPUTER SUBJECT AS PART OF THE ELEMENTARY AND HIGH SCHOOL CURRICULA,AN ACT TO INCLUDE THE TEACHING OF COMPUTER SUBJECT AS PART OF THE ELEMENTARY AND HIGH SCHOOL CURRICULA BOTH IN PUBLIC AND PRIVATE SCHOOLS,"ANGARA, SONNY","May 15, 2018",NATIONAL,COMPUTER EDUCATION SCHOOLS (PUBLIC AND PRIVATE) CURRICULUM/CURRICULA,"EDUCATION, ARTS AND CULTURE",PENDING IN THE COMMITTEE
Senate Bill No. 1867,17th Congress (July 2016 - 2019),https://ldr.senate.gov.ph/bills/senate-bill-no-1867-17th-congress-republic,INCREASING THE HONORARIUM AND CHRISTMAS BONUS OF BARANGAY OFFICIALS,"AN ACT INCREASING THE HONORARIUM AND CHRISTMAS BONUS OF BARANGAY OFFICIALS, INCLUDING BARANGAY TANODS AND MEMBERS OF THE LUPON NG TAGAPAMAYAPA, AND GRANTING A LUMP SUM GRATUITY PAY EQUIVALENT TO ONE HUNDRED THOUSAND PESOS (P100,000.00), AND OTHER NON-MONETARY BENEFITS, AMENDING FOR THE PURPOSE SECTION 393 OF REPUBLIC ACT NO. 7160, AS AMENDED, OTHERWISE KNOWN AS THE LOCAL GOVERNMENT CODE OF 1991","GATCHALIAN, WIN","September 7, 2018",NATIONAL,BARANGAY OFFICIALS BARANGAY TANOD BRIGADES LOCAL GOVERNMENT CODE (R.A. NO. 7160),LOCAL GOVERNMENT,PENDING IN THE COMMITTEE
Senate Bill No. 1931,17th Congress (July 2016 - 2019),https://ldr.senate.gov.ph/bills/senate-bill-no-1931-17th-congress-republic,LEASE OF GOVERNMENT ASSETS ACT OF 2018,"AN ACT PRESCRIBING THE RULES AND PROCEDURES FOR THE LEASE OF GOVERNMENT ASSETS, AND FOR OTHER PURPOSES","BINAY, MARIA LOURDES NANCY S.","August 14, 2018",NATIONAL,GOVERNMENT ASSETS (LEASE),PUBLIC WORKS,PENDING IN THE COMMITTEE
Senate Bill No. 2005,17th Congress (July 2016 - 2019),https://ldr.senate.gov.ph/bills/senate-bill-no-2005-17th-congress-republic,CREATING THE MUNICIPALITY OF PANDAG IN THE PROVINCE OF MAGUINDANAO,AN ACT OFFICIALLY CREATING THE MUNICIPALITY OF PANDAG IN THE PROVINCE OF MAGUINDANAO,"ANGARA, SONNY","December 9, 2018",LOCAL,"MUNICIPALITY, CREATION",RULES,PENDING IN THE COMMITTEE
Senate Bill No. 1697,17th Congress (July 2016 - 2019),https://ldr.senate.gov.ph/bills/senate-bill-no-1697-17th-congress-republic,SPECIAL PROTECTION OF CHILDREN IN SITUATIONS OF ARMED CONFLICT ACT,AN ACT PROVIDING FOR THE SPECIAL PROTECTION OF CHILDREN IN SITUATIONS OF ARMED CONFLICT AND PROVIDING PENALTIES FOR VIOLATIONS THEREOF,"POE, GRACE","February 15, 2018",NATIONAL,CHILDREN/CHILD CARE armed conflict,"WOMEN, CHILDREN, FAMILY RELATIONS AND GENDER EQUALITY",CONSOLIDATED/SUBSTITUTED IN THE COMMITTEE REPORT
Senate Bill No. 2069,17th Congress (July 2016 - 2019),https://ldr.senate.gov.ph/bills/senate-bill-no-2069-17th-congress-republic,COMPREHENSIVE NURSING LAW OF 2018,"AN ACT PROVIDING FOR A COMPREHENSIVE NURSING LAW TOWARDS QUALITY HEALTH SYSTEM, REPEALING FOR THIS PURPOSE REPUBLIC ACT NO. 9173 OTHERWISE KNOWN AS THE PHILIPPINE NURSING ACT OF 2002","BINAY, MARIA LOURDES NANCY S.","October 10, 2018",NATIONAL,PHILIPPINE NURSING ACT NURSES,"CIVIL SERVICE, GOVERNMENT REORGANIZATION AND PROFESSIONAL REGULATION",PENDING IN THE COMMITTEE
Senate Bill No. 1642,17th Congress (July 2016 - 2019),https://ldr.senate.gov.ph/bills/senate-bill-no-1642-17th-congress-republic,GOVERNMENT INTERNSHIP PROGRAM (GIP) ACT,"AN ACT INSTITUTIONALIZING THE IMPLEMENTATION OF THE GOVERNMENT INTERNSHIP PROGRAM, PROVIDING FUNDS FOR ITS IMPLEMENTATION AND FOR OTHER PURPOSES","POE, GRACE","September 1, 2018",NATIONAL,INTERNSHIP,"CIVIL SERVICE, GOVERNMENT REORGANIZATION AND PROFESSIONAL REGULATION","PENDING SECOND READING, SPECIAL ORDER"
Senate Bill No. 2016,17th Congress (July 2016 - 2019),https://ldr.senate.gov.ph/bills/senate-bill-no-2016-17th-congress-republic,PANTAWID PAMILYANG PILIPINO PROGRAM (4PS) ACT,AN ACT INSTITUTIONALIZING THE PANTAWID PAMILYANG PILIPINO PROGRAM (4PS) AS A HUMAN CAPITAL INVESTMENT AND POVERTY REDUCTION PROGRAM,"DE LIMA, LEILA M.","September 19, 2018",NATIONAL,PANTAWID PAMILYANG PILIPINO PROGRAM (4PS) POVERTY ALLEVIATION,"SOCIAL JUSTICE, WELFARE AND RURAL DEVELOPMENT",CONSOLIDATED/SUBSTITUTED IN THE COMMITTEE REPORT
Senate Bill No. 1709,17th Congress (July 2016 - 2019),https://ldr.senate.gov.ph/bills/senate-bill-no-1709-17th-congress-republic,NATIONAL SIGHT STRATEGY PLAN ACT,AN ACT TO ESTABLISH THE NATIONAL SIGHT STRATEGY PLAN,"DE LIMA, LEILA M.","February 26, 2018",NATIONAL,VISION CARE,HEALTH AND DEMOGRAPHY,PENDING IN THE COMMITTEE
Senate Bill No. 2082,17th Congress (July 2016 - 2019),https://ldr.senate.gov.ph/bills/senate-bill-no-2082-17th-congress-republic,AN ACT REORGANIZING COMELEC OFFICES,AN ACT REORGANIZING THE COMELEC OFFICES,"SOTTO III, VICENTE C.","October 23, 2018",NATIONAL,COMMISSION ON ELECTION (COMELEC) REORGANIZATION,"CIVIL SERVICE, GOVERNMENT REORGANIZATION AND PROFESSIONAL REGULATION",PENDING IN THE COMMITTEE
Senate Bill No. 1782,17th Congress (July 2016 - 2019),https://ldr.senate.gov.ph/bills/senate-bill-no-1782-17th-congress-republic,SECRETARY OF THE DEPARTMENT OF AGRICULTURE AS CHAIRPERSON OF THE NATIONAL FOOD AUTHORITY,AN ACT DESIGNATING THE SECRETARY OF THE DEPARTMENT OF AGRICULTURE AS CHAIRPERSON OF THE GOVERNING BOARD OF THE NATIONAL FOOD AUTHORITY,Ralph G. Recto,"April 18, 2018",NATIONAL,DEPARTMENT OF AGRICULTURE NATIONAL FOOD AUTHORITY (NFA),AGRICULTURE AND FOOD,PENDING IN THE COMMITTEE
Senate Bill No. 1848,17th Congress (July 2016 - 2019),https://ldr.senate.gov.ph/bills/senate-bill-no-1848-17th-congress-republic,GABRIELA SILANG DAY,AN ACT DECLARING SEPTEMBER 20 OF EVERY YEAR A SPECIAL WORKING HOLIDAY TO COMMEMORATE THE DEATH AND CONTRIBUTIONS OF GABRIELA SILANG,"HONTIVEROS, RISA","May 31, 2018",NATIONAL,HOLIDAYS (SPECIAL WORKING),"EDUCATION, ARTS AND CULTURE",PENDING IN THE COMMITTEE
Senate Bill No. 1910,17th Congress (July 2016 - 2019),https://ldr.senate.gov.ph/bills/senate-bill-no-1910-17th-congress-republic,CALAMITY LEAVE LAW,AN ACT PROVIDING FOR A FIVE (5) DAY SPECIAL EMERGENCY LEAVE FOR ALL WORKERS IN THE PUBLIC AND PRIVATE SECTOR DIRECTLY AFFECTED BY NATURAL CALAMITIES/DISASTER,"DE LIMA, LEILA M.","June 8, 2018",NATIONAL,CALAMITY LEAVE LEAVE OF ABSENCE GOVERNMENT EMPLOYEES PRIVATE SECTOR EMPLOYEES,"LABOR, EMPLOYMENT AND HUMAN RESOURCES DEVELOPMENT",PENDING IN THE COMMITTEE
Senate Bill No. 1974,17th Congress (July 2016 - 2019),https://ldr.senate.gov.ph/bills/senate-bill-no-1974-17th-congress-republic,LEFT-BEHIND HOUSEHOLD OF OFWS ACT,AN ACT ESTABLISHING A WELFARE AND SOCIAL ASSISTANCE PROGRAM TO FAMILIES LEFT BEHIND BY OVERSEAS FILIPINO WORKERS.,"BINAY, MARIA LOURDES NANCY S.","March 9, 2018",NATIONAL,OVERSEAS FILIPINO WORKERS (OFW) FAMILY CARE,"LABOR, EMPLOYMENT AND HUMAN RESOURCES DEVELOPMENT",PENDING IN THE COMMITTEE
Senate Bill No. 1984,17th Congress (July 2016 - 2019),https://ldr.senate.gov.ph/bills/senate-bill-no-1984-17th-congress-republic,THE POLITICAL PARTY SYSTEM ACT,"AN ACT STRENGTHENING THE POLITICAL PARTY SYSTEM OF THE PHILIPPINES, CREATING A STATE SUBSIDY FUND FOR POLITICAL PARTIES, AND FOR OTHER PURPOSES","DRILON, FRANKLIN M.","May 9, 2018",NATIONAL,POLITICAL PARTY,ELECTORAL REFORMS AND PEOPLES PARTICIPATION,"PENDING SECOND READING, SPECIAL ORDER"
Senate Bill No. 1676,17th Congress (July 2016 - 2019),https://ldr.senate.gov.ph/bills/senate-bill-no-1676-17th-congress-republic,"LOCAL GOVERNMENT CODE, AMENDING SEC. 73","AN ACT AMENDING SECTION 73 OF REPUBLIC ACT NO. 7160, ALSO KNOWN AS THE LOCAL GOVERNMENT CODE OF 1991","DE LIMA, LEILA M.","January 2, 2018",NATIONAL,LOCAL GOVERNMENT CODE (R.A. NO. 7160) ELECTIVE OFFICIAL(RECALL),LOCAL GOVERNMENT,PENDING IN THE COMMITTEE
Senate Bill No. 2048,17th Congress (July 2016 - 2019),https://ldr.senate.gov.ph/bills/senate-bill-no-2048-17th-congress-republic,PHILIPPINE CITIZENSHIP TO JUSTIN DONTA BROWNLEE,AN ACT GRANTING PHILIPPINE CITIZENSHIP TO JUSTIN DONTA BROWNLEE,"VILLANUEVA, JOEL","March 10, 2018",NATIONAL,CITIZENSHIP,RULES,PENDING IN THE COMMITTEE
Senate Bill No. 1750,17th Congress (July 2016 - 2019),https://ldr.senate.gov.ph/bills/senate-bill-no-1750-17th-congress-republic,UNIVERSAL SOCIAL PENSION FOR SENIOR CITIZENS,"AN ACT PROVIDING FOR A UNIVERSAL SOCIAL PENSION FOR SENIOR CITIZENS, FURTHER AMENDING FOR THE PURPOSE R.A. NO. 7432, AS AMENDED BY R.A. NO. 9994, OTHERWISE KNOWN AS THE EXPANDED SENIOR CITIZENS ACT OF 2010","POE, GRACE","March 19, 2018",NATIONAL,PENSION SENIOR CITIZENS,"SOCIAL JUSTICE, WELFARE AND RURAL DEVELOPMENT",PENDING IN THE COMMITTEE
Senate Bill No. 2122,17th Congress (July 2016 - 2019),https://ldr.senate.gov.ph/bills/senate-bill-no-2122-17th-congress-republic,RATIONALIZING CREDIT FINANCING FOR LOCAL GOVERNMENT UNITS,"AN ACT TO RATIONALIZE CREDIT FINANCING FOR LOCAL GOVERNMENT UNITS BY AMENDING CERTAIN PROVISIONS IN BOOK I I OF REPUBLIC ACT 7160, OTHERWISE KNOWN AS THE LOCAL GOVERNMENT CODE OF 1991","ANGARA, SONNY","March 12, 2018",NATIONAL,LOCAL GOVERNMENT UNITS (LGUs) LOCAL GOVERNMENT CODE (R.A. NO. 7160),LOCAL GOVERNMENT,"PENDING SECOND READING, ORDINARY BUSINESS"
Senate Bill No. 1814,17th Congress (July 2016 - 2019),https://ldr.senate.gov.ph/bills/senate-bill-no-1814-17th-congress-republic,PUBLIC SAFETY ACT,"AN ACT ENHANCING PUBLIC SAFETY AT THE LOCAL LEVEL BY ESTABLISHING AND MAINTAINING A DEPARTMENT OF PUBLIC SAFETY IN EVERY PROVINCE, CITY AND MUNICIPALITY","SOTTO III, VICENTE C.","May 22, 2018",NATIONAL,"PUBLIC SAFETY DEPARTMENT OF PUBLIC SAFETY, CREATION",LOCAL GOVERNMENT,PENDING IN THE COMMITTEE
Senate Bill No. 1878,17th Congress (July 2016 - 2019),https://ldr.senate.gov.ph/bills/senate-bill-no-1878-17th-congress-republic,CLASS SIZE ACT,AN ACT REGULATING CLASS SIZE IN ALL PUBLIC SCHOOLS AND APPROPRIATING FUNDS THEREFOR,"POE, GRACE","July 16, 2018",NATIONAL,PUBLIC SCHOOL CLASS SIZE CLASSROOM SCHOOLS (PUBLIC AND PRIVATE),"EDUCATION, ARTS AND CULTURE",PENDING IN THE COMMITTEE
Senate Bill No. 1942,17th Congress (July 2016 - 2019),https://ldr.senate.gov.ph/bills/senate-bill-no-1942-17th-congress-republic,REAL PROPERTY OWNERS PROTECTION ACT OF 2018,AN ACT ENHANCING PROTECTION FOR LEGITIMATE OWNERS OF REAL PROPERTY AND PROVIDING PENALTIES FOR FRAUDULENT ACTS IN REAL ESTATE TRANSACTIONS,"BINAY, MARIA LOURDES NANCY S.","August 15, 2018",NATIONAL,REAL PROPERTY,JUSTICE AND HUMAN RIGHTS,PENDING IN THE COMMITTEE
Senate Bill No. 2133,17th Congress (July 2016 - 2019),https://ldr.senate.gov.ph/bills/senate-bill-no-2133-17th-congress-republic,AUTHORITY OF THE FREEPORT AREA OF BATAAN (AFAB) ACT,"AN ACT FURTHER STRENGTHENING THE POWERS AND FUNCTIONS OF THE AUTHORITY OF THE FREEPORT AREA OF BATAAN (AFAB), AMENDING FOR THIS PURPOSE REPUBLIC ACT NO. 9728, OTHERWISE KNOWN AS THE FREEPORT AREA OF BATAAN (FAB) ACT OF 2009","GORDON, RICHARD J.","November 12, 2018",NATIONAL,FREEPORT AREA OF BATAAN (FAB),ECONOMIC AFFAIRS,APPROVED BY THE PRESIDENT OF THE PHILIPPINES
Senate Bill No. 1824,17th Congress (July 2016 - 2019),https://ldr.senate.gov.ph/bills/senate-bill-no-1824-17th-congress-republic,SALE OF ELECTRICITY BY GENERATION TRANSMISSION AND DISTRIBUTION COMPANIES (VAT EXEMPTION),"AN ACT EXEMPTING THE SALE OF ELECTRICITY BY GENERATION TRANSMISSION AND DISTRIBUTION COMPANIES AND ELECTRICITY COOPERATIVES FROM THE IMPOSITION OF VALUE ADDED TAX, AMENDING FOR THE PURPOSE, SECTIONS 108 (A) AND 109 (1) OF THE NATIONAL INTERNAL REVENUE CODE, AS AMENDED BY REPUBLIC ACT NO. 9337, AND FOR OTHER PURPOSES","POE, GRACE","May 28, 2018",NATIONAL,Electricity ELECTRIC COOPERATIVES TAXES (VALUE-ADDED TAX / VAT) TAX EXEMPTION NATIONAL INTERNAL REVENUE CODE (NIRC),WAYS AND MEANS,PENDING IN THE COMMITTEE
Senate Bill No. 1889,17th Congress (July 2016 - 2019),https://ldr.senate.gov.ph/bills/senate-bill-no-1889-17th-congress-republic,ANTI-ELDER ABUSE LAW OF 2018,"AN ACT DEFINING AND PROHIBITING ELDER ABUSE, PROVIDING PENALTIES THEREFOR, AND FOR OTHER PURPOSES","HONTIVEROS, RISA","July 25, 2018",NATIONAL,SENIOR CITIZEN/ELDERLY,JUSTICE AND HUMAN RIGHTS,PENDING IN THE COMMITTEE
Senate Bill No. 1953,17th Congress (July 2016 - 2019),https://ldr.senate.gov.ph/bills/senate-bill-no-1953-17th-congress-republic,CLARIFYING THE MEANING OF FULL BACKWAGES,"AN ACT CLARIFYING THE MEANING OF FULL BACKWAGES, BY AMENDING ARTICLE 271 OF THE LABOR CODE OF THE PHILIPPINES, AND FOR OTHER PURPOSES","BINAY, MARIA LOURDES NANCY S.","August 28, 2018",NATIONAL,BACKWAGES LABOR CODE OF THE PHILIPPINES (P.D. NO. 442),"LABOR, EMPLOYMENT AND HUMAN RESOURCES DEVELOPMENT",PENDING IN THE COMMITTEE
Senate Bill No. 1655,17th Congress (July 2016 - 2019),https://ldr.senate.gov.ph/bills/senate-bill-no-1655-17th-congress-republic,SPECIAL WORKING HOLIDAY IN THE PROVINCE OF BULACAN,AN ACT DECLARING JANUARY 23 OF EVERY YEAR A SPECIAL WORKING HOLIDAY IN THE PROVINCE OF BULACAN IN COMMEMORATION OF THE INAUGURATION OF THE PHILIPPINE REPUBLIC,"BINAY, MARIA LOURDES NANCY S.","January 22, 2018",LOCAL,FIRST PHILIPPINE REPUBLIC HOLIDAYS (SPECIAL WORKING),LOCAL GOVERNMENT,PENDING IN THE COMMITTEE
Senate Bill No. 2027,17th Congress (July 2016 - 2019),https://ldr.senate.gov.ph/bills/senate-bill-no-2027-17th-congress-republic,AMENDING ART. 1898 OF R.A. NO. 386 (CIVIL CODE OF THE PHILIPPINES),"AN ACT AMENDING ARTICLE 1898 OF REPUBLIC ACT NO. 386, OTHERWISE KNOWN AS THE NEW CIVIL CODE OF THE PHILIPPINES","BINAY, MARIA LOURDES NANCY S.","September 24, 2018",NATIONAL,CIVIL CODE OF THE PHILIPPINES,"TRADE, COMMERCE AND ENTREPRENEURSHIP",PENDING IN THE COMMITTEE
Senate Bill No. 1719,17th Congress (July 2016 - 2019),https://ldr.senate.gov.ph/bills/senate-bill-no-1719-17th-congress-republic,SOLAR ROOFTOP ADOPTION ACT OF 2017,"AN ACT TO FURTHER PROMOTE THE ADOPTION OF ROOFTOP SOLAR TECHNOLOGY AMONG RESIDENTIAL, COMMERCIAL, INDUSTRIAL, AND GOVERNMENT END-USERS, AMENDING FOR THE PURPOSE REPUBLIC ACT NO. 9513, OTHERWISE KNOWN AS THE 'RENEWABLE ENERGY ACT OF 2008', AND FOR OTHER PURPOSES","POE, GRACE","February 28, 2018",NATIONAL,Solar energy RENEWABLE ENERGY,ENERGY,PENDING IN THE COMMITTEE
Senate Bill No. 2091,17th Congress (July 2016 - 2019),https://ldr.senate.gov.ph/bills/senate-bill-no-2091-17th-congress-republic,CATANDUANES AS THE ABACA CAPITAL OF THE PHILIPPINES,AN ACT DECLARING THE PROVINCE OF CATANDUANES AS THE ABACA CAPITAL OF THE PHILIPPINES,"ANGARA, SONNY","November 13, 2018",NATIONAL,ABACA,AGRICULTURE AND FOOD,PENDING IN THE COMMITTEE
Senate Bill No. 2101,17th Congress (July 2016 - 2019),https://ldr.senate.gov.ph/bills/senate-bill-no-2101-17th-congress-republic,BUSINESS INCENTIVES FOR OFWS ACT,AN ACT GRANTING BENEFITS AND INCENTIVES TO OVERSEAS FILIPINO WORKERS INVESTING IN BUSINESS IN THE PHILIPPINES,"Paolo Benigno ""Bam"" Aquino IV","November 15, 2018",NATIONAL,OVERSEAS FILIPINO WORKERS (OFW) INVESTMENTS,"LABOR, EMPLOYMENT AND HUMAN RESOURCES DEVELOPMENT",PENDING IN THE COMMITTEE
Senate Bill No. 1793,17th Congress (July 2016 - 2019),https://ldr.senate.gov.ph/bills/senate-bill-no-1793-17th-congress-republic,EXPANDED MAGNA CARTA OF PUBLIC HEALTH WORKERS ACT OF 2018,"AN ACT AMENDING SECTIONS 28, 38 AND 39 OF REPUBLIC ACT NO. 7305, OTHERWISE KNOWN AS THE MAGNA CARTA OF PUBLIC HEALTH WORKERS","DE LIMA, LEILA M.","March 5, 2018",NATIONAL,Magna Carta of Public Health Workers,HEALTH AND DEMOGRAPHY,PENDING IN THE COMMITTEE
Senate Bill No. 1857,17th Congress (July 2016 - 2019),https://ldr.senate.gov.ph/bills/senate-bill-no-1857-17th-congress-republic,ROAD SAFETY EDUCATION ACT OF 2017,"AN ACT ESTABLISHING ROAD SAFETY CURRICULUM, CAMPAIGN AND TRAINING, PROVIDING FUNDS THEREFOR AND FOR OTHER PURPOSES","EJERCITO, JOSEPH VICTOR G.","June 28, 2018",NATIONAL,ROAD SAFETY CURRICULUM/CURRICULA,"EDUCATION, ARTS AND CULTURE",PENDING IN THE COMMITTEE
Senate Bill No. 1921,17th Congress (July 2016 - 2019),https://ldr.senate.gov.ph/bills/senate-bill-no-1921-17th-congress-republic,AMENDING R. A. NO. 9184 (GOVERNMENT PROCUREMENT REFORM ACT),"AN ACT AMENDING REPUBLIC ACT NO. 9184, OTHERWISE KNOWN AS THE GOVERNMENT PROCUREMENT REFORM ACT, AND FOR OTHER PURPOSES","GATCHALIAN, WIN","July 8, 2018",NATIONAL,Government procurement,FINANCE,PENDING IN THE COMMITTEE
Senate Bill No. 1995,17th Congress (July 2016 - 2019),https://ldr.senate.gov.ph/bills/senate-bill-no-1995-17th-congress-republic,CAMPAIGN REFORMS ACT OF 2018,"AN ACT REFORMING ELECTORAL CAMPAIGN BY INSTITUTING TWO ROUNDS OF ELECTION FOR PRESIDENT, VICE PRESIDENT AND SENATORS, REQUIRING COMELEC-SPONSORED CAMPAIGN ADVERTISEMENT AND TOWN-HALL STYLE DEBATES, AND FOR OTHER PURPOSES","GORDON, RICHARD J.","November 9, 2018",NATIONAL,ELECTIONS/ELECTORAL REFORMS ADVERTISING/ADVERTISEMENTS CAMPAIGN CONTRIBUTIONS PRESIDENT OF THE PHILIPPINES VICE-PRESIDENT OF THE PHILIPPINES,ELECTORAL REFORMS AND PEOPLES PARTICIPATION,PENDING IN THE COMMITTEE
Senate Bill No. 1687,17th Congress (July 2016 - 2019),https://ldr.senate.gov.ph/bills/senate-bill-no-1687-17th-congress-republic,SUSTAINABLE COASTAL TOURISM ACT OF 2018,"AN ACT INSTITUTIONALIZING SUSTAINABLE COASTAL TOURISM, PROVIDING MECHANISMS FOR ITS INSTITUTIONALIZATION, APPROPRIATING FUNDS THEREFOR, AND FOR OTHER PURPOSES","POE, GRACE","December 2, 2018",NATIONAL,COASTAL ENVIRONMENT PROGRAM/COASTAL RESOURCES PROTECTION TOURISM (COASTAL),ENVIRONMENT AND NATURAL RESOURCES,PENDING IN THE COMMITTEE
Senate Bill No. 2059,17th Congress (July 2016 - 2019),https://ldr.senate.gov.ph/bills/senate-bill-no-2059-17th-congress-republic,TAX AMNESTY ACT OF 2018,"AN ACT ENHANCING REVENUE ADMINISTRATION AND COLLECTION, AND BROADENING THE TAX BASE BY GRANTING AN AMNESTY ON ALL UNPAID INTERNAL REVENUE TAXES IMPOSED BY THE NATIONAL GOVERNMENT FOR TAXABLE YEAR 2017 AND PRIOR YEARS WITH RESPECT TO ESTATE TAX, OTHER INTERNAL REVENUE TAXES, AND TAX ON DELINQUENCIES AND ADDRESSING CROSS- BORDER TAX EVASION AND FOR OTHER PURPOSES","PIMENTEL, AQUILINO ""KOKO"" III","September 10, 2018",NATIONAL,TAX AMNESTY TAXES (ESTATE TAX),WAYS AND MEANS,CONSOLIDATED WITH APPROVED BILL
Senate Bill No. 1758,17th Congress (July 2016 - 2019),https://ldr.senate.gov.ph/bills/senate-bill-no-1758-17th-congress-republic,LIVESTOCK INDUSTRY DEVELOPMENT ACT OF 2018,"AN ACT TO RESTRUCTURE AND RATIONALIZE THE LIVESTOCK INDUSTRY IN ORDER TO STRENGTHEN ITS DEVELOPMENT, PROTECTION AND REGULATORY FUNCTIONS, INCLUDING THE PROMOTION OF DAIRY AND NATIVE ANIMALS AND TO PROVIDE FOR A LIVESTOCK DEVELOPMENT FUND, AND FOR OTHER PURPOSES","VILLAR, CYNTHIA A.","March 20, 2018",NATIONAL,LIVESTOCK DAIRY INDUSTRY,AGRICULTURE AND FOOD,PENDING IN THE COMMITTEE
Senate Bill No. 2070,17th Congress (July 2016 - 2019),https://ldr.senate.gov.ph/bills/senate-bill-no-2070-17th-congress-republic,COMPREHENSIVE LUPUS PREVENTION ACT OF 2018,AN ACT INSTITUTING A NATIONAL HEALTH PROGRAM TO COMBAT SYSTEMIC LUPUS ERYTHEMATOSUS (SLE) DISEASE AND APPROPRIATING FUNDS THEREFOR,"BINAY, MARIA LOURDES NANCY S.","October 10, 2018",NATIONAL,LUPUS DISEASE,HEALTH AND DEMOGRAPHY,PENDING IN THE COMMITTEE
Senate Bill No. 1772,17th Congress (July 2016 - 2019),https://ldr.senate.gov.ph/bills/senate-bill-no-1772-17th-congress-republic,PROVIDING FOR BUSINESS-FRIENDLY TAX REMEDIES IN LOCAL GOVERNMENT UNITS,"AN ACT PROVIDING FOR BUSINESS-FRIENDLY TAX REMEDIES IN LOCAL GOVERNMENT UNITS BY AMENDING CERTAIN PROVISIONS IN BOOK II OF REPUBLIC ACT 7160, OTHERWISE KNOWN AS THE LOCAL GOVERNMENT CODE OF 1991","ANGARA, SONNY","March 4, 2018",NATIONAL,LOCAL GOVERNMENT UNITS (LGUs) TAXES/TAXATION LOCAL GOVERNMENT CODE (R.A. NO. 7160),LOCAL GOVERNMENT,PENDING IN THE COMMITTEE
Senate Bill No. 1836,17th Congress (July 2016 - 2019),https://ldr.senate.gov.ph/bills/senate-bill-no-1836-17th-congress-republic,EMERGENCY MEDICAL SERVICES SYSTEM (EMSS) ACT OF 2018,"AN ACT INSTITUTIONALIZING AN EMERGENCY MEDICAL SERVICES SYSTEM, PROVIDING FOR THE ESTABLISHMENT, SUPERVISION AND REGULATION OF EMERGENCY MEDICAL SERVICES PROFESSION, AND APPROPRIATING FUNDS THEREFOR","EJERCITO, JOSEPH VICTOR G.","May 29, 2018",NATIONAL,EMERGENCY MEDICAL SERVICES SYSTEM (EMSS),HEALTH AND DEMOGRAPHY,PENDING IN THE COMMITTEE
Senate Bill No. 1900,17th Congress (July 2016 - 2019),https://ldr.senate.gov.ph/bills/senate-bill-no-1900-17th-congress-republic,CAREGIVERS WELFARE ACT,AN ACT INSTITUTING POLICIES FOR THE PROTECTION AND WELFARE OF CAREGIVERS IN THE PRACTICE OF THEIR PROFESSION,"ANGARA, SONNY","July 31, 2018",NATIONAL,CAREGIVER,"LABOR, EMPLOYMENT AND HUMAN RESOURCES DEVELOPMENT",PENDING IN THE COMMITTEE
Senate Bill No. 1962,17th Congress (July 2016 - 2019),https://ldr.senate.gov.ph/bills/senate-bill-no-1962-17th-congress-republic,"CONVERTING THE DINAIG MUNICIPAL HOSPITAL IN THE MUNICIPALITY OF DATU ODIN SINSUAT, MAGUINDANAO","AN ACT CONVERTING THE DINAIG MUNICIPAL HOSPITAL IN THE MUNICIPALITY OF DATU ODIN SINSUAT, PROVINCE OF MAGUINDANAO, INTO A FIFTY (50)-BED CAPACITY DISTRICT HOSPITAL TO BE NOW KNOWN AS THE DATU ODIN SINSUAT DISTRICT HOSPITAL, UPGRADING ITS FACILITIES AND PROFESSIONAL HEALTH CARE, AUTHORIZING THE INCREASE OF ITS MEDICAL PERSONNEL, AND APPROPRIATING FUNDS THEREFOR","EJERCITO, JOSEPH VICTOR G.","August 30, 2018",LOCAL,"HOSPITALS, CONVERSION",HEALTH AND DEMOGRAPHY,CONSOLIDATED/SUBSTITUTED IN THE COMMITTEE REPORT
Senate Bill No. 1717,17th Congress (July 2016 - 2019),https://ldr.senate.gov.ph/bills/senate-bill-no-1717-17th-congress-republic,BASIC LAW FOR THE BANGSAMORO,"AN ACT PROVIDING FOR THE BASIC LAW FOR THE BANGSAMORO AND ABOLISHING THE AUTONOMOUS REGION IN MUSLIM MINDANAO, REPEALING FOR THE PURPOSE REPUBLIC ACT NO. 9054, ENTITLED AN ACT TO STRENGTHEN AND EXPAND THE ORGANIC ACT FOR THE AUTONOMOUS REGION IN MUSLIM MINDANAO, AND REPUBLIC ACT NO. 6734, ENTITLED AN ACT PROVIDING FOR AN ORGANIC ACT FOR THE AUTONOMOUS REGION IN MUSLIM MINDANAO, AND FOR OTHER PURPOSES","PIMENTEL, AQUILINO ""KOKO"" III","February 28, 2018",NATIONAL,BANGSAMORO BASIC LAW Autonomous Region in Muslim Mindanao (ARMM) ABOLITION,LOCAL GOVERNMENT,CONSOLIDATED WITH APPROVED BILL
Senate Bill No. 1790,17th Congress (July 2016 - 2019),https://ldr.senate.gov.ph/bills/senate-bill-no-1790-17th-congress-republic,FUNCTIONAL ASSIGNMENTS OF LOCAL GOVERNMENT UNITS,"AN ACT TO RATIONALIZE THE FUNCTIONAL ASSIGNMENTS OF LOCAL GOVERNMENT UNITS BY AMENDING CERTAIN PROVISIONS IN REPUBLIC ACT 7160, OTHERWISE KNOWN AS THE LOCAL GOVERNMENT CODE OF 1991","ANGARA, SONNY","April 26, 2018",NATIONAL,LOCAL GOVERNMENT UNITS (LGUs) LOCAL GOVERNMENT CODE (R.A. NO. 7160),LOCAL GOVERNMENT,PENDING IN THE COMMITTEE
Senate Bill No. 2034,17th Congress (July 2016 - 2019),https://ldr.senate.gov.ph/bills/senate-bill-no-2034-17th-congress-republic,INCREASING THE MONTHLY MINIMUM WAGE OF PUBLIC SCHOOL TEACHERS,"AN ACT INCREASING THE MONTHLY MINIMUM WAGE OF PUBLIC SCHOOL TEACHERS TO TWENTY EIGHT THOUSAND PESOS (P28,000.00) AND NON-TEACHING PERSONNEL TO SIXTEEN THOUSAND PESOS (P16,000.00)","BINAY, MARIA LOURDES NANCY S.","September 26, 2018",NATIONAL,PUBLIC SCHOOL TEACHERS NON-TEACHING PERSONNEL WAGE INCREASE/SALARY INCREASE,"CIVIL SERVICE, GOVERNMENT REORGANIZATION AND PROFESSIONAL REGULATION",PENDING IN THE COMMITTEE
Senate Bill No. 1864,17th Congress (July 2016 - 2019),https://ldr.senate.gov.ph/bills/senate-bill-no-1864-17th-congress-republic,MANDATORY REPORTING OF NOTIFIABLE DISEASES AND HEALTH EVENTS OF PUBLIC HEALTH CONCERN ACT,"AN ACT PROVIDING POLICIES AND PRESCRIBING PROCEDURES ON SURVEILLANCE AND RESPONSE TO NOTIFIABLE DISEASES, EPIDEMICS, AND HEALTH EVENTS OF PUBLIC HEALTH CONCERN, AND APPROPRIATING FUNDS THEREFOR, REPEALING FOR THE PURPOSE ACT NO. 3573 ENTITLED, AN ACT PROVIDING FOR THE PREVENTION AND SUPPRESSION OF DANGEROUS COMMUNICABLE DISEASES AND FOR OTHER PURPOSES","HONTIVEROS, RISA","April 7, 2018",NATIONAL,health care COMMUNICABLE DISEASES DISEASES REGISTRY,HEALTH AND DEMOGRAPHY,CONSOLIDATED/SUBSTITUTED IN THE COMMITTEE REPORT
Senate Bill No. 1928,17th Congress (July 2016 - 2019),https://ldr.senate.gov.ph/bills/senate-bill-no-1928-17th-congress-republic,RIGHT TO ADEQUATE FOOD FRAMEWORK ACT OF 2018,AN ACT PROVIDING A FRAMEWORK FOR THE RIGHT TO ADEQUATE FOOD,"PACQUIAO, EMMANUEL ""MANNY"" D.","September 8, 2018",NATIONAL,RIGHT TO ADEQUATE FOOD ADEQUATE FOOD FRAMEWORK HUNGER,JUSTICE AND HUMAN RIGHTS,PENDING IN THE COMMITTEE
Senate Bill No. 2108,17th Congress (July 2016 - 2019),https://ldr.senate.gov.ph/bills/senate-bill-no-2108-17th-congress-republic,POVERTY REDUCATION THROUGH SOCIAL ENTREPRENEURSHIP (PRESENT) ACT,"AN ACT TO PROMOTE THE GROWTH AND DEVELOPMENT OF SOCIAL ENTERPRISES AS A MEANS TO ALLEVIATE POVERTY, ESTABLISHING FOR THE PURPOSE THE 'POVERTY REDUCTION THROUGH SOCIAL ENTREPRENEURSHIP (PRESENT) PROGRAM', PROVIDING INCENTIVES AND BENEFITS, APPROPRIATING FUNDS THEREFOR, AND FOR OTHER PURPOSES","POE, GRACE","November 21, 2018",NATIONAL,POVERTY REDUCTION THROUGH SOCIAL ENTREPRENEURSHIP PROGRAM (PRESENT) POVERTY ALLEVIATION,"TRADE, COMMERCE AND ENTREPRENEURSHIP",PENDING IN THE COMMITTEE
Senate Bill No. 1683,17th Congress (July 2016 - 2019),https://ldr.senate.gov.ph/bills/senate-bill-no-1683-17th-congress-republic,FORMER PRESIDENTS AND VICE PRESIDENTS BENEFITS ACT OF 2018,"AN ACT GRANTING BENEFITS AND PRIVILEGES TO FORMER PRESIDENTS AND VICE PRESIDENTS OF THE PHILIPPINES OR THEIR SURVIVING SPOUSES, AMENDING FOR THIS PURPOSE REPUBLIC ACT NO. 5059, REPEALING REPUBLIC ACT NO. 2087, AND FOR OTHER PURPOSES",Antonio F. Trillanes IV,"August 2, 2018",NATIONAL,PRESIDENT OF THE PHILIPPINES VICE-PRESIDENT OF THE PHILIPPINES,"CIVIL SERVICE, GOVERNMENT REORGANIZATION AND PROFESSIONAL REGULATION","PENDING SECOND READING, SPECIAL ORDER"
Senate Bill No. 1762,17th Congress (July 2016 - 2019),https://ldr.senate.gov.ph/bills/senate-bill-no-1762-17th-congress-republic,RETIREMENT LAW OF THE OFFICE OF THE OMBUDSMAN,"AN ACT ESTABLISHING A RETIREMENT SYSTEM IN THE OFFICE OF THE OMBUDSMAN, AUGMENTING ITS EMPLOYEE BENEFITS, AND APPROPRIATING FUNDS THEREFOR","POE, GRACE","March 20, 2018",NATIONAL,OMBUDSMAN RETIREMENT BENEFITS,JUSTICE AND HUMAN RIGHTS,CONSOLIDATED WITH APPROVED BILL
Senate Bill No. 1821,17th Congress (July 2016 - 2019),https://ldr.senate.gov.ph/bills/senate-bill-no-1821-17th-congress-republic,CREATION OF PARKING SPACES IN THE CONSTRUCTION OF ALL BUILDINGS,"AN ACT REQUIRING THE CREATION OF PARKING SPACES OR PARKING ARRANGEMENTS IN THE CONSTRUCTION OF ALL BUILDINGS, AMENDING FOR THIS PURPOSE PRESIDENTIAL DECREE NO. 1096, OR THE NATIONAL BUILDING CODE OF THE PHILIPPINES","PIMENTEL, AQUILINO ""KOKO"" III","May 28, 2018",NATIONAL,PARKING SPACE NATIONAL BUILDING CODE OF THE PHILIPPINES,PUBLIC WORKS,PENDING IN THE COMMITTEE
Senate Bill No. 1769,17th Congress (July 2016 - 2019),https://ldr.senate.gov.ph/bills/senate-bill-no-1769-17th-congress-republic,DENGVAXIA ASSISTANCE PROGRAM,AN ACT ESTABLISHING THE MEDICAL ASSISTANCE PROGRAM FOR THE DENGVAXIA VACCINEES AND APPROPRIATING FUNDS THEREFOR AND FOR OTHER PURPOSES,"EJERCITO, JOSEPH VICTOR G.","March 22, 2018",NATIONAL,DENGVAXIA VACCINE,FINANCE,CONSOLIDATED/SUBSTITUTED IN THE COMMITTEE REPORT
Senate Bill No. 1833,17th Congress (July 2016 - 2019),https://ldr.senate.gov.ph/bills/senate-bill-no-1833-17th-congress-republic,"MULTI-SPECIES MARINE HATCHERY IN SAN FERNANDO, CAMARINES SUR","AN ACT ESTABLISHING A MULTI-SPECIES MARINE HATCHERY IN THE MUNICIPALITY OF SAN FERNANDO, PROVINCE OF CAMARINES SUR AND APPROPRIATING FUNDS THEREFOR","VILLAR, CYNTHIA A.","May 29, 2018",LOCAL,MULTI-SPECIES MARINE HATCHERY,AGRICULTURE AND FOOD,PENDING IN THE COMMITTEE
Senate Bill No. 2013,17th Congress (July 2016 - 2019),https://ldr.senate.gov.ph/bills/senate-bill-no-2013-17th-congress-republic,EMERGENCY VOLUNTEER PROTECTION ACT OF 2018,AN ACT ENCOURAGING VOLUNTEERISM DURING EMERGENCIES BY PROTECTING VOLUNTEERS FROM LIABILITY,"DE LIMA, LEILA M.","September 18, 2018",NATIONAL,volunteers,"SOCIAL JUSTICE, WELFARE AND RURAL DEVELOPMENT",CONSOLIDATED/SUBSTITUTED IN THE COMMITTEE REPORT
Senate Bill No. 2078,17th Congress (July 2016 - 2019),https://ldr.senate.gov.ph/bills/senate-bill-no-2078-17th-congress-republic,RETINOBLASTOMA AWARENESS ACT,AN ACT INSTITUTING A RETINOBLASTOMA PUBLIC AWARENESS AND PREVENTION PROGRAM AND APPROPRIATING FUNDS THEREFOR,"BINAY, MARIA LOURDES NANCY S.","October 18, 2018",NATIONAL,RETINOBLASTOMA AWARENESS ACT EYE CANCER (RETINOBLASTOMA) VISION CARE,HEALTH AND DEMOGRAPHY,PENDING IN THE COMMITTEE
Senate Bill No. 1907,17th Congress (July 2016 - 2019),https://ldr.senate.gov.ph/bills/senate-bill-no-1907-17th-congress-republic,AMENDING INVESTMENT RESTRICTIONS IN COMMONWEALTH ACT NO. 541,"AN ACT AMENDING INVESTMENT RESTRICTIONS IN COMMONWEALTH ACT NO. 541, AS AMENDED BY LETTER OF INSTRUCTIONS NO. 630, AND FOR OTHER PURPOSES","GATCHALIAN, WIN","February 8, 2018",NATIONAL,Commonwealth Act INVESTMENTS INFRASTUCTURES PUBLIC WORKS PROJECTS,ECONOMIC AFFAIRS,PENDING IN THE COMMITTEE
Senate Bill No. 1969,17th Congress (July 2016 - 2019),https://ldr.senate.gov.ph/bills/senate-bill-no-1969-17th-congress-republic,DISASTER RESILIENCE ACT OF 2018,"AN ACT CREATING THE DEPARTMENT OF DISASTER RESILIENCE, DEFINING ITS POWER AND FUNCTIONS, APPROPRIATING FUNDS THEREFOR, AND FOR OTHER PURPOSES","SOTTO III, VICENTE C.","August 30, 2018",NATIONAL,RESILIENCE DEPARTMENT OF DISASTER RESILIENCE DISASTER RISK REDUCTION AND MANAGEMENT,NATIONAL DEFENSE AND SECURITY,PENDING IN THE COMMITTEE
Senate Bill No. 1664,17th Congress (July 2016 - 2019),https://ldr.senate.gov.ph/bills/senate-bill-no-1664-17th-congress-republic,SPECIAL WORKING HOLIDAY IN THE ENTIRE COUNTRY,AN ACT DECLARING JANUARY 23 OF EVERY YEAR A SPECIAL WORKING HOLIDAY IN THE ENTIRE COUNTRY TO COMMEMORATE THE DECLARATION OF THE FIRST PHILIPPINE REPUBLIC,"GORDON, RICHARD J.","January 23, 2018",NATIONAL,HOLIDAYS (SPECIAL WORKING) FIRST PHILIPPINE REPUBLIC,"EDUCATION, ARTS AND CULTURE",PENDING IN THE COMMITTEE
Senate Bill No. 1727,17th Congress (July 2016 - 2019),https://ldr.senate.gov.ph/bills/senate-bill-no-1727-17th-congress-republic,AMENDING SEC. 8 OF R.A. NO. 6975 (DILG ACT OF 1990),"AN ACT REMOVING THE BAN ON THE APPOINTMENT OF A RETIRED OR RESIGNED MILITARY OFFICER OR POLICE OFFICIAL AS SECRETARY OF THE DEPARTMENT OF THE INTERIOR AND LOCAL GOVERNMENT (DILG) WITHIN ONE (1) YEAR FROM SUCH RETIREMENT OR RESIGNATION, AMENDING FOR THE PURPOSE SECTION 8 OF REPUBLIC ACT NO. 6975, AS AMENDED, OTHERWISE KNOWN AS THE DILG ACT OF 1990","PIMENTEL, AQUILINO ""KOKO"" III","May 3, 2018",NATIONAL,DEPARTMENT OF THE INTERIOR AND LOCAL GOVERNMENT (DILG) APPOINTMENTS MILITARY AND UNIFORMED PERSONNEL,NATIONAL DEFENSE AND SECURITY,PENDING IN THE COMMITTEE
Senate Bill No. 1737,17th Congress (July 2016 - 2019),https://ldr.senate.gov.ph/bills/senate-bill-no-1737-17th-congress-republic,COTABATO SANITARIUM AND GENERAL HOSPITAL,"AN ACT EXPANDING THE MANDATE OF COTABATO SANITARIUM IN THE MUNICIPALITY OF SULTAN KUDARAT, PROVINCE OF MAGUINDANAO, IN THE AUTONOMOUS REGION IN MUSLIM MINDANAO INTO THE COTABATO SANITARIUM AND GENERAL HOSPITAL AND APPROPRIATING FUNDS THEREFOR","EJERCITO, JOSEPH VICTOR G.","December 3, 2018",LOCAL,"HOSPITALS, UPGRADING",HEALTH AND DEMOGRAPHY,PENDING IN THE COMMITTEE
Senate Bill No. 1801,17th Congress (July 2016 - 2019),https://ldr.senate.gov.ph/bills/senate-bill-no-1801-17th-congress-republic,PROHIBITING THE IMPOSITION OF INTEREST ON UNPAID HOSPITAL BILLS AND MEDICAL EXPENSES OF PATIENTS,AN ACT PROHIBITING THE IMPOSITION OF INTEREST AND/OR PENALTY CHARGES ON UNPAID HOSPITAL BILLS AND MEDICAL EXPENSES OF PATIENTS WHO EARN MINIMUM WAGE OR LESS,"PIMENTEL, AQUILINO ""KOKO"" III","May 15, 2018",NATIONAL,PATIENTS HOSPITALS (HOSPITAL DEPOSITS/HOSPITAL BILLS/EXPENSES),HEALTH AND DEMOGRAPHY,PENDING IN THE COMMITTEE
Senate Bill No. 1981,17th Congress (July 2016 - 2019),https://ldr.senate.gov.ph/bills/senate-bill-no-1981-17th-congress-republic,HUSTISYA PARA SA LAHAT ACT OF 2018,"AN ACT TO PROVIDE FREE LEGAL ASSISTANCE TO ALL INDIGENT FILIPINOS, AMENDING FOR THE PURPOSE CHAPTER 5, TITLE III, BOOK IV OF EXECUTIVE ORDER NO. 292, OTHERWISE KNOWN AS THE 'ADMINISTRATIVE CODE OF 1987', APPROPRIATING FUNDS THEREFOR, AND FOR OTHER PURPOSES","POE, GRACE","May 9, 2018",NATIONAL,FREE LEGAL AID INDIGENT PERSONS ADMINISTRATIVE CODE OF 1987 (E.O.NO. 292),JUSTICE AND HUMAN RIGHTS,PENDING IN THE COMMITTEE
Senate Bill No. 2045,17th Congress (July 2016 - 2019),https://ldr.senate.gov.ph/bills/senate-bill-no-2045-17th-congress-republic,NORTHERN BUKIDNON STATE COLLEGE,"AN ACT CONVERTING THE NORTHERN BUKIDNON COMMUNITY COLLEGE IN THE MUNICIPALITY OF MANOLO FORTICH, PROVINCE OF BUKIDNON, INTO A STATE COLLEGE TO BE KNOWN AS THE NORTHERN BUKIDNON STATE COLLEGE, AND APPROPRIATING FUNDS THEREFOR","ZUBIRI, JUAN MIGUEL ""MIGZ"" F.","February 10, 2018",NATIONAL,STATE COLLEGES AND UNIVERSITIES (SCUS),"EDUCATION, ARTS AND CULTURE",CONSOLIDATED/SUBSTITUTED IN THE COMMITTEE REPORT
Senate Bill No. 1875,17th Congress (July 2016 - 2019),https://ldr.senate.gov.ph/bills/senate-bill-no-1875-17th-congress-republic,RANK CLASSIFICATION IN THE PHILIPPINE NATIONAL POLICE,"AN ACT PROVIDING FOR THE RANK CLASSIFICATION IN THE PHILIPPINE NATIONAL POLICE, AMENDING FOR THE PURPOSE SECTION 28 OF REPUBLIC ACT NO. 6975, OTHERWISE KNOWN AS THE DEPARTMENT OF THE INTERIOR AND LOCAL GOVERNMENT ACT OF 1990, AND FOR OTHER PURPOSES","POE, GRACE","July 16, 2018",NATIONAL,PHILIPPINE NATIONAL POLICE (PNP) DEPARTMENT OF THE INTERIOR AND LOCAL GOVERNMENT (DILG),PUBLIC ORDER AND DANGEROUS DRUGS,CONSOLIDATED/SUBSTITUTED IN THE COMMITTEE REPORT
Senate Bill No. 1939,17th Congress (July 2016 - 2019),https://ldr.senate.gov.ph/bills/senate-bill-no-1939-17th-congress-republic,POWER LINE INTEGRITY AND RELIABILITY ACT OF 2018,"AN ACT ENSURING THE CONTINUOUS AND UNINTERRUPTED TRANSMISSION AND DISTRIBUTION OF ELECTRICITY, THE PROTECTION OF THE INTEGRITY AND RELIABILITY OF POWER LINES, AND PROVIDING PENALTIES FOR VIOLATIONS THEREOF","GATCHALIAN, WIN","August 15, 2018",NATIONAL,Electricity POWER LINES ENERGY GENERATING FACILITIES,ENERGY,CONSOLIDATED/SUBSTITUTED IN THE COMMITTEE REPORT
Senate Bill No. 2119,17th Congress (July 2016 - 2019),https://ldr.senate.gov.ph/bills/senate-bill-no-2119-17th-congress-republic,RURAL EMPLOYMENT ASSISTANCE PROGRAM ACT,AN ACT PROVIDING FOR A RURAL EMPLOYMENT ASSISTANCE PROGRAM AND APPROPRIATING FUNDS THEREFOR,"AQUINO IV, PAOLO BENIGNO ""BAM""","November 29, 2018",NATIONAL,RURAL EMPLOYMENT,"SOCIAL JUSTICE, WELFARE AND RURAL DEVELOPMENT","PENDING SECOND READING, SPECIAL ORDER"
Senate Bill No. 1695,17th Congress (July 2016 - 2019),https://ldr.senate.gov.ph/bills/senate-bill-no-1695-17th-congress-republic,LAND TRANSPORTATION STATIONS TO PROVIDE FREE INTERNET AND FREE ACCESS TO SANITARY FACILITIES,"AN ACT TO IMPROVE LAND TRANSPORTATION TERMINALS, STATIONS, AND STOPS, APPROPRIATING FUNDS THEREFOR, AND FOR OTHER PURPOSES","POE, GRACE","February 14, 2018",NATIONAL,TRANSPORTATION TERMINALS WI-FI INTERNET ACCESS RESTROOMS,PUBLIC SERVICES,CONSOLIDATED/SUBSTITUTED IN THE COMMITTEE REPORT
Senate Bill No. 1644,17th Congress (July 2016 - 2019),https://ldr.senate.gov.ph/bills/senate-bill-no-1644-17th-congress-republic,OPEN ACCESS IN DATA TRANSMISSION ACT,"AN ACT PROMOTING OPEN ACCESS IN DATA TRANSMISSION, PROVIDING ADDITIONAL POWERS TO THE NATIONAL TELECOMMUNICATIONS COMMISSION, AND FOR OTHER PURPOSES","GATCHALIAN, WIN","October 1, 2018",NATIONAL,OPEN ACCESS IN DATA TRANSMISSION,SCIENCE AND TECHNOLOGY,CONSOLIDATED/SUBSTITUTED IN THE COMMITTEE REPORT
Senate Bill No. 2130,17th Congress (July 2016 - 2019),https://ldr.senate.gov.ph/bills/senate-bill-no-2130-17th-congress-republic,PRISON REFORM ACT OF 2018,AN ACT INSTITUTIONALIZING PRISON REFORM AND RESTORATIVE JUSTICE IN PHILIPPINE CORRECTIONAL SYSTEM AND FOR OTHER PURPOSES,"DE LIMA, LEILA M.","October 12, 2018",NATIONAL,PRISON REFORM JAIL FACILITY/PRISON FACILITY,JUSTICE AND HUMAN RIGHTS,PENDING IN THE COMMITTEE
Senate Bill No. 1707,17th Congress (July 2016 - 2019),https://ldr.senate.gov.ph/bills/senate-bill-no-1707-17th-congress-republic,RIGHT TO ADEQUATE FOOD FRAMEWORK ACT,AN ACT PROVIDING A FRAMEWORK FOR THE RIGHT TO ADEQUATE FOOD,"ANGARA, SONNY","February 26, 2018",NATIONAL,FOOD SECURITY ADEQUATE FOOD FRAMEWORK,JUSTICE AND HUMAN RIGHTS,PENDING IN THE COMMITTEE
Senate Bill No. 1780,17th Congress (July 2016 - 2019),https://ldr.senate.gov.ph/bills/senate-bill-no-1780-17th-congress-republic,MEDICAL SCHOLARSHIP AND RETURN SERVICE PROGRAM ACT,"AN ACT ORDAINING A SYSTEM TO ENSURE AVAILABLE DOCTORS AND HEALTH CARE IN UNDERSERVED AND GEOGRAPHICALLY DISADVANTAGED AREAS BY CREATING A MEDICAL SCHOLARSHIP AND RETURN SERVICE PROGRAM FOR DESERVING STUDENTS, AND APPROPRIATING FUNDS THEREFOR","POE, GRACE","April 17, 2018",NATIONAL,MEDICAL SCHOLARSHIP DOCTORS/PHYSICIANS/DENTISTS HEALTH CARE WORKERS,HEALTH AND DEMOGRAPHY,PENDING IN THE COMMITTEE
Senate Bill No. 1846,17th Congress (July 2016 - 2019),https://ldr.senate.gov.ph/bills/senate-bill-no-1846-17th-congress-republic,FRANCISCA REYES-AQUINO DAY,AN ACT DECLARING NOVEMBER 21 OF EVERY YEAR A SPECIAL WORKING HOLIDAY TO COMMEMORATE THE DEATH AND CONTRIBUTIONS OF FRANCISCA REYES-AQUINO,"HONTIVEROS, RISA","May 31, 2018",NATIONAL,HOLIDAYS (SPECIAL WORKING),"EDUCATION, ARTS AND CULTURE",PENDING IN THE COMMITTEE
Senate Bill No. 2025,17th Congress (July 2016 - 2019),https://ldr.senate.gov.ph/bills/senate-bill-no-2025-17th-congress-republic,STRENGTHENING THE COMMISSION ON ELECTIONS,"AN ACT STRENGTHENING THE COMMISSION ON ELECTIONS, AMENDING FOR THE PURPOSE PERTINENT PROVISIONS OF BATAS PAMBANSA BLG. 881, OTHERWISE KNOWN AS THE 'OMNIBUS ELECTION CODE', AS AMENDED, PROVIDING FUNDS THEREFOR, AND FOR OTHER PURPOSES","DE LIMA, LEILA M.","September 24, 2018",NATIONAL,COMMISSION ON ELECTION (COMELEC) OMNIBUS ELECTION CODE (BATAS PAMBANSA BLG. 881),ELECTORAL REFORMS AND PEOPLES PARTICIPATION,"PENDING SECOND READING, SPECIAL ORDER"
Senate Bill No. 2088,17th Congress (July 2016 - 2019),https://ldr.senate.gov.ph/bills/senate-bill-no-2088-17th-congress-republic,GOVERNMENT PERFORMANCE AND RESULTS ACT,"AN ACT PROVIDING FOR THE ESTABLISHMENT, TESTING, AND EVALUATION OF STRATEGIC PLANNING AND PERFORMANCE MEASUREMENT IN THE GOVERNMENT","BINAY, MARIA LOURDES NANCY S.","November 13, 2018",NATIONAL,GOVERNMENT PERFORMANCE ACT,"CIVIL SERVICE, GOVERNMENT REORGANIZATION AND PROFESSIONAL REGULATION",PENDING IN THE COMMITTEE
Senate Bill No. 1854,17th Congress (July 2016 - 2019),https://ldr.senate.gov.ph/bills/senate-bill-no-1854-17th-congress-republic,REFUGEES AND STATELESS PERSONS PROTECTION ACT OF 2018,"AN ACT PROTECTING THE RIGHTS OF REFUGEES AND STATELESS PERSONS, ESTABLISHING THE REFUGEES AND STATELESS PERSONS PROTECTION BOARD, AND FOR OTHER PURPOSES","DE LIMA, LEILA M.","June 20, 2018",NATIONAL,REFUGEES STATELESS PERSONS,JUSTICE AND HUMAN RIGHTS,PENDING IN THE COMMITTEE
Senate Bill No. 1918,17th Congress (July 2016 - 2019),https://ldr.senate.gov.ph/bills/senate-bill-no-1918-17th-congress-republic,"CONVERTING THE PIO MODEL COMMUNITY AS BARANGAY ADELINA IN PORAC, PAMPANGA","AN ACT CONVERTING THE PIO MODEL COMMUNITY IN BARANGAY PIO, MUNICIPALITY OF PORAC, PROVINCE OF PAMPANGA, INTO A BARANGAY, NAMING IT AS BARANGAY ADELINA, AND FOR OTHER PURPOSES","Paolo Benigno ""Bam"" Aquino IV","July 8, 2018",LOCAL,"BARANGAY, CREATION",RULES,PENDING IN THE COMMITTEE
Senate Bill No. 2096,17th Congress (July 2016 - 2019),https://ldr.senate.gov.ph/bills/senate-bill-no-2096-17th-congress-republic,ORGAN DONATION ACT OF 2018,"AN ACT PROVIDING FOR AN 'OPT-OUT' SYSTEM OF ORGAN DONATION AND TRANSPLANTATION, AMENDING REPUBLIC ACT NO. 7170 OTHERWISE KNOWN AS THE 'ORGAN DONATION ACT OF 1991,' PROMOTING THE RIGHT TO HEALTH, PROVIDING PENALTIES THEREFOR, AND FOR OTHER PURPOSES","GORDON, RICHARD J.","November 14, 2018",NATIONAL,ORGAN DONATION,HEALTH AND DEMOGRAPHY,CONSOLIDATED/SUBSTITUTED IN THE COMMITTEE REPORT
Senate Bill No. 1674,17th Congress (July 2016 - 2019),https://ldr.senate.gov.ph/bills/senate-bill-no-1674-17th-congress-republic,ALLOWING ACCESS TO PWDS WITH GUIDE ANIMALS,"AN ACT IMPROVING ACCESS OF PERSONS WITH DISABILITY TO PUBLIC AND PRIVATE FACILITIES, AMENDING FOR THE PURPOSE REPUBLIC ACT NO. 7277 OTHERWISE KNOWN AS THE MAGNA CARTA FOR DISABLED PERSONS","BINAY, MARIA LOURDES NANCY S.","January 31, 2018",NATIONAL,PERSONS WITH DISABILITIES (PWDS) MAGNA CARTA FOR DISABLED PERSONS GUIDE ANIMALS,"SOCIAL JUSTICE, WELFARE AND RURAL DEVELOPMENT",PENDING IN THE COMMITTEE
Senate Bill No. 1748,17th Congress (July 2016 - 2019),https://ldr.senate.gov.ph/bills/senate-bill-no-1748-17th-congress-republic,PHILIPPINE MARINE CORPS ACT,"AN ACT ESTABLISHING THE PHILIPPINE MARINE CORPS, DEFINING ITS POWERS AND FUNCTIONS, APPROPRIATING FUNDS THEREFOR, AND FOR OTHER PURPOSES","ZUBIRI, JUAN MIGUEL ""MIGZ"" F.","March 15, 2018",NATIONAL,PHILIPPINE MARINE CORPS ACT,NATIONAL DEFENSE AND SECURITY,PENDING IN THE COMMITTEE
Senate Bill No. 1812,17th Congress (July 2016 - 2019),https://ldr.senate.gov.ph/bills/senate-bill-no-1812-17th-congress-republic,"AMENDING PRESIDENTIAL DECREE NO. 1612, (ANTI-FENCING LAW)","AN ACT AMENDING PRESIDENTIAL DECREE NO. 1612, OR THE ANTI-FENCING LAW","PIMENTEL, AQUILINO ""KOKO"" III","May 21, 2018",NATIONAL,ANTI-FENCING,JUSTICE AND HUMAN RIGHTS,PENDING IN THE COMMITTEE
Senate Bill No. 1992,17th Congress (July 2016 - 2019),https://ldr.senate.gov.ph/bills/senate-bill-no-1992-17th-congress-republic,RURAL EMPLOYMENT ASSISTANCE PROGRAM ACT,AN ACT PROVIDING FOR A RURAL EMPLOYMENT ASSISTANCE PROGRAM AND APPROPRIATING FUNDS THEREFOR,"SOTTO III, VICENTE C.","November 9, 2018",NATIONAL,RURAL EMPLOYMENT,"SOCIAL JUSTICE, WELFARE AND RURAL DEVELOPMENT",CONSOLIDATED/SUBSTITUTED IN THE COMMITTEE REPORT
Senate Bill No. 2056,17th Congress (July 2016 - 2019),https://ldr.senate.gov.ph/bills/senate-bill-no-2056-17th-congress-republic,MAKATARUNGANG TRANSISYON TUNGO SA MODERNISASYON,"AN ACT PROVIDING FOR A JUST AND EQUITABLE TRANSITION FOR PUBLIC UTILITY VEHICLE (PUV) MODERNIZATION, WITH TRANSITORY ASSISTANCE AND SERVICES RENDERED TO PUV DRIVERS, OPERATORS AND STAKEHOLDERS","Paolo Benigno ""Bam"" Aquino IV","August 10, 2018",NATIONAL,PUBLIC UTILITY VEHICLES PUBLIC UTILITY VEHICLE DRIVERS TRANSPORTATION,PUBLIC SERVICES,PENDING IN THE COMMITTEE
Senate Bill No. 1885,17th Congress (July 2016 - 2019),https://ldr.senate.gov.ph/bills/senate-bill-no-1885-17th-congress-republic,PROTECTION FOR OVERSEAS FILIPINO WORKERS IN THE CUSTODY OF GOVERNMENT OFFICERS/EMPLOYEES,"AN ACT ENHANCING PROTECTION FOR OVERSEAS FILIPINO WORKERS IN THE CUSTODY OF GOVERNMENT OFFICERS/EMPLOYEES, AMENDING FOR THIS PURPOSE REPUBLIC ACT 8042","BINAY, MARIA LOURDES NANCY S.","July 25, 2018",NATIONAL,OVERSEAS FILIPINO WORKERS (OFW) GOVERNMENT OFFICIAL/PUBLIC OFFICIAL MIGRANT WORKERS AND OVERSEAS FILIPINOS ACT OF 1995 (R.A.NO. 8042),"LABOR, EMPLOYMENT AND HUMAN RESOURCES DEVELOPMENT",PENDING IN THE COMMITTEE
Senate Bill No. 1949,17th Congress (July 2016 - 2019),https://ldr.senate.gov.ph/bills/senate-bill-no-1949-17th-congress-republic,INCREASING THE AGE OF CONSENT TO PROVIDE A STRONGER PROTECTION TO CHILDREN,"AN ACT INCREASING THE AGE OF CONSENT TO PROVIDE A STRONGER PROTECTION TO CHILDREN, AND AMENDING FOR THIS PURPOSE ARTICLE 266-A (1) (D) OF ACT NO. 3815, AS AMENDED, OTHERWISE KNOWN AS THE REVISED PENAL CODE","DE LIMA, LEILA M.","August 28, 2018",NATIONAL,CHILDREN/CHILD CARE REVISED PENAL CODE (R.A. NO. 3815),JUSTICE AND HUMAN RIGHTS,PENDING IN THE COMMITTEE
Senate Bill No. 2003,17th Congress (July 2016 - 2019),https://ldr.senate.gov.ph/bills/senate-bill-no-2003-17th-congress-republic,DIRECT RECORDING ELECTRONIC ELECTION SYSTEM,"AN ACT FURTHER AMENDING REPUBLIC ACT NO. 8436, AS AMENDED BY REPUBLIC ACT NO. 9369, AND OTHER RELATED ELECTIONS LAWS, AND FOR OTHER PURPOSES","GORDON, RICHARD J.","December 9, 2018",NATIONAL,AUTOMATED ELECTION SYSTEM (R.A.NO. 9369) ELECTIONS/ELECTORAL REFORMS,ELECTORAL REFORMS AND PEOPLES PARTICIPATION,PENDING IN THE COMMITTEE
Senate Bill No. 2067,17th Congress (July 2016 - 2019),https://ldr.senate.gov.ph/bills/senate-bill-no-2067-17th-congress-republic,"LAND TRANSPORTATION SATELLITE OFFICE IN THE MUNICIPALITY OF KIBAWE, BUKIDNON","AN ACT ESTABLISHING A LAND TRANSPORTATION SATELLITE OFFICE IN THE MUNICIPALITY OF KIBAWE, PROVINCE OF BUKIDNON AND APPROPRIATING FUNDS THEREFOR AND FOR OTHER PURPOSES","ZUBIRI, JUAN MIGUEL ""MIGZ"" F.","October 10, 2018",LOCAL,LAND TRANSPORTATION OFFICE (LTO),PUBLIC SERVICES,CONSOLIDATED/SUBSTITUTED IN THE COMMITTEE REPORT
Senate Bill No. 1897,17th Congress (July 2016 - 2019),https://ldr.senate.gov.ph/bills/senate-bill-no-1897-17th-congress-republic,PHILIPPINE ROAD SAFETY INSTITUTE ACT OF 2018,AN ACT PROVIDING FOR THE CREATION OF THE PHILIPPINE ROAD SAFETY INSTITUTE UNDER THE U.P. NATIONAL CENTER FOR TRANSPORT STUDIES,"DE LIMA, LEILA M.","July 31, 2018",NATIONAL,ROAD SAFETY University of the Philippines (U.P.),PUBLIC SERVICES,PENDING IN THE COMMITTEE
Senate Bill No. 1959,17th Congress (July 2016 - 2019),https://ldr.senate.gov.ph/bills/senate-bill-no-1959-17th-congress-republic,COMPREHENSIVE NUCLEAR REGULATION ACT,"AN ACT PROVIDING FOR A COMPREHENSIVE NUCLEAR REGULATION, CREATING FOR THE PURPOSE, THE PHILIPPINE NUCLEAR REGULATORY COMMISSION, AND APPROPRIATING FUNDS THEREFOR","EJERCITO, JOSEPH VICTOR G.","August 30, 2018",NATIONAL,NUCLEAR PHILIPPINE NUCLEAR REGULATORY COMMISSION,SCIENCE AND TECHNOLOGY,CONSOLIDATED/SUBSTITUTED IN THE COMMITTEE REPORT
Senate Bill No. 1653,17th Congress (July 2016 - 2019),https://ldr.senate.gov.ph/bills/senate-bill-no-1653-17th-congress-republic,ELECTRICITY PROCUREMENT ACT OF 2018,AN ACT INSTITUTIONALIZING REFORMS IN THE PROCUREMENT BY DISTRIBUTION UTILITIES AND OTHER DISTRIBUTION ENTITIES OF SUPPLY FOR THE CAPTIVE MARKET,"GATCHALIAN, WIN","January 18, 2018",NATIONAL,Electricity,ENERGY,"PENDING SECOND READING, SPECIAL ORDER"
Senate Bill No. 1715,17th Congress (July 2016 - 2019),https://ldr.senate.gov.ph/bills/senate-bill-no-1715-17th-congress-republic,PREVENTION OF TERRORISM ACT OF 2017,"AN ACT AMENDING R.A. 9372 OTHERWISE KNOWN AS THE ACT TO SECURE THE STATE AND PROTECT OUR PEOPLE FROM TERRORISM OR THE HUMAN SECURITY ACT (HSA) OF 2007, APPROPRIATING FUNDS THEREFOR AND FOR OTHER PURPOSES","SOTTO III, VICENTE C.","February 28, 2018",NATIONAL,TERRORISM HUMAN SECURITY ACT,PUBLIC ORDER AND DANGEROUS DRUGS,CONSOLIDATED/SUBSTITUTED IN THE COMMITTEE REPORT
Senate Bill No. 1791,17th Congress (July 2016 - 2019),https://ldr.senate.gov.ph/bills/senate-bill-no-1791-17th-congress-republic,JUDICIARY EXEMPTION FROM SALARY STANDARDIZATION ACT OF 2018,"AN ACT STRENGTHENING THE COURT SYSTEM IN THE PHILIPPINES, AMENDING FOR THE PURPOSE SECTIONS 4 AND 8 OF REPUBLIC ACT NO. 6758, OTHERWISE KNOWN AS THE 'COMPENSATION AND POSITION CLASSIFICATION ACT OF 1989', AS AMENDED, THEREBY EXEMPTING THE JUDICIARY FROM SAID LAW","POE, GRACE","February 5, 2018",NATIONAL,COMPENSATION AND POSITION CLASSIFICATION SYSTEM JUDICIARY,JUSTICE AND HUMAN RIGHTS,PENDING IN THE COMMITTEE
Senate Bill No. 2035,17th Congress (July 2016 - 2019),https://ldr.senate.gov.ph/bills/senate-bill-no-2035-17th-congress-republic,FRANCHISE GRANTED TO THE IGLESIA NI CRISTO,"AN ACT EXTENDING FOR ANOTHER TWENTY-FIVE (25) YEARS THE FRANCHISE GRANTED TO THE IGLESIA NI CRISTO, AMENDING FOR THE PURPOSE REPUBLIC ACT NO. 4339, ENTITLED 'AN ACT GRANTING THE IGLESIA NI CRISTO A FRANCHISE TO ESTABLISH RADIO STATIONS FOR PRIVATE TELECOMMUNICATION', AS AMENDED BY REPUBLIC ACT NO. 7225, AND FOR OTHER PURPOSES","EJERCITO, JOSEPH VICTOR G.","September 26, 2018",NATIONAL,IGLESIA NI CRISTO (INC) FRANCHISE SALES/FRANCHISE BUSINESS,PUBLIC SERVICES,CONSOLIDATED/SUBSTITUTED IN THE COMMITTEE REPORT
Senate Bill No. 2128,17th Congress (July 2016 - 2019),https://ldr.senate.gov.ph/bills/senate-bill-no-2128-17th-congress-republic,PHILIPPINE COAST GUARD GENERAL HOSPITAL ACT,"AN ACT ESTABLISHING AND CONSTRUCTING A HOSPITAL FOR THE PHILIPPINE COAST GUARD, IT'S PERSONNEL AND DEPENDENTS TO BE KNOWN AS THE PHILIPPINE COAST GUARD GENERAL HOSPITAL AND APPROPRIATING FUNDS THEREFOR","EJERCITO, JOSEPH VICTOR G.","May 12, 2018",NATIONAL,PHILIPPINE COAST GUARD HOSPITALS (GOVERNMENT HOSPITALS),HEALTH AND DEMOGRAPHY,CONSOLIDATED/SUBSTITUTED IN THE COMMITTEE REPORT
Senate Bill No. 1883,17th Congress (July 2016 - 2019),https://ldr.senate.gov.ph/bills/senate-bill-no-1883-17th-congress-republic,OPEN EXTRACTIVES DATA ACT,AN ACT IMPROVING THE DISCLOSURE AND TRANSPARENCY OF THE EXTRACTIVE INDUSTRIES,"POE, GRACE","July 24, 2018",NATIONAL,EXTRACTIVE INDUSTRIES,ENVIRONMENT AND NATURAL RESOURCES,PENDING IN THE COMMITTEE
Senate Bill No. 1946,17th Congress (July 2016 - 2019),https://ldr.senate.gov.ph/bills/senate-bill-no-1946-17th-congress-republic,CAMPAIGN REFORMS ACT OF 2018,"AN ACT REFORMING ELECTORAL CAMPAIGN BY INSTITUTING COMMON CAMPAIGN ADVERTISEMENTS, STAGING OF TOWN-HALL STYLE DEBATES, DESIGNATION OF COMMON POSTER AREAS IN EVERY BARANGAY, THE PROHIBITION OF PUBLICATION OF POLLS AND SURVEYS DURING THE CAMPAIGN PERIOD","GORDON, RICHARD J.","August 15, 2018",NATIONAL,ELECTIONS/ELECTORAL REFORMS ADVERTISING/ADVERTISEMENTS,ELECTORAL REFORMS AND PEOPLES PARTICIPATION,PENDING IN THE COMMITTEE
Senate Bill No. 1703,17th Congress (July 2016 - 2019),https://ldr.senate.gov.ph/bills/senate-bill-no-1703-17th-congress-republic,FAITH ACADEMY AS AN EDUCATIONAL INSTITUTION OF INTERNATIONAL CHARACTER,"AN ACT RECOGNIZING FAITH ACADEMY, INCORPORATED AS AN EDUCATIONAL INSTITUTION OF INTERNATIONAL CHARACTER, GRANTING CERTAIN PREROGATIVES CONDUCIVE TO ITS GROWTH AS SUCH, AND FOR OTHER PURPOSES","LACSON, PANFILO M.","February 21, 2018",NATIONAL,"FAITH ACADEMY educational institutions INTERNATIONAL SCHOOLS, RECOGNITION","EDUCATION, ARTS AND CULTURE",CONSOLIDATED/SUBSTITUTED IN THE COMMITTEE REPORT
Senate Bill No. 2020,17th Congress (July 2016 - 2019),https://ldr.senate.gov.ph/bills/senate-bill-no-2020-17th-congress-republic,AMENDING ART. 1773 OF R.A.NO. 386 (THE NEW CIVIL CODE OF THE PHILIPPINES),"AN ACT AMENDING ARTICLE 1773 OF REPUBLIC ACT NO. 386, OTHERWISE KNOWN AS THE NEW CIVIL CODE OF THE PHILIPPINES BY CLARIFYING THE LEGAL EFFECT OF FAILURE TO COMPLY WITH THE FORMAL REQUIREMENTS IN A CONTRACT OF PARTNERSHIP WHERE AN IMMOVABLE PROPERTY IS CONTRIBUTED","BINAY, MARIA LOURDES NANCY S.","September 19, 2018",NATIONAL,CIVIL CODE OF THE PHILIPPINES,"TRADE, COMMERCE AND ENTREPRENEURSHIP",PENDING IN THE COMMITTEE
Senate Bill No. 2085,17th Congress (July 2016 - 2019),https://ldr.senate.gov.ph/bills/senate-bill-no-2085-17th-congress-republic,INFANT AND TODDLER DURABLE PRODUCT SAFETY ACT,AN ACT ESTABLISHING A CONSUMER PRODUCT SAFETY STANDARD FOR EACH DURABLE INFANT OR TODDLER PRODUCT,"BINAY, MARIA LOURDES NANCY S.","December 11, 2018",NATIONAL,INFANT/TODDLER PRODUCT CONSUMER PROTECTION BABY/INFANT,"TRADE, COMMERCE AND ENTREPRENEURSHIP",PENDING IN THE COMMITTEE
Senate Bill No. 1777,17th Congress (July 2016 - 2019),https://ldr.senate.gov.ph/bills/senate-bill-no-1777-17th-congress-republic,FAIR ELECTION ACT (LOWER RATES OF POLITICAL PROPAGANDA),"AN ACT AMENDING REPUBLIC ACT NO. 9006, OTHERWISE KNOWN AS THE FAIR ELECTION ACT","PIMENTEL, AQUILINO ""KOKO"" III","April 4, 2018",NATIONAL,FAIR ELECTIONS ACT (R.A.NO. 9006) POLITICAL PROPAGANDA ELECTIONS/ELECTORAL REFORMS,ELECTORAL REFORMS AND PEOPLES PARTICIPATION,CONSOLIDATED/SUBSTITUTED IN THE COMMITTEE REPORT
Senate Bill No. 1841,17th Congress (July 2016 - 2019),https://ldr.senate.gov.ph/bills/senate-bill-no-1841-17th-congress-republic,ABOLISHING THE TRAVEL TAX,AN ACT ABOLISHING THE TRAVEL TAX,"PIMENTEL, AQUILINO ""KOKO"" III","May 30, 2018",NATIONAL,TRAVEL TAX ABOLITION TAXES/TAXATION,WAYS AND MEANS,PENDING IN THE COMMITTEE
Senate Bill No. 2098,17th Congress (July 2016 - 2019),https://ldr.senate.gov.ph/bills/senate-bill-no-2098-17th-congress-republic,ANTI-OBSTRUCTION OF POWER LINES ACT OF 2018,"AN ACT ENSURING THE CONTINUOUS AND UNINTERRUPTED TRANSMISSION AND DISTRIBUTION OF ELECTRICITY AND THE PROTECTION OF THE INTEGRITY AND RELIABILITY OF POWER LINES, AND PROVIDING PENALTIES FOR VIOLATIONS THEREOF","GATCHALIAN, WIN","November 15, 2018",NATIONAL,Electricity POWER LINES ENERGY GENERATING FACILITIES,ENERGY,APPROVED BY THE PRESIDENT OF THE PHILIPPINES
Senate Bill No. 1788,17th Congress (July 2016 - 2019),https://ldr.senate.gov.ph/bills/senate-bill-no-1788-17th-congress-republic,SHARE OF LOCAL GOVERNMENT UNITS IN INTERNAL REVENUE TAXES,AN ACT TO ENHANCE THE SHARE OF LOCAL GOVERNMENT UNITS IN INTERNAL REVENUE TAXES,"ANGARA, SONNY","April 26, 2018",NATIONAL,INTERNAL REVENUE ALLOTMENT (LOCAL GOVERNMENT UNITS) TAXES/TAXATION,LOCAL GOVERNMENT,PENDING IN THE COMMITTEE
Senate Bill No. 1852,17th Congress (July 2016 - 2019),https://ldr.senate.gov.ph/bills/senate-bill-no-1852-17th-congress-republic,FREE ACCESS TO GOVERNMENT WEBSITES ACT,AN ACT REQUIRING PUBLIC TELECOMMUNICATIONS ENTITIES TO PROVIDE ITS SUBSCRIBERS WITH FREE ACCESS TO GOVERNMENT WEBSITES,"DE LIMA, LEILA M.","June 18, 2018",NATIONAL,TELECOMMUNICATIONS WI-FI INTERNET ACCESS,PUBLIC SERVICES,PENDING IN THE COMMITTEE
Senate Bill No. 2106,17th Congress (July 2016 - 2019),https://ldr.senate.gov.ph/bills/senate-bill-no-2106-17th-congress-republic,CISFA AMENDMENTS OF 2018,"AN ACT ESTABLISHING A UNIFIED HOUSING AND URBAN DEVELOPMENT FUND AND A CENTRALIZED HOME FINANCING PROGRAM, AMENDING FOR THE PURPOSE REPUBLIC ACT NO. 7835, OTHERWISE KNOWN AS THE 'COMPREHENSIVE AND INTEGRATED SHELTER FINANCING ACT (CISFA) OF 1994'","EJERCITO, JOSEPH VICTOR G.","November 21, 2018",NATIONAL,COMPREHENSIVE AND INTEGRATED SHELTER FINANCING ACT (CISFA) UNIFIED HOUSING AND URBAN DEVELOPMENT FUND HOUSING (AFFORDABLE RESIDENTIAL HOUSING),"URBAN PLANNING, HOUSING AND RESETTLEMENT",PENDING IN THE COMMITTEE
Senate Bill No. 1862,17th Congress (July 2016 - 2019),https://ldr.senate.gov.ph/bills/senate-bill-no-1862-17th-congress-republic,EXPANDED SEAT BELTS USE ACT OF 2018,"AN ACT AMENDING SECTION 5 AND SECTION 12 OF REPUBLIC ACT NO. 8750, OTHERWISE KNOWN AS SEAT BELTS USE ACT OF 1999","DE LIMA, LEILA M.","April 7, 2018",NATIONAL,SEATBELTS,PUBLIC SERVICES,PENDING IN THE COMMITTEE
Senate Bill No. 1926,17th Congress (July 2016 - 2019),https://ldr.senate.gov.ph/bills/senate-bill-no-1926-17th-congress-republic,MAGNA CARTA FOR DAY CARE WORKERS,AN ACT GRANTING THE MAGNA CARTA FOR DAY CARE WORKERS,"BINAY, MARIA LOURDES NANCY S.","September 8, 2018",NATIONAL,MAGNA CARTA FOR DAY CARE WORKERS,"SOCIAL JUSTICE, WELFARE AND RURAL DEVELOPMENT",CONSOLIDATED/SUBSTITUTED IN THE COMMITTEE REPORT
Senate Bill No. 1682,17th Congress (July 2016 - 2019),https://ldr.senate.gov.ph/bills/senate-bill-no-1682-17th-congress-republic,AUTHORIZING THE DEPARTMENT OF HEALTH TO SET AND APPROVE THE SERVICE CAPABILITY OF DOH HOSPITALS,AN ACT AUTHORIZING THE DEPARTMENT OF HEALTH TO SET AND APPROVE THE BED CAPACITY AND THE SERVICE CAPABILITY OF ALL DOH HOSPITALS,"ANGARA, SONNY","July 2, 2018",NATIONAL,DEPARTMENT OF HEALTH (DOH) HOSPITALS (GOVERNMENT HOSPITALS),HEALTH AND DEMOGRAPHY,PENDING IN THE COMMITTEE
Senate Bill No. 2000,17th Congress (July 2016 - 2019),https://ldr.senate.gov.ph/bills/senate-bill-no-2000-17th-congress-republic,AMENDING REPUBLIC ACT NO. 10361 (DOMESTIC WORKERS ACT),"AN ACT AMENDING REPUBLIC ACT NO. 10361, OR THE DOMESTIC WORKERS ACT, BY CLARIFYING THAT THE FINE IMPOSED THEREIN SHALL INURE TO THE SOLE BENEFIT OF THE AGGRIEVED DOMESTIC WORKER, WHICH MAY BE AWARDED IN THE SAME LABOR, CIVIL OR CRIMINAL PROCEEDINGS INSTITUTED BY THE DOMESTIC WORKER","BINAY, MARIA LOURDES NANCY S.","December 9, 2018",NATIONAL,DOMESTIC WORKER BATAS KASAMBAHAY (R.A.NO. 10361) HOUSEHOLD HELPERS,"LABOR, EMPLOYMENT AND HUMAN RESOURCES DEVELOPMENT",PENDING IN THE COMMITTEE
Senate Bill No. 2064,17th Congress (July 2016 - 2019),https://ldr.senate.gov.ph/bills/senate-bill-no-2064-17th-congress-republic,"AMENDING SEC. 15, RA NO. 8436 (FILING OF THE CERTIFICATE OF CANDIDACY)","AN ACT AMENDING SECTION 15 OF REPUBLIC ACT NO. 8436, AS AMENDED BY REPUBLIC ACT NO. 9369","GORDON, RICHARD J.","September 10, 2018",NATIONAL,ELECTIONS/ELECTORAL REFORMS,ELECTORAL REFORMS AND PEOPLES PARTICIPATION,"PENDING SECOND READING, SPECIAL ORDER"
Senate Bill No. 1756,17th Congress (July 2016 - 2019),https://ldr.senate.gov.ph/bills/senate-bill-no-1756-17th-congress-republic,BORACAY ISLAND COUNCIL,AN ACT CREATING THE BORACAY ISLAND COUNCIL,Franklin M. Drilon,"March 20, 2018",NATIONAL,BORACAY ISLAND,ENVIRONMENT AND NATURAL RESOURCES,PENDING IN THE COMMITTEE
Senate Bill No. 1820,17th Congress (July 2016 - 2019),https://ldr.senate.gov.ph/bills/senate-bill-no-1820-17th-congress-republic,BALANGA WETLAND AND NATURE PARK,"AN ACT DECLARING THE BALANGA WETLAND AND NATURE PARK, IN BARANGAY TORTUGAS, CITY OF BALANGA AS A RESPONSIBLE, COMMUNITY-BASED ECOTOURISM ZONE, AND APPROPRIATING FUNDS THEREFOR","VILLAR, CYNTHIA A.","May 28, 2018",NATIONAL,BALANGA WETLAND AND NATURE PARK TOURISM (ECOTOURISM ZONE/ECOTOURISM SITE),ENVIRONMENT AND NATURAL RESOURCES,CONSOLIDATED/SUBSTITUTED IN THE COMMITTEE REPORT
Senate Bill No. 1894,17th Congress (July 2016 - 2019),https://ldr.senate.gov.ph/bills/senate-bill-no-1894-17th-congress-republic,MAGNA CARTA FOR CHILD DEVELOPMENT WORKERS ACT OF 2018,AN ACT INSTITUTING THE MAGNA CARTA FOR CHILD DEVELOPMENT WORKERS AND PROVIDING FUNDS THEREFOR,"DE LIMA, LEILA M.","July 30, 2018",NATIONAL,MAGNA CARTA FOR CHILD DEVELOPMENT WORKERS,"SOCIAL JUSTICE, WELFARE AND RURAL DEVELOPMENT",CONSOLIDATED/SUBSTITUTED IN THE COMMITTEE REPORT
Senate Bill No. 1956,17th Congress (July 2016 - 2019),https://ldr.senate.gov.ph/bills/senate-bill-no-1956-17th-congress-republic,ANTI-TERRORISM ACT OF 2018,"AN ACT AMENDING CERTAIN PROVISIONS OF REPUBLIC ACT NO. 9372, OTHERWISE KNOWN AS 'AN ACT TO SECURE THE STATE AND PROTECT OUR PEOPLE FROM TERRORISM","LACSON, PANFILO M.","August 29, 2018",NATIONAL,ANTI-TERRORISM/ANTI-TERRORISM ACT (R.A.NO. 9372) TERRORISM,PUBLIC ORDER AND DANGEROUS DRUGS,CONSOLIDATED/SUBSTITUTED IN THE COMMITTEE REPORT
Senate Bill No. 1714,17th Congress (July 2016 - 2019),https://ldr.senate.gov.ph/bills/senate-bill-no-1714-17th-congress-republic,"HEALTHY PINOY, HEALTHY PINAS ACT",AN ACT INSTITUTING AND INSTITUTIONALIZING REFORMS IN THE HEALTH SECTOR TO ACHIEVE UNIVERSAL HEALTH CARE FOR ALL FILIPINOS,"HONTIVEROS, RISA","February 27, 2018",NATIONAL,health care HEALTH INSURANCE PHILIPPINE HEALTH INSURANCE CORPORATION (PHILHEALTH/PHIC),HEALTH AND DEMOGRAPHY,CONSOLIDATED/SUBSTITUTED IN THE COMMITTEE REPORT
Senate Bill No. 2032,17th Congress (July 2016 - 2019),https://ldr.senate.gov.ph/bills/senate-bill-no-2032-17th-congress-republic,GRANTING THE OVERSEAS FILIPINO WORKERS THE RIGHT TO EQUAL PROTECTION ON MONEY CLAIMS,"AN ACT GRANTING THE OVERSEAS FILIPINO WORKERS THE RIGHT TO EQUAL PROTECTION ON MONEY CLAIMS, AMENDING FOR THE PURPOSE THE FIFTH PARAGRAPH OF SECTION 10 OF REPUBLIC ACT NO. 8042, AS AMENDED BY REPUBLIC ACT NO. 10022","HONTIVEROS, RISA","September 26, 2018",NATIONAL,OVERSEAS FILIPINO WORKERS (OFW) MONEY CLAIMS MIGRANT WORKERS AND OVERSEAS FILIPINOS ACT OF 1995 (R.A.NO. 8042),"LABOR, EMPLOYMENT AND HUMAN RESOURCES DEVELOPMENT",PENDING IN THE COMMITTEE
Senate Bill No. 1661,17th Congress (July 2016 - 2019),https://ldr.senate.gov.ph/bills/senate-bill-no-1661-17th-congress-republic,THE BASIC LAW FOR THE BANGSAMORO AND ABOLISHING THE AUTONOMOUS REGION IN MUSLIM MINDANAO,"AN ACT PROVIDING FOR THE BASIC LAW FOR THE BANGSAMORO AND ABOLISHING THE AUTONOMOUS REGION IN MUSLIM MINDANAO, REPEALING FOR THE PURPOSE REPUBLIC ACT NO. 9054, ENTITLED 'AN ACT TO STRENGTHEN AND EXPAND THE ORGANIC ACT FOR THE AUTONOMOUS REGION IN MUSLIM MINDANAO,' AND REPUBLIC ACT NO. 6734, ENTITLED 'AN ACT PROVIDING FOR AN ORGANIC ACT FOR THE AUTONOMOUS REGION IN MUSLIM MINDANAO,' AND FOR OTHER PURPOSES","Paolo Benigno ""Bam"" Aquino IV","January 23, 2018",NATIONAL,BANGSAMORO BASIC LAW Autonomous Region in Muslim Mindanao (ARMM) ABOLITION,LOCAL GOVERNMENT,CONSOLIDATED/SUBSTITUTED IN THE COMMITTEE REPORT
Senate Bill No. 1725,17th Congress (July 2016 - 2019),https://ldr.senate.gov.ph/bills/senate-bill-no-1725-17th-congress-republic,SIMULATED BIRTH RECTIFICATION ACT,AN ACT ALLOWING THE RECTIFICATION OF SIMULATED BIRTHS AND PRESCRIBING ADMINISTRATIVE ADOPTION PROCEEDINGS FOR THE PURPOSE,"POE, GRACE","May 3, 2018",NATIONAL,ADOPTION BIRTH REGISTRATION SIMULATED BIRTH RECTIFICATION,"WOMEN, CHILDREN, FAMILY RELATIONS AND GENDER EQUALITY",CONSOLIDATED/SUBSTITUTED IN THE COMMITTEE REPORT
Senate Bill No. 1979,17th Congress (July 2016 - 2019),https://ldr.senate.gov.ph/bills/senate-bill-no-1979-17th-congress-republic,AMENDING R. A. NO. 8424 (THE NATIONAL INTERNAL REVENUE CODE OF 1997),"AN ACT AMENDING CHAPTER VII TITLE VI AND SECTION 151, AND CREATING NEW SECTIONS 151-A AND 151-B, OF REPUBLIC ACT NO. 8424, OTHERWISE KNOWN AS THE NATIONAL INTERNAL REVENUE CODE OF 1997, AS AMENDED, AND FOR OTHER PURPOSES","SOTTO III, VICENTE C.","May 9, 2018",NATIONAL,NATIONAL INTERNAL REVENUE CODE (NIRC) TAXES (EXCISE TAX) MINERAL RESOURCES,WAYS AND MEANS,CONSOLIDATED/SUBSTITUTED IN THE COMMITTEE REPORT
Senate Bill No. 2043,17th Congress (July 2016 - 2019),https://ldr.senate.gov.ph/bills/senate-bill-no-2043-17th-congress-republic,SAFER INTERNET DAY ACT,AN ACT DECLARING THE SECOND TUESDAY OF FEBRUARY OF EVERY YEAR AS NATIONAL SAFER INTERNET DAY IN THE PHILIPPINES,"ANGARA, SONNY","February 10, 2018",NATIONAL,INTERNET SAFETY,PUBLIC SERVICES,PENDING IN THE COMMITTEE
Senate Bill No. 1735,17th Congress (July 2016 - 2019),https://ldr.senate.gov.ph/bills/senate-bill-no-1735-17th-congress-republic,PHILIPPINE DISASTER RISK REDUCTION AND MANAGEMENT SYSTEM ACT OF 2018,"AN ACT REORGANIZING AND STRENGTHENING THE DISASTER RISK REDUCTION AND MANAGEMENT SYSTEM OF THE PHILIPPINES, ESTABLISHING FOR THE PURPOSE THE DEPARTMENT OF DISASTER RESILIENCE AND EMERGENCY MANAGEMENT, EMPOWERING THE REGIONAL FIELD OFFICES, ESTABLISHING COORDINATING MECHANISMS, STRENGTHENING COMMUNITY PARTICIPATION, APPROPRIATING FUNDS THEREFOR, AND FOR OTHER PURPOSES","POE, GRACE","August 3, 2018",NATIONAL,DEPARTMENT OF DISASTER RESILIENCE PHILIPPINE DISASTER RISK REDUCTION AND MANAGEMENT ACT OF 2010 (R.A.NO. 10121) RESILIENCE DISASTER RISK REDUCTION AND MANAGEMENT,NATIONAL DEFENSE AND SECURITY,PENDING IN THE COMMITTEE
Senate Bill No. 1799,17th Congress (July 2016 - 2019),https://ldr.senate.gov.ph/bills/senate-bill-no-1799-17th-congress-republic,FREE ON-SITE LIVING QUARTERS FOR PUBLIC SCHOOL TEACHERS ACT OF 2018,"AN ACT MANDATING THE PROVISION OF FREE ON-SITE LIVING QUARTERS FOR PUBLIC SCHOOL TEACHERS, PROVIDING FUNDS THEREFOR AND FOR OTHER PURPOSES","POE, GRACE","October 5, 2018",NATIONAL,PUBLIC SCHOOL TEACHERS TEACHERS,"EDUCATION, ARTS AND CULTURE",PENDING IN THE COMMITTEE
Senate Bill No. 2117,17th Congress (July 2016 - 2019),https://ldr.senate.gov.ph/bills/senate-bill-no-2117-17th-congress-republic,PANTAWID PAMILYANG PILIPINO PROGRAM (4PS) ACT,AN ACT INSTITUTIONALIZING THE PANTAWID PAMILYANG PILIPINO PROGRAM (4PS),"DRILON, FRANKLIN M.","November 29, 2018",NATIONAL,PANTAWID PAMILYANG PILIPINO PROGRAM (4PS) CONDITIONAL CASH TRANSFER PROGRAM POVERTY ALLEVIATION,"SOCIAL JUSTICE, WELFARE AND RURAL DEVELOPMENT",APPROVED BY THE PRESIDENT OF THE PHILIPPINES
Senate Bill No. 1873,17th Congress (July 2016 - 2019),https://ldr.senate.gov.ph/bills/senate-bill-no-1873-17th-congress-republic,STRAW REGULATION ACT,"AN ACT REGULATING THE USE, RECOVERY, COLLECTION, AND DISPOSAL OF PLASTIC DRINKING STRAWS IN COMMERCIAL ESTABLISHMENTS AND IN PRE-PACKED BEVERAGES","ANGARA, SONNY","July 16, 2018",NATIONAL,PLASTIC STRAWS/STIRRERS,ENVIRONMENT AND NATURAL RESOURCES,PENDING IN THE COMMITTEE
Senate Bill No. 1937,17th Congress (July 2016 - 2019),https://ldr.senate.gov.ph/bills/senate-bill-no-1937-17th-congress-republic,INCREASING THE PENALTIES FOR THE DETENTION OF PATIENTS AND CADAVERS IN HOSPITALS,"AN ACT INCREASING THE PENALTIES FOR THE DETENTION OF PATIENTS AND CADAVERS IN HOSPITALS, MEDICAL CLINICS, OR ANY OTHER SIMILAR FACILITIES ON GROUNDS OF NONPAYMENT OF HOSPITAL BILLS OR MEDICAL EXPENSES AMENDING FOR THE PURPOSE REPUBLIC ACT 9439 ENTITLED 'AN ACT PROHIBITING THE DETENTION OF PATIENTS IN HOSPITALS AND MEDICAL CLINICS ON GROUNDS OF NONPAYMENT OF HOSPITAL BILLS OR MEDICAL EXPENSES","HONTIVEROS, RISA","August 15, 2018",NATIONAL,HOSPITALS (HOSPITAL DEPOSITS/HOSPITAL BILLS/EXPENSES) PATIENTS CADAVERS/DECEASED PERSONS,HEALTH AND DEMOGRAPHY,PENDING IN THE COMMITTEE
Senate Bill No. 1693,17th Congress (July 2016 - 2019),https://ldr.senate.gov.ph/bills/senate-bill-no-1693-17th-congress-republic,CREATING THE BATAAN HIGH SCHOOL FOR THE ARTS,AN ACT CREATING THE BATAAN HIGH SCHOOL FOR THE ARTS AND APPROPRIATING FUNDS THEREFOR,"ESCUDERO, FRANCIS G.","February 13, 2018",NATIONAL,"SCHOOLS, ESTABLISHMENT","EDUCATION, ARTS AND CULTURE",CONSOLIDATED/SUBSTITUTED IN THE COMMITTEE REPORT
Senate Bill No. 1767,17th Congress (July 2016 - 2019),https://ldr.senate.gov.ph/bills/senate-bill-no-1767-17th-congress-republic,DAVAO ORIENTAL POLYTECHNIC INSTITUTE,"AN ACT CHANGING THE NAME OF LUPON SCHOOL OF FISHERIES IN LUPON, DAVAO ORIENTAL TO THE DAVAO ORIENTAL POLYTECHNIC INSTITUTE","VILLANUEVA, JOEL","March 21, 2018",NATIONAL,"SCHOOLS, CHANGE OF NAME","EDUCATION, ARTS AND CULTURE",CONSOLIDATED/SUBSTITUTED IN THE COMMITTEE REPORT
Senate Bill No. 1831,17th Congress (July 2016 - 2019),https://ldr.senate.gov.ph/bills/senate-bill-no-1831-17th-congress-republic,"MULTI-SPECIES MARINE HATCHERY IN PASACAO, CAMARINES SUR","AN ACT ESTABLISHING A MULTI-SPECIES MARINE HATCHERY IN THE MUNICIPALITY OF PASACAO, PROVINCE OF CAMARINES SUR AND APPROPRIATING FUNDS THEREFOR","VILLAR, CYNTHIA A.","May 29, 2018",LOCAL,MULTI-SPECIES MARINE HATCHERY,AGRICULTURE AND FOOD,PENDING IN THE COMMITTEE
Senate Bill No. 1905,17th Congress (July 2016 - 2019),https://ldr.senate.gov.ph/bills/senate-bill-no-1905-17th-congress-republic,PEDESTRIAN SAFETY ACT OF 2018,AN ACT PROVIDING MEASURES TO ENSURE PEDESTRIAN SAFETY AND CONVENIENCE AND PROVIDING PENALTIES FOR VIOLATIONS THEREOF,"DE LIMA, LEILA M.","February 8, 2018",NATIONAL,PEDESTRIAN,PUBLIC WORKS,PENDING IN THE COMMITTEE
Senate Bill No. 1967,17th Congress (July 2016 - 2019),https://ldr.senate.gov.ph/bills/senate-bill-no-1967-17th-congress-republic,"CONVERTING THE ZIGA MEMORIAL DISTRICT HOSPITAL IN THE CITY OF TABACO, PROVINCE OF ALBAY","AN ACT CONVERTING THE ZIGA MEMORIAL DISTRICT HOSPITAL IN THE CITY OF TABACO, PROVINCE OF ALBAY, INTO AN EXTENSION HOSPITAL OF THE BICOL REGIONAL TRAINING AND TEACHING HOSPITAL, AND INCREASING ITS BED CAPACITY FROM FIFTY (50) TO TWO HUNDRED FIFTY (250) BEDS TO BE NOW KNOWN AS THE DR. LORENZO P. ZIGA MEMORIAL DISTRICT HOSPITAL, AND APPROPRIATING FUNDS THEREFOR","EJERCITO, JOSEPH VICTOR G.","August 30, 2018",LOCAL,"HOSPITALS, CONVERSION",HEALTH AND DEMOGRAPHY,CONSOLIDATED/SUBSTITUTED IN THE COMMITTEE REPORT
Senate Bill No. 1916,17th Congress (July 2016 - 2019),https://ldr.senate.gov.ph/bills/senate-bill-no-1916-17th-congress-republic,INFORMATION AND COMMUNICATIONS TECHNOLOGY TRANSFER ACCELERATION ACT OF 2018,"AN ACT ACCELERATING THE TRANSFER OF INFORMATION AND COMMUNICATIONS, E-COMMERCE, AND SCIENCE AND TECHNOLOGY TO THE COUNTRYSIDE BY ESTABLISHING ICT CENTERS FOR EXCELLENCE IN ALL REGIONS OF THE PHILIPPINES, APPROPRIATING FUNDS THEREFOR, AND FOR OTHER PURPOSES","POE, GRACE","June 8, 2018",NATIONAL,"INFORMATION AND COMMUNICATIONS TECHNOLOGY (ICT) E-COMMERCE ACT (ELECTRONIC COMMERCE, R.A.NO. 8792) SCIENCE AND TECHNOLOGY",SCIENCE AND TECHNOLOGY,PENDING IN THE COMMITTEE
Senate Bill No. 1672,17th Congress (July 2016 - 2019),https://ldr.senate.gov.ph/bills/senate-bill-no-1672-17th-congress-republic,METRO BATAAN DEVELOPMENT AUTHORITY ACT OF 2018,"AN ACT CREATING THE METRO BATAAN DEVELOPMENT AUTHORITY, DEFINING ITS POWERS AND FUNCTIONS, PROVIDING FUNDS THEREFOR AND FOR OTHER PURPOSES","ZUBIRI, JUAN MIGUEL ""MIGZ"" F.","January 30, 2018",NATIONAL,METRO BATAAN DEVELOPMENT AUTHORITY,GOVERNMENT CORPORATIONS AND PUBLIC ENTERPRISES,PENDING IN THE COMMITTEE
Senate Bill No. 1990,17th Congress (July 2016 - 2019),https://ldr.senate.gov.ph/bills/senate-bill-no-1990-17th-congress-republic,NATIONAL FLOOD RESEARCH AND EDUCATION ACT,"AN ACT ESTABLISHING THE OFFICE OF FLOOD RESEARCH AND POLICY TO PLAN, COORDINATE, CONDUCT, AND SHARE RESEARCH ON FLOODING, FLOOD PREVENTION, AND OTHER FLOOD-RELATED ISSUES","BINAY, MARIA LOURDES NANCY S.","October 9, 2018",NATIONAL,FLOOD MANAGEMENT,PUBLIC WORKS,PENDING IN THE COMMITTEE
Senate Bill No. 2054,17th Congress (July 2016 - 2019),https://ldr.senate.gov.ph/bills/senate-bill-no-2054-17th-congress-republic,ST. BERNADETTE CHILDREN AND MATERNITY HOSPITAL,"AN ACT ESTABLISHING A SPECIALTY HOSPITAL IN THE CITY OF SAN JOSE DEL MONTE, PROVINCE OF BULACAN, TO BE KNOWN AS ST. BERNADETTE CHILDREN AND MATERNITY HOSPITAL, AND APPROPRIATING FUNDS THEREFOR","EJERCITO, JOSEPH VICTOR G.","March 10, 2018",LOCAL,"HOSPITALS, ESTABLISHMENT",HEALTH AND DEMOGRAPHY,CONSOLIDATED/SUBSTITUTED IN THE COMMITTEE REPORT
Senate Bill No. 1746,17th Congress (July 2016 - 2019),https://ldr.senate.gov.ph/bills/senate-bill-no-1746-17th-congress-republic,RENAMING THE PROVINCE OF COMPOSTELA VALLEY TO DAVAO DE ORO PROVINCE,"AN ACT RENAMING THE PROVINCE OF COMPOSTELA VALLEY TO DAVAO DE ORO PROVINCE, AMENDING FOR THE PURPOSE PERTINENT SECTIONS OF REPUBLIC ACT NO. 8470","ZUBIRI, JUAN MIGUEL ""MIGZ"" F.","March 14, 2018",NATIONAL,"PROVINCE, CREATION AND/OR RENAMING",LOCAL GOVERNMENT,CONSOLIDATED/SUBSTITUTED IN THE COMMITTEE REPORT
Senate Bill No. 1650,17th Congress (July 2016 - 2019),https://ldr.senate.gov.ph/bills/senate-bill-no-1650-17th-congress-republic,MAGNA CARTA OF THE OUT-OF-SCHOOL YOUTH,AN ACT PROVIDING FOR THE MAGNA CARTA OF THE OUT-OF-SCHOOL YOUTH,"GATCHALIAN, WIN","January 16, 2018",NATIONAL,MAGNA CARTA OF THE OUT-OF-SCHOOL YOUTH YOUTH,YOUTH,"PENDING SECOND READING, SPECIAL ORDER"
Senate Bill No. 1810,17th Congress (July 2016 - 2019),https://ldr.senate.gov.ph/bills/senate-bill-no-1810-17th-congress-republic,TEN PERCENT BUDGETARY ALLOCATION OF BARANGAYS FOR THE IMPLEMENTATION OF PROGRAMS FOR SENIOR CITIZENS,"AN ACT INSTITUTIONALIZING A TEN PERCENT BUDGETARY ALLOCATION OF BARANGAYS FOR THE IMPLEMENTATION OF PROGRAMS, ACTIVITIES AND SERVICES FOR SENIOR CITIZENS, AMENDING FOR THIS PURPOSE PERTINENT PROVISIONS OF REPUBLIC ACT 7160, OTHERWISE KNOWN AS THE 'LOCAL GOVERNMENT CODE' AND FOR OTHER PURPOSES","ANGARA, SONNY","May 16, 2018",NATIONAL,SENIOR CITIZEN/ELDERLY BARANGAYS LOCAL GOVERNMENT CODE (R.A. NO. 7160),LOCAL GOVERNMENT,PENDING IN THE COMMITTEE
Senate Bill No. 2127,17th Congress (July 2016 - 2019),https://ldr.senate.gov.ph/bills/senate-bill-no-2127-17th-congress-republic,"SALE OF GOLD BY SMALL-SCALE MINERS, AMENDING SEC. 32 AND 151 OF NIRC","AN ACT TO STRENGTHEN THE COUNTRY'S GROSS INTERNATIONAL RESERVES (GIR), AMENDING FOR THE PURPOSE SECTIONS 32 AND 151 OF THE NATIONAL INTERNAL REVENUE CODE, AS AMENDED, AND FOR OTHER PURPOSES","ANGARA, SONNY","April 12, 2018",NATIONAL,PEOPLES SMALL SCALE MINING ACT (R.A.NO. 7076) GOLD NATIONAL INTERNAL REVENUE CODE (NIRC),WAYS AND MEANS,APPROVED BY THE PRESIDENT OF THE PHILIPPINES
Senate Bill No. 1884,17th Congress (July 2016 - 2019),https://ldr.senate.gov.ph/bills/senate-bill-no-1884-17th-congress-republic,TEACHER PROTECTION ACT,AN ACT INSTITUTIONALIZING SUPPORT MECHANISMS ON MATTERS OF STUDENT DISCIPLINE AND CLASSROOM MANAGEMENT FOR TEACHERS AND PERSONNEL IN THE PUBLIC SCHOOL SYSTEM,"POE, GRACE","July 24, 2018",NATIONAL,PUBLIC SCHOOL TEACHERS STUDENTS TEACHERS,"EDUCATION, ARTS AND CULTURE",PENDING IN THE COMMITTEE
Senate Bill No. 1947,17th Congress (July 2016 - 2019),https://ldr.senate.gov.ph/bills/senate-bill-no-1947-17th-congress-republic,"CONVERTING THE SAN LORENZO RUIZ WOMEN'S HOSPITAL IN MALABON CITY, METRO MANILA","AN ACT CONVERTING THE SAN LORENZO RUIZ WOMEN'S HOSPITAL IN MALABON CITY, METRO MANILA INTO A GENERAL HOSPITAL TO BE KNOWN AS THE SAN LORENZO RUIZ GENERAL HOSPITAL, INCREASING ITS BED CAPACITY FROM TEN (10) TO TWO HUNDRED (200) BEDS AND APPROPRIATING FUNDS THEREFOR","ZUBIRI, JUAN MIGUEL ""MIGZ"" F.","August 23, 2018",LOCAL,"HOSPITALS, CONVERSION",HEALTH AND DEMOGRAPHY,CONSOLIDATED/SUBSTITUTED IN THE COMMITTEE REPORT
Senate Bill No. 1640,17th Congress (July 2016 - 2019),https://ldr.senate.gov.ph/bills/senate-bill-no-1640-17th-congress-republic,"SPECIAL NONWORKING HOLIDAY IN THE MUNICIPALITY OF STA. CRUZ, PROVINCE OF MARINDUQUE","AN ACT DECLARING MAY 3 OF EVERY YEAR A SPECIAL NONWORKING HOLIDAY IN THE MUNICIPALITY OF STA. CRUZ, PROVINCE OF MARINDUQUE, IN COMMEMORATION OF ITS FOUNDING ANNIVERSARY, TO BE KNOWN AS STA. CRUZ DAY","GATCHALIAN, WIN","August 1, 2018",NATIONAL,HOLIDAYS (SPECIAL NON-WORKING),LOCAL GOVERNMENT,CONSOLIDATED/SUBSTITUTED IN THE COMMITTEE REPORT
Senate Bill No. 1702,17th Congress (July 2016 - 2019),https://ldr.senate.gov.ph/bills/senate-bill-no-1702-17th-congress-republic,FOUNDATION DAY OF PASAY CITY,AN ACT DECLARING DECEMBER 2 OF EVERY YEAR A SPECIAL NONWORKING HOLIDAY IN THE CITY OF PASAY TO BE KNOWN AS THE FOUNDATION DAY OF PASAY CITY,"PIMENTEL, AQUILINO ""KOKO"" III","February 21, 2018",NATIONAL,HOLIDAYS (SPECIAL NON-WORKING),LOCAL GOVERNMENT,CONSOLIDATED/SUBSTITUTED IN THE COMMITTEE REPORT
Senate Bill No. 2019,17th Congress (July 2016 - 2019),https://ldr.senate.gov.ph/bills/senate-bill-no-2019-17th-congress-republic,AMENDING SECTION 117 OF P.D. 1529 (PROPERTY REGISTRATION DECREE),AN ACT AMENDING THE PROCEDURE ON CONSULTAS AMENDING FOR THE PURPOSE SECTION 117 OF PRESIDENTIAL DECREE 1529,"BINAY, MARIA LOURDES NANCY S.","September 19, 2018",NATIONAL,PROPERTY REGISTRATION PRESIDENTIAL DECREE (P.D.NO. 1529),JUSTICE AND HUMAN RIGHTS,PENDING IN THE COMMITTEE
Senate Bill No. 2084,17th Congress (July 2016 - 2019),https://ldr.senate.gov.ph/bills/senate-bill-no-2084-17th-congress-republic,MEDICAL PAROLE ACT OF 2018,AN ACT PROVIDING FOR MEDICAL PAROLE TO QUALIFIED PRISONERS AND SETTING RULES ON THE GRANT THEREOF,"DE LIMA, LEILA M.","July 11, 2018",NATIONAL,MEDICAL PAROLE PRISONERS/INMATES,JUSTICE AND HUMAN RIGHTS,PENDING IN THE COMMITTEE
Senate Bill No. 1776,17th Congress (July 2016 - 2019),https://ldr.senate.gov.ph/bills/senate-bill-no-1776-17th-congress-republic,PEOPLES PARTICIPATION IN THE BUDGET PROCESS ACT OF 2018,"AN ACT INSTITUTIONALIZING PEOPLE'S PARTICIPATION IN THE BUDGET PROCESS, APPROPRIATING FUNDS THEREOF, AND FOR OTHER PURPOSES","POE, GRACE","April 4, 2018",NATIONAL,BUDGET PEOPLES PARTICIPATION,FINANCE,PENDING IN THE COMMITTEE
Senate Bill No. 1840,17th Congress (July 2016 - 2019),https://ldr.senate.gov.ph/bills/senate-bill-no-1840-17th-congress-republic,REGIONAL TRIAL COURT IN THE 3RD DISTRICT OF ZAMBOANGA DEL NORTE,"AN ACT CREATING AN ADDITIONAL BRANCH OF REGIONAL TRIAL COURT IN THE 3RD DISTRICT OF ZAMBOANGA DEL NORTE, TO BE STATIONED IN THE MUNICIPALITY OF LILOY, AMENDING FOR THE PURPOSE, SECTION 14, PARAGRAPH (J) OF BATAS PAMBANSA BLG. 129, OTHERWISE KNOWN AS THE 'JUDICIARY REORGANIZATION ACT OF 1980' AND APPROPRIATING FUNDS THEREFOR","ZUBIRI, JUAN MIGUEL ""MIGZ"" F.","May 30, 2018",NATIONAL,"COURTS (RTC/MTC, CREATION) JUDICIARY REORGANIZATION ACT (BATAS PAMBANSA BLG. 129)",JUSTICE AND HUMAN RIGHTS,APPROVED BY THE PRESIDENT OF THE PHILIPPINES
Senate Bill No. 1850,17th Congress (July 2016 - 2019),https://ldr.senate.gov.ph/bills/senate-bill-no-1850-17th-congress-republic,NATIONAL INTEGRATED CANCER CONTROL ACT,AN ACT INSTITUTIONALIZING A NATIONAL INTEGRATED CANCER CONTROL PROGRAM AND APPROPRIATING FUNDS THEREFOR,"EJERCITO, JOSEPH VICTOR G.","May 31, 2018",NATIONAL,CANCER,HEALTH AND DEMOGRAPHY,APPROVED BY THE PRESIDENT OF THE PHILIPPINES
Senate Bill No. 2105,17th Congress (July 2016 - 2019),https://ldr.senate.gov.ph/bills/senate-bill-no-2105-17th-congress-republic,REGULATION AND ORGANIZATION OF ISLAMIC BANKS,AN ACT PROVIDING FOR THE REGULATION AND ORGANIZATION OF ISLAMIC BANKS,"GATCHALIAN, WIN","November 21, 2018",NATIONAL,ISLAMIC BANKING,"BANKS, FINANCIAL INSTITUTIONS AND CURRENCIES",CONSOLIDATED/SUBSTITUTED IN THE COMMITTEE REPORT
Senate Bill No. 1861,17th Congress (July 2016 - 2019),https://ldr.senate.gov.ph/bills/senate-bill-no-1861-17th-congress-republic,ACCESSIBLE PEDESTRIAN SIGNALS ACT OF 2018,AN ACT REQUIRING TRAFFIC SIGNAL POLES TO BE EQUIPPED WITH ACCESSIBLE PEDESTRIAN SIGNALS,"DE LIMA, LEILA M.","April 7, 2018",NATIONAL,TRAFFIC SIGNS/ROAD SIGNS/WARNING DEVICES PEDESTRIAN,PUBLIC WORKS,PENDING IN THE COMMITTEE
Senate Bill No. 1925,17th Congress (July 2016 - 2019),https://ldr.senate.gov.ph/bills/senate-bill-no-1925-17th-congress-republic,AMENDING R.A. NO. 8293 (INTELLECTUAL PROPERTY CODE OF THE PHILIPPINES),"AN ACT CLARIFYING THE LEGAL EFFECT OF VIOLATING THE PROHIBITED ACTS AND MANDATORY PROVISIONS FOR TECHNOLOGY TRANSFER AGREEMENTS, AMENDING FOR THE SAID PURPOSE SECTION 92 OF REPUBLIC ACT 8293 OR THE INTELLECTUAL PROPERTY CODE OF THE PHILIPPINES","BINAY, MARIA LOURDES NANCY S.","September 8, 2018",NATIONAL,INTELLECTUAL PROPERTY CODE TECHNOLOGY TRANSFER AGREEMENT,"TRADE, COMMERCE AND ENTREPRENEURSHIP",PENDING IN THE COMMITTEE
Senate Bill No. 1681,17th Congress (July 2016 - 2019),https://ldr.senate.gov.ph/bills/senate-bill-no-1681-17th-congress-republic,CREATING POSITIONS FOR JUDGES-AT-LARGE,"AN ACT AMENDING BATAS PAMBANSA BILANG 129, OTHERWISE KNOWN AS 'AN ACT REORGANIZING THE JUDICIARY, APPROPRIATING FUNDS THEREFOR, AND FOR OTHER PURPOSES' TO CREATE THE POSITIONS FOR JUDGES-AT-LARGE","ANGARA, SONNY","July 2, 2018",NATIONAL,Judges JUDICIARY REORGANIZATION ACT (BATAS PAMBANSA BLG. 129),JUSTICE AND HUMAN RIGHTS,CONSOLIDATED/SUBSTITUTED IN THE COMMITTEE REPORT
Senate Bill No. 1999,17th Congress (July 2016 - 2019),https://ldr.senate.gov.ph/bills/senate-bill-no-1999-17th-congress-republic,EXEMPTING FARMER COOPERATIVES AND ASSOCIATIONS FROM PAYMENT OF LICENSING FEES AND CHARGES,"AN ACT EXEMPTING FARMER COOPERATIVES AND ASSOCIATIONS ENGAGED IN THE TRADE OF ORGANIC FERTILIZERS FROM PAYMENT OF REGISTRATION, LICENSING FEES AND ADMINISTRATIVE CHARGES, GRANTING AMNESTY FOR PREVIOUS VIOLATIONS OF PRESIDENTIAL DECREE 1144 AND AMENDING FOR THE PURPOSE OF PRESIDENTIAL DECREE 1144","BINAY, MARIA LOURDES NANCY S.","December 9, 2018",NATIONAL,FARMERS COOPERATIVES ORGANIC AGRICULTURE/ORGANIC FARMING PRESIDENTIAL DECREE (P.D NO. 1144) FERTILIZER,AGRICULTURE AND FOOD,PENDING IN THE COMMITTEE
Senate Bill No. 2062,17th Congress (July 2016 - 2019),https://ldr.senate.gov.ph/bills/senate-bill-no-2062-17th-congress-republic,MARIVELES MENTAL HOSPITAL,"AN ACT INCREASING THE BED CAPACITY OF THE MARIVELES MENTAL HOSPITAL IN MARIVELES, BATAAN FROM FIVE HUNDRED (500) BEDS TO SEVEN HUNDRED (700) BEDS, UPGRADING ITS SERVICES, TO INCLUDE THE OPERATION OF A LEVEL 1 GENERAL WARD WITH 100 BED CAPACITY, TO BE KNOWN AS THE MARIVELES MENTAL WELLNESS AND GENERAL HOSPITAL AND APPROPRIATING FUNDS THEREFOR","EJERCITO, JOSEPH VICTOR G.","September 10, 2018",LOCAL,"HOSPITALS, INCREASE BED CAPACITY",HEALTH AND DEMOGRAPHY,APPROVED BY THE PRESIDENT OF THE PHILIPPINES
Senate Bill No. 1755,17th Congress (July 2016 - 2019),https://ldr.senate.gov.ph/bills/senate-bill-no-1755-17th-congress-republic,PUBLIC TELECOMMUNICATIONS POLICY ACT,"AN ACT STRENGTHENING THE POWERS OF THE NATIONAL TELECOMMUNICATIONS COMMISSION (NTC), AMENDING FOR THE PURPOSE REPUBLIC ACT NO. 7925, OTHERWISE KNOWN AS THE PUBLIC TELECOMMUNICATIONS POLICY ACT OF THE PHILIPPINES","RECTO, RALPH G.","March 19, 2018",NATIONAL,PUBLIC TELECOMMUNICATIONS ACT OF THE PHILIPPINES (R.A.NO.7925) National Telecommunications Commission (NTC) TELECOMMUNICATIONS,PUBLIC SERVICES,"PENDING SECOND READING, SPECIAL ORDER"
Senate Bill No. 1819,17th Congress (July 2016 - 2019),https://ldr.senate.gov.ph/bills/senate-bill-no-1819-17th-congress-republic,OFFICE FOR SOCIAL WELFARE ATTACHE,"AN ACT ESTABLISHING THE OFFICE FOR SOCIAL WELFARE ATTACHE, AMENDING FOR THE PURPOSE REPUBLIC ACT NO. 8042, OTHERWISE KNOWN AS THE MIGRANT WORKERS AND OVERSEAS FILIPINOS ACT OF 1995, AS AMENDED, AND FOR OTHER PURPOSES","VILLANUEVA, JOEL","May 24, 2018",NATIONAL,OVERSEAS FILIPINO WORKERS (OFW) SOCIAL WELFARE ATTACHE MIGRANT WORKERS AND OVERSEAS FILIPINOS ACT OF 1995 (R.A.NO. 8042),"LABOR, EMPLOYMENT AND HUMAN RESOURCES DEVELOPMENT",CONSOLIDATED WITH APPROVED BILL
Senate Bill No. 2137,17th Congress (July 2016 - 2019),https://ldr.senate.gov.ph/bills/senate-bill-no-2137-17th-congress-republic,ELECTRIC VEHICLES AND CHARGING STATIONS ACT OF 2018,"AN ACT PROVIDING THE NATIONAL ENERGY POLICY AND REGULATORY FRAMEWORK FOR THE USE OF ELECTRIC AND HYBRID VEHICLES, AND THE ESTABLISHMENT OF ELECTRIC CHARGING STATIONS","GATCHALIAN, WIN","December 13, 2018",NATIONAL,ELECTRIC VEHICLES E-VEHICLE (ELECTRONIC VEHICLES) Motor Vehicles HYBRID CARS,ENERGY,PENDING IN THE COMMITTEE
Senate Bill No. 1893,17th Congress (July 2016 - 2019),https://ldr.senate.gov.ph/bills/senate-bill-no-1893-17th-congress-republic,ANTI-PREMATURE CAMPAIGNING ACT OF 2018,"AN ACT REDEFINING THE PROHIBITED ACT OF PREMATURE CAMPAIGNING, ACCORDINGLY AMENDING SECTIONS 79, 80, AND 81 OF BATAS PAMBANSA BILANG 881, OTHERWISE KNOWN AS THE 'OMNIBUS ELECTION CODE OF THE PHILIPPINES'","DE LIMA, LEILA M.","July 30, 2018",NATIONAL,ANTI-PREMATURE CAMPAIGNING OMNIBUS ELECTION CODE (BATAS PAMBANSA BLG. 881) ELECTIONS/ELECTORAL REFORMS,ELECTORAL REFORMS AND PEOPLES PARTICIPATION,CONSOLIDATED/SUBSTITUTED IN THE COMMITTEE REPORT
Senate Bill No. 1973,17th Congress (July 2016 - 2019),https://ldr.senate.gov.ph/bills/senate-bill-no-1973-17th-congress-republic,DISASTER RESILIENCE ACT OF 2018,"AN ACT CREATING THE DEPARTMENT OF DISASTER RESILIENCE, DEFINING ITS POWER AND FUNCTIONS, APPROPRIATING FUNDS THEREFOR, AND FOR OTHER PURPOSES","ANGARA, SONNY","March 9, 2018",NATIONAL,RESILIENCE DEPARTMENT OF DISASTER RESILIENCE,N/A,WITHDRAWN
Senate Bill No. 1649,17th Congress (July 2016 - 2019),https://ldr.senate.gov.ph/bills/senate-bill-no-1649-17th-congress-republic,BATAAN GENERAL HOSPITAL AND MEDICAL CENTER,AN ACT UPGRADING THE BATAAN PROVINCIAL HOSPITAL IN THE PROVINCE OF BATAAN INTO A LEVEL III TEACHING AND TRAINING HOSPITAL TO BE NOW KNOWN AS THE BATAAN GENERAL HOSPITAL AND MEDICAL CENTER AND APPROPRIATING FUNDS THEREFOR AND FOR OTHER PURPOSES,"EJERCITO, JOSEPH VICTOR G.","January 16, 2018",NATIONAL,"HOSPITALS, UPGRADING",HEALTH AND DEMOGRAPHY,APPROVED BY THE PRESIDENT OF THE PHILIPPINES
Senate Bill No. 1713,17th Congress (July 2016 - 2019),https://ldr.senate.gov.ph/bills/senate-bill-no-1713-17th-congress-republic,VALUE FOR MONEY PROCUREMENT ACT,"AN ACT PROVIDING FOR A VALUE FOR MONEY PROCUREMENT, AMENDING FOR THE PURPOSE REPUBLIC ACT NO. 9184, OTHERWISE KNOWN AS 'THE GOVERNMENT PROCUREMENT REFORM ACT,' AND FOR OTHER PURPOSES","PIMENTEL, AQUILINO ""KOKO"" III","February 27, 2018",NATIONAL,Government procurement,FINANCE,PENDING IN THE COMMITTEE
Senate Bill No. 2031,17th Congress (July 2016 - 2019),https://ldr.senate.gov.ph/bills/senate-bill-no-2031-17th-congress-republic,RANK CLASSIFICATION IN THE PHILIPPINE NATIONAL POLICE,"AN ACT PROVIDING FOR THE RANK CLASSIFICATION IN THE PHILIPPINE NATIONAL POLICE, AMENDING FOR THE PURPOSE SECTION 28 OF REPUBLIC ACT NO. 6975, AS AMENDED, OTHERWISE KNOWN AS THE 'DEPARTMENT OF THE INTERIOR AND LOCAL GOVERNMENT ACT OF 1990'","LACSON, PANFILO M.","September 25, 2018",NATIONAL,"PHILIPPINE NATIONAL POLICE (PNP) REPUBLIC ACT (R.A. NO. 6975, DILG)",PUBLIC ORDER AND DANGEROUS DRUGS,APPROVED BY THE PRESIDENT OF THE PHILIPPINES
Senate Bill No. 2095,17th Congress (July 2016 - 2019),https://ldr.senate.gov.ph/bills/senate-bill-no-2095-17th-congress-republic,BREAST CANCER PATIENT PROTECTION ACT,"AN ACT REQUIRING HEALTH PLANS TO PROVIDE COVERAGE FOR THE TREATMENT OF BREAST CANCER BY SUPPLYING A MINIMUM HOSPITAL STAY FOR MASTECTOMIES, LUMPTECTOMIES, AND LYMPH NODE DISSECTION AND EXTENDING THE COVERAGE FOR SECONDARY CONSULTATIONS","BINAY, MARIA LOURDES NANCY S.","November 14, 2018",NATIONAL,CANCER BREAST CARE health care,HEALTH AND DEMOGRAPHY,PENDING IN THE COMMITTEE
Senate Bill No. 1787,17th Congress (July 2016 - 2019),https://ldr.senate.gov.ph/bills/senate-bill-no-1787-17th-congress-republic,"UPDATING THE REQUISITES FOR THE CREATION OF MUNICIPALITIES, CITIES, AND PROVINCES","AN ACT UPDATING THE REQUISITES FOR THE CREATION OF MUNICIPALITIES, CITIES, AND PROVINCES BY AMENDING CERTAIN PROVISIONS IN BOOK III OF REPUBLIC ACT 7160, OTHERWISE KNOWN AS THE LOCAL GOVERNMENT CODE OF 1991","ANGARA, SONNY","April 26, 2018",NATIONAL,"LOCAL GOVERNMENT CODE (R.A. NO. 7160) MUNICIPALITY, CREATION PROVINCE, CREATION AND/OR RENAMING MUNICIPALITY, CONVERSION (CITYHOOD)",LOCAL GOVERNMENT,PENDING IN THE COMMITTEE
Senate Bill No. 1976,17th Congress (July 2016 - 2019),https://ldr.senate.gov.ph/bills/senate-bill-no-1976-17th-congress-republic,STRENGTHENED PHILIPPINE COCONUT AUTHORITY (PCA) LAW,"AN ACT TO FURTHER STRENGTHEN THE PHILIPPINE COCONUT AUTHORITY (PCA), REPEALING PD NO. 1468, OTHERWISE KNOWN AS THE REVISED COCONUT INDUSTRY CODE OF 1978, AS AMENDED","VILLAR, CYNTHIA A.","April 9, 2018",NATIONAL,PHILIPPINE COCONUT AUTHORITY,AGRICULTURE AND FOOD,VETOED BY THE PRESIDENT OF THE PHILIPPINES
Senate Bill No. 2042,17th Congress (July 2016 - 2019),https://ldr.senate.gov.ph/bills/senate-bill-no-2042-17th-congress-republic,MARCELO H. DEL PILAR NATIONAL RESPONSIBLE PRESS FREEDOM DAY,AN ACT DECLARING AUGUST 30 OF EVERY YEAR AS 'MARCELO H. DEL PILAR NATIONAL RESPONSIBLE PRESS FREEDOM DAY,"GATCHALIAN, WIN","January 10, 2018",NATIONAL,PRESS FREEDOM DAY,PUBLIC INFORMATION AND MASS MEDIA,PENDING IN THE COMMITTEE
Senate Bill No. 1734,17th Congress (July 2016 - 2019),https://ldr.senate.gov.ph/bills/senate-bill-no-1734-17th-congress-republic,THE NATIONAL DEFENSE ACT OF 2018,"AN ACT TO FURTHER DEVELOP CAPABILITY AND ESTABLISH EXPEDITIOUS TRANSFORMATION OF THE DEPARTMENT OF NATIONAL DEFENSE AND ITS BUREAUS, APPROPRIATING FUNDS THEREFOR AND FOR OTHER PURPOSES","LACSON, PANFILO M.","August 3, 2018",NATIONAL,Department of National Defense (DND) ARMED FORCES OF THE PHILIPPINES (AFP),NATIONAL DEFENSE AND SECURITY,PENDING IN THE COMMITTEE
Senate Bill No. 1798,17th Congress (July 2016 - 2019),https://ldr.senate.gov.ph/bills/senate-bill-no-1798-17th-congress-republic,AUTOMATIC SUSPENSION OF THE EXCISE TAX ON FUEL UNDER REPUBLIC ACT NO. 10963 (TRAIN ),"AN ACT AMENDING THE NATIONAL INTERNAL REVENUE CODE (NIRC) OF 1997, AS AMENDED, BY PROVIDING THE AUTOMATIC SUSPENSION OF THE EXCISE TAX ON FUEL UNDER REPUBLIC ACT NO. 10963 OTHERWISE KNOWN AS THE TAX REFORM FOR ACCELERATION AND INCLUSION (TRAIN)","Paolo Benigno ""Bam"" Aquino IV","October 5, 2018",NATIONAL,TAX REFORM FOR ACCELERATION AND INCLUSION ACT (TRAIN) TAXES (EXCISE TAX) FUEL NATIONAL INTERNAL REVENUE CODE (NIRC),WAYS AND MEANS,PENDING IN THE COMMITTEE
Senate Bill No. 2116,17th Congress (July 2016 - 2019),https://ldr.senate.gov.ph/bills/senate-bill-no-2116-17th-congress-republic,REPEALING R. A. NO.10912 (CONTINUING PROFESSIONAL DEVELOPMENT ACT OF 2016),"AN ACT REPEALING REPUBLIC ACT NO. 10912, OTHERWISE KNOWN AS THE 'CONTINUING PROFESSIONAL DEVELOPMENT ACT OF 2016'","EJERCITO, JOSEPH VICTOR G.","November 29, 2018",NATIONAL,CONTINUING PROFESSIONAL DEVELOPMENT (R.A.NO. 10912),"CIVIL SERVICE, GOVERNMENT REORGANIZATION AND PROFESSIONAL REGULATION",PENDING IN THE COMMITTEE
Senate Bill No. 1872,17th Congress (July 2016 - 2019),https://ldr.senate.gov.ph/bills/senate-bill-no-1872-17th-congress-republic,LOWERING THE OPTIONAL RETIREMENT AGE OF PUBLIC SCHOOL TEACHERS,"AN ACT LOWERING THE OPTIONAL RETIREMENT AGE OF PUBLIC SCHOOL TEACHERS FROM SIXTY (60) YEARS OLD TO FIFTY-FIVE (55) YEARS OLD, AMENDING FOR THE PURPOSE SECTION 13-A OF REPUBLIC ACT 8291, OTHERWISE KNOWN AS THE GOVERNMENT SERVICE INSURANCE SYSTEM ACT OF 1997","ANGARA, SONNY","July 16, 2018",NATIONAL,PUBLIC SCHOOL TEACHERS RETIREMENT AGE TEACHERS GOVERNMENT SERVICE INSURANCE SYSTEM (GSIS),GOVERNMENT CORPORATIONS AND PUBLIC ENTERPRISES,PENDING IN THE COMMITTEE
Senate Bill No. 1936,17th Congress (July 2016 - 2019),https://ldr.senate.gov.ph/bills/senate-bill-no-1936-17th-congress-republic,EXPANDED SOLO PARENTS' WELFARE ACT OF 2018,"AN ACT AMENDING REPUBLIC ACT 8972 OTHERWISE KNOWN AS THE ACT PROVIDING FOR BENEFITS AND PRIVILEGES TO SOLO PARENTS AND THEIR CHILDREN, APPROPRIATING FUNDS THEREFOR, AND FOR OTHER PURPOSES","HONTIVEROS, RISA","August 15, 2018",NATIONAL,SOLO PARENTS WELFARE ACT (R.A.NO. 8972),"WOMEN, CHILDREN, FAMILY RELATIONS AND GENDER EQUALITY",PENDING IN THE COMMITTEE
Senate Bill No. 1692,17th Congress (July 2016 - 2019),https://ldr.senate.gov.ph/bills/senate-bill-no-1692-17th-congress-republic,"BAGUIO CITY, LA TRINIDAD, ITOGON, SABLAN, TUBA, AND TUBLAY DEVELOPMENT AUTHORITY","AN ACT CREATING THE BAGUIO CITY, LA TRINIDAD, ITOGON, SABLAN, TUBA, AND TUBLAY DEVELOPMENT AUTHORITY (BLISTTDA), DEFINING ITS POWERS AND FUNCTIONS, AND PROVIDING FUNDS THEREFOR",Ralph G. Recto,"February 13, 2018",NATIONAL,"BAGUIO CITY, LA TRINIDAD, ITOGON, SABLAN, TUBA AND TUBLAY DEVELOPMENT AUTHORITY (BLISTTDA)",GOVERNMENT CORPORATIONS AND PUBLIC ENTERPRISES,CONSOLIDATED/SUBSTITUTED IN THE COMMITTEE REPORT
Senate Bill No. 2010,17th Congress (July 2016 - 2019),https://ldr.senate.gov.ph/bills/senate-bill-no-2010-17th-congress-republic,MAGNA CARTA OF THE POOR,AN ACT PROVIDING FOR A MAGNA CARTA OF THE POOR,"DE LIMA, LEILA M.","September 18, 2018",NATIONAL,MAGNA CARTA OF THE POOR POVERTY ALLEVIATION,"SOCIAL JUSTICE, WELFARE AND RURAL DEVELOPMENT",CONSOLIDATED/SUBSTITUTED IN THE COMMITTEE REPORT
Senate Bill No. 2075,17th Congress (July 2016 - 2019),https://ldr.senate.gov.ph/bills/senate-bill-no-2075-17th-congress-republic,SURIGAO DEL SUR SPECIAL ECONOMIC ZONE AND FREE PORT,"AN ACT ESTABLISHING THE SURIGAO DEL SUR SPECIAL ECONOMIC ZONE AND FREE PORT IN THE MUNICIPALITIES OF CARRASCAL, CANTILAN, MADRID, CARMEN, AND LANUZA, PROVINCE OF SURIGAO DEL SUR, PROVIDING FUNDS THEREFOR, AND FOR OTHER PURPOSES","GORDON, RICHARD J.","November 10, 2018",LOCAL,ECONOMIC ZONE,ECONOMIC AFFAIRS,PENDING IN THE COMMITTEE
Senate Bill No. 1766,17th Congress (July 2016 - 2019),https://ldr.senate.gov.ph/bills/senate-bill-no-1766-17th-congress-republic,INCREASING THE MONTHLY PENSION OF SENIOR VETERANS,AN ACT INCREASING THE MONTHLY PENSION OF SENIOR VETERANS,"HONASAN II, GREGORIO B.","March 21, 2018",NATIONAL,VETERANS PENSION,NATIONAL DEFENSE AND SECURITY,APPROVED BY THE PRESIDENT OF THE PHILIPPINES
Senate Bill No. 1830,17th Congress (July 2016 - 2019),https://ldr.senate.gov.ph/bills/senate-bill-no-1830-17th-congress-republic,"MULTI-SPECIES MARINE HATCHERY IN MINALABAC, CAMARINES SUR","AN ACT ESTABLISHING A MULTI-SPECIES MARINE HATCHERY IN THE MUNICIPALITY OF MINALABAC, PROVINCE OF CAMARINES SUR AND APPROPRIATING FUNDS THEREFOR","VILLAR, CYNTHIA A.","May 29, 2018",NATIONAL,MULTI-SPECIES MARINE HATCHERY,AGRICULTURE AND FOOD,PENDING IN THE COMMITTEE
Senate Bill No. 1904,17th Congress (July 2016 - 2019),https://ldr.senate.gov.ph/bills/senate-bill-no-1904-17th-congress-republic,SMALL SOLAR POWER SYSTEM INCENTIVES ACT OF 2018,AN ACT PROMOTING THE USE OF RENEWABLE ENERGY IN HOMES BY PROVIDING INCENTIVES AND CREDIT FACILITIES FOR HOUSEHOLDS UTILIZING SMALL SOLAR POWER SYSTEMS,"DE LIMA, LEILA M.","February 8, 2018",NATIONAL,RENEWABLE ENERGY Solar energy,ENERGY,PENDING IN THE COMMITTEE
Senate Bill No. 1966,17th Congress (July 2016 - 2019),https://ldr.senate.gov.ph/bills/senate-bill-no-1966-17th-congress-republic,INCREASING THE BED CAPACITY OF VALENZUELA MEDICAL CENTER IN THE CITY OF VALENZUELA,"AN ACT INCREASING THE BED CAPACITY OF VALENZUELA MEDICAL CENTER IN THE CITY OF VALENZUELA, FROM TWO HUNDRED (200) TO FIVE HUNDRED (500) BEDS, AND APPROPRIATING FUNDS THEREFOR","EJERCITO, JOSEPH VICTOR G.","August 30, 2018",LOCAL,"HOSPITALS, INCREASE BED CAPACITY",HEALTH AND DEMOGRAPHY,APPROVED BY THE PRESIDENT OF THE PHILIPPINES
Senate Bill No. 1660,17th Congress (July 2016 - 2019),https://ldr.senate.gov.ph/bills/senate-bill-no-1660-17th-congress-republic,FREE ADMISSION OR DISCOUNT RATES TO MEMBERS OF THE PHILIPPINE MILITARY,AN ACT ENCOURAGING ALL THEATERS AND CINEMAS IN THE PHILIPPINES TO GRANT FREE ADMISSION OR ADMISSION AT DISCOUNT RATES TO MEMBERS OF THE PHILIPPINE MILITARY,"BINAY, MARIA LOURDES NANCY S.","January 22, 2018",NATIONAL,PHILIPPINE MILITARY TROOPS DISCOUNT PRIVILEGES MILITARY AND UNIFORMED PERSONNEL,WAYS AND MEANS,PENDING IN THE COMMITTEE
Senate Bill No. 1724,17th Congress (July 2016 - 2019),https://ldr.senate.gov.ph/bills/senate-bill-no-1724-17th-congress-republic,SUSTAINABLE TRANSPORTATION ACT OF 2017,"AN ACT PROMOTING SUSTAINABLE AND ALTERNATIVE MODES OF TRANSPORTATION AND OTHER MOBILITY OPTIONS TO IMPROVE AIR QUALITY, INCREASE EFFICIENCY, REDUCE CONGESTION AND CONTRIBUTE TO POSITIVE HEALTH IMPACTS IN OUR SOCIETY","POE, GRACE","May 3, 2018",NATIONAL,TRANSPORTATION,PUBLIC SERVICES,PENDING IN THE COMMITTEE
Senate Bill No. 1915,17th Congress (July 2016 - 2019),https://ldr.senate.gov.ph/bills/senate-bill-no-1915-17th-congress-republic,GALING PINOY KOMIKS SUPPORT ACT OF 2018,"AN ACT TO ENHANCE GENUINE FILIPINO CULTURE, PROMOTE NATIONALISM, AND RECOGNIZE WRITERS AND ARTISTS, BY SUPPORTING THE PHILIPPINE KOMIKS INDUSTRY THROUGH ITS MANDATED USE IN INSTRUCTIONAL MATERIALS IN PUBLIC SCHOOLS, PROVIDING FINANCIAL INCENTIVES, ESTABLISHING THE GALING PINOY KOMIKS SUPPORT FUND, APPROPRIATING FUNDS THEREFOR, AND FOR OTHER PURPOSES","POE, GRACE","June 8, 2018",NATIONAL,PINOY KOMIKS,PUBLIC INFORMATION AND MASS MEDIA,PENDING IN THE COMMITTEE
Senate Bill No. 1671,17th Congress (July 2016 - 2019),https://ldr.senate.gov.ph/bills/senate-bill-no-1671-17th-congress-republic,BAWAS VAT ACT OF 2018,"AN ACT AMENDING SECTIONS 106, 107, 108, 109, AND 112 OF REPUBLIC ACT NO. 8424, OTHERWISE KNOWN AS THE 'TAX REFORM ACT OF 1997,' AS AMENDED, AND FOR OTHER PURPOSES","HONTIVEROS, RISA","January 30, 2018",NATIONAL,TAXES (VALUE-ADDED TAX / VAT) TAX REFORM ACT,WAYS AND MEANS,PENDING IN THE COMMITTEE
Senate Bill No. 1989,17th Congress (July 2016 - 2019),https://ldr.senate.gov.ph/bills/senate-bill-no-1989-17th-congress-republic,SOUTH COTABATO MANPOWER TRAINING CENTER ACT,"AN ACT PROVIDING FOR THE ESTABLISHMENT OF A MANPOWER DEVELOPMENT INSTITUTE IN THE SECOND DISTRICT, PROVINCE OF SOUTH COTABATO, TO BE KNOWN AS THE SOUTH COTABATO MANPOWER TRAINING CENTER, AND APPROPRIATING FUNDS THEREFOR","BINAY, MARIA LOURDES NANCY S.","October 9, 2018",NATIONAL,MANPOWER TRAINING CENTER,"LABOR, EMPLOYMENT AND HUMAN RESOURCES DEVELOPMENT",PENDING IN THE COMMITTEE
Senate Bill No. 2053,17th Congress (July 2016 - 2019),https://ldr.senate.gov.ph/bills/senate-bill-no-2053-17th-congress-republic,TEODORO N. PEPITO MEMORIAL HOSPITAL,"AN ACT ESTABLISHING THE TEODORO N. PEPITO MEMORIAL HOSPITAL IN THE CITY OF VALENCIA, FOURTH DISTRICT OF THE PROVINCE OF BUKIDNON AND APPROPRIATING FUNDS THEREFOR","EJERCITO, JOSEPH VICTOR G.","March 10, 2018",LOCAL,"HOSPITALS, ESTABLISHMENT",HEALTH AND DEMOGRAPHY,PENDING IN THE COMMITTEE
Senate Bill No. 1745,17th Congress (July 2016 - 2019),https://ldr.senate.gov.ph/bills/senate-bill-no-1745-17th-congress-republic,CHURCH DECREED ANNULMENT ACT,AN ACT RECOGNIZING THE CIVIL EFFECTS OF CHURCH DECREED ANNULMENT,"ZUBIRI, JUAN MIGUEL ""MIGZ"" F.","March 14, 2018",NATIONAL,ANNULMENT (CHURCH) MARRIAGE FAMILY CODE (E.O. NO. 209),"WOMEN, CHILDREN, FAMILY RELATIONS AND GENDER EQUALITY",PENDING IN THE COMMITTEE
Senate Bill No. 1809,17th Congress (July 2016 - 2019),https://ldr.senate.gov.ph/bills/senate-bill-no-1809-17th-congress-republic,NATIONAL AUTISM CARE PLAN ACT,AN ACT INSTITUTING A PHILIPPINE NATIONAL AUTISM CARE PLAN FOR THE SUPPORT OF PERSONS WITH AUTISM AND FOR OTHER PURPOSES,"HONTIVEROS, RISA","May 16, 2018",NATIONAL,AUTISM,HEALTH AND DEMOGRAPHY,PENDING IN THE COMMITTEE
Senate Bill No. 1865,17th Congress (July 2016 - 2019),https://ldr.senate.gov.ph/bills/senate-bill-no-1865-17th-congress-republic,INCREASING THE MONTHLY SOCIAL PENSION OF SENIOR CITIZENS,AN ACT INCREASING THE MONTHLY SOCIAL PENSION OF SENIOR CITIZENS AND EXPANDING THE COVERAGE THEREOF,"ANGARA, SONNY","April 7, 2018",NATIONAL,SENIOR CITIZENS PENSION,"SOCIAL JUSTICE, WELFARE AND RURAL DEVELOPMENT",PENDING IN THE COMMITTEE
Senate Bill No. 1929,17th Congress (July 2016 - 2019),https://ldr.senate.gov.ph/bills/senate-bill-no-1929-17th-congress-republic,REAPPORTIONING THE LEGISLATIVE DISTRICTS OF THE PROVINCE OF ISABELA,AN ACT REAPPORTIONING THE CURRENT FOUR (4) LEGISLATIVE DISTRICTS OF THE PROVINCE OF ISABELA TO SIX (6) LEGISLATIVE DISTRICTS,"Paolo Benigno ""Bam"" Aquino IV","September 8, 2018",LOCAL,LEGISLATIVE DISTRICTS,LOCAL GOVERNMENT,PENDING IN THE COMMITTEE
Senate Bill No. 1684,17th Congress (July 2016 - 2019),https://ldr.senate.gov.ph/bills/senate-bill-no-1684-17th-congress-republic,DOCTORATE DEGREE AS EQUIVALENT TO ENTRY LEVEL CAREER EXECUTIVE SERVICE OFFICER ELIGIBILITY,AN ACT DECLARING THE CONFERMENT OF A DOCTORATE DEGREE AS EQUIVALENT TO ENTRY LEVEL CAREER EXECUTIVE SERVICE OFFICER ELIGIBILITY IN THE CIVIL SERVICE,"LACSON, PANFILO M.","August 2, 2018",NATIONAL,CAREER EXECUTIVE SERVICE SYSTEM CIVIL SERVICE ELIGIBILITY,"CIVIL SERVICE, GOVERNMENT REORGANIZATION AND PROFESSIONAL REGULATION","PENDING SECOND READING, SPECIAL ORDER"
Senate Bill No. 1763,17th Congress (July 2016 - 2019),https://ldr.senate.gov.ph/bills/senate-bill-no-1763-17th-congress-republic,OPEN ACCESS IN DATA TRANSMISSION ACT,"AN ACT PROMOTING OPEN ACCESS IN DATA TRANSMISSION, PROVIDING ADDITIONAL POWERS TO THE NATIONAL TELECOMMUNICATIONS COMMISSION, AND FOR OTHER PURPOSES","Paolo Benigno ""Bam"" Aquino IV","March 21, 2018",NATIONAL,OPEN ACCESS IN DATA TRANSMISSION National Telecommunications Commission (NTC),SCIENCE AND TECHNOLOGY,"PENDING SECOND READING, SPECIAL ORDER"
Senate Bill No. 1822,17th Congress (July 2016 - 2019),https://ldr.senate.gov.ph/bills/senate-bill-no-1822-17th-congress-republic,MANDATORY MOTORCYCLE SAFETY TRAINING PROGRAM,"AN ACT ESTABLISHING A MANDATORY MOTORCYCLE SAFETY TRAINING PROGRAM, AND PROVIDING PENALTIES THEREFOR","EJERCITO, JOSEPH VICTOR G.","May 28, 2018",NATIONAL,MOTORCYCLE SAFETY EDUCATION AND AWARENESS,PUBLIC SERVICES,PENDING IN THE COMMITTEE
Senate Bill No. 2109,17th Congress (July 2016 - 2019),https://ldr.senate.gov.ph/bills/senate-bill-no-2109-17th-congress-republic,PHILIPPINE ONLINE INFRINGEMENT ACT,AN ACT ENABLING THE INTELLECTUAL PROPERTY OFFICE THROUGH THE NATIONAL TELECOMMUNICATIONS COMMISSION TO CANCEL LICENSES OF INTERNET SERVICE PROVIDERS THAT ALLOW WEBSITES TO INFRINGE OR TO FACILITATE INFRINGEMENT OF COPYRIGHT,"SOTTO III, VICENTE C.","November 26, 2018",NATIONAL,INTELLECTUAL PROPERTY CODE National Telecommunications Commission (NTC) ONLINE INFRINGEMENT INTERNET SERVICE PROVIDERS,PUBLIC SERVICES,PENDING IN THE COMMITTEE
Senate Bill No. 1738,17th Congress (July 2016 - 2019),https://ldr.senate.gov.ph/bills/senate-bill-no-1738-17th-congress-republic,PHILIPPINE IDENTIFICATION SYSTEM ACT OF 2018,AN ACT ESTABLISHING THE PHILIPPINE IDENTIFICATION SYSTEM,"DRILON, FRANKLIN M.","December 3, 2018",NATIONAL,IDENTIFICATION SYSTEM,JUSTICE AND HUMAN RIGHTS,CONSOLIDATED WITH APPROVED BILL
Senate Bill No. 1802,17th Congress (July 2016 - 2019),https://ldr.senate.gov.ph/bills/senate-bill-no-1802-17th-congress-republic,SCHOOL MODERNIZATION AND INNOVATION ACT OF 2018,AN ACT INSTITUTIONALIZING A SCHOOL MODERNIZATION AND INNOVATION PROGRAM FOR PUBLIC ELEMENTARY AND SECONDARY SCHOOLS PROVIDING FUNDS THEREFOR AND FOR OTHER PURPOSES,"ANGARA, SONNY","May 15, 2018",NATIONAL,SCHOOL MODERNIZATION Secondary Education ELEMENTARY EDUCATION/PRIMARY EDUCATION,"EDUCATION, ARTS AND CULTURE",PENDING IN THE COMMITTEE
Senate Bill No. 2120,17th Congress (July 2016 - 2019),https://ldr.senate.gov.ph/bills/senate-bill-no-2120-17th-congress-republic,NATIONAL ECONOMIC AND DEVELOPMENT AUTHORITY ACT OF 2018,"AN ACT INSTITUTIONALIZING THE NATIONAL ECONOMIC AND DEVELOPMENT AUTHORITY AS THE INDEPENDENT ECONOMIC AND PLANNING AGENCY OF THE PHILIPPINE GOVERNMENT, DEFINING ITS FUNCTIONS AND REPEALING EXECUTIVE ORDER NO. 230 SERIES OF 1987, AS AMENDED, APPROPRIATING FUNDS THEREFOR, AND FOR OTHER PURPOSES","GATCHALIAN, WIN","November 29, 2018",NATIONAL,NATIONAL ECONOMIC DEVELOPMENT AUTHORITY (NEDA),ECONOMIC AFFAIRS,"PENDING SECOND READING, SPECIAL ORDER"
Senate Bill No. 1876,17th Congress (July 2016 - 2019),https://ldr.senate.gov.ph/bills/senate-bill-no-1876-17th-congress-republic,PNP HEIGHT REQUIREMENT,"AN ACT AMENDING SECTION 30 OF REPUBLIC ACT NO. 6975, OTHERWISE KNOWN AS THE LOCAL GOVERNMENT CODE, AS AMENDED BY REPUBLIC ACT NO. 8551, OTHERWISE KNOWN AS THE PHILIPPINE NATIONAL POLICE REFORM AND REORGANIZATION ACT OF 1998","POE, GRACE","July 16, 2018",NATIONAL,"PHILIPPINE NATIONAL POLICE (PNP) REPUBLIC ACT (R.A. NO. 6975, DILG)",PUBLIC ORDER AND DANGEROUS DRUGS,PENDING IN THE COMMITTEE
Senate Bill No. 1940,17th Congress (July 2016 - 2019),https://ldr.senate.gov.ph/bills/senate-bill-no-1940-17th-congress-republic,MARINDUQUE STATE UNIVERSITY,"AN ACT CONVERTING THE MARINDUQUE STATE COLLEGE IN THE MUNICIPALITY OF BOAC, PROVINCE OF MARINDUQUE INTO A STATE UNIVERSITY TO BE KNOWN AS THE MARINDUQUE STATE UNIVERSITY, AND APPROPRIATING FUNDS THEREFOR","GATCHALIAN, WIN","August 15, 2018",NATIONAL,STATE COLLEGES AND UNIVERSITIES (SCUS),"EDUCATION, ARTS AND CULTURE",CONSOLIDATED/SUBSTITUTED IN THE COMMITTEE REPORT
Senate Bill No. 1696,17th Congress (July 2016 - 2019),https://ldr.senate.gov.ph/bills/senate-bill-no-1696-17th-congress-republic,WOMEN PARTICIPATION AND REPRESENTATION IN POLITICAL PARTIES ACT OF 2018,"AN ACT PROMOTING WOMEN PARTICIPATION AND EQUITABLE REPRESENTATION IN AND BY POLITICAL PARTIES, GIVING INCENTIVES THEREFOR, CREATING THE WOMEN IN POLITICAL PARTIES EMPOWERMENT FUND, AND FOR OTHER PURPOSES","HONTIVEROS, RISA","February 15, 2018",NATIONAL,WOMEN POLITICAL PARTY,"WOMEN, CHILDREN, FAMILY RELATIONS AND GENDER EQUALITY",PENDING IN THE COMMITTEE
Senate Bill No. 2014,17th Congress (July 2016 - 2019),https://ldr.senate.gov.ph/bills/senate-bill-no-2014-17th-congress-republic,PUBLIC SOLICITATION ACT,"AN ACT REGULATING PUBLIC SOLICITATIONS AND PROVIDING PENALTIES FOR VIOLATION THEREOF, REPEALING FOR THE PURPOSE ACT NO. 4075, AS AMENDED BY PRESIDENTIAL DECREE NO. 1564, OTHERWISE KNOWN AS THE 'SOLICITATION PERMIT LAW","DE LIMA, LEILA M.","September 18, 2018",NATIONAL,PUBLIC SOLICITATION SOLICITATION PRESIDENTIAL DECREE (P.D.NO. 1564),"SOCIAL JUSTICE, WELFARE AND RURAL DEVELOPMENT",PENDING IN THE COMMITTEE
Senate Bill No. 2079,17th Congress (July 2016 - 2019),https://ldr.senate.gov.ph/bills/senate-bill-no-2079-17th-congress-republic,TERATOGENS REGULATORY ACT,AN ACT REGULATING TERATOGENS,"BINAY, MARIA LOURDES NANCY S.","October 18, 2018",NATIONAL,TERATOGEN BIRTH DEFECTS PREVENTION,HEALTH AND DEMOGRAPHY,PENDING IN THE COMMITTEE
Senate Bill No. 1770,17th Congress (July 2016 - 2019),https://ldr.senate.gov.ph/bills/senate-bill-no-1770-17th-congress-republic,TO ENHANCE PUBLIC FINANCIAL MANAGEMENT IN LOCAL GOVERNMENT UNITS,"AN ACT TO ENHANCE PUBLIC FINANCIAL MANAGEMENT IN LOCAL GOVERNMENT UNITS BY AMENDING CERTAIN PROVISIONS IN REPUBLIC ACT 7160, OTHERWISE KNOWN AS THE LOCAL GOVERNMENT CODE OF 1991","ANGARA, SONNY","March 4, 2018",NATIONAL,LOCAL GOVERNMENT UNITS (LGUs) PUBLIC FINANCIAL MANAGEMENT (PFM) LOCAL GOVERNMENT CODE (R.A. NO. 7160),LOCAL GOVERNMENT,"PENDING SECOND READING, ORDINARY BUSINESS"
Senate Bill No. 1834,17th Congress (July 2016 - 2019),https://ldr.senate.gov.ph/bills/senate-bill-no-1834-17th-congress-republic,"TRANSFERRING THE PNPA, NPTI FROM THE PHILIPPINE PUBLIC SAFETY COLLEGE TO THE PNP","AN ACT TRANSFERRING THE PHILIPPINE NATIONAL POLICE ACADEMY (PNPA) AND NATIONAL POLICE TRAINING INSTITUTE (NPTI) FROM THE PHILIPPINE PUBLIC SAFETY COLLEGE (PPSC) TO THE PHILIPPINE NATIONAL POLICE (PNP), AMENDING FOR THE PURPOSE SECTION 67 OF REPUBLIC ACT NO. 6975 AS AMENDED BY REPUBLIC ACT NO. 8551","ESCUDERO, FRANCIS G.","May 29, 2018",NATIONAL,PHILIPPINE NATIONAL POLICE ACADEMY (PNPA) NATIONAL POLICE TRAINING INSTITUTE (NPTI) PHILIPPINE PUBLIC SAFETY COLLEGE SYSTEM PHILIPPINE NATIONAL POLICE (PNP),PUBLIC ORDER AND DANGEROUS DRUGS,CONSOLIDATED/SUBSTITUTED IN THE COMMITTEE REPORT
Senate Bill No. 1908,17th Congress (July 2016 - 2019),https://ldr.senate.gov.ph/bills/senate-bill-no-1908-17th-congress-republic,PHILIPPINE WAREHOUSE RECEIPTS ACT OF 2018,"AN ACT STRENGTHENING AND MODERNIZING THE WAREHOUSE RECEIPTS LAW OF THE PHILIPPINES IN ORDER TO PROVIDE A LEGAL FRAMEWORK IN THE PHILIPPINES THAT SHALL FACILITATE TRADE, COMMERCE, AND OTHER RELATED PURPOSES","GATCHALIAN, WIN","February 8, 2018",NATIONAL,WAREHOUSE RECEIPTS,"TRADE, COMMERCE AND ENTREPRENEURSHIP",CONSOLIDATED/SUBSTITUTED IN THE COMMITTEE REPORT
Senate Bill No. 1970,17th Congress (July 2016 - 2019),https://ldr.senate.gov.ph/bills/senate-bill-no-1970-17th-congress-republic,ESTABLISHMENT OF TIMBANGAN NG BAYAN CENTERS IN PUBLIC AND PRIVATE MARKETS NATIONWIDE,"AN ACT PROVIDING FOR THE ESTABLISHMENT OF TIMBANGAN NG BAYAN CENTERS IN PUBLIC AND PRIVATE MARKETS NATIONWIDE, AMENDING FOR THE PURPOSE REPUBLIC ACT NO. 7394, OTHERWISE KNOWN AS THE 'CONSUMER ACT OF THE PHILIPPINES,' AND FOR OTHER PURPOSES",Ralph G. Recto,"August 30, 2018",NATIONAL,TIMBANGAN NG BAYAN CONSUMER ACT (R.A.NO. 7394),"TRADE, COMMERCE AND ENTREPRENEURSHIP",PENDING IN THE COMMITTEE
Senate Bill No. 1662,17th Congress (July 2016 - 2019),https://ldr.senate.gov.ph/bills/senate-bill-no-1662-17th-congress-republic,ANTI-HAZING ACT OF 2018,"AN ACT AMENDING REPUBLIC ACT NO. 8049 TO STRENGTHEN THE LAW ON HAZING AND REGULATE OTHER FORMS OF INITIATION RITES OF FRATERNITIES, SORORITIES, AND OTHER ORGANIZATIONS, PROVIDING PENALTIES THEREFOR, AND FOR OTHER PURPOSES",Gregorio B. Honasan II,"January 23, 2018",NATIONAL,Hazing FRATERNITY/SORORITY,PUBLIC ORDER AND DANGEROUS DRUGS,APPROVED BY THE PRESIDENT OF THE PHILIPPINES
Senate Bill No. 1728,17th Congress (July 2016 - 2019),https://ldr.senate.gov.ph/bills/senate-bill-no-1728-17th-congress-republic,SIMULATED BIRTH RECTIFICATION ACT OF 2018,"AN ACT GRANTING AMNESTY FOR SIMULATED BIRTHS, ALLOWING THE RECTIFICATION OF SIMULATED BIRTH RECORDS THROUGH ADMINISTRATIVE ADOPTION AND FOR OTHER PURPOSES","HONTIVEROS, RISA","May 3, 2018",NATIONAL,ADOPTION BIRTH REGISTRATION AMNESTY SIMULATED BIRTH RECTIFICATION,"WOMEN, CHILDREN, FAMILY RELATIONS AND GENDER EQUALITY",CONSOLIDATED/SUBSTITUTED IN THE COMMITTEE REPORT
Senate Bill No. 1982,17th Congress (July 2016 - 2019),https://ldr.senate.gov.ph/bills/senate-bill-no-1982-17th-congress-republic,MANNER OF SELECTING AN ACTING PRESIDENT,"AN ACT PROVIDING FOR THE MANNER OF SELECTING AN ACTING PRESIDENT, AS REQUIRED UNDER ARTICLE VII, SECTION 7 OF THE CONSTITUTION","PIMENTEL, AQUILINO ""KOKO"" III","May 9, 2018",NATIONAL,ACTING PRESIDENT PRESIDENT OF THE PHILIPPINES VICE-PRESIDENT OF THE PHILIPPINES CONSTITUTION succession,CONSTITUTIONAL AMENDMENTS AND REVISION OF CODES,PENDING IN THE COMMITTEE
Senate Bill No. 2046,17th Congress (July 2016 - 2019),https://ldr.senate.gov.ph/bills/senate-bill-no-2046-17th-congress-republic,CITY OF MANOLO FORTICH (BUKIDNON),AN ACT CONVERTING THE MUNICIPALITY OF MANOLO FORTICH IN THE PROVINCE OF BUKIDNON INTO A COMPONENT CITY TO BE KNOWN AS THE CITY OF MANOLO FORTICH,"ZUBIRI, JUAN MIGUEL ""MIGZ"" F.","February 10, 2018",LOCAL,"MUNICIPALITY, CONVERSION (CITYHOOD)",RULES,PENDING IN THE COMMITTEE
Senate Bill No. 1675,17th Congress (July 2016 - 2019),https://ldr.senate.gov.ph/bills/senate-bill-no-1675-17th-congress-republic,COMPREHENSIVE GOVERNMENT DEBT MANAGEMENT REFORM ACT,"AN ACT INSTITUTING GOVERNMENT DEBT MANAGEMENT REFORMS THROUGH THE ESTABLISHMENT OF A COMPREHENSIVE GOVERNMENT DEBT MANAGEMENT SYSTEM, INCLUDING THROUGH THE CONSTITUTION OF A CONGRESSIONAL OVERSIGHT COMMITTEE ON DEBT MANAGEMENT TO LOOK INTO ALL FOREIGN AND DOMESTIC BORROWINGS NEGOTIATED, CONTRACTED OR GUARANTEED BY THE PRESIDENT ON BEHALF OF THE REPUBLIC OF THE PHILIPPINES AS WELL AS THOSE BY THE GOVERNMENT OR GOVERNMENT-OWNED-AND-CONTROLLED CORPORATIONS AND FOR OTHER PURPOSES","DE LIMA, LEILA M.","January 2, 2018",NATIONAL,GOVERNMENT DEBT MANAGEMENT SYSTEM FOREIGN LOANS GOVERNMENT-OWNED AND-CONTROLLED CORPORATIONS (GOCC),ECONOMIC AFFAIRS,PENDING IN THE COMMITTEE
Senate Bill No. 1993,17th Congress (July 2016 - 2019),https://ldr.senate.gov.ph/bills/senate-bill-no-1993-17th-congress-republic,FRANCHISE GRANTED TO ENRIQUE M. OROZCO AND SONS INC.,AN ACT RENEWING FOR ANOTHER TWENTY-FIVE (25) YEARS THE FRANCHISE GRANTED TO ENRIQUE M. OROZCO AND SONS INC. UNDER REPUBLIC ACT NO. 3229,"SOTTO III, VICENTE C.","November 9, 2018",NATIONAL,FRANCHISE SALES/FRANCHISE BUSINESS,RULES,PENDING IN THE COMMITTEE
Senate Bill No. 2057,17th Congress (July 2016 - 2019),https://ldr.senate.gov.ph/bills/senate-bill-no-2057-17th-congress-republic,TEACHERS COMPENSATION AND SUPPORT ACT OF 2018,AN ACT ENHANCING THE COMPENSATION STRUCTURE AND SYSTEM OF SUPPORT FOR ALL TEACHERS IN BASIC EDUCATION INSTITUTIONS AND CREATING THE TEACHER EDUCATION ASSISTANCE FUND,"Paolo Benigno ""Bam"" Aquino IV","August 10, 2018",NATIONAL,TEACHER EDUCATION ASSISTANCE FUND TEACHERS,"CIVIL SERVICE, GOVERNMENT REORGANIZATION AND PROFESSIONAL REGULATION",PENDING IN THE COMMITTEE
Senate Bill No. 1647,17th Congress (July 2016 - 2019),https://ldr.senate.gov.ph/bills/senate-bill-no-1647-17th-congress-republic,MANDATORY REPORTING OF NOTIFIABLE DISEASES AND HEALTH-RELATED EVENTS ACT OF 2016,"AN ACT PROVIDING POLICIES AND PRESCRIBING PROCEDURES ON SURVEILLANCE AND RESPONSE TO NOTIFIABLE DISEASES, EPIDEMICS, AND HEALTH RELATED EVENTS, AMENDING FOR THE PURPOSE REPUBLIC ACT NO. 3573 ENTITLED, 'AN ACT PROVIDING FOR THE PREVENTION AND SUPPRESSION OF DANGEROUS COMMUNICABLE DISEASES AND FOR OTHER PURPOSES', AND APPROPRIATING FUNDS THEREFOR","EJERCITO, JOSEPH VICTOR G.","January 15, 2018",NATIONAL,COMMUNICABLE DISEASES DEPARTMENT OF HEALTH (DOH) EPIDEMIOLOGY AND SURVEILLANCE UNITS,HEALTH AND DEMOGRAPHY,CONSOLIDATED/SUBSTITUTED IN THE COMMITTEE REPORT
Senate Bill No. 1711,17th Congress (July 2016 - 2019),https://ldr.senate.gov.ph/bills/senate-bill-no-1711-17th-congress-republic,AMENDING SECTIONS 7 AND 17 OF R.A. NO. 10667 (PHILIPPINE COMPETITION ACT),"AN ACT AMENDING SECTIONS 7 AND 17 OF REPUBLIC ACT NO. 10667, OTHERWISE KNOWN AS THE PHILIPPINE COMPETITION ACT, AND FOR OTHER PURPOSES","ZUBIRI, JUAN MIGUEL ""MIGZ"" F.","February 27, 2018",NATIONAL,COMPETITION ACT,"TRADE, COMMERCE AND ENTREPRENEURSHIP",PENDING IN THE COMMITTEE
Senate Bill No. 2029,17th Congress (July 2016 - 2019),https://ldr.senate.gov.ph/bills/senate-bill-no-2029-17th-congress-republic,TEACHERS OF CHILDREN WITH HANDICAPS ENHANCEMENT ACT,AN ACT ESTABLISHING A COMPREHENSIVE TRAINING PROGRAM FOR TEACHERS OF CHILDREN WITH HANDICAPS,"BINAY, MARIA LOURDES NANCY S.","September 24, 2018",NATIONAL,TEACHERS CHILDREN WITH DISABILITIES HANDICAPPED/DISABLED/DIFFERENTLY ABLED,"EDUCATION, ARTS AND CULTURE",PENDING IN THE COMMITTEE
Senate Bill No. 2093,17th Congress (July 2016 - 2019),https://ldr.senate.gov.ph/bills/senate-bill-no-2093-17th-congress-republic,CONTINUING PROFESSIONAL DEVELOPMENT ACT OF 2016,"AN ACT REPEALING REPUBLIC ACT NO. 10912, OTHERWISE KNOWN AS THE 'CONTINUING PROFESSIONAL DEVELOPMENT OF 2016'","ZUBIRI, JUAN MIGUEL ""MIGZ"" F.","November 14, 2018",NATIONAL,CONTINUING PROFESSIONAL DEVELOPMENT (R.A.NO. 10912),"CIVIL SERVICE, GOVERNMENT REORGANIZATION AND PROFESSIONAL REGULATION",PENDING IN THE COMMITTEE
Senate Bill No. 1785,17th Congress (July 2016 - 2019),https://ldr.senate.gov.ph/bills/senate-bill-no-1785-17th-congress-republic,STRENGTHEN HUMAN RIGHTS EDUCATION AND THE SYSTEM OF LEGAL ASSISTANCE FOR MIGRANT WORKERS,"AN ACT TO STRENGTHEN HUMAN RIGHTS EDUCATION AND THE SYSTEM OF LEGAL ASSISTANCE FOR MIGRANT WORKERS, AMENDING FOR THE PURPOSE SECTION 23 OF REPUBLIC ACT NO. 8042, OTHERWISE KNOWN AS THE MIGRANT WORKERS AND OVERSEAS FILIPINOS ACT OF 1995, AS AMENDED","DE LIMA, LEILA M.","April 26, 2018",NATIONAL,HUMAN RIGHTS LEGAL ASSISTANCE FUND MIGRANT WORKERS AND OVERSEAS FILIPINOS ACT OF 1995 (R.A.NO. 8042) OVERSEAS FILIPINO WORKERS (OFW),"LABOR, EMPLOYMENT AND HUMAN RESOURCES DEVELOPMENT",PENDING IN THE COMMITTEE
Senate Bill No. 1842,17th Congress (July 2016 - 2019),https://ldr.senate.gov.ph/bills/senate-bill-no-1842-17th-congress-republic,INCOME REQUIREMENTS FOR THE CONVERSION OF A MUNICIPALITY INTO A COMPONENT CITY,"AN ACT AMENDING SECTION 450 OF REPUBLIC ACT NO. 7160, OTHERWISE KNOWN AS THE LOCAL GOVERNMENT CODE OF 1991, AS AMENDED BY REPUBLIC ACT NO. 9009, BY EXEMPTING FROM THE POPULATION AND LAND AREA REQUIREMENTS THE CONVERSION OF A MUNICIPALITY INTO A COMPONENT CITY IF IT HAS A LOCALLY GENERATED AVERAGE INCOME OF AT LEAST TWO HUNDRED FIFTY MILLION PESOS (P250,000,000)","LACSON, PANFILO M.","May 31, 2018",NATIONAL,"MUNICIPALITY, CONVERSION (CITYHOOD) INCOME REQUIREMENT (CITYHOOD, CREATION OF MUNICIPALITY/PROVINCE) LOCAL GOVERNMENT CODE (R.A. NO. 7160)",LOCAL GOVERNMENT,"PENDING SECOND READING, SPECIAL ORDER"
Senate Bill No. 2103,17th Congress (July 2016 - 2019),https://ldr.senate.gov.ph/bills/senate-bill-no-2103-17th-congress-republic,PILI INDUSTRY DEVELOPMENT ACT,"AN ACT DEVELOPING THE PILI INDUSTRY, CREATING FOR THE PURPOSE THE PILI SUBSIDY FUND AND THE PILI RESEARCH AND DEVELOPMENT CENTER, AND DECLARING THE PROVINCE OF SORSOGON AS THE PILI CAPITAL OF THE PHILIPPINES","ESCUDERO, FRANCIS G.","November 19, 2018",NATIONAL,PILI INDUSTRY,AGRICULTURE AND FOOD,PENDING IN THE COMMITTEE
Senate Bill No. 1859,17th Congress (July 2016 - 2019),https://ldr.senate.gov.ph/bills/senate-bill-no-1859-17th-congress-republic,BED CAPACITY OF THE MARIANO MARCOS MEMORIAL HOSPITAL AND MEDICAL CENTER (MMMH&MC),"AN ACT INCREASING THE BED CAPACITY OF THE MARIANO MARCOS MEMORIAL HOSPITAL AND MEDICAL CENTER (MMMH&MC), BATAC CITY, ILOCOS NORTE FROM TWO HUNDRED (200) BEDS TO SEVEN HUNDRED (700) BEDS, UPGRADING ITS SERVICES, FACILITIES, AND PROFESSIONAL HEALTH CARE, AUTHORIZING THE INCREASE OF ITS MEDICAL AND NON-MEDICAL PERSONNEL AND APPROPRIATING FUNDS THEREFOR","EJERCITO, JOSEPH VICTOR G.","March 7, 2018",NATIONAL,"HOSPITALS, INCREASE BED CAPACITY",HEALTH AND DEMOGRAPHY,CONSOLIDATED/SUBSTITUTED IN THE COMMITTEE REPORT
Senate Bill No. 1923,17th Congress (July 2016 - 2019),https://ldr.senate.gov.ph/bills/senate-bill-no-1923-17th-congress-republic,ESTABLISHING THE AUTONOMOUS REGION OF THE CORDILLERA (ARC),AN ACT ESTABLISHING THE AUTONOMOUS REGION OF THE CORDILLERA (ARC),"EJERCITO, JOSEPH VICTOR G.","August 8, 2018",NATIONAL,AUTONOMOUS REGION OF THE CORDILLERA (ARC),LOCAL GOVERNMENT,PENDING IN THE COMMITTEE
Senate Bill No. 1679,17th Congress (July 2016 - 2019),https://ldr.senate.gov.ph/bills/senate-bill-no-1679-17th-congress-republic,SOCIAL MEDIA AWARENESS IN SCHOOLS AND UNIVERSITIES ACT OF 2018,"AN ACT INCORPORATING THE VALUE OF RESPONSIBLE, FAIR AND TRUTHFUL USAGE AND ENJOYMENT OF SOCIAL MEDIA IN SCHOOLS AND UNIVERSITIES, AND FOR OTHER PURPOSES","POE, GRACE","June 2, 2018",NATIONAL,SOCIAL MEDIA SCHOOLS (PUBLIC AND PRIVATE) CURRICULUM/CURRICULA information FACEBOOK/TWITTER (BLOGS),"EDUCATION, ARTS AND CULTURE",PENDING IN THE COMMITTEE
Senate Bill No. 1997,17th Congress (July 2016 - 2019),https://ldr.senate.gov.ph/bills/senate-bill-no-1997-17th-congress-republic,REGIONAL INVESTMENT AND INFRASTRUCTURE COORDINATING HUB OF CENTRAL LUZON,"AN ACT CREATING THE REGIONAL INVESTMENT AND INFRASTRUCTURE COORDINATING HUB OF CENTRAL LUZON, AND FOR OTHER PURPOSES","GORDON, RICHARD J.","November 9, 2018",NATIONAL,INFRASTUCTURES INVESTMENTS,GOVERNMENT CORPORATIONS AND PUBLIC ENTERPRISES,VETOED BY THE PRESIDENT OF THE PHILIPPINES
Senate Bill No. 2060,17th Congress (July 2016 - 2019),https://ldr.senate.gov.ph/bills/senate-bill-no-2060-17th-congress-republic,SAN NICOLAS NATIONAL HIGH SCHOOL,"AN ACT CONVERTING THE NEW NONGNONGAN NATIONAL HIGH SCHOOL  SAN NICOLAS ANNEX IN BARANGAY SAN NICOLAS, MUNICIPALITY OF DON CARLOS, PROVINCE OF BUKIDNON INTO A NATIONAL HIGH SCHOOL TO BE KNOWN AS SAN NICOLAS NATIONAL HIGH SCHOOL AND APPROPRIATING FUNDS THEREFOR","ZUBIRI, JUAN MIGUEL ""MIGZ"" F.","September 10, 2018",LOCAL,"SCHOOLS, CONVERSION",RULES,PENDING IN THE COMMITTEE
Senate Bill No. 1753,17th Congress (July 2016 - 2019),https://ldr.senate.gov.ph/bills/senate-bill-no-1753-17th-congress-republic,SOCIAL SECURITY ACT OF 2018,"AN ACT RATIONALIZING AND EXPANDING THE POWERS AND DUTIES OF THE SOCIAL SECURITY COMMISSION TO ENSURE THE LONG-TERM VIABILITY OF THE SOCIAL SECURITY SYSTEM, FURTHER AMENDING FOR THE PURPOSE REPUBLIC ACT NO. 1161, AS AMENDED BY REPUBLIC ACT NO. 8282, OTHERWISE KNOWN AS THE SOCIAL SECURITY ACT OF 1997","RECTO, RALPH G.","March 19, 2018",NATIONAL,SOCIAL SECURITY SYSTEM (SSS),GOVERNMENT CORPORATIONS AND PUBLIC ENTERPRISES,APPROVED BY THE PRESIDENT OF THE PHILIPPINES
Senate Bill No. 1817,17th Congress (July 2016 - 2019),https://ldr.senate.gov.ph/bills/senate-bill-no-1817-17th-congress-republic,"AMENDING R.A. NO. 10912, (CONTINUING PROFESSIONAL DEVELOPMENT ACT OF 2016)","AN ACT AMENDING REPUBLIC ACT NO. 10912, OR THE CONTINUING PROFESSIONAL DEVELOPMENT ACT OF 2016","PIMENTEL, AQUILINO ""KOKO"" III","May 23, 2018",NATIONAL,CONTINUING PROFESSIONAL DEVELOPMENT (R.A.NO. 10912),"CIVIL SERVICE, GOVERNMENT REORGANIZATION AND PROFESSIONAL REGULATION",PENDING IN THE COMMITTEE
Senate Bill No. 1764,17th Congress (July 2016 - 2019),https://ldr.senate.gov.ph/bills/senate-bill-no-1764-17th-congress-republic,PHILIPPINE SOVEREIGN WEALTH FUND ACT,"AN ACT ESTABLISHING A PHILIPPINE SOVEREIGN WEALTH FUND, PROVIDING FOR THE MANAGEMENT, INVESTMENT, AND USE OF PROCEEDS OF ITS ASSETS, APPROPRIATING FUNDS THEREFOR, AND OTHER PURPOSES","EJERCITO, JOSEPH VICTOR G.","March 21, 2018",NATIONAL,PHILIPPINE SOVEREIGN WEALTH FUND,ECONOMIC AFFAIRS,PENDING IN THE COMMITTEE
Senate Bill No. 1828,17th Congress (July 2016 - 2019),https://ldr.senate.gov.ph/bills/senate-bill-no-1828-17th-congress-republic,PHILIPPINE NATIONAL POLICE (PNP) REORGANIZATION ACT,AN ACT PROVIDING FOR THE REORGANIZATION OF THE PHILIPPINE NATIONAL POLICE AND APPROPRIATING FUNDS THEREFOR,"POE, GRACE","May 29, 2018",NATIONAL,PHILIPPINE NATIONAL POLICE (PNP) REORGANIZATION,PUBLIC ORDER AND DANGEROUS DRUGS,PENDING IN THE COMMITTEE
Senate Bill No. 1902,17th Congress (July 2016 - 2019),https://ldr.senate.gov.ph/bills/senate-bill-no-1902-17th-congress-republic,PHILIPPINE HAZARDOUS AND RADIOACTIVE WASTES MANAGEMENT ACT,"AN ACT PROVIDING FOR A COMPREHENSIVE HAZARDOUS AND RADIOACTIVE WASTES MANAGEMENT, PROVIDING PENALTIES FOR VIOLATIONS THEREOF AND FOR OTHER PURPOSES","BINAY, MARIA LOURDES NANCY S.","January 8, 2018",NATIONAL,HAZARDOUS/TOXIC/RADIOACTIVE WASTES MANAGEMENT WASTE MANAGEMENT,ENVIRONMENT AND NATURAL RESOURCES,PENDING IN THE COMMITTEE
Senate Bill No. 1964,17th Congress (July 2016 - 2019),https://ldr.senate.gov.ph/bills/senate-bill-no-1964-17th-congress-republic,"CONVERTING THE SAN LORENZO RUIZ WOMEN'S HOSPITAL IN MALABON CITY, METRO MANILA","AN ACT CONVERTING THE SAN LORENZO RUIZ WOMEN'S HOSPITAL IN MALABON CITY, METRO MANILA INTO A GENERAL HOSPITAL TO BE KNOWN AS THE SAN LORENZO RUIZ GENERAL HOSPITAL, INCREASING ITS BED CAPACITY FROM TEN (10) TO TWO HUNDRED (200) BEDS AND APPROPRIATING FUNDS THEREFOR","EJERCITO, JOSEPH VICTOR G.","August 30, 2018",LOCAL,"HOSPITALS, CONVERSION",HEALTH AND DEMOGRAPHY,CONSOLIDATED/SUBSTITUTED IN THE COMMITTEE REPORT
Senate Bill No. 1658,17th Congress (July 2016 - 2019),https://ldr.senate.gov.ph/bills/senate-bill-no-1658-17th-congress-republic,ELIMINATING THE PREFERENCE FOR PATERNAL MARITAL CONSENT (CHILDREN AGES 18-21),"AN ACT STRENGTHENING GENDER EQUALITY BY AMENDING ARTICLE 14 OF EXECUTIVE ORDER NO. 209, OTHERWISE KNOWN AS THE FAMILY CODE OF THE PHILIPPINES, AND FOR OTHER PURPOSES","BINAY, MARIA LOURDES NANCY S.","January 22, 2018",NATIONAL,Gender equality FAMILY CODE (E.O. NO. 209) PARENTAL MARITAL CONSENT,"WOMEN, CHILDREN, FAMILY RELATIONS AND GENDER EQUALITY",PENDING IN THE COMMITTEE
Senate Bill No. 1722,17th Congress (July 2016 - 2019),https://ldr.senate.gov.ph/bills/senate-bill-no-1722-17th-congress-republic,AMENDING SEC. 64 OF R.A. NO. 9184 (GOVERNMENT PROCUREMENT REFORM ACT),"AN ACT AMENDING SECTION 64 OF REPUBLIC ACT NO. 9184, OTHERWISE KNOWN AS 'THE GOVERNMENT PROCUREMENT REFORM ACT,' AND FOR OTHER PURPOSES","PIMENTEL, AQUILINO ""KOKO"" III","May 3, 2018",NATIONAL,Government procurement,FINANCE,PENDING IN THE COMMITTEE
Senate Bill No. 1977,17th Congress (July 2016 - 2019),https://ldr.senate.gov.ph/bills/senate-bill-no-1977-17th-congress-republic,"TO PROVIDE TRANSPORTATION, FOOD AND NON-MONETARY ASSISTANCE TO INDIGENT LITIGANTS","AN ACT MANDATING THE NATIONAL COMMISSION ON INDIGENOUS PEOPLES TO PROVIDE TRANSPORTATION, FOOD AND NON-MONETARY ASSISTANCE TO INDIGENT LITIGANTS WHO ARE MEMBERS OF INDIGENOUS CULTURAL COMMUNITIES WHILE IN ATTENDANCE OF HEARINGS OR PROCEEDINGS IN THE NCIP","BINAY, MARIA LOURDES NANCY S.","April 9, 2018",NATIONAL,NATIONAL COMMISSION ON INDIGENOUS PEOPLES INDIGENOUS CULTURAL COMMUNITIES,CULTURAL COMMUNITIES,PENDING IN THE COMMITTEE
Senate Bill No. 2040,17th Congress (July 2016 - 2019),https://ldr.senate.gov.ph/bills/senate-bill-no-2040-17th-congress-republic,NATIONAL PRESS FREEDOM DAY,AN ACT DECLARING AUGUST 30 OF EVERY YEAR AS 'NATIONAL PRESS FREEDOM DAY,"Paolo Benigno ""Bam"" Aquino IV","January 10, 2018",NATIONAL,NATIONAL PRESS FREEDOM PRESS FREEDOM DAY,PUBLIC INFORMATION AND MASS MEDIA,PENDING IN THE COMMITTEE
Senate Bill No. 1732,17th Congress (July 2016 - 2019),https://ldr.senate.gov.ph/bills/senate-bill-no-1732-17th-congress-republic,INCLUSIVE EDUCATION FOR CHILDREN AND YOUTH WITH SPECIAL NEEDS ACT,"AN ACT INSTITUTING INCLUSIVE EDUCATION AND ESTABLISHING SPECIAL EDUCATION CENTERS FOR CHILDREN AND YOUTH WITH SPECIAL NEEDS IN ALL PUBLIC SCHOOLS DIVISIONS, PROVIDING FOR STANDARDS AND GUIDELINES, AND APPROPRIATING FUNDS THEREFOR","CAYETANO, ALAN PETER S.","July 3, 2018",NATIONAL,CHILDREN WITH SPECIAL NEEDS SPECIAL EDUCATION,"EDUCATION, ARTS AND CULTURE","PENDING SECOND READING, SPECIAL ORDER"
Senate Bill No. 1796,17th Congress (July 2016 - 2019),https://ldr.senate.gov.ph/bills/senate-bill-no-1796-17th-congress-republic,CREATING AN ELECTION CODE RECODIFICATION COMMITTEE,AN ACT CREATING AN ELECTION CODE RECODIFICATION COMMITTEE TO RECODIFY THE ELECTION LAWS,"DE LIMA, LEILA M.","August 5, 2018",NATIONAL,ELECTIONS/ELECTORAL REFORMS,ELECTORAL REFORMS AND PEOPLES PARTICIPATION,PENDING IN THE COMMITTEE
Senate Bill No. 2114,17th Congress (July 2016 - 2019),https://ldr.senate.gov.ph/bills/senate-bill-no-2114-17th-congress-republic,MANDATORY PROVISION OF LEFT-HANDED ARMCHAIRS IN EDUCATIONAL INSTITUTIONS ACT,AN ACT MANDATING PUBLIC AND PRIVATE EDUCATIONAL INSTITUTIONS TO PROVIDE THE APPROPRIATE ARMCHAIRS TO LEFT-HANDED STUDENTS,"ANGARA, SONNY","November 28, 2018",NATIONAL,LEFT-HANDED ARMCHAIRS educational institutions,"EDUCATION, ARTS AND CULTURE",CONSOLIDATED/SUBSTITUTED IN THE COMMITTEE REPORT
Senate Bill No. 1870,17th Congress (July 2016 - 2019),https://ldr.senate.gov.ph/bills/senate-bill-no-1870-17th-congress-republic,TEACHER PROTECTION ACT OF 2018,AN ACT INSTITUTIONALIZING SUPPORT MECHANISMS FOR PUBLIC SCHOOL TEACHERS AND SCHOOL PERSONNEL IN MATTERS OF STUDENT DISCIPLINE AND MECHANISMS FOR CLASSROOM MANAGEMENT AND PROVIDING FOR THEIR PROTECTION IN CASES RELATED THERETO,"ANGARA, SONNY","July 16, 2018",NATIONAL,PUBLIC SCHOOL TEACHERS TEACHERS,"EDUCATION, ARTS AND CULTURE",PENDING IN THE COMMITTEE
Senate Bill No. 1934,17th Congress (July 2016 - 2019),https://ldr.senate.gov.ph/bills/senate-bill-no-1934-17th-congress-republic,COOPERATIVE DEVELOPMENT AUTHORITY REFORM ACT OF 2018,"AN ACT REFORMING AND STRENGTHENING THE COOPERATIVE DEVELOPMENT AUTHORITY, REPEALING FOR THE PURPOSE REPUBLIC ACT NO. 6939, CREATING THE COOPERATIVE DEVELOPMENT AUTHORITY AND APPROPRIATING FUNDS THEREFOR","ANGARA, SONNY","August 14, 2018",NATIONAL,COOPERATIVE DEVELOPMENT AUTHORITY,COOPERATIVES,CONSOLIDATED/SUBSTITUTED IN THE COMMITTEE REPORT
Senate Bill No. 1690,17th Congress (July 2016 - 2019),https://ldr.senate.gov.ph/bills/senate-bill-no-1690-17th-congress-republic,INCREASING THE BED CAPACITY OF DON EMILIO DEL VALLE MEMORIAL HOSPITAL,"AN ACT INCREASING THE BED CAPACITY OF DON EMILIO DEL VALLE MEMORIAL HOSPITAL (DEDVMH) IN THE MUNICIPALITY OF UBAY, PROVINCE OF BOHOL FROM FIFTY (50) TO THREE HUNDRED (300) BEDS, UPGRADING ITS SERVICES AND FACILITIES AND PROFESSIONAL HEALTH CARE, AUTHORIZING THE INCREASE OF ITS MEDICAL PERSONNEL AND APPROPRIATING FUNDS THEREFOR","GATCHALIAN, WIN","February 13, 2018",NATIONAL,"HOSPITALS, INCREASE BED CAPACITY",HEALTH AND DEMOGRAPHY,APPROVED BY THE PRESIDENT OF THE PHILIPPINES
Senate Bill No. 2008,17th Congress (July 2016 - 2019),https://ldr.senate.gov.ph/bills/senate-bill-no-2008-17th-congress-republic,DISPOSAL OF ELECTRONIC DEVICES,AN ACT PROHIBITING THE DISPOSAL OF ELECTRONIC DEVICES AT SOLID WASTE MANAGEMENT FACILITIES,"BINAY, MARIA LOURDES NANCY S.","September 17, 2018",NATIONAL,ELECTRONIC EQUIPMENT ELECTRONIC WASTE (E-WASTE) SOLID WASTE WASTE MANAGEMENT,ENVIRONMENT AND NATURAL RESOURCES,PENDING IN THE COMMITTEE
Senate Bill No. 2073,17th Congress (July 2016 - 2019),https://ldr.senate.gov.ph/bills/senate-bill-no-2073-17th-congress-republic,REPEALING R.A. NO. 10912 (CONTINUING PROFESSIONAL DEVELOPMENT ACT),"AN ACT REPEALING REPUBLIC ACT NO. 10912, OTHERWISE KNOWN AS THE 'CONTINUING PROFESSIONAL DEVELOPMENT ACT OF 2016'",Ralph G. Recto,"November 10, 2018",NATIONAL,CONTINUING PROFESSIONAL DEVELOPMENT (R.A.NO. 10912),"CIVIL SERVICE, GOVERNMENT REORGANIZATION AND PROFESSIONAL REGULATION",PENDING IN THE COMMITTEE
Senate Bill No. 1638,17th Congress (July 2016 - 2019),https://ldr.senate.gov.ph/bills/senate-bill-no-1638-17th-congress-republic,RETIREMENT LAW OF THE OFFICE OF THE OMBUDSMAN,"AN ACT TO STRENGTHEN THE OFFICE OF THE OMBUDSMAN BY ESTABLISHING A RETIREMENT BENEFIT SYSTEM FOR THE OMBUDSMAN, HIS/HER DEPUTIES, THE SPECIAL PROSECUTOR, AND OTHER OFFICIALS AND EMPLOYEES PERFORMING LEGAL, PROSECUTION, INVESTIGATION AND CORRUPTION PREVENTION FUNCTIONS, AUGMENTING EMPLOYEES' BENEFITS, APPROPRIATING FUNDS THEREFOR, AND FOR OTHER PURPOSES","LACSON, PANFILO M.","August 1, 2018",NATIONAL,OMBUDSMAN RETIREMENT BENEFITS,JUSTICE AND HUMAN RIGHTS,CONSOLIDATED/SUBSTITUTED IN THE COMMITTEE REPORT
Senate Bill No. 1701,17th Congress (July 2016 - 2019),https://ldr.senate.gov.ph/bills/senate-bill-no-1701-17th-congress-republic,AMENDING R.A. NO. 10708 (TAX INCENTIVES MANAGEMENT AND TRANSPARENCY ACT),"AN ACT AMENDING REPUBLIC ACT NO. 10708, OR THE 'TAX INCENTIVES MANAGEMENT AND TRANSPARENCY ACT,' TO EXPAND ITS COVERAGE, IN VIEW OF FURTHER ENHANCING STATE FISCAL MANAGEMENT AND ACCOUNTABILITY, AND FOR OTHER PURPOSES","PIMENTEL, AQUILINO ""KOKO"" III","February 21, 2018",NATIONAL,TAX INCENTIVES MANAGEMENT AND TRANSPARENCY ACT (TIMTA/R.A.NO. 10708),WAYS AND MEANS,PENDING IN THE COMMITTEE
Senate Bill No. 2018,17th Congress (July 2016 - 2019),https://ldr.senate.gov.ph/bills/senate-bill-no-2018-17th-congress-republic,AMENDING SEC.3 OF R.A. NO. 6552 ( REALTY INSTALLMENT BUYER PROTECTION ACT),"AN ACT CLARIFYING THE RIGHTS OF BUYERS ENTITLED TO RECEIVE REFUND UNDER REPUBLIC ACT NO. 6552, OTHERWISE KNOWN AS THE REALTY INSTALLMENT BUYER PROTECTION ACT, BY AMENDING SECTION 3 THEREOF, AND FOR OTHER PURPOSES","BINAY, MARIA LOURDES NANCY S.","September 19, 2018",NATIONAL,REAL PROPERTY REALTY INSTALLMENT BUYER PROTECTION ACT (R.A.NO. 6552),"URBAN PLANNING, HOUSING AND RESETTLEMENT",PENDING IN THE COMMITTEE
Senate Bill No. 2081,17th Congress (July 2016 - 2019),https://ldr.senate.gov.ph/bills/senate-bill-no-2081-17th-congress-republic,SIMULATED BIRTH RECTIFICATION ACT OF 2018,"AN ACT GRANTING AMNESTY FOR SIMULATED BIRTHS, ALLOWING THE RECTIFICATION OF SIMULATED BIRTH RECORDS THROUGH ADMINISTRATIVE ADOPTION AND FOR OTHER PURPOSES","POE, GRACE","October 22, 2018",NATIONAL,SIMULATED BIRTH RECTIFICATION ADOPTION BIRTH REGISTRATION AMNESTY,"WOMEN, CHILDREN, FAMILY RELATIONS AND GENDER EQUALITY",CONSOLIDATED WITH APPROVED BILL
Senate Bill No. 1775,17th Congress (July 2016 - 2019),https://ldr.senate.gov.ph/bills/senate-bill-no-1775-17th-congress-republic,"BUSINESS TAX/FRANCHISE TAX, 1.5% OF GROSS SALES OR RECEIPTS","AN ACT TO SIMPLIFY LOCAL TAXES TO ENHANCE TAX COMPLIANCE IN LOCAL GOVERNMENT UNITS BY AMENDING CERTAIN PROVISIONS IN BOOK II OF REPUBLIC ACT 7160, OTHERWISE KNOWN AS THE LOCAL","ANGARA, SONNY","March 4, 2018",NATIONAL,TAXES/TAXATION LOCAL GOVERNMENT UNITS (LGUs) LOCAL GOVERNMENT CODE (R.A. NO. 7160) FRANCHISE TAX,N/A,PENDING IN THE COMMITTEE
Senate Bill No. 1839,17th Congress (July 2016 - 2019),https://ldr.senate.gov.ph/bills/senate-bill-no-1839-17th-congress-republic,AMENDING R.A. NO. 8178 (AGRICULTURAL TARIFFICATION ACT),"AN ACT REPLACING THE QUANTITATIVE IMPORT RESTRICTIONS ON RICE WITH TARIFFS, LIFTING THE QUANTITATIVE EXPORT RESTRICTIONS ON RICE AND CORN, AND CREATING THE RICE COMPETITIVENESS ENHANCEMENT FUND, AMENDING FOR THE PURPOSE REPUBLIC ACT NO. 8178, AS AMENDED, AND FOR OTHER PURPOSES","GATCHALIAN, WIN","May 30, 2018",NATIONAL,AGRICULTURAL TARIFFICATION ACT (R.A.NO. 8178) RICE COMPETITIVENESS ENHANCEMENT FUND,AGRICULTURE AND FOOD,CONSOLIDATED/SUBSTITUTED IN THE COMMITTEE REPORT
Senate Bill No. 1913,17th Congress (July 2016 - 2019),https://ldr.senate.gov.ph/bills/senate-bill-no-1913-17th-congress-republic,RECONSTITUTED PHILIPPINE COCONUT AUTHORITY BOARD LAW,"AN ACT TO FURTHER STRENGTHEN THE PHILIPPINE COCONUT AUTHORITY, REPEALING PD NO. 1468 OTHERWISE KNOWN AS THE REVISED COCONUT INDUSTRY CODE OF 1978, AS AMENDED","VILLAR, CYNTHIA A.","June 8, 2018",NATIONAL,PHILIPPINE COCONUT AUTHORITY PRESIDENTIAL DECREE (P.D.NO. 1468),AGRICULTURE AND FOOD,CONSOLIDATED/SUBSTITUTED IN THE COMMITTEE REPORT
Senate Bill No. 1669,17th Congress (July 2016 - 2019),https://ldr.senate.gov.ph/bills/senate-bill-no-1669-17th-congress-republic,FAITH ACADEMY AS AN EDUCATIONAL INSTITUTION OF INTERNATIONAL CHARACTER,AN ACT RECOGNIZING FAITH ACADEMY AS AN EDUCATIONAL INSTITUTION OF INTERNATIONAL CHARACTER AND PROVIDING FOR MECHANISMS ON THE GRANT OF CERTAIN PREROGATIVES CONDUCIVE TO ITS GROWTH,"SOTTO III, VICENTE C.","January 29, 2018",NATIONAL,"FAITH ACADEMY educational institutions INTERNATIONAL SCHOOLS, RECOGNITION","EDUCATION, ARTS AND CULTURE",CONSOLIDATED WITH APPROVED BILL
Senate Bill No. 1987,17th Congress (July 2016 - 2019),https://ldr.senate.gov.ph/bills/senate-bill-no-1987-17th-congress-republic,PHILIPPINE COMMUNICATIONS SATELLITE CORPORATION (PHILCOMSAT),"AN ACT EXTENDING FOR ANOTHER TWENTY-FIVE YEARS (25) THE FRANCHISE GRANTED TO PHILIPPINE COMMUNICATIONS SATELLITE CORPORATION (PHILCOMSAT), AMENDING FOR THE PURPOSE REPUBLIC ACT NO. 5514, AS AMENDED BY REPUBLIC ACT NO. 7949, ENTITLED 'AN ACT GRANTING THE PHILIPPINE COMMUNICATIONS SATELLITE CORPORATION A FRANCHISE TO ESTABLISH AND OPERATE GROUND SATELLITE TERMINAL STATION OR STATIONS FOR TELECOMMUNICATION WITH SATELLITE FACILITIES AND DELIVERY TO COMMON CARRIERS","ESCUDERO, FRANCIS G.","October 9, 2018",NATIONAL,FRANCHISE SALES/FRANCHISE BUSINESS,PUBLIC SERVICES,CONSOLIDATED/SUBSTITUTED IN THE COMMITTEE REPORT
Senate Bill No. 2051,17th Congress (July 2016 - 2019),https://ldr.senate.gov.ph/bills/senate-bill-no-2051-17th-congress-republic,FAMILY SUPPORT FOR BREASTFEEDING ACT,AN ACT PROMOTING AND SUPPORTING BREASTFEEDING AS AN ESSENTIAL COMPONENT OF RESPONSIBLE PARENTHOOD,"BINAY, MARIA LOURDES NANCY S.","March 10, 2018",NATIONAL,BREASTFEEDING FAMILY CARE,HEALTH AND DEMOGRAPHY,PENDING IN THE COMMITTEE
Senate Bill No. 1743,17th Congress (July 2016 - 2019),https://ldr.senate.gov.ph/bills/senate-bill-no-1743-17th-congress-republic,MANDATORY BASIC IMMUNIZATION PROGRAM,"AN ACT AMENDING REPUBLIC ACT NO. 10152, OR THE MANDATORY INFANTS AND CHILDREN HEALTH IMMUNIZATION ACT OF 2011","PIMENTEL, AQUILINO ""KOKO"" III","March 13, 2018",NATIONAL,immunization CHILDREN/CHILD CARE DEPARTMENT OF HEALTH (DOH),HEALTH AND DEMOGRAPHY,PENDING IN THE COMMITTEE
Senate Bill No. 1807,17th Congress (July 2016 - 2019),https://ldr.senate.gov.ph/bills/senate-bill-no-1807-17th-congress-republic,"ADDITIONAL BRANCH OF THE REGIONAL TRIAL COURT IN MUNICIPALITY OF LARENA, PROVINCE OF SIQUIJOR","AN ACT CREATING ONE (1) ADDITIONAL BRANCH OF THE REGIONAL TRIAL COURT IN THE SEVENTH JUDICIAL REGION TO BE STATIONED AT THE MUNICIPALITY OF LARENA, PROVINCE OF SIQUIJOR, FURTHER AMENDING FOR THE PURPOSE BATAS PAMBANSA BLG. 129, OTHERWISE KNOWN AS 'THE JUDICIARY REORGANIZATION ACT OF 1980', AS AMENDED, AND APPROPRIATING FUNDS THEREFORE","HONTIVEROS, RISA","May 15, 2018",NATIONAL,"COURTS (RTC/MTC, CREATION) JUDICIARY REORGANIZATION ACT (BATAS PAMBANSA BLG. 129)",JUSTICE AND HUMAN RIGHTS,PENDING IN THE COMMITTEE
Senate Bill No. 2125,17th Congress (July 2016 - 2019),https://ldr.senate.gov.ph/bills/senate-bill-no-2125-17th-congress-republic,HEALTHY FOOD CHOICES FOR KIDS ACT,AN ACT ESTABLISHING A LABELING AND NUTRITIONAL AWARENESS PROGRAM THAT REQUIRES SCHOOLS TO POST NUTRITIONAL CONTENT INFORMATION REGARDING FOOD SERVED IN THEIR CANTEENS,"BINAY, MARIA LOURDES NANCY S.","March 12, 2018",NATIONAL,LABEL/LABELING nutrition SCHOOLS (PUBLIC AND PRIVATE) CHILDREN/CHILD CARE,"EDUCATION, ARTS AND CULTURE",PENDING IN THE COMMITTEE
Senate Bill No. 1881,17th Congress (July 2016 - 2019),https://ldr.senate.gov.ph/bills/senate-bill-no-1881-17th-congress-republic,THE NATIONAL COMMISSION OF SENIOR CITIZENS ACT,"AN ACT CREATING THE NATIONAL COMMISSION OF SENIOR CITIZENS, PROVIDING FOR ITS FUNCTIONS, ABOLISHING THE NATIONAL COORDINATING COUNCIL AND MONITORING BOARD, AMENDING FOR THE PURPOSE REPUBLIC ACT NO. 7432, AS AMENDED, AND APPROPRIATING FUNDS THEREFOR","SOTTO III, VICENTE C.","July 19, 2018",NATIONAL,SENIOR CITIZENS ABOLITION NATIONAL COORDINATING COUNCIL AND MONITORING BOARD,"SOCIAL JUSTICE, WELFARE AND RURAL DEVELOPMENT",CONSOLIDATED/SUBSTITUTED IN THE COMMITTEE REPORT
Senate Bill No. 1944,17th Congress (July 2016 - 2019),https://ldr.senate.gov.ph/bills/senate-bill-no-1944-17th-congress-republic,TEACHING OF DISASTER AWARENESS AND DISASTER MITIGATION,"AN ACT REQUIRING THE TEACHING OF DISASTER AWARENESS AND DISASTER MITIGATION AS PART OF THE CURRICULUM OF ALL PRIMARY AND SECONDARY SCHOOLS, AND FOR OTHER PURPOSES","ANGARA, SONNY","August 15, 2018",NATIONAL,DISASTER AWARENESS/MITIGATION/POST-DISASTER RECOVERY Primary Education Secondary Education CURRICULUM/CURRICULA,"EDUCATION, ARTS AND CULTURE",PENDING IN THE COMMITTEE
Senate Bill No. 2136,17th Congress (July 2016 - 2019),https://ldr.senate.gov.ph/bills/senate-bill-no-2136-17th-congress-republic,CONDONATION OF LOAN INTEREST ARREARAGES AND PENALTIES IN FAVOR OF LOCAL WATER DISTRICTS ACT OF 2018,AN ACT GRANTING ONE-TIME CONDONATION OF INTEREST ARREARAGES AND PENALTIES IN FAVOR OF QUALIFIED LOCAL WATER DISTRICTS (LWDS) PERTAINING TO THEIR LOANS WITH THE LOCAL WATER UTILITIES ADMINISTRATION (LWUA),"ANGARA, SONNY","December 13, 2018",NATIONAL,LOCAL WATER DISTRICTS CONDONATION LOANS/FORBEARANCES (RATES OF INTEREST) LOCAL WATER UTILITIES ADMINISTRATION (LWUA),GOVERNMENT CORPORATIONS AND PUBLIC ENTERPRISES,PENDING IN THE COMMITTEE
Senate Bill No. 1892,17th Congress (July 2016 - 2019),https://ldr.senate.gov.ph/bills/senate-bill-no-1892-17th-congress-republic,AUDIOLOGY ACT OF 2018,"AN ACT PROFESSIONALIZING THE PRACTICE OF AUDIOLOGY AND CREATING FOR THIS PURPOSE A PROFESSIONAL REGULATORY BOARD OF AUDIOLOGY, APPROPRIATING FUNDS THEREFOR, UPGRADING AUDIOLOGIC EDUCATION, INTEGRATING AUDIOLOGISTS, AND FOR OTHER PURPOSES",Antonio F. Trillanes IV,"July 26, 2018",NATIONAL,AUDIOLOGY,"CIVIL SERVICE, GOVERNMENT REORGANIZATION AND PROFESSIONAL REGULATION",PENDING IN THE COMMITTEE
Senate Bill No. 1971,17th Congress (July 2016 - 2019),https://ldr.senate.gov.ph/bills/senate-bill-no-1971-17th-congress-republic,CHILD SAFETY IN MOTOR VEHICLES ACT,AN ACT PROVIDING FOR THE SPECIAL PROTECTION OF CHILD PASSENGERS IN MOTOR VEHICLES AND PROVIDING APPROPRIATIONS THEREOF,"EJERCITO, JOSEPH VICTOR G.","August 30, 2018",NATIONAL,CHILDREN/CHILD CARE Motor Vehicles,PUBLIC SERVICES,APPROVED BY THE PRESIDENT OF THE PHILIPPINES
Senate Bill No. 1648,17th Congress (July 2016 - 2019),https://ldr.senate.gov.ph/bills/senate-bill-no-1648-17th-congress-republic,AMENDNG R.A.NO. 9502 ( CHEAPER AND QUALITY MEDICINES ACT ) AND R.A.NO. 6675 (GENERICS ACT),"AN ACT AMENDING CERTAIN PROVISIONS OF REPUBLIC ACT NO. 9502, OTHERWISE KNOWN AS THE 'UNIVERSALLY ACCESSIBLE CHEAPER AND QUALITY MEDICINES ACT OF 2008' AND THE REPUBLIC ACT NO. 6675, OTHERWISE KNOWN AS THE 'GENERICS ACT OF 1988' AS AMENDED AND FOR OTHER PURPOSES","EJERCITO, JOSEPH VICTOR G.","January 15, 2018",NATIONAL,CHEAPER MEDICINES GENERIC ACT MEDICAL PRACTITIONERS,HEALTH AND DEMOGRAPHY,PENDING IN THE COMMITTEE
Senate Bill No. 1712,17th Congress (July 2016 - 2019),https://ldr.senate.gov.ph/bills/senate-bill-no-1712-17th-congress-republic,SARANGANI SPORTS TRAINING CENTER,"AN ACT ESTABLISHING THE SARANGANI SPORTS TRAINING CENTER IN THE MUNICIPALITY OF ALABEL, PROVINCE OF SARANGANI AND APPROPRIATING FUNDS THEREFOR","PACQUIAO, EMMANUEL ""MANNY"" D.","February 27, 2018",NATIONAL,SPORTS COMPLEX/SPORTS CENTER/MULTI-PURPOSE SPORTS CENTER/SPORTS ACADEMY,SPORTS,CONSOLIDATED WITH APPROVED BILL
Senate Bill No. 2090,17th Congress (July 2016 - 2019),https://ldr.senate.gov.ph/bills/senate-bill-no-2090-17th-congress-republic,ARAW NG DABAW,"AN ACT DECLARING MARCH 1 OF EVERY YEAR AS A SPECIAL NON-WORKING HOLIDAY IN THE CITY OF DAVAO TO BE KNOWN AS THE 'ARAW NG DABAW', REPEALING FOR THE PURPOSE REPUBLIC ACT NO. 7551 AND REPUBLIC ACT NO. 7685","ANGARA, SONNY","November 13, 2018",NATIONAL,HOLIDAYS (SPECIAL NON-WORKING),LOCAL GOVERNMENT,CONSOLIDATED/SUBSTITUTED IN THE COMMITTEE REPORT
Senate Bill No. 1736,17th Congress (July 2016 - 2019),https://ldr.senate.gov.ph/bills/senate-bill-no-1736-17th-congress-republic,BAGUIO GENERAL HOSPITAL AND MEDICAL CENTER,AN ACT INCREASING THE BED CAPACITY OF THE BAGUIO GENERAL HOSPITAL AND MEDICAL CENTER FROM FIVE HUNDRED (500) TO EIGHT HUNDRED (800) BEDS AND APPROPRIATING FUNDS THEREFOR,"EJERCITO, JOSEPH VICTOR G.","December 3, 2018",LOCAL,"HOSPITALS, INCREASE BED CAPACITY",HEALTH AND DEMOGRAPHY,PENDING IN THE COMMITTEE
Senate Bill No. 1800,17th Congress (July 2016 - 2019),https://ldr.senate.gov.ph/bills/senate-bill-no-1800-17th-congress-republic,MARIANO MARCOS MEMORIAL HOSPITAL AND MEDICAL CENTER (MMMHMC),"AN ACT INCREASING THE BED CAPACITY OF THE MARIANO MARCOS MEMORIAL HOSPITAL AND MEDICAL CENTER (MMMHMC), BATAC CITY, ILOCOS NORTE FROM TWO HUNDRED (200) BEDS TO SEVEN HUNDRED (700) BEDS, UPGRADING ITS SERVICES, FACILITIES, AND PROFESSIONAL HEALTH CARE, AUTHORIZING THE INCREASE OF ITS MEDICAL AND NON-MEDICAL PERSONNEL, AND APPROPRIATING FUNDS THEREFOR","PIMENTEL, AQUILINO ""KOKO"" III","May 15, 2018",NATIONAL,"HOSPITALS, INCREASE BED CAPACITY",HEALTH AND DEMOGRAPHY,CONSOLIDATED/SUBSTITUTED IN THE COMMITTEE REPORT
Senate Bill No. 1654,17th Congress (July 2016 - 2019),https://ldr.senate.gov.ph/bills/senate-bill-no-1654-17th-congress-republic,BICOL REGIONAL GERIATRIC MEDICAL CENTER,"AN ACT CONVERTING THE BICOL SANITARIUM IN THE MUNICIPALITY OF CABUSAO, PROVINCE OF CAMARINES SUR, INTO A GERIATRIC AND GENERAL MEDICAL CENTER TO BE KNOWN AS THE 'BICOL REGIONAL GERIATRIC MEDICAL CENTER', UPGRADING ITS SERVICE FACILITIES, AUTHORIZING THE INCREASE OF ITS MEDICAL PERSONNEL AND APPROPRIATING FUNDS THEREFOR","ESCUDERO, FRANCIS G.","January 22, 2018",NATIONAL,"GERIATRIC HEALTH CENTRE HOSPITALS, UPGRADING",HEALTH AND DEMOGRAPHY,APPROVED BY THE PRESIDENT OF THE PHILIPPINES
Senate Bill No. 1718,17th Congress (July 2016 - 2019),https://ldr.senate.gov.ph/bills/senate-bill-no-1718-17th-congress-republic,"THE MANAGEMENT, CONTROL, REGULATION, AND UTILIZATION OF RAINWATER RUNOFF","AN ACT PROVIDING FOR THE MANAGEMENT, CONTROL, REGULATION, AND UTILIZATION OF RAINWATER RUNOFF, AND IMPROVEMENT OF ECOLOGICAL CHARACTERISTICS OF CATCHMENTS TO ADDRESS FLOODING AND WATER SUPPLY NEEDS IN URBAN AND RURAL CENTERS, AND CREATING THE NECESSARY INSTITUTIONAL MECHANISMS THEREFOR","POE, GRACE","February 28, 2018",NATIONAL,RAINWATER FLOOD MANAGEMENT WATER SUPPLY,PUBLIC WORKS,PENDING IN THE COMMITTEE
Senate Bill No. 2134,17th Congress (July 2016 - 2019),https://ldr.senate.gov.ph/bills/senate-bill-no-2134-17th-congress-republic,DIVORCE ACT OF 2018,AN ACT INSTITUTING ABSOLUTE DIVORCE IN THE PHILIPPINES,"HONTIVEROS, RISA","December 13, 2018",NATIONAL,DIVORCE,"WOMEN, CHILDREN, FAMILY RELATIONS AND GENDER EQUALITY",PENDING IN THE COMMITTEE
Senate Bill No. 1994,17th Congress (July 2016 - 2019),https://ldr.senate.gov.ph/bills/senate-bill-no-1994-17th-congress-republic,DISASTER RESILIENCE ACT OF 2018,"AN ACT CREATING THE DEPARTMENT OF DISASTER RESILIENCE, DEFINING ITS POWERS AND FUNCTIONS, AND APPROPRIATING FUNDS THEREFOR","ANGARA, SONNY","November 9, 2018",NATIONAL,DEPARTMENT OF DISASTER RESILIENCE DISASTER RISK REDUCTION AND MANAGEMENT RESILIENCE,NATIONAL DEFENSE AND SECURITY,PENDING IN THE COMMITTEE
Senate Bill No. 2058,17th Congress (July 2016 - 2019),https://ldr.senate.gov.ph/bills/senate-bill-no-2058-17th-congress-republic,NATIONAL TEACHERS DAY ACT,AN ACT DECLARING OCTOBER 5 OF EVERY YEAR AS NATIONAL TEACHERS DAY,"Paolo Benigno ""Bam"" Aquino IV","August 10, 2018",NATIONAL,TEACHERS,RULES,PENDING IN THE COMMITTEE
Senate Bill No. 1768,17th Congress (July 2016 - 2019),https://ldr.senate.gov.ph/bills/senate-bill-no-1768-17th-congress-republic,"INCREASING THE BED CAPACITY OF GOV. CELESTINO GALLARES MEMORIAL HOSPITAL IN TAGBILARAN CITY, BOHOL","AN ACT INCREASING THE BED CAPACITY OF GOVERNOR CELESTINO GALLARES MEMORIAL HOSPITAL (GCGMH) IN TAGBILARAN CITY, PROVINCE OF BOHOL FROM TWO HUNDRED TWENTY-FIVE (225) TO FIVE HUNDRED TWENTY-FIVE (525) BEDS AND UPGRADING ITS SERVICES AND FACILITIES, AMENDING FOR THE PURPOSE REPUBLIC ACT NO. 7266, AND APPROPRIATING FUNDS THEREFOR AND FOR OTHER PURPOSES","EJERCITO, JOSEPH VICTOR G.","March 21, 2018",NATIONAL,"HOSPITALS, INCREASE BED CAPACITY",HEALTH AND DEMOGRAPHY,APPROVED BY THE PRESIDENT OF THE PHILIPPINES
Senate Bill No. 1832,17th Congress (July 2016 - 2019),https://ldr.senate.gov.ph/bills/senate-bill-no-1832-17th-congress-republic,"MULTI-SPECIES MARINE HATCHERY IN LIBMANAN, CAMARINES SUR","AN ACT ESTABLISHING A MULTI-SPECIES MARINE HATCHERY IN THE MUNICIPALITY OF LIBMANAN, PROVINCE OF CAMARINES SUR AND APPROPRIATING FUNDS THEREFOR","VILLAR, CYNTHIA A.","May 29, 2018",LOCAL,MULTI-SPECIES MARINE HATCHERY,AGRICULTURE AND FOOD,PENDING IN THE COMMITTEE
Senate Bill No. 1686,17th Congress (July 2016 - 2019),https://ldr.senate.gov.ph/bills/senate-bill-no-1686-17th-congress-republic,EXPEDITING THE TITLING OF LANDS AWARDED UNDER THE COMPREHENSIVE AGRARIAN REFORM PROGRAM,"AN ACT EXPEDITING THE TITLING OF LANDS AWARDED UNDER THE COMPREHENSIVE AGRARIAN REFORM PROGRAM, LIFTING THE RESTRICTIONS ON THE UTILIZATION OF SUCH LANDS AS COLLATERAL FOR SECURING AGRICULTURAL LOANS, AND OTHER SIMILAR FINANCIAL INSTRUMENTS, AND FOR OTHER PURPOSES",Ralph G. Recto,"December 2, 2018",NATIONAL,LAND TITLE/TORRENS TITLE AGRICULTURAL LAND COMPREHENSIVE AGRARIAN REFORM LAW (CARL) R.A.NO. 6657),AGRARIAN REFORM,PENDING IN THE COMMITTEE
Senate Bill No. 2113,17th Congress (July 2016 - 2019),https://ldr.senate.gov.ph/bills/senate-bill-no-2113-17th-congress-republic,PHILIPPINE DEFENSE INDUSTRY DEVELOPMENT ACT OF 2018 (PDIDA),"AN ACT PROVIDING FOR THE DEVELOPMENT OF A NATIONAL DEFENSE INDUSTRY THROUGH THE STRENGTHENING AND REVITALIZING OF THE SELF RELIANT DEFENSE POSTURE (SRDP) PROGRAM, INCENTIVIZING IN-COUNTRY ENTERPRISES, RATIONALIZING DEFENSE ACQUISITION, AND CREATING THE OFFICE OF THE UNDERSECRETARY FOR DEFENSE TECHNOLOGY RESEARCH AND INDUSTRY DEVELOPMENT UNDER THE DEPARTMENT OF NATIONAL DEFENSE, AND PROVIDING FUNDS THEREFOR","ZUBIRI, JUAN MIGUEL ""MIGZ"" F.","November 28, 2018",NATIONAL,NATIONAL DEFENSE INDUSTRY SELF RELIANT DEFENSE POSTURE (SRDP) PROGRAM Department of National Defense (DND),NATIONAL DEFENSE AND SECURITY,PENDING IN THE COMMITTEE
Senate Bill No. 1747,17th Congress (July 2016 - 2019),https://ldr.senate.gov.ph/bills/senate-bill-no-1747-17th-congress-republic,AMENDING R.A. NO. 9728 (FREEPORT AREA OF BATAAN ACT OF 2009),"AN ACT FURTHER STRENGTHENING THE POWERS AND FUNCTIONS OF THE AUTHORITY OF THE FREEPORT AREA OF BATAAN (AFAB), AMENDING FOR THIS PURPOSE REPUBLIC ACT NO. 9728, OTHERWISE KNOWN AS THE FREEPORT AREA OF BATAAN (FAB) ACT OF 2009","GORDON, RICHARD J.","March 14, 2018",NATIONAL,FREEPORT AREA OF BATAAN (FAB),ECONOMIC AFFAIRS,CONSOLIDATED/SUBSTITUTED IN THE COMMITTEE REPORT
Senate Bill No. 1811,17th Congress (July 2016 - 2019),https://ldr.senate.gov.ph/bills/senate-bill-no-1811-17th-congress-republic,PUBLIC PARKS DEVELOPMENT AUTHORITY,AN ACT TO REORGANIZE THE NATIONAL PARKS DEVELOPMENT COMMITTEE TO THE PUBLIC PARKS DEVELOPMENT AUTHORITY,"ANGARA, SONNY","May 16, 2018",NATIONAL,PARKS,ENVIRONMENT AND NATURAL RESOURCES,PENDING IN THE COMMITTEE
Senate Bill No. 1779,17th Congress (July 2016 - 2019),https://ldr.senate.gov.ph/bills/senate-bill-no-1779-17th-congress-republic,"PHP3,000.00 INCREASE IN THE MONTHLY PENSION OF WAR VETERANS AND THEIR DEPENDENTS","AN ACT PROVIDING FOR A THREE THOUSAND PESO (PHP 3,000) INCREASE ACROSS THE BOARD IN THE MONTHLY PENSION OF WAR VETERANS AND THEIR DEPENDENTS, APPROPRIATING FUNDS THEREFOR AND FOR OTHER PURPOSES","VILLANUEVA, JOEL","October 4, 2018",NATIONAL,VETERANS PENSION,NATIONAL DEFENSE AND SECURITY,PENDING IN THE COMMITTEE
Senate Bill No. 1845,17th Congress (July 2016 - 2019),https://ldr.senate.gov.ph/bills/senate-bill-no-1845-17th-congress-republic,JOSEFA LLANES ESCODA DAY,AN ACT DECLARING JANUARY 6 OF EVERY YEAR A SPECIAL WORKING HOLIDAY TO COMMEMORATE THE DEATH AND CONTRIBUTIONS OF JOSEFA LLANES ESCODA,"HONTIVEROS, RISA","May 31, 2018",NATIONAL,HOLIDAYS (SPECIAL WORKING),"EDUCATION, ARTS AND CULTURE",PENDING IN THE COMMITTEE
Senate Bill No. 1860,17th Congress (July 2016 - 2019),https://ldr.senate.gov.ph/bills/senate-bill-no-1860-17th-congress-republic,JOURNALISTS' PROTECTION ACT OF 2018,"AN ACT PROVIDING FOR MANDATORY INSURANCE COVERAGE AND BENEFITS AND HAZARD PAY FOR JOURNALISTS, EMPLOYEES OF MEDIA ENTITIES ON FIELD ASSIGNMENTS AND FREELANCE JOURNALISTS, AND FOR OTHER PURPOSES","DE LIMA, LEILA M.","April 7, 2018",NATIONAL,JOURNALIST WELFARE INSURANCE HAZARD PAY,PUBLIC INFORMATION AND MASS MEDIA,PENDING IN THE COMMITTEE
Senate Bill No. 1924,17th Congress (July 2016 - 2019),https://ldr.senate.gov.ph/bills/senate-bill-no-1924-17th-congress-republic,EXERTING UNDUE INFLUENCE IN GOVERNMENT DEALINGS FOR ONE'S BENEFIT IS CONSIDERED CONFLICT OF INTEREST,AN ACT AMENDING SECTION 3 (I) OF REPUBLIC ACT NO. 6713 OR THE CODE OF CONDUCT AND ETHICAL STANDARDS FOR PUBLIC OFFICIALS AND EMPLOYEES,Antonio F. Trillanes IV,"August 8, 2018",NATIONAL,CODE OF CONDUCT AND ETHICAL STANDARDS (R.A.NO. 6713) CONFLICT OF INTEREST,"CIVIL SERVICE, GOVERNMENT REORGANIZATION AND PROFESSIONAL REGULATION",PENDING IN THE COMMITTEE
Senate Bill No. 2124,17th Congress (July 2016 - 2019),https://ldr.senate.gov.ph/bills/senate-bill-no-2124-17th-congress-republic,AMENDING P.D. NO. 1341 (CHARTER OF THE POLYTECHNIC UNIVERSITY OF THE PHILIPPINES),"AN ACT AMENDING PRESIDENTIAL DECREE NUMBER 1341, OTHERWISE KNOWN AS THE CHARTER OF THE POLYTECHNIC UNIVERSITY OF THE PHILIPPINES","EJERCITO, JOSEPH VICTOR G.","March 12, 2018",NATIONAL,POLYTECHNIC UNIVERSITY OF THE PHILIPPINES (PUP) STATE COLLEGES AND UNIVERSITIES (SCUS),"EDUCATION, ARTS AND CULTURE",VETOED BY THE PRESIDENT OF THE PHILIPPINES
Senate Bill No. 1871,17th Congress (July 2016 - 2019),https://ldr.senate.gov.ph/bills/senate-bill-no-1871-17th-congress-republic,TEACHING SUPPLIES ALLOWANCE ACT OF 2018,AN ACT PROVIDING FOR A TEACHING SUPPLIES ALLOWANCE FOR PUBLIC SCHOOL TEACHERS AND APPROPRIATING FUNDS THEREFOR,"ANGARA, SONNY","July 16, 2018",NATIONAL,PUBLIC SCHOOL TEACHERS TEACHERS,RULES,PENDING IN THE COMMITTEE
Senate Bill No. 1935,17th Congress (July 2016 - 2019),https://ldr.senate.gov.ph/bills/senate-bill-no-1935-17th-congress-republic,SPECIAL PROTECTION OF CHILDREN IN SITUATIONS OF ARMED CONFLICT ACT,AN ACT PROVIDING SPECIAL PROTECTION OF CHILDREN IN SITUATIONS OF ARMED CONFLICT AND PROVIDING PENALTIES THEREOF,"HONTIVEROS, RISA","August 15, 2018",NATIONAL,CHILDREN/CHILD CARE armed conflict,"WOMEN, CHILDREN, FAMILY RELATIONS AND GENDER EQUALITY",CONSOLIDATED/SUBSTITUTED IN THE COMMITTEE REPORT
Senate Bill No. 2121,17th Congress (July 2016 - 2019),https://ldr.senate.gov.ph/bills/senate-bill-no-2121-17th-congress-republic,MAGNA CARTA OF THE POOR,AN ACT PROVIDING FOR A MAGNA CARTA OF THE POOR,"LEGARDA, LOREN B.","March 12, 2018",NATIONAL,MAGNA CARTA OF THE POOR,"SOCIAL JUSTICE, WELFARE AND RURAL DEVELOPMENT",APPROVED BY THE PRESIDENT OF THE PHILIPPINES
Senate Bill No. 2015,17th Congress (July 2016 - 2019),https://ldr.senate.gov.ph/bills/senate-bill-no-2015-17th-congress-republic,BARANGAY INTEGRATED DEVELOPMENT APPROACH FOR NUTRITION IMPROVEMENT (BIDANI) ACT,AN ACT ESTABLISHING THE BARANGAY INTEGRATED DEVELOPMENT APPROACH FOR NUTRITION IMPROVEMENT (BIDANI) OF THE RURAL POOR AS A LINKAGE PROGRAM FOR ALL STATE UNIVERSITIES AND COLLEGES (SUCS) AND COMMUNITY COLLEGES AND APPROPRIATING FUNDS THEREFOR,"SOTTO III, VICENTE C.","September 19, 2018",NATIONAL,BIDANI (BARANGAY INTEGRATED DEVELOPMENT APPROACH FOR NUTRITION IMPROVEMENT) STATE COLLEGES AND UNIVERSITIES (SCUS),HEALTH AND DEMOGRAPHY,PENDING IN THE COMMITTEE
Senate Bill No. 2080,17th Congress (July 2016 - 2019),https://ldr.senate.gov.ph/bills/senate-bill-no-2080-17th-congress-republic,"EXTENDING THE FRANCHISE TO CATHOLIC BISHOPS CONFERENCE OF THE PHILIPPINES, INC","AN ACT EXTENDING THE FRANCHISE GRANTED TO CATHOLIC BISHOPS CONFERENCE OF THE PHILIPPINES, INC. (FORMERLY THE CATHOLIC WELFARE ORGANIZATION) UNDER REPUBLIC ACT NO. 7530 TO CONSTRUCT, INSTALL, ESTABLISH, OPERATE AND MAINTAIN RADIO AND/OR TELEVISION BROADCASTING STATIONS IN THE PHILIPPINES FOR ANOTHER TWENTY-FIVE (25) YEARS AND FOR OTHER PURPOSES","EJERCITO, JOSEPH VICTOR G.","October 18, 2018",NATIONAL,FRANCHISE SALES/FRANCHISE BUSINESS,PUBLIC SERVICES,PENDING IN THE COMMITTEE
Senate Bill No. 2026,17th Congress (July 2016 - 2019),https://ldr.senate.gov.ph/bills/senate-bill-no-2026-17th-congress-republic,LOWERING THE MINIMUM AGE OF CRIMINAL RESPONSIBILITY,"AN ACT LOWERING THE MINIMUM AGE OF CRIMINAL RESPONSIBILITY AMENDING FOR THE PURPOSE SECTIONS 6, 20, 20-A, 20-B AND 22 OF REPUBLIC ACT NO. 9344, AS AMENDED, OTHERWISE KNOWN AS 'THE JUVENILE JUSTICE AND WELFARE ACT OF 2006', AND FOR OTHER PURPOSES","SOTTO III, VICENTE C.","September 24, 2018",NATIONAL,JUVENILE JUSTICE AND WELFARE ACT (R.A.NO. 9344) CHILDREN AND YOUTH CRIMINAL RESPONSIBILITY AGE,JUSTICE AND HUMAN RIGHTS,CONSOLIDATED/SUBSTITUTED IN THE COMMITTEE REPORT
Senate Bill No. 2099,17th Congress (July 2016 - 2019),https://ldr.senate.gov.ph/bills/senate-bill-no-2099-17th-congress-republic,COUNCIL FOR THE WELFARE OF SENIOR CITIZENS ACT,AN ACT PROVIDING FOR THE CREATION OF A COUNCIL FOR THE WELFARE OF SENIOR CITIZENS,"ANGARA, SONNY","November 15, 2018",NATIONAL,SENIOR CITIZENS,"SOCIAL JUSTICE, WELFARE AND RURAL DEVELOPMENT",CONSOLIDATED/SUBSTITUTED IN THE COMMITTEE REPORT
Senate Bill No. 2132,17th Congress (July 2016 - 2019),https://ldr.senate.gov.ph/bills/senate-bill-no-2132-17th-congress-republic,CONSOLIDATED POVERTY DATA COLLECTION (CPDC) SYSTEM ACT,AN ACT ESTABLISHING A CONSOLIDATED POVERTY DATA COLLECTION SYSTEM AND APPROPRIATING FUNDS THEREFOR,"ZUBIRI, JUAN MIGUEL ""MIGZ"" F.","October 12, 2018",NATIONAL,POVERTY DATA COLLECTION information,"SOCIAL JUSTICE, WELFARE AND RURAL DEVELOPMENT",CONSOLIDATED/SUBSTITUTED IN THE COMMITTEE REPORT
Senate Bill No. 1700,17th Congress (July 2016 - 2019),https://ldr.senate.gov.ph/bills/senate-bill-no-1700-17th-congress-republic,HAZARD PAY FOR PUBLIC PROSECUTORS ACT,"AN ACT GRANTING HAZARD PAY TO ALL PUBLIC PROSECUTORS, ASSOCIATE PROSECUTION ATTORNEYS, AND PROSECUTION ATTORNEYS DURING THEIR INCUMBENCY AND APPROPRIATING FUNDS THEREFOR","PIMENTEL, AQUILINO ""KOKO"" III","February 21, 2018",NATIONAL,HAZARD PAY PROSECUTOR,JUSTICE AND HUMAN RIGHTS,PENDING IN THE COMMITTEE
Senate Bill No. 2023,17th Congress (July 2016 - 2019),https://ldr.senate.gov.ph/bills/senate-bill-no-2023-17th-congress-republic,SPECIAL PROTECTION OF CHILDREN IN SITUATIONS OF ARMED CONFLICT ACT,AN ACT PROVIDING SPECIAL PROTECTION OF CHILDREN IN SITUATIONS OF ARMED CONFLICT AND PROVIDING PENALTIES THEREOF,"SOTTO III, VICENTE C.","September 20, 2018",NATIONAL,CHILDREN/CHILD CARE armed conflict,"WOMEN, CHILDREN, FAMILY RELATIONS AND GENDER EQUALITY",CONSOLIDATED WITH APPROVED BILL
Senate Bill No. 2135,17th Congress (July 2016 - 2019),https://ldr.senate.gov.ph/bills/senate-bill-no-2135-17th-congress-republic,"MARITIME SAFETY, SECURITY AND PREVENTION OF SHIP-SOURCED POLLUTION ACT OF THE PHILIPPINES",AN ACT PROVIDING FOR THE FULL AND EFFECTIVE IMPLEMENTATION AND ENFORCEMENT OF INTERNATIONAL MARITIME INSTRUMENTS OF WHICH THE PHILIPPINES IS A STATE-PARTY,"ANGARA, SONNY","December 13, 2018",NATIONAL,MARITIME SAFETY SHIP POLLUTION,PUBLIC SERVICES,PENDING IN THE COMMITTEE
Senate Bill No. 1891,17th Congress (July 2016 - 2019),https://ldr.senate.gov.ph/bills/senate-bill-no-1891-17th-congress-republic,PHILIPPINE MEDICAL TECHNOLOGY ACT OF 2018,"AN ACT REGULATING AND MODERNIZING THE PRACTICE OF MEDICAL TECHNOLOGY IN THE PHILIPPINES, PROVIDING FUNDS THEREFOR AND FOR OTHER RELATED PURPOSES",Antonio F. Trillanes IV,"July 26, 2018",NATIONAL,MEDICAL TECHNOLOGY,"CIVIL SERVICE, GOVERNMENT REORGANIZATION AND PROFESSIONAL REGULATION",PENDING IN THE COMMITTEE
Senate Bill No. 1955,17th Congress (July 2016 - 2019),https://ldr.senate.gov.ph/bills/senate-bill-no-1955-17th-congress-republic,CARE FOR LIFE ACT,AN ACT ESTABLISHING A PREGNANCY SUPPORT SERVICE OFFICE UNDER THE DEPARTMENT OF HEALTH,"BINAY, MARIA LOURDES NANCY S.","August 28, 2018",NATIONAL,pregnancy DEPARTMENT OF HEALTH (DOH),HEALTH AND DEMOGRAPHY,PENDING IN THE COMMITTEE
Senate Bill No. 2030,17th Congress (July 2016 - 2019),https://ldr.senate.gov.ph/bills/senate-bill-no-2030-17th-congress-republic,TECHNICAL EDUCATION AND SKILLS DEVELOPMENT AUTHORITY (TESDA) MANPOWER DEVELOPMENT INSTITUTE (MDI),"AN ACT ESTABLISHING A TECHNICAL EDUCATION AND SKILLS DEVELOPMENT AUTHORITY (TESDA) MANPOWER DEVELOPMENT INSTITUTE (MDI) IN THE SOCCSKSARGEN REGION, AND APPROPRIATING FUNDS THEREFOR","PACQUIAO, EMMANUEL ""MANNY"" D.","September 25, 2018",NATIONAL,TECHNICAL EDUCATION AND SKILLS DEVELOPMENT AUTHORITY (TESDA) MANPOWER DEVELOPMENT INSTITUTE (MDI),"EDUCATION, ARTS AND CULTURE",PENDING IN THE COMMITTEE
Senate Bill No. 2094,17th Congress (July 2016 - 2019),https://ldr.senate.gov.ph/bills/senate-bill-no-2094-17th-congress-republic,CHARTER OF THE CITY OF MARAMAG,AN ACT CONVERTING THE MUNICIPALITY OF MARAMAG IN THE PROVINCE OF BUKIDNON INTO A COMPONENT CITY TO BE KNOWN AS THE CITY OF MARAMAG,"ZUBIRI, JUAN MIGUEL ""MIGZ"" F.","November 14, 2018",LOCAL,"MUNICIPALITY, CONVERSION (CITYHOOD)",RULES,PENDING IN THE COMMITTEE
Senate Bill No. 1786,17th Congress (July 2016 - 2019),https://ldr.senate.gov.ph/bills/senate-bill-no-1786-17th-congress-republic,ENHANCE INTER-LGU COOPERATION,"AN ACT TO ENHANCE INTER-LGU COOPERATION BY AMENDING CERTAIN PROVISIONS IN BOOK I OF REPUBLIC ACT 7160, OTHERWISE KNOWN AS THE LOCAL GOVERNMENT CODE OF 1991","ANGARA, SONNY","April 26, 2018",NATIONAL,LOCAL GOVERNMENT UNITS (LGUs) LOCAL GOVERNMENT CODE (R.A. NO. 7160),LOCAL GOVERNMENT,PENDING IN THE COMMITTEE
Senate Bill No. 1843,17th Congress (July 2016 - 2019),https://ldr.senate.gov.ph/bills/senate-bill-no-1843-17th-congress-republic,SEAL OF GOOD LOCAL GOVERNANCE ACT OF 2019,"AN ACT ESTABLISHING AND INSTITUTIONALIZING THE SEAL OF GOOD LOCAL GOVERNANCE FOR LOCAL GOVERNMENT UNITS, AND ALLOCATING FOR THIS PURPOSE THE SEAL OF GOOD LOCAL GOVERNANCE FUND","ANGARA, SONNY","May 31, 2018",NATIONAL,N/A,N/A,APPROVED BY THE PRESIDENT OF THE PHILIPPINES
Senate Bill No. 2104,17th Congress (July 2016 - 2019),https://ldr.senate.gov.ph/bills/senate-bill-no-2104-17th-congress-republic,AUTOMATIC REVERSAL OF THE EXCISE TAX ON FUEL UNDER R.A NO.10963 (TRAIN LAW),"AN ACT PROVIDING FOR THE AUTOMATIC REVERSAL OF THE EXCISE TAX ON FUEL UNDER REPUBLIC ACT NO. 10963 OTHERWISE KNOWN AS THE 'TAX REFORM FOR ACCELERATION AND INCLUSION (TRAIN)' AMENDING FOR THE PURPOSE, THE NATIONAL INTERNAL REVENUE CODE (NIRC) OF 1997, AS AMENDED","VILLANUEVA, JOEL","November 19, 2018",NATIONAL,TAXES (EXCISE TAX) TAX REFORM FOR ACCELERATION AND INCLUSION ACT (TRAIN) NATIONAL INTERNAL REVENUE CODE (NIRC) Petroleum products FUEL,WAYS AND MEANS,PENDING IN THE COMMITTEE
Senate Bill No. 1680,17th Congress (July 2016 - 2019),https://ldr.senate.gov.ph/bills/senate-bill-no-1680-17th-congress-republic,AMENDING SECTIONS 4 (B) AND 7 OF R.A. 6713,"AN ACT AMENDING SECTIONS 4 (B) AND 7 OF REPUBLIC ACT NO. 6713, OTHERWISE KNOWN AS THE 'CODE OF CONDUCT AND ETHICAL STANDARDS FOR PUBLIC OFFICIALS AND EMPLOYEES', AND FOR OTHER PURPOSES","POE, GRACE","June 2, 2018",NATIONAL,GOVERNMENT OFFICIAL/PUBLIC OFFICIAL FAKE NEWS information CODE OF CONDUCT AND ETHICAL STANDARDS (R.A.NO. 6713),"CIVIL SERVICE, GOVERNMENT REORGANIZATION AND PROFESSIONAL REGULATION",PENDING IN THE COMMITTEE
Senate Bill No. 1998,17th Congress (July 2016 - 2019),https://ldr.senate.gov.ph/bills/senate-bill-no-1998-17th-congress-republic,QUANTITATIVE IMPORT RESTRICTIONS ON RICE,"AN ACT REPLACING THE QUANTITATIVE IMPORT RESTRICTIONS ON RICE WITH TARIFFS, LIFTING THE QUANTITATIVE EXPORT RESTRICTIONS ON RICE, AND CREATING THE RICE COMPETITIVENESS ENHANCEMENT FUND, AMENDING FOR THE PURPOSE REPUBLIC ACT NO. 8178, AS AMENDED BY REPUBLIC ACT NO. 9496, AND AS FURTHER AMENDED BY REPUBLIC ACT NO. 10848, AND FOR OTHER PURPOSES","RECTO, RALPH G.","November 9, 2018",NATIONAL,RICE IMPORTATION RICE COMPETITIVENESS ENHANCEMENT FUND QUANTITATIVE IMPORT RESTRICTIONS,AGRICULTURE AND FOOD,APPROVED BY THE PRESIDENT OF THE PHILIPPINES
Senate Bill No. 2061,17th Congress (July 2016 - 2019),https://ldr.senate.gov.ph/bills/senate-bill-no-2061-17th-congress-republic,BUYOT INTEGRATED HIGH SCHOOL,"AN ACT ESTABLISHING AND CREATING THE BUYOT INTEGRATED HIGH SCHOOL IN THE MUNICIPALITY OF DON CARLOS, BUKIDNON AND APPROPRIATING FUNDS THEREFOR","ZUBIRI, JUAN MIGUEL ""MIGZ"" F.","September 10, 2018",LOCAL,"SCHOOLS, ESTABLISHMENT",RULES,PENDING IN THE COMMITTEE
Senate Bill No. 1754,17th Congress (July 2016 - 2019),https://ldr.senate.gov.ph/bills/senate-bill-no-1754-17th-congress-republic,THE NEW PUBLIC SERVICE LAW OF THE PHILIPPINES,"AN ACT AMENDING COMMONWEALTH ACT NO. 146, OTHERWISE KNOWN AS THE PUBLIC SERVICE ACT, AS AMENDED, AND FOR OTHER PURPOSES","AQUINO IV, PAOLO BENIGNO ""BAM""","March 19, 2018",NATIONAL,PUBLIC SERVICE ACT (COMMONWEALTH ACT NO. 146),N/A,"PENDING SECOND READING, SPECIAL ORDER"
Senate Bill No. 1818,17th Congress (July 2016 - 2019),https://ldr.senate.gov.ph/bills/senate-bill-no-1818-17th-congress-republic,CHILDREN IN MOTOR VEHICLE SAFETY ACT OF 2017,AN ACT ENSURING THE SAFETY MEASURES FOR CHILDREN RIDING IN MOTOR VEHICLES,"BINAY, MARIA LOURDES NANCY S.","May 23, 2018",NATIONAL,CHILDREN/CHILD CARE Motor Vehicles,PUBLIC SERVICES,CONSOLIDATED/SUBSTITUTED IN THE COMMITTEE REPORT
Senate Bill No. 1903,17th Congress (July 2016 - 2019),https://ldr.senate.gov.ph/bills/senate-bill-no-1903-17th-congress-republic,OLD-AGE PENSION OF SENIOR VETERANS,"AN ACT INCREASING THE MONTHLY OLD-AGE PENSION OF SENIOR VETERANS, AMENDING REPUBLIC ACT NO. 6948, AS AMENDED","PACQUIAO, EMMANUEL ""MANNY"" D.","January 8, 2018",NATIONAL,VETERANS PENSION,NATIONAL DEFENSE AND SECURITY,CONSOLIDATED/SUBSTITUTED IN THE COMMITTEE REPORT
Senate Bill No. 1965,17th Congress (July 2016 - 2019),https://ldr.senate.gov.ph/bills/senate-bill-no-1965-17th-congress-republic,INCREASING THE BED CAPACITY OF THE SOUTHERN PHILIPPINES MEDICAL CENTER IN DAVAO CITY,"AN ACT INCREASING THE BED CAPACITY OF THE SOUTHERN PHILIPPINES MEDICAL CENTER IN DAVAO CITY FROM ONE THOUSAND TWO HUNDRED (1,200) TO ONE THOUSAND FIVE HUNDRED (1,500) BEDS, UPGRADING ITS PROFESSIONAL HEALTH CARE SERVICES AND FACILITIES, AUTHORIZING THE INCREASE OF ITS MEDICAL PERSONNEL, AND APPROPRIATING FUNDS THEREFOR","EJERCITO, JOSEPH VICTOR G.","August 30, 2018",LOCAL,"HOSPITALS, INCREASE BED CAPACITY",HEALTH AND DEMOGRAPHY,APPROVED BY THE PRESIDENT OF THE PHILIPPINES
Senate Bill No. 1659,17th Congress (July 2016 - 2019),https://ldr.senate.gov.ph/bills/senate-bill-no-1659-17th-congress-republic,"PROHIBITING GOVERNMENT OFFICIALS/EMPLOYEES IN RECRUITING MIGRANT WORKERS (POEA, DOLE, OWWA, DFA)","AN ACT ENHANCING PROTECTION FOR OVERSEAS FILIPINO WORKERS IN THE CUSTODY OF GOVERNMENT OFFICERS/EMPLOYEES, AMENDING FOR THIS PURPOSE REPUBLIC ACT 8042","BINAY, MARIA LOURDES NANCY S.","January 22, 2018",NATIONAL,OVERSEAS FILIPINO WORKERS (OFW) MIGRANT WORKERS AND OVERSEAS FILIPINOS ACT OF 1995 (R.A.NO. 8042) Philippine Overseas Employment Administration (POEA) OVERSEAS WORKERS WELFARE ADMINISTRATION (OWWA) DEPARTMENT OF LABOR AND EMPLOYMENT (DOLE) GOVERNMENT EMPLOYEES GOVERNMENT OFFICIAL/PUBLIC OFFICIAL Department of Foreign Affairs (DFA),"LABOR, EMPLOYMENT AND HUMAN RESOURCES DEVELOPMENT",PENDING IN THE COMMITTEE
Senate Bill No. 1723,17th Congress (July 2016 - 2019),https://ldr.senate.gov.ph/bills/senate-bill-no-1723-17th-congress-republic,OWNERSHIP AND OPERATION OF DRONES,AN ACT REGULATING THE OWNERSHIP AND OPERATION OF DRONES BY PRIVATE PERSONS,"PIMENTEL, AQUILINO ""KOKO"" III","May 3, 2018",NATIONAL,DRONES,PUBLIC SERVICES,PENDING IN THE COMMITTEE
Senate Bill No. 1978,17th Congress (July 2016 - 2019),https://ldr.senate.gov.ph/bills/senate-bill-no-1978-17th-congress-republic,AMENDING SEC. 173.1(A) OF R.A. 8293 (THE PHILIPPINE INTELLECTUAL PROPERTY CODE),"AN ACT CLARIFYING THE SCOPE OF DERIVATIVE WORKS, AMENDING FOR THE PURPOSE SECTION 173.1(A) OF REPUBLIC ACT 8293 OR THE PHILIPPINE INTELLECTUAL PROPERTY CODE","BINAY, MARIA LOURDES NANCY S.","April 9, 2018",NATIONAL,INTELLECTUAL PROPERTY CODE,"TRADE, COMMERCE AND ENTREPRENEURSHIP",PENDING IN THE COMMITTEE
Senate Bill No. 2041,17th Congress (July 2016 - 2019),https://ldr.senate.gov.ph/bills/senate-bill-no-2041-17th-congress-republic,CHARTER OF THE CITY OF MANOLO FORTICH,AN ACT CONVERTING THE MUNICIPALITY OF MANOLO FORTICH IN THE PROVINCE OF BUKIDNON INTO A COMPONENT CITY TO BE KNOWN AS THE CITY OF MANOLO FORTICH,"Paolo Benigno ""Bam"" Aquino IV","January 10, 2018",LOCAL,"CITY CHARTER, REVISION/AMENDMENTS",RULES,PENDING IN THE COMMITTEE
Senate Bill No. 1733,17th Congress (July 2016 - 2019),https://ldr.senate.gov.ph/bills/senate-bill-no-1733-17th-congress-republic,RADIOLOGIC TECHNOLOGY ACT,"AN ACT TO AMEND CERTAIN PROVISIONS OF REPUBLIC ACT NO. 7431, OTHERWISE KNOWN AS THE 'RADIOLOGIC TECHNOLOGY ACT OF 1992', AND FOR OTHER PURPOSES",Antonio F. Trillanes IV,"August 3, 2018",NATIONAL,RADIOLOGIC TECHNOLOGY ACT (R.A.NO. 7431),"CIVIL SERVICE, GOVERNMENT REORGANIZATION AND PROFESSIONAL REGULATION","PENDING SECOND READING, SPECIAL ORDER"
Senate Bill No. 1797,17th Congress (July 2016 - 2019),https://ldr.senate.gov.ph/bills/senate-bill-no-1797-17th-congress-republic,AMENDING SECTIONS 16 (A) AND 16 (B) OF REPUBLIC ACT NO. 9231( CHILD LABOR),"AN ACT AMENDING SECTIONS 16 (A) AND 16 (B) OF REPUBLIC ACT NO. 9231, OTHERWISE KNOWN AS AN ACT PROVIDING FOR THE ELIMINATION OF THE WORST FORMS OF CHILD LABOR AND AFFORDING STRONGER PROTECTION FOR THE WORKING CHILD, AMENDING FOR THIS PURPOSE REPUBLIC ACT NO. 7610, AS AMENDED, OTHERWISE KNOWN AS THE SPECIAL PROTECTION OF CHILDREN AGAINST CHILD ABUSE, EXPLOITATION AND DISCRIMINATION ACT","VILLANUEVA, JOEL","August 5, 2018",NATIONAL,"CHILD ABUSE, EXPLOITATION AND DISCRIMINATION ACT (R.A. NO. 7610) Child labor","LABOR, EMPLOYMENT AND HUMAN RESOURCES DEVELOPMENT",PENDING IN THE COMMITTEE
Senate Bill No. 2115,17th Congress (July 2016 - 2019),https://ldr.senate.gov.ph/bills/senate-bill-no-2115-17th-congress-republic,OCCIDENTAL MINDORO SPECIAL ECONOMIC ZONE ZONE ACT OF 2018,"AN ACT ESTABLISHING A SPECIAL ECONOMIC ZONE AND FREE PORT IN THE MUNICIPALITIES OF SAN JOSE AND MAGSAYSAY IN THE PROVINCE OF OCCIDENTAL MINDORO, PROVIDING FUNDS THEREFOR, AND FOR OTHER PURPOSES","EJERCITO, JOSEPH VICTOR G.","November 28, 2018",NATIONAL,ECONOMIC ZONE,ECONOMIC AFFAIRS,PENDING IN THE COMMITTEE
Senate Bill No. 1691,17th Congress (July 2016 - 2019),https://ldr.senate.gov.ph/bills/senate-bill-no-1691-17th-congress-republic,AMENDING BATAS PAMBANSA BILANG 129 (REORGANIZING THE JUDICIARY),"AN ACT AMENDING BATAS PAMBANSA BILANG 129, OTHERWISE KNOWN AS 'AN ACT REORGANIZING THE JUDICIARY, APPROPRIATING FUNDS THEREFOR, AND FOR OTHER PURPOSES' TO CREATE THE POSITIONS FOR JUDGES-AT-LARGE","GATCHALIAN, WIN","February 13, 2018",NATIONAL,JUDICIARY REORGANIZATION ACT (BATAS PAMBANSA BLG. 129) Judges,JUSTICE AND HUMAN RIGHTS,CONSOLIDATED/SUBSTITUTED IN THE COMMITTEE REPORT
Senate Bill No. 2009,17th Congress (July 2016 - 2019),https://ldr.senate.gov.ph/bills/senate-bill-no-2009-17th-congress-republic,POLITICAL PARTY REFORM ACT,"AN ACT STRENGTHENING THE POLITICAL PARTY SYSTEM, PROVIDING GUIDELINES THEREFOR AND FOR OTHER PURPOSES","GATCHALIAN, WIN","September 17, 2018",NATIONAL,POLITICAL PARTY ELECTIONS/ELECTORAL REFORMS,ELECTORAL REFORMS AND PEOPLES PARTICIPATION,PENDING IN THE COMMITTEE
Senate Bill No. 2074,17th Congress (July 2016 - 2019),https://ldr.senate.gov.ph/bills/senate-bill-no-2074-17th-congress-republic,THE NATIONAL COMMISSION FOR THE URBAN POOR ACT,"AN ACT CREATING THE NATIONAL COMMISSION FOR THE URBAN POOR, DEFINING ITS POWERS AND FUNCTIONS, APPROPRIATING FUNDS THEREFOR AND FOR OTHER PURPOSES","EJERCITO, JOSEPH VICTOR G.","November 10, 2018",NATIONAL,URBAN POOR NATIONAL COMMISSION FOR THE URBAN POOR POVERTY ALLEVIATION,"SOCIAL JUSTICE, WELFARE AND RURAL DEVELOPMENT",PENDING IN THE COMMITTEE
Senate Bill No. 1765,17th Congress (July 2016 - 2019),https://ldr.senate.gov.ph/bills/senate-bill-no-1765-17th-congress-republic,ANTI-POLITICAL DYNASTY OF 2018,"AN ACT DEFINING AND PROHIBITING POLITICAL DYNASTIES, PROVIDING PENALTIES THEREFOR, AND FOR OTHER PURPOSES","LACSON, PANFILO M.","March 21, 2018",NATIONAL,POLITICAL DYNASTY/POLITICAL DYNASTIES,ELECTORAL REFORMS AND PEOPLES PARTICIPATION,"PENDING SECOND READING, SPECIAL ORDER"
Senate Bill No. 1829,17th Congress (July 2016 - 2019),https://ldr.senate.gov.ph/bills/senate-bill-no-1829-17th-congress-republic,FINANCIAL CONSUMER PROTECTION ACT,AN ACT PROVIDING FOR THE PROTECTION OF FINANCIAL CONSUMERS AND FOR OTHER PURPOSES,"ESCUDERO, FRANCIS G.","May 29, 2018",NATIONAL,CONSUMER PROTECTION,"BANKS, FINANCIAL INSTITUTIONS AND CURRENCIES",PENDING IN THE COMMITTEE
Senate Bill No. 1914,17th Congress (July 2016 - 2019),https://ldr.senate.gov.ph/bills/senate-bill-no-1914-17th-congress-republic,THE ANTI-PROSTITUTION ACT OF 2010,"AN ACT ADDRESSING THE SYSTEM OF PROSTITUTION, IMPOSING PENALTIES ON ITS PERPETRATORS, PROVIDING PROTECTIVE MEASURES AND SUPPORT SERVICES FOR ITS VICTIMS, AND DECRIMINALIZING VAGRANCY, REPEALING FOR THE PURPOSE ARTICLES 202 AND 341 OF THE REVISED PENAL CODE AND AMENDING R.A. 9208, AND FOR OTHER PURPOSES","HONTIVEROS, RISA","June 8, 2018",NATIONAL,PROSTITUTION VAGRANCY REVISED FIRE CODE (R.A. NO. 9514),JUSTICE AND HUMAN RIGHTS,PENDING IN THE COMMITTEE
Senate Bill No. 1670,17th Congress (July 2016 - 2019),https://ldr.senate.gov.ph/bills/senate-bill-no-1670-17th-congress-republic,FUNERAL DISCOUNT PRIVILEGES TO ALL PUBLIC SCHOOL TEACHERS,"AN ACT GRANTING FUNERAL DISCOUNT PRIVILEGES TO ALL PUBLIC SCHOOL TEACHERS OF THE DEPARTMENT OF EDUCATION AND THE COMMISSION ON HIGHER EDUCATION WHO DIED ON ACCOUNT OF WORK-RELATED SICKNESS AND INJURIES, APPROPRIATING FUNDS THEREFOR AND FOR OTHER PURPOSES","BINAY, MARIA LOURDES NANCY S.","January 29, 2018",NATIONAL,PUBLIC SCHOOL TEACHERS DEPARTMENT OF EDUCATION (DEPED) COMMISSION ON HIGHER EDUCATION (CHED) FUNERAL HOMES DISCOUNT PRIVILEGES TEACHERS,"EDUCATION, ARTS AND CULTURE",PENDING IN THE COMMITTEE
Senate Bill No. 1988,17th Congress (July 2016 - 2019),https://ldr.senate.gov.ph/bills/senate-bill-no-1988-17th-congress-republic,THE CULVERT SAFETY ACT,AN ACT PROVIDING FOR SAFETY MEASURES FOR CULVERTS OR OTHER SIMILAR FLOOD OR DRAINAGE SYSTEMS MAINTAINED BY GOVERNMENT ENTITIES,"BINAY, MARIA LOURDES NANCY S.","October 9, 2018",NATIONAL,CULVERTS FLOOD/DRAINAGE SYSTEMS,PUBLIC WORKS,PENDING IN THE COMMITTEE
Senate Bill No. 2052,17th Congress (July 2016 - 2019),https://ldr.senate.gov.ph/bills/senate-bill-no-2052-17th-congress-republic,R&D ACT OF 2018,"AN ACT CREATING A RESEARCH AND DEVELOPMENT COUNCIL OF THE PHILIPPINES, APPROPRIATING FUNDS THEREFOR, AND FOR OTHER PURPOSES","PIMENTEL, AQUILINO ""KOKO"" III","March 10, 2018",NATIONAL,RESEARCH AND DEVELOPMENT COUNCIL,SCIENCE AND TECHNOLOGY,PENDING IN THE COMMITTEE
Senate Bill No. 1744,17th Congress (July 2016 - 2019),https://ldr.senate.gov.ph/bills/senate-bill-no-1744-17th-congress-republic,E-CIGARETTE REGULATION ACT OF 2018,AN ACT REGULATING ELECTRONIC CIGARETTES,"EJERCITO, JOSEPH VICTOR G.","March 14, 2018",NATIONAL,E-CIGARETTES CIGARS/CIGARETTES,HEALTH AND DEMOGRAPHY,PENDING IN THE COMMITTEE
Senate Bill No. 1808,17th Congress (July 2016 - 2019),https://ldr.senate.gov.ph/bills/senate-bill-no-1808-17th-congress-republic,EXCLUDE REFINED SUGAR FROM THE LIST OF PRODUCTS COVERED BY MANDATORY FOOD FORTIFICATION,"AN ACT REMOVE OR EXCLUDE REFINED SUGAR FROM THE LIST OF PRODUCTS COVERED BY MANDATORY FOOD FORTIFICATION, AMENDING FOR THIS PURPOSE REPUBLIC ACT NO. 8976, OTHERWISE KNOWN AS THE FOOD FORTIFICATION ACT OF 2000","BINAY, MARIA LOURDES NANCY S.","May 16, 2018",NATIONAL,"FOOD FORTIFICATION ACT (R.A.NO. 8976, AMENDMENTS) SUGAR",HEALTH AND DEMOGRAPHY,PENDING IN THE COMMITTEE
Senate Bill No. 2126,17th Congress (July 2016 - 2019),https://ldr.senate.gov.ph/bills/senate-bill-no-2126-17th-congress-republic,IMPORTED PRODUCE LABELING ACT,AN ACT REQUIRING THE LABELLING AND INDICATION OF PERISHABLE AGRICULTURAL COMMODITIES IMPORTED INTO THE PHILIPPINES WITH THEIR COUNTRY OF ORIGIN AND ESTABLISHING PENALTIES FOR VIOLATIONS THEREOF,"BINAY, MARIA LOURDES NANCY S.","March 12, 2018",NATIONAL,LABEL/LABELING AGRICULTURAL PRODUCTS IMPORTED GOODS,AGRICULTURE AND FOOD,PENDING IN THE COMMITTEE
Senate Bill No. 1882,17th Congress (July 2016 - 2019),https://ldr.senate.gov.ph/bills/senate-bill-no-1882-17th-congress-republic,INCREASING THE COMBAT DUTY PAY OF ALL OFFICERS AND ENLISTED PERSONNEL OF THE AFP,AN ACT INCREASING THE COMBAT DUTY PAY OF ALL OFFICERS AND ENLISTED PERSONNEL OF THE ARMED FORCES OF THE PHILIPPINES (AFP) FROM THE CURRENT VALUE THEY ARE RECEIVING TO TWENTY-FIVE PER CENTUM (25%) OF THEIR BASE PAY AND PROVIDING FUNDS THEREFOR,Antonio F. Trillanes IV,"July 24, 2018",NATIONAL,ARMED FORCES OF THE PHILIPPINES (AFP) COMBAT DUTY PAY,NATIONAL DEFENSE AND SECURITY,PENDING IN THE COMMITTEE
Senate Bill No. 1945,17th Congress (July 2016 - 2019),https://ldr.senate.gov.ph/bills/senate-bill-no-1945-17th-congress-republic,AMENDING SECTIONS 386 AND 391 OF R.A. NO. 10607 (INSURANCE CODE),"AN ACT AMENDING SECTIONS 386 AND 391 OF R.A. NO. 10607, OTHERWISE KNOWN AS THE INSURANCE CODE, AS AMENDED","GORDON, RICHARD J.","August 15, 2018",NATIONAL,INSURANCE CODE Motor Vehicles,"BANKS, FINANCIAL INSTITUTIONS AND CURRENCIES",PENDING IN THE COMMITTEE
Senate Bill No. 1639,17th Congress (July 2016 - 2019),https://ldr.senate.gov.ph/bills/senate-bill-no-1639-17th-congress-republic,AMENDING R.A. NO. 8762 (RETAIL TRADE LIBERALIZATION ACT),"AN ACT AMENDING REPUBLIC ACT NO. 8762, OTHERWISE KNOWN AS THE RETAIL TRADE LIBERALIZATION ACT, AND FOR OTHER PURPOSES","GATCHALIAN, WIN","August 1, 2018",NATIONAL,RETAIL TRADE LIBERALIZATION (R.A.NO. 8762),"TRADE, COMMERCE AND ENTREPRENEURSHIP",PENDING IN THE COMMITTEE
Senate Bill No. 1329,17th Congress (July 2016 - 2019),https://ldr.senate.gov.ph/bills/senate-bill-no-1329-17th-congress-republic,DIALYSIS CENTER ACT,"AN ACT REQUIRING ALL NATIONAL, REGIONAL, AND PROVINCIAL GOVERNMENT HOSPITALS TO ESTABLISH, OPERATE AND MAINTAIN A DIALYSIS WARD OR UNIT IN THEIR RESPECTIVE HOSPITAL AND PROVIDING FREE DIALYSIS TREATMENT TO INDIGENT PATIENTS","ANGARA, SONNY","February 14, 2017",NATIONAL,DIALYSIS CENTER INDIGENT PERSONS health care,HEALTH AND DEMOGRAPHY,PENDING IN THE COMMITTEE
Senate Bill No. 1406,17th Congress (July 2016 - 2019),https://ldr.senate.gov.ph/bills/senate-bill-no-1406-17th-congress-republic,MANDATING THE DEPARTMENT OF HEALTH TO PROVIDE ONE (1) HEALTH WORKER IN EVERY BARANGAY,"AN ACT MANDATING THE DEPARTMENT OF HEALTH TO PROVIDE AT LEAST ONE (1) HEALTH WORKER IN EVERY BARANGAY, INCREASING THEIR SALARIES AND BENEFITS, AND FOR OTHER PURPOSES","EJERCITO, JOSEPH VICTOR G.","March 16, 2017",NATIONAL,BARANGAY HEALTH WORKER DEPARTMENT OF HEALTH (DOH),HEALTH AND DEMOGRAPHY,PENDING IN THE COMMITTEE
Senate Bill No. 1408,17th Congress (July 2016 - 2019),https://ldr.senate.gov.ph/bills/senate-bill-no-1408-17th-congress-republic,TAX REFORM FOR ACCELERATION AND INCLUSION,"AN ACT AMENDING SECTIONS 6, 22, 23, 24, 25, 31, 32, 33, 34, 79, 84, 86, 99, 100, 101, 106, 107, 108, 109, 113, 116, 148, 149, 155, 232, 237, 249, 288; CREATING NEW SECTIONS 148-A, 237-A, 264-A, AND 264-B; AND REPEALING SECTIONS 35 AND 62, ALL UNDER REPUBLIC ACT NO. 8424, OTHERWISE KNOWN AS 'THE NATIONAL INTERNAL REVENUE CODE,' AS AMENDED, AND FOR OTHER PURPOSES","PIMENTEL, AQUILINO ""KOKO"" III","March 22, 2017",NATIONAL,NATIONAL INTERNAL REVENUE CODE (NIRC) TAXES/TAXATION,WAYS AND MEANS,CONSOLIDATED/SUBSTITUTED IN THE COMMITTEE REPORT
Senate Bill No. 1471,17th Congress (July 2016 - 2019),https://ldr.senate.gov.ph/bills/senate-bill-no-1471-17th-congress-republic,AMENDING P.D. NO. 1869 (THE PAGCOR CHARTER),"AN ACT AMENDING PRESIDENTIAL DECREE NO. 1869 AS AMENDED BY REPUBLIC ACT NO. 9487, OTHERWISE KNOWN AS THE PAGCOR CHARTER","LACSON, PANFILO M.","May 24, 2017",NATIONAL,PHILIPPINE AMUSEMENT AND GAMING CORPORATION (PAGCOR),GAMES AND AMUSEMENT,PENDING IN THE COMMITTEE
Senate Bill No. 1317,17th Congress (July 2016 - 2019),https://ldr.senate.gov.ph/bills/senate-bill-no-1317-17th-congress-republic,OCCUPATIONAL SAFETY AND HEALTH STANDARDS ACT,AN ACT STRENGTHENING COMPLIANCE WITH OCCUPATIONAL SAFETY AND HEALTH STANDARDS AND PROVIDING PENALTIES FOR VIOLATIONS THEREOF,"VILLANUEVA, JOEL","August 2, 2017",NATIONAL,OCCUPATIONAL SAFETY,"LABOR, EMPLOYMENT AND HUMAN RESOURCES DEVELOPMENT",CONSOLIDATED WITH APPROVED BILL
Senate Bill No. 1545,17th Congress (July 2016 - 2019),https://ldr.senate.gov.ph/bills/senate-bill-no-1545-17th-congress-republic,NATIONAL INTEGRATED CANCER CONTROL ACT,AN ACT INSTITUTIONALIZING NATIONAL INTEGRATED CANCER CONTROL AND APPROPRIATING FUNDS THEREFOR AND FOR OTHER PURPOSES,"EJERCITO, JOSEPH VICTOR G.","July 8, 2017",NATIONAL,CANCER,HEALTH AND DEMOGRAPHY,CONSOLIDATED/SUBSTITUTED IN THE COMMITTEE REPORT
Senate Bill No. 1609,17th Congress (July 2016 - 2019),https://ldr.senate.gov.ph/bills/senate-bill-no-1609-17th-congress-republic,AMENDING R.A. NO. 8049 (REGULATING HAZING AND OTHER FORMS OF INITIATION RITES),"AN ACT AMENDING REPUBLIC ACT NO. 8049 ENTITLED 'AN ACT REGULATING HAZING AND OTHER FORMS OF INITIATION RITES IN FRATERNITIES, SORORITIES, AND OTHER ORGANIZATIONS AND PROVIDING PENALTIES THEREFOR,' AND FOR OTHER PURPOSES","Paolo Benigno ""Bam"" Aquino IV","August 11, 2017",NATIONAL,Hazing,PUBLIC ORDER AND DANGEROUS DRUGS,CONSOLIDATED/SUBSTITUTED IN THE COMMITTEE REPORT
Senate Bill No. 1631,17th Congress (July 2016 - 2019),https://ldr.senate.gov.ph/bills/senate-bill-no-1631-17th-congress-republic,AMENDING R.A. NO. 9711 (FOOD AND DRUG ADMINISTRATION ACT OF 2009),"AN ACT INSTITUTING FOOD AND DRUG ADMINISTRATION AS AN INDEPENDENT AGENCY AND SEPARATE FROM THE DEPARTMENT OF HEALTH, AMENDING CERTAIN SECTIONS OF REPUBLIC ACT NO. 3720, AS AMENDED BY REPUBLIC ACT NO. 9711, AND FOR OTHER PURPOSE","EJERCITO, JOSEPH VICTOR G.","July 12, 2017",NATIONAL,FOOD AND DRUGS ADMINISTRATION (FDA) DEPARTMENT OF HEALTH (DOH),"CIVIL SERVICE, GOVERNMENT REORGANIZATION AND PROFESSIONAL REGULATION",PENDING IN THE COMMITTEE
Senate Bill No. 1375,17th Congress (July 2016 - 2019),https://ldr.senate.gov.ph/bills/senate-bill-no-1375-17th-congress-republic,NATIONAL TRANSPORTATION SAFETY BOARD ACT OF 2017,"AN ACT CREATING A NATIONAL TRANSPORTATION SAFETY BOARD, APPROPRIATING FUNDS THEREFOR AND FOR OTHER PURPOSES","EJERCITO, JOSEPH VICTOR G.","August 3, 2017",NATIONAL,NATIONAL TRANSPORTATION SAFETY BOARD TRANSPORTATION,PUBLIC SERVICES,CONSOLIDATED/SUBSTITUTED IN THE COMMITTEE REPORT
Senate Bill No. 1439,17th Congress (July 2016 - 2019),https://ldr.senate.gov.ph/bills/senate-bill-no-1439-17th-congress-republic,ENERGY VIRTUAL ONE STOP SHOP ACT OF 2017,AN ACT ESTABLISHING THE ENERGY VIRTUAL ONE STOP SHOP FOR THE PURPOSE OF STREAMLINING THE PERMITTING PROCESS OF ENERGY GENERATION PROJECTS,"GATCHALIAN, WIN","September 5, 2017",NATIONAL,ENERGY GENERATING FACILITIES DEPARTMENT OF ENERGY (DOE) ENERGY VIRTUAL ONE STOP SHOP (EVOSS),ENERGY,APPROVED BY THE PRESIDENT OF THE PHILIPPINES
Senate Bill No. 1351,17th Congress (July 2016 - 2019),https://ldr.senate.gov.ph/bills/senate-bill-no-1351-17th-congress-republic,AGRIBUSINESS VENTURES ARRANGEMENTS IN AGRARIAN REFORM LANDS ACT,AN ACT REGULATING THE ESTABLISHMENT AND IMPLEMENTATION OF AGRIBUSINESS VENTURES ARRANGEMENTS (AVAS) IN AGRARIAN REFORM LANDS,"HONTIVEROS, RISA","February 23, 2017",NATIONAL,AGRIBUSINESS VENTURES,AGRARIAN REFORM,PENDING IN THE COMMITTEE
Senate Bill No. 1386,17th Congress (July 2016 - 2019),https://ldr.senate.gov.ph/bills/senate-bill-no-1386-17th-congress-republic,AMENDING SECTIONS 19 AND 39 OF R.A. NO. 7305 (MAGNA CARTA OF PUBLIC HEALTH WORKERS),AN ACT AMENDING SECTION 19 AND 39 OF REPUBLIC ACT NUMBER SEVEN THOUSAND AND THREE HUNDRED AND FIVE (R.A. 7305) OTHERWISE KNOWN AS THE MAGNA CARTA OF PUBLIC HEALTH WORKERS AND FOR OTHER PURPOSES,"EJERCITO, JOSEPH VICTOR G.","March 13, 2017",NATIONAL,Magna Carta of Public Health Workers SALARY GRADE,HEALTH AND DEMOGRAPHY,PENDING IN THE COMMITTEE
Senate Bill No. 1450,17th Congress (July 2016 - 2019),https://ldr.senate.gov.ph/bills/senate-bill-no-1450-17th-congress-republic,BUDGET REFORM ACT,"AN ACT TO REFORM THE BUDGET PROCESS BY ENFORCING GREATER ACCOUNTABILITY IN PUBLIC FINANCIAL MANAGEMENT (PFM), PROMOTING FISCAL SUSTAINABILITY, INSTITUTING AN INTEGRATED PFM SYSTEM, INCREASING BUDGET TRANSPARENCY AND PARTICIPATION, AND FOR OTHER PURPOSES","LEGARDA, LOREN B.","November 5, 2017",NATIONAL,BUDGET REFORMS PUBLIC FINANCIAL MANAGEMENT (PFM),FINANCE,CONSOLIDATED/SUBSTITUTED IN THE COMMITTEE REPORT
Senate Bill No. 1295,17th Congress (July 2016 - 2019),https://ldr.senate.gov.ph/bills/senate-bill-no-1295-17th-congress-republic,JUNIOR CITIZENS ACT OF 2017,AN ACT GRANTING BENEFITS AND PRIVILEGES TO JUNIOR CITIZENS,"POE, GRACE","January 17, 2017",NATIONAL,JUNIOR CITIZENS ACT CHILDREN/CHILD CARE,"WOMEN, CHILDREN, FAMILY RELATIONS AND GENDER EQUALITY",PENDING IN THE COMMITTEE
Senate Bill No. 1362,17th Congress (July 2016 - 2019),https://ldr.senate.gov.ph/bills/senate-bill-no-1362-17th-congress-republic,MACTAN-CEBU INTERNATIONAL AIRPORT AUTHORITY,"AN ACT AMENDING SECTION 6 OF REPUBLIC ACT NO. 6958, OTHERWISE KNOWN AS AN ACT CREATING THE MACTAN-CEBU INTERNATIONAL AIRPORT AUTHORITY TRANSFERRING EXISTING ASSETS OF THE MACTAN INTERNATIONAL AIRPORT AND THE LAHUG INTERNATIONAL AIRPORT TO THE AUTHORITY, VESTING THE AUTHORITY WITH POWER TO ADMINISTER AND OPERATE THE MACTAN INTERNATIONAL AIRPORT AND THE LAHUG AIRPORT, AND FOR OTHER PURPOSES","ZUBIRI, JUAN MIGUEL ""MIGZ"" F.","June 3, 2017",NATIONAL,AIRPORT,GOVERNMENT CORPORATIONS AND PUBLIC ENTERPRISES,PENDING IN THE COMMITTEE
Senate Bill No. 1524,17th Congress (July 2016 - 2019),https://ldr.senate.gov.ph/bills/senate-bill-no-1524-17th-congress-republic,GREEN VEHICLES INCENTIVES ACT,"AN ACT PROVIDING INCENTIVES FOR THE MANUFACTURE, ASSEMBLY, CONVERSION AND IMPORTATION OF GREEN VEHICLES, AND FOR OTHER PURPOSES","ZUBIRI, JUAN MIGUEL ""MIGZ"" F.","July 26, 2017",NATIONAL,GREEN VEHICLES Motor Vehicles,WAYS AND MEANS,PENDING IN THE COMMITTEE
Senate Bill No. 1588,17th Congress (July 2016 - 2019),https://ldr.senate.gov.ph/bills/senate-bill-no-1588-17th-congress-republic,AMENDING R.A. NO. 8424 (TAX REFORM ACT OF 1997),"AN ACT AMENDING REPUBLIC ACT NO. 8424, OTHERWISE KNOWN AS THE 'TAX REFORM ACT OF 1997', AS AMENDED, BY INSERTING NEW SECTIONS 150-A AND 150-B UNDER CHAPTER VI, TITLE VI, PROVIDING FUNDS THEREFOR, AND FOR OTHER PURPOSES","GATCHALIAN, WIN","September 14, 2017",NATIONAL,TAX REFORM ACT ALCOHOLIC BEVERAGES TAXES (EXCISE TAX),WAYS AND MEANS,CONSOLIDATED/SUBSTITUTED IN THE COMMITTEE REPORT
Senate Bill No. 1610,17th Congress (July 2016 - 2019),https://ldr.senate.gov.ph/bills/senate-bill-no-1610-17th-congress-republic,CONSTITUTIONAL EDUCATION ACT,AN ACT INTEGRATING EDUCATION ON THE 1987 CONSTITUTION OF THE REPUBLIC OF THE PHILIPPINES IN THE GRADE 12 SENIOR HIGH SCHOOL CURRICULA OF ALL PUBLIC AND PRIVATE EDUCATIONAL INSTITUTIONS,"PANGILINAN, FRANCIS ""KIKO"" N.","August 11, 2017",NATIONAL,CONSTITUTIONAL EDUCATION CURRICULUM/CURRICULA Secondary Education,"EDUCATION, ARTS AND CULTURE",PENDING IN THE COMMITTEE
Senate Bill No. 1418,17th Congress (July 2016 - 2019),https://ldr.senate.gov.ph/bills/senate-bill-no-1418-17th-congress-republic,VOLUNTEER PROTECTION ACT OF 2017,AN ACT TO ENCOURAGE VOLUNTEERISM BY PROTECTING VOLUNTEERS FROM LIABILITY IN THE PERFORMANCE OF VOLUNTEER SERVICES,"GORDON, RICHARD J.","February 5, 2017",NATIONAL,volunteers,"SOCIAL JUSTICE, WELFARE AND RURAL DEVELOPMENT",CONSOLIDATED/SUBSTITUTED IN THE COMMITTEE REPORT
Senate Bill No. 1482,17th Congress (July 2016 - 2019),https://ldr.senate.gov.ph/bills/senate-bill-no-1482-17th-congress-republic,PREVENTION OF ADOLESCENT PREGNANCY ACT OF 2017,"AN ACT PROVIDING FOR A NATIONAL POLICY IN PREVENTING TEENAGE PREGNANCIES, INSTITUTIONALIZING SOCIAL PROTECTION FOR TEENAGE PARENTS, AND PROVIDING FUNDS THEREFOR","HONTIVEROS, RISA","May 30, 2017",NATIONAL,TEENAGE PREGNANCY pregnancy,"WOMEN, CHILDREN, FAMILY RELATIONS AND GENDER EQUALITY",CONSOLIDATED/SUBSTITUTED IN THE COMMITTEE REPORT
Senate Bill No. 1328,17th Congress (July 2016 - 2019),https://ldr.senate.gov.ph/bills/senate-bill-no-1328-17th-congress-republic,GREENING ACT OF 2017,AN ACT PROVIDING FOR THE URBAN AND COUNTRYSIDE GREENING IN THE PHILIPPINES,"ANGARA, SONNY","February 14, 2017",NATIONAL,GREENING ACT TREE PLANTING,ENVIRONMENT AND NATURAL RESOURCES,PENDING IN THE COMMITTEE
Senate Bill No. 1492,17th Congress (July 2016 - 2019),https://ldr.senate.gov.ph/bills/senate-bill-no-1492-17th-congress-republic,ANTI-FAKE NEWS ACT OF 2017,AN ACT PENALIZING THE MALICIOUS DISTRIBUTION OF FALSE NEWS AND OTHER RELATED VIOLATIONS|PUBLIC INFORMATION AND MASS MEDIA,"VILLANUEVA, JOEL","June 21, 2017",NATIONAL,ANTI-FAKE NEWS information,N/A,PENDING IN THE COMMITTEE
Senate Bill No. 1556,17th Congress (July 2016 - 2019),https://ldr.senate.gov.ph/bills/senate-bill-no-1556-17th-congress-republic,PHILIPPINE IMMIGRATION AND REGISTRATION OF FOREIGN NATIONALS ACT,"AN ACT CREATING THE COMMISSION ON IMMIGRATION, DEFINING ITS POWERS AND FUNCTIONS, EXPANDING, RATIONALIZING AND FURTHER PROFESSIONALIZING ITS ORGANIZATION, UPGRADING THE COMPENSATION AND BENEFITS OF ITS OFFICIALS AND EMPLOYEES, APPROPRIATING FUNDS THEREFOR AND FOR OTHER PURPOSES","LEGARDA, LOREN B.","August 16, 2017",NATIONAL,COMMISSION ON IMMIGRATION COMPENSATION AND POSITION CLASSIFICATION SYSTEM FOREIGNERS/ALIEN,JUSTICE AND HUMAN RIGHTS,PENDING IN THE COMMITTEE
Senate Bill No. 1396,17th Congress (July 2016 - 2019),https://ldr.senate.gov.ph/bills/senate-bill-no-1396-17th-congress-republic,UNLAWFUL MEMBERSHIP IN TERRORIST ORGANIZATION ACT,AN ACT DECLARING AS UNLAWFUL THE MEMBERSHIP IN ANY PHILIPPINE COURT PROSCRIBED OR UNITED NATIONS SECURITY COUNCIL-DESIGNATED TERRORIST ORGANIZATION AND PROVIDING PENALTIES THEREFOR.,Gregorio B. Honasan II,"March 15, 2017",NATIONAL,TERRORISM,PUBLIC ORDER AND DANGEROUS DRUGS,CONSOLIDATED/SUBSTITUTED IN THE COMMITTEE REPORT
Senate Bill No. 1461,17th Congress (July 2016 - 2019),https://ldr.senate.gov.ph/bills/senate-bill-no-1461-17th-congress-republic,ELECTRIC COOPERATIVES EMERGENCY AND RESILIENCY FUND ACT OF 2017,AN ACT INSTITUTIONALIZING THE ELECTRIC COOPERATIVES EMERGENCY AND RESILIENCY FUND AND APPROPRIATING FUNDS THEREFOR,"GATCHALIAN, WIN","May 17, 2017",NATIONAL,ELECTRIC COOPERATIVES,ENERGY,APPROVED BY THE PRESIDENT OF THE PHILIPPINES
Senate Bill No. 1306,17th Congress (July 2016 - 2019),https://ldr.senate.gov.ph/bills/senate-bill-no-1306-17th-congress-republic,PHILIPPINE BOXING AND COMBAT SPORTS COMMISSION ACT OF 2017,"AN ACT CREATING THE PHILIPPINE BOXING COMMISSION TO STRENGTHEN THE BOXING INDUSTRY AND PROMOTE THE SAFETY AND WELFARE OF FILIPINO BOXERS, AND PROVIDING FUNDS THEREFOR","PACQUIAO, EMMANUEL ""MANNY"" D.","January 24, 2017",NATIONAL,PHILIPPINE BOXING COMMISSION,SPORTS,PENDING IN THE HOUSE OF REPRESENTATIVES
Senate Bill No. 1537,17th Congress (July 2016 - 2019),https://ldr.senate.gov.ph/bills/senate-bill-no-1537-17th-congress-republic,THE HEALTHY NANAY AND BULILIT ACT,"AN ACT PROVIDING FOR THE SCALING UP OF NUTRITION FOR THE FIRST 1,000 DAYS OF LIFE THROUGH A STRENGTHENED INTEGRATED STRATEGY FOR MATERNAL,NEONATAL, CHILD HEALTH AND NUTRITION, RECONSTITUTING FOR THE PURPOSE THE NATIONAL NUTRITION COUNCIL (NNC), APPROPRIATING FUNDS THEREFORE AND FOR OTHER PURPOSES","ANGARA, SONNY","January 8, 2017",NATIONAL,CHILD NUTRITION PROGRAM MATERNAL/INFANT HEALTH,HEALTH AND DEMOGRAPHY,APPROVED BY THE PRESIDENT OF THE PHILIPPINES
Senate Bill No. 1599,17th Congress (July 2016 - 2019),https://ldr.senate.gov.ph/bills/senate-bill-no-1599-17th-congress-republic,EXCISE TAX ON TOBACCO PRODUCTS,"AN ACT RAISING THE EXCISE TAX ON TOBACCO PRODUCTS AND AMENDING FOR THE PURPOSE PERTINENT SECTIONS OF THE NATIONAL INTERNAL REVENUE CODE, AS AMENDED","PACQUIAO, EMMANUEL ""MANNY"" D.","March 10, 2017",NATIONAL,TAXES (EXCISE TAX) TOBACCO PRODUCTS/TOBACCO INDUSTRY NATIONAL INTERNAL REVENUE CODE (NIRC) CIGARS/CIGARETTES,WAYS AND MEANS,CONSOLIDATED/SUBSTITUTED IN THE COMMITTEE REPORT
Senate Bill No. 1621,17th Congress (July 2016 - 2019),https://ldr.senate.gov.ph/bills/senate-bill-no-1621-17th-congress-republic,NUTRITIONAL INFORMATION DISCLOSURE ACT OF 2017,AN ACT REQUIRING THE DISCLOSURE OF NUTRITIONAL INFORMATION IN MENUS OF FOOD SERVICE ESTABLISHMENTS,"DE LIMA, LEILA M.","November 27, 2017",NATIONAL,nutrition FOOD ESTABLISHMENTS,HEALTH AND DEMOGRAPHY,PENDING IN THE COMMITTEE
Senate Bill No. 1428,17th Congress (July 2016 - 2019),https://ldr.senate.gov.ph/bills/senate-bill-no-1428-17th-congress-republic,MATERNITY LEAVE MONETIZATION ACT,"AN ACT ALLOWING THE MONETIZATION OF MATERNITY LEAVE CREDITS OF FEMALE EMPLOYEES AND THE COVERED SOCIAL SECURITY SYSTEM (SSS) FEMALE MEMBERS, AND FOR OTHER PURPOSES","SOTTO III, VICENTE C.","February 5, 2017",NATIONAL,Maternity Leave LEAVE OF ABSENCE,"WOMEN, CHILDREN, FAMILY RELATIONS AND GENDER EQUALITY",PENDING IN THE COMMITTEE
Senate Bill No. 1339,17th Congress (July 2016 - 2019),https://ldr.senate.gov.ph/bills/senate-bill-no-1339-17th-congress-republic,RIGHTSIZING THE NATIONAL GOVERNMENT ACT OF 2016,AN ACT RIGHTSIZING THE NATIONAL GOVERNMENT TO IMPROVE PUBLIC SERVICE DELIVERY,Gregorio B. Honasan II,"February 21, 2017",NATIONAL,RIGHTSIZING THE NATIONAL GOVERNMENT Government Reorganization GOVERNMENT AGENCIES REORGANIZATION,"CIVIL SERVICE, GOVERNMENT REORGANIZATION AND PROFESSIONAL REGULATION",CONSOLIDATED/SUBSTITUTED IN THE COMMITTEE REPORT
Senate Bill No. 1503,17th Congress (July 2016 - 2019),https://ldr.senate.gov.ph/bills/senate-bill-no-1503-17th-congress-republic,VICTIM'S BILL OF RIGHTS ACT OF 2017,AN ACT PROVIDING FOR A BILL OF RIGHTS FOR VICTIMS OF CRIMES,"DE LIMA, LEILA M.","July 20, 2017",NATIONAL,BILL OF RIGHTS VICTIMS BILL OF RIGHTS,JUSTICE AND HUMAN RIGHTS,PENDING IN THE COMMITTEE
Senate Bill No. 1567,17th Congress (July 2016 - 2019),https://ldr.senate.gov.ph/bills/senate-bill-no-1567-17th-congress-republic,TABANG MARAWI FUND OF 2017,AN ACT APPROPRIATING THE AMOUNT OF TEN BILLION PESOS FOR THE REHABILITATION AND RECONSTRUCTION OF MARAWI CITY AND OTHER MUNICIPALITIES IN THE PROVINCE OF LANAO DEL SUR AFFECTED BY THE ARMED CONFLICT IN THE AREA,"ZUBIRI, JUAN MIGUEL ""MIGZ"" F.","August 24, 2017",NATIONAL,MARAWI CITY REHABILITATION/REHABILITATION FUND armed conflict,FINANCE,PENDING IN THE COMMITTEE
Senate Bill No. 1514,17th Congress (July 2016 - 2019),https://ldr.senate.gov.ph/bills/senate-bill-no-1514-17th-congress-republic,AGRI-FOOD TERMINAL AND TRADING CENTERS ACT OF 2017,AN ACT MANDATING THE ESTABLISHMENT OF AGRI-FOOD TERMINALS AND TRADING CENTERS IN EVERY PROVINCE PROVIDING FUNDS THEREFOR AND FOR OTHER PURPOSES,"EJERCITO, JOSEPH VICTOR G.","July 25, 2017",NATIONAL,AGRI-FOOD TERMINAL AND TRADING CENTERS,AGRICULTURE AND FOOD,PENDING IN THE COMMITTEE
Senate Bill No. 1578,17th Congress (July 2016 - 2019),https://ldr.senate.gov.ph/bills/senate-bill-no-1578-17th-congress-republic,DEPARTMENT OF HUMAN SETTLEMENTS AND URBAN DEVELOPMENT ACT OF 2017,"AN ACT CREATING THE DEPARTMENT OF HUMAN SETTLEMENTS AND URBAN DEVELOPMENT, DEFINING ITS MANDATES, POWERS AND FUNCTIONS, PROVIDING FUNDS THEREFOR AND FOR OTHER PURPOSES","LEGARDA, LOREN B.","April 9, 2017",NATIONAL,DEPARTMENT OF HUMAN SETTLEMENT AND URBAN DEVELOPMENT,"URBAN PLANNING, HOUSING AND RESETTLEMENT",APPROVED BY THE PRESIDENT OF THE PHILIPPINES
Senate Bill No. 1409,17th Congress (July 2016 - 2019),https://ldr.senate.gov.ph/bills/senate-bill-no-1409-17th-congress-republic,OFFICE OF THE SOLICITOR GENERAL CHARTER,"AN ACT TO FURTHER STRENGTHEN THE OFFICE OF THE SOLICITOR GENERAL BY PROVIDING FOR ITS POWERS AND FUNCTIONS, AND REDEFINING, EXPANDING, AND RATIONALIZING ITS ORGANIZATION, THEREBY AMENDING REPUBLIC ACT NO. 9417, AND REPEALING REPUBLIC ACT NO. 2327, EXECUTIVE ORDER NOS. 1 AND 2, S. 1986, AND ALL RELATED LAWS, AND APPROPRIATING FUNDS THEREFOR AND FOR OTHER RELATED PURPOSES","LEGARDA, LOREN B.","March 22, 2017",NATIONAL,OFFICE OF THE SOLICITOR GENERAL,JUSTICE AND HUMAN RIGHTS,CONSOLIDATED/SUBSTITUTED IN THE COMMITTEE REPORT
Senate Bill No. 1472,17th Congress (July 2016 - 2019),https://ldr.senate.gov.ph/bills/senate-bill-no-1472-17th-congress-republic,WOMEN'S AND CHILDREN'S RESOURCE DEVELOPMENT AND CRISIS ASSISTANCE ACT,"AN ACT ESTABLISHING RESOURCE DEVELOPMENT AND CRISIS CENTERS FOR WOMEN AND CHILDREN IN EVERY PROVINCE AND CITY OF THE PHILIPPINES, APPROPRIATING FUNDS THEREFOR, AND FOR OTHER PURPOSES","BINAY, MARIA LOURDES NANCY S.","May 25, 2017",NATIONAL,WOMEN AND CHILDREN CRISIS CENTERS CHILDREN/CHILD CARE,"WOMEN, CHILDREN, FAMILY RELATIONS AND GENDER EQUALITY",PENDING IN THE COMMITTEE
Senate Bill No. 1318,17th Congress (July 2016 - 2019),https://ldr.senate.gov.ph/bills/senate-bill-no-1318-17th-congress-republic,TULONG-TRABAHO ACT OF 2017,"AN ACT INSTITUTING A PHILIPPINE LABOR FORCE COMPETENCIES COMPETITIVENESS PROGRAM, AND ESTABLISHING FREE ACCESS TO TECHNICAL AND VOCATIONAL TRAINING PROGRAMS","VILLANUEVA, JOEL","August 2, 2017",NATIONAL,TECHNICAL-VOCATIONAL (TECH-VOC) JOBS,"LABOR, EMPLOYMENT AND HUMAN RESOURCES DEVELOPMENT",CONSOLIDATED/SUBSTITUTED IN THE COMMITTEE REPORT
Senate Bill No. 1546,17th Congress (July 2016 - 2019),https://ldr.senate.gov.ph/bills/senate-bill-no-1546-17th-congress-republic,PRIMARY CARE PROVIDER RECRUITMENT ACT OF 2017,"AN ACT CREATING PRIMARY CARE RETRAINING AND SCHOLARSHIP PROGRAMS FOR THE RECRUITMENT OF QUALIFIED FILIPINOS WHO WILL SERVE AS PRIMARY CARE WORKERS IN PRIORITY BARANGAYS, MUNICIPALITIES, AND CITIES, AND CREATING FOR THAT PURPOSE THE NECESSARY POSITIONS OF PRIMARY CARE PROVIDERS UNDER THE COMPENSATION AND POSITION CLASSIFICATION SYSTEM, APPROPRIATING FUNDS THEREFOR, AND FOR OTHER PURPOSES","POE, GRACE","July 8, 2017",NATIONAL,PRIMARY CARE PROVIDER COMPENSATION AND POSITION CLASSIFICATION SYSTEM,HEALTH AND DEMOGRAPHY,PENDING IN THE COMMITTEE
Senate Bill No. 1632,17th Congress (July 2016 - 2019),https://ldr.senate.gov.ph/bills/senate-bill-no-1632-17th-congress-republic,RETIREMENT LAW OF THE OFFICE OF THE OMBUDSMAN,"AN ACT TO STRENGTHEN THE OFFICE OF THE OMBUDSMAN BY ESTABLISHING A RETIREMENT BENEFIT SYSTEM FOR THE OMBUDSMAN, HIS/HER DEPUTIES, THE SPECIAL PROSECUTOR, AND OTHER OFFICIALS AND EMPLOYEES PERFORMING LEGAL, PROSECUTION, INVESTIGATION AND CORRUPTION PREVENTION FUNCTIONS, AUGMENTING EMPLOYEE BENEFITS, APPROPRIATING FUNDS THEREFOR, AND FOR OTHER PURPOSES","LEGARDA, LOREN B.","November 12, 2017",NATIONAL,OMBUDSMAN RETIREMENT BENEFITS,JUSTICE AND HUMAN RIGHTS,CONSOLIDATED/SUBSTITUTED IN THE COMMITTEE REPORT
Senate Bill No. 1376,17th Congress (July 2016 - 2019),https://ldr.senate.gov.ph/bills/senate-bill-no-1376-17th-congress-republic,MAGNA CARTA OF WORKERS IN INFORMAL ECONOMY,"AN ACT PROVIDING FOR A MAGNA CARTA OF WORKERS IN INFORMAL ECONOMY, INSTITUTIONALIZING MECHANISM FOR IMPLEMENTATION THEREOF AND FOR OTHER PURPOSES","EJERCITO, JOSEPH VICTOR G.","August 3, 2017",NATIONAL,MAGNA CARTA OF WORKERS IN INFORMAL ECONOMY,"LABOR, EMPLOYMENT AND HUMAN RESOURCES DEVELOPMENT",CONSOLIDATED/SUBSTITUTED IN THE COMMITTEE REPORT
Senate Bill No. 1440,17th Congress (July 2016 - 2019),https://ldr.senate.gov.ph/bills/senate-bill-no-1440-17th-congress-republic,PHILIPPINE AIRPORTS AUTHORITY ACT OF 2017,"AN ACT CREATING THE PHILIPPINE AIRPORTS AUTHORITY, DEFINING ITS POWERS, FUNCTIONS AND RESPONSIBILITIES, PROVIDING FUNDS THEREFOR, AND FOR OTHER PURPOSES","POE, GRACE","September 5, 2017",NATIONAL,PHILIPPINE AIRPORTS AUTHORITY AIRPORT,GOVERNMENT CORPORATIONS AND PUBLIC ENTERPRISES,PENDING IN THE COMMITTEE
Senate Bill No. 1352,17th Congress (July 2016 - 2019),https://ldr.senate.gov.ph/bills/senate-bill-no-1352-17th-congress-republic,COMPREHENSIVE NUCLEAR REGULATION ACT,"AN ACT PROVIDING FOR A COMPREHENSIVE NUCLEAR REGULATION, CREATING FOR THE PURPOSE, THE PHILIPPINE NUCLEAR REGULATORY COMMISSION, AND APPROPRIATING FUNDS THEREFOR","SOTTO III, VICENTE C.","February 27, 2017",NATIONAL,PHILIPPINE NUCLEAR REGULATORY COMMISSION,SCIENCE AND TECHNOLOGY,CONSOLIDATED/SUBSTITUTED IN THE COMMITTEE REPORT
Senate Bill No. 1387,17th Congress (July 2016 - 2019),https://ldr.senate.gov.ph/bills/senate-bill-no-1387-17th-congress-republic,SPECIAL LEAVE FOR OVERSEAS WORKERS' SPOUSES ACT OF 2017,"AN ACT GRANTING A SPECIAL LEAVE OF ABSENCE OF FIFTEEN (15) DAYS A YEAR WITH FULL PAY TO ALL LEGITIMATE SPOUSES OF OVERSEAS WORKERS IN THE PRIVATE AND PUBLIC SECTORS, AND FOR OTHER PURPOSES","EJERCITO, JOSEPH VICTOR G.","March 13, 2017",NATIONAL,OVERSEAS FILIPINO WORKERS (OFW) SPECIAL OVERSEAS WORKERS SPOUSE LEAVE LEAVE OF ABSENCE,"LABOR, EMPLOYMENT AND HUMAN RESOURCES DEVELOPMENT",PENDING IN THE COMMITTEE
Senate Bill No. 1451,17th Congress (July 2016 - 2019),https://ldr.senate.gov.ph/bills/senate-bill-no-1451-17th-congress-republic,MILITARY AND UNIFORMED PERSONNEL INSURANCE FUND ACT OF 2017,"AN ACT STRENGTHENING THE MILITARY AND UNIFORMED PERSONNEL PENSION SYSTEM, CREATING THE MILITARY AND UNIFORMED PERSONNEL INSURANCE FUND, AMENDING SECTIONS 3 AND 24 OF REPUBLIC ACT NUMBER 8291, AND FOR OTHER PURPOSES",Ralph G. Recto,"May 15, 2017",NATIONAL,MILITARY AND UNIFORMED PERSONNEL PENSION INSURANCE ARMED FORCES OF THE PHILIPPINES (AFP),GOVERNMENT CORPORATIONS AND PUBLIC ENTERPRISES,PENDING IN THE COMMITTEE
Senate Bill No. 1296,17th Congress (July 2016 - 2019),https://ldr.senate.gov.ph/bills/senate-bill-no-1296-17th-congress-republic,INFANT FRIENDLY FACILITIES ACT OF 2017,AN ACT REQUIRING THE PROVISION OF INFANT-FRIENDLY FACILITIES IN GOVERNMENT AGENCIES AND MAJOR ESTABLISHMENTS OF THE PHILIPPINES,"VILLANUEVA, JOEL","January 17, 2017",NATIONAL,BABY/INFANT GOVERNMENT AGENCIES FOOD ESTABLISHMENTS,"WOMEN, CHILDREN, FAMILY RELATIONS AND GENDER EQUALITY",PENDING IN THE COMMITTEE
Senate Bill No. 1364,17th Congress (July 2016 - 2019),https://ldr.senate.gov.ph/bills/senate-bill-no-1364-17th-congress-republic,SECURITY CAMERA EVIDENCE PRESERVATION ACT,AN ACT TO PRESERVE THE EVIDENCE GENERATED FROM SECURITY CAMERAS,"DE LIMA, LEILA M.","July 3, 2017",NATIONAL,SECURITY CAMERA,PUBLIC ORDER AND DANGEROUS DRUGS,PENDING IN THE COMMITTEE
Senate Bill No. 1525,17th Congress (July 2016 - 2019),https://ldr.senate.gov.ph/bills/senate-bill-no-1525-17th-congress-republic,THE FIRST PHILIPPINE REPUBLIC DAY,AN ACT DECLARING JANUARY 23 OF EVERY YEAR A SPECIAL WORKING HOLIDAY IN THE ENTIRE COUNTRY TO COMMEMORATE THE DECLARATION OF THE FIRST PHILIPPINE REPUBLIC,"VILLANUEVA, JOEL","July 26, 2017",NATIONAL,HOLIDAYS (SPECIAL WORKING),"EDUCATION, ARTS AND CULTURE",PENDING IN THE COMMITTEE
Senate Bill No. 1589,17th Congress (July 2016 - 2019),https://ldr.senate.gov.ph/bills/senate-bill-no-1589-17th-congress-republic,"RENEWING AND AMENDING THE FRANCHISE OF INNOVE COMMUNICATIONS, INC.","AN ACT RENEWING AND AMENDING THE FRANCHISE GRANTED TO INNOVE COMMUNICATIONS, INC. (FORMERLY 'ISLA COMMUNICATIONS, CO.) AMENDING FOR THE PURPOSE REPUBLIC ACT NO. 7372, ENTITLED AN ACT GRANTING THE ISLA COMMUNICATIONS CO. A FRANCHISE TO INSTALL, OPERATE AND MAINTAIN TELECOMMUNICATIONS SERVICES WITHIN THE TERRITORY OF THE REPUBLIC OF THE PHILIPPINES AND INTERNATIONAL POINTS AND FOR OTHER PURPOSES","ANGARA, SONNY","September 14, 2017",NATIONAL,FRANCHISE SALES/FRANCHISE BUSINESS,PUBLIC SERVICES,CONSOLIDATED/SUBSTITUTED IN THE COMMITTEE REPORT
Senate Bill No. 1611,17th Congress (July 2016 - 2019),https://ldr.senate.gov.ph/bills/senate-bill-no-1611-17th-congress-republic,AMENDING R.A. NO. 10591 (COMPREHENSIVE FIREARMS AND AMMUNITION REGULATION ACT),"AN ACT FIXING THE VALIDITY PERIOD OF THE LICENSE TO OWN AND POSSESS, PERMIT TO CARRY OUTSIDE OF RESIDENCE OR PLACE OF BUSINESS AND REGISTRATION OF FIREARMS, AMENDING FOR THE PURPOSE SECTIONS 7 AND 19 OF REPUBLIC ACT NO. 10591, OTHERWISE KNOWN AS THE COMPREHENSIVE FIREARMS AND AMMUNITION REGULATION ACT",Ralph G. Recto,"November 16, 2017",NATIONAL,FIREARMS COMPREHENSIVE FIREARMS AND AMMUNITION REGULATION ACT (R.A.10591),PUBLIC ORDER AND DANGEROUS DRUGS,PENDING IN THE COMMITTEE
Senate Bill No. 1419,17th Congress (July 2016 - 2019),https://ldr.senate.gov.ph/bills/senate-bill-no-1419-17th-congress-republic,FREE IRRIGATION SERVICE AND CONDONATION ACT OF 2017,"AN ACT PROVIDING FOR FREE IRRIGATION SERVICE AND THE CONDONATION OF BACK ACCOUNTS OR UNPAID IRRIGATION SERVICE FEES, AMORTIZATION AND EQUITY PAYMENTS OF FARMERS AND IRRIGATOR'S ASSOCIATIONS FROM THE NATIONAL IRRIGATION ADMINISTRATION","GORDON, RICHARD J.","February 5, 2017",NATIONAL,IRRIGATION CONDONATION NATIONAL IRRIGATION ADMINISTRATION,AGRICULTURE AND FOOD,CONSOLIDATED/SUBSTITUTED IN THE COMMITTEE REPORT
Senate Bill No. 1484,17th Congress (July 2016 - 2019),https://ldr.senate.gov.ph/bills/senate-bill-no-1484-17th-congress-republic,AMENDING R.A. NO. 9262 (JOB SECURITY TO WORKING WOMEN WHO ARE VICTIMS OF VIOLENCE),"AN ACT ENSURING JOB SECURITY TO WORKING WOMEN WHO ARE VICTIMS OF VIOLENCE, AMENDING FOR THE PURPOSE REPUBLIC ACT NO. 9262","BINAY, MARIA LOURDES NANCY S.","May 30, 2017",NATIONAL,WOMEN VIOLENCE AGAINST WOMEN,"LABOR, EMPLOYMENT AND HUMAN RESOURCES DEVELOPMENT",PENDING IN THE COMMITTEE
Senate Bill No. 1300,17th Congress (July 2016 - 2019),https://ldr.senate.gov.ph/bills/senate-bill-no-1300-17th-congress-republic,AMENDING SEC. 14-A OF R.A. NO. 1161 (MATERNITY LEAVE BENEFITS),"AN ACT ALLOWING THE TRANSFER OF MATERNITY LEAVE BENEFITS GRANTED TO WOMEN WORKERS IN CASE OF THE LATTER'S DEATH DUE TO CHILDBIRTH, FURTHER AMENDING SECTION 14-A OF REPUBLIC ACT NO. 1161, AS AMENDED, AND FOR OTHER PURPOSES","VILLANUEVA, JOEL","January 19, 2017",NATIONAL,Maternity Leave WOMEN LEAVE OF ABSENCE,"WOMEN, CHILDREN, FAMILY RELATIONS AND GENDER EQUALITY",PENDING IN THE COMMITTEE
Senate Bill No. 1620,17th Congress (July 2016 - 2019),https://ldr.senate.gov.ph/bills/senate-bill-no-1620-17th-congress-republic,ABOLISHING THE ROAD BOARD,"AN ACT ABOLISHING THE ROAD BOARD AND TRANSFERRING ITS POWERS AND FUNCTIONS INCLUDING THE MANAGEMENT OF THE MOTOR VEHICLES USER'S CHARGE FUNDS TO THE DEPARTMENT OF PUBLIC WORKS AND HIGHWAYS (DPWH) AND TO THE DEPARTMENT OF TRANSPORTATION (DOTR), AMENDING FOR THE PURPOSE REPUBLIC ACT NO. 8794, OTHERWISE KNOWN AS THE MOTOR VEHICLES USER'S CHARGE","PIMENTEL, AQUILINO ""KOKO"" III","November 22, 2017",NATIONAL,MOTOR VEHICLES USERS CHARGE (MVUC) (R.A. NO. 8794) ROAD BOARD ROAD MAINTENANCE Department of Public Works and Highways (DPWH) DEPARTMENT OF TRANSPORTATION (DOTR) ABOLITION,PUBLIC WORKS,CONSOLIDATED WITH APPROVED BILL
Senate Bill No. 1332,17th Congress (July 2016 - 2019),https://ldr.senate.gov.ph/bills/senate-bill-no-1332-17th-congress-republic,THE PHILIPPINE HIGH SCHOOL FOR SPORTS (PHHS) ACT,AN ACT CREATING AND ESTABLISHING THE PHILIPPINE HIGH SCHOOL FOR SPORTS,"ANGARA, SONNY","February 14, 2017",NATIONAL,PHILIPPINE HIGH SCHOOL FOR SPORTS (PHSS),"EDUCATION, ARTS AND CULTURE",PENDING IN THE COMMITTEE
Senate Bill No. 1493,17th Congress (July 2016 - 2019),https://ldr.senate.gov.ph/bills/senate-bill-no-1493-17th-congress-republic,EXEMPTING THE BIR FROM THE COVERAGE OF R.A. NO. 6758 (SALARY STANDARDIZATION LAW),"AN ACT EXEMPTING THE BUREAU OF INTERNAL REVENUE FROM THE COVERAGE OF REPUBLIC ACT NO. 6758, OTHERWISE KNOWN AS THE SALARY STANDARDIZATION LAW, AS AMENDED, AND FOR OTHER PURPOSES","Paolo Benigno ""Bam"" Aquino IV","June 27, 2017",NATIONAL,BUREAU OF INTERNAL REVENUE (BIR) SALARY STANDARDIZATION,WAYS AND MEANS,PENDING IN THE COMMITTEE
Senate Bill No. 1557,17th Congress (July 2016 - 2019),https://ldr.senate.gov.ph/bills/senate-bill-no-1557-17th-congress-republic,"SALARY GRADE 1, INCREASE SALARY FROM PHP9,000.00 TO PHP11,068.00",AN ACT MODIFYING THE SALARY SCHEDULE FOR CIVILIAN GOVERNMENT PERSONNEL AND AUTHORIZING THE GRANT OF ADDITIONAL BENEFITS FOR BOTH CIVILIAN AND MILITARY AND UNIFORMED PERSONNEL.,Franklin M. Drilon,"August 16, 2017",NATIONAL,SALARY GRADE COMPENSATION AND POSITION CLASSIFICATION SYSTEM GOVERNMENT EMPLOYEES MILITARY AND UNIFORMED PERSONNEL SALARY STANDARDIZATION,"CIVIL SERVICE, GOVERNMENT REORGANIZATION AND PROFESSIONAL REGULATION","PENDING SECOND READING, SPECIAL ORDER"
Senate Bill No. 1312,17th Congress (July 2016 - 2019),https://ldr.senate.gov.ph/bills/senate-bill-no-1312-17th-congress-republic,MANDATORY COLLECTION OF BIOLOGICAL SPECIMEN AND IDENTIFICATION SAMPLES ACT OF 2017,"AN ACT REQUIRING CREMATORIES TO COLLECT FROM THE DECEDENT'S REMAINS BIOLOGICAL SPECIMEN FOR DNA SAMPLING AND/OR STORAGE, FINGERPRINTS OR THUMBPRINTS, DENTAL IMPRINTS AND DIGITAL PHOTOS, PROVIDING PENALTIES THEREFOR AND FOR OTHER PURPOSES","PANGILINAN, FRANCIS ""KIKO"" N.","January 2, 2017",NATIONAL,CREMATORY/CREMATORIES BIOLOGICAL EVIDENCE DNA FACILITIES,HEALTH AND DEMOGRAPHY,PENDING IN THE COMMITTEE
Senate Bill No. 1345,17th Congress (July 2016 - 2019),https://ldr.senate.gov.ph/bills/senate-bill-no-1345-17th-congress-republic,AMENDING R.A. NO 9046 (PUBLIC ATTORNEY'S OFFICE),"AN ACT REDEFINING THE MANDATE OF THE PUBLIC ATTORNEY'S OFFICE (PAO), AMENDING FOR THE PURPOSE REPUBLIC ACT NO. 9046 AND PERTINENT PROVISIONS OF EXECUTIVE ORDER NO. 292, OTHERWISE KNOWN AS THE 'ADMINISTRATIVE CODE OF 1987', AS AMENDED, AND FOR OTHER PURPOSES","DE LIMA, LEILA M.","February 22, 2017",NATIONAL,PUBLIC ATTORNEYS OFFICE (PAO) ADMINISTRATIVE CODE OF 1987 (E.O.NO. 292),JUSTICE AND HUMAN RIGHTS,PENDING IN THE COMMITTEE
Senate Bill No. 1353,17th Congress (July 2016 - 2019),https://ldr.senate.gov.ph/bills/senate-bill-no-1353-17th-congress-republic,ANTI-HOSPITAL DEPOSIT LAW,"AN ACT INCREASING THE PENALTIES FOR THE REFUSAL OF HOSPITALS AND MEDICAL CLINICS TO ADMINISTER APPROPRIATE INITIAL MEDICAL TREATMENT AND SUPPORT IN EMERGENCY OR SERIOUS CASES, AMENDING FOR THE PURPOSE BATAS PAMBANSA BILANG 702, OTHERWISE KNOWN AS 'AN ACT PROHIBITING THE DEMAND OF DEPOSITS OR ADVANCE PAYMENTS FOR THE CONFINEMENT OR TREATMENT OF PATIENTS IN HOSPITALS AND MEDICAL CLINICS IN CERTAIN CASES' AS AMENDED BY REPUBLIC ACT NO. 8344, AND FOR OTHER PURPOSES","HONTIVEROS, RISA","February 27, 2017",NATIONAL,HOSPITALS EMERGENCY RESPONSE/EMERGENCY PREPAREDNESS pregnancy,HEALTH AND DEMOGRAPHY,APPROVED BY THE PRESIDENT OF THE PHILIPPINES
Senate Bill No. 1366,17th Congress (July 2016 - 2019),https://ldr.senate.gov.ph/bills/senate-bill-no-1366-17th-congress-republic,SEXUAL VIOLENCE/ABUSIVE CONDUCT AS GROUNDS FOR LEGAL SEPARATION,"AN ACT EXPANDING THE GROUNDS FOR LEGAL SEPARATION, AMENDING FOR THE PURPOSE ARTICLE 55 OF THE FAMILY CODE OF THE PHILIPPINES","POE, GRACE","July 3, 2017",NATIONAL,LEGAL SEPARATION FAMILY CODE (E.O. NO. 209),"WOMEN, CHILDREN, FAMILY RELATIONS AND GENDER EQUALITY",PENDING IN THE COMMITTEE
Senate Bill No. 1429,17th Congress (July 2016 - 2019),https://ldr.senate.gov.ph/bills/senate-bill-no-1429-17th-congress-republic,AMENDING SECTION 23 OF R.A. NO. 9165 (COMPREHENSIVE DANGEROUS DRUGS ACT OF 2002),"AN ACT AMENDING SECTION 23 OF REPUBLIC ACT NO. 9165, OTHERWISE KNOWN AS THE COMPREHENSIVE DANGEROUS DRUGS ACT OF 2002, ALLOWING PLEA-BARGAINING IN CERTAIN CASES","SOTTO III, VICENTE C.","February 5, 2017",NATIONAL,"PLEA BARGAINING DANGEROUS DRUGS ACT OF 2002, R.A.NO. 9165",PUBLIC ORDER AND DANGEROUS DRUGS,PENDING IN THE COMMITTEE
Senate Bill No. 1504,17th Congress (July 2016 - 2019),https://ldr.senate.gov.ph/bills/senate-bill-no-1504-17th-congress-republic,PHILIPPINE ARTS IN VENICE BIENNALE ACT OF 2017,AN ACT INSTITUTIONALIZING PHILIPPINE PARTICIPATION IN THE INTERNATIONAL EXHIBITIONS OF THE VENICE BIENNALE,"LEGARDA, LOREN B.","July 24, 2017",NATIONAL,PHILIPPINE ARTS,"EDUCATION, ARTS AND CULTURE","PENDING SECOND READING, SPECIAL ORDER"
Senate Bill No. 1568,17th Congress (July 2016 - 2019),https://ldr.senate.gov.ph/bills/senate-bill-no-1568-17th-congress-republic,SUSTAINABLE TRANSPORTATION ACT OF 2017,"AN ACT PROMOTING SUSTAINABLE AND ALTERNATIVE MODES OF TRANSPORTATION AND OTHER MOBILITY OPTIONS TO IMPROVE AIR QUALITY, INCREASE EFFICIENCY, REDUCE CONGESTION AND CONTRIBUTE TO POSITIVE HEALTH IMPACTS IN OUR SOCIETY","ANGARA, SONNY","August 29, 2017",NATIONAL,TRANSPORTATION,PUBLIC SERVICES,PENDING IN THE COMMITTEE
Senate Bill No. 1322,17th Congress (July 2016 - 2019),https://ldr.senate.gov.ph/bills/senate-bill-no-1322-17th-congress-republic,CITIZEN SERVICE ACT,"AN ACT INSTITUTING THE CITIZEN SERVICE TRAINING COURSE, ESTABLISHING THE CITIZEN SERVICE CORPS, CREATING THE CITIZEN SERVICE MOBILIZATION COMMISSION, APPROPRIATING FUNDS THEREFOR AND FOR OTHER PURPOSES","PIMENTEL, AQUILINO ""KOKO"" III","September 2, 2017",NATIONAL,CITIZEN SERVICE TRAINING COURSE RESERVE OFFICERS TRAINING CORPS (ROTC),"EDUCATION, ARTS AND CULTURE",CONSOLIDATED/SUBSTITUTED IN THE COMMITTEE REPORT
Senate Bill No. 1398,17th Congress (July 2016 - 2019),https://ldr.senate.gov.ph/bills/senate-bill-no-1398-17th-congress-republic,"AMENDING R.A.NO. 10066, ADDING NEW ART. XIII-LINANGAN NG LIKHANG BAYAN","AN ACT ESTABLISHING THE LINANGAN NG LIKHANG BAYAN (INSTITUTE FOR LIVING TRADITIONS) TO ENSURE THE PROTECTION, PROMOTION AND DEVELOPMENT OF THE COUNTRYS COMMUNIAL TRADITIONS, AMENDING FOR THE PURPOSE REPUBLIC ACT NO. 10066 OR THE NATIONAL CULTURAL HERITAGE ACT OF 2009, AND FOR OTHER PURPOSES.","LEGARDA, LOREN B.","March 15, 2017",NATIONAL,INSTITUTE FOR LIVING TRADITIONS NATIONAL CULTURAL HERITAGE ACT (R.A.NO. 10066),"EDUCATION, ARTS AND CULTURE",PENDING IN THE COMMITTEE
Senate Bill No. 1462,17th Congress (July 2016 - 2019),https://ldr.senate.gov.ph/bills/senate-bill-no-1462-17th-congress-republic,UNIFORMED AND LAW ENFORCEMENT PERSONNEL SPECIAL FINANCIAL ASSISTANCE ACT,"AN ACT PROVIDING FOR SPECIAL FINANCIAL ASSISTANCE AND BENEFITS GRANTED TO BENEFICIARIES OF UNIFORMED AND LAW ENFORCEMENT PERSONNEL OF THE PHILIPPINE NATIONAL POLICE (PNP), ARMED FORCES OF THE PHILIPPINES (AFP), BUREAU OF FIRE PROTECTION (BFP), BUREAU OF JAIL MANAGEMENT AND PENOLOGY (BJMP), PHILIPPINE COAST GUARD (PCG), NATIONAL BUREAU OF INVESTIGATION (NBI), BUREAU OF CORRECTIONS (BUCOR), AND PHILIPPINE DRUG ENFORCEMENT AGENCY (PDEA), KILLED OR PERMANENTLY INCAPACITATED WHILE IN THE PERFORMANCE OF THEIR DUTY OR BY REASON OF THEIR OFFICE OR POSITION, APPROPRIATING FUNDS THEREFOR, REPEALING FOR THE PURPOSE PERTINENT PROVISIONS OF REPUBLIC ACT NO. 6963, AND FOR OTHER PURPOSES","LACSON, PANFILO M.","May 22, 2017",NATIONAL,PHILIPPINE NATIONAL POLICE (PNP) ARMED FORCES OF THE PHILIPPINES (AFP) BUREAU OF FIRE PROTECTION BUREAU OF JAIL MANAGEMENT AND PENOLOGY PHILIPPINE COAST GUARD NATIONAL BUREAU OF INVESTIGATION (NBI) BUREAU OF CORRECTIONS (BUCOR) PHILIPPINE DRUG ENFORCEMENT AGENCY (PDEA),"CIVIL SERVICE, GOVERNMENT REORGANIZATION AND PROFESSIONAL REGULATION","PENDING SECOND READING, SPECIAL ORDER"
Senate Bill No. 1535,17th Congress (July 2016 - 2019),https://ldr.senate.gov.ph/bills/senate-bill-no-1535-17th-congress-republic,ANTI-EPAL LAW,AN ACT PROHIBITING INCUMBENT GOVERNMENT OFFICIALS TO NAME GOVERNMENT PROJECTS AFTER THEM OR OTHER PERSONS WHOSE NAME OR IDENTITY MAY IN ANY MANNER BE ASSOCIATED WITH SAID OFFICIALS AND/OR FROM CLAIMING CREDIT THROUGH SIGNAGE ANNOUNCING A PUBLIC WORKS PROJECT,"PACQUIAO, EMMANUEL ""MANNY"" D.","January 8, 2017",NATIONAL,ANTI-EPAL SIGNAGE Government projects GOVERNMENT OFFICIAL/PUBLIC OFFICIAL,"CIVIL SERVICE, GOVERNMENT REORGANIZATION AND PROFESSIONAL REGULATION",PENDING IN THE COMMITTEE
Senate Bill No. 1600,17th Congress (July 2016 - 2019),https://ldr.senate.gov.ph/bills/senate-bill-no-1600-17th-congress-republic,RETIREMENT LAW OF THE OFFICE OF THE OMBUDSMAN,"AN ACT TO STRENGTHEN THE OFFICE OF THE OMBUDSMAN BY ESTABLISHING A RETIREMENT BENEFIT SYSTEM FOR THE OMBUDSMAN, HIS/HER DEPUTIES, THE SPECIAL PROSECUTOR, AND OTHER OFFICIALS AND EMPLOYEES PERFORMING LEGAL, PROSECUTION, INVESTIGATION AND CORRUPTION PREVENTION FUNCTIONS, AUGMENTING EMPLOYEES' BENEFITS, APPROPRIATING FUNDS THEREFOR, AND FOR OTHER PURPOSES","ANGARA, SONNY","September 10, 2017",NATIONAL,OMBUDSMAN RETIREMENT BENEFITS,JUSTICE AND HUMAN RIGHTS,CONSOLIDATED/SUBSTITUTED IN THE COMMITTEE REPORT
Senate Bill No. 1547,17th Congress (July 2016 - 2019),https://ldr.senate.gov.ph/bills/senate-bill-no-1547-17th-congress-republic,REVERSION TO MAIDEN NAME ACT,"AN ACT ALLOWING WOMEN TO REVERT TO THEIR MAIDEN SURNAME, ESTABLISHING A PROCEDURE FOR REVERSION AND APPROPRIATING FUNDS THEREFORE","BINAY, MARIA LOURDES NANCY S.","July 8, 2017",NATIONAL,REVERSION TO MAIDEN NAME,"WOMEN, CHILDREN, FAMILY RELATIONS AND GENDER EQUALITY",PENDING IN THE COMMITTEE
Senate Bill No. 1301,17th Congress (July 2016 - 2019),https://ldr.senate.gov.ph/bills/senate-bill-no-1301-17th-congress-republic,NATIONAL FAITH DAY,AN ACT DECLARING THE LAST MONDAY OF JANUARY AS THE NATIONAL FAITH DAY,"VILLANUEVA, JOEL","January 19, 2017",NATIONAL,FAITH ACADEMY HOLIDAYS (SPECIAL NON-WORKING),"EDUCATION, ARTS AND CULTURE",CONSOLIDATED/SUBSTITUTED IN THE COMMITTEE REPORT
Senate Bill No. 1377,17th Congress (July 2016 - 2019),https://ldr.senate.gov.ph/bills/senate-bill-no-1377-17th-congress-republic,MATURE AND OLDER WORKERS ACT,AN ACT TO ESTABLISH A JOB TRAINING PROGRAM FOR MATURE OR OLDER WORKERS,"EJERCITO, JOSEPH VICTOR G.","August 3, 2017",NATIONAL,MATURE AND OLDER WORKERS,"LABOR, EMPLOYMENT AND HUMAN RESOURCES DEVELOPMENT",PENDING IN THE COMMITTEE
Senate Bill No. 1441,17th Congress (July 2016 - 2019),https://ldr.senate.gov.ph/bills/senate-bill-no-1441-17th-congress-republic,PSA AMENDMENTS ACT OF 2017,"AN ACT FURTHER AMENDING COMMONWEALTH ACT NO. 146 OR THE PUBLIC SERVICE ACT, AS AMENDED","POE, GRACE","September 5, 2017",NATIONAL,PUBLIC SERVICE ACT (COMMONWEALTH ACT NO. 146) Commonwealth Act,PUBLIC SERVICES,CONSOLIDATED/SUBSTITUTED IN THE COMMITTEE REPORT
Senate Bill No. 1515,17th Congress (July 2016 - 2019),https://ldr.senate.gov.ph/bills/senate-bill-no-1515-17th-congress-republic,THE EXPANDED PHILIPPINE SPORTS COMMISSION ACT OF 2017,"AN ACT STRENGTHENING THE PHILIPPINE SPORTS COMMISSION, AMENDING FOR THE PURPOSE REPUBLIC ACT NO. 6847, OTHERWISE KNOWN AS THE PHILIPPINE SPORTS COMMISSION ACT","PACQUIAO, EMMANUEL ""MANNY"" D.","July 26, 2017",NATIONAL,Philippine Sports Commission (PSC),SPORTS,"PENDING SECOND READING, SPECIAL ORDER"
Senate Bill No. 1579,17th Congress (July 2016 - 2019),https://ldr.senate.gov.ph/bills/senate-bill-no-1579-17th-congress-republic,FILIPINO IDENTIFICATION SYSTEM ACT,AN ACT ESTABLISHING THE FILIPINO IDENTIFICATION SYTEM,"ANGARA, SONNY","June 9, 2017",NATIONAL,IDENTIFICATION SYSTEM,JUSTICE AND HUMAN RIGHTS,CONSOLIDATED/SUBSTITUTED IN THE COMMITTEE REPORT
Senate Bill No. 1333,17th Congress (July 2016 - 2019),https://ldr.senate.gov.ph/bills/senate-bill-no-1333-17th-congress-republic,AMENDING R.A. NO. 8439 (MAGNA CARTA FOR SCIENTIST),"AN ACT EXTENDING THE SERVICES OF A SCIENTIST WHO IS DUE FOR COMPULSORY RETIREMENT FOR A MAXIMUM PERIOD OF FIVE (5) YEARS AMENDING FOR THE PURPOSE REPUBLIC ACT NO. 8439, OTHERWISE KNOWN AS THE MAGNA CARTA FOR SCIENTISTS, ENGINEERS, RESEARCHERS AND OTHER SCIENCE AND TECHNOLOGY PERSONNEL IN GOVERNMENT","ANGARA, SONNY","February 14, 2017",NATIONAL,"MAGNA CARTA FOR SCIENTISTS, ENGINEERS, RESEARCHERS AND OTHER SCIENCE AND TECHNOLOGY PERSONNEL SCIENTISTS/RESEARCHERS",SCIENCE AND TECHNOLOGY,CONSOLIDATED/SUBSTITUTED IN THE COMMITTEE REPORT
Senate Bill No. 1410,17th Congress (July 2016 - 2019),https://ldr.senate.gov.ph/bills/senate-bill-no-1410-17th-congress-republic,HAZARD PAY FOR REGIONAL TRIAL COURT JUDGES ACT,AN ACT GRANTING HAZARD PAY TO REGIONAL TRIAL COURT JUDGES DURING THEIR INCUMBENCY AND APPROPRIATING FUNDS THEREFOR,"BINAY, MARIA LOURDES NANCY S.","March 23, 2017",NATIONAL,Judges HAZARD PAY,JUSTICE AND HUMAN RIGHTS,PENDING IN THE COMMITTEE
Senate Bill No. 1473,17th Congress (July 2016 - 2019),https://ldr.senate.gov.ph/bills/senate-bill-no-1473-17th-congress-republic,PROVISIONAL ENLISTED PERSONNEL ACT OF 2017,AN ACT PROVIDING FOR AN INCREASE IN THE STANDING FORCE OF THE ARMED FORCES OF THE PHILIPPINES THROUGH THE RECRUITMENT AND SPECIAL ENLISTMENT OF PROVISIONAL ENLISTED PERSONNEL,Antonio F. Trillanes IV,"May 29, 2017",NATIONAL,ARMED FORCES OF THE PHILIPPINES (AFP) PROVISIONAL ENLISTED PERSONNEL (PEP),NATIONAL DEFENSE AND SECURITY,PENDING IN THE COMMITTEE
Senate Bill No. 1420,17th Congress (July 2016 - 2019),https://ldr.senate.gov.ph/bills/senate-bill-no-1420-17th-congress-republic,AMENDING SECTONS 24(D) AND 196 OF R. A. NO. 8424 (NATIONAL INTERNAL REVENUE CODE OF 1997),"AN ACT EXEMPTING THE SALE OF REAL PROPERTY IN THE EXERCISE OF THE STATE'S POWER OF EMINENT DOMAIN FROM THE PAYMENT OF CAPITAL GAINS AND DOCUMENTARY STAMP TAXES, AMENDING FOR THE PURPOSE SECTIONS 24 (D) AND 196 OF REPUBLIC ACT NO. 8424, AS AMENDED, OTHERWISE KNOWN AS THE NATIONAL INTERNAL REVENUE CODE OF 1997",Ralph G. Recto,"February 5, 2017",NATIONAL,REAL PROPERTY NATIONAL INTERNAL REVENUE CODE (NIRC) TAXES/TAXATION,WAYS AND MEANS,PENDING IN THE COMMITTEE
Senate Bill No. 1485,17th Congress (July 2016 - 2019),https://ldr.senate.gov.ph/bills/senate-bill-no-1485-17th-congress-republic,AMENDING ART. 54 OF E.O. NO. 209 (FAMILY CODE OF THE PHILIPPINES),"AN ACT IMPROVING THE STATUS OF CHILDREN BORN OR CONCEIVED OF MARRIAGES DECLARED VOID FOR CERTAIN REASONS, AMENDING FOR THIS PURPOSE ARTICLE 54 OF EXECUTIVE ORDER NO. 209, OTHERWISE KNOWN AS THE FAMILY CODE OF THE PHILIPPINES, AND FOR OTHER PURPOSES","BINAY, MARIA LOURDES NANCY S.","May 30, 2017",NATIONAL,illegitimate child FAMILY CODE (E.O. NO. 209),"WOMEN, CHILDREN, FAMILY RELATIONS AND GENDER EQUALITY",PENDING IN THE COMMITTEE
Senate Bill No. 1494,17th Congress (July 2016 - 2019),https://ldr.senate.gov.ph/bills/senate-bill-no-1494-17th-congress-republic,TAX AMNESTY ON ALL UNPAID INTERNAL REVENUE TAXES FOR TAXABLE YEAR 2015 AND PRIOR YEARS,AN ACT ENHANCING REVENUE ADMINISTRATION AND COLLECTION BY GRANTING AN AMNESTY ON ALL UNPAID INTERNAL REVENUE TAXES IMPOSED BY THE NATIONAL GOVERNMENT FOR TAXABLE YEAR 2015 AND PRIOR YEARS,"Paolo Benigno ""Bam"" Aquino IV","June 27, 2017",NATIONAL,TAX AMNESTY TAXES/TAXATION BUREAU OF INTERNAL REVENUE (BIR),WAYS AND MEANS,CONSOLIDATED/SUBSTITUTED IN THE COMMITTEE REPORT
Senate Bill No. 1558,17th Congress (July 2016 - 2019),https://ldr.senate.gov.ph/bills/senate-bill-no-1558-17th-congress-republic,SAFE SPACES ACT,"AN ACT DEFINING AND PENALIZING GENDER-BASED STREET AND PUBLIC SPACES HARASSMENT, EXPANDING THE DEFINITION OF SEXUAL HARASSMENT, AND AMENDING FOR THIS PURPOSE REPUBLIC ACT NO. 7877, AND FOR OTHER PURPOSES","HONTIVEROS, RISA","August 16, 2017",NATIONAL,SEXUAL HARASSMENT GENDER-BASED STREET/SAFE STREETS AND PUBLIC SPACES,"WOMEN, CHILDREN, FAMILY RELATIONS AND GENDER EQUALITY",APPROVED BY THE PRESIDENT OF THE PHILIPPINES
Senate Bill No. 1311,17th Congress (July 2016 - 2019),https://ldr.senate.gov.ph/bills/senate-bill-no-1311-17th-congress-republic,EXPANDED ANTI-RED TAPE ACT OF 2017,"AN ACT ESTABLISHING A NATIONAL POLICY OF EASE OF DOING BUSINESS, CREATING FOR THE PURPOSE THE EASE OF DOING BUSINESS COMMISSION, AND FOR OTHER PURPOSES","RECTO, RALPH G.","January 2, 2017",NATIONAL,BUSINESS (PLANS AND STRATEGIES) BUSINESS ONE-STOP SHOP (BOSS) BUSINESS PERMIT/LICENSE INVESTMENTS RED TAPE,"TRADE, COMMERCE AND ENTREPRENEURSHIP",APPROVED BY THE PRESIDENT OF THE PHILIPPINES
Senate Bill No. 1388,17th Congress (July 2016 - 2019),https://ldr.senate.gov.ph/bills/senate-bill-no-1388-17th-congress-republic,RECOVERABLE SYSTEM LOSS ACT,"AN ACT REDUCING THE ALLOWABLE SYSTEMS LOSS FROM PRIVATE UTILITY COMPANIES AND RURAL ELECTRIC COOPERATIVES AMENDING FOR THE PURPOSE REPUBLIC ACT NO. 7832, AS AMENDED BY SECTION 43(F) OF REPUBLIC ACT NO. 9136, AND REPUBLIC ACT NO. 8424, AS AMENDED BY REPUBLIC ACT NO. 9337, AND FOR OTHER PURPOSES","EJERCITO, JOSEPH VICTOR G.","March 13, 2017",NATIONAL,RECOVERABLE SYSTEM LOSS ELECTRIC POWER INDUSTRY REFORM ACT /EPIRA (R.A.NO. 9136) ELECTRIC COOPERATIVES,ENERGY,CONSOLIDATED/SUBSTITUTED IN THE COMMITTEE REPORT
Senate Bill No. 1452,17th Congress (July 2016 - 2019),https://ldr.senate.gov.ph/bills/senate-bill-no-1452-17th-congress-republic,COMMUNITY SERVICE ACT OF 2017,"AN ACT AUTHORIZING THE COURT TO REQUIRE COMMUNITY SERVICE IN LIEU OF IMPRISONMENT FOR THE PENALTIES OF ARRESTO MENOR AND ARRESTO MAYOR, AMENDING FOR THE PURPOSE CHAPTER 5, TITLE 3, BOOK I OF ACT NO. 3815, AS AMENDED, OTHERWISE KNOWN AS THE REVISED PENAL CODE","GORDON, RICHARD J.","May 15, 2017",NATIONAL,COMMUNITY WORK/COMMUNITY SERVICE REVISED PENAL CODE (R.A. NO. 3815),JUSTICE AND HUMAN RIGHTS,CONSOLIDATED/SUBSTITUTED IN THE COMMITTEE REPORT
Senate Bill No. 1348,17th Congress (July 2016 - 2019),https://ldr.senate.gov.ph/bills/senate-bill-no-1348-17th-congress-republic,ANTI-CORPORAL PUNISHMENT ACT OF 2017,"AN ACT TO PROMOTE POSITIVE, NON-VIOLENT DISCIPLINE OF CHILDREN, PROHIBITING ALL FORMS OF CORPORAL PUNISHMENT, HUMILIATING AND DEGRADING TREATMENT, PROVIDING PENALTY THEREFOR, APPROPRIATING FUNDS AND FOR OTHER PURPOSES",N/A,"February 22, 2017",NATIONAL,ANTI-CORPORAL PUNISHMENT CORPORAL PUNISHMENT CHILDREN/CHILD CARE,"WOMEN, CHILDREN, FAMILY RELATIONS AND GENDER EQUALITY",CONSOLIDATED/SUBSTITUTED IN THE COMMITTEE REPORT
Senate Bill No. 1325,17th Congress (July 2016 - 2019),https://ldr.senate.gov.ph/bills/senate-bill-no-1325-17th-congress-republic,REGIONAL INVESTMENT AND INFRASTRUCTURE CORPORATION OF CENTRAL LUZON,"AN ACT CREATING THE REGIONAL INVESTMENT AND INFRASTRUCTURE CORPORATION OF CENTRAL LUZON TO FACILITATE THE CREATION OF THE CENTRAL LUZON INVESTMENT CORRIDOR, AND FOR OTHER PURPOSES","GORDON, RICHARD J.","February 13, 2017",NATIONAL,INFRASTUCTURES INVESTMENTS,GOVERNMENT CORPORATIONS AND PUBLIC ENTERPRISES,CONSOLIDATED/SUBSTITUTED IN THE COMMITTEE REPORT
Senate Bill No. 1293,17th Congress (July 2016 - 2019),https://ldr.senate.gov.ph/bills/senate-bill-no-1293-17th-congress-republic,MAGNA CARTA OF PUBLIC ENERGY WORKERS,AN ACT PROVIDING FOR THE MAGNA CARTA OF PUBLIC ENERGY WORKERS,"ZUBIRI, JUAN MIGUEL ""MIGZ"" F.","November 1, 2017",NATIONAL,MAGNA CARTA FOR WORKERS IN THE ENERGY SECTOR,ENERGY,PENDING IN THE COMMITTEE
Senate Bill No. 1359,17th Congress (July 2016 - 2019),https://ldr.senate.gov.ph/bills/senate-bill-no-1359-17th-congress-republic,ANTI-PERJURY ACT OF 2017,"AN ACT AMENDING ARTICLES 180, 183, AND 184 OF ACT NO. 3815, OTHERWISE KNOWN AS THE REVISED PENAL CODE, AS AMENDED, INCREASING THE PENALTIES THEREOF, CRIMINALIZING SUBORNATION OF PERJURY, AND FOR OTHER PURPOSES","DE LIMA, LEILA M.","June 3, 2017",NATIONAL,PERJURY REVISED PENAL CODE (R.A. NO. 3815),JUSTICE AND HUMAN RIGHTS,PENDING IN THE COMMITTEE
Senate Bill No. 1304,17th Congress (July 2016 - 2019),https://ldr.senate.gov.ph/bills/senate-bill-no-1304-17th-congress-republic,FREE HIGHER EDUCATION FOR ALL ACT,"AN ACT PROVIDING FOR A FULL TUITION SUBSIDY FOR STUDENTS ENROLLED IN STATE UNIVERSITIES AND COLLEGES (SUCS), AND APPROPRIATING FUNDS THEREOF",Ralph G. Recto,"January 23, 2017",NATIONAL,TUITION FEES STATE COLLEGES AND UNIVERSITIES (SCUS) STUDENTS,"EDUCATION, ARTS AND CULTURE",APPROVED BY THE PRESIDENT OF THE PHILIPPINES
Senate Bill No. 1336,17th Congress (July 2016 - 2019),https://ldr.senate.gov.ph/bills/senate-bill-no-1336-17th-congress-republic,AIRLINE PASSENGERS PROTECTION ACT OF 2017,AN ACT PROTECTING THE RIGHTS OF AIRLINE PASSENGERS AND ESTABLISHING THE DUTIES AND LIABILITIES OF AIRLINE CARRIERS,"ZUBIRI, JUAN MIGUEL ""MIGZ"" F.","February 20, 2017",NATIONAL,AIRLINE PASSENGERS BILL OF RIGHTS AIRLINE PASSENGERS PROTECTION,"TRADE, COMMERCE AND ENTREPRENEURSHIP",PENDING IN THE COMMITTEE
Senate Bill No. 1315,17th Congress (July 2016 - 2019),https://ldr.senate.gov.ph/bills/senate-bill-no-1315-17th-congress-republic,EXEMPTING THE BUREAU OF INTERNAL REVENUE FROM R.A. NO. 6758 (SALARY STANDARDIZATION LAW),"AN ACT EXEMPTING THE BUREAU OF INTERNAL REVENUE FROM THE COVERAGE OF REPUBLIC ACT NO. 6758, OTHERWISE KNOWN AS THE SALARY STANDARDIZATION LAW, AS AMENDED, AND FOR OTHER PURPOSES","ZUBIRI, JUAN MIGUEL ""MIGZ"" F.","June 2, 2017",NATIONAL,BUREAU OF INTERNAL REVENUE (BIR) SALARY STANDARDIZATION,WAYS AND MEANS,PENDING IN THE COMMITTEE
Senate Bill No. 1349,17th Congress (July 2016 - 2019),https://ldr.senate.gov.ph/bills/senate-bill-no-1349-17th-congress-republic,WILLIAM GOLANGCO JUNCTION,"AN ACT NAMING THE INTERSECTION OF JOSE ABAD SANTOS AVENUE (GAPAN-SAN FERNANDO-OLONGAPO ROAD) AND THE GUAGUA-FLORIDABLANCA PROVINCIAL ROAD LOCATED AT THE BORDER OF BARANGAY SAN ANTONIO AND BARANGAY JOSE ABAD SANTOS, BOTH IN THE MUNICIPALITY OF GUAGUA, PROVINCE OF PAMPANGA AS THE WILLIAM GOLANGCO JUNCTION","BINAY, MARIA LOURDES NANCY S.","February 22, 2017",LOCAL,"ROADS, NAMING",PUBLIC WORKS,PENDING IN THE COMMITTEE
Senate Bill No. 1326,17th Congress (July 2016 - 2019),https://ldr.senate.gov.ph/bills/senate-bill-no-1326-17th-congress-republic,SAFE STREETS AND PUBLIC SPACES ACT OF 2017,"AN ACT DEFINING GENDER-BASED STREET AND PUBLIC SPACES HARASSMENT, PROVIDING PROTECTIVE MEASURES AND PRESCRIBING PENALTIES THEREFOR, AND FOR OTHER PURPOSES","HONTIVEROS, RISA","February 14, 2017",NATIONAL,GENDER-BASED STREET/SAFE STREETS AND PUBLIC SPACES,"WOMEN, CHILDREN, FAMILY RELATIONS AND GENDER EQUALITY",CONSOLIDATED/SUBSTITUTED IN THE COMMITTEE REPORT
Senate Bill No. 1294,17th Congress (July 2016 - 2019),https://ldr.senate.gov.ph/bills/senate-bill-no-1294-17th-congress-republic,AMENDING R..A. NO. 9165 (COMPREHENSIVE DANGEROUS DRUGS ACT OF 2002),"AN ACT REIMPOSING THE DEATH PENALTY AND INCREASING PENALTIES FOR CRIMES INVOLVING DANGEROUS DRUGS, AMENDING FOR THE PURPOSE CERTAIN PROVISIONS OF REPUBLIC ACT NO. 9165, AS AMENDED, OTHERWISE KNOWN AS THE COMPREHENSIVE DANGEROUS DRUGS ACT OF 2002","GATCHALIAN, WIN","January 16, 2017",NATIONAL,"DANGEROUS DRUGS ACT OF 2002, R.A.NO. 9165 Death penalty",PUBLIC ORDER AND DANGEROUS DRUGS,PENDING IN THE COMMITTEE
Senate Bill No. 1360,17th Congress (July 2016 - 2019),https://ldr.senate.gov.ph/bills/senate-bill-no-1360-17th-congress-republic,"ANTI-GRAFT AND CORRUPT PRACTICES ACT, AMENDING SEC. 11 (PRESCRIPTION OF OFFENSES)","AN ACT AMENDING SECTION 11 OF REPUBLIC ACT NO. 3019, OTHERWISE KNOWN AS 'THE ANTI-GRAFT AND CORRUPT PRACTICES ACT', AS AMENDED","DE LIMA, LEILA M.","June 3, 2017",NATIONAL,Anti-Graft and Corrupt Practices Act PRESCRIPTION OF OFFENSES LEGISLATIVE GAP,JUSTICE AND HUMAN RIGHTS,PENDING IN THE COMMITTEE
Senate Bill No. 1305,17th Congress (July 2016 - 2019),https://ldr.senate.gov.ph/bills/senate-bill-no-1305-17th-congress-republic,105-DAY EXPANDED MATERNITY LEAVE LAW,"AN ACT INCREASING THE MATERNITY LEAVE PERIOD TO ONE HUNDRED TWENTY (120) DAYS FOR FEMALE WORKERS IN THE GOVERNMENT SERVICE AND THE PRIVATE SECTOR WITH AN OPTION TO EXTEND FOR AN ADDITIONAL THIRTY (30) DAYS WITHOUT PAY, PROVIDING A PARENTAL LEAVE PERIOD FOR ADOPTIVE PARENTS, AND GRANTING AN ADDITIONAL THIRTY (30) DAYS FOR SOLO MOTHERS, AND FOR OTHER PURPOSES","PANGILINAN, FRANCIS ""KIKO"" N.","January 23, 2017",NATIONAL,Maternity Leave WOMEN LEAVE OF ABSENCE,"WOMEN, CHILDREN, FAMILY RELATIONS AND GENDER EQUALITY",APPROVED BY THE PRESIDENT OF THE PHILIPPINES
Senate Bill No. 1488,17th Congress (July 2016 - 2019),https://ldr.senate.gov.ph/bills/senate-bill-no-1488-17th-congress-republic,LOCAL UNIVERSITIES AND COLLEGES GOVERNANCE ACT,AN ACT PRESCRIBING THE MANDATORY GUIDELINES ON THE ESTABLISHMENT AND OPERATION OF LOCAL UNIVERSITIES AND COLLEGES AND FOR OTHER PURPOSES,"GATCHALIAN, WIN","August 6, 2017",NATIONAL,LOCAL COLLEGES AND UNIVERSITIES (LCUS) COMMISSION ON HIGHER EDUCATION (CHED),"EDUCATION, ARTS AND CULTURE",PENDING IN THE COMMITTEE
Senate Bill No. 1552,17th Congress (July 2016 - 2019),https://ldr.senate.gov.ph/bills/senate-bill-no-1552-17th-congress-republic,POSTPONING THE OCTOBER 2017 BARANGAY AND SANGGUNIANG KABATAAN ELECTIONS,"AN ACT POSTPONING THE OCTOBER 2017 BARANGAY AND SANGGUNIANG KABATAAN ELECTIONS, AMENDING FOR THE PURPOSE REPUBLIC ACT NO. 9164, AS AMENDED BY REPUBLIC ACT NO. 9340, REPUBLIC ACT NO. 10656, REPUBLIC ACT NO. 10923, AND FOR OTHER PURPOSES","GORDON, RICHARD J.","August 15, 2017",NATIONAL,BARANGAY ELECTIONS/SK ELECTIONS ELECTIONS/ELECTORAL REFORMS,ELECTORAL REFORMS AND PEOPLES PARTICIPATION,CONSOLIDATED/SUBSTITUTED IN THE COMMITTEE REPORT
Senate Bill No. 1340,17th Congress (July 2016 - 2019),https://ldr.senate.gov.ph/bills/senate-bill-no-1340-17th-congress-republic,GIFT CHECK ACT OF 2017,AN ACT PROHIBITING THE IMPOSITION OF EXPIRY DATES ON GIFT CHECKS BY ISSUERS AND FOR OTHER PURPOSES,"ZUBIRI, JUAN MIGUEL ""MIGZ"" F.","February 21, 2017",NATIONAL,VOUCHERS,"TRADE, COMMERCE AND ENTREPRENEURSHIP",CONSOLIDATED/SUBSTITUTED IN THE COMMITTEE REPORT
Senate Bill No. 1626,17th Congress (July 2016 - 2019),https://ldr.senate.gov.ph/bills/senate-bill-no-1626-17th-congress-republic,OFFICE OF THE SOLICITOR GENERAL (OSG) CHARTER,"AN ACT FURTHER STRENGTHENING THE OFFICE OF THE SOLICITOR GENERAL BY INCREASING ITS POWERS AND FUNCTIONS, AND REDEFINING, EXPANDING, AND RATIONALIZING ITS ORGANIZATION, REPEALING FOR THE PURPOSE REPUBLIC ACT NO. 9417, REPUBLIC ACT NO. 2327, AND EXECUTIVE ORDER NOS. 1 AND 2, S. 1986, AUGMENTING ITS EMPLOYEE BENEFITS, APPROPRIATING FUNDS THEREFOR AND FOR OTHER PURPOSES","GORDON, RICHARD J.","April 12, 2017",NATIONAL,OFFICE OF THE SOLICITOR GENERAL,JUSTICE AND HUMAN RIGHTS,CONSOLIDATED/SUBSTITUTED IN THE COMMITTEE REPORT
Senate Bill No. 1356,17th Congress (July 2016 - 2019),https://ldr.senate.gov.ph/bills/senate-bill-no-1356-17th-congress-republic,BALIK SCIENTIST ACT OF 2017,"AN ACT INSTITUTIONALIZING THE BALIK SCIENTIST PROGRAM APPROPRIATING FUNDS THEREFOR, AND FOR OTHER PURPOSES","EJERCITO, JOSEPH VICTOR G.","February 27, 2017",NATIONAL,BALIK SCIENTIST PROGRAM SCIENTISTS/RESEARCHERS,SCIENCE AND TECHNOLOGY,CONSOLIDATED/SUBSTITUTED IN THE COMMITTEE REPORT
Senate Bill No. 1392,17th Congress (July 2016 - 2019),https://ldr.senate.gov.ph/bills/senate-bill-no-1392-17th-congress-republic,APPRENTICESHIP TRAINING SYSTEM ACT OF 2017,"AN ACT PROVIDING FOR A REVISED NATIONAL APPRENTICESHIP PROGRAM, CLARIFYING THE STANDARDS FOR TRAINING AND ENGAGEMENT OF APPRENTICES AND ACCREDITATION OF APPRENTICESHIP PROGRAMS, REPEALING FOR THE PURPOSE CHAPTERS I AND II OF TITLE II, BOOK II OF PRESIDENTIAL DECREE NO. 442, AS AMENDED, OTHERWISE KNOWN AS THE LABOR CODE OF THE PHILIPPINES, AND FOR OTHER PURPOSES","VILLANUEVA, JOEL","March 14, 2017",NATIONAL,APPRENTICE/APPRENTICESHIP LABOR CODE OF THE PHILIPPINES (P.D. NO. 442),"LABOR, EMPLOYMENT AND HUMAN RESOURCES DEVELOPMENT","PENDING SECOND READING, SPECIAL ORDER"
Senate Bill No. 1458,17th Congress (July 2016 - 2019),https://ldr.senate.gov.ph/bills/senate-bill-no-1458-17th-congress-republic,UNIVERSAL HEALTH CARE FOR ALL FILIPINOS ACT,"AN ACT PROVIDING UNIVERSAL HEALTH CARE FOR ALL FILIPINOS, AMENDING FOR THE PURPOSE REPUBLIC ACT NO. 7875, OTHERWISE KNOWN AS THE 'NATIONAL HEALTH INSURANCE ACT OF 1995', AS AMENDED BY REPUBLIC ACT NO. 10606 AND APPROPRIATING FUNDS THEREFOR","EJERCITO, JOSEPH VICTOR G.","May 16, 2017",NATIONAL,UNIVERSAL HEALTH CARE NATIONAL HEALTH INSURANCE health care HEALTH INSURANCE PHILIPPINE HEALTH SECURITY CORPORATION (PHILHEALTH),HEALTH AND DEMOGRAPHY,CONSOLIDATED/SUBSTITUTED IN THE COMMITTEE REPORT
Senate Bill No. 1531,17th Congress (July 2016 - 2019),https://ldr.senate.gov.ph/bills/senate-bill-no-1531-17th-congress-republic,ENERGY EFFICIENCY AND CONSERVATION ACT,"AN ACT INSTITUTIONALIZING ENERGY EFFICIENCY AND CONSERVATION, ENHANCING THE EFFICIENT USE OF ENERGY, GRANTING INCENTIVES TO ENERGY EFFICIENCY AND CONSERVATION PROJECTS, AND FOR OTHER PURPOSES","LEGARDA, LOREN B.","July 31, 2017",NATIONAL,Energy conservation CONSERVATION,ENERGY,APPROVED BY THE PRESIDENT OF THE PHILIPPINES
Senate Bill No. 1595,17th Congress (July 2016 - 2019),https://ldr.senate.gov.ph/bills/senate-bill-no-1595-17th-congress-republic,AMENDING R.A. NO. 8799 (SECURITIES REGULATION CODE),"AN ACT AMENDING REPUBLIC ACT NO. 8799 (R.A. 8799), OTHERWISE KNOWN AS THE SECURITIES REGULATION CODE","ESCUDERO, FRANCIS G.","September 26, 2017",NATIONAL,SECURITIES REGULATION ACT (R.A.NO. 8799),"BANKS, FINANCIAL INSTITUTIONS AND CURRENCIES",PENDING IN THE COMMITTEE
Senate Bill No. 1319,17th Congress (July 2016 - 2019),https://ldr.senate.gov.ph/bills/senate-bill-no-1319-17th-congress-republic,AMENDING SEC. 4 OF R.A.NO. 9006 (FAIR ELECTION ACT),"AN ACT AMENDING SECTION 4 OF REPUBLIC ACT NO. 9006, OTHERWISE KNOWN AS AN ACT TO ENHANCE THE HOLDING OF FREE, ORDERLY, HONEST, PEACEFUL AND CREDIBLE ELECTIONS THROUGH FAIR ELECTION PRACTICES","PIMENTEL, AQUILINO ""KOKO"" III","September 2, 2017",NATIONAL,FAIR ELECTIONS ACT (R.A.NO. 9006) ELECTIONS/ELECTORAL REFORMS,ELECTORAL REFORMS AND PEOPLES PARTICIPATION,PENDING IN THE COMMITTEE
Senate Bill No. 1431,17th Congress (July 2016 - 2019),https://ldr.senate.gov.ph/bills/senate-bill-no-1431-17th-congress-republic,TULONG-TRABAHO ACT,"AN ACT INSTITUTING A PHILIPPINE LABOR FORCE COMPETENCIES COMPETITIVENESS PROGRAM, ESTABLISHING FREE ACCESS TO TECHNICAL AND VOCATIONAL TRAINING PROGRAMS AND FOR OTHER PURPOSES","VILLANUEVA, JOEL","March 5, 2017",NATIONAL,TECHNICAL-VOCATIONAL (TECH-VOC) JOBS,"LABOR, EMPLOYMENT AND HUMAN RESOURCES DEVELOPMENT",APPROVED BY THE PRESIDENT OF THE PHILIPPINES
Senate Bill No. 1499,17th Congress (July 2016 - 2019),https://ldr.senate.gov.ph/bills/senate-bill-no-1499-17th-congress-republic,ONLINE CHILD SAFETY ACT,"AN ACT REQUIRING COMMERCIAL ESTABLISHMENTS AND PUBLIC INSTITUTIONS TO USE APPROPRIATE FILTERING DEVICES AND FIREWALLS THAT WILL RESTRICT CHILDRENS ACCESS TO HARMFUL MATERIALS, DEFINING FOR THAT PURPOSE OFFENSES RELATED THERETO, PRESCRIBING PENALTIES THEREFOR AND FOR OTHER PURPOSES","DE LIMA, LEILA M.","July 17, 2017",NATIONAL,INTERNET SAFETY INTERNET SERVICE PROVIDERS CHILDREN/CHILD CARE,"TRADE, COMMERCE AND ENTREPRENEURSHIP",PENDING IN THE COMMITTEE
Senate Bill No. 1563,17th Congress (July 2016 - 2019),https://ldr.senate.gov.ph/bills/senate-bill-no-1563-17th-congress-republic,BODY CAMERA AND DASHBOARD CAMERA FOR LAW ENFORCEMENT OFFICERS ACT OF 2017,"AN ACT REQUIRING AND REGULATING THE USE OF WEARABLE BODY CAMERAS AND DASHBOARD CAMERAS BY LAW ENFORCEMENT OFFICERS IN THE COURSE OF CONDUCTING A SEARCH OR MAKING AN ARREST, PROVIDING FUNDS THEREFOR, AND FOR OTHER PURPOSES","GORDON, RICHARD J.","August 22, 2017",NATIONAL,BODY AND DASHBOARD CAMERAS LAW ENFORCEMENT OFFICERS/LAW ENFORCEMENT AGENCY,PUBLIC ORDER AND DANGEROUS DRUGS,PENDING IN THE COMMITTEE
Senate Bill No. 1510,17th Congress (July 2016 - 2019),https://ldr.senate.gov.ph/bills/senate-bill-no-1510-17th-congress-republic,FILIPINO IDENTIFICATION SYSTEM ACT,"AN ACT ESTABLISHING THE FILIPINO IDENTIFICATION SYSTEM, PROVIDING FUNDS THEREFOR, AND FOR OTHER PURPOSES","GORDON, RICHARD J.","July 25, 2017",NATIONAL,IDENTIFICATION SYSTEM,JUSTICE AND HUMAN RIGHTS,CONSOLIDATED/SUBSTITUTED IN THE COMMITTEE REPORT
Senate Bill No. 1573,17th Congress (July 2016 - 2019),https://ldr.senate.gov.ph/bills/senate-bill-no-1573-17th-congress-republic,EMERGENCY MEDICAL SERVICES SYSTEMS (EMMS) ACT,"AN ACT INSTITUTIONALIZING AN EMERGENCY MEDICAL SERVICES SYSTEM, PROVIDING FOR THE ESTABLISHMENT, SUPERVISION AND REGULATION OF EMERGENCY MEDICAL SERVICES PROFESSION, AND APPROPRIATING FUNDS THEREFOR","ANGARA, SONNY","August 30, 2017",NATIONAL,EMERGENCY MEDICAL SERVICES SYSTEM (EMSS),HEALTH AND DEMOGRAPHY,PENDING IN THE COMMITTEE
Senate Bill No. 1298,17th Congress (July 2016 - 2019),https://ldr.senate.gov.ph/bills/senate-bill-no-1298-17th-congress-republic,INDIVIDUALS WITH DISABILITIES EDUCATION ACT OF 2016,"AN ACT PROVIDING FREE APPROPRIATE PUBLIC EDUCATION TO CHILDREN WITH DISABILITIES, APPROPRIATING FUNDS THEREFOR AND FOR OTHER PURPOSES","VILLANUEVA, JOEL","January 19, 2017",NATIONAL,CHILDREN WITH DISABILITIES PERSONS WITH DISABILITIES (PWDS) SPECIAL EDUCATION,"EDUCATION, ARTS AND CULTURE",CONSOLIDATED/SUBSTITUTED IN THE COMMITTEE REPORT
Senate Bill No. 1363,17th Congress (July 2016 - 2019),https://ldr.senate.gov.ph/bills/senate-bill-no-1363-17th-congress-republic,TELECOMMUTING ACT OF 2017,AN ACT INSTITUTIONALIZING TELECOMMUTING IN THE WORKPLACE AND FOR OTHER PURPOSES,"VILLANUEVA, JOEL","July 3, 2017",NATIONAL,TELECOMMUTING PILOT PROGRAM,"LABOR, EMPLOYMENT AND HUMAN RESOURCES DEVELOPMENT",APPROVED BY THE PRESIDENT OF THE PHILIPPINES
Senate Bill No. 1405,17th Congress (July 2016 - 2019),https://ldr.senate.gov.ph/bills/senate-bill-no-1405-17th-congress-republic,BOTICA SA BARANGAY ACT OF 2017,"AN ACT PROVIDING FOR THE ESTABLISHMENT OF BARANGAY DRUGSTORES, OTHERWISE KNOWN AS 'BOTICA SA BARANGAY' AND FOR OTHER PURPOSES","EJERCITO, JOSEPH VICTOR G.","March 16, 2017",NATIONAL,BOTICA SA BARANGAY/BARANGAY DRUGSTORE,HEALTH AND DEMOGRAPHY,PENDING IN THE COMMITTEE
Senate Bill No. 1468,17th Congress (July 2016 - 2019),https://ldr.senate.gov.ph/bills/senate-bill-no-1468-17th-congress-republic,DESIGNATING CASINOS AS COVERED PERSONS UNDER R.A. NO. 9160 (ANTI-MONEY LAUNDERING ACT OF 2001),"AN ACT DESIGNATING CASINOS AS COVERED PERSONS UNDER REPUBLIC ACT NO. 9160, OTHERWISE KNOWN AS THE ANTI-MONEY LAUNDERING ACT OF 2001, AS AMENDED",Ralph G. Recto,"May 23, 2017",NATIONAL,ANTI-MONEY LAUNDERING ACT (R.A.NO. 9160) CASINO,"BANKS, FINANCIAL INSTITUTIONS AND CURRENCIES",APPROVED BY THE PRESIDENT OF THE PHILIPPINES
Senate Bill No. 1542,17th Congress (July 2016 - 2019),https://ldr.senate.gov.ph/bills/senate-bill-no-1542-17th-congress-republic,CREATING TWO (2) ADDITIONAL BRANCHES OF THE RTC IN THE PROVINCE OF SULTAN KUDARAT,"AN ACT CREATING TWO (2) ADDITIONAL BRANCHES OF THE REGIONAL TRIAL COURT IN THE PROVINCE OF SULTAN KUDARAT, ONE EACH TO BE STATIONED IN THE MUNICIPALITY OF ISULAN AND TACURONG CITY, FURTHER AMENDING FOR THE PURPOSE SECTION 14, PARAGRAPH (M) OF BATAS PAMBANSA BLG. 129, OTHERWISE KNOWN AS 'THE JUDICIARY REORGANIZATION ACT OF 1980', AND APPROPRIATING FUNDS THEREFORE","ZUBIRI, JUAN MIGUEL ""MIGZ"" F.","February 8, 2017",NATIONAL,"JUDICIARY REORGANIZATION ACT (BATAS PAMBANSA BLG. 129) COURTS (RTC/MTC, CREATION)",JUSTICE AND HUMAN RIGHTS,APPROVED BY THE PRESIDENT OF THE PHILIPPINES
Senate Bill No. 1606,17th Congress (July 2016 - 2019),https://ldr.senate.gov.ph/bills/senate-bill-no-1606-17th-congress-republic,"SALE OF PARCELS OF LAND IN BARANGAY KRUS NA LIGAS, QUEZON CITY","AN ACT AUTHORIZING THE SALE OF PARCELS OF LAND IN BARANGAY KRUS NA LIGAS, QUEZON CITY TO ITS LEGITIMATE AND QUALIFIED RESIDENTS, AMENDING FOR THE PURPOSE REPUBLIC ACT NO. 9500, OTHERWISE KNOWN AS THE UNIVERSITY OF THE PHILIPPINES CHARTER OF 2008","SOTTO III, VICENTE C.","October 24, 2017",NATIONAL,University of the Philippines (U.P.) LAND CONVERSION/RECLASSIFICATION HOUSING PROJECTS,"EDUCATION, ARTS AND CULTURE",CONSOLIDATED/SUBSTITUTED IN THE COMMITTEE REPORT
Senate Bill No. 1330,17th Congress (July 2016 - 2019),https://ldr.senate.gov.ph/bills/senate-bill-no-1330-17th-congress-republic,PHILIPPINE FILM AND TELEVISION TOURISM ACT,"AN ACT ESTABLISHING A FRAMEWORK FOR FILM AND TELEVISION TOURISM IN THE PHILIPPINES, MARKETING THE INDUSTRY GLOBALLY AND PROVIDING EMPLOYMENT FOR THE SECTOR AND FOR OTHER PURPOSES","ANGARA, SONNY","February 14, 2017",NATIONAL,PHILIPPINE FILM AND TELEVISION TOURISM,PUBLIC INFORMATION AND MASS MEDIA,PENDING IN THE COMMITTEE
Senate Bill No. 1615,17th Congress (July 2016 - 2019),https://ldr.senate.gov.ph/bills/senate-bill-no-1615-17th-congress-republic,SPORTS VARSITY TEAMS IN BASIC EDUCATION ACT OF 2017,AN ACT INSTITUTIONALIZING SPORTS VARSITY TEAMS IN ELEMENTARY AND SECONDARY SCHOOLS AND FOR OTHER PURPOSES,"VILLANUEVA, JOEL","November 20, 2017",NATIONAL,SPORTS VARSITY TEAMS BASIC EDUCATION PROGRAM PHYSICAL EDUCATION (P.E.),"EDUCATION, ARTS AND CULTURE",PENDING IN THE COMMITTEE
Senate Bill No. 1372,17th Congress (July 2016 - 2019),https://ldr.senate.gov.ph/bills/senate-bill-no-1372-17th-congress-republic,PETROLEUM EXPLORATION AND DEVELOPMENT ACT OF 2017,AN ACT TO PROMOTE THE DISCOVERY AND PRODUCTION OF INDIGENOUS PETROLEUM AND FOR OTHER PURPOSES,"BINAY, MARIA LOURDES NANCY S.","July 3, 2017",NATIONAL,PETROLEUM EXPLORATION/DEVELOPMENT,ENERGY,PENDING IN THE COMMITTEE
Senate Bill No. 1436,17th Congress (July 2016 - 2019),https://ldr.senate.gov.ph/bills/senate-bill-no-1436-17th-congress-republic,"COMPULSORY RETIREMENT AGE FOR OFFICERS AND ENLISTED MEN OF THE AFP, PNP, BFP AND COAST GUARD","AN ACT ADJUSTING THE COMPULSORY RETIREMENT AGE FOR OFFICERS AND ENLISTED MEN OF THE ARMED FORCES OF THE PHILIPPINES, MEMBERS OF THE PHILIPPINE NATIONAL POLICE, BUREAU OF FIRE PROTECTION AND THE BUREAU OF JAIL MANAGEMENT AND PENOLOGY, AND OFFICERS AND NON-OFFICERS OF THE PHILIPPINE COAST GUARD, TO SIXTY, AMENDING FOR THE PURPOSE SECTION 39 OF REPUBLIC ACT NO. 6975, OTHERWISE KNOWN AS THE 'DEPARTMENT OF THE INTERIOR AND LOCAL GOVERNMENT ACT OF 1990'; SECTION 5 OF PRESIDENTIAL DECREE NO. 1638 ENTITLED 'ESTABLISHING A NEW SYSTEM OF RETIREMENT AND SEPARATION FOR MILITARY PERSONNEL OF THE ARMED FORCES OF THE PHILIPPINES AND FOR OTHER PURPOSES', AS AMENDED; AND SECTION 17 OF REPUBLIC ACT NO. 9993, OTHERWISE KNOWN AS THE PHILIPPINES COAST GUARD LAW OF 2009","CAYETANO, ALAN PETER S.","April 5, 2017",NATIONAL,RETIREMENT AGE ARMED FORCES OF THE PHILIPPINES (AFP) BUREAU OF FIRE PROTECTION BUREAU OF JAIL MANAGEMENT AND PENOLOGY PHILIPPINE COAST GUARD PHILIPPINE NATIONAL POLICE (PNP) DEPARTMENT OF THE INTERIOR AND LOCAL GOVERNMENT (DILG),NATIONAL DEFENSE AND SECURITY,PENDING IN THE COMMITTEE
Senate Bill No. 1627,17th Congress (July 2016 - 2019),https://ldr.senate.gov.ph/bills/senate-bill-no-1627-17th-congress-republic,LAKE LANAO DEVELOPMENT AUTHORITY ACT OF 2017,"AN ACT CREATING THE LAKE LANAO DEVELOPMENT AUTHORITY, DEFINING ITS POWERS, FUNCTIONS, AND DUTIES, AND FOR OTHER PURPOSES","GORDON, RICHARD J.","April 12, 2017",NATIONAL,LAKE LANAO DEVELOPMENT AUTHORITY,GOVERNMENT CORPORATIONS AND PUBLIC ENTERPRISES,PENDING IN THE COMMITTEE
Senate Bill No. 1383,17th Congress (July 2016 - 2019),https://ldr.senate.gov.ph/bills/senate-bill-no-1383-17th-congress-republic,EXEMPTING THE BUREAU OF CUSTOMS FROM THE COVERAGE OF R.A. NO. 6758 (SALARY STANDARDIZATION LAW),"AN ACT EXEMPTING THE BUREAU OF CUSTOMS FROM THE COVERAGE OF REPUBLIC ACT NO. 6758, OTHERWISE KNOWN AS THE SALARY STANDARDIZATION LAW, AS AMENDED, AND FOR OTHER PURPOSES","ANGARA, SONNY","September 3, 2017",NATIONAL,Bureau of Customs SALARY STANDARDIZATION,WAYS AND MEANS,PENDING IN THE COMMITTEE
Senate Bill No. 1447,17th Congress (July 2016 - 2019),https://ldr.senate.gov.ph/bills/senate-bill-no-1447-17th-congress-republic,CHILD SAFETY IN MOTOR VEHICLES ACT OF 2017,AN ACT PROVIDING FOR THE SPECIAL PROTECTION OF CHILD PASSENGERS IN MOTOR VEHICLES AND PROVIDING APPROPRIATIONS THEREOF,"EJERCITO, JOSEPH VICTOR G.","October 5, 2017",NATIONAL,Motor Vehicles CHILDREN/CHILD CARE,PUBLIC SERVICES,CONSOLIDATED/SUBSTITUTED IN THE COMMITTEE REPORT
Senate Bill No. 1521,17th Congress (July 2016 - 2019),https://ldr.senate.gov.ph/bills/senate-bill-no-1521-17th-congress-republic,ANTI-OVERLOADING ACT OF 2017,AN ACT INCREASING THE PENALTY FOR OVERLOADING OF PASSENGERS AND/OR FREIGHT OR CARGO IN COMMON CARRIERS BEYOND THE REGISTERED CARRYING CAPACITY,"PACQUIAO, EMMANUEL ""MANNY"" D.","July 26, 2017",NATIONAL,COMMON CARRIERS OVERLOADING PASSENGERS,PUBLIC SERVICES,CONSOLIDATED/SUBSTITUTED IN THE COMMITTEE REPORT
Senate Bill No. 1585,17th Congress (July 2016 - 2019),https://ldr.senate.gov.ph/bills/senate-bill-no-1585-17th-congress-republic,BODY CAMERA FOR LAW ENFORCEMENT PERSONNEL ACT OF 2017,"AN ACT MANDATING LAW ENFORCEMENT PERSONNEL TO WEAR A BODY CAMERA DURING LAW ENFORCEMENT AND SPECIAL POLICE OPEATIONS, PROVIDING FUNDS THEREFOR AND FOR OTHER PURPOSES","EJERCITO, JOSEPH VICTOR G.","September 13, 2017",NATIONAL,BODY AND DASHBOARD CAMERAS LAW ENFORCEMENT OFFICERS/LAW ENFORCEMENT AGENCY PHILIPPINE NATIONAL POLICE (PNP),PUBLIC ORDER AND DANGEROUS DRUGS,PENDING IN THE COMMITTEE
Senate Bill No. 1309,17th Congress (July 2016 - 2019),https://ldr.senate.gov.ph/bills/senate-bill-no-1309-17th-congress-republic,AMENDING R.A. NO. 10068 (ORGANIC AGRICULTURE ACT OF 2010),"AN ACT STRENGTHENING SUSTAINABLE AGRICULTURE AND ENHANCING SUPPORT FOR SMALL ORGANIC FARMERS, AMENDING FOR THE PURPOSE CERTAIN SECTIONS OF REPUBLIC ACT NO. 10068 OR THE ORGANIC AGRICULTURE ACT OF 2010","POE, GRACE","January 31, 2017",NATIONAL,ORGANIC AGRICULTURE/ORGANIC FARMING FARMERS,AGRICULTURE AND FOOD,CONSOLIDATED/SUBSTITUTED IN THE COMMITTEE REPORT
Senate Bill No. 1415,17th Congress (July 2016 - 2019),https://ldr.senate.gov.ph/bills/senate-bill-no-1415-17th-congress-republic,WHISTLEBLOWER PROTECTION ACT OF 2017,"AN ACT PROVIDING FOR THE PROTECTION, SECURITY, AND BENEFITS OF WHISTLEBLOWERS, APPROPRIATING FUNDS THEREFOR, AND FOR OTHER PURPOSES","GORDON, RICHARD J.","February 5, 2017",NATIONAL,WHISTLEBLOWERS,JUSTICE AND HUMAN RIGHTS,PENDING IN THE COMMITTEE
Senate Bill No. 1479,17th Congress (July 2016 - 2019),https://ldr.senate.gov.ph/bills/senate-bill-no-1479-17th-congress-republic,CADAVER HANDLING ACT OF 2017,"AN ACT DEFINING THE CRIME OF CADAVER DESECRATION, PROVIDING PENALTIES THEREFOR AND FOR OTHER PURPOSES","DE LIMA, LEILA M.","May 30, 2017",NATIONAL,CADAVERS/DECEASED PERSONS,JUSTICE AND HUMAN RIGHTS,PENDING IN THE COMMITTEE
Senate Bill No. 1489,17th Congress (July 2016 - 2019),https://ldr.senate.gov.ph/bills/senate-bill-no-1489-17th-congress-republic,CONSUMER ACT OF 2017,"AN ACT GRANTING BROADER PROTECTION FOR CONSUMERS, AMENDING FOR THE PURPOSE REPUBLIC ACT NO. 7394, OTHERWISE KNOWN AS THE CONSUMER ACT OF THE PHILIPPINES","GATCHALIAN, WIN","June 13, 2017",NATIONAL,CONSUMER ACT (R.A.NO. 7394),"TRADE, COMMERCE AND ENTREPRENEURSHIP",PENDING IN THE COMMITTEE
Senate Bill No. 1553,17th Congress (July 2016 - 2019),https://ldr.senate.gov.ph/bills/senate-bill-no-1553-17th-congress-republic,DEPARTMENT OF DISASTER AND EMERGENCY MANAGEMENT ACT OF 2017,"AN ACT CREATING THE DEPARTMENT OF DISASTER AND EMERGENCY MANAGEMENT, DEFINING ITS POWERS AND FUNCTIONS, APPROPRIATING FUNDS THEREFOR, AND FOR OTHER PURPOSES","EJERCITO, JOSEPH VICTOR G.","August 15, 2017",NATIONAL,DEPARTMENT OF DISASTER RESILIENCE,NATIONAL DEFENSE AND SECURITY,PENDING IN THE COMMITTEE
Senate Bill No. 1341,17th Congress (July 2016 - 2019),https://ldr.senate.gov.ph/bills/senate-bill-no-1341-17th-congress-republic,COOPERATIVE DEVELOPMENT COMMISSION CHARTER ACT,"AN ACT CREATING THE COOPERATIVE DEVELOPMENT COMMISSION, REPEALING FOR THE PURPOSE REPUBLIC ACT NO. 6939, APPROPRIATING FUNDS THEREFOR, AND FOR OTHER PURPOSES","Paolo Benigno ""Bam"" Aquino IV","February 21, 2017",NATIONAL,COOPERATIVES COOPERATIVE DEVELOPMENT AUTHORITY,COOPERATIVES,CONSOLIDATED/SUBSTITUTED IN THE COMMITTEE REPORT
Senate Bill No. 1564,17th Congress (July 2016 - 2019),https://ldr.senate.gov.ph/bills/senate-bill-no-1564-17th-congress-republic,BODY CAMERA ACT,"AN ACT MANDATING LAW ENFORCEMENT PERSONNEL TO WEAR A BODY CAMERA DURING LAW ENFORCEMENT AND SPECIAL POLICE OPERATIONS, PROVIDING GUIDELINES FOR THE USE OF BODY CAMERA AND VIDEO FOOTAGE RETENTION, AND PENALIZING NON-COMPLIANCE WITH RECORDING AND RETENTION REQUIREMENTS","PANGILINAN, FRANCIS ""KIKO"" N.","August 23, 2017",NATIONAL,BODY AND DASHBOARD CAMERAS LAW ENFORCEMENT OFFICERS/LAW ENFORCEMENT AGENCY PHILIPPINE NATIONAL POLICE (PNP),PUBLIC ORDER AND DANGEROUS DRUGS,PENDING IN THE COMMITTEE
Senate Bill No. 1357,17th Congress (July 2016 - 2019),https://ldr.senate.gov.ph/bills/senate-bill-no-1357-17th-congress-republic,AMENDING SEC. 272 OF R.A. NO. 7160 (LOCAL GOVERNMENT CODE OF 1991),"AN ACT EXPANDING THE PURPOSES AND APPLICATION OF THE SPECIAL EDUCATION FUND (SEF) AMENDING FOR THE PURPOSE SECTION 272 OF REPUBLIC ACT NO. 7160, OTHERWISE KNOWN AS THE LOCAL GOVERNMENT CODE OF 1991, AND FOR OTHER PURPOSES","EJERCITO, JOSEPH VICTOR G.","February 27, 2017",NATIONAL,SPECIAL EDUCATION FUND LOCAL GOVERNMENT CODE (R.A. NO. 7160),LOCAL GOVERNMENT,PENDING IN THE COMMITTEE
Senate Bill No. 1393,17th Congress (July 2016 - 2019),https://ldr.senate.gov.ph/bills/senate-bill-no-1393-17th-congress-republic,"ON-SITE, IN-CITY OR NEAR-CITY RESETTLEMENT PROGRAM ACT","AN ACT ESTABLISHING ON-SITE, IN-CITY, OR NEAR-CITY STRATEGY FOR INFORMAL SETTLERS FAMILIES IN CONSIDERATION WITH A PEOPLE'S PLAN AND MANDATING LOCAL GOVERNMENT UNITS TO PROVIDE OTHER BASIC SERVICES AND LIVELIHOOD COMPONENTS IN RESETTLEMENT SITES, AMENDING FOR THE PURPOSE REPUBLIC ACT NO. 7279, AS AMENDED, OTHERWISE KNOWN AS THE URBAN DEVELOPMENT AND HOUSING ACT OF 1992","EJERCITO, JOSEPH VICTOR G.","March 14, 2017",NATIONAL,URBAN DEVELOPMENT AND HOUSING ACT (R.A. NO. 7279) LOCAL GOVERNMENT UNITS (LGUs) SQUATTERS/SQUATTING/INFORMAL SETTLERS RESETTLEMENT PROGRAM,"URBAN PLANNING, HOUSING AND RESETTLEMENT","PENDING SECOND READING, SPECIAL ORDER"
Senate Bill No. 1456,17th Congress (July 2016 - 2019),https://ldr.senate.gov.ph/bills/senate-bill-no-1456-17th-congress-republic,PHILIPPINE QUALIFICATION FRAMEWORK (PQF) ACT OF 2017,AN ACT INSTITUTIONALIZING THE PHILIPPINE QUALIFICATIONS FRAMEWORK (PQF) AND ESTABLISHING THE PQF-NATIONAL COORDINATING COUNCIL,"VILLANUEVA, JOEL","May 16, 2017",NATIONAL,Philippine Qualifications Framework (PQF),"EDUCATION, ARTS AND CULTURE",CONSOLIDATED WITH APPROVED BILL
Senate Bill No. 1532,17th Congress (July 2016 - 2019),https://ldr.senate.gov.ph/bills/senate-bill-no-1532-17th-congress-republic,INNOVATIVE STARTUP ACT,"AN ACT PROVIDING BENEFITS AND PROGRAMS TO STRENGTHEN, PROMOTE, AND DEVELOP THE PHILIPPINE STARTUP ECOSYSTEM","Paolo Benigno ""Bam"" Aquino IV","July 31, 2017",NATIONAL,INNOVATIONS/INNOVATIVE TECHNOLOGY STARTUP ECOSYSTEM,SCIENCE AND TECHNOLOGY,APPROVED BY THE PRESIDENT OF THE PHILIPPINES
Senate Bill No. 1596,17th Congress (July 2016 - 2019),https://ldr.senate.gov.ph/bills/senate-bill-no-1596-17th-congress-republic,YOLANDA COMMEMORATION DAY,AN ACT DECLARING NOVEMBER 8 OF EVERY YEAR A SPECIAL NONWORKING PUBLIC HOLIDAY IN THE EASTERN VISAYAS REGION TO BE KNOWN AS THE YOLANDA COMMEMORATION DAY,"ANGARA, SONNY","September 27, 2017",NATIONAL,HOLIDAYS (SPECIAL NON-WORKING),LOCAL GOVERNMENT,CONSOLIDATED/SUBSTITUTED IN THE COMMITTEE REPORT
Senate Bill No. 1320,17th Congress (July 2016 - 2019),https://ldr.senate.gov.ph/bills/senate-bill-no-1320-17th-congress-republic,PALLIATIVE AND HOSPICE CARE ACT,"AN ACT INTEGRATING PALLIATIVE AND HOSPICE CARE INTO THE PHILIPPINE HEALTH CARE SYSTEM, APPROPRIATING FUNDS THEREFORE, AND FOR OTHER PURPOSES","PIMENTEL, AQUILINO ""KOKO"" III","September 2, 2017",NATIONAL,PALLIATIVE CARE,HEALTH AND DEMOGRAPHY,PENDING IN THE COMMITTEE
Senate Bill No. 1425,17th Congress (July 2016 - 2019),https://ldr.senate.gov.ph/bills/senate-bill-no-1425-17th-congress-republic,REGULATION ON EMPLOYMENT OF FOREIGN NATIONALS,"AN ACT TO ENHANCE THE REGULATION ON EMPLOYMENT OF FOREIGN NATIONALS AND TRANSFER OF TECHNOLOGY, AMENDING FOR THE PURPOSE ARTICLES 40, 41 AND 42, TITLE II, BOOK I OF PRESIDENTIAL DECREE NO. 442, AS AMENDED ON THE LABOR CODE OF THE PHILIPPINES.","VILLANUEVA, JOEL","February 5, 2017",NATIONAL,LABOR CODE OF THE PHILIPPINES (P.D. NO. 442) FOREIGNERS/ALIEN,"LABOR, EMPLOYMENT AND HUMAN RESOURCES DEVELOPMENT",PENDING IN THE COMMITTEE
Senate Bill No. 1500,17th Congress (July 2016 - 2019),https://ldr.senate.gov.ph/bills/senate-bill-no-1500-17th-congress-republic,FILIPINO IDENTIFICATION SYSTEM ACT,"AN ACT ESTABLISHING THE FILIPINO IDENTIFICATION SYSTEM, PROVIDING FUNDS THEREFOR, AND FOR OTHER PURPOSES","ZUBIRI, JUAN MIGUEL ""MIGZ"" F.","July 18, 2017",NATIONAL,IDENTIFICATION SYSTEM,JUSTICE AND HUMAN RIGHTS,CONSOLIDATED/SUBSTITUTED IN THE COMMITTEE REPORT
Senate Bill No. 1511,17th Congress (July 2016 - 2019),https://ldr.senate.gov.ph/bills/senate-bill-no-1511-17th-congress-republic,CITIZENSHIP RETENTION AND RE-ACQUISITION ACT,"AN ACT AMENDING SECTION 5, PARAGRAPH 3 OF REPUBLIC ACT NO. 9225, OTHERWISE KNOWN AS THE CITIZENSHIP RETENTION AND RE-ACQUISITION ACT OF 2003","POE, GRACE","July 25, 2017",NATIONAL,CITIZENSHIP RETENTION (NATURAL BORN CITIZEN),JUSTICE AND HUMAN RIGHTS,PENDING IN THE COMMITTEE
Senate Bill No. 1575,17th Congress (July 2016 - 2019),https://ldr.senate.gov.ph/bills/senate-bill-no-1575-17th-congress-republic,INCREASING THE AGE FOR DETERMINING STATUTORY RAPE TO PROVIDE STRONGER PROTECTION FOR CHILDREN,"AN ACT INCREASING THE AGE FOR DETERMINING STATUTORY RAPE TO PROVIDE STRONGER PROTECTION FOR CHILDREN, AND AMENDING FOR THIS PURPOSE ACT NO. 3815, AS AMENDED, ALSO KNOWN AS THE REVISED PENAL CODE","GATCHALIAN, WIN","August 30, 2017",NATIONAL,rape REVISED PENAL CODE (R.A. NO. 3815),JUSTICE AND HUMAN RIGHTS,PENDING IN THE COMMITTEE
Senate Bill No. 1299,17th Congress (July 2016 - 2019),https://ldr.senate.gov.ph/bills/senate-bill-no-1299-17th-congress-republic,SERVICE CHARGES IN HOTELS AND ESTABLISHMENTS DISTRIBUTION ACT,AN ACT PROVIDING THAT 100% OF THE SERVICE CHARGE COLLECTED IN HOTELS AND OTHER ESTABLISHMENTS BE DISTRIBUTED TO ALL COVERED EMPLOYEES AND FOR OTHER PURPOSES,"VILLANUEVA, JOEL","January 19, 2017",NATIONAL,SERVICE CHARGE HOTELS/RESTAURANTS EMPLOYEES,"LABOR, EMPLOYMENT AND HUMAN RESOURCES DEVELOPMENT",APPROVED BY THE PRESIDENT OF THE PHILIPPINES
Senate Bill No. 1365,17th Congress (July 2016 - 2019),https://ldr.senate.gov.ph/bills/senate-bill-no-1365-17th-congress-republic,PHILIPPINE PASSPORT ACT,"AN ACT EXTENDING THE VALIDITY OF PHILIPPINE PASSPORTS, AMENDING FOR THE PURPOSE SECTION 10 OF REPUBLIC ACT NO. 8239, OTHERWISE KNOWN AS THE 'PHILIPPINE PASSPORT ACT OF 1996', AND FOR OTHER PURPOSES","GORDON, RICHARD J.","July 3, 2017",NATIONAL,PASSPORT (R.A.NO. 8239),FOREIGN RELATIONS,APPROVED BY THE PRESIDENT OF THE PHILIPPINES
Senate Bill No. 1323,17th Congress (July 2016 - 2019),https://ldr.senate.gov.ph/bills/senate-bill-no-1323-17th-congress-republic,FIRST PHILIPPINE REPUBLIC DAY,"AN ACT DECLARING THE TWENTY THIRD DAY OF JANUARY OF EVERY YEAR AS A SPECIAL WORKING HOLIDAY IN THE ENTIRE PHILIPPINES, TO COMMEMORATE THE DECLARATION OF THE FIRST PHILIPPINE REPUBLIC ON JANUARY 23, 1899 AT THE BARASOAIN CHURCH, MALOLOS, BULACAN,APPROPRIATING FUNDS THEREFOR, AND FOR OTHER PURPOSES","PIMENTEL, AQUILINO ""KOKO"" III","September 2, 2017",NATIONAL,HOLIDAYS (SPECIAL WORKING),"EDUCATION, ARTS AND CULTURE",CONSOLIDATED/SUBSTITUTED IN THE COMMITTEE REPORT
Senate Bill No. 1516,17th Congress (July 2016 - 2019),https://ldr.senate.gov.ph/bills/senate-bill-no-1516-17th-congress-republic,AMENDING R.A. NO. 9184 (GOVERNMENT PROCUREMENT REFORM ACT),"AN ACT AMENDING SECTION 53 (B) OF REPUBLIC ACT NO. 9184, OTHERWISE KNOWN AS 'AN ACT PROVIDING FOR THE MODERNIZATION, STANDARDIZATION AND REGULATION OF THE PROCUREMENT ACTIVITIES OF THE GOVERNMENT AND FOR OTHER PURPOSES","PACQUIAO, EMMANUEL ""MANNY"" D.","July 26, 2017",NATIONAL,Government procurement,FINANCE,PENDING IN THE COMMITTEE
Senate Bill No. 1580,17th Congress (July 2016 - 2019),https://ldr.senate.gov.ph/bills/senate-bill-no-1580-17th-congress-republic,"PHILIPPINE CARABAO CENTER (CITY OF LIGAO, ALBAY)","AN ACT CREATING A CARABAO CENTER IN THE CITY OF LIGAO IN THE PROVINCE OF ALBAY, AMENDING FOR THE PURPOSE REPUBLIC ACT NO. 7307 ENTITLED ' AN ACT CREATING THE PHILIPPINE CARABAO CENTER TO PROPAGATE AND PROMOTE THE PHILIPPINE CARABAO AND FOR OTHER PURPOSES'","ZUBIRI, JUAN MIGUEL ""MIGZ"" F.","June 9, 2017",NATIONAL,PHILIPPINE CARABAO CENTER,AGRICULTURE AND FOOD,PENDING IN THE COMMITTEE
Senate Bill No. 1334,17th Congress (July 2016 - 2019),https://ldr.senate.gov.ph/bills/senate-bill-no-1334-17th-congress-republic,COLLECTIVE INVESTMENT SCHEMES LAW,COLLECTIVE INVESTMENT SCHEMES LAW,"ANGARA, SONNY","February 14, 2017",NATIONAL,INVESTMENT SCHEMES,"BANKS, FINANCIAL INSTITUTIONS AND CURRENCIES",PENDING IN THE COMMITTEE
Senate Bill No. 1411,17th Congress (July 2016 - 2019),https://ldr.senate.gov.ph/bills/senate-bill-no-1411-17th-congress-republic,BENHAM RISE DEVELOPMENT COMMISSION (BRDC),"AN ACT CREATING THE BENHAM RISE DEVELOPMENT COMMISSION (BRDC), DEFINING ITS POWERS AND FUNCTIONS, PROVIDING FUNDS THEREFOR AND FOR OTHER PURPOSES",Antonio F. Trillanes IV,"March 27, 2017",NATIONAL,BENHAM RISE,ECONOMIC AFFAIRS,CONSOLIDATED/SUBSTITUTED IN THE COMMITTEE REPORT
Senate Bill No. 1474,17th Congress (July 2016 - 2019),https://ldr.senate.gov.ph/bills/senate-bill-no-1474-17th-congress-republic,SPECIAL PROTECTION OF CHILDREN IN SITUATIONS OF ARMED CONFLICT ACT,AN ACT PROVIDING FOR THE SPECIAL PROTECTION OF CHILDREN IN SITUATIONS OF ARMED CONFLICT AND PROVIDING PENALTIES FOR VIOLATION THEREOF,"SOTTO III, VICENTE C.","May 29, 2017",NATIONAL,armed conflict CHILDREN/CHILD CARE,"WOMEN, CHILDREN, FAMILY RELATIONS AND GENDER EQUALITY",CONSOLIDATED/SUBSTITUTED IN THE COMMITTEE REPORT
Senate Bill No. 1548,17th Congress (July 2016 - 2019),https://ldr.senate.gov.ph/bills/senate-bill-no-1548-17th-congress-republic,SCIENCE FOR CHANGE PROGRAM (SCP) ACT OF 2017,AN ACT ESTABLISHING THE SCIENCE FOR CHANGE PROGRAM,"LACSON, PANFILO M.","August 14, 2017",NATIONAL,SCIENCE AND TECHNOLOGY,SCIENCE AND TECHNOLOGY,PENDING IN THE COMMITTEE
Senate Bill No. 1302,17th Congress (July 2016 - 2019),https://ldr.senate.gov.ph/bills/senate-bill-no-1302-17th-congress-republic,"EXTENDING FOR TWENTY-FIVE (25) YEARS THE FRANCHISE OF SMART COMMUNICATIONS, INC","AN ACT EXTENDING FOR TWENTY-FIVE (25) YEARS THE FRANCHISE GRANTED TO SMART COMMUNICATIONS, INC. (FORMERLY SMART INFORMATION TECHNOLOGIES, INC.) AMENDING FOR THE PURPOSE REPUBLIC ACT NO. 7294 ENTITLED AN ACT GRANTING SMART INFORMATION TECHNOLOGIES, INC. (SMART) A FRANCHISE TO ESTABLISH, INSTALL, MAINTAIN, LEASE AND OPERATE INTEGRATED TELECOMMUNICATIONS/COMPUTER/ELECTRONIC SERVICES AND STATIONS THROUGHOUT THE PHILIPPINES FOR PUBLIC DOMESTIC AND INTERNATIONAL TELECOMMUNICATIONS, AND FOR OTHER PURPOSES","ZUBIRI, JUAN MIGUEL ""MIGZ"" F.","January 19, 2017",NATIONAL,FRANCHISE SALES/FRANCHISE BUSINESS,PUBLIC SERVICES,CONSOLIDATED/SUBSTITUTED IN THE COMMITTEE REPORT
Senate Bill No. 1622,17th Congress (July 2016 - 2019),https://ldr.senate.gov.ph/bills/senate-bill-no-1622-17th-congress-republic,PARKING SPACE FOR HANDICAPPED PERSONS ACT OF 2017,AN ACT MANDATING THE PROVISION OF EXCLUSIVE PARKING SPACE FOR HANDICAPPED PERSONS AND PENALIZING THE UNAUTHORIZED USE THEREOF,"DE LIMA, LEILA M.","November 27, 2017",NATIONAL,HANDICAPPED/DISABLED/DIFFERENTLY ABLED PERSONS WITH DISABILITIES (PWDS) PARKING SPACE,"SOCIAL JUSTICE, WELFARE AND RURAL DEVELOPMENT",PENDING IN THE COMMITTEE
Senate Bill No. 1378,17th Congress (July 2016 - 2019),https://ldr.senate.gov.ph/bills/senate-bill-no-1378-17th-congress-republic,REGULATING THE USE OF GOVERNMENT AMBULANCES,"AN ACT REGULATING THE USE OF GOVERNMENT AMBULANCES, PROVIDING PENALTIES THEREFOR AND FOR OTHER PURPOSES","EJERCITO, JOSEPH VICTOR G.","August 3, 2017",NATIONAL,GOVERNMENT AMBULANCES,HEALTH AND DEMOGRAPHY,PENDING IN THE COMMITTEE
Senate Bill No. 1442,17th Congress (July 2016 - 2019),https://ldr.senate.gov.ph/bills/senate-bill-no-1442-17th-congress-republic,AMENDING R.A. NO. 9497 (CIVIL AVIATION AUTHORITY ACT OF 2008),"AN ACT STRENGTHENING THE CIVIL AVIATION AUTHORITY OF THE PHILIPPINES, AMENDING FOR THE PURPOSE REPUBLIC ACT NO. 9497, OTHERWISE KNOWN AS CIVIL AVIATION AUTHORITY ACT OF 2008","POE, GRACE","September 5, 2017",NATIONAL,CIVIL AVIATION AUTHORITY AVIATION,PUBLIC SERVICES,PENDING IN THE COMMITTEE
Senate Bill No. 1453,17th Congress (July 2016 - 2019),https://ldr.senate.gov.ph/bills/senate-bill-no-1453-17th-congress-republic,AMENDING R.A. NO. 10071 (THE NATIONAL PROSECUTION SERVICE),"AN ACT TO FURTHER STRENGTHEN AND REORGANIZE THE NATIONAL PROSECUTION SERVICE, AMENDING FOR THE PURPOSE REPUBLIC ACT NO. 10071, AND APPROPRIATING FUNDS THEREFOR","LEGARDA, LOREN B.","May 15, 2017",NATIONAL,NATIONAL PROSECUTION SERVICE,JUSTICE AND HUMAN RIGHTS,PENDING IN THE COMMITTEE
Senate Bill No. 1526,17th Congress (July 2016 - 2019),https://ldr.senate.gov.ph/bills/senate-bill-no-1526-17th-congress-republic,AMENDING SECTIONS 74 AND 75 OF R.A. NO. 7160 (LOCAL GOVERNMENT CODE OF 1991),"AN ACT AMENDING SECTIONS 74 AND 75 OF REPUBLIC ACT NO. 7160, ALSO KNOWN AS THE LOCAL GOVERNMENT CODE OF 1991","PACQUIAO, EMMANUEL ""MANNY"" D.","July 27, 2017",NATIONAL,"LOCAL GOVERNMENT CODE (R.A. NO. 7160) LOCAL EXECUTIVES/LOCAL LEADERS (MAYOR, VICE-MAYOR, GOVERNOR, ETC.) ELECTIONS/ELECTORAL REFORMS",LOCAL GOVERNMENT,PENDING IN THE COMMITTEE
Senate Bill No. 1591,17th Congress (July 2016 - 2019),https://ldr.senate.gov.ph/bills/senate-bill-no-1591-17th-congress-republic,ANTI-HAZING ACT OF 2017,"AN ACT PROHIBITING HAZING AND REGULATING OTHER FORMS OF INITIATION RITES OF FRATERNITIES, SORORITIES, AND OTHER ORGANIZATIONS, AND PROVIDING PENALTIES FOR VIOLATION THEREOF, REPEALING FOR THE PURPOSE REPUBLIC ACT NO. 8049","ZUBIRI, JUAN MIGUEL ""MIGZ"" F.","September 19, 2017",NATIONAL,Hazing,PUBLIC ORDER AND DANGEROUS DRUGS,CONSOLIDATED/SUBSTITUTED IN THE COMMITTEE REPORT
Senate Bill No. 1347,17th Congress (July 2016 - 2019),https://ldr.senate.gov.ph/bills/senate-bill-no-1347-17th-congress-republic,HAZARD PAY FOR JUSTICE SECTOR OFFICIALS ACT,AN ACT GRANTING HAZARD PAY TO JUSTICE SECTOR OFFICIALS AND APPROPRIATING FUNDS THEREFOR,"DE LIMA, LEILA M.","February 22, 2017",NATIONAL,HAZARD PAY Judges PROSECUTOR PUBLIC ATTORNEYS OFFICE (PAO),JUSTICE AND HUMAN RIGHTS,PENDING IN THE COMMITTEE
Senate Bill No. 1421,17th Congress (July 2016 - 2019),https://ldr.senate.gov.ph/bills/senate-bill-no-1421-17th-congress-republic,DEPARTMENT OF OVERSEAS FILIPINO WORKERS (OFW) ACT OF 2017,"AN ACT CREATING THE DEPARTMENT OF OVERSEAS FILIPINO WORKERS, DEFINING ITS POWERS AND FUNCTIONS, APPROPRIATING FUNDS THEREFOR, AND FOR OTHER PURPOSES",Ralph G. Recto,"February 5, 2017",NATIONAL,DEPARTMENT OF OVERSEAS FILIPINO WORKERS (DOFW) OVERSEAS FILIPINO WORKERS (OFW),"LABOR, EMPLOYMENT AND HUMAN RESOURCES DEVELOPMENT",PENDING IN THE COMMITTEE
Senate Bill No. 1486,17th Congress (July 2016 - 2019),https://ldr.senate.gov.ph/bills/senate-bill-no-1486-17th-congress-republic,AMENDING R.A. NO. 8552 (DOMESTIC ADOPTION ACT OF 1998),"AN ACT IMPROVING THE STATUS OF ADOPTED CHILDREN AMENDING FOR THIS PURPOSE REPUBLIC ACT NO. 8552, OTHERWISE KNOWN AS THE DOMESTIC ADOPTION ACT OF 1998, AND FOR OTHER PURPOSES","BINAY, MARIA LOURDES NANCY S.","May 30, 2017",NATIONAL,DOMESTIC ADOPTION ACT OF 1998 (R.A.NO. 8552) ADOPTION,"WOMEN, CHILDREN, FAMILY RELATIONS AND GENDER EQUALITY",PENDING IN THE COMMITTEE
Senate Bill No. 1495,17th Congress (July 2016 - 2019),https://ldr.senate.gov.ph/bills/senate-bill-no-1495-17th-congress-republic,SECRECY OF BANK DEPOSITS LAW,"AN ACT REPEALING REPUBLIC ACT NO. 1405, AS AMENDED, OTHERWISE KNOWN AS THE SECRECY OF BANK DEPOSITS LAW","Paolo Benigno ""Bam"" Aquino IV","June 27, 2017",NATIONAL,BANK DEPOSITS/BANK ACCOUNTS SECRECY OF BANK DEPOSITS LAW (R.A.NO. 1405),"BANKS, FINANCIAL INSTITUTIONS AND CURRENCIES",CONSOLIDATED/SUBSTITUTED IN THE COMMITTEE REPORT
Senate Bill No. 1559,17th Congress (July 2016 - 2019),https://ldr.senate.gov.ph/bills/senate-bill-no-1559-17th-congress-republic,HAZARD PAY TO GOVERNMENT EMPLOYEES,AN ACT GRANTING HAZARD PAY TO COVERED EMPLOYEES OF THE GOVERNMENT AND APPROPRIATING FUNDS THEREFOR,"TRILLANES, ANTONIO ""SONNY"" F.","August 17, 2017",NATIONAL,HAZARD PAY GOVERNMENT EMPLOYEES,"CIVIL SERVICE, GOVERNMENT REORGANIZATION AND PROFESSIONAL REGULATION","PENDING SECOND READING, SPECIAL ORDER"
Senate Bill No. 1313,17th Congress (July 2016 - 2019),https://ldr.senate.gov.ph/bills/senate-bill-no-1313-17th-congress-republic,PUBLIC HEALTH INTERVENTION FOR DRUG USE ACT OF 2017,"AN ACT MAINSTREAMING THE PUBLIC HEALTH APPROACH TO PHILIPPINE DRUG POLICY, ESTABLISHING AND IMPLEMENTING COMMUNITY-BASED PROGRAMS AND STRATEGIES FOR DRUG-RELATED ISSUES AND CONCERNS, AND PROHIBITING HARMFUL AND DISCRIMINATORY INTERVENTIONS AND PRACTICES, APPROPRIATING FUNDS THEREFOR, AND FOR OTHER PURPOSES","HONTIVEROS, RISA","June 2, 2017",NATIONAL,PUBLIC HEALTH INTERVENTION FOR DRUG USE DRUG ADDICT ILLEGAL DRUGS,HEALTH AND DEMOGRAPHY,PENDING IN THE COMMITTEE
Senate Bill No. 1633,17th Congress (July 2016 - 2019),https://ldr.senate.gov.ph/bills/senate-bill-no-1633-17th-congress-republic,ENVIRONMENTAL IMPACT STATEMENT SYSTEM LAW,AN ACT AMENDING SECTION 9 OF PRESIDENTIAL DECREE 1586 BY INCREASING THE PENALTIES THEREOF AND FOR OTHER PURPOSES,"GORDON, RICHARD J.","December 12, 2017",NATIONAL,ENVIRONMENTAL PROTECTION,ACCOUNTABILITY OF PUBLIC OFFICERS AND INVESTIGATIONS,"PENDING SECOND READING, SPECIAL ORDER"
Senate Bill No. 1389,17th Congress (July 2016 - 2019),https://ldr.senate.gov.ph/bills/senate-bill-no-1389-17th-congress-republic,BLEEDING DISORDER STANDARDS OF CARE ACT OF 2017,"AN ACT PROVIDING A STANDARD OF CARE FOR THE TREATMENT OF PERSONS WITH BLEEDING DISORDERS, ESTABLISHING TREATMENT CENTERS AND APPROPRIATING FUNDS THEREFOR","EJERCITO, JOSEPH VICTOR G.","March 13, 2017",NATIONAL,BLEEDING DISORDER HEMOPHILIA,HEALTH AND DEMOGRAPHY,PENDING IN THE COMMITTEE
Senate Bill No. 1401,17th Congress (July 2016 - 2019),https://ldr.senate.gov.ph/bills/senate-bill-no-1401-17th-congress-republic,SAVING YOUNG SUBSTANCE ABUSERS ACT,AN ACT PROVIDING FOR THE PREVENTION AND TREATMENT OF DRUG AND ALCOHOL ABUSE AMONG HIGH RISK YOUTH,"EJERCITO, JOSEPH VICTOR G.","March 16, 2017",NATIONAL,DRUG PREVENTION ALCOHOL ABUSE YOUTH,HEALTH AND DEMOGRAPHY,PENDING IN THE COMMITTEE
Senate Bill No. 1464,17th Congress (July 2016 - 2019),https://ldr.senate.gov.ph/bills/senate-bill-no-1464-17th-congress-republic,AGRICULTURAL LAND CONVERSION BAN ACT OF 2017,"AN ACT PROHIBITING THE CONVERSION OF IRRIGATED AND IRRIGABLE AGRICULTURAL LANDS FOR NON-AGRICULTURAL USES, AMENDING FOR THE PURPOSE SECTION 20 OF REPUBLIC ACT NO. 7160, OTHERWISE KNOWN AS THE LOCAL GOVERNMENT CODE OF 1991",Ralph G. Recto,"May 22, 2017",NATIONAL,AGRICULTURAL LAND CONVERSION LOCAL GOVERNMENT CODE (R.A. NO. 7160),LOCAL GOVERNMENT,PENDING IN THE COMMITTEE
Senate Bill No. 1538,17th Congress (July 2016 - 2019),https://ldr.senate.gov.ph/bills/senate-bill-no-1538-17th-congress-republic,VAPORIZED NICOTINE PRODUCTS REGULATION ACT,AN ACT REGULATING VAPORIZED NICOTINE PRODUCTS,"SOTTO III, VICENTE C.","February 8, 2017",NATIONAL,VAPORIZED NICOTINE PRODUCTS CIGARS/CIGARETTES,HEALTH AND DEMOGRAPHY,PENDING IN THE COMMITTEE
Senate Bill No. 1602,17th Congress (July 2016 - 2019),https://ldr.senate.gov.ph/bills/senate-bill-no-1602-17th-congress-republic,PHILIPPINE CITIZENSHIP TO KWOK HING CARLOS YEUNG,AN ACT GRANTING PHILIPPINE CITIZENSHIP TO KWOK HING CARLOS YEUNG,"ZUBIRI, JUAN MIGUEL ""MIGZ"" F.","November 10, 2017",NATIONAL,CITIZENSHIP,JUSTICE AND HUMAN RIGHTS,CONSOLIDATED/SUBSTITUTED IN THE COMMITTEE REPORT
Senate Bill No. 1292,17th Congress (July 2016 - 2019),https://ldr.senate.gov.ph/bills/senate-bill-no-1292-17th-congress-republic,PHILIPPINE SPORTS ACADEMY ACT OF 2017,"AN ACT CREATING THE PHILIPPINE SPORTS ACADEMY AS AN ATTACHED AGENCY OF THE PHILIPPINE SPORTS COMMISSION, PROVIDING ITS STRUCTURE, POWERS AND FUNCTIONS THEREOF, AND FOR OTHER PURPOSES","ZUBIRI, JUAN MIGUEL ""MIGZ"" F.","November 1, 2017",NATIONAL,PHILIPPINE SPORTS ACADEMY Philippine Sports Commission (PSC),SPORTS,PENDING IN THE COMMITTEE
Senate Bill No. 1355,17th Congress (July 2016 - 2019),https://ldr.senate.gov.ph/bills/senate-bill-no-1355-17th-congress-republic,PHILIPPINE INNOVATION ACT,"AN ACT ADOPTING INNOVATION AS VITAL COMPONENT OF THE COUNTRY'S DEVELOPMENT POLICIES TO DRIVE INCLUSIVE DEVELOPMENT, PROMOTE THE GROWTH AND NATIONAL COMPETITIVENESS OF MICRO, SMALL AND MEDIUM ENTERPRISES, APPROPRIATING FUNDS THEREFOR, AND FOR OTHER PURPOSES","LEGARDA, LOREN B.","February 27, 2017",NATIONAL,"INNOVATIONS/INNOVATIVE TECHNOLOGY MICRO, SMALL AND MEDIUM ENTERPRISES",ECONOMIC AFFAIRS,APPROVED BY THE PRESIDENT OF THE PHILIPPINES
Senate Bill No. 1612,17th Congress (July 2016 - 2019),https://ldr.senate.gov.ph/bills/senate-bill-no-1612-17th-congress-republic,TRANSFER OF THE NEW BILIBID PRISON,"AN ACT TRANSFERRING THE NEW BILIBID PRISON FROM BARANGAY POBLACION, MUNTINLUPA CITY TO THE FORT MAGSAYSAY MILITARY RESERVATION, NUEVA ECIJA","GORDON, RICHARD J.","November 16, 2017",NATIONAL,NEW BILIBID PRISON,JUSTICE AND HUMAN RIGHTS,PENDING IN THE COMMITTEE
Senate Bill No. 1368,17th Congress (July 2016 - 2019),https://ldr.senate.gov.ph/bills/senate-bill-no-1368-17th-congress-republic,REAPPORTIONING THE LONE LEGISLATIVE DISTRICT AND SANGGUNIANG PANLUNSOD OF ILOILO CITY,AN ACT REAPPORTIONING THE LONE LEGISLATIVE DISTRICT AND THE SANGGUNIANG PANLUNGSOD OF THE CITY OF ILOILO,"LACSON, PANFILO M.","July 3, 2017",LOCAL,LEGISLATIVE DISTRICTS,LOCAL GOVERNMENT,PENDING IN THE COMMITTEE
Senate Bill No. 1432,17th Congress (July 2016 - 2019),https://ldr.senate.gov.ph/bills/senate-bill-no-1432-17th-congress-republic,SYNCHRONIZING THE OPENING OF ALL CLASSES IN ALL SCHOOLS IN THE PHILIPPINES,AN ACT SYNCHRONIZING THE OPENING OF ALL CLASSES IN ALL SCHOOLS IN THE PHILIPPINES,"ESCUDERO, FRANCIS G.","March 5, 2017",NATIONAL,SCHOOL CALENDAR,"EDUCATION, ARTS AND CULTURE",PENDING IN THE COMMITTEE
Senate Bill No. 1506,17th Congress (July 2016 - 2019),https://ldr.senate.gov.ph/bills/senate-bill-no-1506-17th-congress-republic,GABALDON SCHOOL BUILDINGS CONSERVATION ACT,"AN ACT MANDATING THE CONSERVATION OF GABALDON SCHOOL BUILDINGS NATIONWIDE, PROVIDING PENALTIES FOR VIOLATIONS, AND APPROPRIATING FUNDS THEREFOR","LEGARDA, LOREN B.","July 24, 2017",NATIONAL,GABALDON SCHOOL BUILDINGS SCHOOL BUILDING HERITAGE SITES/CULTURAL PROPERTY,"EDUCATION, ARTS AND CULTURE",CONSOLIDATED/SUBSTITUTED IN THE COMMITTEE REPORT
Senate Bill No. 1570,17th Congress (July 2016 - 2019),https://ldr.senate.gov.ph/bills/senate-bill-no-1570-17th-congress-republic,NATIONAL INTEGRATED CANCER CONTROL ACT,AN ACT INSTITUTIONALIZING NATIONAL INTEGRATED CANCER CONTROL AND APPROPRIATING FUNDS THEREFOR,"ANGARA, SONNY","August 29, 2017",NATIONAL,CANCER CARE CENTERS,HEALTH AND DEMOGRAPHY,CONSOLIDATED/SUBSTITUTED IN THE COMMITTEE REPORT
Senate Bill No. 1324,17th Congress (July 2016 - 2019),https://ldr.senate.gov.ph/bills/senate-bill-no-1324-17th-congress-republic,BALIK SCIENTIST ACT OF 2017,"AN ACT INSTITUTIONALIZING THE BALIK SCIENTIST PROGRAM, APPROPRIATING FUNDS THEREFOR, AND FOR OTHER PURPOSES","POE, GRACE","February 13, 2017",NATIONAL,BALIK SCIENTIST PROGRAM,SCIENCE AND TECHNOLOGY,CONSOLIDATED/SUBSTITUTED IN THE COMMITTEE REPORT
Senate Bill No. 1517,17th Congress (July 2016 - 2019),https://ldr.senate.gov.ph/bills/senate-bill-no-1517-17th-congress-republic,PHILIPPINE AMATEUR SPORTS TRAINING CENTER ACT,"AN ACT CREATING AND ESTABLISHING A STATE-OF THE-ART AND HIGHLY SCIENTIFIC SPORTS COMPLEX KNOWN AS THE 'PHILIPPINE AMATEUR SPORTS TRAINING CENTER', AND FUNDING FOR THE ACQUISITION OF PROPERTY, CONSTRUCTION OF FACILITIES, INCLUDING ITS ADMINISTRATION, MAINTENANCE, AND MANAGEMENT, AND FOR OTHER PURPOSES","PACQUIAO, EMMANUEL ""MANNY"" D.","July 26, 2017",NATIONAL,PHILIPPINE AMATEUR SPORTS TRAINING CENTER SPORTS COMPLEX/SPORTS CENTER/MULTI-PURPOSE SPORTS CENTER/SPORTS ACADEMY,SPORTS,CONSOLIDATED/SUBSTITUTED IN THE COMMITTEE REPORT
Senate Bill No. 1581,17th Congress (July 2016 - 2019),https://ldr.senate.gov.ph/bills/senate-bill-no-1581-17th-congress-republic,"LAND TRANSPORTATION OFFICE (LTO) IN THE CITY OF VALENCIA, BUKIDNON","AN ACT ESTABLISHING A LAND TRANSPORT OFFICE (LTO) IN THE CITY OF VALENCIA, PROVINCE OF BUKIDNON AND APPROPRIATING FUNDS THEREFOR","ZUBIRI, JUAN MIGUEL ""MIGZ"" F.","November 9, 2017",NATIONAL,LAND TRANSPORTATION OFFICE (LTO),PUBLIC SERVICES,CONSOLIDATED/SUBSTITUTED IN THE COMMITTEE REPORT
Senate Bill No. 1335,17th Congress (July 2016 - 2019),https://ldr.senate.gov.ph/bills/senate-bill-no-1335-17th-congress-republic,BLEEDING DISORDER STANDARDS OF CARE ACT OF 2017,"AN ACT PROVIDING A STANDARD OF CARE FOR THE TREATMENT OF PERSONS WITH BLEEDING DISORDERS, ESTABLISHING TREATMENT CENTERS AND APPROPRIATING FUNDS THEREFOR","VILLANUEVA, JOEL","February 16, 2017",NATIONAL,PERSONS WITH BLEEDING DISORDERS HEMOPHILIA VON WILLEBRAND DISEASE/BLEEDING DISORDER health care,HEALTH AND DEMOGRAPHY,PENDING IN THE COMMITTEE
Senate Bill No. 1412,17th Congress (July 2016 - 2019),https://ldr.senate.gov.ph/bills/senate-bill-no-1412-17th-congress-republic,FREE IRRIGATION SERVICES ACT,"AN ACT ABOLISHING THE IMPOSITION OF IRRIGATION SERVICE FEES (ISF) AND SUCH OTHER SIMILAR OR RELATED FEES FROM BENEFICIARIES OF IRRIGATION SYSTEMS FUNDED AND CONSTRUCTED BY, OR UNDER THE ADMINISTRATION OF THE NATIONAL IRRIGATION ADMINISTRATION, AMENDING FOR THE PURPOSE CERTAIN SECTIONS OF REPUBLIC ACT NO. 3601, PRESIDENTIAL DECREE NO. 552 AND PRESIDENTIAL DECREE NO. 1702","GATCHALIAN, WIN","March 27, 2017",NATIONAL,IRRIGATION NATIONAL IRRIGATION ADMINISTRATION,AGRICULTURE AND FOOD,CONSOLIDATED/SUBSTITUTED IN THE COMMITTEE REPORT
Senate Bill No. 1475,17th Congress (July 2016 - 2019),https://ldr.senate.gov.ph/bills/senate-bill-no-1475-17th-congress-republic,EXPANDED SOLO PARENTS' WELFARE ACT OF 2000,"AN ACT AMENDING REPUBLIC ACT 8972 OTHERWISE KNOWN AS THE ACT PROVIDING FOR BENEFITS AND PRIVILEGES TO SOLO PARENTS AND THEIR CHILDREN, APPROPRIATING FUNDS THEREFOR AND FOR OTHER PURPOSES","SOTTO III, VICENTE C.","May 29, 2017",NATIONAL,SOLO PARENTS WELFARE ACT (R.A.NO. 8972),"WOMEN, CHILDREN, FAMILY RELATIONS AND GENDER EQUALITY",PENDING IN THE COMMITTEE
Senate Bill No. 1549,17th Congress (July 2016 - 2019),https://ldr.senate.gov.ph/bills/senate-bill-no-1549-17th-congress-republic,"AMENDING R.A. NO. 6977, AS AMENDED (MAGNA CARTA FOR SMALL ENTERPRISES)","AN ACT REDEFINING THE COVERAGE AND EXTENDING THE MANDATORY CREDIT ALLOCATION TO MICRO, SMALL AND MEDIUM ENTERPRISES, AMENDING FOR THE PURPOSE CERTAIN PROVISIONS OF REPUBLIC ACT NO. 6977, AS AMENDED, OTHERWISE KNOWN AS THE MAGNA CARTA FOR SMALL ENTERPRISES AND FOR OTHER PURPOSES","ZUBIRI, JUAN MIGUEL ""MIGZ"" F.","August 14, 2017",NATIONAL,"MAGNA CARTA FOR MICRO, SMALL AND MEDIUM-SCALE ENTERPRISES MICRO, SMALL AND MEDIUM ENTERPRISES","TRADE, COMMERCE AND ENTREPRENEURSHIP",PENDING IN THE COMMITTEE
Senate Bill No. 1303,17th Congress (July 2016 - 2019),https://ldr.senate.gov.ph/bills/senate-bill-no-1303-17th-congress-republic,BENEFITS TO HOST COMMUNITIES ACT OF 2016,AN ACT PROVIDING A FINANCIAL BENEFIT TO HOST COMMUNITIES OF ENERGY GENERATING FACILITIES,"GATCHALIAN, WIN","January 19, 2017",NATIONAL,ENERGY GENERATING FACILITIES,ENERGY,PENDING IN THE COMMITTEE
Senate Bill No. 1623,17th Congress (July 2016 - 2019),https://ldr.senate.gov.ph/bills/senate-bill-no-1623-17th-congress-republic,RECOVERABLE SYSTEM LOSS ACT,AN ACT REDUCING THE CAP OF RECOVERABLE SYSTEM LOSS RATE AND FOR OTHER PURPOSES,"PACQUIAO, EMMANUEL ""MANNY"" D.","November 28, 2017",NATIONAL,ENERGY REGULATORY COMMISSION DEPARTMENT OF ENERGY (DOE) RECOVERABLE SYSTEM LOSS ELECTRIC COOPERATIVES,ENERGY,PENDING IN THE HOUSE OF REPRESENTATIVES
Senate Bill No. 1379,17th Congress (July 2016 - 2019),https://ldr.senate.gov.ph/bills/senate-bill-no-1379-17th-congress-republic,EMERGENCY HEALTH POWERS ACT OF 2017,"AN ACT ESTABLISHING THE PUBLIC HEALTH EMERGENCY COUNCIL, PROVIDING POWERS THEREFOR, AND FOR OTHER PURPOSES","EJERCITO, JOSEPH VICTOR G.","August 3, 2017",NATIONAL,EMERGENCY (PUBLIC HEALTH EMERGENCY COUNCIL) HEALTH CARE DELIVERY SYSTEM,HEALTH AND DEMOGRAPHY,PENDING IN THE COMMITTEE
Senate Bill No. 1443,17th Congress (July 2016 - 2019),https://ldr.senate.gov.ph/bills/senate-bill-no-1443-17th-congress-republic,FARM SCHOOL AND AGRICULTURE TRAINING SCHOLARSHIP ACT OF 2017,"AN ACT ESTABLISHING A FARM SCHOOL IN EVERY TOWN IN THE COUNTRY AND PROVIDE AGRICULTURAL SCHOLARSHIP FUNDS AS PART OF THE TECHNICAL-VOCATIONAL TRAINING FUNDS OF THE TECHNICAL EDUCATION AND SKILLS DEVELOPMENT AUTHORITY, AND FOR OTHER PURPOSES","VILLAR, CYNTHIA A.","September 5, 2017",NATIONAL,FARM SCHOOL AGRICULTURE TRAINING TECHNICAL EDUCATION AND SKILLS DEVELOPMENT AUTHORITY (TESDA) SCHOLARSHIP GRANTS,AGRICULTURE AND FOOD,PENDING IN THE COMMITTEE
Senate Bill No. 1454,17th Congress (July 2016 - 2019),https://ldr.senate.gov.ph/bills/senate-bill-no-1454-17th-congress-republic,AGRICULTURAL FREE PATENT REFORM ACT OF 2017,"AN ACT REMOVING THE RESTRICTIONS IN THE REGISTRATION OF LAND TITLES UNDER SECTIONS 118, 119, AND OTHER RESTRICTION AGAINST ENCUMBRANCE OR ALIENATION ON FREE PATENTS ISSUED UNDER SECTION 44 OF COMMONWEALTH ACT NO. 141 OR THE PUBLIC LAND ACT, AS AMENDED","GORDON, RICHARD J.","May 16, 2017",NATIONAL,PATENTS PUBLIC LAND ACT (COMMONWEALTH ACT NO. 141) Commonwealth Act,JUSTICE AND HUMAN RIGHTS,APPROVED BY THE PRESIDENT OF THE PHILIPPINES
Senate Bill No. 1528,17th Congress (July 2016 - 2019),https://ldr.senate.gov.ph/bills/senate-bill-no-1528-17th-congress-republic,DEPARTMENT OF CULTURE ACT,"AN ACT ESTABLISHING THE DEPARTMENT OF CULTURE, APPROPRIATING FUNDS THEREFOR, AND FOR OTHER PURPOSES","LEGARDA, LOREN B.","July 31, 2017",NATIONAL,DEPARTMENT OF CULTURE,"EDUCATION, ARTS AND CULTURE","PENDING SECOND READING, SPECIAL ORDER"
Senate Bill No. 1592,17th Congress (July 2016 - 2019),https://ldr.senate.gov.ph/bills/senate-bill-no-1592-17th-congress-republic,TAX REFORM ACCELERATION AND INCLUSION (TRAIN),"AN ACT AMENDING SECTIONS 5, 6, 24, 25, 31, 34, 35, 51, 79, 84, 86, 89, 90, 97, 99, 100, 101, 106, 107, 108, 109, 112, 114, 116, 148, 149, 150, 151, 155, 171, 196, 232, 237, 249, 264, AND 288; CREATING NEW SECTIONS 148-A, 150-A, 237-A, 264-A, 264-B, AND 265-A; ALL UNDER REPUBLIC ACT NO. 8424, OTHERWISE KNOWN AS THE NATIONAL INTERNAL REVENUE CODE OF 1997, AS AMENDED, AND FOR OTHER PURPOSES","RECTO, RALPH G.","September 20, 2017",NATIONAL,TAX REFORM FOR ACCELERATION AND INCLUSION ACT (TRAIN) NATIONAL INTERNAL REVENUE CODE (NIRC),WAYS AND MEANS,CONSOLIDATED WITH APPROVED BILL
Senate Bill No. 1422,17th Congress (July 2016 - 2019),https://ldr.senate.gov.ph/bills/senate-bill-no-1422-17th-congress-republic,PLUG-IN HYBRID ELECTRIC VEHICLES INCENTIVES ACT OF 2017,"AN ACT EXEMPTING THE MANUFACTURE, ASSEMBLY, CONVERSION AND IMPORTATION OF PLUG-IN HYBRID ELECTRIC VEHICLES FROM THE PAYMENT OF EXCISE TAXES AND DUTIES, AND FOR OTHER PURPOSES",Ralph G. Recto,"February 5, 2017",NATIONAL,HYBRID CARS TAXES (EXCISE TAX),WAYS AND MEANS,PENDING IN THE COMMITTEE
Senate Bill No. 1483,17th Congress (July 2016 - 2019),https://ldr.senate.gov.ph/bills/senate-bill-no-1483-17th-congress-republic,FISCAL AND MONETARY REPORT ACT OF 2017,"AN ACT MANDATING THE SECRETARIES OF THE DEPARTMENT OF FINANCE, NATIONAL ECONOMIC AND DEVELOPMENT AUTHORITY, AND DEPARTMENT OF BUDGET AND MANAGEMENT, AND THE GOVERNOR OF THE BANGKO SENTRAL NG PILIPINAS, TO APPEAR BIANNUALLY BEFORE A JOINT SESSION OF CONGRESS TO REPORT ON THE STATUS AND DIRECTIONS OF THE FISCAL AND MONETARY POLICIES OF THE STATE",Ralph G. Recto,"May 30, 2017",NATIONAL,DEPARTMENT OF FINANCE DEPARTMENT OF BUDGET AND MANAGEMENT (DBM) NATIONAL ECONOMIC DEVELOPMENT AUTHORITY (NEDA) BANGKO SENTRAL NG PILIPINAS (BSP),ECONOMIC AFFAIRS,PENDING IN THE HOUSE OF REPRESENTATIVES
Senate Bill No. 1527,17th Congress (July 2016 - 2019),https://ldr.senate.gov.ph/bills/senate-bill-no-1527-17th-congress-republic,BRITISH SCHOOL MANILA AS AN EDUCATIONAL INSTITUTION OF INTERNATIONAL CHARACTER,"AN ACT RECOGNIZING THE BRITISH SCHOOL MANILA AS AN EDUCATIONAL INSTITUTION OF INTERNATIONAL CHARACTER, GRANTING CERTAIN PREROGATIVES CONDUCIVE TO ITS DEVELOPMENT AS SUCH, AND FOR OTHER PURPOSES","LEGARDA, LOREN B.","July 31, 2017",NATIONAL,educational institutions,"EDUCATION, ARTS AND CULTURE",CONSOLIDATED WITH APPROVED BILL
Senate Bill No. 1590,17th Congress (July 2016 - 2019),https://ldr.senate.gov.ph/bills/senate-bill-no-1590-17th-congress-republic,YOLANDA COMMEMORATION DAY,AN ACT DECLARING NOVEMBER 8 OF EVERY YEAR AS A SPECIAL WORKING HOLIDAY IN THE EASTERN VISAYAS REGION TO BE KNOWN AS THE 'YOLANDA COMMEMORATION' DAY,"LEGARDA, LOREN B.","September 18, 2017",NATIONAL,HOLIDAYS (SPECIAL WORKING),LOCAL GOVERNMENT,CONSOLIDATED/SUBSTITUTED IN THE COMMITTEE REPORT
Senate Bill No. 1536,17th Congress (July 2016 - 2019),https://ldr.senate.gov.ph/bills/senate-bill-no-1536-17th-congress-republic,"NO PERMIT, NO EXAM ACT OF 2017","AN ACT PENALIZING THE IMPOSITION OF A 'NO PERMIT, NO EXAM' POLICY OR ANY SUCH POLICY THAT PROHIBITS STUDENTS IN ALL EDUCATIONAL INSTITUTIONS FROM TAKING THEIR PERIODIC, PRELIMINARY, MIDTERM OR FINAL EXAMINATIONS DUE TO UNPAID TUITION AND OTHER SCHOOL FEES","PACQUIAO, EMMANUEL ""MANNY"" D.","January 8, 2017",NATIONAL,"NO PERMIT, NO EXAM POLICY STUDENTS educational institutions","EDUCATION, ARTS AND CULTURE",PENDING IN THE COMMITTEE
Senate Bill No. 1601,17th Congress (July 2016 - 2019),https://ldr.senate.gov.ph/bills/senate-bill-no-1601-17th-congress-republic,NATIONAL INSTITUTE OF STRATEGIC STUDIES ACT,"AN ACT ESTABLISHING THE NATIONAL INSTITUTE OF STRATEGIC STUDIES IN THE UNIVERSITY OF THE PHILIPPINES SYSTEM, DEFINING ITS FUNCTIONS, PROVIDING ITS FINANCING AND FOR OTHER PURPOSES","ESCUDERO, FRANCIS G.","November 10, 2017",NATIONAL,NATIONAL INSTITUTE OF STRATEGIC STUDIES University of the Philippines (U.P.),"EDUCATION, ARTS AND CULTURE",PENDING IN THE COMMITTEE
Senate Bill No. 1291,17th Congress (July 2016 - 2019),https://ldr.senate.gov.ph/bills/senate-bill-no-1291-17th-congress-republic,AMENDING COMMONWEALTH ACT NO. 146 (PUBLIC SERVICE ACT),"AN ACT FURTHER AMENDING COMMONWEALTH ACT NO. 146 OTHERWISE KNOWN AS THE PUBLIC SERVICE ACT, AS AMENDED","ZUBIRI, JUAN MIGUEL ""MIGZ"" F.","November 1, 2017",NATIONAL,PUBLIC SERVICE ACT (COMMONWEALTH ACT NO. 146),PUBLIC SERVICES,CONSOLIDATED/SUBSTITUTED IN THE COMMITTEE REPORT
Senate Bill No. 1354,17th Congress (July 2016 - 2019),https://ldr.senate.gov.ph/bills/senate-bill-no-1354-17th-congress-republic,MENTAL HEALTH ACT OF 2017,"AN ACT ESTABLISHING A NATIONAL MENTAL HEALTH POLICY FOR THE PURPOSE OF ENHANCING THE DELIVERY OF INTEGRATED MENTAL HEALTH SERVICES, PROMOTING AND PROTECTING PERSONS UTILIZING PSYCHIATRIC, NEUROLOGIC AND PSYCHOSOCIAL HEALTH SERVICES, APPROPRIATING FUNDS THEREFOR AND FOR OTHER PURPOSES","SOTTO III, VICENTE C.","February 27, 2017",NATIONAL,MENTAL HEALTH,HEALTH AND DEMOGRAPHY,APPROVED BY THE PRESIDENT OF THE PHILIPPINES
Senate Bill No. 1367,17th Congress (July 2016 - 2019),https://ldr.senate.gov.ph/bills/senate-bill-no-1367-17th-congress-republic,PRIORITY SEATING FOR THE ELDERLY ACT,"AN ACT REQUIRING LAND, AIR, AND SEA TRANSPORT PROVIDERS TO PROVIDE PRIORITY SEATING FOR THE ELDERLY, FURTHER AMENDING FOR THIS PURPOSE REPUBLIC ACT NO. 7432, AS AMENDED BY REPUBLIC ACT NO. 9257 AND 9994, OTHERWISE KNOWN AS THE EXPANDED SENIOR CITIZEN'S ACT OF 2010","POE, GRACE","July 3, 2017",NATIONAL,SENIOR CITIZEN/ELDERLY,"SOCIAL JUSTICE, WELFARE AND RURAL DEVELOPMENT",PENDING IN THE COMMITTEE
Senate Bill No. 1430,17th Congress (July 2016 - 2019),https://ldr.senate.gov.ph/bills/senate-bill-no-1430-17th-congress-republic,FEAST OF THE IMMACULATE CONCEPTION OF MARY,"AN ACT DECLARING DECEMBER 8 OF EVERY YEAR A SPECIAL NON-WORKING HOLIDAY IN THE ENTIRE COUNTRY TO COMMEMORATE THE FEAST OF THE IMMACULATE CONCEPTION OF MARY, THE PRINCIPAL PATRONESS OF THE PHILIPPINES","SOTTO III, VICENTE C.","February 5, 2017",NATIONAL,FEAST OF THE IMMACULATE CONCEPTION HOLIDAYS (SPECIAL NON-WORKING),"EDUCATION, ARTS AND CULTURE",CONSOLIDATED/SUBSTITUTED IN THE COMMITTEE REPORT
Senate Bill No. 1505,17th Congress (July 2016 - 2019),https://ldr.senate.gov.ph/bills/senate-bill-no-1505-17th-congress-republic,DIALYSIS CENTER ACT OF 2017,"AN ACT REQUIRING ALL NATIONAL, REGIONAL, AND PROVINCIAL GOVERNMENT HOSPITALS TO ESTABLISH, OPERATE AND MAINTAIN A DIALYSIS WARD OR UNIT IN THEIR RESPECTIVE HOSPITAL AND PROVIDING FREE DIALYSIS TREATMENT TO INDIGENT PATIENTS","EJERCITO, JOSEPH VICTOR G.","July 24, 2017",NATIONAL,DIALYSIS CENTER DIALYSIS TREATMENT INDIGENT PERSONS,HEALTH AND DEMOGRAPHY,PENDING IN THE COMMITTEE
Senate Bill No. 1569,17th Congress (July 2016 - 2019),https://ldr.senate.gov.ph/bills/senate-bill-no-1569-17th-congress-republic,CREATING A DENTAL UNIT IN EVERY RURAL HEALTH UNIT,AN ACT CREATING A DENTAL UNIT IN EVERY RURAL HEALTH UNIT UNDER THE DEPARTMENT OF HEALTH AS PART OF THE PRIMARY APPROACH IN THE DELIVERY OF HEALTH SERVICES AND PROVIDING FUNDS THEREFOR,"ANGARA, SONNY","August 29, 2017",NATIONAL,DENTAL HEALTH DEPARTMENT OF HEALTH (DOH),HEALTH AND DEMOGRAPHY,PENDING IN THE COMMITTEE
Senate Bill No. 1400,17th Congress (July 2016 - 2019),https://ldr.senate.gov.ph/bills/senate-bill-no-1400-17th-congress-republic,COMPREHENSIVE ADDICTION RECOVERY ACT,AN ACT PROVIDING FOR A COMPREHENSIVE ADDICTION AND RECOVERY PROGRAM,"EJERCITO, JOSEPH VICTOR G.","March 16, 2017",NATIONAL,DRUG REHABILITATION DRUG PREVENTION,HEALTH AND DEMOGRAPHY,PENDING IN THE COMMITTEE
Senate Bill No. 1463,17th Congress (July 2016 - 2019),https://ldr.senate.gov.ph/bills/senate-bill-no-1463-17th-congress-republic,UNIFORMED AND LAW ENFORCEMENT PERSONNEL EDUCATIONAL ASSISTANCE AND BENEFITS ACT,"AN ACT GRANTING EDUCATIONAL ASSISTANCE AND BENEFITS TO THE DEPENDENTS OF ALL MEMBERS OF THE ARMED FORCES OF THE PHILIPPINES (AFP), PHILIPPINE NATIONAL POLICE (PNP), BUREAU OF FIRE PROTECTION (BFP), BUREAU OF JAIL MANAGEMENT AND PENOLOGY (BJMP), NATIONAL BUREAU OF INVESTIGATION (NBI), PHILIPPINE DRUG ENFORCEMENT AGENCY (PDEA), PHILIPPINE COAST GUARD (PCG) AND BUREAU OF CORRECTIONS (BUCOR) WHO ARE KILLED OR PERMANENTLY INCAPACITATED WHILE IN THE PERFORMANCE OF THEIR DUTY OR BY REASON OF THEIR OFFICE OR POSITION","SOTTO III, VICENTE C.","May 22, 2017",NATIONAL,ARMED FORCES OF THE PHILIPPINES (AFP) BUREAU OF FIRE PROTECTION BUREAU OF JAIL MANAGEMENT AND PENOLOGY BUREAU OF CORRECTIONS (BUCOR) PHILIPPINE NATIONAL POLICE (PNP) PHILIPPINE COAST GUARD NATIONAL BUREAU OF INVESTIGATION (NBI),"CIVIL SERVICE, GOVERNMENT REORGANIZATION AND PROFESSIONAL REGULATION","PENDING SECOND READING, SPECIAL ORDER"
Senate Bill No. 157,17th Congress (July 2016 - 2019),https://ldr.senate.gov.ph/bills/senate-bill-no-157-17th-congress-republic,MIGRANT WORKERS AND OVERSEAS FILIPINOS ACT OF 1995,"AN ACT EXPANDING THE USE OF THE LEGAL ASSISTANCE FUND, AMENDING FOR THE PURPOSE SECTION 26 OF REPUBLIC ACT NO. 8042, OTHERWISE KNOWN AS THE MIGRANT WORKERS AND OVERSEAS FILIPINOS ACT OF 1995, AS AMENDED","EJERCITO, JOSEPH VICTOR G.","June 30, 2016",NATIONAL,OVERSEAS FILIPINO WORKERS (OFW) LEGAL ASSISTANCE FUND MIGRANT WORKERS AND OVERSEAS FILIPINOS ACT OF 1995 (R.A.NO. 8042),"LABOR, EMPLOYMENT AND HUMAN RESOURCES DEVELOPMENT",PENDING IN THE COMMITTEE
Senate Bill No. 280,17th Congress (July 2016 - 2019),https://ldr.senate.gov.ph/bills/senate-bill-no-280-17th-congress-republic,EDUCATION TRUST FUND ACT,AN ACT ESTABLISHING AN EDUCATION TRUST FUND FOR GRANTEES OF GSIS AND SSS MEMBERS AND FOR OTHER PURPOSES,"ESCUDERO, FRANCIS G.","April 7, 2016",NATIONAL,EDUCATION TRUST FUND GOVERNMENT SERVICE INSURANCE SYSTEM (GSIS) SOCIAL SECURITY SYSTEM (SSS),GOVERNMENT CORPORATIONS AND PUBLIC ENTERPRISES,PENDING IN THE COMMITTEE
Senate Bill No. 900,17th Congress (July 2016 - 2019),https://ldr.senate.gov.ph/bills/senate-bill-no-900-17th-congress-republic,TELECOMMUNICATIONS ACCESSIBILITY ENHANCEMENT ACT,AN ACT PROVIDING TELECOMMUNICATIONS SYSTEM ACCESSIBILITY TO THE HEARING-IMPAIRED AND SPEECH-IMPAIRED,"EJERCITO, JOSEPH VICTOR G.","July 26, 2016",NATIONAL,TELECOMMUNICATIONS SYSTEMS ACCESSIBILITY DEAF-MUTE,PUBLIC SERVICES,PENDING IN THE COMMITTEE
Senate Bill No. 222,17th Congress (July 2016 - 2019),https://ldr.senate.gov.ph/bills/senate-bill-no-222-17th-congress-republic,THE LOCAL GOVERNMENT CODE OF 1991 (SITUS OF THE TAX),"AN ACT AMENDING SECTION 150 OF REPUBLIC ACT 7160, OTHERWISE KNOWN AS THE LOCAL GOVERNMENT CODE OF 1991","SOTTO III, VICENTE C.","April 7, 2016",NATIONAL,LOCAL GOVERNMENT CODE (R.A. NO. 7160) TAXES/TAXATION,LOCAL GOVERNMENT,PENDING IN THE COMMITTEE
Senate Bill No. 344,17th Congress (July 2016 - 2019),https://ldr.senate.gov.ph/bills/senate-bill-no-344-17th-congress-republic,SCHOOL BUS SAFETY ACT OF 2016,AN ACT PRESCRIBING SCHOOL BUS SAFETY STANDARDS AND FOR OTHER PURPOSES,"POE, GRACE","April 7, 2016",NATIONAL,SCHOOL BUS,PUBLIC SERVICES,PENDING IN THE COMMITTEE
Senate Bill No. 206,17th Congress (July 2016 - 2019),https://ldr.senate.gov.ph/bills/senate-bill-no-206-17th-congress-republic,THE CONTINUING EDUCATION FOR TEACHERS ACT,"AN ACT INSTITUTING A PROGRAM FOR THE MANDATORY CONTINUING EDUCATION OF TEACHERS IN THE PRIMARY AND SECONDARY LEVELS IN BOTH PUBLIC AND PRIVATE SCHOOLS, AND APPROPRIATING FUNDS THEREFOR","GATCHALIAN, WIN","June 30, 2016",NATIONAL,TEACHERS,"EDUCATION, ARTS AND CULTURE",PENDING IN THE COMMITTEE
Senate Bill No. 878,17th Congress (July 2016 - 2019),https://ldr.senate.gov.ph/bills/senate-bill-no-878-17th-congress-republic,ALLOWING K-12 GRADUATES IN THE PHILIPPINE NATIONAL POLICE,"AN ACT BROADENING THE OPPORTUNITIES OF FILIPINO YOUTH BY ALLOWING GRADUTES OF K-12 ENHANCED EDUCATION IN THE PHILIPPINE NATIONAL POLICE, AMENDING FOR THE PURPOSE THE PNP LAW, R.A. 6975 AS AMENDED BY R.A. 8551","POE, GRACE","July 26, 2016",NATIONAL,K12 EDUCATION PROGRAM PHILIPPINE NATIONAL POLICE (PNP) YOUTH,PUBLIC ORDER AND DANGEROUS DRUGS,PENDING IN THE COMMITTEE
Senate Bill No. 942,17th Congress (July 2016 - 2019),https://ldr.senate.gov.ph/bills/senate-bill-no-942-17th-congress-republic,GRANT OF TAX AMNESTY ACT,AN ACT ENHANCING REVENUE ADMINISTRATION AND COLLECTION BY GRANTING AN AMNESTY ON ALL UNPAID INTERNAL REVENUE TAXES IMPOSED BY THE NATIONAL GOVERNMENT FOR TAXABLE YEAR 2015 AND PRIOR YEARS,"ANGARA, SONNY","January 8, 2016",NATIONAL,TAXES/TAXATION BUREAU OF INTERNAL REVENUE (BIR) TAX AMNESTY,WAYS AND MEANS,CONSOLIDATED/SUBSTITUTED IN THE COMMITTEE REPORT
Senate Bill No. 423,17th Congress (July 2016 - 2019),https://ldr.senate.gov.ph/bills/senate-bill-no-423-17th-congress-republic,THE INTEGRATED COASTAL MANAGEMENT ACT,AN ACT TO ADOPT INTEGRATED COASTAL MANAGEMENT AS A NATIONAL STRATEGY TO ENSURE THE SUSTAINABLE DEVELOPMENT OF THE COASTAL AND MARINE ENVIRONMENT AND TO ESTABLISH SUPPORTING MECHANISMS FOR ITS IMPLEMENTATION,"LEGARDA, LOREN B.","July 19, 2016",NATIONAL,INTEGRATED COASTAL MANAGEMENT COASTAL ENVIRONMENT PROGRAM/COASTAL RESOURCES PROTECTION,ENVIRONMENT AND NATURAL RESOURCES,PENDING IN THE COMMITTEE
Senate Bill No. 488,17th Congress (July 2016 - 2019),https://ldr.senate.gov.ph/bills/senate-bill-no-488-17th-congress-republic,WIND ENERGY DEVELOPMENT AUTHORITY,AN ACT ESTABLISHING THE WIND ENERGY DEVELOPMENT AUTHORITY AND APPROPRIATING FUNDS THEREFOR,Antonio F. Trillanes IV,"July 19, 2016",NATIONAL,WIND ENERGY,ENERGY,PENDING IN THE COMMITTEE
Senate Bill No. 640,17th Congress (July 2016 - 2019),https://ldr.senate.gov.ph/bills/senate-bill-no-640-17th-congress-republic,CONDONATION OF ALL UNPAID TAXES DUE FROM LOCAL WATER DISTRICTS,"AN ACT REMOVING THE CONDITIONS FOR THE CONDONATION OF ALL UNPAID TAXES DUE FROM LOCAL WATER DISTRICTS, AMENDING FOR THE PURPOSE SECTION 289-A OF THE NATIONAL INTERNAL REVENUE CODE, AS AMENDED",Antonio F. Trillanes IV,"July 19, 2016",NATIONAL,LOCAL WATER DISTRICTS CONDONATION NATIONAL INTERNAL REVENUE CODE (NIRC) TAXES/TAXATION,WAYS AND MEANS,PENDING IN THE COMMITTEE
Senate Bill No. 1281,17th Congress (July 2016 - 2019),https://ldr.senate.gov.ph/bills/senate-bill-no-1281-17th-congress-republic,SAGIP SAKA ACT OF 2016,AN ACT INSTITUTING THE FARMERS AND FISHERFOLK ENTERPRISE DEVELOPMENT PROGRAM OF THE DEPARTMENT OF AGRICULTURE AND FOR OTHER PURPOSES,"PANGILINAN, FRANCIS ""KIKO"" N.","December 13, 2016",NATIONAL,FARMERS/FISHERFOLK DEPARTMENT OF AGRICULTURE SAGIP SAKA ACT,AGRICULTURE AND FOOD,CONSOLIDATED WITH APPROVED BILL
Senate Bill No. 702,17th Congress (July 2016 - 2019),https://ldr.senate.gov.ph/bills/senate-bill-no-702-17th-congress-republic,PERMANENT RESIDENCY FOR QUALIFIED RELIGIOUS WORKERS ACT,"AN ACT GRANTING PERMANENT RESIDENCY TO QUALIFIED RELIGIOUS WORKERS AMENDING FOR THE PURPOSE SECTIONS 9 AND 13 OF COMMONWEALTH ACT NO. 613, OTHERWISE KNOWN AS THE PHILIPPINE IMMIGRATION ACT OF 1940 AND FOR OTHER PURPOSES","Paolo Benigno ""Bam"" Aquino IV","July 20, 2016",NATIONAL,IMMIGRATION ACT Commonwealth Act RELIGION/BELIEFS,JUSTICE AND HUMAN RIGHTS,PENDING IN THE COMMITTEE
Senate Bill No. 282,17th Congress (July 2016 - 2019),https://ldr.senate.gov.ph/bills/senate-bill-no-282-17th-congress-republic,COMBAT DUTY PAY OF ALL COMMISSIONED AND NON-COMMISSIONED PERSONNEL,AN ACT INCREASING THE COMBAT DUTY PAY OF ALL COMMISSIONED AND NON-COMMISSIONED PERSONNEL OF THE PHILIPPINE NATIONAL POLICE (PNP) FROM THE CURRENT VALUE THEY ARE RECEIVING TO TWENTY-FIVE PERCENTUM (25%) OF THEIR BASE PAY AND PROVIDING FUNDS THEREFOR,Antonio F. Trillanes IV,"April 7, 2016",NATIONAL,PHILIPPINE NATIONAL POLICE (PNP),PUBLIC ORDER AND DANGEROUS DRUGS,PENDING IN THE COMMITTEE
Senate Bill No. 347,17th Congress (July 2016 - 2019),https://ldr.senate.gov.ph/bills/senate-bill-no-347-17th-congress-republic,THE OMBUDSMAN ACT OF 1989,"AN ACT STRENGTHENING THE OFFICE OF THE OMBUDSMAN THROUGH FURTHER PROFESSIONALIZAYION, IMPROVEMENT OF SKILLS AND AUGMENTING THE LIVING CONDITIONS OF ITS EMPLOYEES, AMENDING FOR THE PURPOSE REPUBLIC ACT NUMBER 6770, OTHERWISE KNOWN AS THE OMBUDSMAN ACT OF 1989, AND FOR OTHER PURPOSES","POE, GRACE","April 7, 2016",NATIONAL,OMBUDSMAN,JUSTICE AND HUMAN RIGHTS,CONSOLIDATED/SUBSTITUTED IN THE COMMITTEE REPORT
Senate Bill No. 1016,17th Congress (July 2016 - 2019),https://ldr.senate.gov.ph/bills/senate-bill-no-1016-17th-congress-republic,"WITNESS PROTECTION, SECURITY AND BENEFIT ACT","AN ACT STRENGTHENING THE WITNESS PROTECTION, SECURITY AND BENEFIT PROGRAM, AMENDING FOR THE PURPOSE REPUBLIC ACT NO. 6981, OTHERWISE KNOWN AS THE WITNESS PROTECTION, SECURITY AND BENEFIT ACT, AND PROVIDING ADDITIONAL FUNDS THEREFORE","VILLANUEVA, JOEL","August 15, 2016",NATIONAL,WITNESS PROTECTION,JUSTICE AND HUMAN RIGHTS,PENDING IN THE COMMITTEE
Senate Bill No. 1080,17th Congress (July 2016 - 2019),https://ldr.senate.gov.ph/bills/senate-bill-no-1080-17th-congress-republic,TEACHING OF HUMAN RIGHTS IN ALL PRIVATE AND PUBLIC SCHOOLS,AN ACT REQUIRING THE TEACHING OF HUMAN RIGHTS AS MANDATORY IN ALL PUBLIC AND PRIVATE SCHOOLS,"EJERCITO, JOSEPH VICTOR G.","August 25, 2016",NATIONAL,HUMAN RIGHTS CURRICULUM/CURRICULA,"EDUCATION, ARTS AND CULTURE",PENDING IN THE COMMITTEE
Senate Bill No. 560,17th Congress (July 2016 - 2019),https://ldr.senate.gov.ph/bills/senate-bill-no-560-17th-congress-republic,RECHARGEABLE BATTERY LAW,"AN ACT TO STRENGTHEN THE RECYCLING PROGRAM FOR ALL RECHARGEABLE BATTERIES MANUFACTURED, SOLD AND DISTRIBUTED IN THE PHILIPPINES, AND FOR OTHER PURPOSES",Antonio F. Trillanes IV,"July 19, 2016",NATIONAL,RECYCLING RECHARGEABLE BATTERY,ENVIRONMENT AND NATURAL RESOURCES,PENDING IN THE COMMITTEE
Senate Bill No. 50,17th Congress (July 2016 - 2019),https://ldr.senate.gov.ph/bills/senate-bill-no-50-17th-congress-republic,SAGIP SAKA ACT OF 2016,AN ACT TO PROMOTE FARMER AND FISHERFOLK ENTREPRENEURSHIP AND DEVELOPMENT TO BE KNOWN AS SAGIP SAKA ACT OF 2016,"PANGILINAN, FRANCIS ""KIKO"" N.","June 30, 2016",NATIONAL,FARMERS/FISHERFOLK SAGIP SAKA ACT TAX CREDIT,AGRICULTURE AND FOOD,CONSOLIDATED/SUBSTITUTED IN THE COMMITTEE REPORT
Senate Bill No. 774,17th Congress (July 2016 - 2019),https://ldr.senate.gov.ph/bills/senate-bill-no-774-17th-congress-republic,WIRELESS TELEPHONE CONSUMER PROTECTION ACT,AN ACT PROTECTING CONSUMERS OF WIRELESS TELEPHONE SERVICES.,"ESCUDERO, FRANCIS G.","July 21, 2016",NATIONAL,CONSUMER PROTECTION TELEPHONES,PUBLIC SERVICES,PENDING IN THE COMMITTEE
Senate Bill No. 116,17th Congress (July 2016 - 2019),https://ldr.senate.gov.ph/bills/senate-bill-no-116-17th-congress-republic,GOVERNMENT PROCUREMENT (R.A.NO. 9184),"AN ACT AMENDING SECTION 53 (B) OF REPUBLIC ACT NO. 9184, OTHERWISE KNOWN AS AN ACT PROVIDING FOR THE MODERNIZATION, STANDARDIZATION AND REGULATION OF THE PROCUREMENT ACTIVITIES OF THE GOVERNMENT AND FOR OTHER PURPOSES","PIMENTEL, AQUILINO ""KOKO"" III","June 30, 2016",NATIONAL,Government procurement,FINANCE,PENDING IN THE COMMITTEE
Senate Bill No. 837,17th Congress (July 2016 - 2019),https://ldr.senate.gov.ph/bills/senate-bill-no-837-17th-congress-republic,FISCAL AND MONETARY REPORT ACT OF 2016,AN ACT MANDATING THE SECRETARY OF THE DEPARMENT OF FINANCE AND THE GOVERNOR OF THE BANGKO SENTRAL NG PILIPINAS TO APPEAR BEFORE CONGRESS SEMI-ANNUALLY TO REPORT ON THE STATUS AND DIRECTIONS OF THE FISCAL AND MONETARY POLICIES OF THE STATE,Ralph G. Recto,"July 21, 2016",NATIONAL,DEPARTMENT OF FINANCE BANGKO SENTRAL NG PILIPINAS (BSP),ECONOMIC AFFAIRS,CONSOLIDATED/SUBSTITUTED IN THE COMMITTEE REPORT
Senate Bill No. 1169,17th Congress (July 2016 - 2019),https://ldr.senate.gov.ph/bills/senate-bill-no-1169-17th-congress-republic,WORKERS' RIGHT TO SELF-ORGANIZATION,"AN ACT FURTHER STRENGTHENING WORKERS' RIGHT TO SELF-ORGANIZATION BY AMENDING FOR THIS PURPOSE ARTICLES 240[234](C), 242[235], 243[236], 244[237] AND 285 [270] OF PRESIDENTIAL DECREE NO. 442, OTHERWISE KNOWN AS THE LABOR CODE OF THE PHILIPPINES, AS AMENDED","VILLANUEVA, JOEL","September 22, 2016",NATIONAL,WORKERS RIGHT TO SELF-ORGANIZATION LABOR CODE OF THE PHILIPPINES (P.D. NO. 442) UNIONISM,"LABOR, EMPLOYMENT AND HUMAN RESOURCES DEVELOPMENT",PENDING IN THE COMMITTEE
Senate Bill No. 1233,17th Congress (July 2016 - 2019),https://ldr.senate.gov.ph/bills/senate-bill-no-1233-17th-congress-republic,COCONUT FARMERS AND INDUSTRY DEVELOPMENT ACT,"AN ACT CREATING THE COCONUT FARMERS AND INDUSTRY TRUST FUND, PROVIDING FOR ITS MANAGEMENT AND UTILIZATION, AND FOR OTHER PURPOSES","PANGILINAN, FRANCIS ""KIKO"" N.","September 11, 2016",NATIONAL,COCONUT INDUSTRY/COPRA AND OTHER COCONUT PRODUCTS FARMERS,AGRICULTURE AND FOOD,VETOED BY THE PRESIDENT OF THE PHILIPPINES
Senate Bill No. 173,17th Congress (July 2016 - 2019),https://ldr.senate.gov.ph/bills/senate-bill-no-173-17th-congress-republic,FREE EDUCATION FOR PUBLIC SCHOOL TEACHER'S CHILDREN ACT,"AN ACT INSTITUTIONALIZING A FULL SUBSIDY PROGRAM IN STATE UNIVERSITIES FOR CHILDREN OF PUBLIC SCHOOL TEACHERS, PROVIDING FUNDS THEREOF, AND FOR OTHER PURPOSES","Paolo Benigno ""Bam"" Aquino IV","June 30, 2016",NATIONAL,TEACHERS STATE COLLEGES AND UNIVERSITIES (SCUS) FREE PUBLIC COLLEGE EDUCATION SYSTEM,"EDUCATION, ARTS AND CULTURE",CONSOLIDATED/SUBSTITUTED IN THE COMMITTEE REPORT
Senate Bill No. 238,17th Congress (July 2016 - 2019),https://ldr.senate.gov.ph/bills/senate-bill-no-238-17th-congress-republic,PNP. BFP AND BJMP HEIGHT REQUIREMENT ACT OF 2016,"AN ACT REPEALING THE MINIMUM HEIGHT REQUIREMENT FOR APPLICANTS TO THE PHILIPPINE NATIONAL POLICE (PNP), THE BUREAU OF FIRE PROTECTION (BFP), AND THE BUREAU OF JAIL MANAGEMNET AND PENOLOGY (BJMP)",Gregorio B. Honasan II,"April 7, 2016",NATIONAL,PHILIPPINE NATIONAL POLICE (PNP) BUREAU OF FIRE PROTECTION BUREAU OF JAIL MANAGEMENT AND PENOLOGY,PUBLIC ORDER AND DANGEROUS DRUGS,PENDING IN THE COMMITTEE
Senate Bill No. 910,17th Congress (July 2016 - 2019),https://ldr.senate.gov.ph/bills/senate-bill-no-910-17th-congress-republic,"AMENDING P.D. NO. 1146, THE REVISED GOVERNMENT SERVICE INSURANCE SYSTEM ACT OF 1977","AN ACT MANDATING THE INCLUSION OF ELECTED AND APPOINTED BARANGAY OFFICIALS AS COMPULSORY MEMBERS OF THE GOVERNMENT SERVICE INSURANCE SYSTEM, AMENDING FOR THE PURPOSE PRESIDENTIAL DECREE NO. 1146, AS AMENDED, OTHERWISE KNOWN AS THE REVISED GOVERNMENT SERVICE INSURANCE ACT OF 1977","GATCHALIAN, WIN","July 28, 2016",NATIONAL,GOVERNMENT SERVICE INSURANCE SYSTEM (GSIS) BARANGAY OFFICIALS,GOVERNMENT CORPORATIONS AND PUBLIC ENTERPRISES,PENDING IN THE COMMITTEE
Senate Bill No. 974,17th Congress (July 2016 - 2019),https://ldr.senate.gov.ph/bills/senate-bill-no-974-17th-congress-republic,POVERTY REDUCTION THROUGH SOCIAL ENTRENEURSHIP (PRESENT) ACT,AN ACT INSTITUTIONALIZING THE POVERTY REDUCTION THROUGH SOCIAL ENTRENEURSHIP (PRESENT) PROGRAM AND PROMOTING SOCIAL ENTERPRISES WITH THE POOR AS PRIMARY STAKEHOLDERS,"ANGARA, SONNY","March 8, 2016",NATIONAL,POVERTY REDUCTION THROUGH SOCIAL ENTREPRENEURSHIP PROGRAM (PRESENT) POVERTY ALLEVIATION,"TRADE, COMMERCE AND ENTREPRENEURSHIP",PENDING IN THE COMMITTEE
Senate Bill No. 390,17th Congress (July 2016 - 2019),https://ldr.senate.gov.ph/bills/senate-bill-no-390-17th-congress-republic,FILIPINO SIGN LANGUAGE ACT,"AN ACT DECLARING FILIPINO SIGN LANGUAGE AS THE NATIONAL SIGN LANGUAGE OF THE FILIPINO DEAF AND THE OFFICIAL LANGUAGE OF GOVERNMENT IN ALL TRANSACTIONS INVOLVING THE DEAF, AND MANDATING ITS USE IN SCHOOLS, BROADCAST MEDIA, AND WORKPLACES","LEGARDA, LOREN B.","July 18, 2016",NATIONAL,SIGN LANGUAGE Filipino Language DEAF-MUTE,"EDUCATION, ARTS AND CULTURE",CONSOLIDATED/SUBSTITUTED IN THE COMMITTEE REPORT
Senate Bill No. 456,17th Congress (July 2016 - 2019),https://ldr.senate.gov.ph/bills/senate-bill-no-456-17th-congress-republic,NATIONAL ENVIRONMENTAL PROTECTION ACT,"AN ACT CREATING THE NATIONAL ENVIRONMENTAL PROTECTION AGENCY, DEFINING ITS POWERS, FUNCTIONS AND RESPONSIBILITIES; APPROPRIATING FUNDS THEREFOR AND FOR OTHER PURPOSES",Antonio F. Trillanes IV,"July 19, 2016",NATIONAL,NATIONAL ENVIRONMENTAL PROTECTION AGENCY ENVIRONMENTAL PROTECTION,ENVIRONMENT AND NATURAL RESOURCES,PENDING IN THE COMMITTEE
Senate Bill No. 1250,17th Congress (July 2016 - 2019),https://ldr.senate.gov.ph/bills/senate-bill-no-1250-17th-congress-republic,ANTI-SEXUAL HARASSMENT ACT OF 2016,"AN ACT AMENDING REPUBLIC ACT NO. 7877, OR THE ANTI-SEXUAL HARASSMENT ACT OF 1995","HONTIVEROS, RISA","November 22, 2016",NATIONAL,SEXUAL HARASSMENT,"WOMEN, CHILDREN, FAMILY RELATIONS AND GENDER EQUALITY",CONSOLIDATED/SUBSTITUTED IN THE COMMITTEE REPORT
Senate Bill No. 670,17th Congress (July 2016 - 2019),https://ldr.senate.gov.ph/bills/senate-bill-no-670-17th-congress-republic,SALE OF ELECTRICITY BY GENERATION AND DISTRIBUTION COMPANIES AND ELECTRIC COOPERATIVES,"AN ACT CLASSIFYING THE SALE OF ELECTRICITY BY GENERATION, TRANSMISSION AND DISTRIBUTION COMPANIES AND ELECTRIC COOPERATIVES, AND THE SERVICE OF FRANCHISE GRANTEES OF ELECTRIC UTILITIES, AND SALE OR IMPORTATION OF MACHINERY AND EQUIPMENT DIRECTLY USED IN GENERATION, TRANSMISSION, AND DISTRIBUTION OF ELECTRICITY AS VALUE-ADDED TAX EXEMPT TRANSACTIONS, AMENDING FOR THE PURPOSE, SECTION 108 (A) (II) AND 109 (1) OF THE NATIONAL INTERNAL REVENUE CODE, AS AMENDED BY REPUBLIC ACT NO. 9337, AND FOR OTHER PURPOSES","Paolo Benigno ""Bam"" Aquino IV","July 20, 2016",NATIONAL,ELECTRIC COOPERATIVES TAXES (VALUE-ADDED TAX / VAT) NATIONAL INTERNAL REVENUE CODE (NIRC),WAYS AND MEANS,CONSOLIDATED/SUBSTITUTED IN THE COMMITTEE REPORT
Senate Bill No. 731,17th Congress (July 2016 - 2019),https://ldr.senate.gov.ph/bills/senate-bill-no-731-17th-congress-republic,PERSONNEL ECONOMIC RELIEF ALLOWANCE (PERA) ACT GRANTED TO GOVERNMENT EMPLOYEES,AN ACT PROVIDING FOR AN INCREASE AND AN AUTOMATIC ADJUSTMENT MECHANISM IN THE PERSONNEL ECONOMIC RELIEF ALLOWANCE (PERA) GRANTED TO GOVERNMENT EMPLOYEES,"ESCUDERO, FRANCIS G.","July 21, 2016",NATIONAL,PERSONNEL ECONOMIC RELIEF ALLOWANCE (PERA) GOVERNMENT EMPLOYEES,FINANCE,PENDING IN THE COMMITTEE
Senate Bill No. 314,17th Congress (July 2016 - 2019),https://ldr.senate.gov.ph/bills/senate-bill-no-314-17th-congress-republic,MAGNA CARTA OF FILIPINO SEAFARERS,AN ACT INSTITUTING THE MAGNA CARTA OF FILIPINO SEAFARERS,"ANGARA, SONNY","April 7, 2016",NATIONAL,MAGNA CARTA OF FILIPINO SEAFARERS SEAFARERS,"LABOR, EMPLOYMENT AND HUMAN RESOURCES DEVELOPMENT",PENDING IN THE COMMITTEE
Senate Bill No. 984,17th Congress (July 2016 - 2019),https://ldr.senate.gov.ph/bills/senate-bill-no-984-17th-congress-republic,ZERO FOOD WASTE ACT,AN ACT PROVIDING FOR A SYSTEM OF REDISTRIBUTING AND RECYCLING FOOD WASTE TO PROMOTE FOOD SECURITY,"PANGILINAN, FRANCIS ""KIKO"" N.","March 8, 2016",NATIONAL,FOOD WASTE RECYCLING FOOD SECURITY,HEALTH AND DEMOGRAPHY,PENDING IN THE COMMITTEE
Senate Bill No. 1048,17th Congress (July 2016 - 2019),https://ldr.senate.gov.ph/bills/senate-bill-no-1048-17th-congress-republic,CHILDHOOD CANCER AWARENESS MONTH ACT,AN ACT DECLARING THE MONTH OF APRIL OF EVERY YEAR AS CHILDHOOD CANCER AWARENESS MONTH AND FOR OTHER PURPOSES,"BINAY, MARIA LOURDES NANCY S.","August 18, 2016",NATIONAL,CANCER CHILDREN/CHILD CARE,HEALTH AND DEMOGRAPHY,CONSOLIDATED/SUBSTITUTED IN THE COMMITTEE REPORT
Senate Bill No. 530,17th Congress (July 2016 - 2019),https://ldr.senate.gov.ph/bills/senate-bill-no-530-17th-congress-republic,YOUNG FARMERS PROGRAM ACT OF 2016,"AN ACT INSTITUTIONALIZING THE YOUNG FARMERS' PROGRAM, PROVIDING FUNDS THEREFOR AND FOR OTHER PURPOSES",Antonio F. Trillanes IV,"July 19, 2016",NATIONAL,YOUNG FARMERS PROGRAM,AGRICULTURE AND FOOD,PENDING IN THE COMMITTEE
Senate Bill No. 18,17th Congress (July 2016 - 2019),https://ldr.senate.gov.ph/bills/senate-bill-no-18-17th-congress-republic,OFFICE OF THE GOVERNMENT CORPORATE COUNSEL,"AN ACT TO STRENGTHEN THE OFFICE OF THE GOVERNMENT CORPORATE COUNSEL BY REDEFINING, EXPANDING, STRENGTHENING, RATIONALIZING AND FURTHER PROFESSIONALIZING ITS ORGANIZATION, UPGRADING EMPLOYEE BENEFITS AND APPROPRIATING FUNDS THEREFOR",Franklin M. Drilon,"June 30, 2016",NATIONAL,OFFICE OF THE GOVERNMENT CORPORATE COUNSEL,JUSTICE AND HUMAN RIGHTS,PENDING IN THE COMMITTEE
Senate Bill No. 591,17th Congress (July 2016 - 2019),https://ldr.senate.gov.ph/bills/senate-bill-no-591-17th-congress-republic,DEOXYRIBONUCLEIC ACID (DNA) IDENTIFICATION ACT,"AN ACT TO PROVIDE FOR THE ESTABLISHMENT OF A FORENSIC DNA DATABANK, THE TAKING OF DNA SAMPLES, FORENSIC DNA ANALYSIS, THE USE OF DNA PROFILES AND INFORMATION IN RELATION THERETO, AND FOR OTHER PURPOSES",Antonio F. Trillanes IV,"July 19, 2016",NATIONAL,FORENSIC DNA DATABANK DNA FACILITIES,PUBLIC ORDER AND DANGEROUS DRUGS,PENDING IN THE COMMITTEE
Senate Bill No. 741,17th Congress (July 2016 - 2019),https://ldr.senate.gov.ph/bills/senate-bill-no-741-17th-congress-republic,FINAL FOREST LIMITS ACT,AN ACT PROVIDING FOR THE DELINEATION OF THE SPECIFIC FOREST LIMITS OF THE PUBLIC DOMAIN AND FOR OTHER PURPOSES,"ESCUDERO, FRANCIS G.","July 21, 2016",NATIONAL,FOREST LAND/FOREST LIMITS,ENVIRONMENT AND NATURAL RESOURCES,PENDING IN THE COMMITTEE
Senate Bill No. 261,17th Congress (July 2016 - 2019),https://ldr.senate.gov.ph/bills/senate-bill-no-261-17th-congress-republic,CONFERMENT OF A DOCTORATE DEGREE,AN ACT DECLARING THE CONFERMENT OF A DOCTORATE DEGREE AS EQUIVALENT TO ENTRY LEVEL CAREER EXECUTIVE SERVICE OFFICER ELIGIBILITY IN THE CIVIL SERVICE,"LACSON, PANFILO M.","April 7, 2016",NATIONAL,CAREER EXECUTIVE SERVICE SYSTEM CIVIL SERVICE ELIGIBILITY,"CIVIL SERVICE, GOVERNMENT REORGANIZATION AND PROFESSIONAL REGULATION",CONSOLIDATED/SUBSTITUTED IN THE COMMITTEE REPORT
Senate Bill No. 325,17th Congress (July 2016 - 2019),https://ldr.senate.gov.ph/bills/senate-bill-no-325-17th-congress-republic,THE LOCAL COLLEGES AND UNIVERSITIES GOVERNANCE ACT OF 2016,"AN ACT PROVIDING GUIDELINES FOR THE ESTABLISHMENT AND OPERATION OF LOCAL COLLEGES AND UNIVERSITIES, AND FOR OTHER PURPOSES","VILLAR, CYNTHIA A.","April 7, 2016",NATIONAL,LOCAL COLLEGES AND UNIVERSITIES (LCUS),"EDUCATION, ARTS AND CULTURE",PENDING IN THE COMMITTEE
Senate Bill No. 995,17th Congress (July 2016 - 2019),https://ldr.senate.gov.ph/bills/senate-bill-no-995-17th-congress-republic,BILLBOARD REGULATION ACT,AN ACT REGULATING PLACEMENT AND CONTENT OF BILLBOARDS INCLUDING THEIR SUPPORT STRUCTURES,"GATCHALIAN, WIN","August 8, 2016",NATIONAL,BILLBOARDS,PUBLIC WORKS,PENDING IN THE COMMITTEE
Senate Bill No. 1068,17th Congress (July 2016 - 2019),https://ldr.senate.gov.ph/bills/senate-bill-no-1068-17th-congress-republic,INCREASING SSS MINIMUM MONTHLY PENSION,"AN ACT INCREASING THE MINIMUM MONTHLY PENSION UNDER THE SOCIAL SECURITY SYSTEM, AMENDING FOR THE PURPOSE SECTION 12 OF REPUBLIC ACT NO. 1161, AS AMENDED, OTHERWISE KNOWN AS THE SOCIAL SECURITY ACT OF 1997","SOTTO III, VICENTE C.","August 24, 2016",NATIONAL,SOCIAL SECURITY ACT OF 1997 (R.A.NO. 8282) SOCIAL SECURITY LAW (RA 1161) SOCIAL SECURITY SYSTEM (SSS) PENSION,GOVERNMENT CORPORATIONS AND PUBLIC ENTERPRISES,CONSOLIDATED/SUBSTITUTED IN THE COMMITTEE REPORT
Senate Bill No. 540,17th Congress (July 2016 - 2019),https://ldr.senate.gov.ph/bills/senate-bill-no-540-17th-congress-republic,NATIONAL FIBER DEVELOPMENT ACT OF 2016,"AN ACT CREATING THE NATIONAL FIBER DEVELOPMENT AUTHORITY (NAFIDA), DEFINING ITS POWERS AND FUNCTIONS, APPROPRIATING FUNDS THEREFOR, MODIFYING FOR THIS PURPOSE EXECUTIVE ORDER NO. 294 SERIES OF 1991 AND REPEALING REPUBLIC AT 8486, AND FOR OTHER PURPOSES",Antonio F. Trillanes IV,"July 19, 2016",NATIONAL,NATIONAL FIBER DEVELOPMENT AUTHORITY (NAFIDA),AGRICULTURE AND FOOD,PENDING IN THE COMMITTEE
Senate Bill No. 29,17th Congress (July 2016 - 2019),https://ldr.senate.gov.ph/bills/senate-bill-no-29-17th-congress-republic,AGRARIAN REFORM COMMISSION ACT,"AN ACT CREATING THE AGRARIAN REFORM COMMISSION TO INVESTIGATE CIRCUMVENTIONS AND VIOLATIONS OF REPUBLIC ACT NO. 6657, OTHERWISE KNOWN AS THE COMPREHENSIVE AGRARIAN REFORM LAW OF 1998, AS AMENDED, REPUBLIC ACT NO. 9700, AND OTHER AGRARIAN REFORM LAWS AND APPROPRIATING FUNDS THEREFOR.",Gregorio B. Honasan II,"June 30, 2016",NATIONAL,COMPREHENSIVE AGRARIAN REFORM LAW (CARL) R.A.NO. 6657) AGRARIAN REFORM COMMISSION,AGRARIAN REFORM,PENDING IN THE COMMITTEE
Senate Bill No. 193,17th Congress (July 2016 - 2019),https://ldr.senate.gov.ph/bills/senate-bill-no-193-17th-congress-republic,INCREASING THE COMPOSITION OF BARANGAY OFFICIALS,"AN ACT INCREASING THE COMPOSITION OF BARANGAY OFFICIALS, AMENDING FOR THE PURPOSE REPUBLIC ACT NO. 7160, OTHERWISE KNOWN AS THE LOCAL GOVERNMENT CODE OF 1991, AS AMENDED","PACQUIAO, EMMANUEL ""MANNY"" D.","June 30, 2016",NATIONAL,BARANGAY OFFICIALS LOCAL GOVERNMENT CODE (R.A. NO. 7160),LOCAL GOVERNMENT,PENDING IN THE COMMITTEE
Senate Bill No. 753,17th Congress (July 2016 - 2019),https://ldr.senate.gov.ph/bills/senate-bill-no-753-17th-congress-republic,CIVIL ENGINEERING LAW,"AN ACT FURTHER AMENDING REPUBLIC ACT NO. 544, AS AMENDED, OR THE CIVIL ENGINEERING LAW","ESCUDERO, FRANCIS G.","July 21, 2016",NATIONAL,CIVIL ENGINEERING,"CIVIL SERVICE, GOVERNMENT REORGANIZATION AND PROFESSIONAL REGULATION",PENDING IN THE COMMITTEE
Senate Bill No. 93,17th Congress (July 2016 - 2019),https://ldr.senate.gov.ph/bills/senate-bill-no-93-17th-congress-republic,PHILIPPINE MARITIME ZONES ACT,AN ACT DEFINING THE MARITIME ZONES OF THE REPUBLIC OF THE PHILIPPINES,Antonio F. Trillanes IV,"June 30, 2016",NATIONAL,MARITIME ZONE ARCHIPELAGIC SEA LANES,FOREIGN RELATIONS,PENDING IN THE COMMITTEE
Senate Bill No. 816,17th Congress (July 2016 - 2019),https://ldr.senate.gov.ph/bills/senate-bill-no-816-17th-congress-republic,FREE PUBLIC WI-FI ACT OF 2016,"AN ACT PROVIDING FREE WI-FI INTERNET ACCESS IN PUBLIC BUILDINGS, TRANSPORT TERMINALS AND PARKS, AND FOR OTHER PURPOSES",Ralph G. Recto,"July 21, 2016",NATIONAL,WI-FI INTERNET ACCESS,SCIENCE AND TECHNOLOGY,CONSOLIDATED/SUBSTITUTED IN THE COMMITTEE REPORT
Senate Bill No. 1148,17th Congress (July 2016 - 2019),https://ldr.senate.gov.ph/bills/senate-bill-no-1148-17th-congress-republic,THE NEW CENTRAL BANK ACT,AN ACT AMENDING REPUBLIC ACT NUMBERED SEVENTY-SIX HUNDRED AND FIFTY-THREE ENTITLED 'THE NEW CENTRAL BANK ACT' AND FOR OTHER PURPOSES,"EJERCITO, JOSEPH VICTOR G.","September 15, 2016",NATIONAL,NEW CENTRAL BANK ACT,"BANKS, FINANCIAL INSTITUTIONS AND CURRENCIES",CONSOLIDATED/SUBSTITUTED IN THE COMMITTEE REPORT
Senate Bill No. 1212,17th Congress (July 2016 - 2019),https://ldr.senate.gov.ph/bills/senate-bill-no-1212-17th-congress-republic,PHILIPPINE INVESTMENT FUND CORPORATION ACT,"AN ACT ESTABLISHING A PHILIPPINE SOVEREIGN WEALTH FUND PROVIDING FOR THE MANAGEMENT, INVESTMENT, AND USE OF PROCEEDS OF ITS ASSETS, APPROPRIATING FUNDS THEREFOR AND FOR OTHER PURPOSES","Paolo Benigno ""Bam"" Aquino IV","October 19, 2016",NATIONAL,INVESTMENTS,ECONOMIC AFFAIRS,PENDING IN THE COMMITTEE
Senate Bill No. 152,17th Congress (July 2016 - 2019),https://ldr.senate.gov.ph/bills/senate-bill-no-152-17th-congress-republic,THE PHILIPPINE NATIONAL RAILWAYS,"AN ACT PROMOTING THE REVITALIZATION, REHABILITATION AND MODERNIZATION OF THE PHILIPPINE NATIONAL RAILWAYS AMENDING FOR THE PURPOSE CERTAIN PROVISIONS OF R.A. NO. 4156 ENTITLED AN ACT CREATING THE PHILIPPINE NATIONAL RAILWAYS, PRESCRIBING ITS POWERS, FUNCTIONS AND DUTIES, AND PROVIDING FOR THE NECESSARY FUNDS FOR ITS OPERATION","EJERCITO, JOSEPH VICTOR G.","June 30, 2016",NATIONAL,PHILIPPINE NATIONAL RAILWAYS (PNR),GOVERNMENT CORPORATIONS AND PUBLIC ENTERPRISES,PENDING IN THE COMMITTEE
Senate Bill No. 217,17th Congress (July 2016 - 2019),https://ldr.senate.gov.ph/bills/senate-bill-no-217-17th-congress-republic,SECURITY OF TENURE OF WORKERS IN THE PRIVATE SECTOR,"AN ACT STRENGTHENING THE SECURITY OF TENURE OR WORKERS IN THE PRIVATE SECTOR, AMENDING FOR THE PURPOSE ARTICLEES 248, 279, 280, 281 AND 288, AND INTRODUCING NEW ARTICLES 106, 106-A, 106-B, 106-C, 106-D, 106-E, 280-A AND 280-B TO PRESIDENTIAL DECREE NO. 442, AS AMENDED, OTHERWISE KNOWN AS THE LABOR CODE OF THE PHILIPPINES","HONTIVEROS, RISA","June 30, 2016",NATIONAL,SECURITY OF TENURE PRIVATE SECTOR EMPLOYEES LABOR CODE OF THE PHILIPPINES (P.D. NO. 442) JOB CONTRACTING,"LABOR, EMPLOYMENT AND HUMAN RESOURCES DEVELOPMENT",CONSOLIDATED/SUBSTITUTED IN THE COMMITTEE REPORT
Senate Bill No. 889,17th Congress (July 2016 - 2019),https://ldr.senate.gov.ph/bills/senate-bill-no-889-17th-congress-republic,DEATH PENALTY FOR AN ALIEN FOUND GUILTY OF DRUG TRAFFICKING,"AN ACT ADOPTING THE HIGHER PRESCRIBED PENALTY, INCLUDING DEATH, OF THE NATIONAL LAW OF AN ALIEN FOUND GUILTY OF TRAFFICKING DANGEROUS DRUGS AND OTHER SIMILAR SUBSTANCES, AMENDING FOR THE PURPOSE REPUBLIC ACT NO. 9165, OTHERWISE KNOWN AS THE COMPREHENSIVE DANGEROUS DRUGS ACT OF 2002","EJERCITO, JOSEPH VICTOR G.","July 26, 2016",NATIONAL,"COMPREHENSIVE DANGEROUS DRUGS ACT OF 2002, AMENDMENTS Death penalty FOREIGNERS/ALIEN",PUBLIC ORDER AND DANGEROUS DRUGS,PENDING IN THE COMMITTEE
Senate Bill No. 791,17th Congress (July 2016 - 2019),https://ldr.senate.gov.ph/bills/senate-bill-no-791-17th-congress-republic,LAND ADMINISTRATION REFORM ACT,AN ACT INSTITUTING REFORMS IN LAND ADMINISTRATION,"ESCUDERO, FRANCIS G.","July 21, 2016",NATIONAL,LAND ADMINISTRATION REFORM ACT,ENVIRONMENT AND NATURAL RESOURCES,PENDING IN THE COMMITTEE
Senate Bill No. 854,17th Congress (July 2016 - 2019),https://ldr.senate.gov.ph/bills/senate-bill-no-854-17th-congress-republic,SCHOOL VISITATION RIGHTS ACT,AN ACT GRANTING EMPLOYEES THREE DAYS PAID LEAVE TO ATTEND SCHOOL-RELATED ACTIVITIES OF THEIR CHILDREN,Ralph G. Recto,"July 21, 2016",NATIONAL,VISITATION RIGHTS LEAVE OF ABSENCE (SCHOOL INVOLVEMENT LEAVE),"LABOR, EMPLOYMENT AND HUMAN RESOURCES DEVELOPMENT",PENDING IN THE COMMITTEE
Senate Bill No. 1122,17th Congress (July 2016 - 2019),https://ldr.senate.gov.ph/bills/senate-bill-no-1122-17th-congress-republic,"AMENDING RA NO. 9165 (COMPREHENSIVE DANGEROUS DRUGS ACT OF 2002, AS AMENDED)","AN ACT STRENGTHENING THE DRUG REHABILITATION PROGRAMS OF THE GOVERNMENT, AMENDING FOR THIS PURPOSE REPUBLIC ACT NO. 9165 OTHERWISE KNOWN AS THE COMPREHENSIVE DANGEROUS DRUGS ACT OF 2002, AS AMENDED, APPROPRIATING FUNDS THEREOF, AND FOR OTHER PURPOSES","POE, GRACE","May 9, 2016",NATIONAL,"DANGEROUS DRUGS ACT OF 2002, R.A.NO. 9165 DRUG REHABILITATION",PUBLIC ORDER AND DANGEROUS DRUGS,PENDING IN THE COMMITTEE
Senate Bill No. 39,17th Congress (July 2016 - 2019),https://ldr.senate.gov.ph/bills/senate-bill-no-39-17th-congress-republic,"ANTI-ETHNIC, RACIAL, RELIGIOUS AND SEXUAL DISCRIMINATION AND PROFILING ACT","AN ACT PROHIBITING DISCRIMINATION, PROFILING, VIOLENCE AND ALL FORMS OF INTOLERANCE AGAINST PERSONS BASED ON ETHNICITY, RACE, RELIGION OR BELIEF, SEX, GENDER, SEXUAL ORIENTATION, GENDER IDENTITY, LANGUAGE, DISABILITY, OR OTHER STATUS","LEGARDA, LOREN B.","June 30, 2016",NATIONAL,ANTI-DISCRIMINATION ETHNIC GENDER DISCRIMINATION RELIGION/BELIEFS,CULTURAL COMMUNITIES,PENDING IN THE COMMITTEE
Senate Bill No. 309,17th Congress (July 2016 - 2019),https://ldr.senate.gov.ph/bills/senate-bill-no-309-17th-congress-republic,MAGNA CARTA OF WORKERS IN INFORMAL ECONOMY,"AN ACT PROVIDING FOR THE MAGNA CARTA OF WORKERS IN INFORMAL ECONOMY, INSTITUTIONALIZING MECHANISMS FOR IMPLEMENTATION THEREOF AND FOR OTHER PURPOSES","ANGARA, SONNY","April 7, 2016",NATIONAL,MAGNA CARTA OF WORKERS IN INFORMAL ECONOMY,"LABOR, EMPLOYMENT AND HUMAN RESOURCES DEVELOPMENT",CONSOLIDATED/SUBSTITUTED IN THE COMMITTEE REPORT
Senate Bill No. 553,17th Congress (July 2016 - 2019),https://ldr.senate.gov.ph/bills/senate-bill-no-553-17th-congress-republic,NEW MINING ENGINEERING ACT OF 2016,"AN ACT REGULATING THE PRACTICE OF MINING ENGINEERING IN THE PHILIPPINES, REPEALING FOR THE PURPOSE REPUBLIC ACT NUMBERED FOUR THOUSAND TWO HUNDRED SEVENTY FOUR (R.A. NO. 4274), AS AMENDED ENTITLED MINING ENGINEERING LAW OF THE PHILIPPINES, AND FOR OTHER PURPOSES",Antonio F. Trillanes IV,"July 19, 2016",NATIONAL,MINING ENGINEERING,"CIVIL SERVICE, GOVERNMENT REORGANIZATION AND PROFESSIONAL REGULATION",PENDING IN THE COMMITTEE
Senate Bill No. 1187,17th Congress (July 2016 - 2019),https://ldr.senate.gov.ph/bills/senate-bill-no-1187-17th-congress-republic,AMENDING R.A.NO. 8972 (SOLO PARENTS' WELFARE ACT OF 2010),"AN ACT AMENDING REPUBLIC ACT NO. 8972, OTHERWISE KNOWN AS THE SOLO PARENTS' WELFARE ACT OF 2010, PROVIDING FOR ADDITIONAL BENEFITS ON BASIC COMMODITIES, AND FOR OTHER PURPOSES","LEGARDA, LOREN B.","April 10, 2016",NATIONAL,SOLO PARENTS WELFARE ACT (R.A.NO. 8972) TUITION FEES DISCOUNT PRIVILEGES,"WOMEN, CHILDREN, FAMILY RELATIONS AND GENDER EQUALITY",PENDING IN THE COMMITTEE
Senate Bill No. 104,17th Congress (July 2016 - 2019),https://ldr.senate.gov.ph/bills/senate-bill-no-104-17th-congress-republic,BLOOD IDENTIFICATION ACT,"AN ACT REQUIRING ALL GOVERNMENT-ISSUED CERTIFICATES, LICENSES AND IDENTIFICATION CARDS TO PROVIDE THE CORRECT BLOOD TYPE OF THE PERSON THEREIN, AND PROVIDING A PENALTY FOR VIOLATION THEREOF","GORDON, RICHARD J.","June 30, 2016",NATIONAL,BLOOD TYPE IDENTIFICATION SYSTEM DRIVERS LICENSE,HEALTH AND DEMOGRAPHY,PENDING IN THE COMMITTEE
Senate Bill No. 615,17th Congress (July 2016 - 2019),https://ldr.senate.gov.ph/bills/senate-bill-no-615-17th-congress-republic,UNDERGROUND WIRING ACT OF 2016,"AN ACT REQUIRING ALL FRANCHISE GRANTEES USING WIRES AND CABLES IN THE OPERATION OF THEIR BUSINESS WITHIN THE PHILIPPINES TO PLACE THEIR WIRE AND CABLE CONNECTIONS UNDER THE GROUND, PROVIDING PENALTIES THEREOF AND FOR OTEHR PURPOSES",Antonio F. Trillanes IV,"July 19, 2016",NATIONAL,FRANCHISE SALES/FRANCHISE BUSINESS,PUBLIC SERVICES,PENDING IN THE COMMITTEE
Senate Bill No. 864,17th Congress (July 2016 - 2019),https://ldr.senate.gov.ph/bills/senate-bill-no-864-17th-congress-republic,UNIVERSITY OF THE PHILIPPINES CHARTER,"AN ACT AUTHORIZING THE SALE OF PARCELS OF LAND IN BARANGAY KRUS NA LIGAS, QUEZON CITY TO ITS LEGITIMATE AND QUALIFIED RESIDENTS, AMENDING FOR THE PURPOS REPUBLIC ACT NO. 9500, OTHERWISE KNOWN AS THE UNIVERSITY OF THE PHILIPPINES CHARTER OF 2008",Ralph G. Recto,"July 21, 2016",NATIONAL,University of the Philippines (U.P.) URBAN DEVELOPMENT AND HOUSING ACT (R.A. NO. 7279),"EDUCATION, ARTS AND CULTURE",CONSOLIDATED/SUBSTITUTED IN THE COMMITTEE REPORT
Senate Bill No. 927,17th Congress (July 2016 - 2019),https://ldr.senate.gov.ph/bills/senate-bill-no-927-17th-congress-republic,PHILIPPINE MINERAL RESOURCE REVENUE SHARING ACT OF 2016,"AN ACT ESTABLISHING THE FISCAL REGIME AND REVENUE SHARING ARRANGEMENT FOR LARGE-SCALE METALLIC MINING, AND FOR OTHER PURPOSES",Ralph G. Recto,"January 8, 2016",NATIONAL,MINERAL RESOURCES,WAYS AND MEANS,PENDING IN THE COMMITTEE
Senate Bill No. 625,17th Congress (July 2016 - 2019),https://ldr.senate.gov.ph/bills/senate-bill-no-625-17th-congress-republic,CRIME OF ALARM AND SCANDAL,"AN ACT IMPOSING MORE STRINGENT PENALTIES FOR THE CRIME OF ALARM AND SCANDAL, AMENDING FOR THIS PURPOSE ARTICLE 155 OF REPUBLIC ACT NO. 3815 OTHERWISE KNOWN AS THE REVISED PENAL CODE, AS AMENDED, AND FOR OTHER RELATED PURPOSES",Antonio F. Trillanes IV,"July 19, 2016",NATIONAL,REVISED PENAL CODE (R.A. NO. 3815),JUSTICE AND HUMAN RIGHTS,PENDING IN THE COMMITTEE
Senate Bill No. 687,17th Congress (July 2016 - 2019),https://ldr.senate.gov.ph/bills/senate-bill-no-687-17th-congress-republic,PANTAWID PAMILYANG PILIPINO PROGRAM ACT,AN ACT INSTITUTIONALIZING THE PANTAWID PAMILYANG PILIPINO PROGRAM,"Paolo Benigno ""Bam"" Aquino IV","July 20, 2016",NATIONAL,PANTAWID PAMILYANG PILIPINO PROGRAM (4PS) POVERTY ALLEVIATION,"SOCIAL JUSTICE, WELFARE AND RURAL DEVELOPMENT",CONSOLIDATED/SUBSTITUTED IN THE COMMITTEE REPORT
Senate Bill No. 1001,17th Congress (July 2016 - 2019),https://ldr.senate.gov.ph/bills/senate-bill-no-1001-17th-congress-republic,TRANSPORTATION NETWORK SERVICE ACT,"AN ACT REGULATING TRANSPORTATION NETWORK SERVICES, IMPOSING AND AUTHORIZING FEES, PROVIDING PENALTIES FOR VIOLATIONS THEREOF AND FOR OTHER PURPOSES","GATCHALIAN, WIN","August 8, 2016",NATIONAL,TRANSPORTATION,PUBLIC SERVICES,PENDING IN THE COMMITTEE
Senate Bill No. 1062,17th Congress (July 2016 - 2019),https://ldr.senate.gov.ph/bills/senate-bill-no-1062-17th-congress-republic,RESTRUCTURING THE INCOME TAX IMPOSED ON INDIVIDUALS,"AN ACT RESTRUCTURING THE INCOME TAX IMPOSED ON INDIVIDUALS AMENDING SECTION 24(A)(2) OF THE NATIONAL INTERNAL REVENUE CODE OF 1997, AS AMENDED, AND FOR OTHER PURPOSES","VILLANUEVA, JOEL","August 23, 2016",NATIONAL,TAXES (INDIVIDUAL INCOME TAX) NATIONAL INTERNAL REVENUE CODE (NIRC),WAYS AND MEANS,CONSOLIDATED/SUBSTITUTED IN THE COMMITTEE REPORT
Senate Bill No. 400,17th Congress (July 2016 - 2019),https://ldr.senate.gov.ph/bills/senate-bill-no-400-17th-congress-republic,SOCIAL SECURITY ACT,"AN ACT INCREASING PENSIONS UNDER THE SOCIAL SECURITY SYSTEM AMENDING FOR THE PURPOSE SECTION 12 OF REPUBLIC ACT NO. 1161, AS AMENDED, OTHERWISE KNOWN AS THE SOCIAL SECURITY ACT OF 1997","LEGARDA, LOREN B.","July 18, 2016",NATIONAL,SOCIAL SECURITY LAW (RA 1161) PENSION,GOVERNMENT CORPORATIONS AND PUBLIC ENTERPRISES,CONSOLIDATED/SUBSTITUTED IN THE COMMITTEE REPORT
Senate Bill No. 176,17th Congress (July 2016 - 2019),https://ldr.senate.gov.ph/bills/senate-bill-no-176-17th-congress-republic,POVERTY REDUCTION THROUGH SOCIAL ENTREPRENEURSHIP (PRESENT) ACT,AN ACT INSTITUTIONALIZING THE POVERTY REDUCTION THROUGH SOCIAL ENTREPRENEURSHIP PROGRAM AND PROMOTING SOCIAL ENTERPRISES WITH THE POOR AS PRIMARY STAKEHOLDERS,"Paolo Benigno ""Bam"" Aquino IV","June 30, 2016",NATIONAL,POVERTY REDUCTION THROUGH SOCIAL ENTREPRENEURSHIP,"TRADE, COMMERCE AND ENTREPRENEURSHIP",PENDING IN THE COMMITTEE
Senate Bill No. 1286,17th Congress (July 2016 - 2019),https://ldr.senate.gov.ph/bills/senate-bill-no-1286-17th-congress-republic,VIRTUAL ONE STOP SHOP ACT OF 2016,AN ACT ESTABLISHING THE VIRTUAL ONE STOP SHOP FOR THE PURPOSE OF STREAMLINING THE PERMITTING PROCESS OF POWER GENERATION PROJECTS,"GATCHALIAN, WIN","December 15, 2016",NATIONAL,ENERGY VIRTUAL ONE STOP SHOP (EVOSS) ENERGY GENERATING FACILITIES,ENERGY,CONSOLIDATED/SUBSTITUTED IN THE COMMITTEE REPORT
Senate Bill No. 465,17th Congress (July 2016 - 2019),https://ldr.senate.gov.ph/bills/senate-bill-no-465-17th-congress-republic,ALLOWING PURCHASE OF EQUIPMENT BEING USED BY THE ARMED FORCES OF ANOTHER COUNTRY,"AN ACT AMENDING SECTION 4(B) OF REPUBLIC ACT NO. 7898, OTHERWISE KNOWN AS THE AFP MODERNIZATION ACT, AS AMENDED BY REPUBLIC ACT NO. 10349, ESTABLISHING THE",Antonio F. Trillanes IV,"July 19, 2016",NATIONAL,ARMED FORCES OF THE PHILIPPINES (AFP),NATIONAL DEFENSE AND SECURITY,PENDING IN THE COMMITTEE
Senate Bill No. 241,17th Congress (July 2016 - 2019),https://ldr.senate.gov.ph/bills/senate-bill-no-241-17th-congress-republic,DIRECT REMITTANCE TO THE HOST LOCAL GOVERNMENT UNITS,"AN ACT PROVIDING FOR THE DIRECT REMITTANCE TO THE HOST LOCAL GOVERNMENT UNIT OF ITS FORTY PERCENT (40%) SHARE OF THE GROSS COLLECTION DERIVED BY THE NATIONAL GOVERNMENT FROM NATIONAL WEALTH TAXES, AMENDING FOR THE PURPOSE SECTION 293 OF REPUBLIC ACT NO. 7160, OTHERWISE KNOWN AS THE LOCAL GOVERNMENT CODE OF 1991",Gregorio B. Honasan II,"April 7, 2016",NATIONAL,LOCAL GOVERNMENT UNITS (LGUs) NATIONAL WEALTH TAXES/TAXATION LOCAL GOVERNMENT CODE (R.A. NO. 7160),LOCAL GOVERNMENT,PENDING IN THE COMMITTEE
Senate Bill No. 759,17th Congress (July 2016 - 2019),https://ldr.senate.gov.ph/bills/senate-bill-no-759-17th-congress-republic,CASH RETAIL PRICE OF GOODS AND SERVICES,AN ACT PROHIBITING MERCHANDISING STORES AND SERVICE ESTABLISHMENTS FROM CHARGING MORE THAN THE CASH RETAIL PRICE OF GOODS AND SERVICES PURCHASED WITH CREDIT CARDS AND PRESCRIBING PENALTIES FOR ANY VIOLATION THEREOF,"ESCUDERO, FRANCIS G.","July 21, 2016",NATIONAL,RETAIL FOOD STORES CREDIT CARD,"TRADE, COMMERCE AND ENTREPRENEURSHIP",PENDING IN THE COMMITTEE
Senate Bill No. 822,17th Congress (July 2016 - 2019),https://ldr.senate.gov.ph/bills/senate-bill-no-822-17th-congress-republic,NATIONAL INTERNAL REVENUE TAXES COLLECTED BY THE BIR AND THE BOC,"AN ACT TO INCLUDE IN THE COMPUTATION OF THE INTERNAL REVENUE ALLOTMENT (IRA), ALL THE NATIONAL INTERNAL REVENUE TAXES COLLECTED BY THE BUREAU OF INTERNAL REVENUE AND THE BUREAU OF CUSTOMS, AMENDING FOR THIS PURPOSE SECTION 284 OF REPUBLIC ACT NO. 7160, OTHERWISE KNOWN AS THE LOCAL GOVERNMENT CODE OF 1991",Ralph G. Recto,"July 21, 2016",NATIONAL,NATIONAL INTERNAL REVENUE CODE (NIRC) Bureau of Customs BUREAU OF INTERNAL REVENUE (BIR) LOCAL GOVERNMENT CODE (R.A. NO. 7160),LOCAL GOVERNMENT,PENDING IN THE COMMITTEE
Senate Bill No. 7,17th Congress (July 2016 - 2019),https://ldr.senate.gov.ph/bills/senate-bill-no-7-17th-congress-republic,SIM CARD REGISTRATION ACT OF 2016,AN ACT TO ERADICATE MOBILE PHONE - AIDED TERRORISM AND CRIMINAL ACTIVITIES MANDATING FOR THIS PURPOSE OWNERSHIP REGISRATION OF ALL PRE-PAID SIM CARDS FOR CELLULAR PHONES,"SOTTO III, VICENTE C.","June 30, 2016",NATIONAL,CELLULAR PHONES/CELL PHONES TERRORISM SIM CARD REGISTRATION,PUBLIC SERVICES,PENDING IN THE COMMITTEE
Senate Bill No. 277,17th Congress (July 2016 - 2019),https://ldr.senate.gov.ph/bills/senate-bill-no-277-17th-congress-republic,PARENTS' EMPOWERMENT ACT,AN ACT TO PROVIDE A CIVIL ACTION FOR A MINOR INJURED BY EXPOSURE TO AN ENTERTAINMENT PRODUCT CONTAINING MATERIAL THAT IS HARMFUL TO MINORS,"ESCUDERO, FRANCIS G.","April 7, 2016",NATIONAL,pornography CHILDREN/CHILD CARE parents,JUSTICE AND HUMAN RIGHTS,PENDING IN THE COMMITTEE
Senate Bill No. 523,17th Congress (July 2016 - 2019),https://ldr.senate.gov.ph/bills/senate-bill-no-523-17th-congress-republic,GOOD SAMARITAN ACT OF 2016,"AN ACT TO PROMOTE DONATIONS, IN GOOD FAITH, OR MEDICINES, FOOD PRODUCTS OR SUPPLIES BY ESTABLISHMENTS AND OTHER ENTITIES, INCLUDING INDIVIDUALS, BY EXEMPTING THEM FROM ANY FORM OF LIABILITY ARISING THEREFROM",Antonio F. Trillanes IV,"July 19, 2016",NATIONAL,GOOD SAMARITAN ACT,"SOCIAL JUSTICE, WELFARE AND RURAL DEVELOPMENT",PENDING IN THE COMMITTEE
Senate Bill No. 411,17th Congress (July 2016 - 2019),https://ldr.senate.gov.ph/bills/senate-bill-no-411-17th-congress-republic,THE HEALTH FACILITIES REGULATION ACT,AN ACT ENHANCING THE REGULATION OF HEALTH FACILITIES AND APPROPRIATING FUNDS THEREFOR,"LEGARDA, LOREN B.","July 18, 2016",NATIONAL,HEALTH FACILITIES,HEALTH AND DEMOGRAPHY,PENDING IN THE COMMITTEE
Senate Bill No. 187,17th Congress (July 2016 - 2019),https://ldr.senate.gov.ph/bills/senate-bill-no-187-17th-congress-republic,DEATH PENALTY ON THE HEINOUS CRIME OF AGGRAVATED RAPE,"AN ACT TO IMPOSE THE DEATH PENALTY ON THE HEINOUS CRIME OF AGGRAVATED RAPE, AMENDING FOR THAT PURPOSE THE REVISED PENAL LAWS, AS AMENDED, AND FOR OTHER PURPOSES","PACQUIAO, EMMANUEL ""MANNY"" D.","June 30, 2016",NATIONAL,Death penalty HEINOUS CRIMES REVISED PENAL CODE (R.A. NO. 3815) rape,JUSTICE AND HUMAN RIGHTS,PENDING IN THE COMMITTEE
Senate Bill No. 476,17th Congress (July 2016 - 2019),https://ldr.senate.gov.ph/bills/senate-bill-no-476-17th-congress-republic,SCIENCE HIGH SCHOOL ESTABLISHMENT ACT,"AN ACT TO ESTABLISH A SCIENCE HIGH SCHOOL IN ALL PROVINCES AND HIGHLY-URBANIZED CITIES, PROVIDING FUNDS THEREFOR AND FOR OTHER PURPOSES",Antonio F. Trillanes IV,"July 19, 2016",NATIONAL,SCIENCE HIGH SCHOOL,"EDUCATION, ARTS AND CULTURE",PENDING IN THE COMMITTEE
Senate Bill No. 770,17th Congress (July 2016 - 2019),https://ldr.senate.gov.ph/bills/senate-bill-no-770-17th-congress-republic,DONATION TRANSPARENCY ACT,AN ACT MANDATING THE FULL ACCOUNTING OF ALL DISASTER-RELIEF AID OR DONATIONS RECEIVED BY THE PHILIPPINE GOVERNMENT FOR NATURAL AND HUMAN-INDUCED CALAMITIES,"ESCUDERO, FRANCIS G.","July 21, 2016",NATIONAL,DONATIONS FOREIGN AID CALAMITY/DISASTER,FINANCE,PENDING IN THE COMMITTEE
Senate Bill No. 833,17th Congress (July 2016 - 2019),https://ldr.senate.gov.ph/bills/senate-bill-no-833-17th-congress-republic,SCHOOL SITE DEVELOPMENT AND INFRASTRUCTURE PLAN ACT OF 2016,AN ACT REQUIRING ALL PUBLIC ELEMENTARY AND SECONDARY SCHOOLS TO PREPARE AND IMPLEMENT A LAND USE DEVELOPMENT AND INFRASTRUCTURE PLAN FOR THE OPTIMUM UTILIZATION OF ITS RESOURCES IN ADDRESSING BASIC EDUCATION FACILITY SHORTAGES,Ralph G. Recto,"July 21, 2016",NATIONAL,SCHOOL SITES/SCHOOL CAMPUS BASIC LEARNING RESOURCES INFRASTUCTURES,"EDUCATION, ARTS AND CULTURE",PENDING IN THE COMMITTEE
Senate Bill No. 1096,17th Congress (July 2016 - 2019),https://ldr.senate.gov.ph/bills/senate-bill-no-1096-17th-congress-republic,AMENDING SEC. 109(1) OF THE NATIONAL INTERNAL REVENUE CODE OF 1997,"AN ACT EXEMPTING THE SALE OR IMPORTATION OF PETROLEUM PRODUCTS AND RAW MATERIALS IN THE MANUFACTURE THEREOF FROM THE EXPANDED VALUE ADDED TAX, AMENDING FOR THE PURPOSE SECTION 109 (1) OF THE NATIONAL INTERNAL REVENUE CODE (NIRC) OF 1997, AS AMENDED BY REPUBLIC ACT 9337, AND FOR OTHER PURPOSES","EJERCITO, JOSEPH VICTOR G.","August 25, 2016",NATIONAL,Petroleum products NATIONAL INTERNAL REVENUE CODE (NIRC) TAXES (VALUE-ADDED TAX / VAT),WAYS AND MEANS,CONSOLIDATED/SUBSTITUTED IN THE COMMITTEE REPORT
Senate Bill No. 288,17th Congress (July 2016 - 2019),https://ldr.senate.gov.ph/bills/senate-bill-no-288-17th-congress-republic,MAGNA CARTA FOR THE POOR,AN ACT PROVIDING FOR A MAGNA CARTA FOR THE POOR,Antonio F. Trillanes IV,"April 7, 2016",NATIONAL,MAGNA CARTA OF THE POOR,"SOCIAL JUSTICE, WELFARE AND RURAL DEVELOPMENT",CONSOLIDATED/SUBSTITUTED IN THE COMMITTEE REPORT
Senate Bill No. 102,17th Congress (July 2016 - 2019),https://ldr.senate.gov.ph/bills/senate-bill-no-102-17th-congress-republic,PHILIPPINE FLAG 9TH RAY TO SYMBOLIZE THE COMMUNITY OF MUSLIM LEADERS,"AN ACT INCREASING THE NUMBER OF RAYS OF THE SUN ON THE PHILIPPINE FLAG FROM EIGHT TO NINE, AMENDING FOR THE PURPOSE REPUBLIC ACT NO. 8491, OTHERWISE KNOWN AS THE FLAG AND HERALDIC CODE OF THE PHILIPPINES","GORDON, RICHARD J.","June 30, 2016",NATIONAL,FLAG AND HERALDIC CODE (R.A.NO. 8491) MUSLIM,"EDUCATION, ARTS AND CULTURE","PENDING SECOND READING, SPECIAL ORDER"
Senate Bill No. 1165,17th Congress (July 2016 - 2019),https://ldr.senate.gov.ph/bills/senate-bill-no-1165-17th-congress-republic,"NO GARAGE, NO CAR ACT OF 2016",AN ACT REQUIRING PARKING SPACE FROM MOTOR VEHICLE BUYERS IN METROPOLITAN AREAS AS A PRE-REQUISITE FOR THE PURCHASE OF A MOTOR VEHICLE AND REGISTRATION WITH THE LAND TRANSPORTATION OFFICE (LTO),"VILLANUEVA, JOEL","September 20, 2016",NATIONAL,Motor Vehicles,"TRADE, COMMERCE AND ENTREPRENEURSHIP",PENDING IN THE COMMITTEE
Senate Bill No. 82,17th Congress (July 2016 - 2019),https://ldr.senate.gov.ph/bills/senate-bill-no-82-17th-congress-republic,FREEDOM OF INFORMATION ACT,"AN ACT IMPLEMENTING THE RIGHT OF THE PEOPLE TO INFORMATION ON MATTERS OF PUBLIC CONCERN GUARANTEED UNDER SECTION SEVEN, ARTICLE THREE OF THE 1987 CONSTITUTION AND THE STATE POLICY OF FULL PUBLIC DISCLOSURE OF ALL ITS TRANSACTIONS INVOLVING PUBLIC INTEREST UNDER SECTION TWENTY-EIGHT, ARTICLE TWO OF THE 1987 CONSTITUTION, AND FOR OTHER PURPOSES","ESCUDERO, FRANCIS G.","June 30, 2016",NATIONAL,information,PUBLIC INFORMATION AND MASS MEDIA,CONSOLIDATED/SUBSTITUTED IN THE COMMITTEE REPORT
Senate Bill No. 353,17th Congress (July 2016 - 2019),https://ldr.senate.gov.ph/bills/senate-bill-no-353-17th-congress-republic,SHARED INFRASTRUCTURE FOR INFORMATION AND COMMUNICATIONS TECHNOLOGY (ICT) DEVELOPMENT ACT,"AN ACT PROVIDING FOR THE INSTALLATION OF INFORMATION AND COMMUNICATIONS INFRASTRUCTURE AS PART OF THE CONSTRUCTION OF STRATEGIC NATIONAL ROADS AND HIGHWAYS, APPROPRIATING FUNDS THEREOF AND FOR OTHER PURPOSES","Paolo Benigno ""Bam"" Aquino IV","April 7, 2016",NATIONAL,INFORMATION AND COMMUNICATIONS TECHNOLOGY (ICT) FIBER OPTIC NETWORK/CONVERGENCE NETWORK INFRASTUCTURES,SCIENCE AND TECHNOLOGY,PENDING IN THE COMMITTEE
Senate Bill No. 595,17th Congress (July 2016 - 2019),https://ldr.senate.gov.ph/bills/senate-bill-no-595-17th-congress-republic,NATIONAL CERVICAL CANCER DIAGNOSTIC AND TREATMENT FUND PROGRAM,AN ACT PROVIDING FOR A NATIONAL CERVICAL CANCER DIAGNOSTIC AND TREATMENT FUND,Antonio F. Trillanes IV,"July 19, 2016",NATIONAL,CERVICAL CANCER,HEALTH AND DEMOGRAPHY,CONSOLIDATED/SUBSTITUTED IN THE COMMITTEE REPORT
Senate Bill No. 1229,17th Congress (July 2016 - 2019),https://ldr.senate.gov.ph/bills/senate-bill-no-1229-17th-congress-republic,BURIAL ASSISTANCE ACT OF 2016,"AN ACT PROVIDING BURIAL ASSISTANCE FOR UNCLAIMED REMAINS AND FOR INDIGENT DECEDENTS, APPROPRIATING FUNDS THEREFOR, AND FOR OTHER PURPOSES","POE, GRACE","October 27, 2016",NATIONAL,INDIGENT PERSONS BURIAL ASSISTANCE,"SOCIAL JUSTICE, WELFARE AND RURAL DEVELOPMENT",PENDING IN THE COMMITTEE
Senate Bill No. 906,17th Congress (July 2016 - 2019),https://ldr.senate.gov.ph/bills/senate-bill-no-906-17th-congress-republic,TEACHER EDUCATION SCHOLARSHIP PROGRAM OF 2016,AN ACT PROVIDING SCHOLARSHIP GRANTS TO STUDENTS ENROLLING IN THE TEACHER EDUCATION AND PROVIDING INCENTIVES FOR TEACHING IN PUBLIC SCHOOLS,"GATCHALIAN, WIN","July 28, 2016",NATIONAL,STUDENTS SCHOLARSHIP GRANTS,"EDUCATION, ARTS AND CULTURE",PENDING IN THE COMMITTEE
Senate Bill No. 970,17th Congress (July 2016 - 2019),https://ldr.senate.gov.ph/bills/senate-bill-no-970-17th-congress-republic,VOLUNTARY BLOOD DONATION,"AN ACT AMENDING REPUBLIC ACT NO. 7719, AN ACT PROMOTING VOLUNTARY BLOOD DONATION, PROVIDING FOR AN ADEQUATE SUPPLY OF SAFE BLOOD, REGULATING BLOOD BANKS, AND PROVIDING PENALTIES FOR VIOLATION THEREOF, OTHERWISE KNOWN AS THE NATIONAL BLOOD SERVICES ACT OF 1994, AND FOR OTHER PURPOSES","GORDON, RICHARD J.","February 8, 2016",NATIONAL,BLOOD DONATION,HEALTH AND DEMOGRAPHY,PENDING IN THE COMMITTEE
Senate Bill No. 666,17th Congress (July 2016 - 2019),https://ldr.senate.gov.ph/bills/senate-bill-no-666-17th-congress-republic,DECLARING AUGUST 9 AS NATIONAL INDIGENOUS PEOPLES DAY,"AN ACT DECLARING THE NATIONAL INDIGENOUS PEOPLES DAY AS A NONWORKING HOLIDAY, AMENDING FOR THE PURPOSE REPUBLIC ACT NO. 10689, OTHERWISE KNOWN AS","Paolo Benigno ""Bam"" Aquino IV","July 20, 2016",NATIONAL,INDIGENOUS CULTURAL COMMUNITIES HOLIDAYS (SPECIAL NON-WORKING),CULTURAL COMMUNITIES,PENDING IN THE COMMITTEE
Senate Bill No. 361,17th Congress (July 2016 - 2019),https://ldr.senate.gov.ph/bills/senate-bill-no-361-17th-congress-republic,SOCIALIZED HOUSING FOR RESETTLEMENT PROJECTS,"AN ACT MANDATING LOCAL GOVERNMENT UNITS TO ALLOCATE FOR OTHER BASIC SERVICES AND LIVELIHOOD COMPONENTS IN FAVOR OF THE HOST LOCAL GOVERNMENT UNIT IN WHICH THEIR SOCIALIZED HOUSING FOR RESETTLEMENT PROJECT IS LOCATED, AMENDING FOR SAID PURPOSE REPUBLIC ACT NO. 7279, OTHERWISE KNOWN AS THE URBAN DEVELOPMENT AND HOUSING ACT OF 1992","BINAY, MARIA LOURDES NANCY S.","April 7, 2016",NATIONAL,URBAN DEVELOPMENT AND HOUSING ACT (R.A. NO. 7279) LOCAL GOVERNMENT UNITS (LGUs) HOUSING (SOCIALIZED HOUSING),"URBAN PLANNING, HOUSING AND RESETTLEMENT",PENDING IN THE COMMITTEE
Senate Bill No. 981,17th Congress (July 2016 - 2019),https://ldr.senate.gov.ph/bills/senate-bill-no-981-17th-congress-republic,BICYCLE FRIENDLY COMMUNITIES ACT OF 2016,"AN ACT INSTITUTIONALIZING THE USE OF BICYCLES AS AN ALTERNATIVE MODE OF TRANSPORTATION, ESTABLISHING APPROPRIATE INFRASTRUCTURE AND FACILITIES, APPROPRIATING FUNDS THEREFOR, AND FOR OTHER PURPOSES","POE, GRACE","March 8, 2016",NATIONAL,BICYCLE,PUBLIC SERVICES,PENDING IN THE COMMITTEE
Senate Bill No. 1044,17th Congress (July 2016 - 2019),https://ldr.senate.gov.ph/bills/senate-bill-no-1044-17th-congress-republic,VAT EXEMPTION ON SALES OF CONSTRUCTION MATERIALS FOR SOCIALIZED HOUSING,"AN ACT EXEMPTING SALES OF CONSTRUCTION MATERIALS AND LEASE OF CONSTRUCTION EQUIPMENT INTENDED FOR SOCIALIZED HOUSING PROJECTS AND HOUSING OR REHABILITATION PROJECTS FOR VICTIMS OF DISASTERS, FROM VALUE-ADDED TAX; AMENDING FOR THE PURPOSE OF SECTION 109 OF THE NATIONAL INTERNAL REVENUE CODE","BINAY, MARIA LOURDES NANCY S.","August 18, 2016",NATIONAL,CONSTRUCTION INDUSTRY HOUSING (SOCIALIZED HOUSING) TAXES (VALUE-ADDED TAX / VAT) NATIONAL INTERNAL REVENUE CODE (NIRC) CALAMITY/DISASTER,WAYS AND MEANS,PENDING IN THE COMMITTEE
Senate Bill No. 378,17th Congress (July 2016 - 2019),https://ldr.senate.gov.ph/bills/senate-bill-no-378-17th-congress-republic,HEALTH PROMOTION ACT OF 2016,"AN ACT ESTABLISHING A NATIONAL HEALTH PROMOTION INSTITUTE TO MAINSTREAM HEALTH PROMOTION IN THE PHILIPPINE HEALTH CARE SYSTEM, PROVIDING FOR A HEALTH PROMOTION FUND AND FOR OTHER PURPOSES","HONTIVEROS, RISA","April 7, 2016",NATIONAL,HEALTH CARE DELIVERY SYSTEM,HEALTH AND DEMOGRAPHY,PENDING IN THE COMMITTEE
Senate Bill No. 155,17th Congress (July 2016 - 2019),https://ldr.senate.gov.ph/bills/senate-bill-no-155-17th-congress-republic,PROTECTION OF WATERSHEDS SUPPORTING THE NATIONAL IRRIGATION SYSTEMS,"AN ACT TO PROMOTE THE PROTECTION,CONSERVATION AND REHABILITATION OF WATERSHEDS SUPPORTING THE NATIONAL IRRIGATION SYSTEMS (NIS) TO GUARANTEE CONTINUING SUPPLY OF WATER FOR AGRICULTURAL PRODUCTION AND TO INCREASE THE PRODUCTIVITY OF FARMERS TO SUSTAIN FOOD SELF-SUFFICIENCY AND PROVIDING THE FUNDING THEREOF","EJERCITO, JOSEPH VICTOR G.","June 30, 2016",NATIONAL,WATERSHEDS IRRIGATION,PUBLIC WORKS,PENDING IN THE COMMITTEE
Senate Bill No. 1265,17th Congress (July 2016 - 2019),https://ldr.senate.gov.ph/bills/senate-bill-no-1265-17th-congress-republic,SENIOR CITIZENS FREE MOVIE PRIVILEGE ACT OF 2016,AN ACT GRANTING SENIOR CITIZENS FREE MOVIE PRIVILEGE.,"GATCHALIAN, WIN","May 12, 2016",NATIONAL,SENIOR CITIZEN/ELDERLY,"SOCIAL JUSTICE, WELFARE AND RURAL DEVELOPMENT",PENDING IN THE COMMITTEE
Senate Bill No. 444,17th Congress (July 2016 - 2019),https://ldr.senate.gov.ph/bills/senate-bill-no-444-17th-congress-republic,PHILIPPINE ACADEMIC REGALIA ACT,AN ACT PRESCRIBING THE USE OF NEO-ETHNIC PHILIPPINE TEXTILES IN THE ACADEMIC REGALIA OF ALL STATE UNIVERSITIES AND COLLEGES,"LEGARDA, LOREN B.","July 19, 2016",NATIONAL,NEO-ETHNIC PHILIPPINE TEXTILE STATE COLLEGES AND UNIVERSITIES (SCUS),"EDUCATION, ARTS AND CULTURE",PENDING IN THE COMMITTEE
Senate Bill No. 220,17th Congress (July 2016 - 2019),https://ldr.senate.gov.ph/bills/senate-bill-no-220-17th-congress-republic,SCHOOL NUTRITION AND DIETARY ACT OF 2016,AN ACT INSTITUTING A SCHOOL NOURISHMENT AND DIETARY PROGRAM TO ALL PUBLIC ELEMENTARY SCHOOL STUDENTS PROVIDING FUNDS THEREFORE AND FOR OTHER PURPOSES,"SOTTO III, VICENTE C.","April 7, 2016",NATIONAL,nutrition SCHOOL HEALTH STUDENTS,"EDUCATION, ARTS AND CULTURE",CONSOLIDATED/SUBSTITUTED IN THE COMMITTEE REPORT
Senate Bill No. 36,17th Congress (July 2016 - 2019),https://ldr.senate.gov.ph/bills/senate-bill-no-36-17th-congress-republic,"MAGNA CARTA FOR PUBLIC SCHOOL TEACHERS,","AN ACT PROVIDING FOR SECURITY OF TENURE AND ADDITIONAL BENEFITS TO TEACHERS, AMENDING FOR THE PURPOSE REPUBLIC ACT NO. 4670, OTHERWISE KNOWN AS THE MAGNA CARTA FOR PUBLIC SCHOOL TEACHERS, AND FOR OTHER PURPOSES","LEGARDA, LOREN B.","June 30, 2016",NATIONAL,Magna Carta for Public School Teachers TEACHERS SECURITY OF TENURE,"EDUCATION, ARTS AND CULTURE",PENDING IN THE COMMITTEE
Senate Bill No. 796,17th Congress (July 2016 - 2019),https://ldr.senate.gov.ph/bills/senate-bill-no-796-17th-congress-republic,MANDATORY PHILHEALTH COVERAGE FOR ALL PWDS ACT OF 2016,"AN ACT GRANTING MANDATORY PHILHEALTH COVERAGE TO ALL PERSONS WITH DISABILITY, AMENDING FOR THE PURPOSE REPUBLIC ACT NO. 7277, AS AMENDED, OTHERWISE KNOWN AS THE",Ralph G. Recto,"July 21, 2016",NATIONAL,PHILIPPINE HEALTH INSURANCE CORPORATION (PHILHEALTH/PHIC) PERSONS WITH DISABILITIES (PWDS) MAGNA CARTA FOR PERSONS WITH DISABILITY (R.A. NO. 7277),HEALTH AND DEMOGRAPHY,CONSOLIDATED/SUBSTITUTED IN THE COMMITTEE REPORT
Senate Bill No. 100,17th Congress (July 2016 - 2019),https://ldr.senate.gov.ph/bills/senate-bill-no-100-17th-congress-republic,"AMENDING R.A.NO. 9369, AUTOMATED ELECTION SYSTEM",AN AMENDING SECTION 13 OF REPUBLIC ACT NO. 9369,"GORDON, RICHARD J.","June 30, 2016",NATIONAL,ELECTIONS/ELECTORAL REFORMS AUTOMATED ELECTION SYSTEM (R.A.NO. 9369),ELECTORAL REFORMS AND PEOPLES PARTICIPATION,CONSOLIDATED/SUBSTITUTED IN THE COMMITTEE REPORT
Senate Bill No. 1127,17th Congress (July 2016 - 2019),https://ldr.senate.gov.ph/bills/senate-bill-no-1127-17th-congress-republic,ELECTRICAL ENGINEERING ACT,AN ACT STRENGTHENING THE PRACTICE OF ELECTRICAL ENGINEERING IN THE PHILIPPINES AND INSTITUTING HIGHER STANDARDS OF REGULATION IN THE LICENSING AND REGISTRATION OF ELECTRICAL ENGINEERING PRACTITIONERS,"Paolo Benigno ""Bam"" Aquino IV","June 9, 2016",NATIONAL,ELECTRICAL ENGINEERING,"CIVIL SERVICE, GOVERNMENT REORGANIZATION AND PROFESSIONAL REGULATION",PENDING IN THE COMMITTEE
Senate Bill No. 558,17th Congress (July 2016 - 2019),https://ldr.senate.gov.ph/bills/senate-bill-no-558-17th-congress-republic,REFLECTORIZED VEHICLES AND CARRIAGES ACT,"AN ACT TO REQUIRE CERTAIN VEHICLES/CARRIAGES TRAVERSING MAIN AND SECONDARY ROADS TO USE REFLECTORS, PROVIDING PENALTIES THEREFOR AND FOR OTHER PURPOSES",Antonio F. Trillanes IV,"July 19, 2016",NATIONAL,"INFORMAL TRANSPORT (KULIGLIG, KARITON, CARTS, HORSE CARRIAGES) REFLECTORS",PUBLIC SERVICES,PENDING IN THE COMMITTEE
Senate Bill No. 1191,17th Congress (July 2016 - 2019),https://ldr.senate.gov.ph/bills/senate-bill-no-1191-17th-congress-republic,PHILIPPINE MINERAL RESOURCES ACT OF 2016,"AN ACT TO REGULATE THE RATIONAL EXPLORATION, DEVELOPMENT AND UTILIZATION OF MINERAL RESOURCES, AND TO ENSURE THE EQUITABLE SHARING OF BENEFITS FOR THE STATE, INDIGENOUS PEOPLES AND LOCAL COMMUNITIES, AND FOR OTHER PURPOSES","POE, GRACE","June 10, 2016",NATIONAL,MINERAL RESOURCES,ENVIRONMENT AND NATURAL RESOURCES,PENDING IN THE COMMITTEE
Senate Bill No. 302,17th Congress (July 2016 - 2019),https://ldr.senate.gov.ph/bills/senate-bill-no-302-17th-congress-republic,SECURITY OF TENURE ACT OF 2016,"AN ACT STRENGTHENING THE CONSTITUTION RIGHT TO SECURITY OF TENURE, AMENDING FOR THE PURPOSE THE LABOR CODE OF THE PHILIPPINES AND FOR OTHER PURPOSES","ZUBIRI, JUAN MIGUEL ""MIGZ"" F.","April 7, 2016",NATIONAL,SECURITY OF TENURE LABOR CODE OF THE PHILIPPINES (P.D. NO. 442) JOB CONTRACTING,"LABOR, EMPLOYMENT AND HUMAN RESOURCES DEVELOPMENT",CONSOLIDATED/SUBSTITUTED IN THE COMMITTEE REPORT
Senate Bill No. 868,17th Congress (July 2016 - 2019),https://ldr.senate.gov.ph/bills/senate-bill-no-868-17th-congress-republic,PNP-IAS REFORM ACT OF 2016,"AN ACT TO STRENGTHENING THE INTERNAL AFFAIRS SERVICE OF THE PHILIPPINE NATIONAL POLICE, AND FOR THIS PURPOSE AMENDING CERTAIN PROVISIONS OF THE PNP LAW UNDER REPUBLIC ACT SIXTY NINE AND SEVENTY FIVE (RA 6975) AS AMENDED BY REPUBLIC ACT EIGHTY FIVE HUNDRED AND FIFTY ONE (RA 8551), AND FOR OTHER PURPOSES","POE, GRACE","July 26, 2016",NATIONAL,PHILIPPINE NATIONAL POLICE (PNP) INTERNAL AFFAIRS SERVICE,JUSTICE AND HUMAN RIGHTS,PENDING IN THE COMMITTEE
Senate Bill No. 368,17th Congress (July 2016 - 2019),https://ldr.senate.gov.ph/bills/senate-bill-no-368-17th-congress-republic,QUALIFIED RECLUSION PERPETUA ACT,"AN ACT PUNISHING EXTRAORDINARY HEINOUS CRIMES WITH THE PENALTY OF QUALIFIED RECLUSION PERPETUA, THEREBY AMENDING REPUBLIC ACT NO. 9346, OTHERWISE KNOWN AS AN ACT PROHIBITING THE IMPOSITION OF DEATH PENALTY IN THE PHILIPPINES, AND FOR OTHER PURPOSES","DE LIMA, LEILA M.","April 7, 2016",NATIONAL,Death penalty HEINOUS CRIMES,JUSTICE AND HUMAN RIGHTS,PENDING IN THE COMMITTEE
Senate Bill No. 932,17th Congress (July 2016 - 2019),https://ldr.senate.gov.ph/bills/senate-bill-no-932-17th-congress-republic,ANTI-RED TAPE ACT OF 2007,"AN ACT TO FURTHER IMPROVE GOVERNMENT SERVICE DELIVERY, AMENDING FOR THE PURPOSE SECTION 8 OF REPUBLIC ACT NUMBER 9485, OTHERWISE KNOWN AS THE",Ralph G. Recto,"January 8, 2016",NATIONAL,RED TAPE,"TRADE, COMMERCE AND ENTREPRENEURSHIP",CONSOLIDATED/SUBSTITUTED IN THE COMMITTEE REPORT
Senate Bill No. 630,17th Congress (July 2016 - 2019),https://ldr.senate.gov.ph/bills/senate-bill-no-630-17th-congress-republic,BRITISH SCHOOL MANILA AS AN EDUCATIONAL INSTITUTION OF INTERNATIONAL CHARACTER,"AN ACT RECOGNIZING THE BRITISH SCHOOL MANILA AS AN EDUCATIONAL INSTITUTION OF INTERNATIONAL CHARACTER, GRANTING CERTAIN PREROGATIVES CONDUCIVE TO ITS GROWTH AS SUCH, AND FOR OTHER PURPOSES",Antonio F. Trillanes IV,"July 19, 2016",NATIONAL,educational institutions,"EDUCATION, ARTS AND CULTURE",CONSOLIDATED/SUBSTITUTED IN THE COMMITTEE REPORT
Senate Bill No. 1272,17th Congress (July 2016 - 2019),https://ldr.senate.gov.ph/bills/senate-bill-no-1272-17th-congress-republic,"GERMAN EUROPEAN SCHOOL MANILA, INCORPORATED","AN ACT RECOGNIZING THE GERMAN EUROPEAN SCHOOL MANILA, INCORPORATED AS AN EDUCATIONAL INSTITUTION OF INTERNATIONAL CHARACTER, GRANTING CERTAIN PREROGATIVES CONDUCIVE TO ITS GROWTH AS SUCH, AND FOR OTHER PURPOSES","GORDON, RICHARD J.","July 12, 2016",NATIONAL,GERMAN EUROPEAN SCHOOL MANILA,"EDUCATION, ARTS AND CULTURE",PENDING IN THE COMMITTEE
Senate Bill No. 692,17th Congress (July 2016 - 2019),https://ldr.senate.gov.ph/bills/senate-bill-no-692-17th-congress-republic,CORPORATION CODE,AN ACT AMENDING BATAS PAMBANSA BLG. 68 OTHERWISE KNOWN AS THE CORPORATION CODE OF THE PHILIPPINES,"Paolo Benigno ""Bam"" Aquino IV","July 20, 2016",NATIONAL,CORPORATION CODE,CONSTITUTIONAL AMENDMENTS AND REVISION OF CODES,CONSOLIDATED/SUBSTITUTED IN THE COMMITTEE REPORT
Senate Bill No. 1006,17th Congress (July 2016 - 2019),https://ldr.senate.gov.ph/bills/senate-bill-no-1006-17th-congress-republic,SOCIAL SECURITY CONDONATION PROGRAM,"AN ACT PROVIDING FOR THE CONDONATION OF PENALTIES FOR UNPAID SOCIAL SECURITY CONTRIBUTIONS OF HOUSEHOLD EMPLOYERS RELATIVE TO REPUBLIC ACT NO. 7655, ENTITLED AN ACT INCREASING THE MINIMUM WAGE OF HOUSEHELPERS, AMENDING FOR THE PURPOSE ARTICLE 143 OF PRESIDENTIAL DECREE NO. 442, AS AMENDED AND REPUBLIC ACT N O. 10361, ALSO KNOWN AS THE DOMESTIC WORKERS ACT OR BATAS KASAMBAHAY","GATCHALIAN, WIN","August 8, 2016",NATIONAL,CONDONATION BATAS KASAMBAHAY (R.A.NO. 10361) HOUSEHOLD HELPERS DOMESTIC WORKER SOCIAL SECURITY SYSTEM (SSS),"LABOR, EMPLOYMENT AND HUMAN RESOURCES DEVELOPMENT",PENDING IN THE COMMITTEE
Senate Bill No. 641,17th Congress (July 2016 - 2019),https://ldr.senate.gov.ph/bills/senate-bill-no-641-17th-congress-republic,PHILIPPINE CIVIL SERVICE REFORM,AN ACT ESTABLISHING THE PHILIPPINE CIVIL SERVICE REFORM CODE AND FOR OTHER PURPOSES,Antonio F. Trillanes IV,"July 20, 2016",NATIONAL,CIVIL SERVICE CODE,"CIVIL SERVICE, GOVERNMENT REORGANIZATION AND PROFESSIONAL REGULATION",PENDING IN THE COMMITTEE
Senate Bill No. 1282,17th Congress (July 2016 - 2019),https://ldr.senate.gov.ph/bills/senate-bill-no-1282-17th-congress-republic,BAGONG BAYANING FILIPINO HOSPITAL ACT,"AN ACT ESTABLISHING A SPECIAL HOSPITAL FOR OVERSEAS FILIPINO WORKERS (OFWS) AND THEIR DEPENDENTS TO BE KNOWN AS BAGONG BAYANING FILIPINO HOSPITAL, APPROPRIATING FUNDS THEREFOR AND FOR OTHER PURPOSES","VILLANUEVA, JOEL","December 14, 2016",NATIONAL,"HOSPITALS, ESTABLISHMENT OVERSEAS FILIPINO WORKERS (OFW)",HEALTH AND DEMOGRAPHY,PENDING IN THE COMMITTEE
Senate Bill No. 703,17th Congress (July 2016 - 2019),https://ldr.senate.gov.ph/bills/senate-bill-no-703-17th-congress-republic,COMMUNITY DISASTER WAREHOUSE BILL,AN ACT PROVIDING EMERGENCY WAREHOUSES IN AREAS DEVASTATED BY CALAMITIES TO ENSURE AFFECTED CONSUMERS ACCESS TO BASIC NECESSITIES AND PRIME COMMODITIES AT DISCOUNTED AND TAX FREE PRICES,"Paolo Benigno ""Bam"" Aquino IV","July 20, 2016",NATIONAL,EMERGENCY WAREHOUSE CALAMITY/DISASTER,"TRADE, COMMERCE AND ENTREPRENEURSHIP",PENDING IN THE COMMITTEE
Senate Bill No. 389,17th Congress (July 2016 - 2019),https://ldr.senate.gov.ph/bills/senate-bill-no-389-17th-congress-republic,DEVOTING AIRTIME AND SPACE TO EDUCATIONAL PROGRAMS FOR CHILDREN,"AN ACT GRANTING FISCAL INCENTIVES TO MEDIA ENTITLES DEVOTING AIRTIME AND SPACE TO EDUCATIONAL PROGRAMS FOR CHILDREN, AND TO ADVERTISERS OR SPONSORS SUPPORTING SUCH PROGRAMS, AND FOR OTHER PURPOSES","LEGARDA, LOREN B.","July 18, 2016",NATIONAL,FISCAL INCENTIVES TAX EXEMPTION BROADCAST MEDIA/BROADCASTING SYSTEM CHILDREN/CHILD CARE,PUBLIC INFORMATION AND MASS MEDIA,PENDING IN THE COMMITTEE
Senate Bill No. 135,17th Congress (July 2016 - 2019),https://ldr.senate.gov.ph/bills/senate-bill-no-135-17th-congress-republic,UPGRADING SALARY GRADE LEVEL OF TEACHERS FROM 11 TO 19,AN ACT UPGRADING THE MINIMUM SALARY GRADE LEVEL OF TEACHERS FROM SALARY GRADE 11 TO 19,"ANGARA, SONNY","June 30, 2016",NATIONAL,SALARY GRADE TEACHERS,"CIVIL SERVICE, GOVERNMENT REORGANIZATION AND PROFESSIONAL REGULATION",PENDING IN THE COMMITTEE
Senate Bill No. 455,17th Congress (July 2016 - 2019),https://ldr.senate.gov.ph/bills/senate-bill-no-455-17th-congress-republic,POLITICAL PARTY SYSTEM DEVELOPMENT ACT OF 2016,"AN ACT STRENGTHENING THE POLITICAL PARTY SYSTEM, APPROPRIATING FUNDS THEREFOR AND FOR OTHER PURPOSES",Antonio F. Trillanes IV,"July 19, 2016",NATIONAL,POLITICAL PARTY,ELECTORAL REFORMS AND PEOPLES PARTICIPATION,CONSOLIDATED/SUBSTITUTED IN THE COMMITTEE REPORT
Senate Bill No. 1017,17th Congress (July 2016 - 2019),https://ldr.senate.gov.ph/bills/senate-bill-no-1017-17th-congress-republic,MAINTENANCE AND WELFARE OF SENIOR CITIZENS ACT,"AN ACT PROVIDING FOR THE MAINTENANCE AND WELFARE OF SENIOR CITIZENS, FURTHER AMENDING REPUBLIC ACT NO. 7432, AS AMENDED, AND FOR OTHER PURPOSES","VILLANUEVA, JOEL","August 15, 2016",NATIONAL,SENIOR CITIZEN/ELDERLY,"SOCIAL JUSTICE, WELFARE AND RURAL DEVELOPMENT",PENDING IN THE COMMITTEE
Senate Bill No. 201,17th Congress (July 2016 - 2019),https://ldr.senate.gov.ph/bills/senate-bill-no-201-17th-congress-republic,PROOF-OF-PARKING SPACE ACT,AN ACT REGULATING THE SALE OF MOTOR VEHICLES IN METRO MANILA BY REQUIRING A PROOF-OF-PARKING SPACE OR FACILITY FROM MOTOR VEHICLE BUYERS AS A PREREQUISITE FOR THE PURCHASE OF A MOTOR VEHICLE AND REGISTRATION WITH THE LAND TRANSPORTATION OFFICE,"GATCHALIAN, WIN","June 30, 2016",NATIONAL,Motor Vehicles LAND TRANSPORTATION OFFICE (LTO),"TRADE, COMMERCE AND ENTREPRENEURSHIP",PENDING IN THE COMMITTEE
Senate Bill No. 1081,17th Congress (July 2016 - 2019),https://ldr.senate.gov.ph/bills/senate-bill-no-1081-17th-congress-republic,AMENDING SEC. 26 OF RA. NO. 8492 (NATIONAL MUSEUM ACT OF 1998),"AN ACT PROVIDING FOR THE RETENTION AND UTILIZATION OF THE INCOME DERIVED BY THE NATIONAL MUSEUM, AMENDING FOR THE PURPOSE SECTION 26 OF REPUBLIC ACT NO. 8492, OTHERWISE KNOWN AS THE NATIONAL MUSEUM ACT OF 1998","EJERCITO, JOSEPH VICTOR G.","August 25, 2016",NATIONAL,NATIONAL MUSEUM,"EDUCATION, ARTS AND CULTURE",CONSOLIDATED/SUBSTITUTED IN THE COMMITTEE REPORT
Senate Bill No. 15,17th Congress (July 2016 - 2019),https://ldr.senate.gov.ph/bills/senate-bill-no-15-17th-congress-republic,PHILIPPINE IDENTIFICATION SYSTEM ACT,AN ACT ESTABLISHING THE PHILIPPINE IDENTIFICATION SYSTEM,Franklin M. Drilon,"June 30, 2016",NATIONAL,IDENTIFICATION SYSTEM,JUSTICE AND HUMAN RIGHTS,CONSOLIDATED/SUBSTITUTED IN THE COMMITTEE REPORT
Senate Bill No. 775,17th Congress (July 2016 - 2019),https://ldr.senate.gov.ph/bills/senate-bill-no-775-17th-congress-republic,SPECIFICATION AND MEASUREMENT STANDARDS OF STREET AND ROAD SIGNS,"AN ACT REGULATING STREET AND ROAD SIGNS, WAITING SCHEDS, SPEED BUMPS, SIDEWALKS, PAVEMENTS, STREETLIGHT AND OTHER SIMILAR INSFRACTUCTURES PRESCRIBING THE SPECIFICATION AND MEASUREMENT STANDARDS THEREFOR AND FOR OTHER PURPOSES","ESCUDERO, FRANCIS G.","July 21, 2016",NATIONAL,ROAD SAFETY INFRASTUCTURES SIDEWALKS,PUBLIC WORKS,PENDING IN THE COMMITTEE
Senate Bill No. 79,17th Congress (July 2016 - 2019),https://ldr.senate.gov.ph/bills/senate-bill-no-79-17th-congress-republic,MINIMUM CIGARETTE PRICE LAW,AN ACT IMPOSING A CIGARETTE FLOOR PRICE ON TOBACCO PRODUCTS TO PREVENT ACCESS THERETO BY THE YOUTH AND TO ADDRESS THE ILLICIT TRADE OF TOBACCO PRODUCTS TO CHILDREN,"CAYETANO, ALAN PETER S.","June 30, 2016",NATIONAL,TOBACCO PRODUCTS/TOBACCO INDUSTRY TAXES (SIN TAX) CIGARS/CIGARETTES TAXES (VALUE-ADDED TAX / VAT) YOUTH,"TRADE, COMMERCE AND ENTREPRENEURSHIP",PENDING IN THE COMMITTEE
Senate Bill No. 838,17th Congress (July 2016 - 2019),https://ldr.senate.gov.ph/bills/senate-bill-no-838-17th-congress-republic,ENHANCED CONSUMER ACT OF 2016,"AN ACT GRANTING BROADER PROTECTION TO CONSUMERS AMENDING FOR THE PURPOSE REPUBLIC ACT NO. 7394, OTHERWISE KNOWN AS THE CONSUMER ACT OF THE PHILIPPINES",Ralph G. Recto,"July 21, 2016",NATIONAL,CONSUMER ACT (R.A.NO. 7394) CONSUMER PROTECTION,"TRADE, COMMERCE AND ENTREPRENEURSHIP",PENDING IN THE COMMITTEE
Senate Bill No. 538,17th Congress (July 2016 - 2019),https://ldr.senate.gov.ph/bills/senate-bill-no-538-17th-congress-republic,"ESTABLISH THE NATIONAL RESEARCH, DEVELOPMENT AND EXTENSION CENTER FOR BANANA","AN ACT TO ESTABLISH THE NATIONAL RESEARCH, DEVELOPMENT AND EXTENSION CENTER FOR BANANA, AUTHORIZING THE APPROPRIATION OF FUNDS THEREOF, AND FOR OTHER PURPOSES",Antonio F. Trillanes IV,"July 19, 2016",NATIONAL,BANANA,AGRICULTURE AND FOOD,PENDING IN THE COMMITTEE
Senate Bill No. 1170,17th Congress (July 2016 - 2019),https://ldr.senate.gov.ph/bills/senate-bill-no-1170-17th-congress-republic,ANTI-CORPORAL PUNISHMENT ACT OF 2016,"AN ACT PROHIBITING ALL FORMS OF CORPORAL PUNISHMENT AND ALL OTHER FORMS OF HUMILIATING OR DEGRADING PUNISHMENT OF CHILDREN AND PROMOTING POSITIVE AND NON-VIOLENT DISCIPLINE OF CHILDREN, APPROPRIATING FUNDS THEREFOR, AND FOR OTHER PURPOSES","BINAY, MARIA LOURDES NANCY S.","September 26, 2016",NATIONAL,CORPORAL PUNISHMENT CHILDREN/CHILD CARE,"WOMEN, CHILDREN, FAMILY RELATIONS AND GENDER EQUALITY",CONSOLIDATED/SUBSTITUTED IN THE COMMITTEE REPORT
Senate Bill No. 600,17th Congress (July 2016 - 2019),https://ldr.senate.gov.ph/bills/senate-bill-no-600-17th-congress-republic,CONDUCT AND ETHICAL STANDARDS FOR PUBLIC OFFICIALS AND EMPLOYEES,"AN ACT PROVIDING FOR STIFFER PENALTIES AGAINST PUBLIC OFFICALS AND EMPLOYEES WHO REFUSE OR NEGLECT TO ACT PROMPTLY ON THE PUBLIC'S PERSONAL TRANSACTIONS AND COMMUNICATIONS AS REQUIRED UNDER REPUBLIC ACT NO. 6713, OTHERWISE KNOWN AS THE CODE OF CONDUCT AND ETHICAL STANDARDS FOR PUBLIC OFFICIALS AND EMPLOYEES",Antonio F. Trillanes IV,"July 19, 2016",NATIONAL,CODE OF CONDUCT AND ETHICAL STANDARDS (R.A.NO. 6713) GOVERNMENT OFFICIAL/PUBLIC OFFICIAL,"CIVIL SERVICE, GOVERNMENT REORGANIZATION AND PROFESSIONAL REGULATION",PENDING IN THE COMMITTEE
Senate Bill No. 1234,17th Congress (July 2016 - 2019),https://ldr.senate.gov.ph/bills/senate-bill-no-1234-17th-congress-republic,THE BUILT CULTURAL HERITAGE ACT,"AN ACT FOR THE STEWARDSHIP AND CONSERVATION OF BUILT CULTURAL HERITAGE, AND FOR OTHER PURPOSES","Paolo Benigno ""Bam"" Aquino IV","October 11, 2016",NATIONAL,HERITAGE SITES/CULTURAL PROPERTY,"EDUCATION, ARTS AND CULTURE",PENDING IN THE COMMITTEE
Senate Bill No. 281,17th Congress (July 2016 - 2019),https://ldr.senate.gov.ph/bills/senate-bill-no-281-17th-congress-republic,ALTERNATIVE CARE OF CHILDREN ACT,"AN ACT RECOGNIZING AND STRENGTHENING ALTERNATIVE CARE OF CHILDREN, PROVIDING INCENTIVES TO AGENCIES PROVIDING THE SAME","ESCUDERO, FRANCIS G.","April 7, 2016",NATIONAL,CHILDREN/CHILD CARE,"WOMEN, CHILDREN, FAMILY RELATIONS AND GENDER EQUALITY",PENDING IN THE COMMITTEE
Senate Bill No. 346,17th Congress (July 2016 - 2019),https://ldr.senate.gov.ph/bills/senate-bill-no-346-17th-congress-republic,FORFEITURE POWERS OF THE STATE,"AN ACT STRENGTHENING THE FORFEITURE POWERS OF THE STATE, AMENDING FOR THE PURPOSE CERTAIN PROVISIONS OF REPUBLIC ACT NO. 1379, OTHERWISE KNOWN AS AN ACT DECLARING FORFEITURE IN FAVOR OF THE STATE OF ANY PROPERTY FOUND TO HAVE BEEN UNLAWFULLY ACQUIRED BY ANY PUBLIC OFFICER OR EMPLOYEE AND PROVIDING FOR THE PROCEEDINGS THEREFOR","POE, GRACE","April 7, 2016",NATIONAL,"FORFEITURE LAW (R.A.NO. 1379, AMENDMENTS)",JUSTICE AND HUMAN RIGHTS,PENDING IN THE COMMITTEE
Senate Bill No. 911,17th Congress (July 2016 - 2019),https://ldr.senate.gov.ph/bills/senate-bill-no-911-17th-congress-republic,OMNIBUS ELECTION CODE OF THE PHILIPPINES,"AN ACT AMENDING SECTIONS 69, 261 (CC) AND 264 OF BATAS PAMBANSA BLG. 881, OTHERWISE KNOW AS THE OMNIBUS ELECTION CODE OF THE PHILIPPINES, AS AMENDED, AND FOR OTHER PURPOSES","GATCHALIAN, WIN","July 28, 2016",NATIONAL,OMNIBUS ELECTION CODE (BATAS PAMBANSA BLG. 881) NUISANCE CANDIDATES ELECTIONS/ELECTORAL REFORMS,ELECTORAL REFORMS AND PEOPLES PARTICIPATION,PENDING IN THE COMMITTEE
Senate Bill No. 975,17th Congress (July 2016 - 2019),https://ldr.senate.gov.ph/bills/senate-bill-no-975-17th-congress-republic,IDLE GOVERNMENT-OWNED LANDS DISPOSITION ACT OF 2016,AN ACT PRESCRIBING THE MECHANISM TO FACILITATE THE DISPOSITION OF IDLE GOVERNMENT-OWNED LANDS FOR SOCIALIZED HOUSING,"ANGARA, SONNY","March 8, 2016",NATIONAL,LAND MANAGEMENT BUREAU HOUSING (SOCIALIZED HOUSING) IDLE GOVERNMENT LAND,"URBAN PLANNING, HOUSING AND RESETTLEMENT",PENDING IN THE COMMITTEE
Senate Bill No. 1251,17th Congress (July 2016 - 2019),https://ldr.senate.gov.ph/bills/senate-bill-no-1251-17th-congress-republic,GENDER-BASED ELECTRONIC VIOLENCE ACT OF 2016,"AN ACT DEFINING GENDER-BASED ELECTRONIC VIOLENCE, PROVIDING PROTECTIVE MEASURES AND PRESCRIBING PENALTIES THEREFOR, AND FOR OTHER PURPOSES","HONTIVEROS, RISA","November 22, 2016",NATIONAL,GENDER-BASED ELECTRONIC VIOLENCE,"WOMEN, CHILDREN, FAMILY RELATIONS AND GENDER EQUALITY",PENDING IN THE COMMITTEE
Senate Bill No. 671,17th Congress (July 2016 - 2019),https://ldr.senate.gov.ph/bills/senate-bill-no-671-17th-congress-republic,FREE CULTURAL EXPERIENCE FOR STUDENTS ACT,AN ACT GRANTING PUBLIC SCHOOL STUDENTS FREE ADMISSION TO ALL PUBLIC MUSEUMS AND NATIONAL HISTORICAL SHRINES AND LANDMARKS,"Paolo Benigno ""Bam"" Aquino IV","July 20, 2016",NATIONAL,NATIONAL MUSEUM STUDENTS NATIONAL SHRINE,"EDUCATION, ARTS AND CULTURE",CONSOLIDATED/SUBSTITUTED IN THE COMMITTEE REPORT
Senate Bill No. 732,17th Congress (July 2016 - 2019),https://ldr.senate.gov.ph/bills/senate-bill-no-732-17th-congress-republic,ANTI-THEFT AND ROBBERY OF PORTABLE COMMUNICATIONS DEVICES AND PORTABLE COMPUTERS ACT,AN ACT PROVIDING STIFFER PENALTIES FOR THE CRIME OF THEFT AND ROBBERY OF PORTABLE COMMUNICATIONS DEVICES AND PORTABLE COMPUTERS,"ESCUDERO, FRANCIS G.","July 21, 2016",NATIONAL,THEFT AND ROBBERY CELLULAR PHONES/CELL PHONES,JUSTICE AND HUMAN RIGHTS,PENDING IN THE COMMITTEE
Senate Bill No. 422,17th Congress (July 2016 - 2019),https://ldr.senate.gov.ph/bills/senate-bill-no-422-17th-congress-republic,SOIL AND WATER CONSERVATION ACT,AN ACT PROMOTING SOIL AND WATER CONSERVATION TECHNOLOGIES AND APPROACHES FOR SUSTAINABLE LAND MANAGEMENT IN THE PHILIPPINES AND FOR OTHER PURPOSES,"LEGARDA, LOREN B.","July 19, 2016",NATIONAL,SOIL AND WATER CONSERVATION,AGRICULTURE AND FOOD,PENDING IN THE COMMITTEE
Senate Bill No. 985,17th Congress (July 2016 - 2019),https://ldr.senate.gov.ph/bills/senate-bill-no-985-17th-congress-republic,IMPOSITION OF DEATH PENALTY FOR HEINOUS CRIMES,"AN ACT ALLOWING THE IMPOSITION OF THE DEATH PENALTY FOR HEINOUS CRIMES INVOLVING CHILD TRAFFICKING, EXPLOITATION, PROSTITUION, PORNOGRAPHY, AND RAPE","GATCHALIAN, WIN","August 8, 2016",NATIONAL,Death penalty HEINOUS CRIMES ANTI-TRAFFICKING,JUSTICE AND HUMAN RIGHTS,PENDING IN THE COMMITTEE
Senate Bill No. 168,17th Congress (July 2016 - 2019),https://ldr.senate.gov.ph/bills/senate-bill-no-168-17th-congress-republic,PROTECTION OF WATERSHEDS SUPPORTING THE NATIONAL IRRIGATION SYSTEM ACT OF 2016,"AN ACT FOR THE PROTECTION, CONSERVATION AND REHABILITATION OF WATERSHEDS SUPPORTING THE NATIONAL IRRIGATION SYSTEM (NIS) TO ENSURE CONTINOUS SUPPLY OF WATER FOR AGRICULTURAL PRODUCTION AND SELF-SUFFICIENCY IN FOOD AND PROVIDING FUNDS FOR THE PURPOSE","POE, GRACE","June 30, 2016",NATIONAL,WATERSHEDS IRRIGATION,PUBLIC WORKS,PENDING IN THE COMMITTEE
Senate Bill No. 487,17th Congress (July 2016 - 2019),https://ldr.senate.gov.ph/bills/senate-bill-no-487-17th-congress-republic,JUDICIAL RIGHT TO KNOW ACT,"AN ACT PROHIBITING COURT ORDERS, WRITS AND INJUNCTIONS WHICH PREVENT MEDIA REPORTS AND COMMENTARIES ON, OR PUBLICATION OF, PROCEEDINGS SUB JUDICE, EXCEPT UNDER CERTAIN CIRCUMSTANCES",Antonio F. Trillanes IV,"July 19, 2016",NATIONAL,JUDICIAL RIGHT TO KNOW ACT,JUSTICE AND HUMAN RIGHTS,PENDING IN THE COMMITTEE
Senate Bill No. 1049,17th Congress (July 2016 - 2019),https://ldr.senate.gov.ph/bills/senate-bill-no-1049-17th-congress-republic,RESETTING THE BARANGAY/SK ELECTIONS TO LAST MONDAY OF OCTOBER 2018,"AN ACT EXTENDING THE TERM OF OFFICE OF ELECTIVE BARANGAY OFFICIALS, POSTPONING THE OCTOBER 2016 BARANGAY AND SANGGUNIANG KABATAAN ELECTIONS, AMENDING FOR THE PURPOSE REPUBLIC ACT NO. 9164, AS AMENDED BY REPUBLIC ACT NO. 9340 AND REPUBLIC ACT NO. 10656, AND FOR OTHER PURPOSES","ANGARA, SONNY","August 18, 2016",NATIONAL,ELECTIONS/ELECTORAL REFORMS BARANGAY ELECTIONS/SK ELECTIONS,LOCAL GOVERNMENT,CONSOLIDATED/SUBSTITUTED IN THE COMMITTEE REPORT
Senate Bill No. 233,17th Congress (July 2016 - 2019),https://ldr.senate.gov.ph/bills/senate-bill-no-233-17th-congress-republic,REQUIREMENTS OF CONVERSION OF A MUNICIPALITY INTO A COMPONENT CITY,"AN ACT EXEMPTING FROM THE POPULATION AND THE LAND AREA REQUIREMENTS THE CONVERSION OF A MUNICIPALITY INTO A COMPONENT CITY IF IT HAS A LOCALLY GENERATED AVERAGE ANNUAL INCOME OF AT LEAST TWO HUNDRED FIFTY MILLION PESOS (P250,000,000.00), AMENDING FOR THE PURPOSE SECTION 450 OF REPUBLIC ACT NO. 7160, AS AMENDED, OTHERWISE KNOWN AS THE LOCAL GOVERNMENT CODE OF 1991","LACSON, PANFILO M.","April 7, 2016",NATIONAL,"LOCAL GOVERNMENT CODE (R.A. NO. 7160) MUNICIPALITY, CONVERSION (CITYHOOD) INCOME REQUIREMENT (CITYHOOD, CREATION OF MUNICIPALITY/PROVINCE)",LOCAL GOVERNMENT,CONSOLIDATED/SUBSTITUTED IN THE COMMITTEE REPORT
Senate Bill No. 742,17th Congress (July 2016 - 2019),https://ldr.senate.gov.ph/bills/senate-bill-no-742-17th-congress-republic,FORFEITURE LAW,"AN ACT AMENDING SECTION 6 OF REPUBLIC ACT NO. 1379, OTHERWISE KNOWN AS THE FORFEITURE LAW, TO PROVIDE A FIXED PERCENTAGE OF THE VALUE OF FORFEITED PROPERTIES IN CORRUPTION CASES AS ADDITIONAL FUNDING FOR THE OFFICE OF THE OMBUDSMAN AND FOR OTHER PURPOSES","ESCUDERO, FRANCIS G.","July 21, 2016",NATIONAL,"FORFEITURE LAW (R.A.NO. 1379, AMENDMENTS) OMBUDSMAN Ill-gotten wealth",JUSTICE AND HUMAN RIGHTS,PENDING IN THE COMMITTEE
Senate Bill No. 47,17th Congress (July 2016 - 2019),https://ldr.senate.gov.ph/bills/senate-bill-no-47-17th-congress-republic,SECRECY OF BANK DEPOSITS LAW,"AN ACT TO AMEND SECTION 2 OF REPUBLIC ACT NO. 1405 OTHERWISE KNOWN AS THE SECRECY OF BANK DEPOSITS LAW, EXEMPTING GOVERNMENT OFFICIALS AND EMPLOYEES FROM THE PROHIBITION AGAINST DISCLOSURE OF OR INQUIRY INTO DEPOSITS WITH ANY BANKING INSTITUTION AND FOR OTHER PURPOSES","LACSON, PANFILO M.","June 30, 2016",NATIONAL,GOVERNMENT EMPLOYEES GOVERNMENT OFFICIAL/PUBLIC OFFICIAL SECRECY OF BANK DEPOSITS LAW (R.A.NO. 1405) BANK DEPOSITS/BANK ACCOUNTS WAIVER,"BANKS, FINANCIAL INSTITUTIONS AND CURRENCIES",CONSOLIDATED/SUBSTITUTED IN THE COMMITTEE REPORT
Senate Bill No. 807,17th Congress (July 2016 - 2019),https://ldr.senate.gov.ph/bills/senate-bill-no-807-17th-congress-republic,"INCREASING TO THREE THOUSAND PESOS (3,000) THE MONTHLY PERSONNEL ECONOMIC RELIEF ALLOWANCE (PERA)","AN ACT INCREASING TO THREE THOUSAND PESOS (3,000) THE MONTHLY PERSONNEL ECONOMIC RELIEF ALLOWANCE (PERA) GRANTED TO GOVERNMENT EMPLOYEES, APPROPRIATING FUNDS THEREFOR AND FOR OTHER PURPOSES",Ralph G. Recto,"July 21, 2016",NATIONAL,PERSONNEL ECONOMIC RELIEF ALLOWANCE (PERA) GOVERNMENT EMPLOYEES,"CIVIL SERVICE, GOVERNMENT REORGANIZATION AND PROFESSIONAL REGULATION","PENDING SECOND READING, SPECIAL ORDER"
Senate Bill No. 113,17th Congress (July 2016 - 2019),https://ldr.senate.gov.ph/bills/senate-bill-no-113-17th-congress-republic,NATIONAL COMMITEE OF PREVENTION OF TORTURE (NCPT) AND OPCAT IMPLEMENTATION ACT OF 2015,"AN ACT ESTABLISHING THE NATIONAL COMMITEE FOR THE PREVENTION OF TORTURE (NCPT), THE NATIONAL PREVENTIVE MECHANISM AGAINST TORTURE AND OTHER CRUEL, INHUMAN, OR DEGRADING TREATMENT OR PUNISHMENT IN THE PHILIPPINES, PROVIDING A FRAMEWORK FOR IMPLEMENTING OBLIGATIONS UNDER THE OPTIONAL PROTOCOL TO THE UNITED NATIONS CONVENTION AGAINST TORTURE AND OTHER CRUEL, INHUMAN, OR DEGRADING TREATMENT OR PUNISHMENT (OPCAT), AND APPROPRIATING FUNDS THEREFOR","PIMENTEL, AQUILINO ""KOKO"" III","June 30, 2016",NATIONAL,torture,JUSTICE AND HUMAN RIGHTS,PENDING IN THE COMMITTEE
Senate Bill No. 881,17th Congress (July 2016 - 2019),https://ldr.senate.gov.ph/bills/senate-bill-no-881-17th-congress-republic,PILIPINONG MARINO ACT OF 2016,"AN ACT TO PROTECT THE INTEREST AND WELFARE OF FILIPINO SEAMEN AND SEA-BASED MIGRANT WORKERS, ESTABLISHING FOR THE PURPOSE A NATIONAL SEAFARERS ADMINISTRATION, APPROPRIATING FUNDS AND FOR OTHER PURPOSES","POE, GRACE","July 26, 2016",NATIONAL,SEAMAN SEAFARERS,"LABOR, EMPLOYMENT AND HUMAN RESOURCES DEVELOPMENT",PENDING IN THE COMMITTEE
Senate Bill No. 520,17th Congress (July 2016 - 2019),https://ldr.senate.gov.ph/bills/senate-bill-no-520-17th-congress-republic,PRIVATE LAND FORESTRY AND INCENTIVE ACT,"AN ACT INSTITUTIONALIZING PRIVATE LAND FORESTRY TO ENHANCE REFORESTATION AND ENVIRONMENTAL PROTECTION AND PROVIDING INCENTIVES THEREOF, AND FOR OTHER PURPOSES",Antonio F. Trillanes IV,"July 19, 2016",NATIONAL,PRIVATE LAND FORESTRY REFORESTATION ENVIRONMENTAL PROTECTION,ENVIRONMENT AND NATURAL RESOURCES,PENDING IN THE COMMITTEE
Senate Bill No. 1151,17th Congress (July 2016 - 2019),https://ldr.senate.gov.ph/bills/senate-bill-no-1151-17th-congress-republic,ANTI-SMUGGLING OF MIGRANTS ACT OF 2016,"AN ACT TO INSTITUTE POLICIES TO ELIMINATE SMUGGLING OF MIGRANTS, ESTABLISHING THE NECESSARY INSTITUTIONAL MECHANISMS FOR THIS PURPOSE, PROVIDING PENALTIES FOR ITS VIOLATIONS AND FOR OTHER PURPOSES","BINAY, MARIA LOURDES NANCY S.","September 19, 2016",NATIONAL,ANTI-SMUGGLING,JUSTICE AND HUMAN RIGHTS,PENDING IN THE COMMITTEE
Senate Bill No. 581,17th Congress (July 2016 - 2019),https://ldr.senate.gov.ph/bills/senate-bill-no-581-17th-congress-republic,SEATBELTS USE ACT,"AN ACT REQUIRING THE USE OF SEATBELT DEVICES IN SCHOOLS SERVICES, AMENDING FOR THIS PURPOSE REPUBLIC ACT NUMBERED 8750, OTHERWISE KNOWN AS THE SEATBELTS USE ACT OF 1999",Antonio F. Trillanes IV,"July 19, 2016",NATIONAL,SEATBELTS,PUBLIC SERVICES,PENDING IN THE COMMITTEE
Senate Bill No. 1215,17th Congress (July 2016 - 2019),https://ldr.senate.gov.ph/bills/senate-bill-no-1215-17th-congress-republic,PHILIPPINE HIV AND AIDS POLICY ACT OF 2016,"AN ACT STRENGTHENING THE PHILIPPINE COMPREHENSIVE POLICY ON HUMAN IMMUNODEFICIENCY VIRUS (HIV) AND ACQUIRED IMMUNE DEFICIENCY SYNDROME (AIDS) PREVENTION, TREATMENT, CARE AND SUPPORT, AND ESTABLISHING THE PHILIPPINE NATIONAL HIV AND AIDS PLAN, REPEALING FOR THE PURPOSE REPUBLIC ACT NO. 8504, OTHERWISE KNOWN AS THE 'PHILIPPINE AIDS PREVENTION AND CONTROL ACT OF 1998', AND APPROPRIATING FUNDS THEREFOR","POE, GRACE","October 19, 2016",NATIONAL,HUMAN IMMUNO DEFICIENCY VIRUS (HIV) ACQUIRED IMMUNE DEFICIENCY SYNDROME (AIDS),HEALTH AND DEMOGRAPHY,CONSOLIDATED/SUBSTITUTED IN THE COMMITTEE REPORT
Senate Bill No. 272,17th Congress (July 2016 - 2019),https://ldr.senate.gov.ph/bills/senate-bill-no-272-17th-congress-republic,NATIONAL BUILDING CODE OF THE PHILIPPINES,"AN ACT STRENGTHENING PRESIDENTIAL DECREE NO. 1097, THE NATIONAL BUILDING CODE OF THE PHILIPPINES, AS AMENDED BY MANDATING A COMPREHENSIVE NATIONWIDE INSPECTION OF BUILDINGS AND IMPOSING STIFF PENALTIES AGAINST BUILDING OFFICIALS WHO VIOLATE THE PERTINENT PROVISIONS OF THE SAID CODE","ESCUDERO, FRANCIS G.","April 7, 2016",NATIONAL,NATIONAL BUILDING CODE OF THE PHILIPPINES,PUBLIC WORKS,PENDING IN THE COMMITTEE
Senate Bill No. 892,17th Congress (July 2016 - 2019),https://ldr.senate.gov.ph/bills/senate-bill-no-892-17th-congress-republic,DISCRIMINATION AGAINST WOMEN ON ACCOUNT OF SEX,"AN ACT EXPANDING THE PROHIBITED ACTS OF DISCRIMINATION AGAINST WOMEN ON ACCOUNT OF SEX, AMENDING FOR THE PURPOSE ARTICLES 135 AND 137 OF PRESIDENTIAL DECREE NO. 442, AS AMENDED, OTHERWISE KNOWN AS THE LABOR CODE OF THE PHILIPPINES","EJERCITO, JOSEPH VICTOR G.","July 26, 2016",NATIONAL,ANTI-DISCRIMINATION WOMEN LABOR CODE OF THE PHILIPPINES (P.D. NO. 442),"LABOR, EMPLOYMENT AND HUMAN RESOURCES DEVELOPMENT","PENDING SECOND READING, SPECIAL ORDER"
Senate Bill No. 336,17th Congress (July 2016 - 2019),https://ldr.senate.gov.ph/bills/senate-bill-no-336-17th-congress-republic,MAGNA CARTA OF STUDENTS RIGHTS AND WELFARE ACT OF 2016,AN ACT PROVIDING FOR A MAGNA CARTA FOR STUDENTS RIGHTS AND WELFARE,"EJERCITO, JOSEPH VICTOR G.","April 7, 2016",NATIONAL,MAGNA CARTA FOR STUDENTS STUDENTS,"EDUCATION, ARTS AND CULTURE",PENDING IN THE COMMITTEE
Senate Bill No. 956,17th Congress (July 2016 - 2019),https://ldr.senate.gov.ph/bills/senate-bill-no-956-17th-congress-republic,MILITARY DEPENDENT'S BENEFITS ACT,"AN ACT PROVIDING FOR BENEFITS TO MILITARY DEPENDENTS, CREATING THE MILITARY DEPENDENTS WELFARE OFFICE, APPROPRIATING FUNDS THEREOF AND FOR OTHER PURPOSES","ANGARA, SONNY","January 8, 2016",NATIONAL,MILITARY DEPENDENTS BENEFITS,NATIONAL DEFENSE AND SECURITY,PENDING IN THE COMMITTEE
Senate Bill No. 654,17th Congress (July 2016 - 2019),https://ldr.senate.gov.ph/bills/senate-bill-no-654-17th-congress-republic,"TAX EXEMPTION ACT FOR ALL DONATIONS, GRANTS OR GIFTS TO NON-STOCK AND NON-PROFIT EDUCATIONAL INST.","AN ACT EXEMPTING FROM TAXES ALL DONATIONS, GRANTS OR GIFTS TO NON-STOCK AND NON-PROFIT EDUCATIONAL INSTITUTIONS","Paolo Benigno ""Bam"" Aquino IV","July 20, 2016",NATIONAL,TAX EXEMPTION DONATIONS educational institutions,WAYS AND MEANS,PENDING IN THE COMMITTEE
Senate Bill No. 717,17th Congress (July 2016 - 2019),https://ldr.senate.gov.ph/bills/senate-bill-no-717-17th-congress-republic,PHILIPPINE ABACA INDUSTRY DEVELOPMENT PROGRAM OF 2016,"AN ACT INSTITUTIONALIZING THE PHILIPPINE ABACA INDUSTRY DEVELOPMENT PROGRAM, PROVIDING FUNDS THEREFOR AND FOR OTHER PURPOSES","VILLAR, CYNTHIA A.","July 20, 2016",NATIONAL,ABACA,AGRICULTURE AND FOOD,PENDING IN THE COMMITTEE
Senate Bill No. 413,17th Congress (July 2016 - 2019),https://ldr.senate.gov.ph/bills/senate-bill-no-413-17th-congress-republic,LPG INDUSTRY SAFETY ACT,"AN ACT TO ESTABLISH THE MONITORING AND SUPERVISORY FRAMEWORK FOR THE SAFE OPERATIONS OF THE LIQUEFIED PETROLEUM GAS (LPG) INDUSTRY; RATIONALIZE THE MANUFACTURE, SALE, DISTRIBUTION, EXCHANGE, SWAPPING, REPAIR, REQUALIFICATION AND REHABILITATIONOF LPG CYLINDERS; PROVIDE ADDITIONAL POWERS TO THE DEPARTMENT OF TRADE AND INDUSTRY; DEFINE AND PENALIZE VIOLATIONS THEREOF AND FOR OTHER PURPOSES","LEGARDA, LOREN B.","July 19, 2016",NATIONAL,Liquefied Petroleum Gas (LPG) DEPARTMENT OF ENERGY (DOE),"TRADE, COMMERCE AND ENTREPRENEURSHIP",PENDING IN THE COMMITTEE
Senate Bill No. 1030,17th Congress (July 2016 - 2019),https://ldr.senate.gov.ph/bills/senate-bill-no-1030-17th-congress-republic,TOLUENE REGULATORY ACT OF 2016,AN ACT REGULATING THE SALE OF TOLUENE-BASED PRODUCTS,"VILLANUEVA, JOEL","August 16, 2016",NATIONAL,"TOLUENE (HOUSEHOLD LUBRICANTS, SPRAYS, SOLVENTS) ILLEGAL DRUGS","TRADE, COMMERCE AND ENTREPRENEURSHIP",PENDING IN THE COMMITTEE
Senate Bill No. 1094,17th Congress (July 2016 - 2019),https://ldr.senate.gov.ph/bills/senate-bill-no-1094-17th-congress-republic,REQUIRING POWER PRODUCERS OR ENERGY DEVELOPERS TO REMIT REQUIRED AMIOUNT TO HOST COMMUNITIES,"AN ACT REQUIRING ALL INDEPENDENT POWER PRODUCERS, GENERATION COMPANIES OR ENERGY RESOURCE DEVELOPERS TO REMIT THE AMOUNT THEY ARE REQUIRED TO SET ASIDE AS FINANCIAL BENEFIT DIRECTLY TO THE HOST COMMUNITIES","EJERCITO, JOSEPH VICTOR G.","August 25, 2016",NATIONAL,ENERGY RESOURCE DEVELOPERS (INDEPENDENT POWERS PRODUCERS),ENERGY,PENDING IN THE COMMITTEE
Senate Bill No. 478,17th Congress (July 2016 - 2019),https://ldr.senate.gov.ph/bills/senate-bill-no-478-17th-congress-republic,JUDICIAL TRANSPARENCY AND ETHICS ENCHANCEMENT ACT,"AN ACT TO ENHANCE TRANSPARENCY AND ETHICS IN THE JUDICIARY BY ESTABLISHING AN OFFICE OF INSPECTOR GENERAL FOR THE JUDICIAL BRANCH, DEFINING ITS POWERS AND FUNCTIONS, APPROPRIATING FUNDS THEREFOR, AND FOR OTHER PURPOSES",Antonio F. Trillanes IV,"July 19, 2016",NATIONAL,JUDICIARY (TRANSPARENCY/ETHICS) OFFICE OF INSPECTOR GENERAL,JUSTICE AND HUMAN RIGHTS,PENDING IN THE COMMITTEE
Senate Bill No. 1108,17th Congress (July 2016 - 2019),https://ldr.senate.gov.ph/bills/senate-bill-no-1108-17th-congress-republic,AMENDING SECS. 263 AND 264 OF BATAS PAMBANSA BILANG 881 (OMNIBUS ELECTION CODE OF THE PHILIPPINES),"AN ACT IDENTIFYING OTHER PERSONS CRIMINALLY LIABLE FOR ELECTION OFFENSES AND INCREASING THE PENALTIES FOR ELECTION-RELATED OFFENSES, AMENDING SECTIONS 263 AND 264 OF BATAS PAMBANSA BILANG 881, AS AMENDED OF THE OMNIBUS ELECTION CODE OF THE PHILIPPINES, AND SECTION 46 OF REPUBLIC ACT NO. 8189 OR THE VOTER'S REGISTRATION ACT OF 1996, AND FOR OTHER PURPOSES","EJERCITO, JOSEPH VICTOR G.","August 25, 2016",NATIONAL,ELECTION-RELATED OFFENSES ELECTIONS/ELECTORAL REFORMS OMNIBUS ELECTION CODE (BATAS PAMBANSA BLG. 881),ELECTORAL REFORMS AND PEOPLES PARTICIPATION,"PENDING SECOND READING, SPECIAL ORDER"
Senate Bill No. 163,17th Congress (July 2016 - 2019),https://ldr.senate.gov.ph/bills/senate-bill-no-163-17th-congress-republic,ANTI-DISCRIMINATION ACT OF 2016,"AN ACT PROHIBITING DISCRIMINATION ON THE BASIS OF ETHNICITY, RACE, RELIGION OR BELIEF, SEX OR GENDER OR SEXUAL ORIENTATION, LANGUAGE, DISABILITY, EDUCATIONAL ATTAINMENT AND OTHER FORMS OF DISCRIMINATION AND PROVIDING PENALTIES FOR THE PURPOSE","POE, GRACE","June 30, 2016",NATIONAL,ANTI-DISCRIMINATION ETHICS GENDER DISCRIMINATION RELIGION/BELIEFS,CULTURAL COMMUNITIES,PENDING IN THE COMMITTEE
Senate Bill No. 788,17th Congress (July 2016 - 2019),https://ldr.senate.gov.ph/bills/senate-bill-no-788-17th-congress-republic,MANDATING BIR TO HAVE EXCLUSIVE JURISDICTION OVER ALL TAX-RELATED CASES,"AN ACT AMENDING SECTION 220, CHAPTER II, TITLE VIII OF REPUBLIC ACT NO. 8424, OTHERWISE KNOWN AS AN ACT AMENDING THE NATIONAL INTERNAL REVENUE CODE, AS AMENDED, AND FOR OTHER PURPOSES","ESCUDERO, FRANCIS G.","July 21, 2016",NATIONAL,NATIONAL INTERNAL REVENUE CODE (NIRC) BUREAU OF INTERNAL REVENUE (BIR),WAYS AND MEANS,PENDING IN THE COMMITTEE
Senate Bill No. 228,17th Congress (July 2016 - 2019),https://ldr.senate.gov.ph/bills/senate-bill-no-228-17th-congress-republic,PUBLIC-PRIVATE PARTNERSHIP ACT,"AN ACT INSTITUTIONALIZING AND STRENGTHENING PUBLIC-PRIVATE PARTNERSHIPS, AND APPROPRIATING FUNDS THEREFOR",Franklin M. Drilon,"April 7, 2016",NATIONAL,PUBLIC-PRIVATE PARTNERSHIP (PPP) PROJECTS,PUBLIC WORKS,PENDING IN THE COMMITTEE
Senate Bill No. 851,17th Congress (July 2016 - 2019),https://ldr.senate.gov.ph/bills/senate-bill-no-851-17th-congress-republic,MODERNIZING PUBLIC HEALTH INFRASTRUCTURE PROGRAM,"AN ACT MODERNIZING PUBLIC HEALTH INFRASTRUCTURE, PROVIDING FUNDS FROM THE PHILIPPINE AMUSEMENT AND GAMING CORPORATION (PAGCOR) INCOME, AMENDING FOR THE PURPOSE PRESIDENTIAL DECREE NO. 1869, AS AMENDED BY REPUBLIC ACT NO. 9487",Ralph G. Recto,"July 21, 2016",NATIONAL,INFRASTUCTURES PHILIPPINE AMUSEMENT AND GAMING CORPORATION (PAGCOR),GOVERNMENT CORPORATIONS AND PUBLIC ENTERPRISES,PENDING IN THE COMMITTEE
Senate Bill No. 1119,17th Congress (July 2016 - 2019),https://ldr.senate.gov.ph/bills/senate-bill-no-1119-17th-congress-republic,LINGUNAN NATIONAL HIGH SCHOOL,"AN ACT CREATING A NATIONAL HIGH SCHOOL IN BARANGAY LINGUNAN, VALENZUELA CITY TO BA KNOWN AS LINGUNAN NATIONAL HIGH SCHOOL AND APPROPRIATING FUNDS THERFOR","GATCHALIAN, WIN","May 9, 2016",LOCAL,"SCHOOLS, ESTABLISHMENT",RULES,PENDING IN THE COMMITTEE
Senate Bill No. 550,17th Congress (July 2016 - 2019),https://ldr.senate.gov.ph/bills/senate-bill-no-550-17th-congress-republic,FAMILIES COMMISSION ACT OF 2016,"AN ACT ESTABLISHING THE FAMILIES COMMISSION, PROVIDING FUNDS THEREFOR, AND FOR OTHER PURPOSES",Antonio F. Trillanes IV,"July 19, 2016",NATIONAL,FAMILY COMMISSION,"WOMEN, CHILDREN, FAMILY RELATIONS AND GENDER EQUALITY",PENDING IN THE COMMITTEE
Senate Bill No. 1183,17th Congress (July 2016 - 2019),https://ldr.senate.gov.ph/bills/senate-bill-no-1183-17th-congress-republic,BALIK SCIENTIST ACT,"AN ACT INSTITUTIONALIZING THE BALIK SCIENTIST PROGRAM, APPROPRIATING FUNDS THEREFOR, AND FOR OTHER PURPOSES","Paolo Benigno ""Bam"" Aquino IV","April 10, 2016",NATIONAL,BALIK SCIENTIST PROGRAM,SCIENCE AND TECHNOLOGY,CONSOLIDATED/SUBSTITUTED IN THE COMMITTEE REPORT
Senate Bill No. 612,17th Congress (July 2016 - 2019),https://ldr.senate.gov.ph/bills/senate-bill-no-612-17th-congress-republic,FOREIGNERS' LEASE ACT OF 2016,"AN ACT STRENGTHENING THE RIGHTS OF FOREIGNERS TO LEASE PRIVATE LANDS, THEREBY REPEALING REPUBLIC ACT NO. 7652, ENTITLED",Antonio F. Trillanes IV,"July 19, 2016",NATIONAL,FOREIGNERS/ALIEN Foreign investments,JUSTICE AND HUMAN RIGHTS,PENDING IN THE COMMITTEE
Senate Bill No. 861,17th Congress (July 2016 - 2019),https://ldr.senate.gov.ph/bills/senate-bill-no-861-17th-congress-republic,FOREST LANDS LIMITS ACT OF 2016,AN ACT PROVIDING FOR THE DELINEATION OF THE SPECIFIC FOREST LIMITS OF THE PUBLIC DOMAIN AND FOR OTHER PURPOSES,Ralph G. Recto,"July 21, 2016",NATIONAL,FOREST LAND/FOREST LIMITS,ENVIRONMENT AND NATURAL RESOURCES,PENDING IN THE COMMITTEE
Senate Bill No. 304,17th Congress (July 2016 - 2019),https://ldr.senate.gov.ph/bills/senate-bill-no-304-17th-congress-republic,FOUNDING ANNIVERSARY OF THE IGLESIA NI CRISTO,"AN ACT DECLARING THE TWENTY SEVENTH DAY OF JULY OF EVERY YEAR A SPECIAL NONWORKING HOLIDAY IN RECOGNITION OF THE FOUNDING ANNIVERSARY OF THE IGLESIA NI CRISTO (INC), AMENDING FOR THE PURPOSE SECTION 3 OF REPUBLIC ACT NO.9645 AND SECTION 26, CHAPTER 7 OF EXECUTIVE ORDER NO. 292, OTHERWISE KNOWN AS THE ADMINISTRATIVE CODE OF 1987 AS AMENDED","ZUBIRI, JUAN MIGUEL ""MIGZ"" F.","April 7, 2016",NATIONAL,HOLIDAYS (SPECIAL NON-WORKING) IGLESIA NI CRISTO (INC) ADMINISTRATIVE CODE OF 1987 (E.O.NO. 292),"EDUCATION, ARTS AND CULTURE",PENDING IN THE COMMITTEE
Senate Bill No. 924,17th Congress (July 2016 - 2019),https://ldr.senate.gov.ph/bills/senate-bill-no-924-17th-congress-republic,CHEAPER ELECTRICITY BILL ACT,AN ACT REDUCING ELECTRICITY RATES BY ALLOCATING THE NET NATIONAL GOVERNMENT SHARE FROM THE MALAMPAYA NATURAL GAS PROJECT FOR THE PAYMENT OF THE STRANDED CONTRACT COSTS AND STRANDED DEBTS OF THE NATIONAL POWER CORPORATION,Ralph G. Recto,"January 8, 2016",NATIONAL,MALAMPAYA NATURAL GAS PROJECT ELECTRICITY RATE REDUCTION NATIONAL POWER CORPORATION (NAPOCOR),ENERGY,CONSOLIDATED/SUBSTITUTED IN THE COMMITTEE REPORT
Senate Bill No. 370,17th Congress (July 2016 - 2019),https://ldr.senate.gov.ph/bills/senate-bill-no-370-17th-congress-republic,REHABILITATION AND REVITALIZATION OF THE PHILIPPINE NATIONAL RAILWAYS,"AN ACT PROMOTING THE REHABILITATION AND REVITALIZATION OF THE PHILIPPINE NATIONAL RAILWAYS, AMENDING FOR THE PURPOSE REPUBLIC ACT NO. 4156, AS AMEMDED, ENTITLED","DE LIMA, LEILA M.","April 7, 2016",NATIONAL,PHILIPPINE NATIONAL RAILWAYS (PNR),GOVERNMENT CORPORATIONS AND PUBLIC ENTERPRISES,PENDING IN THE COMMITTEE
Senate Bill No. 622,17th Congress (July 2016 - 2019),https://ldr.senate.gov.ph/bills/senate-bill-no-622-17th-congress-republic,HIGHWAY SAFETY PROGRAM ACT OF 2016,"AN ACT PROVIDING FOR A HIGHWAY SAFETY PROGRAM IN THE PHILIPPINES, AND FOR OTHER PURPOSES",Antonio F. Trillanes IV,"July 19, 2016",NATIONAL,HIGHWAY SAFETY PROGRAM,PUBLIC SERVICES,PENDING IN THE COMMITTEE
Senate Bill No. 1263,17th Congress (July 2016 - 2019),https://ldr.senate.gov.ph/bills/senate-bill-no-1263-17th-congress-republic,AUTOMATIC RELEASE OF INMATES AND PRISONERS (ARIP) ACT OF 2016,"AN ACT MANDATING THE AUTOMATIC RELEASE OF INMATES, PRISONERS AND OR DETAINEES AS A CONSEQUENCE OF PERIOD IN CUSTODY OR TIME SERVED THAT IS EQUAL TO OR MORE THAN THE POSSIBLE MAXIMUM IMPRISONMENT PRESCRIBE FOR THE OFFENSE CHARGED, PRESCRIBING PENALTIES THEREFORE, AND FOR OTHER PURPOSES","BINAY, MARIA LOURDES NANCY S.","May 12, 2016",NATIONAL,PRISONERS/INMATES,JUSTICE AND HUMAN RIGHTS,PENDING IN THE COMMITTEE
Senate Bill No. 684,17th Congress (July 2016 - 2019),https://ldr.senate.gov.ph/bills/senate-bill-no-684-17th-congress-republic,RURAL EMPLOYMENT ASSISTANCE (REAP) ACT,AN ACT PROVIDING FOR RURAL EMPLOYMENT ASSISTANCE PROGRAM AND APPROPRIATING FUNDS THEREOF,"Paolo Benigno ""Bam"" Aquino IV","July 20, 2016",NATIONAL,RURAL EMPLOYMENT,"SOCIAL JUSTICE, WELFARE AND RURAL DEVELOPMENT",CONSOLIDATED/SUBSTITUTED IN THE COMMITTEE REPORT
Senate Bill No. 380,17th Congress (July 2016 - 2019),https://ldr.senate.gov.ph/bills/senate-bill-no-380-17th-congress-republic,INTERNATIONAL DISASTER RELIEF AND INITIAL RECOVERY ASSISTANCE ACT,AN ACT FACILITATING AND REGULATING INTERNATIONAL DISASTER RELIEF AND INITIAL RECOVERY ASSISTANCE AND FOR OTHER PURPOSES,"LEGARDA, LOREN B.","July 18, 2016",NATIONAL,CALAMITY/DISASTER,NATIONAL DEFENSE AND SECURITY,PENDING IN THE COMMITTEE
Senate Bill No. 998,17th Congress (July 2016 - 2019),https://ldr.senate.gov.ph/bills/senate-bill-no-998-17th-congress-republic,SALARY STANDARDIZATION LAW OF 2016,AN ACT MODIFYING THE COMPENSATION AND POSITION CLASSIFICATION SYSTEM OF CIVILIAN GOVERNMENT PERSONNEL AND THE BASE PAY SCHEDULE OF MILITARY AND UNIFORMED PERSONNEL IN THE GOVERNMENT,"LEGARDA, LOREN B.","August 8, 2016",NATIONAL,SALARY STANDARDIZATION MILITARY AND UNIFORMED PERSONNEL GOVERNMENT EMPLOYEES,"CIVIL SERVICE, GOVERNMENT REORGANIZATION AND PROFESSIONAL REGULATION",CONSOLIDATED/SUBSTITUTED IN THE COMMITTEE REPORT
Senate Bill No. 446,17th Congress (July 2016 - 2019),https://ldr.senate.gov.ph/bills/senate-bill-no-446-17th-congress-republic,GREEN ROOFTOP ACT,"AN ACT PROMOTING GREEN ROOFTOPS ON ALL NEW COMMERCIAL, INDUSTRIAL AND GOVERNMENT-OWNED BUILDINGS IN THE COUNTRY","LEGARDA, LOREN B.","July 19, 2016",NATIONAL,GREEN ROOFTOPS ACT,ENVIRONMENT AND NATURAL RESOURCES,PENDING IN THE COMMITTEE
Senate Bill No. 1060,17th Congress (July 2016 - 2019),https://ldr.senate.gov.ph/bills/senate-bill-no-1060-17th-congress-republic,FALSE BOMB THREAT PROHIBITION ACT OF 2016,"AN ACT PENALIZING THE DISSEMINATION OF FALSE INFORMATION AS TO THE PRESENCE OF BOMBS, EXPLOSIVES AND OTHER INCENDIARY DEVICES IN HIGH DENSITY OR SENSITIVE PLACES AND PROVIDING PENALTIES THEREFOR","POE, GRACE","August 23, 2016",NATIONAL,"BOMBS, EXPLOSIVES AND OTHER INCENDIARY DEVICES information",PUBLIC ORDER AND DANGEROUS DRUGS,PENDING IN THE COMMITTEE
Senate Bill No. 130,17th Congress (July 2016 - 2019),https://ldr.senate.gov.ph/bills/senate-bill-no-130-17th-congress-republic,"THE NATIONAL REVENUE CODE OF 1997, AMENDMENTS","AN ACT AMENDING SECTION 24 OF THE NATIONAL REVENUE CODE OF 1997, AS AMENDED, AND FOR OTHER PURPOSES","ANGARA, SONNY","June 30, 2016",NATIONAL,NATIONAL INTERNAL REVENUE CODE (NIRC) TAXES (INDIVIDUAL INCOME TAX),WAYS AND MEANS,CONSOLIDATED/SUBSTITUTED IN THE COMMITTEE REPORT
Senate Bill No. 756,17th Congress (July 2016 - 2019),https://ldr.senate.gov.ph/bills/senate-bill-no-756-17th-congress-republic,NATIONAL STUDENT LEADER'S DAY ACT,AN ACT DECLARING THE SEVENTEENTH OF NOVEMBER OF EVERY YEAR AS NATIONAL STUDENT LEADER'S DAY,"ESCUDERO, FRANCIS G.","July 21, 2016",NATIONAL,STUDENTS,"EDUCATION, ARTS AND CULTURE",CONSOLIDATED WITH APPROVED BILL
Senate Bill No. 196,17th Congress (July 2016 - 2019),https://ldr.senate.gov.ph/bills/senate-bill-no-196-17th-congress-republic,"THE BANK SECRECY LAW, REMOVING FROM ITS COVERAGE, GOVERNMENT OFFICIALS AND EMPLOYEES","AN ACT AMENDING REPUBLIC ACT NO. 1405, ALSO KNOWN AS THE BANK SECRECY LAW, AS AMENDED, BY REMOVING FROM ITS COVERAGE, GOVERNMENT OFFICIALS AND EMPLOYEES, AND FOR OTHER PURPOSES","DE LIMA, LEILA M.","June 30, 2016",NATIONAL,BANK DEPOSITS/BANK ACCOUNTS SECRECY OF BANK DEPOSITS LAW (R.A.NO. 1405) GOVERNMENT EMPLOYEES GOVERNMENT OFFICIAL/PUBLIC OFFICIAL,"BANKS, FINANCIAL INSTITUTIONS AND CURRENCIES",CONSOLIDATED/SUBSTITUTED IN THE COMMITTEE REPORT
Senate Bill No. 819,17th Congress (July 2016 - 2019),https://ldr.senate.gov.ph/bills/senate-bill-no-819-17th-congress-republic,LIBRENG KOLEHIYO PARA SA BATANG SIYENTIPIKO ACT OF 2016,"AN ACT GRANTING FREE TERTIARY EDUCATION TO THE TOP FIVE PERCENT (5%) GRADUATES OF PUBLIC SCIENCE HIGH SCHOOLS PURSUING A DEGREE IN THE FIELD OF SCIENCE AND TECHNOLOGY, MATHEMATICS AND ENGINEERING",Ralph G. Recto,"July 21, 2016",NATIONAL,SCIENCE HIGH SCHOOL FREE TERTIARY EDUCATION ENGINEERING MATHEMATICS SCIENCE AND TECHNOLOGY,"EDUCATION, ARTS AND CULTURE",PENDING IN THE COMMITTEE
Senate Bill No. 391,17th Congress (July 2016 - 2019),https://ldr.senate.gov.ph/bills/senate-bill-no-391-17th-congress-republic,PARENTAL AUTHORITY OVER THE PERSON OF THEIR COMMON CHILDREN,"AN ACT ENSURING EQUALITY BETWEEN SPOUSES IN THE EXERCISE OF PARENTAL AUTHORITY OVER THE PERSON AND LEGAL GUARDIANSHIP OVER THE PROPERTY OF COMMON CHILDREN, AMENDING FOR THE PURPOSEARTICLES 211 AND 225 OF THE FAMILY CODE OF THE PHILIPPINES","LEGARDA, LOREN B.","July 18, 2016",NATIONAL,parents FAMILY CODE (E.O. NO. 209),"WOMEN, CHILDREN, FAMILY RELATIONS AND GENDER EQUALITY",PENDING IN THE COMMITTEE
Senate Bill No. 1009,17th Congress (July 2016 - 2019),https://ldr.senate.gov.ph/bills/senate-bill-no-1009-17th-congress-republic,TAX EXEMPTIONS ON SWEEPSTAKES AND LOTTO WINNINGS,"AN ACT AMENDING SECTION 24 AND 25 OF REPUBLIC ACT NO. 8424, OTHERWISE KNOWN AS THE NATIONAL INTERNAL REVENUE CODE OF 1997, AS AMENDED BY REMOVING THE TAX EXEMPTION ON SWEEPTAKES AND LOTTO WINNINGS IN THE PHILIPPINES","ANGARA, SONNY","August 8, 2016",NATIONAL,TAX EXEMPTION LOTTERY NATIONAL INTERNAL REVENUE CODE (NIRC),WAYS AND MEANS,CONSOLIDATED/SUBSTITUTED IN THE COMMITTEE REPORT
Senate Bill No. 457,17th Congress (July 2016 - 2019),https://ldr.senate.gov.ph/bills/senate-bill-no-457-17th-congress-republic,ONE HUNDRED (100)-DAY MATERNITY LEAVE LAW OF 2016,"AN ACT INCREASING THE MATERNITY LEAVE PERIOD TO ONE HUNDRED (100) DAYS FOR FEMALE EMPLOYEES IN THE GOVERNMENT SERVICE AND IN THE PRIVATE SECTOR, AND GRANTING AN OPTION TO EXTEND FOR AN ADDITIONAL THIRTY (30) DAYS WITHOUT PAY, AMENDING FOR THE PURPOSE REPUBLIC ACT NO. 1161, AS AMENDED, AND FOR OTHER PURPOSES",Antonio F. Trillanes IV,"July 19, 2016",NATIONAL,Maternity Leave,"WOMEN, CHILDREN, FAMILY RELATIONS AND GENDER EQUALITY",CONSOLIDATED/SUBSTITUTED IN THE COMMITTEE REPORT
Senate Bill No. 1073,17th Congress (July 2016 - 2019),https://ldr.senate.gov.ph/bills/senate-bill-no-1073-17th-congress-republic,PHILIPPINE VOIP ACT OF 2016,AN ACT TO PROMOTE AND GOVERN THE DEVELOPMENT OF VOICE OVER INTERNET PROTOCOL IN THE PHILIPPINES,"EJERCITO, JOSEPH VICTOR G.","August 25, 2016",NATIONAL,VOIP (VOICE OVER INTERNET PROTOCOL),SCIENCE AND TECHNOLOGY,PENDING IN THE COMMITTEE
Senate Bill No. 141,17th Congress (July 2016 - 2019),https://ldr.senate.gov.ph/bills/senate-bill-no-141-17th-congress-republic,INTEGRATED URBAN AGRICULTURE ACT OF 2016,"AN ACT MANDATING THE DEPARTMENT OF AGRICULTURE TO PROMOTE URBAN AGRICULTURAL DEVELOPMENT IN THE COUNTRY'S METROPOLITAN AREAS, TO ADDRESS FOOD SECURITY, AND PROVIDING FUNDS THEREFOR","VILLAR, CYNTHIA A.","June 30, 2016",NATIONAL,DEPARTMENT OF AGRICULTURE FOOD SECURITY TAX CREDIT AGRICULTURAL DEVELOPMENT,AGRICULTURE AND FOOD,PENDING IN THE COMMITTEE
Senate Bill No. 767,17th Congress (July 2016 - 2019),https://ldr.senate.gov.ph/bills/senate-bill-no-767-17th-congress-republic,PENALTY CONDONATION ON DELINQUENT SSS CONTRIBUTION,"AN ACT AUTHORIZING THE SOCIAL SECURITY COMMISSION TO CONDONE PENALTIES ON DELINQUENT CONTRIBUTIONS AND TO DETERMINE THE MONTHLY SALARY CREDITS, THE SCHEDULE AND RATE OF CONTRIBUTIONS AND UNPAID LOAN AMORTIZATIONS, AMENDING FOR THE PURPOSE REPUBLIC ACT NO. 1161, AS AMENDED, OTHERWISE KNOWN AS THE SOCIAL SECURITY LAW","ESCUDERO, FRANCIS G.","July 21, 2016",NATIONAL,CONDONATION SOCIAL SECURITY SYSTEM (SSS) SOCIAL SECURITY LAW (RA 1161),GOVERNMENT CORPORATIONS AND PUBLIC ENTERPRISES,CONSOLIDATED/SUBSTITUTED IN THE COMMITTEE REPORT
Senate Bill No. 499,17th Congress (July 2016 - 2019),https://ldr.senate.gov.ph/bills/senate-bill-no-499-17th-congress-republic,NATIONAL REGISTRY OF DISEASES ACT,AN ACT ESTABLISHING THE NATIONAL REGISTRY OF DISEASES AND FOR OTHER PURPOSES,Antonio F. Trillanes IV,"July 19, 2016",NATIONAL,NATIONAL REGISTRY OF DISEASES DISEASES REGISTRY,HEALTH AND DEMOGRAPHY,PENDING IN THE COMMITTEE
Senate Bill No. 143,17th Congress (July 2016 - 2019),https://ldr.senate.gov.ph/bills/senate-bill-no-143-17th-congress-republic,PHILIPPINE CROP PROTECTION ACT OF 2016,"AN ACT ESTABLISHING THE NATIONAL CROP PROTECTION PROGRAM, CREATING THE PHILIPPINE CROP PROTECTION AGENCY BY CONSOLIDATING THE DISPARATE CROP PROTECTION, QUARANTINE AND PEST MANAGEMENT EFFORTS, ACTIVITIES, AND AGENCIES, INTO A HOLISTIC AND INTEGRATED SERVICE TO PROMOTE THE SUSTAINABILITY AND GREATER PRODUCTIVITY OF THE PHILIPPINE AGRICULTURE SECTOR, AND FOR OTHER PURPOSES","VILLAR, CYNTHIA A.","June 30, 2016",NATIONAL,PHILIPPINE CROP PROTECTION AGENCY (PCPA),AGRICULTURE AND FOOD,PENDING IN THE COMMITTEE
Senate Bill No. 1130,17th Congress (July 2016 - 2019),https://ldr.senate.gov.ph/bills/senate-bill-no-1130-17th-congress-republic,LEAP ACT OF 2016,"AN ACT ESTABLISHING A LABOR EMPOWERMENT ASSISTANCE PROGRAM, AMENDING PRESIDENTIAL DECREE NO. 442, AS AMENDED, OTHERWISE KNOWN AS THE LABOR CODE OF THE PHILIPPINES, APPROPRIATING FUNDS THEREFOR AND FOR OTHER PURPOSES","VILLANUEVA, JOEL","July 9, 2016",NATIONAL,LABOR CODE OF THE PHILIPPINES (P.D. NO. 442) LABOR EMPOWERMENT (TO ADDRESS JOB-SKILL MISMATCH),"LABOR, EMPLOYMENT AND HUMAN RESOURCES DEVELOPMENT",PENDING IN THE COMMITTEE
Senate Bill No. 561,17th Congress (July 2016 - 2019),https://ldr.senate.gov.ph/bills/senate-bill-no-561-17th-congress-republic,PHILIPPINE MANGO ACT OF 2016,"AN ACT TO PROMOTE AND DEVELOP THE PHILIPPINE MANGO INDUSTRY, CREATING FOR THIS PURPOSE THE PHILIPPINE MANGO INDUSTRY DEVELOPMENT BOARD, APPROPRIATING FUNDS THEREFOR, AND FOR OTHER PURPOSES",Antonio F. Trillanes IV,"July 19, 2016",NATIONAL,PHILIPPINE MANGO INDUSTRY,AGRICULTURE AND FOOD,PENDING IN THE COMMITTEE
Senate Bill No. 209,17th Congress (July 2016 - 2019),https://ldr.senate.gov.ph/bills/senate-bill-no-209-17th-congress-republic,NATIONAL TECH-VOC DAY,AN ACT DECLARING THE TWENTY-FIFTH DAY OF AUGUST OF EVERY YEAR AS THE NATIONAL TECH-VOC DAY,"VILLANUEVA, JOEL","June 30, 2016",NATIONAL,HOLIDAYS (SPECIAL WORKING) TECHNICAL-VOCATIONAL (TECH-VOC),"LABOR, EMPLOYMENT AND HUMAN RESOURCES DEVELOPMENT",APPROVED BY THE PRESIDENT OF THE PHILIPPINES
Senate Bill No. 1194,17th Congress (July 2016 - 2019),https://ldr.senate.gov.ph/bills/senate-bill-no-1194-17th-congress-republic,MAGNA CARTA OF STUDENT-ATHLETES,AN ACT PROVIDING FOR THE MAGNA CARTA OF STUDENT-ATHLETES,"VILLANUEVA, JOEL","October 10, 2016",NATIONAL,MAGNA CARTA FOR STUDENTS ATHLETES,"EDUCATION, ARTS AND CULTURE",PENDING IN THE COMMITTEE
Senate Bill No. 305,17th Congress (July 2016 - 2019),https://ldr.senate.gov.ph/bills/senate-bill-no-305-17th-congress-republic,COOPERATIVE DEVELOPMENT AUTHORITY CHARTER ACT,"AN ACT REORGANIZING THE COOPERATIVE DEVELOPMENT AUTHORITY, REPEALING FOR THE PURPOSE REPUBLIC ACT NO. 6939, CREATING THE COOPERATIVE DEVELOPMENT AUTHORITY","ZUBIRI, JUAN MIGUEL ""MIGZ"" F.","April 7, 2016",NATIONAL,COOPERATIVE DEVELOPMENT AUTHORITY REORGANIZATION,COOPERATIVES,CONSOLIDATED/SUBSTITUTED IN THE COMMITTEE REPORT
Senate Bill No. 371,17th Congress (July 2016 - 2019),https://ldr.senate.gov.ph/bills/senate-bill-no-371-17th-congress-republic,EXTENDING THE TERM OF OFFICE OF ELECTIVE BARANGAY OFFICIALS TO FIVE YEARS,"AN ACT EXTENDING THE TERM OF OFFICE OF ELECTIVE BARANGAY OFFICIALS TO FIVE YEARS WITH MAXIMUM OF TWO CONSECUTIVE TERMS, AND POSTPONING THE OCTOBER 2016 SYNCHRONIZED BARANGAY AND SANGGUNIANG KABATAAN ELECTIONS, AND FOR OTHER PURPOSES","DE LIMA, LEILA M.","April 7, 2016",NATIONAL,BARANGAY OFFICIALS BARANGAY ELECTIONS/SK ELECTIONS ELECTIONS/ELECTORAL REFORMS,LOCAL GOVERNMENT,CONSOLIDATED/SUBSTITUTED IN THE COMMITTEE REPORT
Senate Bill No. 871,17th Congress (July 2016 - 2019),https://ldr.senate.gov.ph/bills/senate-bill-no-871-17th-congress-republic,PROHIBITING AND PENALIZING WIRETAPPING,"AN ACT AMENDING REPUBLIC ACT NO. 4200, OTHERWISE KNOWN AS AN ACT TO PROHIBIT AND PENALIZE WIRETAPPING AND OTHER RELATED VIOLATIONS OF THE PRIVACY OF COMMUNICATION, AND FOR OTHER PURPOSES","POE, GRACE","July 26, 2016",NATIONAL,Wiretapping,PUBLIC ORDER AND DANGEROUS DRUGS,CONSOLIDATED/SUBSTITUTED IN THE COMMITTEE REPORT
Senate Bill No. 935,17th Congress (July 2016 - 2019),https://ldr.senate.gov.ph/bills/senate-bill-no-935-17th-congress-republic,ANTI-DISCRIMINATION ACT,AN ACT PROHIBITING DISCRIMINATION ON THE BASIS OF SEXUAL ORIENTATION AND GENDER IDENTITY OR EXPRESSION (SOGIE) AND PROVIDING PENALTIES THEREFOR,"HONTIVEROS, RISA","January 8, 2016",NATIONAL,ANTI-DISCRIMINATION Gender equality,"WOMEN, CHILDREN, FAMILY RELATIONS AND GENDER EQUALITY",CONSOLIDATED/SUBSTITUTED IN THE COMMITTEE REPORT
Senate Bill No. 633,17th Congress (July 2016 - 2019),https://ldr.senate.gov.ph/bills/senate-bill-no-633-17th-congress-republic,NUISANCE CANDIDATE,"AN ACT EXPANDING THE GROUNDS FOR DECLARING A PERSON A NUISANCE CANDIDATE, THEREBY AMENDING SECTION 69 OF BATAS PAMBANSA BILANG 881 OTHERWISE KNOWN AS THE OMNIBUS ELECTION CODE",Antonio F. Trillanes IV,"July 19, 2016",NATIONAL,NUISANCE CANDIDATES OMNIBUS ELECTION CODE (BATAS PAMBANSA BLG. 881) ELECTIONS/ELECTORAL REFORMS,ELECTORAL REFORMS AND PEOPLES PARTICIPATION,PENDING IN THE COMMITTEE
Senate Bill No. 695,17th Congress (July 2016 - 2019),https://ldr.senate.gov.ph/bills/senate-bill-no-695-17th-congress-republic,AMENDMENTS TO THE PUBLIC SERVICE ACT,"AN ACT AMENDING SECTION 13(B) OF COMMONWEALTH ACT NO. 146, AS AMENDED AND FOR OTHER PURPOSES","Paolo Benigno ""Bam"" Aquino IV","July 20, 2016",NATIONAL,PUBLIC SERVICE ACT (COMMONWEALTH ACT NO. 146),PUBLIC SERVICES,CONSOLIDATED/SUBSTITUTED IN THE COMMITTEE REPORT
Senate Bill No. 381,17th Congress (July 2016 - 2019),https://ldr.senate.gov.ph/bills/senate-bill-no-381-17th-congress-republic,EQUAL POWERS OF ADMINISTRATION OF CONJUGAL PARTNERSHIP,"AN ACT ENSURING EQUAL POWERS OF ADMINISTRATION AND ENJOYMENT OF COMMUNITY PROPERTY OR CONJUGAL PARTNERSHIP BETWEEN SPOUSES, AMENDING FOR THE PURPOSE ARTICLES 96 AND 124 OF THE FAMILY CODE OF THE PHILIPPINES","LEGARDA, LOREN B.","July 18, 2016",NATIONAL,FAMILY CODE (E.O. NO. 209),"WOMEN, CHILDREN, FAMILY RELATIONS AND GENDER EQUALITY",PENDING IN THE COMMITTEE
Senate Bill No. 447,17th Congress (July 2016 - 2019),https://ldr.senate.gov.ph/bills/senate-bill-no-447-17th-congress-republic,NOISE POLLUTION CONTROL AND ABATEMENT ACT,"AN ACT REGULATING NOISE POLLUTION BY CREATING THE NOISE POLLUTION CONTROL BOARD (NPCB), PROVIDING FUNDS THEREFOR AND FOR OTHER PURPOSES","LEGARDA, LOREN B.","July 19, 2016",NATIONAL,NOISE POLLUTION,ENVIRONMENT AND NATURAL RESOURCES,PENDING IN THE COMMITTEE
Senate Bill No. 830,17th Congress (July 2016 - 2019),https://ldr.senate.gov.ph/bills/senate-bill-no-830-17th-congress-republic,PHILIPPINE CANCER CENTER ACT OF 2016,"AN ACT CREATING THE PHILIPPINE CANCER CENTER, PROVIDING FUNDS THEREFOR AND FOR OTHER PURPOSES",Ralph G. Recto,"July 21, 2016",NATIONAL,CANCER CARE CENTERS,HEALTH AND DEMOGRAPHY,CONSOLIDATED/SUBSTITUTED IN THE COMMITTEE REPORT
Senate Bill No. 1241,17th Congress (July 2016 - 2019),https://ldr.senate.gov.ph/bills/senate-bill-no-1241-17th-congress-republic,REVISED CONSUMER ACT OF THE PHILIPPINES,"AN ACT GRANTING BROADER PROTECTION FOR CONSUMERS ADDING NEW PROVISIONS AND AMENDING CERTAIN PROVISIONS FOR THE PURPOSE REPUBLIC ACT NO. 7394, OTHERWISE KNOWN AS THE CONSUMER ACT OF THE PHILIPPINES","Paolo Benigno ""Bam"" Aquino IV","November 16, 2016",NATIONAL,CONSUMER ACT (R.A.NO. 7394),"TRADE, COMMERCE AND ENTREPRENEURSHIP",PENDING IN THE COMMITTEE
Senate Bill No. 531,17th Congress (July 2016 - 2019),https://ldr.senate.gov.ph/bills/senate-bill-no-531-17th-congress-republic,MARITIME SAFETY ACT OF 2016,"AN ACT TO RESTORE THE PHILIPPINE COAST GUARD (PCG) OF ITS AUTHORITY AND RESPONSIBILITY TO PERFORM SHIP SAFETY INSPECTION SERVICES AND CARRY OUT OTHER SHIP SAFETY ENFORCEMENT FUNCTIONS, AMENDING FOR THIS PURPOSE REPUBLIC ACT NUMBERED 9993, PROVIDING PENALTIES FOR VIOLATIONS THEREOF, AND FOR OTHER PURPOSES",Antonio F. Trillanes IV,"July 19, 2016",NATIONAL,PHILIPPINE COAST GUARD,PUBLIC SERVICES,PENDING IN THE COMMITTEE
Senate Bill No. 1162,17th Congress (July 2016 - 2019),https://ldr.senate.gov.ph/bills/senate-bill-no-1162-17th-congress-republic,RIGHTSIZING THE NATIONAL GOVERNMENT ACT OF 2016,AN ACT RIGHTSIZING THE NATIONAL GOVERNMENT TO IMPROVE PUBLIC SERVICE DELIVERY,"LEGARDA, LOREN B.","September 19, 2016",NATIONAL,Government Reorganization REORGANIZATION RIGHTSIZING THE NATIONAL GOVERNMENT,"CIVIL SERVICE, GOVERNMENT REORGANIZATION AND PROFESSIONAL REGULATION",CONSOLIDATED/SUBSTITUTED IN THE COMMITTEE REPORT
Senate Bill No. 592,17th Congress (July 2016 - 2019),https://ldr.senate.gov.ph/bills/senate-bill-no-592-17th-congress-republic,PHILIPPINE PLUMBING ENGINEERING ACT OF 2016,"AN ACT REGULATING THE PRACTICE OF PLUMBING ENGINEERING IN THE PHILIPPINES, AMENDING FOR THE PURPOSE REPUBLIC ACT NUMBERED 1378, OTHERWISE KNOWN AS",Antonio F. Trillanes IV,"July 19, 2016",NATIONAL,PLUMBING ENGINEERING,"CIVIL SERVICE, GOVERNMENT REORGANIZATION AND PROFESSIONAL REGULATION",PENDING IN THE COMMITTEE
Senate Bill No. 1226,17th Congress (July 2016 - 2019),https://ldr.senate.gov.ph/bills/senate-bill-no-1226-17th-congress-republic,STUDENT PRIVILEGE ACT OF 2016,AN ACT GRANTING PRIVILEGES TO STUDENTS AT ALL LEVELS IN PUBLIC AND PRIVATE SCHOOLS,"GATCHALIAN, WIN","October 25, 2016",NATIONAL,STUDENTS,"EDUCATION, ARTS AND CULTURE",CONSOLIDATED/SUBSTITUTED IN THE COMMITTEE REPORT
Senate Bill No. 273,17th Congress (July 2016 - 2019),https://ldr.senate.gov.ph/bills/senate-bill-no-273-17th-congress-republic,FAIR PLACEMENT FEES FOR OFWS ACT,AN ACT PENALIZING CERTAIN ACTS IN THE IMPOSITION OF EXCESSIVE PLACEMENT FEES AGAINST OVERSEAS FILIPINO WORKERS,"ESCUDERO, FRANCIS G.","April 7, 2016",NATIONAL,OVERSEAS FILIPINO WORKERS (OFW),"LABOR, EMPLOYMENT AND HUMAN RESOURCES DEVELOPMENT",PENDING IN THE COMMITTEE
Senate Bill No. 337,17th Congress (July 2016 - 2019),https://ldr.senate.gov.ph/bills/senate-bill-no-337-17th-congress-republic,BARANGAY COMMUNITY PEACE AND ORDER COUNCIL ACT OF 2016,AN ACT CREATING BARANGAY COMMUNITY PEACE AND ORDER COUNCIL FOR THE UTILIZATION OF BARANGAYS OFFICIALS AND ITS CONTITUENTS IN CRIME PREVENTION AND FOR OTHER PURPOSES,"EJERCITO, JOSEPH VICTOR G.","April 7, 2016",NATIONAL,BARANGAY OFFICIALS,LOCAL GOVERNMENT,PENDING IN THE COMMITTEE
Senate Bill No. 1247,17th Congress (July 2016 - 2019),https://ldr.senate.gov.ph/bills/senate-bill-no-1247-17th-congress-republic,COASTWISE TRADE ACT OF 2016,AN ACT ALLOWING FOREIGN VESSELS TO ENGAGE IN COASTWISE TRADE IN THE COUNTRY AND FOR OTHER PURPOSES,"ZUBIRI, JUAN MIGUEL ""MIGZ"" F.","November 21, 2016",NATIONAL,Coastwise trade,"TRADE, COMMERCE AND ENTREPRENEURSHIP",PENDING IN THE COMMITTEE
Senate Bill No. 903,17th Congress (July 2016 - 2019),https://ldr.senate.gov.ph/bills/senate-bill-no-903-17th-congress-republic,AFFORDABLE FOOD TRANSPARENCY ACT,"AN ACT MANDATING THE GOVERNMENT TO PROVIDE ACCESS TO INFORMATION ON FOOD AND OTHER BASIC COMMODITIES TO GUARANTEE THE RIGHT OF THE PEOPLE TO AFFORDABLE FOOD AND ADEQUATE FOOD SUPPLY, PRESCRIBING GUIDELINES THEREFOR, AND FOR OTHER PURPOSES","EJERCITO, JOSEPH VICTOR G.","July 26, 2016",NATIONAL,FOOD TRANSPARENCY,AGRICULTURE AND FOOD,PENDING IN THE COMMITTEE
Senate Bill No. 967,17th Congress (July 2016 - 2019),https://ldr.senate.gov.ph/bills/senate-bill-no-967-17th-congress-republic,FILIPINO SIGN LANGUAGE IN BROADCAST MEDIA ACT,"AN ACT REQUIRING THE USE OF FILIPINO SIGN LANGUAGE INSETS FOR LOCAL NEWS PROGRAMS, AMENDING FOR THE PURPOSE SECTION 22 OF REPUBLIC ACT NO. 7277, AS AMENDED, OTHERWISE KNOWN AS THE MAGNA CARTA FOR PERSONS WITH DISABILITIES (PWD)","Paolo Benigno ""Bam"" Aquino IV","January 8, 2016",NATIONAL,FILIPINO SIGN LANGUAGE SIGN LANGUAGE PERSONS WITH DISABILITIES (PWDS) BROADCAST MEDIA/BROADCASTING SYSTEM,PUBLIC INFORMATION AND MASS MEDIA,PENDING IN THE COMMITTEE
Senate Bill No. 664,17th Congress (July 2016 - 2019),https://ldr.senate.gov.ph/bills/senate-bill-no-664-17th-congress-republic,NATIONAL COMMISSION ON CULTURE AND THE ARTS,"AN ACT REORGANIZING THE NATIONAL COMMISSION ON CULTURE AND THE ARTS INTO THE DEPARTMENT OF CULTURE AND THE ARTS, DEFINING ITS POWER AND FUNCTIONS, APPROPRIATING FUNDS THEREOF, AND FOR OTHER PURPOSES","Paolo Benigno ""Bam"" Aquino IV","July 20, 2016",NATIONAL,NATIONAL COMMISSION FOR CULTURE AND THE ARTS DEPARTMENT OF CULTURE AND THE ARTS,"EDUCATION, ARTS AND CULTURE",CONSOLIDATED/SUBSTITUTED IN THE COMMITTEE REPORT
Senate Bill No. 728,17th Congress (July 2016 - 2019),https://ldr.senate.gov.ph/bills/senate-bill-no-728-17th-congress-republic,APPOINTMENT AND ASSIGNMENT OF REGIONAL TRIAL JUDGES,"AN ACT FURTHER AMENDING BATAS PAMBANSA BLG. 129, OR THE JUDICIARY REORGANIZATION ACT OF 1980, AS AMENDED","ESCUDERO, FRANCIS G.","July 20, 2016",NATIONAL,Judges JUDICIARY REORGANIZATION ACT (BATAS PAMBANSA BLG. 129),JUSTICE AND HUMAN RIGHTS,PENDING IN THE COMMITTEE
Senate Bill No. 414,17th Congress (July 2016 - 2019),https://ldr.senate.gov.ph/bills/senate-bill-no-414-17th-congress-republic,RESOURCE CENTERS FOR INDIGENOUS PEOPLES ACT,"AN ACT ESTABLISHING RESOURCE CENTERS FOR INDIGENOUS PEOPLES TO ENHANCE AND ENSURE DELIVERY OF ESSENTIAL SERVICES, APPROPRIATING FUNDS THEREFOR AND FOR OTHE PURPOSES","LEGARDA, LOREN B.","July 19, 2016",NATIONAL,INDIGENOUS CULTURAL COMMUNITIES,CULTURAL COMMUNITIES,PENDING IN THE COMMITTEE
Senate Bill No. 479,17th Congress (July 2016 - 2019),https://ldr.senate.gov.ph/bills/senate-bill-no-479-17th-congress-republic,ANTI-PRIVATE ARMY LAW OF 2016,"AN ACT DEFINING PRIVATE ARMIES AND OTHER ARMED GROUPS, IMPLEMENTING THE CONSTITUTIONAL PROVISION FOR THEIR DISMANTLING, PRESCRIBING PENALTIES THEREFOR, AND FOR OTHER PURPOSES",Antonio F. Trillanes IV,"July 19, 2016",NATIONAL,PRIVATE ARMY,PUBLIC ORDER AND DANGEROUS DRUGS,PENDING IN THE COMMITTEE
Senate Bill No. 977,17th Congress (July 2016 - 2019),https://ldr.senate.gov.ph/bills/senate-bill-no-977-17th-congress-republic,STRENGTHENING THE PHILIPPINE CROP INSURANCE CORPORATION (PCIC),"AN ACT STRENGTHENING THE PHILIPPINE CROP INSURANCE CORPORATION (PCIC), AMENDING FOR THE PURPOSE PRESIDENTIAL DECREE NO. 1467, AS AMENDED, OTHERWISE KNWON AS THE CHARTERS OF THE PHILIPPINE CROP INSURANCE CORPORATION","ANGARA, SONNY","March 8, 2016",NATIONAL,PHILIPPINE CROP INSURANCE CORPORATION,GOVERNMENT CORPORATIONS AND PUBLIC ENTERPRISES,PENDING IN THE COMMITTEE
Senate Bill No. 1041,17th Congress (July 2016 - 2019),https://ldr.senate.gov.ph/bills/senate-bill-no-1041-17th-congress-republic,RESETTING OF BARANGAY/SK ELECTIONS TO LAST MONDAY OF OCTOBER 2018,"AN ACT RESETTING THE BARANGAY AND SANGGUNIANG KABATAAN ELECTIONS AND EXTENDING THE TERM OF OFFICE OF ELECTIVE BARANGAY OFFICIALS TO FIVE (5) YEARS AMENDING FOR THE PURPOSE REPUBLIC ACT NO. 9164, AS AMENDED BY REPUBLIC ACT NO. 9140 AND REPUBLIC ACT NO. 10656, AND FOR OTHER PURPOSES","VILLANUEVA, JOEL","August 17, 2016",NATIONAL,BARANGAY ELECTIONS/SK ELECTIONS ELECTIONS/ELECTORAL REFORMS,LOCAL GOVERNMENT,CONSOLIDATED/SUBSTITUTED IN THE COMMITTEE REPORT
Senate Bill No. 674,17th Congress (July 2016 - 2019),https://ldr.senate.gov.ph/bills/senate-bill-no-674-17th-congress-republic,EXPANDED SENIOR CITIZENS ACT,"AN ACT ABOLISHING THE NATIONAL COORDINATING AND MONITORING BOARD AND CREATING THE NATIONAL COMMISSION FOR SENIOR CITIZENS, AMENDING THEREFOR REPUBLIC ACT NO. 7432, AS AMENDED BY REPUBLIC ACT NO. 9257, AS FURTHER AMENDED BY REPUBLIC ACT NO. 9994","Paolo Benigno ""Bam"" Aquino IV","July 20, 2016",NATIONAL,SENIOR CITIZENS NATIONAL COORDINATING COUNCIL AND MONITORING BOARD,"SOCIAL JUSTICE, WELFARE AND RURAL DEVELOPMENT",CONSOLIDATED/SUBSTITUTED IN THE COMMITTEE REPORT
Senate Bill No. 425,17th Congress (July 2016 - 2019),https://ldr.senate.gov.ph/bills/senate-bill-no-425-17th-congress-republic,MEDICAL RESIDENCY TRAINING PROGRAMS,AN ACT TO MANAGE MEDICAL RESIDENCY TRAINING PROGRAMS IN THE PHILIPPINES,"LEGARDA, LOREN B.","July 19, 2016",NATIONAL,MEDICAL RESIDENCY TRAINING,HEALTH AND DEMOGRAPHY,PENDING IN THE COMMITTEE
Senate Bill No. 490,17th Congress (July 2016 - 2019),https://ldr.senate.gov.ph/bills/senate-bill-no-490-17th-congress-republic,TRANSACTION WINDOWS AND E-SERVICES ACT,"AN ACT MANDATING THE USE OF TRANSACTION WINDOWS AND THE CREATION OF E-SERVICES IN ALL GOVERNMENT AGENCIES, MINIMIZING OPPORTUNITIES FOR THE COMMISSION OF BRIBERY AND OTHER CORRUPT PRACTICES, AND FOR OTHER PURPOSES",Antonio F. Trillanes IV,"July 19, 2016",NATIONAL,E-GOVERNMENT SERVICES GOVERNMENT AGENCIES INFORMATION AND COMMUNICATIONS TECHNOLOGY (ICT),SCIENCE AND TECHNOLOGY,PENDING IN THE COMMITTEE
Senate Bill No. 988,17th Congress (July 2016 - 2019),https://ldr.senate.gov.ph/bills/senate-bill-no-988-17th-congress-republic,CCTV ACT OF 2016,AN ACT TO PROVIDE GUIDELINES FOR THE INSTALLATION OF THE CLOSED CIRCUIT TELEVISION VIDEO (CCTV) AND THE PROCEDURE FOR ACCESS TO THE IMAGES,"GATCHALIAN, WIN","August 8, 2016",NATIONAL,CLOSED CIRCUIT TELEVISION CAMERAS (CCTV),PUBLIC ORDER AND DANGEROUS DRUGS,PENDING IN THE COMMITTEE
Senate Bill No. 1052,17th Congress (July 2016 - 2019),https://ldr.senate.gov.ph/bills/senate-bill-no-1052-17th-congress-republic,PHILIPPINE NATIONAL POLICE CRIMINAL INVESTIGATION UNIT,"AN ACT STRENGTHENING THE PHILIPPINE NATIONAL POLICE CRIMINAL INVESTIGATION UNIT (CIU) BY RESTORING ITS AUTHORITY TO ISSUE SUBPOENA OR SUBPOENA DUCES TECUM, AMENDING FOR THE PURPOSE SEC. 35 B (4) OF REPUBLIC ACT NO. 6975, OTHERWISE KNOWN AS AN ACT ESTABLISHING THE PHILIPPINE NATIONAL POLICE UNDER A REORGANIZED DEPARTMENT OF THE INTERIOR AND LOCAL GOVERNMENT, AND FOR OTHER PURPOSES","LACSON, PANFILO M.","August 22, 2016",NATIONAL,PHILIPPINE NATIONAL POLICE (PNP) DEPARTMENT OF THE INTERIOR AND LOCAL GOVERNMENT (DILG),PUBLIC ORDER AND DANGEROUS DRUGS,CONSOLIDATED/SUBSTITUTED IN THE COMMITTEE REPORT
Senate Bill No. 58,17th Congress (July 2016 - 2019),https://ldr.senate.gov.ph/bills/senate-bill-no-58-17th-congress-republic,FREE PUBLIC WI-FI ACT OF 2016,"AN ACT PROVIDING FREE WI-FI INTERNET ACCESS IN PUBLIC BUILDINGS, TRANSPORT TERMINALS AND PARKS, AND FOR OTHER PURPOSES","PANGILINAN, FRANCIS ""KIKO"" N.","June 30, 2016",NATIONAL,WI-FI INTERNET ACCESS,SCIENCE AND TECHNOLOGY,CONSOLIDATED/SUBSTITUTED IN THE COMMITTEE REPORT
Senate Bill No. 746,17th Congress (July 2016 - 2019),https://ldr.senate.gov.ph/bills/senate-bill-no-746-17th-congress-republic,BOY SCOUTS OF THE PHILIPPINES CHARTER,"AN ACT INSTITUTING THE BOY SCOUTS OF THE PHILIPPINES CHARTER, DEFINING ITS OBJECTIVES, POWERS AND FUNCTIONS, REPEALING FOR THE PURPOSE COMMONWEALTH ACT NO. 111 AS AMMENDED","ESCUDERO, FRANCIS G.","July 21, 2016",NATIONAL,BOY SCOUT/GIRL SCOUT Commonwealth Act,GOVERNMENT CORPORATIONS AND PUBLIC ENTERPRISES,PENDING IN THE COMMITTEE
Senate Bill No. 124,17th Congress (July 2016 - 2019),https://ldr.senate.gov.ph/bills/senate-bill-no-124-17th-congress-republic,"AMENDING R.A.NO. 8424, INCREASING PERSONAL AND ADDITIONAL EXEMPTIONS FOR INDIVIDUAL TAXPAYER","AN ACT INCREASING THE ALLOWABLE PERSONAL AND ADDITIONAL EXEMPTIONS OF INDIVIDUAL TAXPAYERS, AMENDING FOR THE PURPOSE SECTION 35 (A) AND (B) OF REPUBLIC ACT NO. 8424, OTHERWISE KNOWN AS THE NATIONAL INTERNAL REVENUE CODE OF 1997, AS AMENDED, AND FOR OTHER PURPOSES","ZUBIRI, JUAN MIGUEL ""MIGZ"" F.","June 30, 2016",NATIONAL,TAXES (INDIVIDUAL INCOME TAX) NATIONAL INTERNAL REVENUE CODE (NIRC),WAYS AND MEANS,CONSOLIDATED/SUBSTITUTED IN THE COMMITTEE REPORT
Senate Bill No. 810,17th Congress (July 2016 - 2019),https://ldr.senate.gov.ph/bills/senate-bill-no-810-17th-congress-republic,LOCAL GOVERNMENT CODE OF 1991,"AN ACT STRENGTHENING LOCAL GOVERNMENT PARTICIPATION IN NATIONAL DEVELOPMENT IN INCREASING THE SHARE OF LOCAL GOVERNMENT UNITS IN THE NATIONAL INTERNAL REVENUE TAXES, AMENDING FOR THE PURPOSE SECTION 284 OF REPUBLIC ACT NO. 7160, OTHERWISE KNOWN AS THE LOCAL GOVERNMENT CODE OF 1991",Ralph G. Recto,"July 21, 2016",NATIONAL,LOCAL GOVERNMENT CODE (R.A. NO. 7160) INTERNAL REVENUE ALLOTMENT (LOCAL GOVERNMENT UNITS) TAXES/TAXATION,LOCAL GOVERNMENT,PENDING IN THE COMMITTEE
Senate Bill No. 1289,17th Congress (July 2016 - 2019),https://ldr.senate.gov.ph/bills/senate-bill-no-1289-17th-congress-republic,OPTIONAL RETIREMENT AGE OF GOVERNMENT EMPLOYEES,"AN ACT LOWERING THE COMPULSORY AND OPTIONAL RETIREMENT AGE OF GOVERNMENT EMPLOYEES, AMENDING FOR THE PURPOSE SECTIONS 13(B) AND 13-A OF REPUBLIC ACT NO. 8291, OTHERWISE KNOWN AS THE GOVERNMENT SERVICE INSURANCE SYSTEM ACT OF 1997","GATCHALIAN, WIN","December 15, 2016",NATIONAL,GOVERNMENT EMPLOYEES RETIREMENT AGE GOVERNMENT SERVICE INSURANCE SYSTEM (GSIS),GOVERNMENT CORPORATIONS AND PUBLIC ENTERPRISES,PENDING IN THE COMMITTEE
Senate Bill No. 510,17th Congress (July 2016 - 2019),https://ldr.senate.gov.ph/bills/senate-bill-no-510-17th-congress-republic,ARTICLE 19 OF THE REVISED PENAL CODE,"AN ACT PRESCRIBING A HIGHER PENALTY FOR PERSONS IN AUTHORITY AS ACCESSORIES, WHO DIRECTLY CAUSE OR ORDER THE DESTRUCTION OR CONCEALMENT OF VITAL EVIDENCE FOR HEINOUS CRIMES, AMENDING FOR THE PURPOSE ARTICLE 19 OF THE REVISED PENAL CODE",Antonio F. Trillanes IV,"July 19, 2016",NATIONAL,PERSONS IN AUTHORITY (ACCESSORIES) HEINOUS CRIMES REVISED PENAL CODE (R.A. NO. 3815),JUSTICE AND HUMAN RIGHTS,PENDING IN THE COMMITTEE
Senate Bill No. 514,17th Congress (July 2016 - 2019),https://ldr.senate.gov.ph/bills/senate-bill-no-514-17th-congress-republic,DEFINING THE OFFENSE OF RECKLESS DRIVING,AN ACT DEFINING THE OFFENSE OF RECKLESS DRIVING AND PROVIDING PENALTIES FOR THE COMMISSION THEREOF AND FOR OTHER RELATED PURPOSES,Antonio F. Trillanes IV,"July 19, 2016",NATIONAL,RECKLESS DRIVING DRIVING BEHAVIOR,PUBLIC ORDER AND DANGEROUS DRUGS,PENDING IN THE COMMITTEE
Senate Bill No. 1145,17th Congress (July 2016 - 2019),https://ldr.senate.gov.ph/bills/senate-bill-no-1145-17th-congress-republic,THE HEALTHY BULILIT ACT,"AN ACT FOR SCALING UP NUTRITION DURING THE FIRST 1000 DAYS OF LIFE, ESTABLISHING A MATERNAL AND CHILD HEALTH CARE PROGRAM, APPROPRIATING FUNDS THEREFOR AND FOR OTHER PURPOSES","HONTIVEROS, RISA","September 14, 2016",NATIONAL,nutrition MATERNAL/INFANT HEALTH,HEALTH AND DEMOGRAPHY,CONSOLIDATED/SUBSTITUTED IN THE COMMITTEE REPORT
Senate Bill No. 575,17th Congress (July 2016 - 2019),https://ldr.senate.gov.ph/bills/senate-bill-no-575-17th-congress-republic,ORGAN DONOR LEAVE ACT OF 2016,"AN ACT TO PROVIDE TIME OFF WITH PAY FOR EMPLOYEES WHO DONATE ORGAN, BONE MARROW, BLOOD, OR BLOOD PLATELETS",Antonio F. Trillanes IV,"July 19, 2016",NATIONAL,ORGAN DONOR LEAVE ACT LEAVE OF ABSENCE,"CIVIL SERVICE, GOVERNMENT REORGANIZATION AND PROFESSIONAL REGULATION","PENDING SECOND READING, SPECIAL ORDER"
Senate Bill No. 1207,17th Congress (July 2016 - 2019),https://ldr.senate.gov.ph/bills/senate-bill-no-1207-17th-congress-republic,EXCEPTION TO THE IMPOSITION OF PREVENTIVE SUSPENSION AGAINST PUBLIC OFFICERS,"AN ACT AMENDING SECTION 13 OF THE REPUBLIC ACT NO. 3019, AS AMENDED, ENTITLED THE ANTI-GRAFT AND CORRUPT PRACTICES ACT","SOTTO III, VICENTE C.","October 18, 2016",NATIONAL,Anti-Graft and Corrupt Practices Act PREVENTIVE SUSPENSION,JUSTICE AND HUMAN RIGHTS,PENDING IN THE COMMITTEE
Senate Bill No. 266,17th Congress (July 2016 - 2019),https://ldr.senate.gov.ph/bills/senate-bill-no-266-17th-congress-republic,SPECIAL MASS TRANSIT SYSTEM SUPPORT FUND ACT OF 2016,"AN ACT CREATING THE SPECIAL MASS TRANSIT SYSTEM SUPPORT FUND AMENDING FOR THE PURPOSE SECTIONS 7 AND 8 OF REPUBLIC ACT NO. 8794, OTHERWISE KNOWN AS THE MOTOR VEHICLE USERS CHARGE ACT OF 2000",Ralph G. Recto,"April 7, 2016",NATIONAL,MASS TRANSIT SYSTEM MOTOR VEHICLES USERS CHARGE (MVUC) (R.A. NO. 8794) TRANSPORTATION,PUBLIC WORKS,PENDING IN THE COMMITTEE
Senate Bill No. 886,17th Congress (July 2016 - 2019),https://ldr.senate.gov.ph/bills/senate-bill-no-886-17th-congress-republic,DISTRESSSED OFW ASSISTANCE ACT OF 2016,"AN ACT PROVIDING AN ASSISTANCE PROGRAM FOR OVERSEAS FILIPINO WORKERS IN DISTRESS, AND PROVIDING FUNDS THEREFOR AND FOR OTHER PURPOSES","EJERCITO, JOSEPH VICTOR G.","July 26, 2016",NATIONAL,OVERSEAS FILIPINO WORKERS (OFW),"LABOR, EMPLOYMENT AND HUMAN RESOURCES DEVELOPMENT",PENDING IN THE COMMITTEE
Senate Bill No. 330,17th Congress (July 2016 - 2019),https://ldr.senate.gov.ph/bills/senate-bill-no-330-17th-congress-republic,AGRICULTULTURE TECHNOLOGY GENERATION AND TRANSFER ACT OF 2016,AN ACT TO ESTABLISH AN INTEGRATED SYSTEM FOR AGRICULTURE TECHNOLOGY GENERATION AND TRANSFER AND APPROPRIATING FUNDS THEREFOR,"EJERCITO, JOSEPH VICTOR G.","April 7, 2016",NATIONAL,AGRICULTURE TECHNOLOGY,AGRICULTURE AND FOOD,PENDING IN THE COMMITTEE
Senate Bill No. 950,17th Congress (July 2016 - 2019),https://ldr.senate.gov.ph/bills/senate-bill-no-950-17th-congress-republic,AUTHORIZING WIRETAPPING IN CASES INVOLVING VIOLATIONS OF COMPREHENSIVE DANGEROUS DRUGS ACT,"AN ACT AUTHORIZING WIRE TAPPING IN CASES INVOLVING VIOLATIONS OF REPUBLIC ACT NO. 9165, OTHERWISE KNOWN AS THE COMPREHENSIVE DANGEROUS DRUGS ACT OF 2002, AMENDING FOR THE PURPOSE SECTION 3 OF REPUBLIC ACT NO. 4200, ENTITLED AN ACT TO PROHIBIT AND PENALIZE WIRE TAPPING AND OTHER RELATED VIOLATIONS OF THE PRIVACY OF COMMUNICATION, AND FOR OTHER PURPOSES","ANGARA, SONNY","January 8, 2016",NATIONAL,"Wiretapping COMPREHENSIVE DANGEROUS DRUGS ACT OF 2002, AMENDMENTS",PUBLIC ORDER AND DANGEROUS DRUGS,CONSOLIDATED/SUBSTITUTED IN THE COMMITTEE REPORT
Senate Bill No. 648,17th Congress (July 2016 - 2019),https://ldr.senate.gov.ph/bills/senate-bill-no-648-17th-congress-republic,MIGRANT WORKERS AND OVERSEAS FILIPINOS ASSISTANCE ACT,"AN ACT PROVIDING ADDITIONAL ASSISTANCE TO OVERSEAS FILIPINO WORKERS BY AMENDING REPUBLIC ACT NO. 8042, AS AMENDED BY REPUBLIC ACT 10022, OTHERWISE KNOWN AS THE MIGRANT WORKERS AND OVERSEAS FILIPINOS ACT OF 1995","Paolo Benigno ""Bam"" Aquino IV","July 20, 2016",NATIONAL,OVERSEAS FILIPINO WORKERS (OFW) MIGRANT WORKERS AND OVERSEAS FILIPINOS ACT OF 1995 (R.A.NO. 8042),"LABOR, EMPLOYMENT AND HUMAN RESOURCES DEVELOPMENT",PENDING IN THE COMMITTEE
Senate Bill No. 54,17th Congress (July 2016 - 2019),https://ldr.senate.gov.ph/bills/senate-bill-no-54-17th-congress-republic,FREEDOM OF INFORMATION ACT OF 2016,AN ACT IMPLEMENTING THE RIGHT OF THE PEOPLE TO INFORMATION AND THE CONSTITUTIONAL POLICIES OF FULL PUBLIC DISCLOSURE AND HONESTY IN THE PUBLIC SERVICE AND FOR OTHER PURPOSES,"PANGILINAN, FRANCIS ""KIKO"" N.","June 30, 2016",NATIONAL,information GOVERNMENT AGENCIES,PUBLIC INFORMATION AND MASS MEDIA,CONSOLIDATED/SUBSTITUTED IN THE COMMITTEE REPORT
Senate Bill No. 711,17th Congress (July 2016 - 2019),https://ldr.senate.gov.ph/bills/senate-bill-no-711-17th-congress-republic,MAGNA CARTA FOR WORKERS IN THE ENERGY SECTOR OF THE PHILIPPINES,"AN ACT PROVIDING FOR A MAGNA CARTA FOR WORKERS IN THE ENERGY SECTOR OF THE PHILIPPINES, AUTHORIZING THE COLLECTION AND APPROPRIATION OF FUNDS THEREFOR, AND FOR OTHER PURPOSES","Paolo Benigno ""Bam"" Aquino IV","July 20, 2016",NATIONAL,MAGNA CARTA FOR WORKERS IN THE ENERGY SECTOR,ENERGY,PENDING IN THE COMMITTEE
Senate Bill No. 120,17th Congress (July 2016 - 2019),https://ldr.senate.gov.ph/bills/senate-bill-no-120-17th-congress-republic,MINDANAO RAILWAYS DEVELOPMENT ACT OF 2016,"AN ACT CREATING THE MINDANAO RAILWAYS AUTHORITY (MRA), PRESCRIBING ITS POWERS, FUNCTIONS AND DUTIES, AMENDING FOR THE PURPOSE REPUBLIC ACT NO. 4156 ENTITLED AN ACT CREATING THE PHILIPPINE NATIONAL RAILWAYS, PRESCRIBING ITS POWERS, FUNCTIONS AND DUTIES, AND PROVIDING FOR THE NECESSARY FUNDS FOR ITS OPERATION AS AMENDED BY R.A.NO. 6366, APPROPRIATING FUNDS THEREFOR, AND FOR OTHER PURPOSES.","ZUBIRI, JUAN MIGUEL ""MIGZ"" F.","June 30, 2016",NATIONAL,MINDANAO RAILWAYS CORPORATION PHILIPPINE NATIONAL RAILWAYS (PNR),GOVERNMENT CORPORATIONS AND PUBLIC ENTERPRISES,PENDING IN THE COMMITTEE
Senate Bill No. 407,17th Congress (July 2016 - 2019),https://ldr.senate.gov.ph/bills/senate-bill-no-407-17th-congress-republic,THE TAX REFORM ACT OF 1997,"AN ACT ENSURING THE EQUALITY BETWEEN SPOUSES IN THE CLAIMING OF ADDITIONAL EXEMPTION FOR QUALIFIED DEPENDENT CHILDREN , AMENDING FOR THE PURPOSE SECTIONS 79(F)(1) AND 79(F)(2) OF REPUBLIC ACT NO. 8424, OTHERWISE KNOWN AS THE TAX REFORM ACT OF 1997","LEGARDA, LOREN B.","July 18, 2016",NATIONAL,TAX REFORM ACT,WAYS AND MEANS,CONSOLIDATED/SUBSTITUTED IN THE COMMITTEE REPORT
Senate Bill No. 1024,17th Congress (July 2016 - 2019),https://ldr.senate.gov.ph/bills/senate-bill-no-1024-17th-congress-republic,EDUCATION FOR ALL INITIATIVES,"AN ACT FINANCING THE EDUCATION FOR ALL INITIATIVES FROM THE ANNUAL VALUE-ADDED TAX COLLECTIONS, AMENDING FOR THE PURPOSE THE NATIONAL INTERNAL REVENUE CODE OF1997, AS AMENDED",Ralph G. Recto,"August 15, 2016",NATIONAL,TAXES (VALUE-ADDED TAX / VAT) NATIONAL INTERNAL REVENUE CODE (NIRC) SCHOOL BUILDING EDUCATION INITIATIVES PRE-SCHOOL EDUCATION,WAYS AND MEANS,PENDING IN THE COMMITTEE
Senate Bill No. 472,17th Congress (July 2016 - 2019),https://ldr.senate.gov.ph/bills/senate-bill-no-472-17th-congress-republic,MANDATORY COMPUTER EDUCATION ACT OF 2016,AN ACT REQUIRING MANDATORY COMPUTER EDUCATION IN ALL PUBLIC AND PRIVATE HIGH SCHOOLS AND FOR OTHER RELATED PURPOSES,Antonio F. Trillanes IV,"July 19, 2016",NATIONAL,COMPUTER EDUCATION SCHOOLS (PUBLIC AND PRIVATE),"EDUCATION, ARTS AND CULTURE",PENDING IN THE COMMITTEE
Senate Bill No. 1087,17th Congress (July 2016 - 2019),https://ldr.senate.gov.ph/bills/senate-bill-no-1087-17th-congress-republic,AMENDING ACT NO. 3815 (REVISED PENAL CODE),"AN ACT PROVIDING FOR STIFFER PENALTIES FOR WILFUL OR INDISCRIMINATE DISCHARGE OF FIREARMS, AMENDING FOR THE PURPOSE ACT NO. 3815, AS AMENDED, OTHERWISE KNOWN AS THE REVISED PENAL CODE","EJERCITO, JOSEPH VICTOR G.","August 25, 2016",NATIONAL,FIREARMS REVISED PENAL CODE (R.A. NO. 3815),PUBLIC ORDER AND DANGEROUS DRUGS,PENDING IN THE COMMITTEE
Senate Bill No. 782,17th Congress (July 2016 - 2019),https://ldr.senate.gov.ph/bills/senate-bill-no-782-17th-congress-republic,RATIONALIZING LOCAL TAXATION,"AN ACT RATIONALIZING LOCAL TAXATION AMENDING FOR THAT PURPOSE SECTION 150, CHAPTER 1, TITLE ONE, BOOK II OF REPUBLIC ACT NO. 7160, AS AMENDED, OTHERWISE KNOWN AS THE LOCAL GOVERNMENT CODE","ESCUDERO, FRANCIS G.","July 21, 2016",NATIONAL,LOCAL TAXATION LOCAL GOVERNMENT CODE (R.A. NO. 7160),LOCAL GOVERNMENT,PENDING IN THE COMMITTEE
Senate Bill No. 845,17th Congress (July 2016 - 2019),https://ldr.senate.gov.ph/bills/senate-bill-no-845-17th-congress-republic,PHILIPPINE CHARITY SWEEPSTAKES OFFICE ACT OF 2016,"AN ACT PROVIDING FUNDING SUPPORT FOR UNIVERSAL HEALTH CARE COVERAGE AND IMPROVING PHILHEALTH BENEFIT PACKAGES BY ALLOCATING SEVENTY PERCENT (70%) OF THE PHILIPPINE CHARITY SWEEPSTAKES OFFICE CHARITY FUND FOR SUCH PURPOSE, THEREBY AMENDING REPUBLIC ACT NO. 1169, AS AMENDED BY BATAS PAMBANSA BLG. 42",Ralph G. Recto,"July 21, 2016",NATIONAL,PHILIPPINE CHARITY SWEEPSTAKES OFFICE (PCSO) PHILIPPINE HEALTH INSURANCE CORPORATION (PHILHEALTH/PHIC) health care,GOVERNMENT CORPORATIONS AND PUBLIC ENTERPRISES,PENDING IN THE COMMITTEE
Senate Bill No. 544,17th Congress (July 2016 - 2019),https://ldr.senate.gov.ph/bills/senate-bill-no-544-17th-congress-republic,NATIONAL CAVE RESOURCES MANAGEMENT AND PROTECTION ACT,"AN ACT PROHIBITING THE IMPORTATION AND EXPORTATION OF STALACTITES AND STALAGMITES, AMENDING FOR THIS PURPOSE REPUBLIC ACT NUMBERED 9072, OTHERWISE KNOWN AS THE NATIONAL CAVE RESOURCES MANAGEMENT AND PROTECTION ACT",Antonio F. Trillanes IV,"July 19, 2016",NATIONAL,NATIONAL CAVES AND CAVE RESOURCES MANAGEMENT AND PROTECTION ACT (R.A.NO. 9072),ENVIRONMENT AND NATURAL RESOURCES,PENDING IN THE COMMITTEE
Senate Bill No. 1177,17th Congress (July 2016 - 2019),https://ldr.senate.gov.ph/bills/senate-bill-no-1177-17th-congress-republic,BALANGAY (NATIONAL BOAT),AN ACT DECLARING THE 'BALANGAY' AS THE NATIONAL BOAT OF THE PHILIPPINES,Antonio F. Trillanes IV,"September 29, 2016",NATIONAL,NATIONAL COMMISSION FOR CULTURE AND THE ARTS NATIONAL MUSEUM,"EDUCATION, ARTS AND CULTURE",PENDING IN THE COMMITTEE
Senate Bill No. 793,17th Congress (July 2016 - 2019),https://ldr.senate.gov.ph/bills/senate-bill-no-793-17th-congress-republic,ANTI-PRIVATE ARMY AND PRIVATE ARMED GROUPS ACT,"AN ACT IMPLEMENTING SECTION 24, ARTICLE XVIII OF THE CONSTITUTION ON THE DISMANTLING OF PRIVATE ARMIES AND OTHER PRIVATE ARMED GROUPS NOT RECOGNIZED BY DULY CONSTITUTED AUTHORITY AND APPROPRIATING FUNDS THEREFOR","ESCUDERO, FRANCIS G.","July 21, 2016",NATIONAL,PRIVATE ARMY,PUBLIC ORDER AND DANGEROUS DRUGS,PENDING IN THE COMMITTEE
Senate Bill No. 133,17th Congress (July 2016 - 2019),https://ldr.senate.gov.ph/bills/senate-bill-no-133-17th-congress-republic,"ONE FAMILY, ONE GRADUATE ACT",AN ACT ESTABLISHING A MECHANISM TO ENABLE POOR FILIPINO FAMILIES TO HAVE AT LEAST ONE COLLEGE GRADUATE BY INSTITUTIONALIZING THE EXPANDED STUDENT GRANTS-IN-AID PROGRAM FOR POVERTY ALLEVIATION (ESGP-PA) AND APPROPRIATING FUNDS THEREFOR,"ANGARA, SONNY","June 30, 2016",NATIONAL,STUDENTS POVERTY ALLEVIATION Department of Social Welfare and Development (DSWD),"EDUCATION, ARTS AND CULTURE",PENDING IN THE COMMITTEE
Senate Bill No. 199,17th Congress (July 2016 - 2019),https://ldr.senate.gov.ph/bills/senate-bill-no-199-17th-congress-republic,ANTI-HAZING ACT OF 2016,"AN ACT PROHIBITING HAZING AND REGULATING OTHER FORMS OF INITIATION RITES OF FRATERNITIES, SORORITIES, AND OTHER ORGANIZATIONS AND PROVIDING PENALTIES FOR VIOLATION THEREOF, REPEALING FOR THE PURPOSE REPUBLIC ACT NO. 8049","GATCHALIAN, WIN","June 30, 2016",NATIONAL,Hazing FRATERNITY/SORORITY,PUBLIC ORDER AND DANGEROUS DRUGS,CONSOLIDATED/SUBSTITUTED IN THE COMMITTEE REPORT
Senate Bill No. 1124,17th Congress (July 2016 - 2019),https://ldr.senate.gov.ph/bills/senate-bill-no-1124-17th-congress-republic,AMENDING R.A. NO. 1405 (SECRECY OF BANK DEPOSITS LAW),"AN ACT EXEMPTING GOVERNMENT OFFICIALS AND EMPLOYEES FROM THE PROHIBITION AGAINST DISCLOSURE OF OR INQUIRY INTO DEPOSITS WITH ANY BANKING INSTITUTION, AMENDING FOR THE PURPOSE CERTAIN PROVISIONS OF REPUBLIC ACT NO. 1405, OTHERWISE KNOWN AS THE SECRECY OF BANK DEPOSITS LAW","ZUBIRI, JUAN MIGUEL ""MIGZ"" F.","May 9, 2016",NATIONAL,BANK DEPOSITS/BANK ACCOUNTS SECRECY OF BANK DEPOSITS LAW (R.A.NO. 1405) GOVERNMENT EMPLOYEES GOVERNMENT OFFICIAL/PUBLIC OFFICIAL MILITARY AND UNIFORMED PERSONNEL,"BANKS, FINANCIAL INSTITUTIONS AND CURRENCIES",CONSOLIDATED/SUBSTITUTED IN THE COMMITTEE REPORT
Senate Bill No. 555,17th Congress (July 2016 - 2019),https://ldr.senate.gov.ph/bills/senate-bill-no-555-17th-congress-republic,DIABETES CARE ACT OF 2016,"AN ACT TO PROVIDE FOR A FRAMEWORK IN THE CARE AND TREATMENT OF DIABETES, APPROPRIATING FUNDS THEREFOR, AND FOR OTHER PURPOSES",Antonio F. Trillanes IV,"July 19, 2016",NATIONAL,DIABETES health care,HEALTH AND DEMOGRAPHY,PENDING IN THE COMMITTEE
Senate Bill No. 1184,17th Congress (July 2016 - 2019),https://ldr.senate.gov.ph/bills/senate-bill-no-1184-17th-congress-republic,SECURITY OF TENURE FOR ALL CASUAL AND CONTRACTUAL EMPLOYEES OF THE GOVERNMENT,AN ACT PROVIDING FOR SECURITY OF TENURE FOR ALL CASUAL AND CONTRACTUAL EMPLOYEES OF THE GOVERNMENT WHO HAVE RENDERED THE PRESCRIBED YEARS OF SERVICE IN THE NATIONAL GOVERNMENT AGENCIES AND THE LOCAL GOVERNMENT UNITS AND FOR OTHER PURPOSES,"PANGILINAN, FRANCIS ""KIKO"" N.","April 10, 2016",NATIONAL,SECURITY OF TENURE GOVERNMENT EMPLOYEES (CASUAL/CONTRACTUAL),"CIVIL SERVICE, GOVERNMENT REORGANIZATION AND PROFESSIONAL REGULATION","PENDING SECOND READING, SPECIAL ORDER"
Senate Bill No. 866,17th Congress (July 2016 - 2019),https://ldr.senate.gov.ph/bills/senate-bill-no-866-17th-congress-republic,FAST BUSINESS PERMIT ACT,AN ACT PROMOTING THE EASE OF DOING BUSINESS BY MANDATING THE AUTOMATIC APPROVAL OF BUSINESS PERMIT APPLICATIONS AFTER THIRTY DAYS OF INACTION AND EXTENDING THE VALIDITY PERIOD THEREOF,Ralph G. Recto,"July 21, 2016",NATIONAL,BUSINESS PERMIT/LICENSE,"TRADE, COMMERCE AND ENTREPRENEURSHIP",CONSOLIDATED/SUBSTITUTED IN THE COMMITTEE REPORT
Senate Bill No. 929,17th Congress (July 2016 - 2019),https://ldr.senate.gov.ph/bills/senate-bill-no-929-17th-congress-republic,INTEGRATED PUBLIC SCHOOLS ACT OF 2016,AN ACT ENSURING ACCESS TO SECONDARY EDUCATION BY CONVERTING ALL PUBLIC ELEMENTARY SCHOOLS INTO INTEGRATED SCHOOLS OFFERING COMPELETE BASIC EDUCATION AND FOR OTHER PURPOSES,Ralph G. Recto,"January 8, 2016",NATIONAL,"SCHOOLS, CONVERSION Secondary Education","EDUCATION, ARTS AND CULTURE",PENDING IN THE COMMITTEE
Senate Bill No. 627,17th Congress (July 2016 - 2019),https://ldr.senate.gov.ph/bills/senate-bill-no-627-17th-congress-republic,ARCHITECTURE ACT,"AN ACT TO STRENGTHEN THE ARCHITECTURE PROFESSION, AMENDING FOR THE PURPOSE CERTAIN PROVISIONS OF REPUBLIC ACT NO. 9266, OTHERWISE KNOWN AS THE ARCHITECTURE ACT OF 2004",Antonio F. Trillanes IV,"July 19, 2016",NATIONAL,ARCHITECTURE,"CIVIL SERVICE, GOVERNMENT REORGANIZATION AND PROFESSIONAL REGULATION",PENDING IN THE COMMITTEE
Senate Bill No. 33,17th Congress (July 2016 - 2019),https://ldr.senate.gov.ph/bills/senate-bill-no-33-17th-congress-republic,PANTAWID PAMILYANG PILIPINO PROGRAM (4PS) ACT,AN ACT TO REDUCE CHRONIC POVERTY AND PROMOTE HUMAN CAPITAL DEVELOPMENT IN THE COUNTRY THROUGH THE INSTITUTIONALIZATION OF THE PANTAWID PAMILYANG PILIPINO PROGRAM (4PS),"LEGARDA, LOREN B.","June 30, 2016",NATIONAL,PANTAWID PAMILYANG PILIPINO PROGRAM (4PS) POVERTY ALLEVIATION,"SOCIAL JUSTICE, WELFARE AND RURAL DEVELOPMENT",CONSOLIDATED/SUBSTITUTED IN THE COMMITTEE REPORT
Senate Bill No. 1267,17th Congress (July 2016 - 2019),https://ldr.senate.gov.ph/bills/senate-bill-no-1267-17th-congress-republic,NATIONAL DATABASE SYSTEM ACT,"AN ACT ESTABLISHING A NATIONAL DATABASE SYSTEM AND THE NATIONAL DATABASE AUTHORITY, PROVIDING ITS POWERS AND FUNCTIONS, AND APPROPRIATING FUNDS THEREFOR","GATCHALIAN, WIN","June 12, 2016",NATIONAL,NATIONAL DATABASE AUTHORITY INFORMATION AND COMMUNICATIONS TECHNOLOGY (ICT),JUSTICE AND HUMAN RIGHTS,CONSOLIDATED/SUBSTITUTED IN THE COMMITTEE REPORT
Senate Bill No. 689,17th Congress (July 2016 - 2019),https://ldr.senate.gov.ph/bills/senate-bill-no-689-17th-congress-republic,RATIONALIZING THE TAXES IMPOSED ON NON-LIFE INSURANCE POLICIES,"AN ACT RATIONALIZING THE TAXES IMPOSED ON NON-LIFE INSURANCE POLICIES, AMENDING FOR THIS PURPOSE SECTIONS 108,123,184, AND 185 OF THE NATIONAL INTERNAL REVENUE CODE OF 1997, AS AMENDED","Paolo Benigno ""Bam"" Aquino IV","July 20, 2016",NATIONAL,TAXES/TAXATION INSURANCE NATIONAL INTERNAL REVENUE CODE (NIRC),WAYS AND MEANS,PENDING IN THE COMMITTEE
Senate Bill No. 97,17th Congress (July 2016 - 2019),https://ldr.senate.gov.ph/bills/senate-bill-no-97-17th-congress-republic,"INCREASING THE PENSION OF MILITARY VETERANS FROM P5,000 TO P8,000 PESOS",AN ACT TO INCREASE THE OLD-AGE PENSION OF MILITARY VETERANS AMENDING FOR THE PURPOSE SECTION 10 OF REPUBLIC ACT NO. 6948,Antonio F. Trillanes IV,"June 30, 2016",NATIONAL,VETERANS PENSION,NATIONAL DEFENSE AND SECURITY,PENDING IN THE COMMITTEE
Senate Bill No. 385,17th Congress (July 2016 - 2019),https://ldr.senate.gov.ph/bills/senate-bill-no-385-17th-congress-republic,TAX EXEMPTION ON THE SALE/IMPORTATION OF HUMAN ORGAN IMPLANTS,"AN ACT AMENDING SECTION 109 OF THE NATIONAL INTERNAL REVENUE CODE, AS AMENDED, AND FOR OTHER PURPOSES","LEGARDA, LOREN B.","July 18, 2016",NATIONAL,TAXES (VALUE-ADDED TAX / VAT) HUMAN ORGANS NATIONAL INTERNAL REVENUE CODE (NIRC) TAX EXEMPTION,WAYS AND MEANS,PENDING IN THE COMMITTEE
Senate Bill No. 1003,17th Congress (July 2016 - 2019),https://ldr.senate.gov.ph/bills/senate-bill-no-1003-17th-congress-republic,PARKING FEES REGULATION ACT,"AN ACT REGULATING THE IMPOSITION OF FEES FOR THE USE OF PARKING SPACES AND FACILITIES IN SHOPPING MALLS, HOSPITALS, SCHOOLS AND SIMILAR ESTABLISHMENTS, INCLUDING VACANT LOTS USED EXCLUSIVELY FOR PARKING AND PRESCRIBING PENALTIES FOR VIOLATION THEREOF","GATCHALIAN, WIN","August 8, 2016",NATIONAL,FEES AND CHARGES,"TRADE, COMMERCE AND ENTREPRENEURSHIP",PENDING IN THE COMMITTEE
Senate Bill No. 451,17th Congress (July 2016 - 2019),https://ldr.senate.gov.ph/bills/senate-bill-no-451-17th-congress-republic,DEPARTMENT OF SPORTS ACT OF 2016,"AN ACT CREATING THE DEPARTMENT OF SPORTS, DEFINING ITS POWERS AND FUNCTIONS, APPROPRIATING FUNDS THEREFOR, AND FOR OTHER PURPOSES",Antonio F. Trillanes IV,"July 19, 2016",NATIONAL,DEPARTMENT OF SPORTS,SPORTS,PENDING IN THE COMMITTEE
Senate Bill No. 1064,17th Congress (July 2016 - 2019),https://ldr.senate.gov.ph/bills/senate-bill-no-1064-17th-congress-republic,PARENTAL LEAVE ACT OF 2016,AN ACT PROVIDING FOR PARENTAL LEAVE AND OTHER BENEFITS TO WORKERS IN PRIVATE AND PUBLIC SECTORS,"VILLANUEVA, JOEL","August 23, 2016",NATIONAL,PARENTAL CARE LEAVE LEAVE OF ABSENCE,"LABOR, EMPLOYMENT AND HUMAN RESOURCES DEVELOPMENT",PENDING IN THE COMMITTEE
Senate Bill No. 761,17th Congress (July 2016 - 2019),https://ldr.senate.gov.ph/bills/senate-bill-no-761-17th-congress-republic,COCONUT INDUSTRY DEVELOPMENT ACT,"AN ACT REVITALIZING THE COCONUT INDUSTRY, APPROPRIATING FUNDS THEREFOR AND FOR OTHER PURPOSES","ESCUDERO, FRANCIS G.","July 21, 2016",NATIONAL,COCONUT INDUSTRY/COPRA AND OTHER COCONUT PRODUCTS,AGRICULTURE AND FOOD,PENDING IN THE COMMITTEE
Senate Bill No. 824,17th Congress (July 2016 - 2019),https://ldr.senate.gov.ph/bills/senate-bill-no-824-17th-congress-republic,AUGMENTING THE BUDGET FOR THE K TO 12 PROGRAM OF DEPED,"AN ACT IMPROVING THE QUALITY OF EDUCATION BY AUGMENTING THE BUDGET FOR THE K TO 12 PROGRAM OF THE DEPARTMENT OF EDUCATION (DEPED), PROVIDING FUNDS FROM THE PHILIPPINE AMUSEMENT AND GAMING, CORPORATION (PAGCOR) INCOME, AMENDING FOR THE PURPOSE PRESIDENTIAL DECREE NO. 1869, AS AMENDED BY REPUBLIC ACT NO. 9487",Ralph G. Recto,"July 21, 2016",NATIONAL,DEPARTMENT OF EDUCATION (DEPED) K12 EDUCATION PROGRAM PHILIPPINE AMUSEMENT AND GAMING CORPORATION (PAGCOR),GOVERNMENT CORPORATIONS AND PUBLIC ENTERPRISES,PENDING IN THE COMMITTEE
Senate Bill No. 166,17th Congress (July 2016 - 2019),https://ldr.senate.gov.ph/bills/senate-bill-no-166-17th-congress-republic,BARANGAY HEALTH WORKERS AND SERVICES REFORM ACT OF 2016,"AN ACT TO IMPROVE AND TO PROMOTE QUALITY DELIVERY OF HEALTH SERVICES IN BARANGAYS, ENACTING THE BARANGAY HEALTH WORKERS AND SERVICES REFORM ACT OF 2016","POE, GRACE","June 30, 2016",NATIONAL,BARANGAY HEALTH WORKER,HEALTH AND DEMOGRAPHY,PENDING IN THE COMMITTEE
Senate Bill No. 231,17th Congress (July 2016 - 2019),https://ldr.senate.gov.ph/bills/senate-bill-no-231-17th-congress-republic,"CORPORATION CODE OF THE PHILIPPINES, REVISION",AN ACT REVISING THE CORPORATION CODE OF THE PHILIPPINES,Franklin M. Drilon,"April 7, 2016",NATIONAL,CORPORATION CODE,CONSTITUTIONAL AMENDMENTS AND REVISION OF CODES,CONSOLIDATED/SUBSTITUTED IN THE COMMITTEE REPORT
Senate Bill No. 525,17th Congress (July 2016 - 2019),https://ldr.senate.gov.ph/bills/senate-bill-no-525-17th-congress-republic,GOVERNMENT BUILDINGS ENERGY COST REDUCTION ACT OF 2016,AN ACT ESTABLISHING AN INTER-AGENCY ENERGY CONSERVATION COMMITEE TO DEPLOY COST-EFFECTIVE ENERGY CONSERVATION MEASURES AND TECHNOLOGIES AND FOR OTHER PURPOSES,Antonio F. Trillanes IV,"July 19, 2016",NATIONAL,Energy conservation BUILDINGS/STRUCTURES,ENERGY,CONSOLIDATED/SUBSTITUTED IN THE COMMITTEE REPORT
Senate Bill No. 1156,17th Congress (July 2016 - 2019),https://ldr.senate.gov.ph/bills/senate-bill-no-1156-17th-congress-republic,ENSURE HEALTH ACT,"AN ACT TO ENHANCE AND SUSTAIN THE UNIVERSAL HEALTH CARE (UHC) BY ESTABLISHING A MEDICAL RESIDENCY EXPANSION TRAINING PROGRAM, APPROPRIATING FUNDS THEREFOR, AND FOR OTHER PURPOSES","ANGARA, SONNY","September 19, 2016",NATIONAL,ENSURE HEALTH ACT,HEALTH AND DEMOGRAPHY,PENDING IN THE COMMITTEE
Senate Bill No. 586,17th Congress (July 2016 - 2019),https://ldr.senate.gov.ph/bills/senate-bill-no-586-17th-congress-republic,FARM MACHINERY MANUCFACTURING PROGRAM (FMMP) ACT OF 2016,AN ACT ESTABLISHING A FARM MACHINERY MANUFACTURING PROGRAM AND APPROPRIATING FUNDS THEREFOR,Antonio F. Trillanes IV,"July 19, 2016",NATIONAL,FARM MACHINERY MANUFACTURING PROGRAM,"TRADE, COMMERCE AND ENTREPRENEURSHIP",PENDING IN THE COMMITTEE
Senate Bill No. 1220,17th Congress (July 2016 - 2019),https://ldr.senate.gov.ph/bills/senate-bill-no-1220-17th-congress-republic,FREE HIGHER EDUCATION FOR ALL ACT,"AN ACT PROVIDING FOR A FULL TUITION FEE SUBSIDY, INCLUDING MISCELLANEOUS EXPENSES, FOR STUDENTS ENROLLED IN STATE UNIVERSITIES AND COLLEGES (SUCS), AND APPROPRIATING FUNDS THEREOF","ANGARA, SONNY","October 24, 2016",NATIONAL,TUITION FEES STUDENTS FREE TERTIARY EDUCATION,"EDUCATION, ARTS AND CULTURE",CONSOLIDATED/SUBSTITUTED IN THE COMMITTEE REPORT
Senate Bill No. 893,17th Congress (July 2016 - 2019),https://ldr.senate.gov.ph/bills/senate-bill-no-893-17th-congress-republic,LOCAL HOUSING BOARD ACT OF 2016,"AN ACT CREATING LOCAL HOUSING BOARD IN ALL CITIES AND FIRST TO THIRD CLASS MUNICIPALITIES, PROVIDING FOR ITS POWERS AND FUNCTIONS, AND FOR OTHER PURPOSES","EJERCITO, JOSEPH VICTOR G.","July 26, 2016",NATIONAL,LOCAL HOUSING BOARD,"URBAN PLANNING, HOUSING AND RESETTLEMENT",PENDING IN THE COMMITTEE
Senate Bill No. 957,17th Congress (July 2016 - 2019),https://ldr.senate.gov.ph/bills/senate-bill-no-957-17th-congress-republic,MINDANAO DEVELOPMENT INCENTIVES ACT,"AN ACT PROVIDING FOR INVESTMENT INCENTIVES TO ACCELERATE DEVELOPMENT IN MINDANAO, CREATING THE MINDANAO INCENTIVES DEVELOPMENT AUTHORITY FOR THIS PURPOSES, AND FOR OTHER PURPOSES","ANGARA, SONNY","January 8, 2016",NATIONAL,MINDANAO DEVELOPMENT INCENTIVES MINDANAO DEVELOPMENT AUTHORITY,GOVERNMENT CORPORATIONS AND PUBLIC ENTERPRISES,PENDING IN THE COMMITTEE
Senate Bill No. 655,17th Congress (July 2016 - 2019),https://ldr.senate.gov.ph/bills/senate-bill-no-655-17th-congress-republic,PHILIPPINE HIGH SCHOOL FOR SPORTS ACT,AN ACT ESTABLISHING A PHILIPPINE HIGH SCHOOL FOR SPORTS AND APPROPRIATING FUNDS THEREOF,"Paolo Benigno ""Bam"" Aquino IV","July 20, 2016",NATIONAL,PHILIPPINE HIGH SCHOOL FOR SPORTS (PHSS),"EDUCATION, ARTS AND CULTURE",PENDING IN THE COMMITTEE
Senate Bill No. 718,17th Congress (July 2016 - 2019),https://ldr.senate.gov.ph/bills/senate-bill-no-718-17th-congress-republic,DRUG REHABILITATION CENTERS,"AN ACT STRENGTHENING THE GOVERNMENT'S EFFORT TOWARDS THE TREATMENT AND REHABILITATION OF DRUG DEPENDENTS BY ESTABLISHING DRUG REHABILITATION CENTERS IN EVERY PROVINCE AND CITY IN THE COUNTRY, APPROPRIATING FUNDS THEREFOR AND FOR OTHER PURPOSES","VILLAR, CYNTHIA A.","July 20, 2016",NATIONAL,DRUG REHABILITATION ILLEGAL DRUGS DEPARTMENT OF HEALTH (DOH),PUBLIC ORDER AND DANGEROUS DRUGS,PENDING IN THE COMMITTEE
Senate Bill No. 404,17th Congress (July 2016 - 2019),https://ldr.senate.gov.ph/bills/senate-bill-no-404-17th-congress-republic,"IGLESIA NI CRISTO FOUNDING ANNIVERSARY, JULY 27",AN ACT DECLARING JULY 27 OF EVERY YEAR A SPECIAL NON-WORKING HOLIDAY IN OBSERVANCE OF THE FOUNDING ANNIVERSARY OF IGLESIA NI CRISTO,"LEGARDA, LOREN B.","July 18, 2016",NATIONAL,IGLESIA NI CRISTO (INC) HOLIDAYS (SPECIAL NON-WORKING),"EDUCATION, ARTS AND CULTURE",PENDING IN THE COMMITTEE
Senate Bill No. 469,17th Congress (July 2016 - 2019),https://ldr.senate.gov.ph/bills/senate-bill-no-469-17th-congress-republic,PHILIPPINE HAZARDOUS AND RADIOACTIVE WASTES MANAGEMENT ACT,"AN ACT PROVIDING FOR A COMPREHENSIVE HAZARDOUS AND RADIOACTIVE WASTES MANAGEMENT, PROVIDING PENALTIES FOR VIOLATIONS THEREOF AND FOR OTHER PURPOSES",Antonio F. Trillanes IV,"July 19, 2016",NATIONAL,HAZARDOUS/TOXIC/RADIOACTIVE WASTES MANAGEMENT,ENVIRONMENT AND NATURAL RESOURCES,PENDING IN THE COMMITTEE
Senate Bill No. 1031,17th Congress (July 2016 - 2019),https://ldr.senate.gov.ph/bills/senate-bill-no-1031-17th-congress-republic,"IMMORALITY, PORNOGRAPHY AND OBSCENITY DETERRENCE ACT OF 2016","AN ACT TO DETER THE CONTINUED PROLIFERATION OF IMMORAL DOCTRINES, OBSCENE PUBLICATIONS AND EXHIBITIONS AND INDECENT SHOWS BY INCREASING THE PENALTIES AGAINST THEM AMENDING FOR THIS PURPOSE ACT NO. 3815, AS AMENDED AND REPUBLIC ACT NO. 7610","VILLANUEVA, JOEL","August 16, 2016",NATIONAL,"pornography ANTI-OBSCENITY/ANTI-SMUT CAMPAIGN CHILD ABUSE, EXPLOITATION AND DISCRIMINATION ACT (R.A. NO. 7610)","WOMEN, CHILDREN, FAMILY RELATIONS AND GENDER EQUALITY",PENDING IN THE COMMITTEE
Senate Bill No. 1109,17th Congress (July 2016 - 2019),https://ldr.senate.gov.ph/bills/senate-bill-no-1109-17th-congress-republic,"AMENDING SECS. 23(C), 24(A)(2), 27(A), 28(A), 32(B)(7), 34(A) AND (L), AND 35(E) TAX ON INCOME","AN ACT AMENDING SECTIONS 23(C), 24(A)(2), 27(A), 28(A), 32(B)(7), 34(A) AND (L), AND 35(E) OF TITLE II, TAX ON INCOME AND SECTION 249(A) OF THE NATIONAL INTERNAL REVENUE CODE OF 1997 AS AMENDED, AND FOR OTHER PURPOSES","PIMENTEL, AQUILINO ""KOKO"" III","August 30, 2016",NATIONAL,TAXES/TAXATION NATIONAL INTERNAL REVENUE CODE (NIRC) TAXES (INDIVIDUAL INCOME TAX),WAYS AND MEANS,PENDING IN THE COMMITTEE
Senate Bill No. 37,17th Congress (July 2016 - 2019),https://ldr.senate.gov.ph/bills/senate-bill-no-37-17th-congress-republic,DEPARTMENT OF HOUSING AND URBAN DEVELOPMENT ACT,"AN ACT CREATING THE DEPARTMENT OF HOUSING AND URBAN DEVELOPMENT (DHUD), DEFINING ITS MANDATES, POWERS, AND FUNCTIONS, PROVIDING FUNDS THEREFOR AND FOR OTHER PURPOSES","LEGARDA, LOREN B.","June 30, 2016",NATIONAL,DEPARTMENT OF HOUSING AND URBAN DEVELOPMENT,"URBAN PLANNING, HOUSING AND RESETTLEMENT",CONSOLIDATED/SUBSTITUTED IN THE COMMITTEE REPORT
Senate Bill No. 101,17th Congress (July 2016 - 2019),https://ldr.senate.gov.ph/bills/senate-bill-no-101-17th-congress-republic,AGRICULTURAL FREE PATENT REFORM ACT,"AN ACT REMOVING THE RESTRICTIONS UNDER SECTIONS 118, 119, 121, 122 AND 123 OF COMMONWEALTH ACT NO. 141, AS AMENDED ON FREE PATENTS ISSUED UNDER SECTION 44 THEREOF","GORDON, RICHARD J.","June 30, 2016",NATIONAL,Commonwealth Act PUBLIC LAND ACT (COMMONWEALTH ACT NO. 141) PATENTS,JUSTICE AND HUMAN RIGHTS,CONSOLIDATED/SUBSTITUTED IN THE COMMITTEE REPORT
Senate Bill No. 789,17th Congress (July 2016 - 2019),https://ldr.senate.gov.ph/bills/senate-bill-no-789-17th-congress-republic,ALTERNATIVE DISPUTE RESOLUTION,AN ACT MANDATING THE IMPOSITION OF PENALTY LOWER THAN THAT PRESCRIBED BY LAW IN CRIMINAL CASES THE CIVIL CASE OF WHICH IS SETTLED THROUGH OR BY ALTERNATIVE DISPUTE RESOLUTION AMENDING FOR THAT PURPOSE REPUBLIC ACT NO. 9285,"ESCUDERO, FRANCIS G.","July 21, 2016",NATIONAL,ALTERNATIVE DISPUTE RESOLUTION (ADR),JUSTICE AND HUMAN RIGHTS,PENDING IN THE COMMITTEE
Senate Bill No. 852,17th Congress (July 2016 - 2019),https://ldr.senate.gov.ph/bills/senate-bill-no-852-17th-congress-republic,"479-KILOMETER PNR LINE REHABILITATION (SAN FERNANDO, LA UNION TO LEGASPI CITY, ALBAY)","AN ACT TO RECONSTRUCT AND REHABILITATE THE EXISTING 479-KILOMETER PHILIPPINE NATIONAL RAILWAYS LINE FROM SAN FERNANDO, LA UNION TO LEGAZPI CITY, ALBAY, PROVIDING FUNDS FROM THE ANNUAL VALUE ADDED TAX COLLECTIONS, AMENDING FOR THE PURPOSE THE NATIONAL INTERNAL REVENUE CODE OF 1997, AS AMENDED",Ralph G. Recto,"July 21, 2016",NATIONAL,PHILIPPINE NATIONAL RAILWAYS (PNR) TAXES (VALUE-ADDED TAX / VAT),WAYS AND MEANS,PENDING IN THE COMMITTEE
Senate Bill No. 1120,17th Congress (July 2016 - 2019),https://ldr.senate.gov.ph/bills/senate-bill-no-1120-17th-congress-republic,MALANDAY NATIONAL HIGH SCHOOL,"AN ACT SEPARATING THE POLO NATONAL HIGH SCHOOL - MALANDAY ANNEX, CITY OF VALENZUELA FROM POLO NATIONAL HIGH SCHOOL, CONVERTING IT INTO AN INDEPENDENT NATIONAL HIGH SCHOOL TO BE KNOWN AS MALANDAY NATIONAL HIGH SCHOOL AND APPROPRIATING FUNDS THEREFOR","GATCHALIAN, WIN","May 9, 2016",LOCAL,"SCHOOLS, CONVERSION",RULES,PENDING IN THE COMMITTEE
Senate Bill No. 551,17th Congress (July 2016 - 2019),https://ldr.senate.gov.ph/bills/senate-bill-no-551-17th-congress-republic,PVC LABELING ACT OF 2016,AN ACT PROVIDING FOR A MANDATORY LABELING OF POLYVINYL CHROLIDE (PVC) PRODUCTS AND FOR OTHER PURPOSES,Antonio F. Trillanes IV,"July 19, 2016",NATIONAL,PVC PRODUCTS (POLYVINYL CHLORIDE) LABEL/LABELING,"TRADE, COMMERCE AND ENTREPRENEURSHIP",PENDING IN THE COMMITTEE
Senate Bill No. 48,17th Congress (July 2016 - 2019),https://ldr.senate.gov.ph/bills/senate-bill-no-48-17th-congress-republic,ANTI-WIRE TAPPING LAW,"AN ACT AMENDING SECTION 3 OF REPUBLIC ACT 4200, OTHERWISE KNOWN AS AN ACT TO PROHIBIT AND PENALIZE WIRE TAPPING AND OTHER RELATED VIOLATIONS OF THE PRIVACY OF COMMUNICATION, AND FOR OHER PURPOSES","LACSON, PANFILO M.","June 30, 2016",NATIONAL,Wiretapping PRIVACY,PUBLIC ORDER AND DANGEROUS DRUGS,CONSOLIDATED/SUBSTITUTED IN THE COMMITTEE REPORT
Senate Bill No. 735,17th Congress (July 2016 - 2019),https://ldr.senate.gov.ph/bills/senate-bill-no-735-17th-congress-republic,PROBATION LAW,"AN ACT AMENDING SECTION 4 OF PRESIDENTIAL DECREE NO. 968, OTHERWISE KNOWN AS THE PROBATION LAW OF 1976, AS AMENDED, ON THE GRANT OF PROBATION","ESCUDERO, FRANCIS G.","July 21, 2016",NATIONAL,probation,JUSTICE AND HUMAN RIGHTS,PENDING IN THE COMMITTEE
Senate Bill No. 114,17th Congress (July 2016 - 2019),https://ldr.senate.gov.ph/bills/senate-bill-no-114-17th-congress-republic,ABOLISHING THE ROAD BOARD,"AN ACT ABOLISHING THE ROAD BOARD CREATED BY VIRTUE OF REPUBLIC ACT NO. 8794 AND TRANSFERRING ITS POWERS AND FUNCTIONS TO THE DEPARTMENT OF PUBLIC WORKS AND HIGHWAYS AND TO THE DEPARTMENT OF TRANSPORTATION AND COMMUNICATIONS, AMENDING FOR THE PURPOSE REPUBLIC ACT NO. 8794","PIMENTEL, AQUILINO ""KOKO"" III","June 30, 2016",NATIONAL,MOTOR VEHICLES USERS CHARGE (MVUC) (R.A. NO. 8794) Department of Public Works and Highways (DPWH) Department of Transportation and Communications (DOTC),PUBLIC WORKS,CONSOLIDATED/SUBSTITUTED IN THE COMMITTEE REPORT
Senate Bill No. 800,17th Congress (July 2016 - 2019),https://ldr.senate.gov.ph/bills/senate-bill-no-800-17th-congress-republic,BARANGAY OFFICIALS AND VOLUNTEER WORKER'S SOCIAL SECURITY BENEFITS ACT OF 2016,"AN ACT PROVIDING SOCIAL SECURITY BENEFITS FOR BARANGAY OFFICIALS AND VOLUNTEER WORKERS, APPROPRIATING FUNDS THEREFOR AND FOR OTHER PURPOSES",Ralph G. Recto,"July 21, 2016",NATIONAL,BARANGAY OFFICIALS volunteers,LOCAL GOVERNMENT,PENDING IN THE COMMITTEE
Senate Bill No. 1279,17th Congress (July 2016 - 2019),https://ldr.senate.gov.ph/bills/senate-bill-no-1279-17th-congress-republic,MASUSTANSYANG PAGKAIN PARA SA BATANG PILIPINO ACT,"AN ACT CREATING A NATIONAL SCHOOL FEEDING PROGRAM TO COMBAT HUNGER AND UNDERNUTRITION FOR ALL PUBLIC BASIC EDUCATION STUDENTS, AND FOR OTHER PURPOSES",Gregorio B. Honasan II,"December 12, 2016",NATIONAL,nutrition FEEDING PROGRAM POVERTY ALLEVIATION MALNUTRITION,"EDUCATION, ARTS AND CULTURE",APPROVED BY THE PRESIDENT OF THE PHILIPPINES
Senate Bill No. 500,17th Congress (July 2016 - 2019),https://ldr.senate.gov.ph/bills/senate-bill-no-500-17th-congress-republic,NATIONAL LABOR RELATIONS COMMISSION DEVELOPMENT FUND,AN ACT ESTABLISHING THE NATIONAL LABOR RELATIONS COMMISSION DEVELOPMENT FUND AND FOR OTHER PURPOSES,Antonio F. Trillanes IV,"July 19, 2016",NATIONAL,NATIONAL LABOR RELATIONS COMMISSION DEVELOPMENT FUND,"LABOR, EMPLOYMENT AND HUMAN RESOURCES DEVELOPMENT",PENDING IN THE COMMITTEE
Senate Bill No. 144,17th Congress (July 2016 - 2019),https://ldr.senate.gov.ph/bills/senate-bill-no-144-17th-congress-republic,PHILIPPINE NATIVE ANIMAL DEVELOPMENT ACT OF 2014,"AN ACT PROMOTING THE SCIENTIFIC PROPAGATION, PROCESSING, UTILIZATION AND DEVELOPMENT OF PHILIPPINE NATIVE ANIMALS, HEREBY CREATING THE PHILIPPINE NATIVE ANIMAL DEVELOPMENT CENTER","VILLAR, CYNTHIA A.","June 30, 2016",NATIONAL,PHILIPPINE NATIVE ANIMAL Animal Industry SWINE/LOCAL HOG INDUSTRY LIVESTOCK,AGRICULTURE AND FOOD,PENDING IN THE COMMITTEE
Senate Bill No. 1131,17th Congress (July 2016 - 2019),https://ldr.senate.gov.ph/bills/senate-bill-no-1131-17th-congress-republic,ROTC ACT OF 2016,AN ACT RE-INSTITUTING RESERVE OFFICERS' TRAINING CORPS (ROTC) AS A MANDATORY COURSE FOR TERTIARY LEVEL STUDENTS AND FOR OTHER PURPOSES,"EJERCITO, JOSEPH VICTOR G.","August 9, 2016",NATIONAL,RESERVE OFFICERS TRAINING CORPS (ROTC) TERTIARY EDUCATION,"EDUCATION, ARTS AND CULTURE",CONSOLIDATED/SUBSTITUTED IN THE COMMITTEE REPORT
Senate Bill No. 562,17th Congress (July 2016 - 2019),https://ldr.senate.gov.ph/bills/senate-bill-no-562-17th-congress-republic,PILOTAGE SERVICE ACT OF 2016,AN ACT REGULATING HARBOR PILOTAGE SERVICES AND THE CONDUCT OF HARBOR PILOTS IN ALL PORTS IN THE PHILIPPINES AND FOR OTHER PURPOSES,Antonio F. Trillanes IV,"July 19, 2016",NATIONAL,HARBOR PILOTAGE,PUBLIC SERVICES,PENDING IN THE COMMITTEE
Senate Bill No. 210,17th Congress (July 2016 - 2019),https://ldr.senate.gov.ph/bills/senate-bill-no-210-17th-congress-republic,FINANCIAL LITERACY FOR WORKERS ACT,AN ACT PROVIDING FINANCIAL LITERACY AND ENTREPRENEURSHIP PROGRAMS FOR WORKERS,"VILLANUEVA, JOEL","June 30, 2016",NATIONAL,FINANCIAL LITERACY,"LABOR, EMPLOYMENT AND HUMAN RESOURCES DEVELOPMENT",PENDING IN THE COMMITTEE
Senate Bill No. 1195,17th Congress (July 2016 - 2019),https://ldr.senate.gov.ph/bills/senate-bill-no-1195-17th-congress-republic,MUFFLER ACT OF 2016,"AN ACT PROHIBITING THE USE OF MOTOR VEHICLES WITHOUT MUFFLERS OR THOSE THAT ARE DEFECTIVE OR HAVE BEEN MODIFIED WHICH INCREASE THE SOUND EMITTED BY MOTOR VEHICLES, PENALIZING OWNERS AND DRIVERS THAT CONTRIBUTE TO NOISE POLLUTION IN THE ENVIRONMENT","GATCHALIAN, WIN","November 10, 2016",NATIONAL,Motor Vehicles,PUBLIC SERVICES,PENDING IN THE COMMITTEE
Senate Bill No. 306,17th Congress (July 2016 - 2019),https://ldr.senate.gov.ph/bills/senate-bill-no-306-17th-congress-republic,PEOPLE'S OWNERSHIP OF GOVERNMENT INFORMATION (POGI) ACT OF 2016,AN ACT FORTIFYING THE PEOPLE'S RIGHT OF OWNERSHIP OVER INFORMATION HELD BY THE PEOPLE'S GOVERNMENT,"ZUBIRI, JUAN MIGUEL ""MIGZ"" F.","April 7, 2016",NATIONAL,information PEOPLES OWNERSHIP OF GOVERNMENT INFORMATION (POGI),PUBLIC INFORMATION AND MASS MEDIA,CONSOLIDATED/SUBSTITUTED IN THE COMMITTEE REPORT
Senate Bill No. 372,17th Congress (July 2016 - 2019),https://ldr.senate.gov.ph/bills/senate-bill-no-372-17th-congress-republic,PROTECTION FOR THE ELDERLY ACT,"AN ACT PROVIDING PROTECTION TO THE ELDERLY AGAINST ABUSE, NEGLECT, AND EXPLOITATION, AND PRESCRIBING PENALTIES FOR VIOLATIONS THEREOF","GATCHALIAN, WIN","April 7, 2016",NATIONAL,SENIOR CITIZEN/ELDERLY,JUSTICE AND HUMAN RIGHTS,PENDING IN THE COMMITTEE
Senate Bill No. 872,17th Congress (July 2016 - 2019),https://ldr.senate.gov.ph/bills/senate-bill-no-872-17th-congress-republic,EXPANDED SENIOR CITIZENS' ACT,"AN ACT GRANTING SENIOR CITIZENS A MINIMUM OF FIVE PERCENT (5%) DISCOUNT ON THE FIRST 150 KILOWATT HOURS OF ELECTRICITY CONSUMPTION AND ON THE FIRST 50 CUBIC METERS OF WATER CONSUMPTION, AND EXEMPTION FROM THE VALUE-ADDED TAX (VAT), AMENDING FOR THIS PURPOSE REPUBLIC ACT NO. 9994, OTHERWISE KNOWN AS THE EXPANDED SENIOR CITIZENS' ACTION OF 2010","POE, GRACE","July 26, 2016",NATIONAL,SENIOR CITIZEN/ELDERLY TAXES (VALUE-ADDED TAX / VAT) DISCOUNT PRIVILEGES,"SOCIAL JUSTICE, WELFARE AND RURAL DEVELOPMENT",PENDING IN THE COMMITTEE
Senate Bill No. 936,17th Congress (July 2016 - 2019),https://ldr.senate.gov.ph/bills/senate-bill-no-936-17th-congress-republic,"ON-SITE, IN-CITY OR NEAR-CITY RESETTLEMENT ACT","AN ACT ESTABLISHING AN ON-SITE, IN-CITY OR NEAR-CITY RESETTLEMENT PROGRAM FOR INFORMAL SETTLER FAMILIES AND, IN CONNECTION THEREWITH, MANDATING THAT LOCAL GOVERNMENT UNITS PROVIDES LIVELIHOOD ASSISTANCE AND OTHER BASIC SERVICES, AMENDING FOR THE PURPOSE REPUBLIC ACT NO. 7279, AS AMENDED, OTHERWISE KNOWN AS THE URBAN DEVELOPMENT AND HOUSING ACT OF 1992","HONTIVEROS, RISA","January 8, 2016",NATIONAL,URBAN DEVELOPMENT AND HOUSING ACT (R.A. NO. 7279) LOCAL GOVERNMENT UNITS (LGUs) SQUATTERS/SQUATTING/INFORMAL SETTLERS,"URBAN PLANNING, HOUSING AND RESETTLEMENT",CONSOLIDATED/SUBSTITUTED IN THE COMMITTEE REPORT
Senate Bill No. 634,17th Congress (July 2016 - 2019),https://ldr.senate.gov.ph/bills/senate-bill-no-634-17th-congress-republic,BENEFITS AND INCENTIVES OF BARANGAY TANOD MEMBERS,AN ACT UPGRADING THE BENEFITS AND INCENTIVES OF BARANGAY TANOD MEMBERS WHO HAVE RENDERED AT LEAST ONE YEAR OF SERVICE IN THE BARANGAY GOVERNMENT,Antonio F. Trillanes IV,"July 19, 2016",NATIONAL,BARANGAY TANOD BRIGADES,LOCAL GOVERNMENT,PENDING IN THE COMMITTEE
Senate Bill No. 696,17th Congress (July 2016 - 2019),https://ldr.senate.gov.ph/bills/senate-bill-no-696-17th-congress-republic,RIDESHARE SUPPORT COMPANY ACT,"AN ACT RECOGNIZING RIDESHARE SUPPORT COMPANIES, PROVIDING REGULATIONS GOVERNING THEIR OPERATIONS, AND CLARIFYING THE SCOPE OF COMMONWEALTH ACT NO. 146, ALSO KNOWN AS THE PUBLIC SERVICE LAW, THE TAX CODE, AND THE LAND TRANSPORTATION AND TRAFFIC CODE, AND OTHER RELEVANT LAWS","Paolo Benigno ""Bam"" Aquino IV","July 20, 2016",NATIONAL,PUBLIC SERVICE ACT (COMMONWEALTH ACT NO. 146) LAND TRANSPORTATION AND TRAFFIC CODE (R.A. NO. 4136),PUBLIC SERVICES,PENDING IN THE COMMITTEE
Senate Bill No. 382,17th Congress (July 2016 - 2019),https://ldr.senate.gov.ph/bills/senate-bill-no-382-17th-congress-republic,TOTAL LOGGING BAN,"AN ACT TOTALLY BANNING LOGGING OPERATIONS FOR THE NEXT TWENTY-FIVE YEARS, AND FOR OTHER PURPOSES","LEGARDA, LOREN B.","July 18, 2016",NATIONAL,LOGGING BAN,ENVIRONMENT AND NATURAL RESOURCES,PENDING IN THE COMMITTEE
Senate Bill No. 448,17th Congress (July 2016 - 2019),https://ldr.senate.gov.ph/bills/senate-bill-no-448-17th-congress-republic,FOREST SANCTUARIES ACT,AN ACT PROVIDING FOR URBAN AND COUNTRYSIDE GREENING IN THE PHILIPPINES THROUGH MANDATORY TREE PLANTING AND ADOPTION OF A FOREST SANCTUARY BY PUBLIC SCHOOLS UNDER THE DEPARTMENT OF EDUCATION,"LEGARDA, LOREN B.","July 19, 2016",NATIONAL,FOREST SANCTUARY DEPARTMENT OF EDUCATION (DEPED) TREE PLANTING,ENVIRONMENT AND NATURAL RESOURCES,PENDING IN THE COMMITTEE
Senate Bill No. 1010,17th Congress (July 2016 - 2019),https://ldr.senate.gov.ph/bills/senate-bill-no-1010-17th-congress-republic,SALARY STANDARDIZATION LAW OF 2016 OR THE SSL 2016,AN ACT MODIFYING THE COMPENSATION AND POSITION CLASSIFICATION SYSTEM OF CIVILIAN GOVERNMENT PERSONNEL AND THE BASE PAY SCHEDULE OF MILITARY AND UNIFORMED PERSONNEL IN THE GOVERNMENT,"ANGARA, SONNY","September 8, 2016",NATIONAL,SALARY STANDARDIZATION GOVERNMENT EMPLOYEES MILITARY AND UNIFORMED PERSONNEL,"CIVIL SERVICE, GOVERNMENT REORGANIZATION AND PROFESSIONAL REGULATION",CONSOLIDATED/SUBSTITUTED IN THE COMMITTEE REPORT
Senate Bill No. 1074,17th Congress (July 2016 - 2019),https://ldr.senate.gov.ph/bills/senate-bill-no-1074-17th-congress-republic,FILIPINO VOLUNTEERISM IN NATION-BUILDING (VNB) OR BAYANIHAN SA BAGUMBAYAN (BSB),AN ACT TO STRENGTHEN NATION-BUILDING THROUGH THE INSTITUTIONALIZATION OF A STRATEGIC VOLUNTEERISM- BASED MULTISECTORAL PUBLIC-PRIVATE PARTNERSHIP FRAMEWORK IN ALL LOCAL GOVERNMENT UNITS (LGUS) AND CONGRESSIONAL DISTRICTS IN THE COUNTRY AND FOR OTHER PURPOSES,"EJERCITO, JOSEPH VICTOR G.","August 25, 2016",NATIONAL,VOLUNTEERISM IN NATION-BUILDING (VNB) LOCAL GOVERNMENT UNITS (LGUs) PUBLIC-PRIVATE PARTNERSHIP (PPP) PROJECTS,"SOCIAL JUSTICE, WELFARE AND RURAL DEVELOPMENT",CONSOLIDATED/SUBSTITUTED IN THE COMMITTEE REPORT
Senate Bill No. 16,17th Congress (July 2016 - 2019),https://ldr.senate.gov.ph/bills/senate-bill-no-16-17th-congress-republic,THE NEW CENTRAL BANK ACT,"AN ACT AMENDING REPUBLIC ACT NO. 7653, OTHERWISE KNOWN AS THE NEW CENTRAL BANK ACT",Franklin M. Drilon,"June 30, 2016",NATIONAL,NEW CENTRAL BANK ACT BANGKO SENTRAL NG PILIPINAS (BSP),"BANKS, FINANCIAL INSTITUTIONS AND CURRENCIES",CONSOLIDATED/SUBSTITUTED IN THE COMMITTEE REPORT
Senate Bill No. 80,17th Congress (July 2016 - 2019),https://ldr.senate.gov.ph/bills/senate-bill-no-80-17th-congress-republic,SUBMISSION OF WRITTEN PERMISSION OR WAIVER OF PUBLIC OFFICIALS AND EMPLOYEES ACT,"AN ACT REQUIRING PUBLIC OFFICIALS AND EMPLOYEES TO SUBMIT WRITTEN PERMISSION OR WAIVER IN FAVOR OF THE OMBUDSMAN TO LOOK INTO ALL DEPOSITS OF WHATEVER NATURE WITH BANKS OR BANKING INSTITUTIONS BOTH WITHIN AND OUTSIDE THE PHILIPPINES INCLUDING INVESTMENT BONDS ISSUED BY THE GOVERNMENT OF THE PHILIPPINES, ITS POLITICAL SUBDIVISIONS AND INSTRUMENTALITIES AND PROVIDING PENALTIES THEREFOR","ESCUDERO, FRANCIS G.","June 30, 2016",NATIONAL,GOVERNMENT EMPLOYEES BANK DEPOSITS/BANK ACCOUNTS WAIVER GOVERNMENT OFFICIAL/PUBLIC OFFICIAL OMBUDSMAN,JUSTICE AND HUMAN RIGHTS,PENDING IN THE COMMITTEE
Senate Bill No. 768,17th Congress (July 2016 - 2019),https://ldr.senate.gov.ph/bills/senate-bill-no-768-17th-congress-republic,GOCC GOVERNANCE ACT,AN ACT AMENDING CERTAIN PROVISIONS OF REPUBLIC ACT NO. 10149 OR THE GOCC GOVERNANCE ACT OF 2011,"ESCUDERO, FRANCIS G.","July 21, 2016",NATIONAL,GOVERNMENT-OWNED AND-CONTROLLED CORPORATIONS (GOCC),FINANCE,PENDING IN THE COMMITTEE
Senate Bill No. 831,17th Congress (July 2016 - 2019),https://ldr.senate.gov.ph/bills/senate-bill-no-831-17th-congress-republic,CHILDREN'S HEALTH AND NUTRITION PROGRAM ACT OF 2016,"AN ACT TO GUARANTEE THE HEALTH AND NUTRITION OF CHILDREN, PROTECTING THEM FROM MALNUTRITION BY ESTABLISHING A COMPREHENSIVE CHILDRENS HEALTH AND NUTRITION PROGRAM, PROVIDING FUNDS THEREFOR AND FOR OTHER PURPOSES",Ralph G. Recto,"July 21, 2016",NATIONAL,CHILDREN/CHILD CARE nutrition,HEALTH AND DEMOGRAPHY,CONSOLIDATED/SUBSTITUTED IN THE COMMITTEE REPORT
Senate Bill No. 1242,17th Congress (July 2016 - 2019),https://ldr.senate.gov.ph/bills/senate-bill-no-1242-17th-congress-republic,AMENDING R.A. NO. 9160 (ANTI-MONEY LAUNDERING ACT),"AN ACT TO FURTHER STRENGTHEN THE ANTI-MONEY LAUNDERING ACT, AMENDING FOR THE PURPOSE SECTIONS 3, 3(A), 3(B), 3(G), 3(I), 7, 7(2), 7(5), 7(6), 7(7), 9(A), 9(C), 10, 11, 14(F), 14(G), AND 16; AND REPEALING SECTION 20 OF REPUBLIC ACT NO. 9160, OTHERWISE KNOWN AS THE 'ANTI-MONEY LAUNDERING ACT OF 2001,' AS AMENDED","Paolo Benigno ""Bam"" Aquino IV","November 16, 2016",NATIONAL,ANTI-MONEY LAUNDERING ACT (R.A.NO. 9160),"BANKS, FINANCIAL INSTITUTIONS AND CURRENCIES",CONSOLIDATED/SUBSTITUTED IN THE COMMITTEE REPORT
Senate Bill No. 532,17th Congress (July 2016 - 2019),https://ldr.senate.gov.ph/bills/senate-bill-no-532-17th-congress-republic,PUBLIC SERVICE BROADCAST SYSTEM ACT OF 2016,"AN ACT ESTABLISHING AN INDEPENDENT BROADCAST SYSTEM IN THE COUNTRY, PROVIDING FUNDS THEREFOR, AND FOR OTHER PURPOSES",Antonio F. Trillanes IV,"July 19, 2016",NATIONAL,INDEPENDENT BROADCAST SYSTEM BROADCAST MEDIA/BROADCASTING SYSTEM,PUBLIC INFORMATION AND MASS MEDIA,PENDING IN THE COMMITTEE
Senate Bill No. 177,17th Congress (July 2016 - 2019),https://ldr.senate.gov.ph/bills/senate-bill-no-177-17th-congress-republic,FREE HIGHER EDUCATION FOR ALL ACT,"AN ACT PROVIDING FOR A FULL TUITION FEE SUBSIDY FOR STUDENTS ENROLLED IN STATE UNIVERSITIES AND COLLEGES (SUCS), AND APPROPRIATING FUNDS THEREOF","Paolo Benigno ""Bam"" Aquino IV","June 30, 2016",NATIONAL,TUITION FEES FREE PUBLIC COLLEGE EDUCATION SYSTEM STUDENTS,"EDUCATION, ARTS AND CULTURE",CONSOLIDATED/SUBSTITUTED IN THE COMMITTEE REPORT
Senate Bill No. 1163,17th Congress (July 2016 - 2019),https://ldr.senate.gov.ph/bills/senate-bill-no-1163-17th-congress-republic,YOUTH SUICIDE PREVENTION ACT,AN ACT TO PROVIDE EARLY YOUTH SUICIDE INTERVENTION AND PREVENTION EXPANSION,"VILLANUEVA, JOEL","September 20, 2016",NATIONAL,YOUTH SUICIDE,YOUTH,PENDING IN THE COMMITTEE
Senate Bill No. 593,17th Congress (July 2016 - 2019),https://ldr.senate.gov.ph/bills/senate-bill-no-593-17th-congress-republic,NATIONAL COASTAL CLEAN-UP DAY ACT OF 2016,AN ACT PRESCRIBING EVERY SECOND SUNDAY OF SEPTEMBER AS A NATIONAL COASTAL CLEAN-UP DAY IN THE COUNTRY,Antonio F. Trillanes IV,"July 19, 2016",NATIONAL,NATIONAL COASTAL CLEAN-UP DAY COASTAL ENVIRONMENT PROGRAM/COASTAL RESOURCES PROTECTION,ENVIRONMENT AND NATURAL RESOURCES,PENDING IN THE COMMITTEE
Senate Bill No. 242,17th Congress (July 2016 - 2019),https://ldr.senate.gov.ph/bills/senate-bill-no-242-17th-congress-republic,DEPARTMENT OF FISHERIES ACT,"AN ACT CREATING THE DEPARTMENT OF FISHERIES, PROVIDING FOR ITS POWERS AND FUNCTIONS, AND FOR OTHER PURPOSES","LEGARDA, LOREN B.","April 7, 2016",NATIONAL,DEPARTMENT OF FISHERIES MERGER/ACQUISITIONS/TRANSFER NATIONAL FISHERIES AND AQUATIC RESOURCES MANAGEMENT COUNCIL (NFARMC),AGRICULTURE AND FOOD,PENDING IN THE COMMITTEE
Senate Bill No. 1227,17th Congress (July 2016 - 2019),https://ldr.senate.gov.ph/bills/senate-bill-no-1227-17th-congress-republic,NEW CRIMINAL CODE OF THE PHILIPPINES,"AN ACT TO ORDAIN AND INSTITUTE A NEW CRIMINAL CODE OF THE PHILIPPINES, REPEALING FOR THAT PURPOSE ACT NO. 3815, OTHERWISE KNOWN AS THE REVISED PENAL CODE, AND OTHER RELATED LAWS, AND FOR OTHER PURPOSES","DE LIMA, LEILA M.","October 27, 2016",NATIONAL,CRIMINAL CODE OF THE PHILIPPINES,CONSTITUTIONAL AMENDMENTS AND REVISION OF CODES,PENDING IN THE COMMITTEE
Senate Bill No. 274,17th Congress (July 2016 - 2019),https://ldr.senate.gov.ph/bills/senate-bill-no-274-17th-congress-republic,GOVERNMENT PROCUREMENT REFORM ACT,"AN ACT AMENDING REPUBLIC ACT NO. 9184, OTHERWISE KNOWN AS THE GOVERNMENT PROCUREMENT REFORM ACT","ESCUDERO, FRANCIS G.","April 7, 2016",NATIONAL,Government procurement,FINANCE,PENDING IN THE COMMITTEE
Senate Bill No. 870,17th Congress (July 2016 - 2019),https://ldr.senate.gov.ph/bills/senate-bill-no-870-17th-congress-republic,ENHANCED CODE OF CONDUCT AND ETHICAL STANDARDS FOR PUBLIC SERVANTS OF 2016,AN ACT STRENGTHENING THE CODE OF CONDUCT AND ETHICAL STANDARDS FOR PUBLIC SERVANTS,"POE, GRACE","July 26, 2016",NATIONAL,CODE OF CONDUCT AND ETHICAL STANDARDS (R.A.NO. 6713) GOVERNMENT OFFICIAL/PUBLIC OFFICIAL,"CIVIL SERVICE, GOVERNMENT REORGANIZATION AND PROFESSIONAL REGULATION",PENDING IN THE COMMITTEE
Senate Bill No. 934,17th Congress (July 2016 - 2019),https://ldr.senate.gov.ph/bills/senate-bill-no-934-17th-congress-republic,COCONUT FARMERS DEVELOPMENT ACT,AN ACT ESTABLISHING THE COCONUT FARMERS TRUST FUND AND PROVIDING FOR ITS MANAGEMENT AND UTILIZATION,"HONTIVEROS, RISA","January 8, 2016",NATIONAL,COCONUT INDUSTRY/COPRA AND OTHER COCONUT PRODUCTS trust fund FARMERS,AGRICULTURE AND FOOD,CONSOLIDATED/SUBSTITUTED IN THE COMMITTEE REPORT
Senate Bill No. 632,17th Congress (July 2016 - 2019),https://ldr.senate.gov.ph/bills/senate-bill-no-632-17th-congress-republic,CHARTER OF THE PHILIPPINE TRADE REPRESENTATIVE OFFICE,AN ACT CREATING THE PHILIPPING TRADE REPRESENTATIVE OFFICE AND APPROPRIATING FUNDS THEREFORE,Antonio F. Trillanes IV,"July 19, 2016",NATIONAL,PHILIPPINE TRADE REPRESENTATIVE OFFICE,"TRADE, COMMERCE AND ENTREPRENEURSHIP",PENDING IN THE COMMITTEE
Senate Bill No. 1271,17th Congress (July 2016 - 2019),https://ldr.senate.gov.ph/bills/senate-bill-no-1271-17th-congress-republic,ANTI-DISCRIMINATION ACT,AN ACT PROHIBITING DISCRIMINATION ON THE BASIS OF SEXUAL ORIENTATION AND GENDER IDENTITY OR EXPRESSION (SOGIE) AND PROVIDING PENALTIES THEREFOR,"HONTIVEROS, RISA","July 12, 2016",NATIONAL,ANTI-DISCRIMINATION GENDER DISCRIMINATION,"WOMEN, CHILDREN, FAMILY RELATIONS AND GENDER EQUALITY","PENDING SECOND READING, SPECIAL ORDER"
Senate Bill No. 694,17th Congress (July 2016 - 2019),https://ldr.senate.gov.ph/bills/senate-bill-no-694-17th-congress-republic,PAGKAING PINOY PARA SA BATANG PINOY ACT,AN ACT CREATING A SYSTEM OF FOOD PURCHASE SUPPORTING LOCAL PRODUCTION AND A PROGRAM OF DISTRIBUTION ADDRESSING THE NUTRITIONAL NEEDS OF CHILDREN,"Paolo Benigno ""Bam"" Aquino IV","July 20, 2016",NATIONAL,nutrition CHILDREN/CHILD CARE,"EDUCATION, ARTS AND CULTURE",CONSOLIDATED/SUBSTITUTED IN THE COMMITTEE REPORT
Senate Bill No. 945,17th Congress (July 2016 - 2019),https://ldr.senate.gov.ph/bills/senate-bill-no-945-17th-congress-republic,"STUDENT FARE DISCOUNT PRIVILEGES ON LAND, WATER, AIR AND RAIL TRANSPORT UTILITIES","AN ACT INSTITUTIONALIZING THE GRANT OF STUDENT FARE DISCOUNT PRIVILEGES ON LAND, WATER, AIR AND RAIL TRANSPORT UTILITIES AND FOR OTHER PURPOSES","ANGARA, SONNY","January 8, 2016",NATIONAL,STUDENTS FARE DISCOUNT DISCOUNT PRIVILEGES,"EDUCATION, ARTS AND CULTURE",CONSOLIDATED/SUBSTITUTED IN THE COMMITTEE REPORT
Senate Bill No. 643,17th Congress (July 2016 - 2019),https://ldr.senate.gov.ph/bills/senate-bill-no-643-17th-congress-republic,REQUIREMENTS OF CONVERSION OF A MUNICIPALITY INTO A COMPONENT CITY,"AN ACT AMENDING SECTION 450 OF REPUBLIC ACT NO. 7160, OTHERWISE KNOWN AS THE LOCAL GOVERNMENT CODE OF 1991, AS AMENDED BY REPUBLIC ACT NO. 9009, ALLOWING THE CONVERSION OF A MUNICIPALITY WHICH HAS A LAND AREA OF AT LEAST FIFTY (50) SQUARE KILOMETERS OR INHABITANTS OF AT LEAST TWENTY FIVE THOUSAND (25,000) INTO A COMPONENT CITY IF IT HAS AN ANNUAL AVERAGE LOCALLY GENERATED INCOME OF AT LEAST TWO HUNDRED FIFTY MILLION PESOS (250,000,000.00) FOR THE LAST TWO CONSECUTIVE YEARS BASED ON 2012 CONSTANT PRICES",Antonio F. Trillanes IV,"July 20, 2016",NATIONAL,"MUNICIPALITY, CONVERSION (CITYHOOD) LOCAL GOVERNMENT CODE (R.A. NO. 7160) INCOME REQUIREMENT (CITYHOOD, CREATION OF MUNICIPALITY/PROVINCE)",LOCAL GOVERNMENT,CONSOLIDATED/SUBSTITUTED IN THE COMMITTEE REPORT
Senate Bill No. 1284,17th Congress (July 2016 - 2019),https://ldr.senate.gov.ph/bills/senate-bill-no-1284-17th-congress-republic,TRAFFIC AND CONGESTION CRISIS ACT OF 2016,AN ACT COMPELLING THE GOVERNMENT TO ADDRESS THE TRANSPORTATION AND CONGESTION CRISIS THROUGH THE GRANT OF EMERGENCY POWERS TO THE PRESIDENT,Franklin M. Drilon,"December 14, 2016",NATIONAL,TRAFFIC EMERGENCY POWERS,PUBLIC SERVICES,"PENDING SECOND READING, SPECIAL ORDER"
Senate Bill No. 706,17th Congress (July 2016 - 2019),https://ldr.senate.gov.ph/bills/senate-bill-no-706-17th-congress-republic,COMPREHENSIVE FIREARMS AND AMMUNITION REGULATION ACT,"AN ACT AMENDING REPUBLIC ACT NO. 10591, OTHERWISE KNOWN AS THE COMPREHENSIVE FIREARMS AND AMMUNITION REGULATION ACT, AND PROVIDING PENALTIES FOR VIOLATION THEREOF","Paolo Benigno ""Bam"" Aquino IV","July 20, 2016",NATIONAL,FIREARMS,PUBLIC ORDER AND DANGEROUS DRUGS,PENDING IN THE COMMITTEE
Senate Bill No. 137,17th Congress (July 2016 - 2019),https://ldr.senate.gov.ph/bills/senate-bill-no-137-17th-congress-republic,MINDANAO RAILWAYS CORPORATION,"AN ACT CREATING THE MINDANAO RAILWAYS CORPORATION, PRESCRIBING ITS POWERS, FUNCTIONS AND DUTIES, AND PROVIDING FOR THE NECESSARY FUNDS FOR ITS OPERATION","ANGARA, SONNY","June 30, 2016",NATIONAL,MINDANAO RAILWAYS CORPORATION TAX EXEMPTION,GOVERNMENT CORPORATIONS AND PUBLIC ENTERPRISES,PENDING IN THE COMMITTEE
Senate Bill No. 1019,17th Congress (July 2016 - 2019),https://ldr.senate.gov.ph/bills/senate-bill-no-1019-17th-congress-republic,MICRO AND SMALL ENTERPRISES (RETURNS AND PAYMENT PERCENTAGE TAXES EXEMPT),"AN ACT ENHANCING THE EASE OF DOING BUSINESS BY EXEMPTING MICRO AND SMALL ENTERPRISES FROM THE PAYMENT OF PERCENTAGE TAX, AMENDING FOR THE PURPOSE THE NATIONAL INTERNAL REVENUE CODE OF 1997, AS AMENDED",Ralph G. Recto,"August 15, 2016",NATIONAL,"MICRO, SMALL AND MEDIUM ENTERPRISES TAX EXEMPTION",WAYS AND MEANS,PENDING IN THE COMMITTEE
Senate Bill No. 203,17th Congress (July 2016 - 2019),https://ldr.senate.gov.ph/bills/senate-bill-no-203-17th-congress-republic,SUBSCRIBER IDENTITY MODULE (SIM) CARD REGISTRATION ACT,AN ACT REQUIRING THE REGISTRATION OF ALL USERS OF PRE-PAID SUBSCRIBER IDENTITY MODULE (SIM) CARDS,"GATCHALIAN, WIN","June 30, 2016",NATIONAL,SIM CARD REGISTRATION CELLULAR PHONES/CELL PHONES,PUBLIC SERVICES,PENDING IN THE COMMITTEE
Senate Bill No. 1083,17th Congress (July 2016 - 2019),https://ldr.senate.gov.ph/bills/senate-bill-no-1083-17th-congress-republic,"AMENDING TITLES V, SECS. 102 & 107 OF RA NO. 7160 (LOCAL GOVERNMENT CODE OF 1991)","AN ACT AMENDING TITLES V AND VI, SECTIONS 102 AND 107 OF REPUBLIC ACT NO. 7160, OTHERWISE KNOWN AS THE LOCAL GOVERNMENT CODE OF 1991","EJERCITO, JOSEPH VICTOR G.","August 25, 2016",NATIONAL,LOCAL GOVERNMENT CODE (R.A. NO. 7160) LOCAL HEALTH BOARD SENIOR CITIZEN/ELDERLY VETERANS Parent-Teacher Associations,LOCAL GOVERNMENT,PENDING IN THE COMMITTEE
Senate Bill No. 17,17th Congress (July 2016 - 2019),https://ldr.senate.gov.ph/bills/senate-bill-no-17-17th-congress-republic,IMMIGRATION ACT OF THE PHILIPPINES,IMMIGRATION ACT OF THE PHILIPPINES,Franklin M. Drilon,"June 30, 2016",NATIONAL,IMMIGRATION ACT,JUSTICE AND HUMAN RIGHTS,PENDING IN THE COMMITTEE
Senate Bill No. 777,17th Congress (July 2016 - 2019),https://ldr.senate.gov.ph/bills/senate-bill-no-777-17th-congress-republic,ANTI-INFLUENCE PEDDLING ACT,AN ACT PENALIZING INFLUENCE PEDDLING AND FOR OTHER PURPOSES,"ESCUDERO, FRANCIS G.","July 21, 2016",NATIONAL,INFLUENCE PEDDLING,"CIVIL SERVICE, GOVERNMENT REORGANIZATION AND PROFESSIONAL REGULATION",PENDING IN THE COMMITTEE
Senate Bill No. 81,17th Congress (July 2016 - 2019),https://ldr.senate.gov.ph/bills/senate-bill-no-81-17th-congress-republic,ONE-PERSON CORPORATIONS ACT,"AN ACT ALLOWING ONE PERSON CORPORATIONS, AMENDING FOR THE PURPOSE PERTINENT PROVISIONS OF BATAS PAMBANSA BLG. 68 OR THE CORPORATION CODE OF THE PHILIPPINES, AS AMENDED","ESCUDERO, FRANCIS G.","June 30, 2016",NATIONAL,CORPORATION CODE,CONSTITUTIONAL AMENDMENTS AND REVISION OF CODES,CONSOLIDATED/SUBSTITUTED IN THE COMMITTEE REPORT
Senate Bill No. 840,17th Congress (July 2016 - 2019),https://ldr.senate.gov.ph/bills/senate-bill-no-840-17th-congress-republic,MAGNA CARTA FOR THE ROAD TRANSPORTATION SECTOR ACT,AN ACT PROVIDING FOR A MAGNA CARTA FOR THE ROAD TRANSPORTATION SECTOR,Ralph G. Recto,"July 21, 2016",NATIONAL,MAGNA CARTA FOR THE ROAD TRANSPORTATION SECTOR TRANSPORTATION,PUBLIC SERVICES,PENDING IN THE COMMITTEE
Senate Bill No. 1172,17th Congress (July 2016 - 2019),https://ldr.senate.gov.ph/bills/senate-bill-no-1172-17th-congress-republic,FREEDOM OF INFORMATION ACT OF 2016,"AN ACT STRENGTHENING THE RIGHT OF CITIZENS TO INFORMATION HELD BY THE GOVERNMENT, INSTITUTIONALIZING OPEN DATA GOVERNANCE AND FOR OTHER PURPOSES","HONTIVEROS, RISA","September 28, 2016",NATIONAL,information,PUBLIC INFORMATION AND MASS MEDIA,CONSOLIDATED/SUBSTITUTED IN THE COMMITTEE REPORT
Senate Bill No. 283,17th Congress (July 2016 - 2019),https://ldr.senate.gov.ph/bills/senate-bill-no-283-17th-congress-republic,SECURITY OF TENURE FOR ALL CASUAL AND CONTRACTUAL EMPLOYEES OF THE GOVERNMENT,AN ACT PROVIDING FOR SECURITY OF TENURE FOR ALL CASUAL AND CONTRACTUAL EMPLOYEES OF THE GOVERNMENT WHO HAVE RENDERED THE PRESCRIBED YEARS OF SERVICE IN THE NATIONAL GOVERNMENT AGENCIES AND THE LCOAL GOVERNMENT UNITS AND FOR OTHER PURPOSES,Antonio F. Trillanes IV,"April 7, 2016",NATIONAL,SECURITY OF TENURE GOVERNMENT EMPLOYEES (CASUAL/CONTRACTUAL),"CIVIL SERVICE, GOVERNMENT REORGANIZATION AND PROFESSIONAL REGULATION",CONSOLIDATED/SUBSTITUTED IN THE COMMITTEE REPORT
Senate Bill No. 348,17th Congress (July 2016 - 2019),https://ldr.senate.gov.ph/bills/senate-bill-no-348-17th-congress-republic,GOVERNMENT EFFICIENCY OFFICE ACT,AN ACT CREATING A GOVERNMENT EFFICIENCY OFFICE TO IMPROVE QUALITY OF REGULATIONS AND REDUCE REGULATORY BURDEN,"Paolo Benigno ""Bam"" Aquino IV","April 7, 2016",NATIONAL,GOVERNMENT EFFICIENCY OFFICE,"CIVIL SERVICE, GOVERNMENT REORGANIZATION AND PROFESSIONAL REGULATION",PENDING IN THE COMMITTEE
Senate Bill No. 913,17th Congress (July 2016 - 2019),https://ldr.senate.gov.ph/bills/senate-bill-no-913-17th-congress-republic,PEOPLE'S BROADCASTING CORPORATION CHARTER,"AN ACT ESTABLISHING THE PEOPLE'S BROADCASTING CORPORATION, ABOLISHING THE PEOPLE'S TELEVISION NETWORK, INC. AND FOR OTHER PURPOSES","LEGARDA, LOREN B.","July 28, 2016",LOCAL,FRANCHISE SALES/FRANCHISE BUSINESS,PUBLIC SERVICES,PENDING IN THE COMMITTEE
Senate Bill No. 1239,17th Congress (July 2016 - 2019),https://ldr.senate.gov.ph/bills/senate-bill-no-1239-17th-congress-republic,"AMENDING SEC. 35 B (4), R.A. 6975 (PNP REORGANIZATION ACT)","AN ACT AMENDING SEC. 35 B (4) OF REPUBLIC ACT NO. 6975, OTHERWISE KNOWN AS AN ACT ESTABLISHING THE PHILIPPINE NATIONAL POLICE UNDER A REORGANIZED DEPARTMENT OF THE INTERIOR AND LOCAL GOVERNMENT, AND FOR OTHER PURPOSES","LACSON, PANFILO M.","November 15, 2016",NATIONAL,PHILIPPINE NATIONAL POLICE (PNP) DEPARTMENT OF THE INTERIOR AND LOCAL GOVERNMENT (DILG),PUBLIC ORDER AND DANGEROUS DRUGS,APPROVED BY THE PRESIDENT OF THE PHILIPPINES
Senate Bill No. 673,17th Congress (July 2016 - 2019),https://ldr.senate.gov.ph/bills/senate-bill-no-673-17th-congress-republic,MENU NUTRITIONAL INFORMATION ACT,AN ACT MANDATING THE DISPLAY OF NUTRITIONAL INFORMATION ON THE MENU OF FOOD ESTABLISHMENT,"Paolo Benigno ""Bam"" Aquino IV","July 20, 2016",NATIONAL,nutrition FOOD ESTABLISHMENTS,HEALTH AND DEMOGRAPHY,PENDING IN THE COMMITTEE
Senate Bill No. 424,17th Congress (July 2016 - 2019),https://ldr.senate.gov.ph/bills/senate-bill-no-424-17th-congress-republic,THE WILLFUL FAILURE TO PAY CHILD SUPPORT,AN ACT PUNISHING THE WILLFUL FAILURE TO PAY CHILD SUPPORT,"LEGARDA, LOREN B.","July 19, 2016",NATIONAL,CHILD SUPPORT,"WOMEN, CHILDREN, FAMILY RELATIONS AND GENDER EQUALITY",PENDING IN THE COMMITTEE
Senate Bill No. 987,17th Congress (July 2016 - 2019),https://ldr.senate.gov.ph/bills/senate-bill-no-987-17th-congress-republic,PNP SALARY INCREASE ACT OF 2016,AN ACT PROVIDING FOR AN INCREASE IN THE SALARY OF THE PERSONNEL OF THE PHILIPPINE NATIONAL POLICE,"GATCHALIAN, WIN","August 8, 2016",NATIONAL,PHILIPPINE NATIONAL POLICE (PNP) WAGE INCREASE/SALARY INCREASE,PUBLIC ORDER AND DANGEROUS DRUGS,PENDING IN THE COMMITTEE
Senate Bill No. 170,17th Congress (July 2016 - 2019),https://ldr.senate.gov.ph/bills/senate-bill-no-170-17th-congress-republic,TRABAHO CENTER IN SCHOOLS ACT,"AN ACT AMENDING SECTION 9 OF REPUBLIC ACT NO. 10533, AN ACT ENHANCING THE PHILIPPINE BASIC EDUCATION SYSTEM BY STHRENGTHENING ITS CURRICULUM AND INCREASING THE NUMBER OF YEARS FOR BASIC EDUCATION, APPROPRIATING FUNDS THEREOF AND FOR OTHER PURPOSES, OTHERWISE KNOWN AS THE ENHANCED BASIC EDUCATION ACT OF 2013","Paolo Benigno ""Bam"" Aquino IV","June 30, 2016",NATIONAL,K12 EDUCATION PROGRAM BASIC EDUCATION PROGRAM CURRICULUM/CURRICULA,"EDUCATION, ARTS AND CULTURE",CONSOLIDATED/SUBSTITUTED IN THE COMMITTEE REPORT
Senate Bill No. 489,17th Congress (July 2016 - 2019),https://ldr.senate.gov.ph/bills/senate-bill-no-489-17th-congress-republic,POST-HARVEST FACILITIES SUPPORT ACT OF 2016,AN ACT PROVIDING POST-HARVEST FACILITIES TO RICE FARMERS,Antonio F. Trillanes IV,"July 19, 2016",NATIONAL,FARMERS,AGRICULTURE AND FOOD,PENDING IN THE COMMITTEE
Senate Bill No. 1051,17th Congress (July 2016 - 2019),https://ldr.senate.gov.ph/bills/senate-bill-no-1051-17th-congress-republic,MAGNA CARTA FOR PHILIPPINE INTERNET FREEDOM,"AN ACT ESTABLISHING A MAGNA CARTA FOR PHILIPPINE INTERNET FREEDOM, CYBERCRIME PREVENTION AND LAW ENFORCEMENT, CYBERDEFENSE AND NATIONAL CYBERSECURITY","Paolo Benigno ""Bam"" Aquino IV","August 22, 2016",NATIONAL,MAGNA CARTA FOR PHILIPPINE INTERNET FREEDOM CYBERCRIME,SCIENCE AND TECHNOLOGY,PENDING IN THE COMMITTEE
Senate Bill No. 235,17th Congress (July 2016 - 2019),https://ldr.senate.gov.ph/bills/senate-bill-no-235-17th-congress-republic,ANIMAL WELFARE ACT OF 1998. AMENDMENT PROHIBITING DOG-FIGHTING/HORSE-FIGHTING,"AN ACT AMENDING REPUBLIC ACT NO. 8485 ENTITLED, AN ACT TO PROMOTE THE ANIMAL WELFARE IN THE PHILIPPINES OTHERWISE KNOWN AS THE ANIMAL WELFARE ACT OF 1998, AS AMENDED",Gregorio B. Honasan II,"April 7, 2016",NATIONAL,ANIMAL WELFARE,AGRICULTURE AND FOOD,PENDING IN THE COMMITTEE
Senate Bill No. 745,17th Congress (July 2016 - 2019),https://ldr.senate.gov.ph/bills/senate-bill-no-745-17th-congress-republic,PRIVATE SECURITY AGENCY LAW,"AN ACT AMENDING SECTIONS 5 AND 6 OF REPUBLIC ACT NO. 5487, AS AMENDED, OTHERWISE KNOWN AS THE PRIVATE SECURITY AGENCY LAW","ESCUDERO, FRANCIS G.","July 21, 2016",NATIONAL,PRIVATE SECURITY AGENCY LAW (R.A.NO. 5487),PUBLIC ORDER AND DANGEROUS DRUGS,PENDING IN THE COMMITTEE
Senate Bill No. 49,17th Congress (July 2016 - 2019),https://ldr.senate.gov.ph/bills/senate-bill-no-49-17th-congress-republic,ANTI-POLITICAL DYNASTY ACT OF 2016,AN ACT PROHIBITING THE ESTABLISHMENT OF POLITICAL DYNASTIES,"LACSON, PANFILO M.","June 30, 2016",NATIONAL,POLITICAL DYNASTY/POLITICAL DYNASTIES,ELECTORAL REFORMS AND PEOPLES PARTICIPATION,CONSOLIDATED/SUBSTITUTED IN THE COMMITTEE REPORT
Senate Bill No. 809,17th Congress (July 2016 - 2019),https://ldr.senate.gov.ph/bills/senate-bill-no-809-17th-congress-republic,FAMILY CARE ACT OF 2016,"AN ACT PROVIDING ADDITIONAL BENEFITS TO FAMILIES WITH DEPENDENTS, SUPPORTING SPOUSES, AGING PARENTS, AND PERSONS WITH DISABILITIES",Ralph G. Recto,"July 21, 2016",NATIONAL,FAMILY CARE PERSONS WITH DISABILITIES (PWDS) SENIOR CITIZEN/ELDERLY,WAYS AND MEANS,PENDING IN THE COMMITTEE
Senate Bill No. 115,17th Congress (July 2016 - 2019),https://ldr.senate.gov.ph/bills/senate-bill-no-115-17th-congress-republic,LAW ON SECRECY OF BANK DEPOSITS,"AN ACT AMENDING SECTION 2 OF THE REPUBLIC ACT NO. 1405, AS AMENDED, OTHERWISE KNOWN AS THE LAW ON SECRECY OF BANK DEPOSITS","PIMENTEL, AQUILINO ""KOKO"" III","June 30, 2016",NATIONAL,BANK DEPOSITS/BANK ACCOUNTS SECRECY OF BANK DEPOSITS LAW (R.A.NO. 1405),"BANKS, FINANCIAL INSTITUTIONS AND CURRENCIES",CONSOLIDATED/SUBSTITUTED IN THE COMMITTEE REPORT
Senate Bill No. 509,17th Congress (July 2016 - 2019),https://ldr.senate.gov.ph/bills/senate-bill-no-509-17th-congress-republic,DEPARTMENT OF JUSTICE FOR VICTIMS OF UNJUST IMPRISONMENT,"AN ACT AMENDING SECTION 4 OF REPUBLIC ACT NO. 7309 ENTITLED, AN ACT CREATING A BOARD OF CLAIMS UNDER THE DEPARTMENT OF JUSTICE FOR VICTIMS OF UNJUST IMPRISONMENT OR DETENTION AND VICTIMS OF VIOLENT CRIMES AND FOR OTHER PURPOSES",Antonio F. Trillanes IV,"July 19, 2016",NATIONAL,UNJUST IMPRISONMENT DEPARTMENT OF JUSTICE (DOJ) BOARD OF CLAIMS,JUSTICE AND HUMAN RIGHTS,PENDING IN THE COMMITTEE
Senate Bill No. 1140,17th Congress (July 2016 - 2019),https://ldr.senate.gov.ph/bills/senate-bill-no-1140-17th-congress-republic,FIRECRACKER PROHIBITION ACT OF 2016,"AN ACT BANNING THE SALE, DISTRIBUTION, AND USE OF FIRECRACKERS AND OTHER PYROTECHNIC DEVICES, PROVIDING PENALTIES FOR VIOLATIONS THEREOF","GATCHALIAN, WIN","September 13, 2016",NATIONAL,FIRECRACKERS/PYROTECHNIC DEVICES,PUBLIC ORDER AND DANGEROUS DRUGS,PENDING IN THE COMMITTEE
Senate Bill No. 571,17th Congress (July 2016 - 2019),https://ldr.senate.gov.ph/bills/senate-bill-no-571-17th-congress-republic,BAMBOO AND RATTAN ACT OF 2016,"AN ACT PROPOSING THE CREATION OF THE PHILIPPINE BAMBOO AND RATTAN CENTER (PBRC) TO CONSERVE, PROPAGATE AND PROMOTE BAMBOO AND RATTAN SPECIES",Antonio F. Trillanes IV,"July 19, 2016",NATIONAL,BAMBOO AND RATTAN,AGRICULTURE AND FOOD,PENDING IN THE COMMITTEE
Senate Bill No. 1204,17th Congress (July 2016 - 2019),https://ldr.senate.gov.ph/bills/senate-bill-no-1204-17th-congress-republic,CORPORATE INCOME TAX REFORM,"AN ACT INSTITUTING CORPORATE INCOME TAX REFORM, AMENDING FOR THIS PURPOSE, SECTIONS 27 AND 28 OF THE NATIONAL INTERNAL REVENUE CODE OF 1997, AS AMENDED, AND FOR OTHER PURPOSES","BINAY, MARIA LOURDES NANCY S.","October 13, 2016",NATIONAL,TAXES (CORPORATE INCOME TAX RATE),WAYS AND MEANS,PENDING IN THE COMMITTEE
Senate Bill No. 249,17th Congress (July 2016 - 2019),https://ldr.senate.gov.ph/bills/senate-bill-no-249-17th-congress-republic,MANDATORY PHILHEALTH COVERAGE FOR ALL PWDS ACT,"AN ACT GRANTING MANDATORY PHILHEALTH COVERAGE TO ALL PERSONS WITH DISABILITY (PWDS), AMENDING FOR THE PURPOSE REPUBLIC ACT NO. 7277, AS AMENDED, OTHERWISE KNOWN AS THE MAGNA CARTA FOR PERSONS WITH DISABILITY, PROVIDING FUNDS THEREFOR AND FOR OTHER PURPOSES","LEGARDA, LOREN B.","April 7, 2016",NATIONAL,PERSONS WITH DISABILITIES (PWDS) PHILIPPINE HEALTH INSURANCE CORPORATION (PHILHEALTH/PHIC) MAGNA CARTA FOR PERSONS WITH DISABILITY (R.A. NO. 7277),HEALTH AND DEMOGRAPHY,CONSOLIDATED/SUBSTITUTED IN THE COMMITTEE REPORT
Senate Bill No. 315,17th Congress (July 2016 - 2019),https://ldr.senate.gov.ph/bills/senate-bill-no-315-17th-congress-republic,PEOPLE'S FREEDOM OF INFORMATION ACT OF 2016,AN ACT IMPLEMENTING THE PEOPLE'S RIGHT TO INFORMATION AND THE CONSTITUTIONAL POLICIES OF FULL PUBLIC DISCLOSURE AND HONESTY IN THE PUBLIC SERVICE AND FOR OTHER PURPOSES,"ANGARA, SONNY","April 7, 2016",NATIONAL,information,PUBLIC INFORMATION AND MASS MEDIA,CONSOLIDATED/SUBSTITUTED IN THE COMMITTEE REPORT
Senate Bill No. 312,17th Congress (July 2016 - 2019),https://ldr.senate.gov.ph/bills/senate-bill-no-312-17th-congress-republic,BEHNHAM RISE DEVELOPMENT AUTHORITY,"AN ACT CREATING THE BEHNHAM RISE DEVELOPMENT AUTHORITY (BRDA), DEFINING ITS POWERS AND FUNCTIONS, PROVIDING FUNDS THEREFOR AND FOR OTHER PURPOSES","ANGARA, SONNY","April 7, 2016",NATIONAL,BENHAM RISE,ECONOMIC AFFAIRS,CONSOLIDATED/SUBSTITUTED IN THE COMMITTEE REPORT
Senate Bill No. 20,17th Congress (July 2016 - 2019),https://ldr.senate.gov.ph/bills/senate-bill-no-20-17th-congress-republic,CHECKED-IN AMMUNITION LIABILITY EXEMPTION ACT,AN ACT TO EXEMPT PASSENGERS FROM LIABIILITY FOR ILLEGAL POSSESSION OF CHECKED-IN AMMUNITION,Gregorio B. Honasan II,"June 30, 2016",NATIONAL,FIREARMS TANIM BALA,JUSTICE AND HUMAN RIGHTS,PENDING IN THE COMMITTEE
Senate Bill No. 84,17th Congress (July 2016 - 2019),https://ldr.senate.gov.ph/bills/senate-bill-no-84-17th-congress-republic,GRANT OF SPECIAL ALLOWANCES TO JUSTICES AND JUDGES,"AN ACT AMENDING SECTIONS 2 AND 5 OF REPUBLIC ACT NO. 9227, OTHERWISE KNOWN AS AN ACT GRANTING ADDITIONAL COMPENSATION IN THE FORM OF SPECIAL ALLOWANCES FOR JUSTICES, JUDGES, AND ALL OTHER POSITIONS IN THE JUDICIARY WITH THE EQUIVALENT RANK OF JUSTICES OF THE COURT OF APPEALS AND JUDGES OF THE REGIONAL TRIAL COURT","ESCUDERO, FRANCIS G.","June 30, 2016",NATIONAL,Judges,"CIVIL SERVICE, GOVERNMENT REORGANIZATION AND PROFESSIONAL REGULATION",PENDING IN THE COMMITTEE
Senate Bill No. 128,17th Congress (July 2016 - 2019),https://ldr.senate.gov.ph/bills/senate-bill-no-128-17th-congress-republic,CONSTITUTIONAL CONVENTION ACT OF 2016,"AN ACT CONSTITUTING A CONSTITUTIONAL CONVENTION TO AMEND THE 1987 PHILIPPINE CONSTITUTION, DEFINING QUALIFICATIONS FOR ITS DELEGATES WHO SHALL BE ELECTED SIMULTANEOUSLY WITH THE OCTOBER 2016 BARANGAY ELECTIONS, APPROPRIATING FUNDS FOR ITS OPERATIONS, AND FOR OTHER PURPOSES","ZUBIRI, JUAN MIGUEL ""MIGZ"" F.","June 30, 2016",NATIONAL,CONSTITUTIONAL AMENDMENTS CONSTITUTIONAL CONVENTION,CONSTITUTIONAL AMENDMENTS AND REVISION OF CODES,WITHDRAWN
Senate Bill No. 194,17th Congress (July 2016 - 2019),https://ldr.senate.gov.ph/bills/senate-bill-no-194-17th-congress-republic,180 DAYS MATERNITY LEAVE FOR ALL WOMEN WORKERS,AN ACT GRANTING MATERNITY LEAVE BENEFITS EQUIVALENT TO ONE HUNDRED EIGHTY (180) DAYS OR SIX (6) MONTHS TO ALL WOMEN WORKERS IN THE GOVERNMENT AND PRIVATE SECTORS,"PACQUIAO, EMMANUEL ""MANNY"" D.","June 30, 2016",NATIONAL,WOMEN Maternity Leave,"WOMEN, CHILDREN, FAMILY RELATIONS AND GENDER EQUALITY",CONSOLIDATED/SUBSTITUTED IN THE COMMITTEE REPORT
Senate Bill No. 1275,17th Congress (July 2016 - 2019),https://ldr.senate.gov.ph/bills/senate-bill-no-1275-17th-congress-republic,STRENGTHENING THE IAS ACT OF 2016,"AN ACT AMENDING REPUBLIC ACT NO. 8551, OTHERWISE KNOWN AS THE PHILIPPINE NATIONAL POLICE REFORM AND REORGANIZATION ACT OF 1998, AND FOR OTHER PURPOSES","GORDON, RICHARD J.","December 12, 2016",NATIONAL,PHILIPPINE NATIONAL POLICE (PNP) INTERNAL AFFAIRS SERVICE,JUSTICE AND HUMAN RIGHTS,PENDING IN THE COMMITTEE
Senate Bill No. 52,17th Congress (July 2016 - 2019),https://ldr.senate.gov.ph/bills/senate-bill-no-52-17th-congress-republic,COCONUT FARMERS AND INDUSTRY DEVELOPMENT ACT OF 2016,"AN ACT DECLARING THE COCONUT LEVY ASSETS AS A TRUST FUND, PROVIDING FOR ITS MANAGEMENT AND UTILIZATION, AUTHORIZING THE PRIVATIZATION AND MANAGEMENT OFFICE TO DISPOSE THE COCONUT LEVY ASSETS, AND FOR OTHER PURPOSES","PANGILINAN, FRANCIS ""KIKO"" N.","June 30, 2016",NATIONAL,COCONUT INDUSTRY/COPRA AND OTHER COCONUT PRODUCTS COCONUT LEVY,AGRICULTURE AND FOOD,CONSOLIDATED/SUBSTITUTED IN THE COMMITTEE REPORT
Senate Bill No. 118,17th Congress (July 2016 - 2019),https://ldr.senate.gov.ph/bills/senate-bill-no-118-17th-congress-republic,INCREASING PENALTY OF IMPRISONMENT FOR RECKLESS IMPRUDENCE AND NEGLIGENCE,"AN ACT AMENDING ARTICLE 365 OF ACT NO. 3815, AS AMENDED, OTHERWISE KNOWN AS THE REVISED PENAL CODE","PIMENTEL, AQUILINO ""KOKO"" III","June 30, 2016",NATIONAL,REVISED PENAL CODE (R.A. NO. 3815),JUSTICE AND HUMAN RIGHTS,PENDING IN THE COMMITTEE
Senate Bill No. 161,17th Congress (July 2016 - 2019),https://ldr.senate.gov.ph/bills/senate-bill-no-161-17th-congress-republic,"FIRST 1,000 DAYS ACT OF 2016",AN ACT TO PROTECT FILIPINO MOTHERS AND CHILDREN FROM MALNUTRITION BY ESTABLISHING A MATERNAL AND CHILD HEALTH CARE PROGRAM APPROPRIATING FUNDS FOR THE PURPOSE,"POE, GRACE","June 30, 2016",NATIONAL,MATERNAL/INFANT HEALTH MALNUTRITION,HEALTH AND DEMOGRAPHY,CONSOLIDATED/SUBSTITUTED IN THE COMMITTEE REPORT
Senate Bill No. 904,17th Congress (July 2016 - 2019),https://ldr.senate.gov.ph/bills/senate-bill-no-904-17th-congress-republic,MAGNA CARTA OF FILIPINO SEAFARERS,AN ACT INSTITUTING THE MAGNA CARTA OF FILIPINO SEAFARERS,"EJERCITO, JOSEPH VICTOR G.","July 26, 2016",NATIONAL,MAGNA CARTA OF FILIPINO SEAFARERS SEAFARERS,"LABOR, EMPLOYMENT AND HUMAN RESOURCES DEVELOPMENT",PENDING IN THE COMMITTEE
Senate Bill No. 226,17th Congress (July 2016 - 2019),https://ldr.senate.gov.ph/bills/senate-bill-no-226-17th-congress-republic,THE POLITICAL PARTY SYSTEM ACT,AN ACT STRENGTHENING THE POLITICAL PARTY SYSTEM,Franklin M. Drilon,"April 7, 2016",NATIONAL,POLITICAL PARTY,ELECTORAL REFORMS AND PEOPLES PARTICIPATION,CONSOLIDATED/SUBSTITUTED IN THE COMMITTEE REPORT
Senate Bill No. 968,17th Congress (July 2016 - 2019),https://ldr.senate.gov.ph/bills/senate-bill-no-968-17th-congress-republic,SOCIAL WELFARE ATTACHE ACT OF 2016,AN ACT ESTABLISHING SOCIAL WELFARE ATTACHES AND FOR OTHER PURPOSES,"VILLANUEVA, JOEL","January 8, 2016",NATIONAL,SOCIAL WELFARE ATTACHE OVERSEAS FILIPINO WORKERS (OFW) MIGRANT WORKERS AND OVERSEAS FILIPINOS ACT OF 1995 (R.A.NO. 8042),"LABOR, EMPLOYMENT AND HUMAN RESOURCES DEVELOPMENT",CONSOLIDATED/SUBSTITUTED IN THE COMMITTEE REPORT
Senate Bill No. 1237,17th Congress (July 2016 - 2019),https://ldr.senate.gov.ph/bills/senate-bill-no-1237-17th-congress-republic,MOBILE NUMBER PORTABILITY ACT,AN ACT REQUIRING PUBLIC TELECOMMUNICATIONS ENTITIES TO PROVIDE NATIONWIDE MOBILE NUMBER PORTABILITY TO SUBSCRIBERS,"GATCHALIAN, WIN","November 14, 2016",NATIONAL,MOBILE NUMBER PORTABILITY CELLULAR PHONES/CELL PHONES TELECOMMUNICATIONS,ECONOMIC AFFAIRS,CONSOLIDATED/SUBSTITUTED IN THE COMMITTEE REPORT
Senate Bill No. 256,17th Congress (July 2016 - 2019),https://ldr.senate.gov.ph/bills/senate-bill-no-256-17th-congress-republic,THE LAND ADMINISTRATION REFORM ACT OF 2016,AN ACT INSTITUTING REFORMS IN LAND ADMINISTRATION,"LACSON, PANFILO M.","April 7, 2016",NATIONAL,LAND ADMINISTRATION REFORM ACT,ENVIRONMENT AND NATURAL RESOURCES,PENDING IN THE COMMITTEE
Senate Bill No. 729,17th Congress (July 2016 - 2019),https://ldr.senate.gov.ph/bills/senate-bill-no-729-17th-congress-republic,ANTI PROSTITUTION ACT,"AN ACT ADDRESSING THE SYSTEM OF PROSTITUTION, IMPOSING PENALTIES ON ITS PERPETRATORS, PROVIDING PROTECTIVE MEASURES AND SUPPORT SERVICES FOR ITS VICTIMS, REPEALING FOR THE PURPOSE ARTICLES 202 AND 341 OF ACT NO. 3815, AS AMENDED, OTHERWISE KNOWN AS THE REVISED PENAL CODE","ESCUDERO, FRANCIS G.","July 21, 2016",NATIONAL,PROSTITUTION REVISED PENAL CODE (R.A. NO. 3815),JUSTICE AND HUMAN RIGHTS,PENDING IN THE COMMITTEE
Senate Bill No. 978,17th Congress (July 2016 - 2019),https://ldr.senate.gov.ph/bills/senate-bill-no-978-17th-congress-republic,RESOURCE CENTERS FOR INDIGENOUS PEOPLES ACT OF 2016,"AN ACT ESTABLISHING RESOURCE CENTERS FOR INDIGENOUS CULTURAL COMMUNITIES/INDIGENOUS PEOPLES TO ENHANCE AND ENSURE DELIVERY OF ESSENTIAL SERVICES, APPROPRIATING FUNDS THEREFOR AND FOR OTHER PURPOSES","ANGARA, SONNY","March 8, 2016",NATIONAL,INDIGENOUS CULTURAL COMMUNITIES,CULTURAL COMMUNITIES,PENDING IN THE COMMITTEE
Senate Bill No. 1042,17th Congress (July 2016 - 2019),https://ldr.senate.gov.ph/bills/senate-bill-no-1042-17th-congress-republic,KASAMBAHAY EMPOWERMENT ACT,"AN ACT STRENGTHENING THE RIGHTS OF DOMESTIC WORKERS TO ACCESS TO EDUCATION AND TRAINING, AND OTHER FORMS OF ADVANCEMENT, BY GRANTING EMPLOYERS TAX INCENTIVES, AND FOR OTHER PURPOSES","BINAY, MARIA LOURDES NANCY S.","August 18, 2016",NATIONAL,TAX INCENTIVES DOMESTIC WORKER HOUSEHOLD HELPERS,"LABOR, EMPLOYMENT AND HUMAN RESOURCES DEVELOPMENT",PENDING IN THE COMMITTEE
Senate Bill No. 1244,17th Congress (July 2016 - 2019),https://ldr.senate.gov.ph/bills/senate-bill-no-1244-17th-congress-republic,PUBLIC SCHOOL AND STATE UNIVERSITY AND COLLEGE MODERNIZATION ACT OF 2016,"AN ACT MODERNIZING ALL PUBLIC SCHOOLS AND STATE COLLEGES AND UNIVERSITIES IN THE PHILIPPINES, APPROPRIATING FUNDS THEREFOR, AND FOR OTHER PURPOSES","POE, GRACE","November 17, 2016",NATIONAL,STATE COLLEGES AND UNIVERSITIES (SCUS),"EDUCATION, ARTS AND CULTURE",PENDING IN THE COMMITTEE
Senate Bill No. 1254,17th Congress (July 2016 - 2019),https://ldr.senate.gov.ph/bills/senate-bill-no-1254-17th-congress-republic,EXPANDED ANTI-SEXUAL HARASSMENT ACT OF 2016,"AN ACT TO ELIMINATE ALL FORMS OF SEXUAL HARASSMENT IN WORK PLACES, EDUCATIONAL INSTITUTIONS, AND PUBLIC PLACES, AND PROVIDING PENALTIES THEREFOR, REPEALING FOR THE PURPOSE REPUBLIC ACT NO. 7877, OTHERWISE KNOWN AS THE ANTI-SEXUAL HARASSMENT ACT OF 1995","POE, GRACE","November 24, 2016",NATIONAL,SEXUAL HARASSMENT,"WOMEN, CHILDREN, FAMILY RELATIONS AND GENDER EQUALITY",CONSOLIDATED/SUBSTITUTED IN THE COMMITTEE REPORT
Senate Bill No. 675,17th Congress (July 2016 - 2019),https://ldr.senate.gov.ph/bills/senate-bill-no-675-17th-congress-republic,NATIONAL AMATEUR SPORTS TRAINING CENTER ACT,"AN ACT ESTABLISHING A STATE-OF THE-ART AND HIGHLY SCIENTIFIC SPORTS COMPLEX TO BE KNOWN AS THE NATIONAL AMATEUR SPORTS TRAINING CENTER, AND APPROPRIATING FUNDING THEREOF FOR THE ACQUISITION OF PROPERTY, CONSTRUCTION OF FACILITIES, INCLUDING ADMINISTRATION, MAINTENANCE AND MANAGEMENT OF THE SAME AND FOR OTHER PURPOSES","Paolo Benigno ""Bam"" Aquino IV","July 20, 2016",NATIONAL,SPORTS COMPLEX/SPORTS CENTER/MULTI-PURPOSE SPORTS CENTER/SPORTS ACADEMY,SPORTS,CONSOLIDATED/SUBSTITUTED IN THE COMMITTEE REPORT
Senate Bill No. 989,17th Congress (July 2016 - 2019),https://ldr.senate.gov.ph/bills/senate-bill-no-989-17th-congress-republic,DISASTER PREPAREDNESS IN SCHOOLS ACT,AN ACT MANDATING THE CREATION OF A SCHOOL DISASTER MANAGEMENT COMMITTEE TO CONDUCT SAFETY DRILLS FOR EMERGENCY SITUATIONS IN ALL SCHOOLS,"GATCHALIAN, WIN","August 8, 2016",NATIONAL,DISASTER AWARENESS/MITIGATION/POST-DISASTER RECOVERY,NATIONAL DEFENSE AND SECURITY,PENDING IN THE COMMITTEE
Senate Bill No. 1053,17th Congress (July 2016 - 2019),https://ldr.senate.gov.ph/bills/senate-bill-no-1053-17th-congress-republic,REPEALING SECS. 84 TO 97 OF THE NIRC (ESTATE TAX),"AN ACT REPEALING CHAPTER I OF TITLE III OF THE NATIONAL INTERNAL REVENUE CODE OF 1997, AS AMENDED, AND FOR OTHER PURPOSES","BINAY, MARIA LOURDES NANCY S.","August 22, 2016",NATIONAL,NATIONAL INTERNAL REVENUE CODE (NIRC) TAXES (ESTATE TAX),WAYS AND MEANS,CONSOLIDATED/SUBSTITUTED IN THE COMMITTEE REPORT
Senate Bill No. 435,17th Congress (July 2016 - 2019),https://ldr.senate.gov.ph/bills/senate-bill-no-435-17th-congress-republic,MANDATORY TEACHING OF HUMAN RIGHTS,AN ACT REQUIRING MANDATORY TEACHING OF HUMAN RIGHTS IN ALL PUBLIC AND PRIVATE SCHOOLS,"LEGARDA, LOREN B.","July 19, 2016",NATIONAL,HUMAN RIGHTS CURRICULUM/CURRICULA,"EDUCATION, ARTS AND CULTURE",PENDING IN THE COMMITTEE
Senate Bill No. 747,17th Congress (July 2016 - 2019),https://ldr.senate.gov.ph/bills/senate-bill-no-747-17th-congress-republic,NATIONAL CAMPUS PRESS FREEDOM DAY ACT,AN ACT DECLARING JULY 25 OF EVERY YEAR AS THE NATIONAL CAMPUS PRESS FREEDOM DAY,"ESCUDERO, FRANCIS G.","July 21, 2016",NATIONAL,NATIONAL CAMPUS FREEDOM DAY,"EDUCATION, ARTS AND CULTURE",CONSOLIDATED WITH APPROVED BILL
Senate Bill No. 811,17th Congress (July 2016 - 2019),https://ldr.senate.gov.ph/bills/senate-bill-no-811-17th-congress-republic,PHILIPPINE CHARITY SWEEPSTAKES OFFICE,"AN ACT MODERNIZING HEALTHCARE AND HEALTH INFRASTRUCTURE BY EARMAKING THE ENTIRE PHILIPPINE CHARITY SWEEPSTAKES OFFICE CHARITY FUND FOR SUCH PURPOSE, THEREBY AMENDING REPUBLIC ACT NO.1169, AS AMENDED BY BATAS PAMBANSA BLG. 42",Ralph G. Recto,"July 21, 2016",NATIONAL,health care PHILIPPINE CHARITY SWEEPSTAKES OFFICE (PCSO),GOVERNMENT CORPORATIONS AND PUBLIC ENTERPRISES,PENDING IN THE COMMITTEE
Senate Bill No. 259,17th Congress (July 2016 - 2019),https://ldr.senate.gov.ph/bills/senate-bill-no-259-17th-congress-republic,PHILIPPINE AIR FORCE ACADEMY,AN ACT ESTABLISHING THE PHILIPPINE AIR FORCE ACADEMY (PAFA) AND APPROPRIATING FUNDS THEREFOR,"LACSON, PANFILO M.","April 7, 2016",NATIONAL,PHILIPPINE AIR FORCE ACADEMY (PAFA),NATIONAL DEFENSE AND SECURITY,PENDING IN THE COMMITTEE
Senate Bill No. 323,17th Congress (July 2016 - 2019),https://ldr.senate.gov.ph/bills/senate-bill-no-323-17th-congress-republic,NATIONAL MULBERRY DEVELOPMENT ACT OF 2016,"AN ACT ESTABLISHING A NATIONAL MULBERRY DEVELOPMENT PROGRAM, APPROPRIATING FUNDS THEREFOR AND FOR OTHER PURPOSES","VILLAR, CYNTHIA A.","April 7, 2016",NATIONAL,MULBERRY,AGRICULTURE AND FOOD,PENDING IN THE COMMITTEE
Senate Bill No. 511,17th Congress (July 2016 - 2019),https://ldr.senate.gov.ph/bills/senate-bill-no-511-17th-congress-republic,LOCAL MANAGEMENT INFORMATION SYSTEM ACT OF 2016,AN ACT ESTABLISHMENT THE LOCAL MANAGEMENT INFORMATION SYSTEM,Antonio F. Trillanes IV,"July 19, 2016",NATIONAL,LOCAL MANAGEMENT INFORMATION SYSTEM,LOCAL GOVERNMENT,PENDING IN THE COMMITTEE
Senate Bill No. 1142,17th Congress (July 2016 - 2019),https://ldr.senate.gov.ph/bills/senate-bill-no-1142-17th-congress-republic,RIGHTS OF INTERNALLY DISPLACED PERSONS ACT,AN ACT PROTECTING THE RIGHTS OF INTERNALLY DISPLACED PERSONS AND PENALIZING THE ACTS OF ARBITRARY INTERNAL DISPLACEMENT,"HONTIVEROS, RISA","September 14, 2016",NATIONAL,DISPLACED PERSONS,JUSTICE AND HUMAN RIGHTS,PENDING IN THE COMMITTEE
Senate Bill No. 31,17th Congress (July 2016 - 2019),https://ldr.senate.gov.ph/bills/senate-bill-no-31-17th-congress-republic,DEPARTMENT OF CULTURE AND THE ARTS ACT,"AN ACT ESTABLISHING THE DEPARTMENT OF CULTURE AND THE ARTS, STRENGTHENING THE NATIONAL ENDOWMENT FOR CULTURE AND ARTS, AND FOR OTHER PURPOSES","LEGARDA, LOREN B.","June 30, 2016",NATIONAL,DEPARTMENT OF CULTURE AND THE ARTS,"EDUCATION, ARTS AND CULTURE",CONSOLIDATED/SUBSTITUTED IN THE COMMITTEE REPORT
Senate Bill No. 1274,17th Congress (July 2016 - 2019),https://ldr.senate.gov.ph/bills/senate-bill-no-1274-17th-congress-republic,POLICE COURT ACT OF 2016,"AN ACT ESTABLISHING THE POLICE LAW ENFORCEMENT COURTS, GRANTING THESE EXCLUSIVE ORIGINAL JURISDICTION OVER VIOLATIONS OF CONSTITUTIONAL RIGHTS AND PNP RULES OF ENGAGEMENT COMMITTED BY THE POLICE, AMENDING BATAS PAMBANSA BILANG 129, AS AMENDED, OTHERWISE KNOWN AS 'THE JUDICIARY REORGANIZATION ACT OF 1980', APPROPRIATING FUNDS THEREFOR AND FOR OTHER PURPOSES","GORDON, RICHARD J.","December 12, 2016",NATIONAL,POLICE COURT PHILIPPINE NATIONAL POLICE (PNP) JUDICIARY REORGANIZATION ACT (BATAS PAMBANSA BLG. 129),JUSTICE AND HUMAN RIGHTS,CONSOLIDATED/SUBSTITUTED IN THE COMMITTEE REPORT
Senate Bill No. 55,17th Congress (July 2016 - 2019),https://ldr.senate.gov.ph/bills/senate-bill-no-55-17th-congress-republic,GRASSROOTS PARTICIPATORY BUDGETING ACT OF 2016,AN ACT INSTITUTIONALIZING GRASSROOTS PARTICIPATORY BUDGETING IN THE PLANNING AND IDENTIFICATION OF PROGRAMS AND PROJECTS TO BE FUNDED BY THE ANNUAL GENERAL APPROPRIATIONS ACT,"PANGILINAN, FRANCIS ""KIKO"" N.","June 30, 2016",NATIONAL,BUDGET GENERAL APPROPRIATIONS ACT (GAA) CIVIL SOCIETY ORGANIZATION (CSO),FINANCE,PENDING IN THE COMMITTEE
Senate Bill No. 121,17th Congress (July 2016 - 2019),https://ldr.senate.gov.ph/bills/senate-bill-no-121-17th-congress-republic,"AMENDING R.A.NO. 8424 (NIRC), ADJUSTING THE INDIVIDUAL TAX BRACKETS","AN ACT AMENDING SECTION 24 (A)(2) OF REPUBLIC ACT NO. 8424, OTHERWISE KNOWN AS THE NATIONAL INTERNAL REVENUE CODE OF 1997, AS AMENDED, AND FOR OTHER PURPOSES","ZUBIRI, JUAN MIGUEL ""MIGZ"" F.","June 30, 2016",NATIONAL,NATIONAL INTERNAL REVENUE CODE (NIRC) TAXES (INDIVIDUAL INCOME TAX),WAYS AND MEANS,CONSOLIDATED/SUBSTITUTED IN THE COMMITTEE REPORT
Senate Bill No. 1173,17th Congress (July 2016 - 2019),https://ldr.senate.gov.ph/bills/senate-bill-no-1173-17th-congress-republic,"AMENDING SEC. 132(A), LABOR CODE (15-MINUTE REST FOR WOMEN EMPLOYEES, MALLS/DEPT. STORE )","AN ACT REQURING OWNERS AND OR OPERATORS OF MALLS, DEPARTMENT STORES, STALLS AND SIMILAR ESTABLISHMENTS TO GRANT AND ALLOW THEIR WOMEN EMPLOYEES ASSIGNED IN SALES 15-MINUTE RESTS EVERY TWO HOURS OF CONTINUOUS AND UNINTERRUPTED SALES AND STORE OPERATION ASSIGNMENTS, AMENDING FOR THIS PURPOSE SECTION 132(A), CHAPTER 1, TITLE III, OF THE LABOR CODE OF THE PHILIPPINES","BINAY, MARIA LOURDES NANCY S.","September 28, 2016",NATIONAL,WOMEN LABOR CODE OF THE PHILIPPINES (P.D. NO. 442),"LABOR, EMPLOYMENT AND HUMAN RESOURCES DEVELOPMENT",PENDING IN THE COMMITTEE
Senate Bill No. 436,17th Congress (July 2016 - 2019),https://ldr.senate.gov.ph/bills/senate-bill-no-436-17th-congress-republic,ESTABLISHING ENVIRONMENTAL UNITS,AN ACT ESTABLISHING ENVIRONMENTAL UNITS IN EVERY BANKING INSTITUTION TO ASSESS THE ENVIRONMENTAL COMPONENT OF LOAN APPLICATIONS,"LEGARDA, LOREN B.","July 19, 2016",NATIONAL,ENVIRONMENTAL UNITS,"BANKS, FINANCIAL INSTITUTIONS AND CURRENCIES",PENDING IN THE COMMITTEE
Senate Bill No. 914,17th Congress (July 2016 - 2019),https://ldr.senate.gov.ph/bills/senate-bill-no-914-17th-congress-republic,SUSTAINABLE TRANSPORTATION ACT,AN ACT PROMOTING SUSTAINABLE AND ALTERNATIVE MODES OF TRANSPORTATION AND OTHER MOBILITY OPTIONS,"LEGARDA, LOREN B.","July 28, 2016",NATIONAL,TRANSPORTATION Department of Transportation and Communications (DOTC) SUSTAINABLE TRANSPORT,PUBLIC SERVICES,PENDING IN THE COMMITTEE
Senate Bill No. 1253,17th Congress (July 2016 - 2019),https://ldr.senate.gov.ph/bills/senate-bill-no-1253-17th-congress-republic,ELECTRIC COOPERATIVES DISASTER MANAGEMENT FUND,AN ACT INSTITUTIONALIZING THE ELECTRIC COOPERATIVES DISASTER MANAGEMENT FUND AND PROVIDING FUNDS THEREFOR,"GATCHALIAN, WIN","November 24, 2016",NATIONAL,ELECTRIC COOPERATIVES,ENERGY,CONSOLIDATED/SUBSTITUTED IN THE COMMITTEE REPORT
Senate Bill No. 34,17th Congress (July 2016 - 2019),https://ldr.senate.gov.ph/bills/senate-bill-no-34-17th-congress-republic,NATIONAL LAND USE ACT OF THE PHILIPPINES,"AN ACT INSTITUTING A NATIONAL LAND USE POLICY, PROVIDING THE IMPLEMENTING MECHANISMS THEREFOR, AND FOR OTHER PURPOSES","LEGARDA, LOREN B.","June 30, 2016",NATIONAL,NATIONAL LAND USE ACT,ENVIRONMENT AND NATURAL RESOURCES,PENDING IN THE COMMITTEE
Senate Bill No. 572,17th Congress (July 2016 - 2019),https://ldr.senate.gov.ph/bills/senate-bill-no-572-17th-congress-republic,CHILDREN'S SAVINGS ACCOUNTS ACT,"AN ACT ESTABLISHING CHILDREN'S SAVINGS ACCOUNT PROGRAM, AND FOR OTHER PURPOSES",Antonio F. Trillanes IV,"July 19, 2016",NATIONAL,CHILDREN SAVINGS ACCOUNT,"WOMEN, CHILDREN, FAMILY RELATIONS AND GENDER EQUALITY",PENDING IN THE COMMITTEE
Senate Bill No. 98,17th Congress (July 2016 - 2019),https://ldr.senate.gov.ph/bills/senate-bill-no-98-17th-congress-republic,INCREASING THE QUARTERS ALLOWANCE OF OFFICERS OF THE AFP,AN ACT INCREASING THE QUARTERS ALLOWANCE OF OFFICERS AND ENLISTED PERSONNEL OF THE ARMED FORCES OF THE PHILIPPINES AND FOR OTHER PURPOSES,Antonio F. Trillanes IV,"June 30, 2016",NATIONAL,ARMED FORCES OF THE PHILIPPINES (AFP),NATIONAL DEFENSE AND SECURITY,PENDING IN THE COMMITTEE
Senate Bill No. 262,17th Congress (July 2016 - 2019),https://ldr.senate.gov.ph/bills/senate-bill-no-262-17th-congress-republic,CONDONING UNPAID AMORTIZATIONS OF LANDS,AN ACT CONDONING UNPAID AMORTIZATIONS OF LANDS AWARDED TO COMPREHENSIVE AGRARIAN REFORM BENEFICIARIES AND FOR OTHER PURPOSES,Ralph G. Recto,"April 7, 2016",NATIONAL,COMPREHENSIVE AGRARIAN REFORM LAW (CARL) R.A.NO. 6657) LOAN AMORTIZATION CONDONATION,AGRARIAN REFORM,PENDING IN THE COMMITTEE
Senate Bill No. 149,17th Congress (July 2016 - 2019),https://ldr.senate.gov.ph/bills/senate-bill-no-149-17th-congress-republic,FREEDOM OF INFORMATION ACT OF 2016,AN ACT TO STRENGTHEN THE RIGHT OF CITIZENS TO INFORMATION HELD BY THE GOVERNMENT,"EJERCITO, JOSEPH VICTOR G.","June 30, 2016",NATIONAL,GOVERNMENT AGENCIES information,PUBLIC INFORMATION AND MASS MEDIA,CONSOLIDATED/SUBSTITUTED IN THE COMMITTEE REPORT
Senate Bill No. 326,17th Congress (July 2016 - 2019),https://ldr.senate.gov.ph/bills/senate-bill-no-326-17th-congress-republic,NATIONAL MANGROVE FOREST PROTECTION AND PRESERVATION ACT OF 2016,"AN ACT PROVIDING FOR THE PRESERVATION, REFORESTATION, AFFORESTATION AND SUSTAINABLE DEVELOPMENT OF MANGROVE FORESTS IN THE PHILIPPINES, PROVIDING PENALTIES THEREFOR AND FOR OTHER PURPOSES","VILLAR, CYNTHIA A.","April 7, 2016",NATIONAL,MANGROVE FORESTS SUSTAINABLE FOREST MANAGEMENT,ENVIRONMENT AND NATURAL RESOURCES,PENDING IN THE COMMITTEE
Senate Bill No. 214,17th Congress (July 2016 - 2019),https://ldr.senate.gov.ph/bills/senate-bill-no-214-17th-congress-republic,BIBONG BHW ACT OF 2016,"AN ACT CREATING THE COMMUNITY HEALTH WORKER EDUCATION AND TRAINING PROGRAM, INCREASING COMPENSATION AND OTHER BENEFITS FOR BARANGAY HEALTH WORKERS (BHW), APPROPRIATING FUNDS THEREFOR AND FOR OTHER PURPOSES","HONTIVEROS, RISA","June 30, 2016",NATIONAL,BARANGAY HEALTH WORKER community health workers R.A.NO. 7883 (BARANGAY HEALTH WORKERS BENEFITS AND INCENTIVES ACT OF 1995),HEALTH AND DEMOGRAPHY,PENDING IN THE COMMITTEE
Senate Bill No. 1141,17th Congress (July 2016 - 2019),https://ldr.senate.gov.ph/bills/senate-bill-no-1141-17th-congress-republic,CREATING A FOREIGN POLICY ADVISORY BOARD,AN ACT CREATING A FOREIGN POLICY ADVISORY BOARD AND FOR OTHER PURPOSES,Antonio F. Trillanes IV,"September 13, 2016",NATIONAL,FOREIGN POLICY,FOREIGN RELATIONS,PENDING IN THE COMMITTEE
Senate Bill No. 1205,17th Congress (July 2016 - 2019),https://ldr.senate.gov.ph/bills/senate-bill-no-1205-17th-congress-republic,SUSTAINABLE DEVELOPMENT GOALS AND AMBISYON NATIN 2040 FUND ACT,AN ACT ESTABLISHING THE SUSTAINABLE DEVELOPMENT GOALS (SDG) AND AMBISYON NATIN 2040 FUND,"ANGARA, SONNY","October 17, 2016",NATIONAL,SUSTAINABLE DEVELOPMENT GOALS POVERTY ALLEVIATION PHILIPPINE AMUSEMENT AND GAMING CORPORATION (PAGCOR) PHILIPPINE CHARITY SWEEPSTAKES OFFICE (PCSO),ECONOMIC AFFAIRS,PENDING IN THE COMMITTEE
Senate Bill No. 403,17th Congress (July 2016 - 2019),https://ldr.senate.gov.ph/bills/senate-bill-no-403-17th-congress-republic,PROVIDING FOR AN OFFICIAL FILIPINO VERSION OF THE PHILIPPINE CONSTITUTION,"AN ACT PROVIDING FOR AN OFFICIAL FILIPINO VERSION OF THE PHILIPPINE CONSTITUTION AND ITS TRANSLATION INTO MAJOR REGIONAL LANGUAGES, ARABIC, AND SPANISH, APPROPRIATING FUNDS THEREFOR AND FOR OTHER PURPOSES","LEGARDA, LOREN B.","July 18, 2016",NATIONAL,Filipino Language,CONSTITUTIONAL AMENDMENTS AND REVISION OF CODES,PENDING IN THE COMMITTEE
Senate Bill No. 882,17th Congress (July 2016 - 2019),https://ldr.senate.gov.ph/bills/senate-bill-no-882-17th-congress-republic,ELECTRONIC PUBLICATION COMPLIANCE ACT OF 2016,"AN ACT PRESCRIBING ELECTRONIC OR ONLINE MODALITIES FOR THE PROMULGATION OF LAWS, RESOLUTIONS, RULE AND OTHER ISSUANCES, AMENDING FOR THE PURPOSE SECTION 18, 24 AND 25 CHAPTER 5, BOOK 1 OF EXECUTIVE ORDER NO. 292 OTHERWISE KNOWN AS THE ADMINISTRATIVE CODE OF 1987","POE, GRACE","July 26, 2016",NATIONAL,ELECTRONIC PUBLICATION ADMINISTRATIVE CODE OF 1987 (E.O.NO. 292),PUBLIC INFORMATION AND MASS MEDIA,PENDING IN THE COMMITTEE
Senate Bill No. 468,17th Congress (July 2016 - 2019),https://ldr.senate.gov.ph/bills/senate-bill-no-468-17th-congress-republic,SPECIAL EDUCATION ACT,"AN ACT INSTITUTING INCLUSIVE EDUCATION THROUGH SPECIAL EDUCATION IN ALL PUBLIC AND PRIVATE ELEMENTARY AND SECONDARY SCHOOLS NATIONWIDE FOR CHILDREN AND YOUTH WITH SPECIAL NEEDS AND EXTABLISHMENT OF THE BUREAU OF SPECIAL EDUCATION CREATING THE IMPLEMENTING MACHINERY THEREOF, PROVIDING GUIDELINES FOR GOVERNMENT FINANCIAL ASSISTANCE AND OTHER INCENTIVES AND SUPPORT AND FOR OTHER PURPOSES",Antonio F. Trillanes IV,"July 19, 2016",NATIONAL,SPECIAL EDUCATION SCHOOLS (PUBLIC AND PRIVATE) CHILDREN WITH SPECIAL NEEDS,"EDUCATION, ARTS AND CULTURE",CONSOLIDATED/SUBSTITUTED IN THE COMMITTEE REPORT
Senate Bill No. 946,17th Congress (July 2016 - 2019),https://ldr.senate.gov.ph/bills/senate-bill-no-946-17th-congress-republic,CAMPUS SAFETY AND SECURITY ACT,"AN ACT MANDATING HIGHER EDUCATION INSTITUTIONS AND TECHNICAL-VOCATIONAL INSTITUTIONS TO ENSURE THE SAFETY AND SECURITY OF THE ACADEMIC COMMUNITY FROM INTERNAL AND EXTERNAL THREATS, THEREBY CREATING A CRIME PREVENTION COMMITTEE FOR THE PURPOSE AND FOR OTHER PURPOSES","ANGARA, SONNY","January 8, 2016",NATIONAL,CAMPUS SAFETY TECHNICAL-VOCATIONAL (TECH-VOC) HIGHER EDUCATION INSTITUTIONS SCHOOL SITES/SCHOOL CAMPUS,"EDUCATION, ARTS AND CULTURE",PENDING IN THE COMMITTEE
Senate Bill No. 642,17th Congress (July 2016 - 2019),https://ldr.senate.gov.ph/bills/senate-bill-no-642-17th-congress-republic,NIGHT SHIFT DIFFERENTIAL PAY TO THE GOVERNMENT EMPLOYEES,AN ACT GRANTING NIGHT SHIFT DIFFERENTIAL PAY TO THE GOVERNMENT EMPLOYEES INCLUDING THOSE IN GOVERNMENT-OWNED OR CONTROLLED CORPORATIONS AND APPROPRIATING FUNDS THEREFOR,Antonio F. Trillanes IV,"July 20, 2016",NATIONAL,GOVERNMENT EMPLOYEES GOVERNMENT-OWNED AND-CONTROLLED CORPORATIONS (GOCC),"CIVIL SERVICE, GOVERNMENT REORGANIZATION AND PROFESSIONAL REGULATION",CONSOLIDATED/SUBSTITUTED IN THE COMMITTEE REPORT
Senate Bill No. 548,17th Congress (July 2016 - 2019),https://ldr.senate.gov.ph/bills/senate-bill-no-548-17th-congress-republic,POVERTY ALLEVIATION FUND OF 2016,AN ACT CREATING A SPECIAL POVERTY ALLEVIATION FUND TO BE USED TO FINANCE SCHOOL AND COMMUNITY-BASED SUPPLEMENTAL FEEDING PROGRAMS AND RELATED POVERTY ALLEVIATION EFFORTS USING THE MINIMUM BASIC NEEDS (MBN) APPROACH IN THE POOREST OF THE POOR COMMUNITIES IN THE COUNTRY AND FOR OTHER RELATED PURPOSES,Antonio F. Trillanes IV,"July 19, 2016",NATIONAL,POVERTY ALLEVIATION,"SOCIAL JUSTICE, WELFARE AND RURAL DEVELOPMENT",PENDING IN THE COMMITTEE
Senate Bill No. 1084,17th Congress (July 2016 - 2019),https://ldr.senate.gov.ph/bills/senate-bill-no-1084-17th-congress-republic,SAFE AND NONTOXIC CHILDREN'S PRODUCTS ACT OF 2016,"AN ACT TO REGULATE THE IMPORTATION, MANUFACTURE, SALE AND DISTRIBUTION OF CHILDREN'S TOYS, SCHOOL SUPPLIES, CHILDCARE ARTICLES AND OTHER RELATED PRODUCTS, CONTAINING TOXIC CHEMICALS AND FOR OTHER PURPOSES","EJERCITO, JOSEPH VICTOR G.","August 25, 2016",NATIONAL,TOY SAFETY TOXIC CHEMICALS,HEALTH AND DEMOGRAPHY,PENDING IN THE COMMITTEE
Senate Bill No. 743,17th Congress (July 2016 - 2019),https://ldr.senate.gov.ph/bills/senate-bill-no-743-17th-congress-republic,EXEMPTING PLEDGE OF PERSONAL PROPERTY ACT,"AN ACT EXEMPTING PLEDGE OF PERSONAL PROPERTY COVERING A LOAN OF MONEY NOT EXCEEDING TEN THOUSAND PESOS FROM DOCUMENTARY STAMP TAX, AMENDING FOR THE PURPOSE SECTION 199 OF THE NATIONAL INTERNAL REVENUE CODE OF 1997, AS AMENDED","ESCUDERO, FRANCIS G.","July 21, 2016",NATIONAL,PERSONAL PROPERTY TAXES/TAXATION NATIONAL INTERNAL REVENUE CODE (NIRC) DOCUMENTARY STAMP TAX,WAYS AND MEANS,PENDING IN THE COMMITTEE
Senate Bill No. 705,17th Congress (July 2016 - 2019),https://ldr.senate.gov.ph/bills/senate-bill-no-705-17th-congress-republic,SCHOLARSHIP FOR THE POOR ACT,"AN ACT REQUIRING ALL COLLEGES AND UNIVERSITIES TO PROVIDE SCHOLARSHIP GRANTS TO AT LEAST FIVE PERCENT (5%) OF THE STUDENT POPULATION WHO ARE POOR BUT DESERVING STUDENTS, AND FOR OTHER PURPOSES","Paolo Benigno ""Bam"" Aquino IV","July 20, 2016",NATIONAL,SCHOLARSHIP GRANTS STUDENTS,"EDUCATION, ARTS AND CULTURE",PENDING IN THE COMMITTEE
Senate Bill No. 610,17th Congress (July 2016 - 2019),https://ldr.senate.gov.ph/bills/senate-bill-no-610-17th-congress-republic,DISASTER SERVICE VOLUNTEER LEAVE ACT,AN ACT GRANTING DISASTER SERVICE VOLUNTEERS A PAID LEAVE DURING PERIOD OF DISASTERS,Antonio F. Trillanes IV,"July 19, 2016",NATIONAL,volunteers LEAVE OF ABSENCE,"CIVIL SERVICE, GOVERNMENT REORGANIZATION AND PROFESSIONAL REGULATION",CONSOLIDATED/SUBSTITUTED IN THE COMMITTEE REPORT
Senate Bill No. 808,17th Congress (July 2016 - 2019),https://ldr.senate.gov.ph/bills/senate-bill-no-808-17th-congress-republic,PHILHEALTH PARA SA BUNTIS AT KANYANG SANGGOL ACT OF 2016,"AN ACT GRANTING AUTOMATIC PHILHEALTH COVERAGE FOR ALL WOMEN ABOUT TO GIVE BIRTH AND THEIR NEWBORN CHILDREN, AMENDING FOR THE PURPOSE REPUBLIC ACT NO. 7875, AS AMENDED BY REPUBLIC ACT NO. 10606, OTHERWISE KNOWN AS THE NATIONAL HEALTH INSURANCE ACTO OF 2013, PROVIDING FUNDS THEREFOR AND FOR OTHER PURPOSES",Ralph G. Recto,"July 21, 2016",NATIONAL,PHILIPPINE HEALTH INSURANCE CORPORATION (PHILHEALTH/PHIC) MATERNAL/INFANT HEALTH pregnancy NEW BORN CHILD WOMEN,HEALTH AND DEMOGRAPHY,PENDING IN THE COMMITTEE
Senate Bill No. 270,17th Congress (July 2016 - 2019),https://ldr.senate.gov.ph/bills/senate-bill-no-270-17th-congress-republic,INCREASING THE THRESHOLD FOR CERTAIN NON-VAT TAXPAYERS,"AN ACT INCREASING THE THRESHOLD FOR CERTAIN NON-VAT TAXPAYERS, AMENDING FOR THE PURPOSE SECTIONS 109 AND 236 OF THE NATIONAL INTERNAL REVENUE CODE OF 1997, AS AMENDED",Ralph G. Recto,"April 7, 2016",NATIONAL,NATIONAL INTERNAL REVENUE CODE (NIRC) TAXES/TAXATION,WAYS AND MEANS,PENDING IN THE COMMITTEE
Senate Bill No. 334,17th Congress (July 2016 - 2019),https://ldr.senate.gov.ph/bills/senate-bill-no-334-17th-congress-republic,BARANGAY PENSION FUND ACT OF 2016,AN ACT CREATING THE BARANGAY PENSION FUND TO PROVIDE PENSION BENEFITS TO ALL BARANGAYS OFFICIALS,"EJERCITO, JOSEPH VICTOR G.","April 7, 2016",NATIONAL,BARANGAY OFFICIALS PENSION,LOCAL GOVERNMENT,PENDING IN THE COMMITTEE
Senate Bill No. 24,17th Congress (July 2016 - 2019),https://ldr.senate.gov.ph/bills/senate-bill-no-24-17th-congress-republic,PEOPLE'S OWNERSHIP OF GOVERNMENT INFORMATION (POGI) ACT OF 2016,AN ACT FORTIFYING THE PEOPLE'S RIGHT OF OWNERSHIP OVER INFORMATION HELD BY THE PEOPLE'S GOVERNMENT,Gregorio B. Honasan II,"June 30, 2016",NATIONAL,PEOPLES OWNERSHIP OF GOVERNMENT INFORMATION (POGI),PUBLIC INFORMATION AND MASS MEDIA,CONSOLIDATED/SUBSTITUTED IN THE COMMITTEE REPORT
Senate Bill No. 88,17th Congress (July 2016 - 2019),https://ldr.senate.gov.ph/bills/senate-bill-no-88-17th-congress-republic,WHISTLEBLOWER PROTECTION ACT,"AN ACT PROVIDING FOR PROTECTION, SECURITY AND BENEFITS OF WHISTLEBLOWERS","ESCUDERO, FRANCIS G.","June 30, 2016",NATIONAL,WHISTLEBLOWERS,JUSTICE AND HUMAN RIGHTS,PENDING IN THE COMMITTEE
Senate Bill No. 880,17th Congress (July 2016 - 2019),https://ldr.senate.gov.ph/bills/senate-bill-no-880-17th-congress-republic,LOCAL MUSIC INDUSTRY INCENTIVES ACT OF 2016,AN ACT PROVIDING FOR TAX EXEMPTIONS AND SUBSIDIES FOR THE LOCAL MUSIC INDUSTRY AND AMENDING CERTAIN SECTIONS OF REPUBLIC ACT NO. 7160 OR THE LOCAL GOVERNMENT CODE OF 1991,"POE, GRACE","July 26, 2016",NATIONAL,MUSIC INDUSTRY LOCAL GOVERNMENT CODE (R.A. NO. 7160) TAX EXEMPTION,LOCAL GOVERNMENT,PENDING IN THE COMMITTEE
Senate Bill No. 944,17th Congress (July 2016 - 2019),https://ldr.senate.gov.ph/bills/senate-bill-no-944-17th-congress-republic,PAG-ASA ISLAND ECOTOURISM CLUSTER AND PROTECTED AREA IN THE PROVINCE OF PALAWAN,"AN ACT DECLARING PAG-ASA ISLAND CLUSTER IN THE MUNICIPALITY OF KALAYAAN, PROVINCE OF PALAWAN AS AN ECOTOURISM DESTINATION AND PROTECTED AREA, PROVIDING FUNDS THEREFOR, AND FOR OTHER PURPOSES","ANGARA, SONNY","January 8, 2016",NATIONAL,ECOLOGICAL TOURISM ZONE/ECOTOURISM ZONE PROTECTED AREA/PROTECTED LANDSCAPE,ENVIRONMENT AND NATURAL RESOURCES,PENDING IN THE COMMITTEE
Senate Bill No. 181,17th Congress (July 2016 - 2019),https://ldr.senate.gov.ph/bills/senate-bill-no-181-17th-congress-republic,"SOCIAL SECURITY LAW, AMENDMENTS","AN ACT INCREASING PENSIONS AND OTHER BENEFITS UNDER THE SOCIAL SECURITY SYSTEM, AMENDING FOR THE PURPOSE SECTION 12 OF REPUBLIC ACT NO. 1161, AS AMENDED, OTHERWISE KNOWN AS THE SOCIAL SECURITY LAW","BINAY, MARIA LOURDES NANCY S.","June 30, 2016",NATIONAL,PENSION SOCIAL SECURITY LAW (RA 1161) SOCIAL SECURITY SYSTEM (SSS),GOVERNMENT CORPORATIONS AND PUBLIC ENTERPRISES,CONSOLIDATED/SUBSTITUTED IN THE COMMITTEE REPORT
Senate Bill No. 246,17th Congress (July 2016 - 2019),https://ldr.senate.gov.ph/bills/senate-bill-no-246-17th-congress-republic,INCREASING THE MONTHLY PENSION OF WAR VETERANS AND THEIR DEPENDENTS,"AN ACT PROVIDING FOR A THREE THOUSAND PESO (PHP 3,000.00) INCREASE IN THE MONTHLY PENSION OF WAR VETERANS AND THEIR DEPENDENTS, APPROPRIATING FUNDS THEREFOR AND FOR OTHER PURPOSES","LEGARDA, LOREN B.","April 7, 2016",NATIONAL,VETERANS PENSION,NATIONAL DEFENSE AND SECURITY,PENDING IN THE COMMITTEE
Senate Bill No. 1264,17th Congress (July 2016 - 2019),https://ldr.senate.gov.ph/bills/senate-bill-no-1264-17th-congress-republic,UNIFORMED PERSONNEL SPECIAL FINACIAL ASSISTANCE ACT,"AN ACT EXPANDING SPECIAL FINANCIAL ASSISTANCE AND BENEFITS GRANTED TO BENEFICIARIES OF UNIFORMED PERSONNEL OF THE PHILIPPINE NATIONAL POLICE (PNP), ARMED FORCES OF THE PHILIPPINES (AFP), BUREAU OF FIRE PROTECTION (BFP), BUREAU OF JAIL MANAGEMENT AND PENOLOGY (BJMP), PHILIPPINE COAST GUARD (PCG), NATIONAL BUREAU OF INVESTIGATION (NBI), AND PHILIPPINE DRUG ENFORCEMENT AGENCY (PDEA) KILLED OR PERMANENTLY INCAPACITATED WHILE IN THE PERFORMANCE OF HIS DUTY OR BY REASON OF HIS OFFICE OR POSITION, APPROPRIATING FUNDS THEREFOR, REPEALING FOR THE PURPOSE REPUBLIC ACT NO. 6963, AND FOR OTHER PURPOSES","ANGARA, SONNY","May 12, 2016",NATIONAL,FINANCIAL ASSISTANCE PHILIPPINE NATIONAL POLICE (PNP) ARMED FORCES OF THE PHILIPPINES (AFP) BUREAU OF FIRE PROTECTION BUREAU OF JAIL MANAGEMENT AND PENOLOGY PHILIPPINE COAST GUARD NATIONAL BUREAU OF INVESTIGATION (NBI) PHILIPPINE DRUG ENFORCEMENT AGENCY (PDEA),"CIVIL SERVICE, GOVERNMENT REORGANIZATION AND PROFESSIONAL REGULATION",CONSOLIDATED/SUBSTITUTED IN THE COMMITTEE REPORT
Senate Bill No. 999,17th Congress (July 2016 - 2019),https://ldr.senate.gov.ph/bills/senate-bill-no-999-17th-congress-republic,FREEDOM FROM TRAFFIC AND CONGESTION ACT OF 2016,"AN ACT GRANTING THE PRESIDENT/EXECUTIVE BRANCH OF GOVERNMENT EMERGENCY POWERS TO MANAGE, MITIGATE AND SOLVE THE TRAFFIC AND CONGESTION CRISIS ACROSS THE PHILIPPINES, TO EXPEDITIOUSLY AND EFFECTIVELY IMPLEMENT MEASURES THAT SHALL PROVIDE REAL LASTING SOLUTIONS AS WELL AS THE EARLIEST RESPITE FROM TRAFFIC AND CONGESTION, AND FOR OTHER PURPOSES","CAYETANO, ALAN PETER S.","August 8, 2016",NATIONAL,EMERGENCY POWERS TRAFFIC PRESIDENT OF THE PHILIPPINES,PUBLIC SERVICES,CONSOLIDATED/SUBSTITUTED IN THE COMMITTEE REPORT
Senate Bill No. 621,17th Congress (July 2016 - 2019),https://ldr.senate.gov.ph/bills/senate-bill-no-621-17th-congress-republic,VETERANS MEMORIAL MEDICAL CENTER CHARTER ACT OF 2016,AN ACT TO GIVE JURIDICAL PERSONALITY TO THE PRESENT VETERANS MEMORIAL MEDICAL CENTER (VMMC) AND FOR OTHER PURPOSES,Antonio F. Trillanes IV,"July 19, 2016",NATIONAL,VETERANS MEMORIAL MEDICAL CENTER (VMMC),GOVERNMENT CORPORATIONS AND PUBLIC ENTERPRISES,PENDING IN THE COMMITTEE
Senate Bill No. 529,17th Congress (July 2016 - 2019),https://ldr.senate.gov.ph/bills/senate-bill-no-529-17th-congress-republic,PHILIPPINE VETERANS AUTHORITY ACT,"AN ACT INTEGRATING ALL AGENCIES AND OFFICES ON VETERANS WELFARE, CREATING FOR THE PURPOSE THE PHILIPPINE VETERANS AUTHORITY (PVA), APPROPRIATING FUNDS THEREOF, AND FOR OTHER PURPOSES",Antonio F. Trillanes IV,"July 19, 2016",NATIONAL,PHILIPPINE VETERANS AUTHORITY (PVA) VETERANS,NATIONAL DEFENSE AND SECURITY,PENDING IN THE COMMITTEE
Senate Bill No. 1066,17th Congress (July 2016 - 2019),https://ldr.senate.gov.ph/bills/senate-bill-no-1066-17th-congress-republic,PROHIBITING THE SALE OF TOBACCO PRODUCTS AND CIGARETTES TO MINORS,"AN ACT PROHIBITING THE SALE OF TOBACCO PRODUCTS AND MANUFACTURE AND SALE OF OBJECTS IN THE FORM OF CIGARETTES, CIGARS, TOBACCO AND SIMILAR TOBACCO PRODUCTS TO MINORS AND FOR OTHER PURPOSES","VILLANUEVA, JOEL","August 23, 2016",NATIONAL,CIGARS/CIGARETTES TOBACCO PRODUCTS/TOBACCO INDUSTRY,HEALTH AND DEMOGRAPHY,PENDING IN THE COMMITTEE
Senate Bill No. 683,17th Congress (July 2016 - 2019),https://ldr.senate.gov.ph/bills/senate-bill-no-683-17th-congress-republic,ANTI-DISCRIMINATION ACT,"AN ACT PROHIBITING DISCRIMINATION OF THE BASIS OF ETHNICITY, RACE, RELIGION OR BELIEF, SEX, GENDER, SEXUAL ORIENTATION, GENDER IDENTITY, GENDER EXPRESSION, CIVIL STATUS AND HIV STATUS, AND PROVIDING PENALTIES THEREFOR","Paolo Benigno ""Bam"" Aquino IV","July 20, 2016",NATIONAL,ANTI-DISCRIMINATION GENDER DISCRIMINATION ETHNIC RELIGION/BELIEFS,CULTURAL COMMUNITIES,PENDING IN THE COMMITTEE
Senate Bill No. 590,17th Congress (July 2016 - 2019),https://ldr.senate.gov.ph/bills/senate-bill-no-590-17th-congress-republic,COMMUNITY SERVICE IN LIEU OF IMPRISONMENT FOR THE PENALTY OF ARRESTO MENOR,"AN ACT AUTHORIZING THE COURT TO REQUIRE COMMUNITY SERVICE IN LIEU OF IMPRISONMENT FOR THE PENALTY OF ARRESTO MENOR, AMENDING FOR THE PURPOSE CHAPTER FIVE, TITLE THREE, BOOK ONE OF ACT NO. 3815. AS AMENDED, OTHERWISE KNOWN AS THE REVISED PENAL CODE",Antonio F. Trillanes IV,"July 19, 2016",NATIONAL,COMMUNITY WORK/COMMUNITY SERVICE REVISED PENAL CODE (R.A. NO. 3815),JUSTICE AND HUMAN RIGHTS,CONSOLIDATED/SUBSTITUTED IN THE COMMITTEE REPORT
Senate Bill No. 787,17th Congress (July 2016 - 2019),https://ldr.senate.gov.ph/bills/senate-bill-no-787-17th-congress-republic,PHILIPPINE PHARMACY ACT,"AN ACT REGULATING THE PRACTICE OF PHARMACY IN THE PHILIPPINES, REPEALING FOR THE PURPOSE REPUBLIC ACT NO. 5921, THE PHARMACY LAW, AS AMENDED, AND FOR OTHER PURPOSES","ESCUDERO, FRANCIS G.","July 21, 2016",NATIONAL,PHARMACY,"CIVIL SERVICE, GOVERNMENT REORGANIZATION AND PROFESSIONAL REGULATION",PENDING IN THE COMMITTEE
Senate Bill No. 850,17th Congress (July 2016 - 2019),https://ldr.senate.gov.ph/bills/senate-bill-no-850-17th-congress-republic,PHILIPPINE NURSING PRACTICE REFORM ACT OF 2016,"AN ACT INSTITUTING REFORMS TO FURTHER PROTECT AND DEVELOP THE NURSING PROFESSION, AMENDING FOR THE PURPOSE REPUBLIC ACT NUMBER 9173, OTHERWISE KNOWN AS THE",Ralph G. Recto,"July 21, 2016",NATIONAL,PHILIPPINE NURSING ACT NURSES,"CIVIL SERVICE, GOVERNMENT REORGANIZATION AND PROFESSIONAL REGULATION",PENDING IN THE COMMITTEE
Senate Bill No. 402,17th Congress (July 2016 - 2019),https://ldr.senate.gov.ph/bills/senate-bill-no-402-17th-congress-republic,SUSTAINABLE FOREST MANAGEMENT ACT,"AN ACT PROVIDING FOR SUSTAINABLE FOREST MANAGEMENT, AND FOR OTHER PURPOSES","LEGARDA, LOREN B.","July 18, 2016",NATIONAL,SUSTAINABLE FOREST MANAGEMENT,ENVIRONMENT AND NATURAL RESOURCES,PENDING IN THE COMMITTEE
Senate Bill No. 313,17th Congress (July 2016 - 2019),https://ldr.senate.gov.ph/bills/senate-bill-no-313-17th-congress-republic,BILL OF RIGHTS FOR NEW GRADUATES,"AN ACT PROVIDING INCENTIVES FOR NEW GRADUATES OF COLLEGES, UNIVERSITIES AND ACCREDITED INSTITUTIONS OFFERING TECHNICAL-VOCATIONAL COURSES, OTHERWISE KNOWN AS THE BILL OF RIGHTS FOR NEW GRADUATES","ANGARA, SONNY","April 7, 2016",NATIONAL,BILL OF RIGHTS TECHNICAL-VOCATIONAL (TECH-VOC),YOUTH,CONSOLIDATED/SUBSTITUTED IN THE COMMITTEE REPORT
Senate Bill No. 467,17th Congress (July 2016 - 2019),https://ldr.senate.gov.ph/bills/senate-bill-no-467-17th-congress-republic,AMUSEMENT INDUSTRY SAFETY BOARD ACT,"AN ACT CREATING THE AMUSEMENT INDUSTRY SAFETY BOARD THEREBY STRENGTHENING THE AMUSEMENT PARKS AND RIDES INDUSTRY, INSTITUTING SAFETY STANDARDS AND PROVIDING FUNDS THEREFOR",Antonio F. Trillanes IV,"July 19, 2016",NATIONAL,AMUSEMENT RIDES,GAMES AND AMUSEMENT,PENDING IN THE COMMITTEE
Senate Bill No. 3,17th Congress (July 2016 - 2019),https://ldr.senate.gov.ph/bills/senate-bill-no-3-17th-congress-republic,PRESIDENTIAL ANTI-DRUG AUTHORITY (PRADA) ACT,"AN ACT AMENDING ARTICLE IX OF REPUBLIC ACT 9165, OTHERWISE KNOWN AS THE COMPREHENSIVE DANGEROUS DRUGS ACT OF 2002, CREATING THE PRESIDENTIAL ANTI-DRUG AUTHORITY (PRADA), AND FOR OTHER PURPOSES","SOTTO III, VICENTE C.","June 30, 2016",NATIONAL,"DANGEROUS DRUGS ACT OF 2002, R.A.NO. 9165 ILLEGAL DRUGS PRESIDENTIAL ANTI-DRUG AUTHORITY (PRADA)",PUBLIC ORDER AND DANGEROUS DRUGS,PENDING IN THE COMMITTEE
Senate Bill No. 1152,17th Congress (July 2016 - 2019),https://ldr.senate.gov.ph/bills/senate-bill-no-1152-17th-congress-republic,MATERNITY LEAVE BENEFITS OF WOMEN IN PRIVATE SECTOR,"AN ACT FURTHER INCREASING THE MATERNITY LEAVE BENEFITS OF WOMEN IN PRIVATE SECTOR, AMENDING FOR THIS PURPOSE REPUBLIC ACT NO. 8282, AS AMENDED, OTHERWISE KNOWN AS THE SOCIAL SECURITY ACT OF 1997, AND FOR OTHER PURPOSES","BINAY, MARIA LOURDES NANCY S.","September 19, 2016",NATIONAL,Maternity Leave LEAVE OF ABSENCE SOCIAL SECURITY ACT OF 1997 (R.A.NO. 8282),"WOMEN, CHILDREN, FAMILY RELATIONS AND GENDER EQUALITY",CONSOLIDATED/SUBSTITUTED IN THE COMMITTEE REPORT
Senate Bill No. 67,17th Congress (July 2016 - 2019),https://ldr.senate.gov.ph/bills/senate-bill-no-67-17th-congress-republic,ADJUSTING LEVELS OF NET TAXABLE INCOME AND NOMINAL TAX RATES,"AN ACT ADJUSTING THE LEVELS OF NET TAXABLE INCOME AND NOMINAL TAX RATES FOR PUPOSES OF COMPUTING THE INDIVIDUAL INCOME TAX, AMENDING SECTION 24(A)(2) OF THE NATIONAL INTERNAL REVENUE CODE OF 1997, AS AMENDED, AND FOR OTHER PURPOSES",Ralph G. Recto,"June 30, 2016",NATIONAL,NATIONAL INTERNAL REVENUE CODE (NIRC) TAXES (INDIVIDUAL INCOME TAX),WAYS AND MEANS,CONSOLIDATED/SUBSTITUTED IN THE COMMITTEE REPORT
Senate Bill No. 1216,17th Congress (July 2016 - 2019),https://ldr.senate.gov.ph/bills/senate-bill-no-1216-17th-congress-republic,"ON-SITE, IN-CITY OR NEAR CITY RESETTLEMENT ACT OF 2016","AN ACT ESTABLISHING AN ON-SITE, IN-CITY OR NEAR-CITY RESETTLEMENT PROGRAM FOR INFORMAL SETTLER FAMILIES IN ACCORDANCE WITH A PEOPLE'S PLAN AND MANDATING LOCAL GOVERNMENT UNITS TO PROVIDE OTHER BASIC SERVICES AND LIVELIHOOD COMPONENTS IN RESETTLEMENT SITES, AMENDING FOR THE PURPOSE REPUBLIC ACT NO. 7279, AS AMENDED, OTHERWISE KNOWN AS THE URBAN DEVELOPMENT AND HOUSING ACT OF 1992","POE, GRACE","October 19, 2016",NATIONAL,RESETTLEMENT PROGRAM URBAN DEVELOPMENT AND HOUSING ACT (R.A. NO. 7279) LOCAL GOVERNMENT UNITS (LGUs) SQUATTERS/SQUATTING/INFORMAL SETTLERS,"URBAN PLANNING, HOUSING AND RESETTLEMENT",CONSOLIDATED/SUBSTITUTED IN THE COMMITTEE REPORT
Senate Bill No. 860,17th Congress (July 2016 - 2019),https://ldr.senate.gov.ph/bills/senate-bill-no-860-17th-congress-republic,NATIONAL MARICULTURE PROGRAM OF 2016,"AN ACT ESTABLISHING THE NATIONAL MARICULTURE PROGRAM, PROVIDING FUNDS THEREFOR, AND FOR OTHER PURPOSES",Ralph G. Recto,"July 21, 2016",NATIONAL,NATIONAL MARICULTURE PROGRAM,AGRICULTURE AND FOOD,PENDING IN THE COMMITTEE
Senate Bill No. 923,17th Congress (July 2016 - 2019),https://ldr.senate.gov.ph/bills/senate-bill-no-923-17th-congress-republic,"LOWERING THE TAX RATE ON CAPITAL GAINS FROM THE SALES,EXCHANGE OR OTHER DISPOSITION OF REAL PROPERTY","AN ACT LOWERING THE TAX RATE ON CAPITAL GAINS FROM THE SALES, EXCHANGE OR OTHER DISPOSITION OF REAL PROPERTY, AMENDING FOR THE PURPOSE SECTIONS 24 (D) (1) AND 27 (D) (5) OF REPUBLIC ACT NO. 8424, OTHERWISE KNOWNA S THE NATIONAL INTERNAL REVENUE CODE OF 1997, AS AMENDED, AND FOR OTHER PURPOSES",Ralph G. Recto,"January 8, 2016",NATIONAL,TAXES/TAXATION NATIONAL INTERNAL REVENUE CODE (NIRC) REAL PROPERTY,WAYS AND MEANS,PENDING IN THE COMMITTEE
Senate Bill No. 160,17th Congress (July 2016 - 2019),https://ldr.senate.gov.ph/bills/senate-bill-no-160-17th-congress-republic,LIBRENG PANANGHALIAN SA PAMPUBLIKONG PAARALAN ACT OF 2016,"AN ACT INSTITUTING A FREE NUTRI-MEALS PROGRAM TO CHILDREN ENROLLED IN ALL ELEMENTARY SCHOOLS INCLUDING KINDERGARTEN AND HIGH SCHOOLS IN THE K-12 PUBLIC EDUCATION SECTOR, PROVIDING FRAMEWORK FOR ITS MEANINGFUL IMPLEMENTATION, APPROPRIATING FUNDS THEREFOR, AND FOR OTHER PURPOSES","POE, GRACE","June 30, 2016",NATIONAL,nutrition POVERTY ALLEVIATION K12 EDUCATION PROGRAM,"EDUCATION, ARTS AND CULTURE",CONSOLIDATED/SUBSTITUTED IN THE COMMITTEE REPORT
Senate Bill No. 225,17th Congress (July 2016 - 2019),https://ldr.senate.gov.ph/bills/senate-bill-no-225-17th-congress-republic,PHILIPPINE FISCAL REGIME AND REVENUE SHARING ARRANGEMENT FOR LARGE-SCALE METALLIC MINING ACT,AN ACT ESTABLISHING THE FISCAL REGIME AND REVENUE SHARING ARRANGEMENT FOR LARGE-SCALE METALLIC MINING,Franklin M. Drilon,"April 7, 2016",NATIONAL,MINING ACTIVITIES,WAYS AND MEANS,PENDING IN THE COMMITTEE
Senate Bill No. 653,17th Congress (July 2016 - 2019),https://ldr.senate.gov.ph/bills/senate-bill-no-653-17th-congress-republic,TAX RELIEF IN TIMES OF CALAMITY,AN ACT PROVIDING FOR TAX RELIEF IN TIMES OF CALAMITY,"Paolo Benigno ""Bam"" Aquino IV","July 20, 2016",NATIONAL,TAXES/TAXATION CALAMITY/DISASTER,WAYS AND MEANS,PENDING IN THE COMMITTEE
Senate Bill No. 559,17th Congress (July 2016 - 2019),https://ldr.senate.gov.ph/bills/senate-bill-no-559-17th-congress-republic,REVISED ENVIRONMENTAL AND SANITARY ENGINEERING ACT OF 2016,"AN ACT PROVIDING FOR A MORE REPONSIVE AND COMPREHENSIVE REGULATION FOR THE PRACTICE, LICENSING, AND REGISTRATION OF ENVIRONMENTAL AND SANITARY ENGINEERS IN THE PHILIPPINES AMENDING FOR THE PURPOSE REPUBLIC ACTNO. 1364 AND FOR OTHER PURPOSES",Antonio F. Trillanes IV,"July 19, 2016",NATIONAL,ENVIRONMENTAL AND SANITARY ENGINEERING,"CIVIL SERVICE, GOVERNMENT REORGANIZATION AND PROFESSIONAL REGULATION",PENDING IN THE COMMITTEE
Senate Bill No. 755,17th Congress (July 2016 - 2019),https://ldr.senate.gov.ph/bills/senate-bill-no-755-17th-congress-republic,"AMENDMENTS, CIVIL CODE",AN ACT AMENDING CERTAIN PROVISIONS OF REPUBLIC ACT NO. 386 OR THE CIVIL CODE AS AMENDED,"ESCUDERO, FRANCIS G.","July 21, 2016",NATIONAL,CIVIL CODE OF THE PHILIPPINES,JUSTICE AND HUMAN RIGHTS,PENDING IN THE COMMITTEE
Senate Bill No. 716,17th Congress (July 2016 - 2019),https://ldr.senate.gov.ph/bills/senate-bill-no-716-17th-congress-republic,BAMBOO INDUSTRY ACT OF 2016,AN ACT INSTITUTIONALIZING THE BAMBOO DEVELOPMENT PROGRAM AND PROVIDING FUNDS THEREFOR AND FOR OTHER PURPOSES,"VILLAR, CYNTHIA A.","July 20, 2016",NATIONAL,BAMBOO INDUSTRY,"TRADE, COMMERCE AND ENTREPRENEURSHIP",CONSOLIDATED/SUBSTITUTED IN THE COMMITTEE REPORT
Senate Bill No. 818,17th Congress (July 2016 - 2019),https://ldr.senate.gov.ph/bills/senate-bill-no-818-17th-congress-republic,VAT COLLECTIONS FOR HEALTHCARE AND HEALTH INFRASTRUCTURE,"AN ACT MODERNIZING HEALTHCARE AND HEALTH INFRASTRUCTURE, PROVIDING FUNDS FROM THE ANNUAL VALUE-ADDED TAX COLLECTIONS, AMENDING FOR THE PURPOSE THE NATIONAL INTERNAL REVENUE CODE OF 1997, AS AMENDED",Ralph G. Recto,"July 21, 2016",NATIONAL,TAXES (VALUE-ADDED TAX / VAT) NATIONAL INTERNAL REVENUE CODE (NIRC) DEPARTMENT OF HEALTH (DOH) health care,WAYS AND MEANS,PENDING IN THE COMMITTEE
Senate Bill No. 253,17th Congress (July 2016 - 2019),https://ldr.senate.gov.ph/bills/senate-bill-no-253-17th-congress-republic,"AMENDING ARTS. 180, 183, REVISED PENAL CODE (PENALTY ON FALSE TESTIMONY)","AN ACT TO AMEND ARTICLES 180, 183 AND 184 OF SECTION TWO, CHAPTER TWO, TITLE FOUR OF ACT NO. 3815, OTHERWISE KNOWN AS THE REVISED PENAL CODE, AS AMENDED.","LACSON, PANFILO M.","April 7, 2016",NATIONAL,REVISED PENAL CODE (R.A. NO. 3815) FALSE TESTIMONY/FALSE CONFESSIONS,JUSTICE AND HUMAN RIGHTS,PENDING IN THE COMMITTEE
Senate Bill No. 319,17th Congress (July 2016 - 2019),https://ldr.senate.gov.ph/bills/senate-bill-no-319-17th-congress-republic,MALUNGGAY DEVELOPMENT ACT OF 2016,"AN ACT ESTABLISHING A NATIONAL PROGRAM FOR THE MALUNGGAY INDUSTRY, APPROPRIATING FUNDS THEREFOR AND FOR OTHER PURPOSES","VILLAR, CYNTHIA A.","April 7, 2016",NATIONAL,MALUNGGAY,AGRICULTURE AND FOOD,PENDING IN THE COMMITTEE
Senate Bill No. 23,17th Congress (July 2016 - 2019),https://ldr.senate.gov.ph/bills/senate-bill-no-23-17th-congress-republic,SCHOOL FEEDING PURCHASED FROM POOR FARMERS PROGRAM,AN ACT PROVIDING FREE FOOD FOR CHILDREN IN PUBLIC SCHOOLS AND DAY CARE CENTERS FROM PRODUCTS OF FARMERS PURCHASED BY THE GOVERNMENT OTHERWISE KNOWN AS SCHOOL FEEDING PURCHASED FROM POOR FARMERS PROGRAM,Gregorio B. Honasan II,"June 30, 2016",NATIONAL,FEEDING PROGRAM MALNUTRITION CHILDREN/CHILD CARE FARMERS POVERTY ALLEVIATION,"EDUCATION, ARTS AND CULTURE",CONSOLIDATED/SUBSTITUTED IN THE COMMITTEE REPORT
Senate Bill No. 549,17th Congress (July 2016 - 2019),https://ldr.senate.gov.ph/bills/senate-bill-no-549-17th-congress-republic,AMENDING SECTION 2 OF REPUBLIC ACT NO. 1827,AN ACT AMENDING SECTION 2 OF REPUBLIC ACT NO. 1827 SO AS TO IMPOSE HIGHER PENALTIES FOR THOSE ENGAGED IN UNFAIR AND UNETHICAL LOBBYING PRACTICES,Antonio F. Trillanes IV,"July 19, 2016",NATIONAL,LOBBYING,"CIVIL SERVICE, GOVERNMENT REORGANIZATION AND PROFESSIONAL REGULATION",PENDING IN THE COMMITTEE
Senate Bill No. 87,17th Congress (July 2016 - 2019),https://ldr.senate.gov.ph/bills/senate-bill-no-87-17th-congress-republic,DECRIMINALIZING LIBEL BY MEANS OF WRITING,AN ACT DECRIMINALIZING LIBEL BY MEANS OF WRITING OR SIMILAR REPEALING ARTICLE 355 OF THE REVISED PENAL CODE,"ESCUDERO, FRANCIS G.","June 30, 2016",NATIONAL,LIBEL REVISED PENAL CODE (R.A. NO. 3815),JUSTICE AND HUMAN RIGHTS,PENDING IN THE COMMITTEE
Senate Bill No. 611,17th Congress (July 2016 - 2019),https://ldr.senate.gov.ph/bills/senate-bill-no-611-17th-congress-republic,BLOOD TYPE IDENTIFICATION ACT OF 2016,"AN ACT REQUIRING ALL GOVERNMENT AGENCIES ISSUING IDENTIFICATION CARDS, CERTIFICATES AND LICENSES TO INDICATE THEREIN THE BLOOD TYPE OF THE HOLDER AND PROVIDING PENALTIES FOR VIOLATIONS THEREOF",Antonio F. Trillanes IV,"July 19, 2016",NATIONAL,BLOOD TYPE IDENTIFICATION SYSTEM,HEALTH AND DEMOGRAPHY,PENDING IN THE COMMITTEE
Senate Bill No. 1158,17th Congress (July 2016 - 2019),https://ldr.senate.gov.ph/bills/senate-bill-no-1158-17th-congress-republic,PHILIPPINE HIV AND AIDS ACT,"AN ACT STRENGTHENING THE PHILIPPINE COMPREHENSIVE POLICY ON HIV AND AIDS PREVENTION, TREATMENT, CARE, AND SUPPORT, REPEALING FOR THE PURPOSE REPUBLIC ACT NO. 8504, OTHERWISE KNOWN AS 'THE PHILIPPINE AIDS PREVENTION AND CONTROL ACT OF 1998', AND APPROPRIATING FUNDS THEREFOR","ANGARA, SONNY","September 19, 2016",NATIONAL,ACQUIRED IMMUNE DEFICIENCY SYNDROME (AIDS) HUMAN IMMUNO DEFICIENCY VIRUS (HIV),HEALTH AND DEMOGRAPHY,CONSOLIDATED/SUBSTITUTED IN THE COMMITTEE REPORT
Senate Bill No. 1222,17th Congress (July 2016 - 2019),https://ldr.senate.gov.ph/bills/senate-bill-no-1222-17th-congress-republic,LOWERING OPTIONAL RETIREMENT AGE OF PUBLIC SCHOOL TEACHERS FROM 60 TO 55 YEARS OLD,"AN ACT LOWERING THE OPTIONAL RETIREMENT AGE OF PUBLIC SCHOOL TEACHERS FROM SIXTY (60) YEARS OLD TO FIFTY-FIVE (55) YEARS OLD, AMENDING FOR THE PURPOSE SECTION 13-A OF REPUBLIC ACT 8291, OTHERWISE KNOWN AS THE GOVERNMENT SERVICE INSURANCE SYSTEM ACT OF 1997","VILLANUEVA, JOEL","October 25, 2016",NATIONAL,RETIREMENT AGE TEACHERS GOVERNMENT SERVICE INSURANCE SYSTEM (GSIS),GOVERNMENT CORPORATIONS AND PUBLIC ENTERPRISES,PENDING IN THE COMMITTEE
Senate Bill No. 783,17th Congress (July 2016 - 2019),https://ldr.senate.gov.ph/bills/senate-bill-no-783-17th-congress-republic,SOLO PARENTS WELFARE ACT,AN ACT TO FURTHER EXTEND ASSISTANCE TO SOLO PARENTS AMENDING FOR THE PURPOSE REPUBLIC ACT NO. 8972 OTHERWISE KNOWN AS THE SOLO PARENTS WELFARE ACT OF 2000,"ESCUDERO, FRANCIS G.","July 21, 2016",NATIONAL,SOLO PARENTS WELFARE ACT (R.A.NO. 8972) parents,"WOMEN, CHILDREN, FAMILY RELATIONS AND GENDER EQUALITY",PENDING IN THE COMMITTEE
Senate Bill No. 846,17th Congress (July 2016 - 2019),https://ldr.senate.gov.ph/bills/senate-bill-no-846-17th-congress-republic,EXEMPTING PUV'S FROM MOTOR VEHICLE USER'S CHARGE,"AN ACT EXEMPTING PUBLIC UTILITY VEHICLES FROM THE MOTOR VEHICLES USER'S CHARGE AMENDING FOR THE PURPOSE SECTIONS 2 AND 3 OF REPUBLIC ACT NO. 8794, OTHERWISE KNOWN AS THE MOTOR VEHICLE USER'S CHARGE ACT OF 2000",Ralph G. Recto,"July 21, 2016",NATIONAL,MOTOR VEHICLES USERS CHARGE (MVUC) (R.A. NO. 8794) PUBLIC UTILITY VEHICLES,PUBLIC WORKS,PENDING IN THE COMMITTEE
Senate Bill No. 794,17th Congress (July 2016 - 2019),https://ldr.senate.gov.ph/bills/senate-bill-no-794-17th-congress-republic,FLAG AND HERALDIC CODE OF THE PHILIPPINES,"AN ACT STRENGTHENING THE RULES ON THE PROPER USE AND DISPLAY OF OUR NATIONAL SYSMBOLS AND THE RENDITION OF THE NATIONAL ANTHEM, AMENDING FOR THE PURPOSE REPUBLIC ACT NO. 8491, OTHERWISE KNOWN AS THE","ESCUDERO, FRANCIS G.","July 21, 2016",NATIONAL,FLAG AND HERALDIC CODE (R.A.NO. 8491),"EDUCATION, ARTS AND CULTURE",PENDING IN THE COMMITTEE
Senate Bill No. 908,17th Congress (July 2016 - 2019),https://ldr.senate.gov.ph/bills/senate-bill-no-908-17th-congress-republic,INTERNET CAFE REGULATION ACT,"AN ACT REGULATING THE OPERATION AND MAINTENANCE OF INTERNET CAFES, OR COMPUTER RENTAL SHOPS, AND OTHER ESTABLISHMENTS OFFERING COMPUTER SERVICES TO MINORS, PROVIDING PENALTIES FOR VIOLATION THEREOF, AND FOR OTHER PURPOSES","GATCHALIAN, WIN","July 28, 2016",NATIONAL,INTERNET SAFETY COMPUTER SHOPS/INTERNET CAFES,"TRADE, COMMERCE AND ENTREPRENEURSHIP",PENDING IN THE COMMITTEE
Senate Bill No. 409,17th Congress (July 2016 - 2019),https://ldr.senate.gov.ph/bills/senate-bill-no-409-17th-congress-republic,CHANGING THE CRIME OF CONCUBINAGE INTO MARITAL INFEDELITY,"AN ACT CHANGING THE CRIME OF CONCUBINAGE INTO MARITAL INFEDELITY, AMENDING ARTICLES 333 AND 334 OF ACT NO. 3815, AS AMENDED, OTHERWISE KNOWN AS THE REVISED PENAL CODE","LEGARDA, LOREN B.","July 18, 2016",NATIONAL,MARITAL INFIDELITY REVISED PENAL CODE (R.A. NO. 3815),"WOMEN, CHILDREN, FAMILY RELATIONS AND GENDER EQUALITY",PENDING IN THE COMMITTEE
Senate Bill No. 972,17th Congress (July 2016 - 2019),https://ldr.senate.gov.ph/bills/senate-bill-no-972-17th-congress-republic,FREE MEDICINE FOR THE POOR ACT,AN ACT ESTABLISHING A FREE MEDICINE ASSISTANCE PROGRAM FOR THE POOR AND PROVIDING FUNDS THEREFOR,"ANGARA, SONNY","March 8, 2016",NATIONAL,MEDICAL/DENTAL ASSISTANCE POVERTY ALLEVIATION,HEALTH AND DEMOGRAPHY,PENDING IN THE COMMITTEE
Senate Bill No. 474,17th Congress (July 2016 - 2019),https://ldr.senate.gov.ph/bills/senate-bill-no-474-17th-congress-republic,TAX CREDIT TO PHYSICIANS,AN ACT GIVING TAX CREDIT TO PHYSICIANS RENDERING PRO BONO SEERVICES TO POOR PATIENTS,Antonio F. Trillanes IV,"July 19, 2016",NATIONAL,TAX CREDIT PRO BONO SERVICES DOCTORS/PHYSICIANS/DENTISTS,HEALTH AND DEMOGRAPHY,PENDING IN THE COMMITTEE
Senate Bill No. 672,17th Congress (July 2016 - 2019),https://ldr.senate.gov.ph/bills/senate-bill-no-672-17th-congress-republic,PEACE EDUCATION ACT,AN ACT INSTITUTIONALIZING PEACE EDUCATION IN THE SCHOOL CURRICULUM AT ALL LEVELS,"Paolo Benigno ""Bam"" Aquino IV","July 20, 2016",NATIONAL,PEACE CURRICULUM/CURRICULA,"EDUCATION, ARTS AND CULTURE",PENDING IN THE COMMITTEE
Senate Bill No. 733,17th Congress (July 2016 - 2019),https://ldr.senate.gov.ph/bills/senate-bill-no-733-17th-congress-republic,SLANDER BY DEED,"AN ACT AMENDING ARTICLE 359 OF ACT NO. 3815, AS AMENDED, OTHERWISE KNOWN AS THE REVISED PENAL CODE","ESCUDERO, FRANCIS G.","July 21, 2016",NATIONAL,SLANDER REVISED PENAL CODE (R.A. NO. 3815) FALSE ACCUSATIONS,JUSTICE AND HUMAN RIGHTS,PENDING IN THE COMMITTEE
Senate Bill No. 298,17th Congress (July 2016 - 2019),https://ldr.senate.gov.ph/bills/senate-bill-no-298-17th-congress-republic,"REGIONAL TRIAL COURT (IBA, ZAMBALAES)","AN ACT CREATING AN ADDITIONAL BRANCH OF THE REGIONAL TRIAL COURT WITH THE SEAT AT IBA, ZAMBALES IN THE THIRD JUDICIAL REGION, AMENDING FOR THE PURPOSE SECTION 14 (C) OF BATAS PAMBANSA BLG. 129, OTHERWISE KNOWN AS THE JUDICIARY REORGANIZATION ACT OF 1980, AS AMENDED, AND APPROPRIATING FUNDS THEREFOR","PIMENTEL, AQUILINO ""KOKO"" III","April 7, 2016",NATIONAL,"COURTS (RTC/MTC, CREATION) JUDICIARY REORGANIZATION ACT (BATAS PAMBANSA BLG. 129)",JUSTICE AND HUMAN RIGHTS,PENDING IN THE COMMITTEE
Senate Bill No. 364,17th Congress (July 2016 - 2019),https://ldr.senate.gov.ph/bills/senate-bill-no-364-17th-congress-republic,EDUCATIONAL ASSISTANCE TO PUBLIC SCHOOL TEACHERS,AN ACT PROVIDING FOR EDUCATIONAL ASSISTANCE TO PUBLIC SCHOOL TEACHERS AND APPROPRIATING FUNDS THEREFOR,"BINAY, MARIA LOURDES NANCY S.","April 7, 2016",NATIONAL,TEACHERS,"EDUCATION, ARTS AND CULTURE",PENDING IN THE COMMITTEE
Senate Bill No. 2,17th Congress (July 2016 - 2019),https://ldr.senate.gov.ph/bills/senate-bill-no-2-17th-congress-republic,14TH MONTH PAY LAW,AN ACT REQUIRING EMPLOYERS IN THE PRIVATE SECTOR TO PAY 14TH MONTH PAY,"SOTTO III, VICENTE C.","June 30, 2016",NATIONAL,14TH MONTH PAY PRIVATE SECTOR EMPLOYEES,"LABOR, EMPLOYMENT AND HUMAN RESOURCES DEVELOPMENT",PENDING IN THE COMMITTEE
Senate Bill No. 66,17th Congress (July 2016 - 2019),https://ldr.senate.gov.ph/bills/senate-bill-no-66-17th-congress-republic,PUBLIC-PRIVATE PARTNERSHIP (PPP) ACT,"AN ACT AUTHORIZING PARTNERSHIPS (PPP), APPROPRIATING FUNDS THEREFOR , AND FOR OTHER PURPOSES",Ralph G. Recto,"June 30, 2016",NATIONAL,BUILD-OPERATE-TRANSFER (BOT LAW) PUBLIC-PRIVATE PARTNERSHIP (PPP) PROJECTS,PUBLIC WORKS,PENDING IN THE COMMITTEE
Senate Bill No. 1137,17th Congress (July 2016 - 2019),https://ldr.senate.gov.ph/bills/senate-bill-no-1137-17th-congress-republic,THE ANTI-POLITICAL DYNASTY ACT OF 2016,"AN ACT DEFINING AND PROHIBITING POLITICAL DYNASTIES, PROVIDING PENALTIES THEREFOR, AND FOR OTHER PURPOSES","POE, GRACE","September 13, 2016",NATIONAL,POLITICAL DYNASTY/POLITICAL DYNASTIES,ELECTORAL REFORMS AND PEOPLES PARTICIPATION,CONSOLIDATED/SUBSTITUTED IN THE COMMITTEE REPORT
Senate Bill No. 1201,17th Congress (July 2016 - 2019),https://ldr.senate.gov.ph/bills/senate-bill-no-1201-17th-congress-republic,BREAST CARE CENTERS IN EVERY REGION,"AN ACT PROVIDING FOR THE ESTABLISHMENT OF BREAST CARE CENTERS IN EVERY REGION NATIONWIDE, APPROPRIATING FUNDS THEREFOR AND FOR OTHER PURPOSES","VILLAR, CYNTHIA A.","December 10, 2016",NATIONAL,BREAST CARE CANCER,HEALTH AND DEMOGRAPHY,CONSOLIDATED/SUBSTITUTED IN THE COMMITTEE REPORT
Senate Bill No. 762,17th Congress (July 2016 - 2019),https://ldr.senate.gov.ph/bills/senate-bill-no-762-17th-congress-republic,ELECTRIC POWER INDUSTRY REFORM ACT,"AN ACT AMENDING SECTION 47 OF REPUBLIC ACT NO. 9136, OTHERWISE KNOWN AS THE ELECTRIC POWER INDUSTRY REFORM ACT","ESCUDERO, FRANCIS G.","July 21, 2016",NATIONAL,ELECTRIC POWER INDUSTRY REFORM ACT /EPIRA (R.A.NO. 9136),ENERGY,PENDING IN THE COMMITTEE
Senate Bill No. 825,17th Congress (July 2016 - 2019),https://ldr.senate.gov.ph/bills/senate-bill-no-825-17th-congress-republic,TAX EXEMPTION FOR MARGINAL INCOME EARNERS,"AN ACT EXEMPTING MARGINAL INCOME EARNERS FROM INCOME TAX AND VALUE-ADDED TAX, AMENDING FOR THE PURPOSE SECTIONS 22, 24, 109 (1) AND 236 OF THE NATIONAL INTERNAL REVENUE CODE OF 1997, AS AMENDED, AND OTHER PURPOSES",Ralph G. Recto,"July 21, 2016",NATIONAL,NATIONAL INTERNAL REVENUE CODE (NIRC) TAX EXEMPTION TAXES (VALUE-ADDED TAX / VAT) TAXES (INDIVIDUAL INCOME TAX),WAYS AND MEANS,PENDING IN THE COMMITTEE
Senate Bill No. 1248,17th Congress (July 2016 - 2019),https://ldr.senate.gov.ph/bills/senate-bill-no-1248-17th-congress-republic,SPECIAL WORKING HOLIDAY TO COMMEMORATE THE HEROISM AND SACRIFICE OF THE FALLEN 44 OF THE PNP-SAF,AN ACT DECLARING JANUARY 25 OF EVERY YEAR AS A SPECIAL WORKING HOLIDAY THROUGHOUT THE COUNTRY TO COMMEMORATE THE HEROISM AND SACRIFICE OF THE FALLEN 44 OF THE PHILIPPINE NATIONAL POLICE SPECIAL ACTION FORCE,"BINAY, MARIA LOURDES NANCY S.","November 21, 2016",NATIONAL,PHILIPPINE NATIONAL POLICE (PNP),"EDUCATION, ARTS AND CULTURE",SENT TO THE ARCHIVES
Senate Bill No. 875,17th Congress (July 2016 - 2019),https://ldr.senate.gov.ph/bills/senate-bill-no-875-17th-congress-republic,MIGRANT WORKERS AND OVERSEAS FILIPINO ACT,"AN ACT TO FURTHER ASSIST FILIPINO MIGRANT WORKERS, AMENDING FOR THE PURPOSE SECTION 10 OF REPUBLIC ACT NO. 8042, AS AMENDED","POE, GRACE","July 26, 2016",NATIONAL,MIGRANT WORKERS AND OVERSEAS FILIPINOS ACT OF 1995 (R.A.NO. 8042),"LABOR, EMPLOYMENT AND HUMAN RESOURCES DEVELOPMENT",PENDING IN THE COMMITTEE
Senate Bill No. 376,17th Congress (July 2016 - 2019),https://ldr.senate.gov.ph/bills/senate-bill-no-376-17th-congress-republic,PHILIPPINE HIV AND AIDS POLICY ACT,"AN ACT STRENGTHENING THE PHILIPPINE COMPREHENSIVE POLICY ON HUMAN IMMUNODEFICIENCY VIRUS (HIV) AND ACQUIRED IMMUNE DEFICIENCY SYNDROME (AIDS) PREVENTION, TREATMENT, CARE AND SUPPORT, AND ESTABLISHING THE PHILIPPINES NATIONAL HIV AND AIDS PLAN, REPEALING FOR THE PURPOSE REPUBLIC ACT NO. 8504, OTHERWISE KNOWN AS THE PHILIPPINE AIDS PREVENTION AND CONTROL ACT OF 1998, AND APPROPRIATING FUNDS THEREFOR","HONTIVEROS, RISA","April 7, 2016",NATIONAL,ACQUIRED IMMUNE DEFICIENCY SYNDROME (AIDS) HUMAN IMMUNO DEFICIENCY VIRUS (HIV),HEALTH AND DEMOGRAPHY,CONSOLIDATED/SUBSTITUTED IN THE COMMITTEE REPORT
Senate Bill No. 940,17th Congress (July 2016 - 2019),https://ldr.senate.gov.ph/bills/senate-bill-no-940-17th-congress-republic,SAN JUAN CITY NATIONAL SCIENCE HIGH SCHOOL ACT,AN ACT ESTABLISHING A NATIONAL SCIENCE HIGH SCHOOL IN THE CITY OF SAN JUAN TO BE KNOWN AS THE SAN JUAN CITY NATIONAL SCIENCE HIGH SCHOOL AND APPROPRIATING FUNDS THEREFOR,"EJERCITO, JOSEPH VICTOR G.","January 8, 2016",LOCAL,"SCHOOLS, ESTABLISHMENT SCIENCE HIGH SCHOOL",RULES,PENDING IN THE COMMITTEE
Senate Bill No. 442,17th Congress (July 2016 - 2019),https://ldr.senate.gov.ph/bills/senate-bill-no-442-17th-congress-republic,THE PHILIPPINE MOTOR VEHICLE MANUFACTURING INDUSTRY COMPETITIVENESS ACT,AN ACT TO STRENGTHEN THE SUSTAINABILITY AND COMPETITIVENESS OF THE PHILIPPINE MOTOR VEHICLE MANUFACTURING INDUSTRY,"LEGARDA, LOREN B.","July 19, 2016",NATIONAL,PHILIPPINE MOTOR VEHICLE MANUFACTURING INDUSTRY Motor Vehicles,"TRADE, COMMERCE AND ENTREPRENEURSHIP",PENDING IN THE COMMITTEE
Senate Bill No. 598,17th Congress (July 2016 - 2019),https://ldr.senate.gov.ph/bills/senate-bill-no-598-17th-congress-republic,MARINE AND COASTAL RESOURCES PROTECTION ACT OF 2016,AN ACT ESTABLISHING MARINE PROTECTED AREAS IN ALL COASTAL MUNICIPALITIES AND CITIES AND FOR OTHER PURPOSES,Antonio F. Trillanes IV,"July 19, 2016",NATIONAL,MARINE PROTECTED AREAS COASTAL ENVIRONMENT PROGRAM/COASTAL RESOURCES PROTECTION,ENVIRONMENT AND NATURAL RESOURCES,PENDING IN THE COMMITTEE
Senate Bill No. 397,17th Congress (July 2016 - 2019),https://ldr.senate.gov.ph/bills/senate-bill-no-397-17th-congress-republic,PHILIPPINE PASSPORT ACT,"AN ACT TO AMEND REPUBLIC ACT NO. 8239, OTHERWISE KNOWN AS THE PHILIPPINE PASSPORT ACT OF 1996","LEGARDA, LOREN B.","July 18, 2016",NATIONAL,PASSPORT (R.A.NO. 8239),FOREIGN RELATIONS,CONSOLIDATED/SUBSTITUTED IN THE COMMITTEE REPORT
Senate Bill No. 463,17th Congress (July 2016 - 2019),https://ldr.senate.gov.ph/bills/senate-bill-no-463-17th-congress-republic,FEASIBILITY STUDY OF RELOCATING THE NATIONAL CAPITAL AND SEAT OF GOVERNMENT,AN ACT CONSTITUTING A COMMISSION FOR THE PURPOSE OF STUDYING THE FEASIBILITY AND DESIRABILITY OF RELOCATING THE NATIONAL CAPITAL AND SEAT OF GOVERNMENT OF THE PHILIPPINES AND FOR OTHER RELEVANT PURPOSES,Antonio F. Trillanes IV,"July 19, 2016",NATIONAL,SEAT OF GOVERNMENT NATIONAL CAPITAL COMMISSION FOR CAPITAL RELOCATION,"CIVIL SERVICE, GOVERNMENT REORGANIZATION AND PROFESSIONAL REGULATION",PENDING IN THE COMMITTEE
Senate Bill No. 1134,17th Congress (July 2016 - 2019),https://ldr.senate.gov.ph/bills/senate-bill-no-1134-17th-congress-republic,NATIONAL EMERGENCY AGAINST DRUGS AND TERRORISM ACT OF 2016,"AN ACT DECLARING A NATIONAL EMERGENCY AGAINST ILLEGAL DRUGS AND TERRORISM AND ESTABLISHING A NATIONAL POLICY TO AUTHORIZE THE PRESIDENT, IN ACCORDANCE WITH THE CONSTITUTION, TO EXERCISE NECESSARY AND PROPER POWERS TO ADDRESS SUCH EMERGENCY","GORDON, RICHARD J.","September 13, 2016",NATIONAL,EMERGENCY POWERS ILLEGAL DRUGS TERRORISM,PUBLIC ORDER AND DANGEROUS DRUGS,CONSOLIDATED/SUBSTITUTED IN THE COMMITTEE REPORT
Senate Bill No. 1198,17th Congress (July 2016 - 2019),https://ldr.senate.gov.ph/bills/senate-bill-no-1198-17th-congress-republic,AMENDING R.A. NO. 8282 (SOCIAL SECURITY SYSTEM),"AN ACT AMENDING REPUBLIC ACT NO. 8282 ENTITLED 'AN ACT FURTHER STRENGTHENING THE SOCIAL SECURITY SYSTEM THEREBY AMENDING FOR THIS PURPOSE, REPUBLIC ACT NO. 1161, AS AMENDED, OTHERWISE KNOWN AS THE SOCIAL SECURITY LAW' AND FOR OTHER PURPOSES","GORDON, RICHARD J.","November 10, 2016",NATIONAL,SOCIAL SECURITY SYSTEM (SSS) PENSION OVERSEAS FILIPINO WORKERS (OFW),GOVERNMENT CORPORATIONS AND PUBLIC ENTERPRISES,CONSOLIDATED/SUBSTITUTED IN THE COMMITTEE REPORT
Senate Bill No. 41,17th Congress (July 2016 - 2019),https://ldr.senate.gov.ph/bills/senate-bill-no-41-17th-congress-republic,NATIONAL REFERENCE SYSTEM ACT OF 2016,AN ACT INSTITUTING A NATIONAL REFERENCE SYSTEM,"LACSON, PANFILO M.","June 30, 2016",NATIONAL,IDENTIFICATION SYSTEM,JUSTICE AND HUMAN RIGHTS,CONSOLIDATED/SUBSTITUTED IN THE COMMITTEE REPORT
Senate Bill No. 106,17th Congress (July 2016 - 2019),https://ldr.senate.gov.ph/bills/senate-bill-no-106-17th-congress-republic,THE WILLFUL FAILURE TO PAY CHILD SUPPORT,AN ACT PUNISHING THE WILLFUL FAILURE TO PAY CHILD SUPPORT,"GORDON, RICHARD J.","June 30, 2016",NATIONAL,CHILD SUPPORT,"WOMEN, CHILDREN, FAMILY RELATIONS AND GENDER EQUALITY",PENDING IN THE COMMITTEE
Senate Bill No. 1278,17th Congress (July 2016 - 2019),https://ldr.senate.gov.ph/bills/senate-bill-no-1278-17th-congress-republic,TRABAHO CENTER IN SCHOOLS ACT,AN ACT ESTABLISHING JOB PLACEMENT OFFICES IN PUBLIC HIGH SCHOOLS TO PROVIDE CAREER SERVICES TO THE YOUTH,"Paolo Benigno ""Bam"" Aquino IV","December 12, 2016",NATIONAL,YOUTH JOBS,"EDUCATION, ARTS AND CULTURE","PENDING SECOND READING, SPECIAL ORDER"
Senate Bill No. 1013,17th Congress (July 2016 - 2019),https://ldr.senate.gov.ph/bills/senate-bill-no-1013-17th-congress-republic,PROCEDURE FOR REGISTRATION OF VOTERS DURING BARANGAY ELECTIONS,"AN ACT STRENGTHENING THE PROCEDURE FOR REGISTRATION OF VOTERS DURING BARANGAY ELECTIONS, AMENDING FOR THE PURPOSE REPUBLIC ACT NO. 8189, ALSO KNOWN AS THE VOTER'S REGISTRATION ACT OF 1996","VILLANUEVA, JOEL","August 15, 2016",NATIONAL,VOTERS REGISTRATION ELECTIONS/ELECTORAL REFORMS,ELECTORAL REFORMS AND PEOPLES PARTICIPATION,PENDING IN THE COMMITTEE
Senate Bill No. 1077,17th Congress (July 2016 - 2019),https://ldr.senate.gov.ph/bills/senate-bill-no-1077-17th-congress-republic,STREET CHILDREN CRISIS CENTER ACT,"AN ACT ESTABLISHING A CRISIS CENTER FOR STREET CHILDREN IN EVERY REGION OF THE PHILIPPINES, APPROPRIATING FUNDS THEREFOR AND FOR OTHER PURPOSES","EJERCITO, JOSEPH VICTOR G.","August 25, 2016",NATIONAL,STREET CHILDREN CHILDREN/CHILD CARE,"WOMEN, CHILDREN, FAMILY RELATIONS AND GENDER EQUALITY",PENDING IN THE COMMITTEE
Senate Bill No. 667,17th Congress (July 2016 - 2019),https://ldr.senate.gov.ph/bills/senate-bill-no-667-17th-congress-republic,ANTI-HARASSMENT OF TOURISTS ACT,AN ACT TO PREVENT HARASSMENT OF TOURISTS,"Paolo Benigno ""Bam"" Aquino IV","July 20, 2016",NATIONAL,HARASSMENT,TOURISM,PENDING IN THE COMMITTEE
Senate Bill No. 399,17th Congress (July 2016 - 2019),https://ldr.senate.gov.ph/bills/senate-bill-no-399-17th-congress-republic,BRITISH SCHOOL MANILA,AN ACT RECOGNIZING THE BRITISH SCHOOL MANILA AS AN EDUCATIONAL INSTITUTION OF INTERNATIONAL CHARACTER,"LEGARDA, LOREN B.","July 18, 2016",NATIONAL,educational institutions,"EDUCATION, ARTS AND CULTURE",CONSOLIDATED/SUBSTITUTED IN THE COMMITTEE REPORT
Senate Bill No. 885,17th Congress (July 2016 - 2019),https://ldr.senate.gov.ph/bills/senate-bill-no-885-17th-congress-republic,POLITICAL PARTY DEVELOPMENT ACT OF 2016,AN ACT STRENGTHENING THE POLITICAL PARTY SYSTEM APPROPRIATING FUNDS THEREFOR AND FOR OTHER PURPOSES,"EJERCITO, JOSEPH VICTOR G.","July 26, 2016",NATIONAL,POLITICAL PARTY,ELECTORAL REFORMS AND PEOPLES PARTICIPATION,CONSOLIDATED/SUBSTITUTED IN THE COMMITTEE REPORT
Senate Bill No. 505,17th Congress (July 2016 - 2019),https://ldr.senate.gov.ph/bills/senate-bill-no-505-17th-congress-republic,FIRE PROTECTION MODERNIZATION ACT OF 2016,AN ACT PROVIDING FOR THE MODERNIZATION OF FIRE PROTECTION AND FOR OTHER PURPOSES,Antonio F. Trillanes IV,"July 19, 2016",NATIONAL,Fire Protection,PUBLIC ORDER AND DANGEROUS DRUGS,PENDING IN THE COMMITTEE
Senate Bill No. 949,17th Congress (July 2016 - 2019),https://ldr.senate.gov.ph/bills/senate-bill-no-949-17th-congress-republic,"WHISTLEBLOWER PROTECTION, SECURITY AND BENEFIT ACT OF 2016","AN ACT PROVIDING FOR THE PROTECTION, SECURITY AND BENEFITS OF WHISTLEBLOWERS, APPROPRIATING FUNDS THEREOF AND FOR OTHER PURPOSES","ANGARA, SONNY","January 8, 2016",NATIONAL,WHISTLEBLOWERS,JUSTICE AND HUMAN RIGHTS,PENDING IN THE COMMITTEE
Senate Bill No. 757,17th Congress (July 2016 - 2019),https://ldr.senate.gov.ph/bills/senate-bill-no-757-17th-congress-republic,CRIME OF INCRIMINATORY MACHINATION,"AN ACT AMENDING ARTICLES 363 AND 364 OF ACT NO. 3815, AS AMENDED, OTHERWISE KNOWN AS THE REVISED PENAL CODE","ESCUDERO, FRANCIS G.","July 21, 2016",NATIONAL,REVISED PENAL CODE (R.A. NO. 3815) CRIME OF INCRIMINATORY MACHINATION,JUSTICE AND HUMAN RIGHTS,PENDING IN THE COMMITTEE
Senate Bill No. 567,17th Congress (July 2016 - 2019),https://ldr.senate.gov.ph/bills/senate-bill-no-567-17th-congress-republic,NATURE RESTORATION LAW OF 2016,"AN ACT PROTECTING THE ENVIRONMENT THEREBY ESTABLISHING A BASIC POLICY FOR NATURE RESTORATION, PROVIDING FUNDS THEREFOR, AND FOR OTHER PURPOSES",Antonio F. Trillanes IV,"July 19, 2016",NATIONAL,NATURE RESTORATION ENVIRONMENTAL PROTECTION,ENVIRONMENT AND NATURAL RESOURCES,PENDING IN THE COMMITTEE
Senate Bill No. 820,17th Congress (July 2016 - 2019),https://ldr.senate.gov.ph/bills/senate-bill-no-820-17th-congress-republic,EXPANDED COVERAGE OF MICRO ENTERPRISES,"AN ACT TO EXPAND THE COVERAGE OF MICRO ENTERPRISES AS BENEFICIARIES OF THE MAGNA CARTA FOR MICRO, SMALL AND MEDIUM ENTERPRISES OR REPUBLIC ACT NO. 6977, AS AMENDED BY REPUBLIC ACT NO. 8289 AND FURTHER AMENDED BY REPUBLIC ACT NO. 9501",Ralph G. Recto,"July 21, 2016",NATIONAL,"MAGNA CARTA FOR MICRO, SMALL AND MEDIUM-SCALE ENTERPRISES","TRADE, COMMERCE AND ENTREPRENEURSHIP",PENDING IN THE COMMITTEE
Senate Bill No. 431,17th Congress (July 2016 - 2019),https://ldr.senate.gov.ph/bills/senate-bill-no-431-17th-congress-republic,FOREIGN LANGUAGE EDUCATION ACT,AN ACT INTEGRATING FOREIGN LANGUAGE EDUCATION IN THE PRIMARY AND SECONDARY SCHOOL CURRICULA,"LEGARDA, LOREN B.","July 19, 2016",NATIONAL,FOREIGN LANGUAGE CURRICULUM/CURRICULA,"EDUCATION, ARTS AND CULTURE",PENDING IN THE COMMITTEE
Senate Bill No. 495,17th Congress (July 2016 - 2019),https://ldr.senate.gov.ph/bills/senate-bill-no-495-17th-congress-republic,CHILDREN'S CANCER HOSPITAL ACT OF 2016,"AN ACT ESTABLISHING THE CHILDREN'S CANCER HOSPITAL OF THE PHILIPPINES, PROVIDING FUNDS THEREFOR AND FOR OTHER PURPOSES",Antonio F. Trillanes IV,"July 19, 2016",NATIONAL,CHILDREN/CHILD CARE CANCER CARE CENTERS HOSPITALS,HEALTH AND DEMOGRAPHY,CONSOLIDATED/SUBSTITUTED IN THE COMMITTEE REPORT
Senate Bill No. 1166,17th Congress (July 2016 - 2019),https://ldr.senate.gov.ph/bills/senate-bill-no-1166-17th-congress-republic,MAXIMIZING BENEFITS FROM MINERAL AND MINERAL PRODUCTS AND QUARY RESOURCES ACT OF 2016,AN ACT PROVIDING FOR THE MAXIMIZATION OF BENEFITS FROM FINITE MINERALS AND MINERAL PRODUCTS AND QUARRY RESOURCES,"VILLANUEVA, JOEL","September 20, 2016",NATIONAL,MINERAL RESOURCES QUARRYING,ENVIRONMENT AND NATURAL RESOURCES,PENDING IN THE COMMITTEE
Senate Bill No. 9,17th Congress (July 2016 - 2019),https://ldr.senate.gov.ph/bills/senate-bill-no-9-17th-congress-republic,PHILIPPINE MENTAL HEALTH ACT OF 2016,"AN ACT PROMOTING MENTAL HEALTH, PROMULGATING A NATIONAL MENTAL HEALTH POLICY TOWARDS THE ENHANCEMENT OF INTEGRATED MENTAL HEALTH SERVICES, THE PROMOTION AND PROTECTION OF PERSONS UTILIZING MENTAL HEALTH SERVICES AND THE ESTABLISHMENT OF A PHILIPPINE MENTAL HEALTH COUNCIL","SOTTO III, VICENTE C.","June 30, 2016",NATIONAL,MENTAL HEALTH,HEALTH AND DEMOGRAPHY,CONSOLIDATED/SUBSTITUTED IN THE COMMITTEE REPORT
Senate Bill No. 1230,17th Congress (July 2016 - 2019),https://ldr.senate.gov.ph/bills/senate-bill-no-1230-17th-congress-republic,COMMISSION ON HUMAN RIGHTS ACT OF 2016,"AN ACT STRENGTHENING THE COMMISSION ON HUMAN RIGHTS OF THE PHILIPPINES AS THE NATIONAL HUMAN RIGHTS INSTITUTION, AND FOR OTHER PURPOSES","DE LIMA, LEILA M.","July 11, 2016",NATIONAL,COMMISSION ON HUMAN RIGHTS,JUSTICE AND HUMAN RIGHTS,PENDING IN THE COMMITTEE
Senate Bill No. 73,17th Congress (July 2016 - 2019),https://ldr.senate.gov.ph/bills/senate-bill-no-73-17th-congress-republic,EMERGENCY RESPONSE DEPARTMENT (ERD) ACT OF 2016,"AN ACT CREATING THE EMERGENCY RESPONSE DEPARTMENT (ERD), APPROPRIATING FUNDS THEREFOR, AND FOR OTHER PURPOSES","CAYETANO, ALAN PETER S.","June 30, 2016",NATIONAL,EMERGENCY RESPONSE DEPARTMENT (ERD) EMERGENCY RESPONSE/EMERGENCY PREPAREDNESS,NATIONAL DEFENSE AND SECURITY,PENDING IN THE COMMITTEE
Senate Bill No. 293,17th Congress (July 2016 - 2019),https://ldr.senate.gov.ph/bills/senate-bill-no-293-17th-congress-republic,AMNESTY ON ESTATE TAX,"AN ACT DECLARING A ONE-TIME AMNESTY ON ESTATE TAX, INCLUSIVE OF FINES, INTEREST, PENALTIES, SURCHARGES AND OTHER ADDITIONS THERETO, AND FOR OTHER PURPOSES","PIMENTEL, AQUILINO ""KOKO"" III","April 7, 2016",NATIONAL,TAXES (ESTATE TAX) TAX AMNESTY,WAYS AND MEANS,CONSOLIDATED/SUBSTITUTED IN THE COMMITTEE REPORT
Senate Bill No. 358,17th Congress (July 2016 - 2019),https://ldr.senate.gov.ph/bills/senate-bill-no-358-17th-congress-republic,THE NATIONAL INTERNAL REVENUE CODE,"AN ACT EXEMPTING FROM DONOR'S TAX AND DOCUMENTARY STAMP TAX GIFTS/DONATIONS/REMITTANCES FOR THE BENEFIT OF VICTIMS OF NATURAL DISASTERS AND OTHER CALAMITIES, AMENDING FOR THE PURPOSE REPUBLIC ACT 8424 OR THE NATIONAL INTERNAL REVENUE CODE AS AMENDED","BINAY, MARIA LOURDES NANCY S.","April 7, 2016",NATIONAL,NATIONAL INTERNAL REVENUE CODE (NIRC) TAXES/TAXATION DONATIONS CALAMITY/DISASTER,WAYS AND MEANS,PENDING IN THE COMMITTEE
Senate Bill No. 146,17th Congress (July 2016 - 2019),https://ldr.senate.gov.ph/bills/senate-bill-no-146-17th-congress-republic,DEPARTMENT OF MIGRATION AND DEVELOPMENT ACT OF 2016,"AN ACT CREATING THE DEPARTMENT OF MIGRATION AND DEVELOPMENT, DEFINING ITS POWERS AND FUNCTIONS, APPROPRIATING FUNDS THEREFORE, AND FOR OTHER PURPOSES","VILLAR, CYNTHIA A.","June 30, 2016",NATIONAL,Migrant workers DEPARTMENT OF MIGRATION AND DEVELOPMENT,"LABOR, EMPLOYMENT AND HUMAN RESOURCES DEVELOPMENT",PENDING IN THE COMMITTEE
Senate Bill No. 212,17th Congress (July 2016 - 2019),https://ldr.senate.gov.ph/bills/senate-bill-no-212-17th-congress-republic,TRAINING INSIDE PRISONS ACT OF 2016,"AN ACT INSTITUTIONALIZING SKILLS DEVELOPMENT AND PROVIDING JOB OPPORTUNITIES TO INMATES IN DETENTION FACILITIES, APPROPRIATING FUNDS THEREFOR AND OTHER PURPOSES","VILLANUEVA, JOEL","June 30, 2016",NATIONAL,PRISONERS/INMATES SKILLS TRAINING/RETRAINING,JUSTICE AND HUMAN RIGHTS,PENDING IN THE COMMITTEE
Senate Bill No. 1258,17th Congress (July 2016 - 2019),https://ldr.senate.gov.ph/bills/senate-bill-no-1258-17th-congress-republic,THE ANTI-POLITICAL DYNASTY ACT OF 2016,AN ACT PROHIBITING THE ESTABLISHMENT OF POLITICAL DYNASTIES,"LEGARDA, LOREN B.","January 12, 2016",NATIONAL,POLITICAL DYNASTY/POLITICAL DYNASTIES ELECTIONS/ELECTORAL REFORMS,ELECTORAL REFORMS AND PEOPLES PARTICIPATION,CONSOLIDATED/SUBSTITUTED IN THE COMMITTEE REPORT
Senate Bill No. 992,17th Congress (July 2016 - 2019),https://ldr.senate.gov.ph/bills/senate-bill-no-992-17th-congress-republic,HUMAN TRAFFICKING PREVENTIVE EDUCATION PROGRAM ACT,AN ACT ESTABLISHING A HUMAN TRAFFICKING PREVENTION EDUCATION PROGRAM FOR THE YOUTH AND APPROPRIATING FUNDS THEREFOR,"GATCHALIAN, WIN","August 8, 2016",NATIONAL,HUMAN TRAFFICKING YOUTH,YOUTH,PENDING IN THE COMMITTEE
Senate Bill No. 1056,17th Congress (July 2016 - 2019),https://ldr.senate.gov.ph/bills/senate-bill-no-1056-17th-congress-republic,LAND ACQUISITION AND DISTRIBUTION (LAD),"AN ACT MANDATING THE COMPLETION OF THE LAND ACQUISITION AND DISTRIBUTION (LAD) COMPONENT OF THE COMPREHENSIVE AGRARIAN REFORM PROGRAM (CARP) PURSUANT TO REPUBLIC ACT NO. 6657, OTHERWISE KNOWN AS THE COMPREHENSIVE AGRARIAN REFORM LAW, AS AMENDED","HONTIVEROS, RISA","August 22, 2016",NATIONAL,COMPREHENSIVE AGRARIAN REFORM LAW (CARL) R.A.NO. 6657),AGRARIAN REFORM,PENDING IN THE COMMITTEE
Senate Bill No. 865,17th Congress (July 2016 - 2019),https://ldr.senate.gov.ph/bills/senate-bill-no-865-17th-congress-republic,IGLESIA NI CRISTO FOUNDING ANNIVERSARY,AN ACT DECLARING JULY 27 OF EVERY YEAR AS A SPECIAL NATIONAL NON- WORKING HOLIDAY IN COMMEMORATION OF THE FOUNDING ANNIVERSARY OF THE IGLESIA NI CRISTO IN THE PHILIPPINES,Ralph G. Recto,"July 21, 2016",NATIONAL,HOLIDAYS (SPECIAL NON-WORKING) IGLESIA NI CRISTO (INC),"EDUCATION, ARTS AND CULTURE",PENDING IN THE COMMITTEE
Senate Bill No. 928,17th Congress (July 2016 - 2019),https://ldr.senate.gov.ph/bills/senate-bill-no-928-17th-congress-republic,CYBERCRIME PREVENTION ACT OF 2012,"AN ACT DECRIMINALIZING LIBEL, REPEALING FOR THIS PURPOSE ARTICLES 353, 354, 355, 356, 357, 360, 361 AND 362 OF ACT NO. 3815, AS AMENDED; OTHERWISE KNOWN AS THE CYBERCRIME PREVENTION ACT OF 2012",Ralph G. Recto,"January 8, 2016",NATIONAL,CYBERCRIME REVISED PENAL CODE (R.A. NO. 3815) LIBEL,JUSTICE AND HUMAN RIGHTS,PENDING IN THE COMMITTEE
Senate Bill No. 546,17th Congress (July 2016 - 2019),https://ldr.senate.gov.ph/bills/senate-bill-no-546-17th-congress-republic,NATIONAL SCENIC BYWAYS PROGRAM OF 2016,"AN ACT RECOGNIZING NATIONAL SCENIC BYWAYS IN THE PHILIPPINES THEREBY CREATING A NATIONAL SCENIC BYWAYS PROGRAM, AND FOR OTHER PURPOSES",Antonio F. Trillanes IV,"July 19, 2016",NATIONAL,NATIONAL SCENIC BYWAYS,TOURISM,PENDING IN THE COMMITTEE
Senate Bill No. 894,17th Congress (July 2016 - 2019),https://ldr.senate.gov.ph/bills/senate-bill-no-894-17th-congress-republic,TEACHER'S HOUSING PROGRAM,AN ACT TO PROVIDE FOR A HOUSING PROGRAM FOR TEACHERS,"EJERCITO, JOSEPH VICTOR G.","July 26, 2016",NATIONAL,HOUSING PROJECTS TEACHERS,"URBAN PLANNING, HOUSING AND RESETTLEMENT",PENDING IN THE COMMITTEE
Senate Bill No. 338,17th Congress (July 2016 - 2019),https://ldr.senate.gov.ph/bills/senate-bill-no-338-17th-congress-republic,CNSP BIRTH REGISTRATION ACT OF 2016,AN ACT FURTHER STRENGTHENING THE SYSTEM OF BIRTH REGISTRATION OF CHILDREN IN NEED OF SPECIAL PROTECTION (CNSP) IN THE PHILIPPINES,"POE, GRACE","April 7, 2016",NATIONAL,CHILDREN WITH SPECIAL NEEDS BIRTH REGISTRATION,"WOMEN, CHILDREN, FAMILY RELATIONS AND GENDER EQUALITY",PENDING IN THE COMMITTEE
Senate Bill No. 958,17th Congress (July 2016 - 2019),https://ldr.senate.gov.ph/bills/senate-bill-no-958-17th-congress-republic,STRENGTHENING THE COUNTRY'S GROSS INTERNATIONAL RESERVES (GIR),"AN ACT TO STRENGTHEN THE COUNTRY'S GROSS INTERNATIONAL RESERVES (GIR), AMENDING FOR THE PURPOSE SECTIONS 32 AND 151 OF THE NATIONAL INTERNAL REVENUE CODE, AS AMENDED, AND FOR OTHER PURPOSES","ANGARA, SONNY","January 8, 2016",NATIONAL,NATIONAL INTERNAL REVENUE CODE (NIRC) GOLD PEOPLES SMALL SCALE MINING ACT (R.A.NO. 7076),WAYS AND MEANS,CONSOLIDATED/SUBSTITUTED IN THE COMMITTEE REPORT
Senate Bill No. 656,17th Congress (July 2016 - 2019),https://ldr.senate.gov.ph/bills/senate-bill-no-656-17th-congress-republic,MARITIME PASSENGER SAFETY ACT,"AN ACT MANDATING SHIPOWNERS, SHIP CREW, AND CONCERNED GOVERNMENT AGENCIES TO PROVIDE FOR AND ENSURE THE SAFETY OF PASSENGERS AT SEA, PROVIDING PENALTIES FOR VIOLATIONS THEREOF, AND FOR OTHER PURPOSES","Paolo Benigno ""Bam"" Aquino IV","July 20, 2016",NATIONAL,MARITIME SAFETY,PUBLIC SERVICES,PENDING IN THE COMMITTEE
Senate Bill No. 719,17th Congress (July 2016 - 2019),https://ldr.senate.gov.ph/bills/senate-bill-no-719-17th-congress-republic,NATIONAL SUSTAINABLE SANITATION ACT OF 2016,AN ACT STRENGTHENING THE SUSTAINABLE SANITATION PROGRAM BY REORGANIZING THE SANITATION UNIT OF THE DEPARTMENT OF HEALTH AND PROVIDING FUNDS THEREFOR,"VILLAR, CYNTHIA A.","July 20, 2016",NATIONAL,SANITATION DEPARTMENT OF HEALTH (DOH) REORGANIZATION,HEALTH AND DEMOGRAPHY,PENDING IN THE COMMITTEE
Senate Bill No. 415,17th Congress (July 2016 - 2019),https://ldr.senate.gov.ph/bills/senate-bill-no-415-17th-congress-republic,PHILIPPINE MENTAL HEALTH ACT,"AN ACT PROMOTING MENTAL HEALTH, PROMULGATING A NATIONAL MENTAL HEALTH POLICY TOWARDS THE ENHANCEMENT OF INTEGRATED MENTAL HEALTH SERVICES, PROTECTION OF PERSONS UTILIZING MENTAL HEALTH SERVICES, AND ESTABLISHMENT OF A PHILIPPINE MENTAL HEALTH COUNCIL","LEGARDA, LOREN B.","July 19, 2016",NATIONAL,PHILIPPINE MENTAL HEALTH COUNCIL,HEALTH AND DEMOGRAPHY,CONSOLIDATED/SUBSTITUTED IN THE COMMITTEE REPORT
Senate Bill No. 1032,17th Congress (July 2016 - 2019),https://ldr.senate.gov.ph/bills/senate-bill-no-1032-17th-congress-republic,BEVERAGE CONTAINER DISPOSAL ACT,AN ACT REQUIRING THE IMPLEMENTATION BY BRAND OWNERS OF MANAGEMENT PLANS THAT PROVIDE REFUND VALUES FOR CERTAIN BEVERAGE CONTAINERS,"VILLANUEVA, JOEL","August 16, 2016",NATIONAL,BEVERAGES,"TRADE, COMMERCE AND ENTREPRENEURSHIP",PENDING IN THE COMMITTEE
Senate Bill No. 480,17th Congress (July 2016 - 2019),https://ldr.senate.gov.ph/bills/senate-bill-no-480-17th-congress-republic,AUTOMATIC PROMOTION OF GOVERNMENT OFFICIALS AND EMPLOYEES UPON RETIREMENT,AN ACT PROVIDING AUTOMATIC PROMOTION OF GOVERNMENT OFFICIALS AND EMPLOYEES UPON RETIREMENT FROM GOVERNMENT SERVICE AND FOR OTHER PURPOSES,Antonio F. Trillanes IV,"July 19, 2016",NATIONAL,GOVERNMENT OFFICIAL/PUBLIC OFFICIAL RETIREMENT (AUTOMATIC PROMOTION UPON RETIREMENT),"CIVIL SERVICE, GOVERNMENT REORGANIZATION AND PROFESSIONAL REGULATION",PENDING IN THE COMMITTEE
Senate Bill No. 1110,17th Congress (July 2016 - 2019),https://ldr.senate.gov.ph/bills/senate-bill-no-1110-17th-congress-republic,"AMENDING SEC. 8 OF PD NO. 910, S. 1976 (ENERGY DEVELOPMENT BOARD)","AN ACT AMENDING SECTION 8 OF PRESIDENTIAL DECREE NO. 910, S. 1976 (CREATING AN ENERGY DEVELOPMENT BOARD, DEFINING ITS POWERS AND FUNCTIONS, PROVIDING FUNDS, THEREFOR, AND FOR OTHER PURPOSES","PIMENTEL, AQUILINO ""KOKO"" III","August 30, 2016",NATIONAL,ENERGY DEVELOPMENT BOARD,ENERGY,PENDING IN THE COMMITTEE
Senate Bill No. 165,17th Congress (July 2016 - 2019),https://ldr.senate.gov.ph/bills/senate-bill-no-165-17th-congress-republic,PHILIPPINE INDEPENDENT FILM INCENTIVES ACT OF 2016,AN ACT SUPPORTING THE PRODUCTION OF PHILIPPINE INDEPENDENT FILMS BY PROVIDING INCENTIVES TO FILMMAKERS WHO ARE GIVEN HONORS IN NOTABLE INTERNATIONAL FILM COMPETITIONS,"POE, GRACE","June 30, 2016",NATIONAL,FILM/MOVIE INDUSTRY,PUBLIC INFORMATION AND MASS MEDIA,PENDING IN THE COMMITTEE
Senate Bill No. 790,17th Congress (July 2016 - 2019),https://ldr.senate.gov.ph/bills/senate-bill-no-790-17th-congress-republic,NATIONAL CAREER ASSESSMENT EXAMINATION ACT,"AN ACT CREATING A NATIONAL CAREER ASSESSMENT EXAMINATION TO INSTITUTIONALIZE A CAREER DIRECTION PROGRAM FOR SECONDARY GRADUATES, DEFINING ITS SCOPE AND FUNCTIONS AND FOR OTHER PURPOSES","ESCUDERO, FRANCIS G.","July 21, 2016",NATIONAL,NATIONAL CAREER ASSESSMENT EXAMINATION Secondary Education,"EDUCATION, ARTS AND CULTURE",CONSOLIDATED/SUBSTITUTED IN THE COMMITTEE REPORT
Senate Bill No. 230,17th Congress (July 2016 - 2019),https://ldr.senate.gov.ph/bills/senate-bill-no-230-17th-congress-republic,THE ANTI-POLITICAL DYNASTY ACT,AN ACT PROHIBITING THE ESTABLISHMENT OF POLITICAL DYNASTIES,Franklin M. Drilon,"April 7, 2016",NATIONAL,POLITICAL DYNASTY/POLITICAL DYNASTIES,ELECTORAL REFORMS AND PEOPLES PARTICIPATION,CONSOLIDATED/SUBSTITUTED IN THE COMMITTEE REPORT
Senate Bill No. 853,17th Congress (July 2016 - 2019),https://ldr.senate.gov.ph/bills/senate-bill-no-853-17th-congress-republic,DOWNSTREAM OIL DEREGULATION ACT,"AN ACT TO PROMOTE FAIR TRADE IN THE OIL INDUSTRY AND FOR OTHER PURPOSES, AMENDING REPUBLIC ACT NO. 8479, OTHERWISE KNOWN AS THE DOWNSTREAM OIL DEREGULATION ACT OF 1998",Ralph G. Recto,"July 21, 2016",NATIONAL,DOWNSTREAM OIL INDUSTRY DEREGULATION ACT (R.A.NO. 8479) Petroleum products,ENERGY,PENDING IN THE COMMITTEE
Senate Bill No. 1121,17th Congress (July 2016 - 2019),https://ldr.senate.gov.ph/bills/senate-bill-no-1121-17th-congress-republic,PASO DE BLAS NATIONAL HGH SCHOOL,AN ACT ESTABLISHING A NATIONAL HIGH SCHOOL IN BARANGAY PASO DE BLAS CITY OF VALENZUELA TO BE KNOWN AS PASO DE BLAS NATIONAL HIGH SCHOOL AND APPROPRIATING FUNDS THEREFOR,"GATCHALIAN, WIN","May 9, 2016",LOCAL,"SCHOOLS, ESTABLISHMENT",RULES,PENDING IN THE COMMITTEE
Senate Bill No. 552,17th Congress (July 2016 - 2019),https://ldr.senate.gov.ph/bills/senate-bill-no-552-17th-congress-republic,TRAVEL AGENTS ACT OF 2016,AN ACT DEFINING AND REGULATING THE TRAVEL AGENTS PROFESSION,Antonio F. Trillanes IV,"July 19, 2016",NATIONAL,TRAVEL AGENTS,TOURISM,PENDING IN THE COMMITTEE
Senate Bill No. 1186,17th Congress (July 2016 - 2019),https://ldr.senate.gov.ph/bills/senate-bill-no-1186-17th-congress-republic,FOOD FOREST GARDENING ACT,"AN ACT PROMOTING FOOD FOREST GARDENING, PROVIDING FUNDS THEREFOR, AND FOR OTHER PURPOSES","LEGARDA, LOREN B.","April 10, 2016",NATIONAL,FOOD FOREST GARDENING,AGRICULTURE AND FOOD,PENDING IN THE COMMITTEE
Senate Bill No. 614,17th Congress (July 2016 - 2019),https://ldr.senate.gov.ph/bills/senate-bill-no-614-17th-congress-republic,BREAST AND CERVICAL CANCER PROTECTION ACT,"AN ACT REQUIRING THE PHILIPPINE HEALTH INSURANCE CORPORATION TO PROVIDE COVERAGE FOR THE DIAGNOSTIC SERVICES FOR BREAST AND CERVICAL CANCER, PROVIDING FUNDS THEREFOR, AND FOR OTHER PURPOSES",Antonio F. Trillanes IV,"July 19, 2016",NATIONAL,PHILIPPINE HEALTH INSURANCE CORPORATION (PHILHEALTH/PHIC) CERVICAL CANCER CANCER,HEALTH AND DEMOGRAPHY,CONSOLIDATED/SUBSTITUTED IN THE COMMITTEE REPORT
Senate Bill No. 863,17th Congress (July 2016 - 2019),https://ldr.senate.gov.ph/bills/senate-bill-no-863-17th-congress-republic,AIR PASSENGER BILL OF RIGHTS ACT,"AN ACT PROVIDING FOR A BILL OF RIGHTS FOR AIR PASSENGERS, PENALIZING VIOLATIONS THEREOF, AND FOR OTHER PURPOSES",Ralph G. Recto,"July 21, 2016",NATIONAL,AIRLINE PASSENGERS BILL OF RIGHTS BILL OF RIGHTS,PUBLIC SERVICES,PENDING IN THE COMMITTEE
Senate Bill No. 926,17th Congress (July 2016 - 2019),https://ldr.senate.gov.ph/bills/senate-bill-no-926-17th-congress-republic,ESTABLISHING LGBT HELP AND PROTECTION DESKS IN ALL PNP STATIONS,"AN ACT ESTABLISHING LESBIAN, GAY, BISEXUAL, AND TRANSGENDER (LGBT) HELP AND PROTECTION DESKS IN ALL PHILIPPINE NATIONAL POLICE STATIONS NATIONWIDE, AMENDING FOR THE PURPOSE TITLE VII OF REPUBLIC ACT NUMBER 8551, AS AMENDED, OTHERWISE KNOWN AS THE PHILIPPINE NATIONAL POLICE REFORM AND REORGANIZATION ACT OF 1998, AND FOR OTHER PURPOSES",Ralph G. Recto,"January 8, 2016",NATIONAL,PHILIPPINE NATIONAL POLICE (PNP) GENDER EDUCATION,PUBLIC ORDER AND DANGEROUS DRUGS,PENDING IN THE COMMITTEE
Senate Bill No. 56,17th Congress (July 2016 - 2019),https://ldr.senate.gov.ph/bills/senate-bill-no-56-17th-congress-republic,EXPANDED MATERNITY LEAVE LAW OF 2016,"AN ACT INCREASING THE MATERNITY LEAVE PERIOD TO ONE HUNDRED FIFTY (150) DAYS OF FEMALE EMPLOYEES IN THE GOVERNMENT SERVICE AND IN THE PRIVATE SECTOR, AND GRANTING AN OPTION TO FURTHER EXTEND SAID PERIOD FOR AN ADDITIONAL THIRTY (30) DAYS WITHOUT PAY, AMENDING FOR THE PURPOSE REPUBLIC ACT NO. 1161, AS AMENDED, AND FOR OTHER PURPOSES","PANGILINAN, FRANCIS ""KIKO"" N.","June 30, 2016",NATIONAL,Maternity Leave WOMEN,"WOMEN, CHILDREN, FAMILY RELATIONS AND GENDER EQUALITY",CONSOLIDATED/SUBSTITUTED IN THE COMMITTEE REPORT
Senate Bill No. 624,17th Congress (July 2016 - 2019),https://ldr.senate.gov.ph/bills/senate-bill-no-624-17th-congress-republic,USE OF THE SPECIAL FUND TO FINANCE ENERGY-RELATED EXPENSES OF THE AFP,AN ACT AMENDING SECTION 8 OF PRESIDENTIAL DECREE NO. 910 TO ALLOW THE FINANCING OF ENERGY-RELATED EXPENSES OF THE ARMED FORCES OF THE PHILIPPINES IN THE USE OF THE SPECIAL FUND,Antonio F. Trillanes IV,"July 19, 2016",NATIONAL,ARMED FORCES OF THE PHILIPPINES (AFP) PRESIDENTIAL DECREE (P.D.NO. 910),NATIONAL DEFENSE AND SECURITY,PENDING IN THE COMMITTEE
Senate Bill No. 122,17th Congress (July 2016 - 2019),https://ldr.senate.gov.ph/bills/senate-bill-no-122-17th-congress-republic,FREE IRRIGATION SERVICES ACT OF 2016,"AN ACT ABOLISHING IRRIGATION SERVICE FEES AND SUCH OTHER SIMILAR OR RELATED FEES FROM BENEFICIARIES OR IRRIGATION SYSTEMS FUNDED AND CONSTRUCTED BY, OR UNDER THE ADMINISTRATION OF THE NATIONAL IRRIGATION ADMINISTRATION, AMENDING FOR THE PURPOSE CERTAIN SECTIONS OF REPUBLIC ACT NO. 3601, PRESIDENTIAL DECREE NO. 552 AND PRESIDENTIAL DECREE NO. 1702","ZUBIRI, JUAN MIGUEL ""MIGZ"" F.","June 30, 2016",NATIONAL,IRRIGATION FARMERS NATIONAL IRRIGATION ADMINISTRATION,AGRICULTURE AND FOOD,CONSOLIDATED/SUBSTITUTED IN THE COMMITTEE REPORT
Senate Bill No. 686,17th Congress (July 2016 - 2019),https://ldr.senate.gov.ph/bills/senate-bill-no-686-17th-congress-republic,YOUTH PARTICIPATION IN DISASTER RISK REDUCTION AND MANAGEMENT ACT,"AN ACT INCLUDING RESPONSIVE, EMPOWERED AND SERVICE-CENTERED YOUTH IN THE DISASTER RISK REDUCTION AND MANAGEMENT COUNCIL IN ALL LEVELS, AMENDING FOR THE PURPOSE REPUBLIC ACT NO. 10121, OTHERWISE KNOWN AS THE PHILIPPINE DISASTER RISK REDUCTION AND MANAGMENT ACT OF 2010","Paolo Benigno ""Bam"" Aquino IV","July 20, 2016",NATIONAL,YOUTH PHILIPPINE DISASTER RISK REDUCTION AND MANAGEMENT ACT OF 2010 (R.A.NO. 10121),YOUTH,PENDING IN THE COMMITTEE
Senate Bill No. 317,17th Congress (July 2016 - 2019),https://ldr.senate.gov.ph/bills/senate-bill-no-317-17th-congress-republic,REDUCING THE CORPORATE INCOME TAX RATE,"AN ACT REDUCING THE CORPORATE INCOME TAX RATE, AMENDING SECTION 27 AND 28 OF THE NATIONAL INTERNAL REVENUE CODE OF 1997, AS AMENDED, AND FOR OTHER PURPOSES","ANGARA, SONNY","April 7, 2016",NATIONAL,TAXES (CORPORATE INCOME TAX RATE) NATIONAL INTERNAL REVENUE CODE (NIRC),WAYS AND MEANS,PENDING IN THE COMMITTEE
Senate Bill No. 937,17th Congress (July 2016 - 2019),https://ldr.senate.gov.ph/bills/senate-bill-no-937-17th-congress-republic,"DEPARTMENT OF OCEAN, FISHERIES AND AQUATIC RESOURCES ACT","AN ACT CREATING A DEPARTMENT OF OCEAN, FISHERIES AND AQUATIC RESOURCES, PROVIDING FOR ITS POWERS AND FUNCTIONS, APPROPRIATING FUNDS THEREFOR AND FOR OTHER PURPOSES","HONTIVEROS, RISA","January 8, 2016",NATIONAL,"DEPARTMENT OF OCEAN, FISHERIES AND AQUATIC RESOURCES",AGRICULTURE AND FOOD,PENDING IN THE COMMITTEE
Senate Bill No. 635,17th Congress (July 2016 - 2019),https://ldr.senate.gov.ph/bills/senate-bill-no-635-17th-congress-republic,BARANGAY DEVELOPMENT ACT OF 2016,"AN ACT PROVIDING FOR A TWENTY (20) YEAR BARANGAY DEVELOPMENT PROGRAM, APPROPRIATING FUNDS THEREFOR AND FOR OTHER PURPOSES",Antonio F. Trillanes IV,"July 20, 2016",NATIONAL,BARANGAY DEVELOPMENT PROGRAM,LOCAL GOVERNMENT,PENDING IN THE COMMITTEE
Senate Bill No. 1276,17th Congress (July 2016 - 2019),https://ldr.senate.gov.ph/bills/senate-bill-no-1276-17th-congress-republic,EXPANDED MATERNITY LEAVE ACT,"AN ACT INCREASING THE MATERNITY LEAVE PERIOD TO NINETY EIGHT (98) DAYS FOR FEMALE WORKERS IN THE GOVERNMENT SERVICE AND IN THE PRIVATE SECTOR, AND GRANTING AN OPTION TO FURTHER EXTEND SAID PERIOD FOR AN ADDITIONAL THIRTY (30) DAYS WITHOUT PAY, AMENDING FOR THE PURPOSE REPUBLIC ACT NO. 1161, AS AMENDED, AND FOR OTHER PURPOSES","ANGARA, SONNY","December 12, 2016",NATIONAL,Maternity Leave LEAVE OF ABSENCE,"WOMEN, CHILDREN, FAMILY RELATIONS AND GENDER EQUALITY",CONSOLIDATED/SUBSTITUTED IN THE COMMITTEE REPORT
Senate Bill No. 697,17th Congress (July 2016 - 2019),https://ldr.senate.gov.ph/bills/senate-bill-no-697-17th-congress-republic,ADJUSTING THE LEVEL OF NET TAXABLE INCOME AND NOMINAL TAX RATES,"AN ACT ADJUSTING THE LEVEL OF NET TAXABLE INCOME AND NOMINAL TAX RATES FOR PURPOSES OF PROMOTING THE INDIVIDUAL INCOME TAX, AMENDING SECTION 24 (A) (2) OF THE NATIONAL INTERNAL REVENUE CODE OF 1997, AS AMENDED, AND FOR OTHER PURPOSES","Paolo Benigno ""Bam"" Aquino IV","July 20, 2016",NATIONAL,TAXES (INDIVIDUAL INCOME TAX) NATIONAL INTERNAL REVENUE CODE (NIRC),WAYS AND MEANS,CONSOLIDATED/SUBSTITUTED IN THE COMMITTEE REPORT
Senate Bill No. 393,17th Congress (July 2016 - 2019),https://ldr.senate.gov.ph/bills/senate-bill-no-393-17th-congress-republic,PHILIPPINE HIV AND AIDS ACT,"AN ACT STRENGTHENING THE PHILIPPINE COMPREHENSIVE POLICY ON HIV AND AIDS PREVENTION, TREATMENT, CARE, AND SUPPORT, REPEALING FOR THE PURPOSE REPUBLIC ACT NO. 8504, OTHERWISE KNOWN AS THE PHILIPPINE AIDS PREVENTION AND CONTROL ACT OF 1998, AND APPROPRIATING FUNDS THEREFOR","LEGARDA, LOREN B.","July 18, 2016",NATIONAL,ACQUIRED IMMUNE DEFICIENCY SYNDROME (AIDS) HUMAN IMMUNO DEFICIENCY VIRUS (HIV),HEALTH AND DEMOGRAPHY,CONSOLIDATED/SUBSTITUTED IN THE COMMITTEE REPORT
Senate Bill No. 1011,17th Congress (July 2016 - 2019),https://ldr.senate.gov.ph/bills/senate-bill-no-1011-17th-congress-republic,CORPORATION CODE OF THE PHILIPPINES,AN ACT AMENDING BATAS PAMBANSA BLG. 68 OR THE CORPORATION CODE OF THE PHILIPPINES,"ANGARA, SONNY","September 8, 2016",NATIONAL,CORPORATION CODE,CONSTITUTIONAL AMENDMENTS AND REVISION OF CODES,CONSOLIDATED/SUBSTITUTED IN THE COMMITTEE REPORT
Senate Bill No. 459,17th Congress (July 2016 - 2019),https://ldr.senate.gov.ph/bills/senate-bill-no-459-17th-congress-republic,GOVERNMENT PROCUREMENT REFORM ACT,"AN ACT ENHANCING THE TRANSPARENCY OF THE PROCUREMENT PROCESS BY MANDATING THE VIDEO RECORDING OF ALL PROCUREMENT-RELATED CONFERENCES, THEREBY AMENDING REPUBLIC ACT NUMBERED 9184, OTHERWISE KNOWN AS THE",Antonio F. Trillanes IV,"July 19, 2016",NATIONAL,Government procurement,FINANCE,PENDING IN THE COMMITTEE
Senate Bill No. 1075,17th Congress (July 2016 - 2019),https://ldr.senate.gov.ph/bills/senate-bill-no-1075-17th-congress-republic,THE VACCINATION AND IMMUNIZATION ACT OF 2016,"AN ACT ESTABLISHING A COMPREHENSIVE VACCINATION AND IMMUNIZATION PROGRAM FOR FILIPINO INFANTS AND CHILDREN, PROVIDING FUNDS THEREFOR AND FOR OTHER PURPOSES","EJERCITO, JOSEPH VICTOR G.","August 25, 2016",NATIONAL,VACCINE,HEALTH AND DEMOGRAPHY,PENDING IN THE COMMITTEE
Senate Bill No. 769,17th Congress (July 2016 - 2019),https://ldr.senate.gov.ph/bills/senate-bill-no-769-17th-congress-republic,INCREASING THE ESTATE TAX EXEMPTION,"AN ACT INCREASING THE ESTATE TAX EXEMPTION, AMENDING FOR THE PURPOSE SECTION 84, CHAPTER 1, ESTATE TAX, TITLE III OF THE NATIONAL INTERNAL REVENUE CODE OF 1997, AS AMENDED","ESCUDERO, FRANCIS G.","July 21, 2016",NATIONAL,TAXES (ESTATE TAX) NATIONAL INTERNAL REVENUE CODE (NIRC),WAYS AND MEANS,CONSOLIDATED/SUBSTITUTED IN THE COMMITTEE REPORT
Senate Bill No. 832,17th Congress (July 2016 - 2019),https://ldr.senate.gov.ph/bills/senate-bill-no-832-17th-congress-republic,EXCLUDING THE PERFORMANCE-BASED BONUS FROM COMPUTATION OF TAXABLE INCOME,"AN ACT EXCLUDING THE PERFORMANCE-BASED BONUS FROM THE COMPUTATION OF TAXABLE INCOME AMENDING FOR THE PURPOSE SECTION 32 (B) (7) OF REPUBLIC ACT NO. 8424, OTHERWISE KNOWN AS THE NATIONAL INTERNAL REVENUE CODE OF 1997, AS AMENDED",Ralph G. Recto,"July 21, 2016",NATIONAL,NATIONAL INTERNAL REVENUE CODE (NIRC) TAXES (INDIVIDUAL INCOME TAX),WAYS AND MEANS,PENDING IN THE COMMITTEE
Senate Bill No. 533,17th Congress (July 2016 - 2019),https://ldr.senate.gov.ph/bills/senate-bill-no-533-17th-congress-republic,GRADUATION LEGACY FOR THE ENVIRONMENT ACT OF 2016,"AN ACT REQUIRING ALL GRADUATING ELEMENTARY, HIGH SCHOOL AND COLLEGE STUDENTS TO PLANT ATLEAST TEN (10) TREES EACH AS A PREREQUISITE FOR GRADUATION AND FOR OTHER RELATED PURPOSES",Antonio F. Trillanes IV,"July 19, 2016",NATIONAL,TREE PLANTING LEGACY,"EDUCATION, ARTS AND CULTURE",PENDING IN THE COMMITTEE
Senate Bill No. 1164,17th Congress (July 2016 - 2019),https://ldr.senate.gov.ph/bills/senate-bill-no-1164-17th-congress-republic,PERMANENT APPOINTMENT TO ALL GOVERNMENT CASUAL/CONTRACTUAL EMPLOYEES WITH 3 YEARS CONTINUOUS SERVICE,AN ACT PROVIDING FOR A PERMANENT APPOINTMENT TO ALL CASUAL AND CONTRACTUAL EMPLOYEES OF THE GOVERNMENT WHO HAVE RENDERED THE PRESCRIBED YEARS OF SERVICE IN THE NATIONAL GOVERNMENT AGENCIES AND THE LOCAL GOVERNMENT UNITS AND FOR OTHER PURPOSES,"VILLANUEVA, JOEL","September 20, 2016",NATIONAL,CASUAL/CONTRACTUAL EMPLOYEES,"CIVIL SERVICE, GOVERNMENT REORGANIZATION AND PROFESSIONAL REGULATION",CONSOLIDATED/SUBSTITUTED IN THE COMMITTEE REPORT
Senate Bill No. 594,17th Congress (July 2016 - 2019),https://ldr.senate.gov.ph/bills/senate-bill-no-594-17th-congress-republic,ACADEMIC EXCELLENCE ACT OF 2016,AN ACT ESTABLISHING THE ACADEMIC EXCELLENCE FOUNDATION TO PROMOTE ACADEMIC EXCELLENCE IN PUBLIC AND PRIVATE SCHOOLS AND FOR OTHER PURPOSES,Antonio F. Trillanes IV,"July 19, 2016",NATIONAL,ACADEMIC EXCELLENCE SCHOOLS (PUBLIC AND PRIVATE),"EDUCATION, ARTS AND CULTURE",PENDING IN THE COMMITTEE
Senate Bill No. 1228,17th Congress (July 2016 - 2019),https://ldr.senate.gov.ph/bills/senate-bill-no-1228-17th-congress-republic,AMENDING SEC. 95 (B) OF PD NO. 856 (CODE ON SANITATION OF THE PHILIPPINES),AN ACT AMENDING SECTION 95 (B) OF PRESIDENTIAL DECREE NO. 856 OR THE CODE ON SANITATION OF THE PHILIPPINES,"POE, GRACE","October 27, 2016",NATIONAL,SANITATION,HEALTH AND DEMOGRAPHY,PENDING IN THE COMMITTEE
Senate Bill No. 285,17th Congress (July 2016 - 2019),https://ldr.senate.gov.ph/bills/senate-bill-no-285-17th-congress-republic,UNIFORMED PERSONNEL EDUCATIONAL ASSISTANCE AND BENEFITS ACT OF 2016,"AN ACT GRANTING EDUCATIONAL ASSITANCE AND BENEFITS TO THE DEPENDENTS OF ALL MEMBERS OF THE ARMED FORCES OF THE PHILIPPINES (AFP), PHILIPPINE NATIONAL POLICE (PNP), BUREAU OF FIRE PROTECTION (BFP) , BUREAU OF JAIL MANAGEMENT AND PENOLOGY (BJMP), NATIONAL BUREAU OF INVESTIGATION (NBI), PHILIPPINE DRUG ENFORCEMENT AGENCY (PDEA), PHILIPPINE COAST GUARD (PCG) AND BUREAU OF CORRECTIONS (BUCOR) WHO ARE KILLED OR PERMANENTLY INCAPACITATED WHILE IN THE PERFORMANCE OF THEIR DUTY OR BY REASON OF THEIR OFFICE OR POSITION",Antonio F. Trillanes IV,"April 7, 2016",NATIONAL,ARMED FORCES OF THE PHILIPPINES (AFP) BUREAU OF CORRECTIONS (BUCOR) BUREAU OF JAIL MANAGEMENT AND PENOLOGY BUREAU OF FIRE PROTECTION PHILIPPINE NATIONAL POLICE (PNP) PHILIPPINE COAST GUARD PHILIPPINE DRUG ENFORCEMENT AGENCY (PDEA) NATIONAL BUREAU OF INVESTIGATION (NBI),"CIVIL SERVICE, GOVERNMENT REORGANIZATION AND PROFESSIONAL REGULATION",CONSOLIDATED/SUBSTITUTED IN THE COMMITTEE REPORT
Senate Bill No. 905,17th Congress (July 2016 - 2019),https://ldr.senate.gov.ph/bills/senate-bill-no-905-17th-congress-republic,SHARKS AND RAYS CONSERVATION ACT,"AN ACT BANNING THE CATCHING, SALE, PURCHASE, POSSESSION, TRANSPORTATION, IMPORTATION, AND EXPORTATION OF ALL SHARKS AND RAYS OR ANY PART THEREOF IN THE COUNTRY","GATCHALIAN, WIN","July 28, 2016",NATIONAL,SHARKS/RAYS WILDLIFE,AGRICULTURE AND FOOD,PENDING IN THE COMMITTEE
Senate Bill No. 127,17th Congress (July 2016 - 2019),https://ldr.senate.gov.ph/bills/senate-bill-no-127-17th-congress-republic,PHILIPPINE RAILWAYS MODERNIZATION ACT OF 2016,"AN ACT RESTORING AND REHABILITATING THE EXISTING LINES OF THE PHILIPPINE NATIONAL RAILWAYS, EXTENDING FURTHER THE SOUTHERN LINE TO MATNOG, SORSOGON AND ESTABLISHING THE RAILWAY EXTENSION LINE FROM CALAMBA CITY TO BATANGAS CITY, AMENDING FOR THE PURPOSE REPUBLIC ACT NO. 4156 ENTITLED AN ACT CREATING THE PHILIPPINE NATIONAL RAILWAYS, PRESCRIBING ITS POWERS, FUNCTIONS AND DUTIES, AND PROVIDING FOR THE NECESSARY FUNDS FOR ITS OPERATION AS AMENDED BY R.A. NO. 6366, APPROPRIATING FUNDS THEREFOR, AND FOR OTHER PURPOSES","ZUBIRI, JUAN MIGUEL ""MIGZ"" F.","June 30, 2016",NATIONAL,PHILIPPINE NATIONAL RAILWAYS (PNR),GOVERNMENT CORPORATIONS AND PUBLIC ENTERPRISES,PENDING IN THE COMMITTEE
Senate Bill No. 797,17th Congress (July 2016 - 2019),https://ldr.senate.gov.ph/bills/senate-bill-no-797-17th-congress-republic,CONDONATION OF ALL UNPAID INCOME TAXES DUE FROM LOCAL WATER DISTRICTS,"AN ACT REMOVING THE CONDITIONS FOR THE CONDONATION OF ALL UNPAID INCOME TAXES DUE FROM LOCAL WATER DISTRICTS, AMENDING FOR THE PURPOSE SECTION 289-A OF THE NATIONAL INTERNAL REVENUE CODE, AS AMENDED",Ralph G. Recto,"July 21, 2016",NATIONAL,CONDONATION LOCAL WATER DISTRICTS NATIONAL INTERNAL REVENUE CODE (NIRC) TAXES/TAXATION,WAYS AND MEANS,PENDING IN THE COMMITTEE
Senate Bill No. 192,17th Congress (July 2016 - 2019),https://ldr.senate.gov.ph/bills/senate-bill-no-192-17th-congress-republic,HANDBOOK FOR OFWS ACT OF 2016,"AN ACT MANDATING THE PHILIPPINE OVERSEAS EMPLOYMENT ADMINISTRATION (POEA) TO PUBLISH, DISSEMINATE AND UPDATE A HANDBOOK ON THE RIGHTS AND RESPONSIBILITIES OF MIGRANT WORKERS, AMENDING FOR THE PURPOSE REPUBLIC ACT NO. 8042, OTHERWISE KNOWN AS THE MIGRANT WORKERS AND OVERSEAS FILIPINOS ACT OF 1995, AS AMENDED","PACQUIAO, EMMANUEL ""MANNY"" D.","June 30, 2016",NATIONAL,Philippine Overseas Employment Administration (POEA) MIGRANT WORKERS AND OVERSEAS FILIPINOS ACT OF 1995 (R.A.NO. 8042),"LABOR, EMPLOYMENT AND HUMAN RESOURCES DEVELOPMENT",APPROVED BY THE PRESIDENT OF THE PHILIPPINES
Senate Bill No. 1128,17th Congress (July 2016 - 2019),https://ldr.senate.gov.ph/bills/senate-bill-no-1128-17th-congress-republic,MOTORCYCLE CRIME PREVENTION ACT OF 2016,"AN ACT PENALIZING AND PREVENTING THE USE OF MOTORCYCLES OR SCOOTERS IN THE COMMISSION OF CRIMES THROUGH THE USE OF BIGGER PLATE NUMBERS AND IDENTIFICATION MARKS, REGULATION OF BACKRIDERS AND FOR OTHER PURPOSES","GORDON, RICHARD J.","July 9, 2016",NATIONAL,MOTORCYCLE,JUSTICE AND HUMAN RIGHTS,CONSOLIDATED/SUBSTITUTED IN THE COMMITTEE REPORT
Senate Bill No. 1192,17th Congress (July 2016 - 2019),https://ldr.senate.gov.ph/bills/senate-bill-no-1192-17th-congress-republic,THE VETERANS MEMORIAL MEDICAL CENTER CHARTER OF 2016,AN ACT TO GIVE JURIDICAL PERSONALITY TO THE PRESENT VETERANS MEMORIAL MEDICAL CENTER (VMMC) AND FOR OTHER PURPOSES,"GORDON, RICHARD J.","June 10, 2016",NATIONAL,VETERANS MEMORIAL MEDICAL CENTER (VMMC),GOVERNMENT CORPORATIONS AND PUBLIC ENTERPRISES,PENDING IN THE COMMITTEE
Senate Bill No. 275,17th Congress (July 2016 - 2019),https://ldr.senate.gov.ph/bills/senate-bill-no-275-17th-congress-republic,CIVIL REGISTRATION ACT,AN ACT PROVIDING FOR A MORE RESPONSIVE CIVIL REGISTRATION SYSTEM,"ESCUDERO, FRANCIS G.","April 7, 2016",NATIONAL,CIVIL REGISTRATION SYSTEM,JUSTICE AND HUMAN RIGHTS,PENDING IN THE COMMITTEE
Senate Bill No. 339,17th Congress (July 2016 - 2019),https://ldr.senate.gov.ph/bills/senate-bill-no-339-17th-congress-republic,INSTITUTIONAL CAPACITY OF THE OFFICE OF THE OMBUDSMAN,"AN ACT STRENGTHENING THE INSTITUTIONAL CAPACITY OF THE OFFICE OF THE OMBUDSMAN BY AMENDING CERTAIN PROVISIONS OF REPUBLIC ACT 6770, OTHERWISE KNOWN AS THE OMBUDSMAN ACT OF 1989, AND PROVIDING FUNDS THEREFOR","POE, GRACE","April 7, 2016",NATIONAL,Wiretapping OMBUDSMAN,JUSTICE AND HUMAN RIGHTS,PENDING IN THE COMMITTEE
Senate Bill No. 869,17th Congress (July 2016 - 2019),https://ldr.senate.gov.ph/bills/senate-bill-no-869-17th-congress-republic,INTEGRATED URBAN AGRICULTURE ACT OF 2016,AN ACT PROMOTING URBAN FARMING TO ADDRESS FOOD SECURITY CONCERNS AND LIVELIHOOD OPPORTUNITIES AND APPROPRIATING FUNDS FOR THE PURPOSE,"POE, GRACE","July 26, 2016",NATIONAL,URBAN FARMING/CITY GARDEN FOOD SECURITY,AGRICULTURE AND FOOD,PENDING IN THE COMMITTEE
Senate Bill No. 933,17th Congress (July 2016 - 2019),https://ldr.senate.gov.ph/bills/senate-bill-no-933-17th-congress-republic,WATER REGULATORY COMMISSION ACT,"AN ACT RATIONALIZING THE ECONOMIC REGULATION OF WATER UTILITIES, CREATING THE WATER REGULATORY COMMISSION AND FOR OTHER PURPOSES",Ralph G. Recto,"January 8, 2016",NATIONAL,WATER REGULATORY COMMISSION,PUBLIC SERVICES,PENDING IN THE COMMITTEE
Senate Bill No. 95,17th Congress (July 2016 - 2019),https://ldr.senate.gov.ph/bills/senate-bill-no-95-17th-congress-republic,FILIPINO IDENTIFICATION SYSTEM ACT,"AN ACT ESTABLISHING THE FILIPINO IDENTIFICATION SYSTEM, AND APPROPRIATING FUNDS THEREFOR",Antonio F. Trillanes IV,"June 30, 2016",NATIONAL,IDENTIFICATION SYSTEM,JUSTICE AND HUMAN RIGHTS,CONSOLIDATED/SUBSTITUTED IN THE COMMITTEE REPORT
Senate Bill No. 631,17th Congress (July 2016 - 2019),https://ldr.senate.gov.ph/bills/senate-bill-no-631-17th-congress-republic,PHILIPPINE HIV AND AIDS ACT,"AN ACT STRENGTHENING THE PHILIPPINE COMPREHENSIVE POLICY ON HIV AND AIDS PREVENTION, TREATMENT, CARE, AND SUPPORT, REPEALING FOR THE PURPOSE REPUBLIC ACT NO. 8504, OTHERWISE KNOWN AS 'THE PHILIPPINE AIDS PREVENTION AND CONTROL ACT OF 1998', AND APPROPRIATING FUNDS THEREFOR",Antonio F. Trillanes IV,"July 19, 2016",NATIONAL,ACQUIRED IMMUNE DEFICIENCY SYNDROME (AIDS) HUMAN IMMUNO DEFICIENCY VIRUS (HIV),HEALTH AND DEMOGRAPHY,CONSOLIDATED/SUBSTITUTED IN THE COMMITTEE REPORT
Senate Bill No. 1273,17th Congress (July 2016 - 2019),https://ldr.senate.gov.ph/bills/senate-bill-no-1273-17th-congress-republic,GRANTING PHILIPPINE CITIZENSHIP TO BRUCE DONALD MCTAVISH,AN ACT GRANTING PHILIPPINE CITIZENSHIP TO BRUCE DONALD MCTAVISH,"GORDON, RICHARD J.","July 12, 2016",NATIONAL,CITIZENSHIP,JUSTICE AND HUMAN RIGHTS,CONSOLIDATED/SUBSTITUTED IN THE COMMITTEE REPORT
Senate Bill No. 693,17th Congress (July 2016 - 2019),https://ldr.senate.gov.ph/bills/senate-bill-no-693-17th-congress-republic,STUDENTS' RIGHTS AND WELFARE (STRAW) ACT,AN ACT PROVIDING A NATIONAL FRAMEWORK FOR STUDENTS' RIGHTS AND WELFARE,"Paolo Benigno ""Bam"" Aquino IV","July 20, 2016",NATIONAL,STUDENTS RIGHTS AND WELFARE,"EDUCATION, ARTS AND CULTURE",PENDING IN THE COMMITTEE
Senate Bill No. 1007,17th Congress (July 2016 - 2019),https://ldr.senate.gov.ph/bills/senate-bill-no-1007-17th-congress-republic,CONSTRUCTION WORKERS INSURANCE ACT,AN ACT MANDATING AN ACCIDENT AND LIFE INSURANCE COVERAGE FOR CONSTRUCTION WORKERS,"GATCHALIAN, WIN","August 8, 2016",NATIONAL,CONSTRUCTION INDUSTRY INSURANCE,"LABOR, EMPLOYMENT AND HUMAN RESOURCES DEVELOPMENT",PENDING IN THE COMMITTEE
Senate Bill No. 1071,17th Congress (July 2016 - 2019),https://ldr.senate.gov.ph/bills/senate-bill-no-1071-17th-congress-republic,MERCURY HEALTH ADVISORY ACT,"AN ACT PROVIDING THE PUBLIC WITH ADEQUATE NOTICE AND EDUCATION ON THE EFFECTS OF EXPOSURE TO MERCURY THROUGH THE DEVELOPMENT OF HEALTH ADVISORIES AND BY REQUIRING THAT SUCH APPROPRIATE ADVISORIES BE POSTED, OR MADE READILY AVAILABLE, AT ALL BUSINESSES THAT SELL FRESH, FROZEN, AND CANNED FISH AND SEAFOOD WHERE THE POTENTIAL FOR MERCURY EXPOSURE EXISTS","EJERCITO, JOSEPH VICTOR G.","August 25, 2016",NATIONAL,MERCURY HEALTH ADVISORY,HEALTH AND DEMOGRAPHY,PENDING IN THE COMMITTEE
Senate Bill No. 765,17th Congress (July 2016 - 2019),https://ldr.senate.gov.ph/bills/senate-bill-no-765-17th-congress-republic,DOWNSTREAM NATURAL GAS INDUSTRY DEVELOPMENT ACT,"AN ACT ORDAINING THE DEVELOPMENT OF THE DOWNSTREAM NATURAL GAS INDUSTRY, CONSOLIDATING FOR THE PURPOSE ALL LAWS RELATING TO THE TRANSMISSION, DISTRIBUTION AND SUPPLY OF NATURAL GAS AND FOR OTHER PURPOSES","ESCUDERO, FRANCIS G.","July 21, 2016",NATIONAL,DOWNSTREAM NATURAL GAS INDUSTRY,ENERGY,PENDING IN THE COMMITTEE
Senate Bill No. 828,17th Congress (July 2016 - 2019),https://ldr.senate.gov.ph/bills/senate-bill-no-828-17th-congress-republic,ALIS TB ACT OF 2016,"AN ACT PROMOTING THE TREATMENT AND ERADICATION OF TUBERCULOSIS, AMENDING FOR THE PURPOSE SECTION 12 OF REPUBLIC ACT NO. 7875, AS AMENDED BY REPUBLIC ACT NO. 10606, OTHERWISE KNOWN AS AN ACT INSTITUTING A NATIONAL HEALTH INSURANCE PROGRAM FOR ALL FILIPINOS AND ESTABLISHING THE PHILIPPINE HEALTH INSURANCE CORPORATION FOR THE PURPOSE",Ralph G. Recto,"July 21, 2016",NATIONAL,TUBERCULOSIS NATIONAL HEALTH INSURANCE PHILIPPINE HEALTH INSURANCE CORPORATION (PHILHEALTH/PHIC),HEALTH AND DEMOGRAPHY,PENDING IN THE COMMITTEE
Senate Bill No. 1018,17th Congress (July 2016 - 2019),https://ldr.senate.gov.ph/bills/senate-bill-no-1018-17th-congress-republic,"WHISTLEBLOWER PROTECTION, SECURITY AND BENEFIT ACT OF 2016","AN ACT PROVIDING FOR THE PROTECTION, SECURITY AND BENEFITS OF THE WHISTLEBLOWERS, APPROPRIATING FUNDS THEREFORE AND FOR OTHER PURPOSES","VILLANUEVA, JOEL","August 15, 2016",NATIONAL,WHISTLEBLOWERS,JUSTICE AND HUMAN RIGHTS,PENDING IN THE COMMITTEE
Senate Bill No. 1082,17th Congress (July 2016 - 2019),https://ldr.senate.gov.ph/bills/senate-bill-no-1082-17th-congress-republic,OPM RADIO AIRPLAY ACT OF 2016,AN ACT REQUIRING RADIO STATIONS TO BROADCAST A MINIMUM OF THREE ORIGINAL FILIPINO MUSIC COMPOSITIONS EVERY HOUR AND FOR OTHER PURPOSES,"EJERCITO, JOSEPH VICTOR G.","August 25, 2016",NATIONAL,ORIGINAL PILIPINO MUSIC MUSIC INDUSTRY,PUBLIC INFORMATION AND MASS MEDIA,PENDING IN THE COMMITTEE
Senate Bill No. 776,17th Congress (July 2016 - 2019),https://ldr.senate.gov.ph/bills/senate-bill-no-776-17th-congress-republic,"GOVERNMENT PROJECTS NAMED AFTER GOVERNMENT OFFICIALS, UNLAWFUL",AN ACT DECLARING AS UNLAWFUL ANY GOVERNMENT PROJECTS TO BE NAMED OR IDENTIFIED AFTER GOVERNMENT OFFICIALS AND OTHER PERSONS WHOSE NAME OR IDENTITY MAY IN ANY MANNER BE ASSOCIATED WITH SAID OFFICIALS,"ESCUDERO, FRANCIS G.","July 21, 2016",NATIONAL,Government projects GOVERNMENT OFFICIAL/PUBLIC OFFICIAL,"CIVIL SERVICE, GOVERNMENT REORGANIZATION AND PROFESSIONAL REGULATION",PENDING IN THE COMMITTEE
Senate Bill No. 171,17th Congress (July 2016 - 2019),https://ldr.senate.gov.ph/bills/senate-bill-no-171-17th-congress-republic,OPEN ACCESS IN DATA TRANSMISSION ACT OF 2016,"AN ACT PROMOTING OPEN ACCESS IN DATA TRANSMISSION, PROVIDING ADDITIONAL POWERS TO THE NATIONAL TELECOMMUNICATIONS COMMISSION, AND FOR OTHER PURPOSES","Paolo Benigno ""Bam"" Aquino IV","June 30, 2016",NATIONAL,National Telecommunications Commission (NTC) OPEN ACCESS IN DATA TRANSMISSION,SCIENCE AND TECHNOLOGY,CONSOLIDATED/SUBSTITUTED IN THE COMMITTEE REPORT
Senate Bill No. 839,17th Congress (July 2016 - 2019),https://ldr.senate.gov.ph/bills/senate-bill-no-839-17th-congress-republic,EXEMPTING TOLLWAY OPERATIONS FROM THE VALUE ADDED TAX,"AN ACT EXEMPTING TOLLWAY OPERATIONS FROM THE VALUE ADDED TAX, AMENDING FOR THIS PURPOSE SECTIONS 108 AND 109 OF THE NATIONAL INTERNAL REVENUE CODE OF 1997, AS AMENDED",Ralph G. Recto,"July 21, 2016",NATIONAL,TOLLWAY TAXES (VALUE-ADDED TAX / VAT) NATIONAL INTERNAL REVENUE CODE (NIRC),WAYS AND MEANS,PENDING IN THE COMMITTEE
Senate Bill No. 236,17th Congress (July 2016 - 2019),https://ldr.senate.gov.ph/bills/senate-bill-no-236-17th-congress-republic,FIVE MILLION PESOS CONDONATION OF AGRICULTURAL LOANS,"AN ACT TO INCREASE TO FIVE MILLION PESOS THE APPROVING AUTHORITY OF THE COMMISSION ON AUDIT TO RESTRUCTURE OR CONDONE THE UNPAID INTERESTS, PENALTIES AND/OR SURCHARGES ON AGRICULTURAL LOANS OF FARMERS AND FISHERFOLKS",Gregorio B. Honasan II,"April 7, 2016",NATIONAL,COMMISSION ON AUDIT (COA) FARMERS CONDONATION,AGRICULTURE AND FOOD,PENDING IN THE COMMITTEE
Senate Bill No. 1171,17th Congress (July 2016 - 2019),https://ldr.senate.gov.ph/bills/senate-bill-no-1171-17th-congress-republic,EXPANDED CROP INSURANCE ACT OF 2016,"AN ACT TO PROVIDE COMPENSATION TO FARMERS WHO SUFFER FROM RECURRENT DISASTERS AND CALAMITIES, TO SUSTAIN AGRICULTURAL CREDIT AND FINANCING, AND TO ENSURE FOOD SECURITY, BY MAKING INSURANCE MANDATORY FOR PALAY AND OTHER ESSENTIAL CROPS, AMENDING FOR THE PURPOSE SECTION 4 OF PRESIDENTIAL DECREE NO. 1467, AS AMENDED BY REPUBLIC ACT NO. 8175, OR THE 'REVISED CHARTER OF THE PHILIPPINE CROP INSURANCE CORPORATION (PCIC) ACT OF 1995,' AND FOR OTHER PURPOSES","PANGILINAN, FRANCIS ""KIKO"" N.","September 26, 2016",NATIONAL,PHILIPPINE CROP INSURANCE CORPORATION FARMERS CALAMITY/DISASTER FOOD SECURITY RICE RESERVE,AGRICULTURE AND FOOD,PENDING IN THE COMMITTEE
Senate Bill No. 252,17th Congress (July 2016 - 2019),https://ldr.senate.gov.ph/bills/senate-bill-no-252-17th-congress-republic,PREPAID SUBSCRIBER IDENTITY MODULE (SIM) CARDS REGULATIONS ACT OF 2016,"AN ACT REGULATING THE SALE OF PREPAID SUBSCRIBER IDENTITY MODULE (SIM) CARDS, PROVIDING PENALTIES FOR VIOLATION THEREOF, AND FOR OTHER PURPOSES","LACSON, PANFILO M.","April 7, 2016",NATIONAL,SIM CARD REGISTRATION CELLULAR PHONES/CELL PHONES,PUBLIC SERVICES,PENDING IN THE COMMITTEE
Senate Bill No. 1235,17th Congress (July 2016 - 2019),https://ldr.senate.gov.ph/bills/senate-bill-no-1235-17th-congress-republic,"BANNING A NO PERMIT, NO EXAM POLICY ACT","AN ACT PROHIBITING A 'NO PERMIT, NO EXAM' POLICY OR ANY SUCH POLICY THAT PREVENTS STUDENTS OF ANY EDUCATIONAL INSTITUTION FROM TAKING THEIR EXAMINATIONS DUE TO UNPAID TUITION AND OTHER SCHOOL FEES","Paolo Benigno ""Bam"" Aquino IV","October 11, 2016",NATIONAL,TUITION FEES STUDENTS,"EDUCATION, ARTS AND CULTURE",PENDING IN THE COMMITTEE
Senate Bill No. 318,17th Congress (July 2016 - 2019),https://ldr.senate.gov.ph/bills/senate-bill-no-318-17th-congress-republic,LOCAL GOVERNMENT AGRICULTURE DEVELOPMENT ACT OF 2016,"AN ACT STRENGTHENING LOCAL GOVERNMENT PARTICIPATION IN AGRICULTURE DEVELOPMENT BY INSTITUTIONALIZING A TEN PERCENT (10) ALLOCATION FROM THEIR INTERNAL REVENUE ALLOTMENT FOR THE IMPLEMENTATION OF PROGRAMS, ACTIVITIES AND SERVICES FOR AGRICULTURE AND FISHERIES ADVANCEMENT AND AMENDING FOR THE PURPOSE SECTIONS 17, 106, 107, 110, 287, 443, 454, AND 482(A), 511 (A), OF REPUBLIC ACT 7160, OTHERWISE KNOWN AS THE LOCAL GOVERNMENT CODE AND FOR OTHER PURPOSES","VILLAR, CYNTHIA A.","April 7, 2016",NATIONAL,AGRICULTURAL DEVELOPMENT LOCAL GOVERNMENT CODE (R.A. NO. 7160) NATIONAL INTERNAL REVENUE CODE (NIRC),LOCAL GOVERNMENT,PENDING IN THE COMMITTEE
Senate Bill No. 10,17th Congress (July 2016 - 2019),https://ldr.senate.gov.ph/bills/senate-bill-no-10-17th-congress-republic,NATIONAL INTERNAL REVENUE CODE OF 1997,"AN ACT PROVIDING TAX RELIEF TO PUBLIC SCHOOL TEACHERS BY EXEMPTING THEM FROM INCOME TAXATION, AMENDING FOR THE PURPOSE SECTIONS 22 AND 24A OF THE NATIONAL INTERNAL REVENUE CODE OF 1997, AS AMENDED","SOTTO III, VICENTE C.","June 30, 2016",NATIONAL,NATIONAL INTERNAL REVENUE CODE (NIRC) TAX EXEMPTION TEACHERS,WAYS AND MEANS,PENDING IN THE COMMITTEE
Senate Bill No. 912,17th Congress (July 2016 - 2019),https://ldr.senate.gov.ph/bills/senate-bill-no-912-17th-congress-republic,ETHNIC ORIGIN ACT,AN ACT TO INCLUDE ETHNIC ORIGIN IN THE NATIONAL SURVEY CONDUCTED BY THE PHILIPPINE STATISTICS AUTHORITY,"LEGARDA, LOREN B.","July 28, 2016",NATIONAL,ETHNIC PHILIPPINE STATISTICS AUTHORITY,CULTURAL COMMUNITIES,PENDING IN THE COMMITTEE
Senate Bill No. 74,17th Congress (July 2016 - 2019),https://ldr.senate.gov.ph/bills/senate-bill-no-74-17th-congress-republic,MINDANAO PEACE AND DEVELOPMENT ACT OF 2016,"AN ACT PROVIDING FOR A COMPREHENSIVE MINDANAO PEACE AND DEVELOPMENT PLAN, SETTING THE GUIDELINES AND APPROPRIATING FUNDS THEREFOR, AND FOR OTHER PURPOSES","CAYETANO, ALAN PETER S.","June 30, 2016",NATIONAL,MINDANAO PEACE,ECONOMIC AFFAIRS,PENDING IN THE COMMITTEE
Senate Bill No. 976,17th Congress (July 2016 - 2019),https://ldr.senate.gov.ph/bills/senate-bill-no-976-17th-congress-republic,STRENGTHENING THE OFFICE OF THE SOLICITOR GENERAL,"AN ACT TO FURTHER STRENGTHEN THE OFFICE OF THE SOLICITOR GENERAL, AMENDING FOR THE PURPOSE REPUBLIC ACT NO. 9417 AND APPROPRIATING FUNDS THEREFOR","ANGARA, SONNY","March 8, 2016",NATIONAL,OFFICE OF THE SOLICITOR GENERAL,JUSTICE AND HUMAN RIGHTS,CONSOLIDATED/SUBSTITUTED IN THE COMMITTEE REPORT
Senate Bill No. 1252,17th Congress (July 2016 - 2019),https://ldr.senate.gov.ph/bills/senate-bill-no-1252-17th-congress-republic,ANTI-RAPE ACT OF 2016,"AN ACT STRENGTHENING REPUBLIC ACT NO. 8353, OTHERWISE KNOWN AS THE ANTI-RAPE ACT OF 1997","HONTIVEROS, RISA","November 22, 2016",NATIONAL,rape,"WOMEN, CHILDREN, FAMILY RELATIONS AND GENDER EQUALITY","PENDING SECOND READING, SPECIAL ORDER"
Senate Bill No. 986,17th Congress (July 2016 - 2019),https://ldr.senate.gov.ph/bills/senate-bill-no-986-17th-congress-republic,ABOLISHING THE ROAD BOARD AND TRANSFERRING ITS POWERS TO DEPT. OF TRANSPORTATION,"AN ACT ABOLISHING THE ROAD BOARD AND TRANSFERRING ITS POWERS AND FUNCTIONS TO THE DEPARTMENT OF PUBLIC WORKS AND HIGHWAYS TO THE DEPARTMENT OF TRANSPORTATION, AMENDING FOR THE PURPOSE REPUBLIC ACT NO. 8794, OTHERWISE KNOWN AS THE MOTOR VEHICLE USER'S CHARGE","GATCHALIAN, WIN","August 8, 2016",NATIONAL,Department of Public Works and Highways (DPWH) MOTOR VEHICLES USERS CHARGE (MVUC) (R.A. NO. 8794),PUBLIC WORKS,CONSOLIDATED/SUBSTITUTED IN THE COMMITTEE REPORT
Senate Bill No. 1050,17th Congress (July 2016 - 2019),https://ldr.senate.gov.ph/bills/senate-bill-no-1050-17th-congress-republic,FREE INTERNET IN PUBLIC SCHOOLS ACT,AN ACT ESTABLISHING THE INTERNET ACCESS PROGRAM IN ALL PUBLIC EDUCATIONAL INSTITUTIONS IN THE COUNTRY AND APPROPRIATING FUNDS THEREFOR,"Paolo Benigno ""Bam"" Aquino IV","August 22, 2016",NATIONAL,INTERNET SERVICE PROVIDERS educational institutions WI-FI INTERNET ACCESS,SCIENCE AND TECHNOLOGY,CONSOLIDATED/SUBSTITUTED IN THE COMMITTEE REPORT
Senate Bill No. 109,17th Congress (July 2016 - 2019),https://ldr.senate.gov.ph/bills/senate-bill-no-109-17th-congress-republic,EXTENDING THE VALIDITY OF PHILIPPINE PASSPORT TO 10 YEARS,"AN ACT AMENDING SECTION 10 OF REPUBLIC ACT 8239, OTHERWISE KNOWN AS THE PHILIPPINE PASSPORT ACT OF 1996 AND FOR OTHER PURPOSES","GORDON, RICHARD J.","June 30, 2016",NATIONAL,PASSPORT (R.A.NO. 8239),FOREIGN RELATIONS,CONSOLIDATED/SUBSTITUTED IN THE COMMITTEE REPORT
Senate Bill No. 602,17th Congress (July 2016 - 2019),https://ldr.senate.gov.ph/bills/senate-bill-no-602-17th-congress-republic,DOCUMENT AUTHENTICATION AND SECURITY ACT,"AN ACT REQUIRING ALL GOVERNMENT AGENCIES, INSTRUMENTALITIES, LOCAL GOVERNMENT UNITS, AND GOVERNMENT OWNED AND CONTROLLED CORPORATIONS (GOCC'S) AND PRIVATE ESTABLISHMENTS TO USE SECURITY WATER-MARKED PAPER IN ALL RECEIPTS AND INVOICES, PERMITS, LICENSES, CLEARANCES, OFFICIAL PAPERS OR DOCUMENTS",Antonio F. Trillanes IV,"July 19, 2016",NATIONAL,GOVERNMENT-OWNED AND-CONTROLLED CORPORATIONS (GOCC) GOVERNMENT AGENCIES LOCAL GOVERNMENT UNITS (LGUs),WAYS AND MEANS,PENDING IN THE COMMITTEE
Senate Bill No. 138,17th Congress (July 2016 - 2019),https://ldr.senate.gov.ph/bills/senate-bill-no-138-17th-congress-republic,MAGNA CARTA FOR THE PHILIPPINE NATIONAL POLICE UNIFORMED AND NON-UNIFORMED PERSONNEL,AN ACT PROVIDING FOR A MAGNA CARTA FOR THE PHILIPPINE NATIONAL POLICE,"ANGARA, SONNY","June 30, 2016",NATIONAL,PHILIPPINE NATIONAL POLICE (PNP),PUBLIC ORDER AND DANGEROUS DRUGS,PENDING IN THE COMMITTEE
Senate Bill No. 644,17th Congress (July 2016 - 2019),https://ldr.senate.gov.ph/bills/senate-bill-no-644-17th-congress-republic,PHILIPPINE NATIONAL RAILWAYS ACT OF 2016,AN ACT INSTITUTING THE PHILIPPINE RAILWAY AUTHORITY AND FOR OTHER PURPOSES,Antonio F. Trillanes IV,"July 20, 2016",NATIONAL,PHILIPPINE NATIONAL RAILWAYS (PNR),GOVERNMENT CORPORATIONS AND PUBLIC ENTERPRISES,PENDING IN THE COMMITTEE
Senate Bill No. 707,17th Congress (July 2016 - 2019),https://ldr.senate.gov.ph/bills/senate-bill-no-707-17th-congress-republic,NATIONAL QUALITY INFRASTRUCTURE ACT,"AN ACT PRESCRIBING THE PHILIPPINE NATIONAL QUALITY INFRASTRUCTURE, RATIONALIZING THE NATIONAL QUALITY BODIES, PROVIDING FOR THEIR POWERS AND GRANTING THEM FUNCTIONS, AND FOR OTHER PURPOSES","Paolo Benigno ""Bam"" Aquino IV","July 20, 2016",NATIONAL,INFRASTUCTURES,"TRADE, COMMERCE AND ENTREPRENEURSHIP",PENDING IN THE COMMITTEE
Senate Bill No. 392,17th Congress (July 2016 - 2019),https://ldr.senate.gov.ph/bills/senate-bill-no-392-17th-congress-republic,LEGACY FUND ACT OF 2016,"AN ACT ESTABLISHING A LEGACY FUND TO SUPPORT, IMPROVE AND SUSTAIN HIGHER EDUCATION INSTITUTIONS DURING THE TRANSITION PERIOD OF THE ENHANCED BASIC EDUCATION ACT OF 2013, APPROPRIATING FUNDS THEREFOR, AND FOR OTHER PURPOSES","LEGARDA, LOREN B.","July 18, 2016",NATIONAL,TEACHERS NON-TEACHING PERSONNEL ENHANCED BASIC EDUCATION ACT COMMISSION ON HIGHER EDUCATION (CHED),"EDUCATION, ARTS AND CULTURE",PENDING IN THE COMMITTEE
Senate Bill No. 458,17th Congress (July 2016 - 2019),https://ldr.senate.gov.ph/bills/senate-bill-no-458-17th-congress-republic,STRENGTHENING THE OFFICE OF THE GOVERNMENT CORPORATE COUNSEL,"AN ACT TO STRENGTHENING THE OFFICE OF THE GOVERNMENT CORPORATE COUNSEL, BY RE-DEFINING, EXPANDING, STRENGTHENING, RATIONALIZING AND FURTHER PROFESSIONALIZING ITS ORGANIZATION, UPGRADING EMPLOYEE BENEFITS AND APPROPRIATING FUNDS THEREFOR",Antonio F. Trillanes IV,"July 19, 2016",NATIONAL,GOVERNMENT CORPORATE COUNSEL,JUSTICE AND HUMAN RIGHTS,PENDING IN THE COMMITTEE
Senate Bill No. 951,17th Congress (July 2016 - 2019),https://ldr.senate.gov.ph/bills/senate-bill-no-951-17th-congress-republic,PUBLIC-PRIVATE PARTNERSHIP (PPP) ACT,"AN ACT PROMOTING AND AUTHORIZING PUBLIC-PRIVATE PARTNERSHIPS FOR THE FINANCING, CONSTRUCTION, OPERATION AND MAINTENANCE OF INFRASTRUCTURE FACILITIES, APPROPRIATING FUNDS THEREFOR, AND FOR OTHER PURPOSES","ANGARA, SONNY","January 8, 2016",NATIONAL,PUBLIC-PRIVATE PARTNERSHIP (PPP) PROJECTS BUILD-OPERATE-TRANSFER (BOT LAW) INFRASTUCTURES,PUBLIC WORKS,PENDING IN THE COMMITTEE
Senate Bill No. 507,17th Congress (July 2016 - 2019),https://ldr.senate.gov.ph/bills/senate-bill-no-507-17th-congress-republic,JAIL INTEGRATION ACT,"AN ACT INTEGRATING ALL THE NATIONAL, PROVINCIAL, SUB-PROVINCIAL, CITY, AND MUNICIPAL JAILS, PLACING FOR THE PURPOSE THE BUREAU OF CORRECTIONS, PROVINCIAL/SUB-PROVINCIAL JAILS AND THE BUREAU OF JAIL MANAGEMENT AND PENOLOGY UNDER A NEW BUREAU TO BE CALLED THE BUREAU OF CORRECTIONAL SERVICES, APPROPRIATING FUNDS THEREOF AND FOR OTHER PURPOSES",Antonio F. Trillanes IV,"July 19, 2016",NATIONAL,JAIL FACILITY/PRISON FACILITY BUREAU OF CORRECTIONS (BUCOR) BUREAU OF JAIL MANAGEMENT AND PENOLOGY BUREAU OF CORRECTIONAL SERVICES,"CIVIL SERVICE, GOVERNMENT REORGANIZATION AND PROFESSIONAL REGULATION",PENDING IN THE COMMITTEE
Senate Bill No. 569,17th Congress (July 2016 - 2019),https://ldr.senate.gov.ph/bills/senate-bill-no-569-17th-congress-republic,DISTRICT ENGINEERING OFFICES RATIONALIZATION ACT,AN ACT RENUMBERING ALL EXISTING DISTRICT ENGINEERING OFFICES OF THE DEPARTMENT OF PUBLIC WORKS AND HIGHWAYS TO CONFORM AND CORRESPOND WITH THE NUMBERINGS OF THE LEGISLATIVE DISTRICTS THROUGHOUT THE COUNTRY,Antonio F. Trillanes IV,"July 19, 2016",NATIONAL,ENGINEERING DISTRICT OFFICE Department of Public Works and Highways (DPWH) LEGISLATIVE DISTRICTS,PUBLIC WORKS,PENDING IN THE COMMITTEE
Senate Bill No. 1021,17th Congress (July 2016 - 2019),https://ldr.senate.gov.ph/bills/senate-bill-no-1021-17th-congress-republic,PHILHEALTH PREMIUM SUBSIDY FOR ALL PERSONS WITH DISABILITY,"AN ACT PROVIDING PHILHEALTH PREMIUM SUBSIDY FOR ALL PERSONS WITH DISABILITY, AMENDING FOR THE PURPOSE REPUBLIC ACT N O. 7277, AS AMENDED, OTHERWISE KNOWN AS THE MAGNA CARTA FOR PERSONS WITH DISABILITY, PROVIDING FUNDS THEREFOR AND FOR OTHER PURPOSES","LACSON, PANFILO M.","August 15, 2016",NATIONAL,PHILIPPINE HEALTH INSURANCE CORPORATION (PHILHEALTH/PHIC) PERSONS WITH DISABILITIES (PWDS) MAGNA CARTA FOR PERSONS WITH DISABILITY (R.A. NO. 7277),"SOCIAL JUSTICE, WELFARE AND RURAL DEVELOPMENT",PENDING IN THE COMMITTEE
Senate Bill No. 1093,17th Congress (July 2016 - 2019),https://ldr.senate.gov.ph/bills/senate-bill-no-1093-17th-congress-republic,SOCIAL HOUSING DEVELOPMENT AND FINANCE CORPORATION ACT OF 2016,"AN ACT TO CREATE THE SOCIAL HOUSING DEVELOPMENT AND FINANCE CORPORATION, PRESCRIBING ITS POWERS AND FUNCTIONS, AND FOR OTHER PURPOSES","EJERCITO, JOSEPH VICTOR G.","August 25, 2016",NATIONAL,SOCIAL HOUSING DEVELOPMENT AND FINANCE CORPORATION,GOVERNMENT CORPORATIONS AND PUBLIC ENTERPRISES,PENDING IN THE COMMITTEE
Senate Bill No. 1085,17th Congress (July 2016 - 2019),https://ldr.senate.gov.ph/bills/senate-bill-no-1085-17th-congress-republic,AMENDING 293 OF RA NO. 7160 (LOCAL GOVERNMENT CODE),"AN ACT PROVIDING FOR THE DIRECT REMITTANCE TO THE HOST LOCAL GOVERNMENT OF ITS FORTY PERCENT (40%) SHARE OF THE PROCEEDS DERIVED FROM THE UTILIZATION AND DEVELOPMENT OF NATIONAL WEALTH, AMENDING FOR THE PURPOSE SECTION 293 OF REPUBLIC ACT NO. 7160, AS AMENDED, OTHERWISE KNOWN AS THE LOCAL GOVERNMENT CODE OF 1991","EJERCITO, JOSEPH VICTOR G.","August 25, 2016",NATIONAL,LOCAL GOVERNMENT CODE (R.A. NO. 7160) NATIONAL WEALTH LOCAL GOVERNMENT UNITS (LGUs),LOCAL GOVERNMENT,PENDING IN THE COMMITTEE
Senate Bill No. 289,17th Congress (July 2016 - 2019),https://ldr.senate.gov.ph/bills/senate-bill-no-289-17th-congress-republic,ADDITIONAL RELIEF TO FAMILIES ACT OF 2016,"AN ACT PROVIDING ADDITIONAL RELIEF TO FAMILIES WITH DEPENDENTS, SUPPORTING AGING PARENTS AND DISABLED PERSONS",Antonio F. Trillanes IV,"April 7, 2016",NATIONAL,TAX EXEMPTION parents PERSONS WITH DISABILITIES (PWDS) NATIONAL INTERNAL REVENUE CODE (NIRC),WAYS AND MEANS,PENDING IN THE COMMITTEE
Senate Bill No. 623,17th Congress (July 2016 - 2019),https://ldr.senate.gov.ph/bills/senate-bill-no-623-17th-congress-republic,RADIOLOGIC TECHNOLOGY ACT,"AN ACT TO AMEND CERTAIN PROVISIONS OF REPUBLIC ACT NUMBER 7431, OTHERWISE KNOWN AS THE RADIOLOGIC TECHNOLOGY ACT OF 1992, AND FOR OTHER PURPOSES",Antonio F. Trillanes IV,"July 19, 2016",NATIONAL,RADIOLOGIC TECHNOLOGY ACT (R.A.NO. 7431),"CIVIL SERVICE, GOVERNMENT REORGANIZATION AND PROFESSIONAL REGULATION",CONSOLIDATED/SUBSTITUTED IN THE COMMITTEE REPORT
Senate Bill No. 354,17th Congress (July 2016 - 2019),https://ldr.senate.gov.ph/bills/senate-bill-no-354-17th-congress-republic,SECURED TRANSACTIONS ACT,"AN ACT STRENGTHENING THE SECURED TRANSACTIONS LEGAL FRAMEWORK IN THE PHILIPPINES, WHICH SHALL PROVIDE FOR THE CREATION, PERFECTION, DETERMINATION OF PRIORITY, ESTABLISHMENT OF A NOTICE REGISTRY, AND ENFORCEMENT OF SECURITY INTERESTS IN PERSONAL PROPERTY, AND FOR OTHER PURPOSES","Paolo Benigno ""Bam"" Aquino IV","April 7, 2016",NATIONAL,"MICRO, SMALL AND MEDIUM ENTERPRISES PERSONAL PROPERTY","BANKS, FINANCIAL INSTITUTIONS AND CURRENCIES",CONSOLIDATED/SUBSTITUTED IN THE COMMITTEE REPORT
Senate Bill No. 685,17th Congress (July 2016 - 2019),https://ldr.senate.gov.ph/bills/senate-bill-no-685-17th-congress-republic,CHARTER OF THE PHILIPPINE TRADE REPRESENTATIVE OFFICE,AN ACT CREATING THE PHILIPPINE TRADE REPRESENTATIVE OFFICE AND APPROPRIATING FUNDS THEREFOR,"Paolo Benigno ""Bam"" Aquino IV","July 20, 2016",NATIONAL,PHILIPPINE TRADE REPRESENTATIVE OFFICE,"TRADE, COMMERCE AND ENTREPRENEURSHIP",PENDING IN THE COMMITTEE
Senate Bill No. 188,17th Congress (July 2016 - 2019),https://ldr.senate.gov.ph/bills/senate-bill-no-188-17th-congress-republic,COMMUNITY FITNESS CENTER IN EVERY BARANGAY,AN ACT PROVIDING FOR THE ESTABLISHMENT OF A COMMUNITY FITNESS CENTER IN EVERY BARANGAY NATIONWIDE AND APPROPRIATING FUNDS THEREFOR,"PACQUIAO, EMMANUEL ""MANNY"" D.","June 30, 2016",NATIONAL,FITNESS,HEALTH AND DEMOGRAPHY,PENDING IN THE COMMITTEE
Senate Bill No. 856,17th Congress (July 2016 - 2019),https://ldr.senate.gov.ph/bills/senate-bill-no-856-17th-congress-republic,MODERNIZING AGRICULTURE THROUGH FUNDS FROM ANNUAL VALUE ADDED TAX COLLECTIONS,"AN ACT MODERNIZING AGRICULTURE, PROVIDING FUNDS FROM THE ANNUAL VALUE ADDED TAX COLLECTIONS, AMENDING FOR THE PURPOSE THE NATIONAL INTERNAL REVENUE CODE OF 1997, AS AMENDED",Ralph G. Recto,"July 21, 2016",NATIONAL,AGRICULTURAL DEVELOPMENT TAXES (VALUE-ADDED TAX / VAT) NATIONAL INTERNAL REVENUE CODE (NIRC),WAYS AND MEANS,PENDING IN THE COMMITTEE
Senate Bill No. 919,17th Congress (July 2016 - 2019),https://ldr.senate.gov.ph/bills/senate-bill-no-919-17th-congress-republic,ALLOWABLE PERSONAL EXEMPTION OF INDIVIDUAL TAXPAYERS,"AN ACT INCREASING THE ALLOWABLE PERSONAL EXEMPTION OF INDIVIDUAL TAXPAYERS, AMENDING FOR THE PURPOSE SECTION 35 (A) OF THE NATIONAL INTERNAL REVENUE CODE OF 1997, AS AMENDED, AND FOR OTHER PURPOSES",Ralph G. Recto,"January 8, 2016",NATIONAL,TAXES (INDIVIDUAL INCOME TAX) NATIONAL INTERNAL REVENUE CODE (NIRC),WAYS AND MEANS,CONSOLIDATED/SUBSTITUTED IN THE COMMITTEE REPORT
Senate Bill No. 1185,17th Congress (July 2016 - 2019),https://ldr.senate.gov.ph/bills/senate-bill-no-1185-17th-congress-republic,INDIGENOUS PEOPLES AND LOCAL COMMUNITIES CONSERVED AREAS ACT,"AN ACT PROTECTING AND STRENGTHENING THE INDIGENOUS PEOPLES AND LOCAL COMMUNITIES CONSERVED AREAS, RECOGNIZING THEIR CONTRIBUTION TO BIODIVERSITY CONSERVATION, ESTABLISHING FOR THE PURPOSE THE NATIONAL ICCA REGISTRY, APPROPRIATING FUNDS THEREFOR AND FOR OTHER PURPOSES","LEGARDA, LOREN B.","April 10, 2016",NATIONAL,INDIGENOUS CULTURAL COMMUNITIES BIODIVERSITY,CULTURAL COMMUNITIES,PENDING IN THE COMMITTEE
Senate Bill No. 61,17th Congress (July 2016 - 2019),https://ldr.senate.gov.ph/bills/senate-bill-no-61-17th-congress-republic,FREE PUBLIC COLLEGE TUITION ACT OF 2016,"AN ACT PROVIDING FOR A FULL TUITION SUBSIDY FOR STUDENTS ENROLLED IN STATE UNIVERSITIES AND COLLEGES (SUCS), AND APPROPRIATING FUNDS THEREFOR",Ralph G. Recto,"June 30, 2016",NATIONAL,FREE PUBLIC COLLEGE EDUCATION SYSTEM TUITION FEES STUDENTS STATE COLLEGES AND UNIVERSITIES (SCUS),"EDUCATION, ARTS AND CULTURE",CONSOLIDATED/SUBSTITUTED IN THE COMMITTEE REPORT
Senate Bill No. 437,17th Congress (July 2016 - 2019),https://ldr.senate.gov.ph/bills/senate-bill-no-437-17th-congress-republic,LAKE LANAO DEVELOPMENT ACT OF 2016,"AN ACT ESTABLISHING THE LAKE LANAO DEVELOPMENT AUTHORITY, DEFINING ITS POWERS, FUNCTIONS AND DUTIES, APPROPRIATING FUNDS THEREFOR AND FOR OTHER PURPOSES","LEGARDA, LOREN B.","July 19, 2016",NATIONAL,LAKE LANAO DEVELOPMENT AUTHORITY,GOVERNMENT CORPORATIONS AND PUBLIC ENTERPRISES,PENDING IN THE COMMITTEE
Senate Bill No. 257,17th Congress (July 2016 - 2019),https://ldr.senate.gov.ph/bills/senate-bill-no-257-17th-congress-republic,PARENTS WELFARE ACT OF 2016,"AN ACT PROVIDING FOR PARENT SUPPORT, AND FOR OTHER PURPOSES","LACSON, PANFILO M.","April 7, 2016",NATIONAL,parents,"SOCIAL JUSTICE, WELFARE AND RURAL DEVELOPMENT",PENDING IN THE COMMITTEE
Senate Bill No. 321,17th Congress (July 2016 - 2019),https://ldr.senate.gov.ph/bills/senate-bill-no-321-17th-congress-republic,COFFEE DEVELOPMENT ACT OF 2016,AN ACT ESTABLISHING A NATIONAL PROGRAM FOR THE COFFEE INDUSTRY PROVIDING FUNDS THEREFOR AND FOR OTHER PURPOSES,"VILLAR, CYNTHIA A.","April 7, 2016",NATIONAL,COFFEE,AGRICULTURE AND FOOD,PENDING IN THE COMMITTEE
Senate Bill No. 156,17th Congress (July 2016 - 2019),https://ldr.senate.gov.ph/bills/senate-bill-no-156-17th-congress-republic,"SEC. 45 OF R.A.NO. 9136 - CROSS OWNERSHIP, MARKET POWER ABUSE AND ANTI-COMPETITIVE BEHAVIOR","AN ACT AMENDING REPUBLIC ACT NO. 9136, OTHERWISE KNOWN AS THE ELECTRIC POWER INDUSTRY REFORM ACT OF 2001, AND FOR OTHER PURPOSES","EJERCITO, JOSEPH VICTOR G.","June 30, 2016",NATIONAL,ELECTRIC POWER INDUSTRY REFORM ACT /EPIRA (R.A.NO. 9136),ENERGY,PENDING IN THE COMMITTEE
Senate Bill No. 605,17th Congress (July 2016 - 2019),https://ldr.senate.gov.ph/bills/senate-bill-no-605-17th-congress-republic,AGRARIAN AND AGRICULTURAL CREDIT CONDONATION ACT OF 2016,"AN ACT PROVIDING FOR THE CONDONATION OF UNPAID INTERESTS, PENALTIES AND SURCHARGES ON LOANS SECURED BY FARMERS, FISHERFOLKS AND AGRARIAN REFORM BENEFICIARIES FROM THE DEPARTMENT OF AGRARIAN REFORM (DAR), THE DEPARTMENT OF AGRICULTURE (DA), THE PEOPLE'S CREDIT AND FINANCE CORPORATION (PCFC), THE COOPERATIVE DEVELOPMENT AUTHORITY (CDA), THE NATIONAL FOOD AUTHORITY (NFA) AND THE QUEDAN AND RURAL CREDIT GUARANTEE CORPORATION (QUEDANCOR)",Antonio F. Trillanes IV,"July 19, 2016",NATIONAL,CONDONATION FARMERS/FISHERFOLK DEPARTMENT OF AGRARIAN REFORM (DAR) DEPARTMENT OF AGRICULTURE PEOPLES CREDIT AND FINANCE CORPORATION (PCFC) COOPERATIVE DEVELOPMENT AUTHORITY NATIONAL FOOD AUTHORITY (NFA) QUEDAN AND RURAL CREDIT GUARANTEE CORPORATION,AGRARIAN REFORM,PENDING IN THE COMMITTEE
Senate Bill No. 68,17th Congress (July 2016 - 2019),https://ldr.senate.gov.ph/bills/senate-bill-no-68-17th-congress-republic,PUBLIC TELECOMMUNICATIONS ACT OF THE PHILIPPINES,AN ACT EXPANDING THE COVERAGE AND STRENGTHENING THE POWERS OF THE NATIONAL TELECOMMUNICATIONS COMMISSION (NTC) AMENDING FOR THE PURPOSE REPUBLIC ACT NO. 7925 OTHERWISE KNOWN AS THE PUBLIC TELECOMMUNICATIONS ACT OF THE PHILIPPINES,Ralph G. Recto,"June 30, 2016",NATIONAL,National Telecommunications Commission (NTC) PUBLIC TELECOMMUNICATIONS ACT OF THE PHILIPPINES (R.A.NO.7925) TELECOMMUNICATIONS,PUBLIC SERVICES,CONSOLIDATED/SUBSTITUTED IN THE COMMITTEE REPORT
Senate Bill No. 1065,17th Congress (July 2016 - 2019),https://ldr.senate.gov.ph/bills/senate-bill-no-1065-17th-congress-republic,LOCAL BUDGETING REFORM ACT OF 2016,"AN ACT INSTITUTING BUDGET REFORM THAT WILL ENSURE THE EQUITABLE DISTRIBUTION OF FUNDS FOR BOTH THE NATIONAL AND LOCAL GOVERNMENT UNITS FOR THE PURPOSE OF PROMOTING LOCAL GOVERNMENT EMPOWERMENT IN ORDER TO ACHIEVE INCLUSIVE GROWTH, APPROPRIATING FUNDS THEREFOR AND FOR OTHER PURPOSES","VILLANUEVA, JOEL","August 23, 2016",NATIONAL,BUDGET REFORMS LOCAL GOVERNMENT UNITS (LGUs),FINANCE,PENDING IN THE COMMITTEE
Senate Bill No. 554,17th Congress (July 2016 - 2019),https://ldr.senate.gov.ph/bills/senate-bill-no-554-17th-congress-republic,SICK LEAVE BANK ACT,AN ACT CREATING A SICK LEAVE BANK FOR GOVERNMENT EMPLOYEES,Antonio F. Trillanes IV,"July 19, 2016",NATIONAL,SICK LEAVE BANK GOVERNMENT EMPLOYEES,"CIVIL SERVICE, GOVERNMENT REORGANIZATION AND PROFESSIONAL REGULATION",CONSOLIDATED/SUBSTITUTED IN THE COMMITTEE REPORT
Senate Bill No. 616,17th Congress (July 2016 - 2019),https://ldr.senate.gov.ph/bills/senate-bill-no-616-17th-congress-republic,IMPOSING RECIPROCITY AS A REQUIREMENT ON PRACTICING THE PROFESSION BY FOREIGN CITIZENS,AN ACT IMPOSING RECIPROCITY AS A REQUIREMENT BEFORE ALLOWING FOREIGN NATIONALS TO PRACTICE THEIR PROFESSIONS IN THE PHILIPPINES TO PROTECT THE INTERESTS OF FILIPINO PROFESSIONALS AND FOR OTHER RELATED PURPOSES,Antonio F. Trillanes IV,"July 19, 2016",NATIONAL,FOREIGNERS/ALIEN,"CIVIL SERVICE, GOVERNMENT REORGANIZATION AND PROFESSIONAL REGULATION",PENDING IN THE COMMITTEE
Senate Bill No. 294,17th Congress (July 2016 - 2019),https://ldr.senate.gov.ph/bills/senate-bill-no-294-17th-congress-republic,"AMENDING SEC. 84, NATIONAL INTERNAL REVENUE CODE (RATES OF ESTATE TAX)","AN ACT AMENDING SECTION 84 OF CHAPTER I, TITLE III OF THE NATIONAL REVENUE CODE OF 1997 AS AMENDED, AND FOR OTHER PURPOSES","PIMENTEL, AQUILINO ""KOKO"" III","April 7, 2016",NATIONAL,TAXES (ESTATE TAX) NATIONAL INTERNAL REVENUE CODE (NIRC),WAYS AND MEANS,CONSOLIDATED/SUBSTITUTED IN THE COMMITTEE REPORT
Senate Bill No. 359,17th Congress (July 2016 - 2019),https://ldr.senate.gov.ph/bills/senate-bill-no-359-17th-congress-republic,GRANTING FULL DEDUCTION FROM GROSS INCOME,"AN ACT AMENDING REPUBLIC ACT 8424, OR THE NATIONAL INTERNAL REVENUE CODE OF THE PHILIPPINES, BY GRANTING FULL DEDUCTION FROM GROSS INCOME THE AMOUNT OF CONTRIBUTIONS MADE TO DISASTER RELIEF, RECOVERY, AND REHABILITATION EFFORTS AND ACTIVITIES, AND FOR OTHER PURPOSES","BINAY, MARIA LOURDES NANCY S.","April 7, 2016",NATIONAL,NATIONAL INTERNAL REVENUE CODE (NIRC) TAXES/TAXATION DONATIONS CALAMITY/DISASTER,WAYS AND MEANS,PENDING IN THE COMMITTEE
Senate Bill No. 1157,17th Congress (July 2016 - 2019),https://ldr.senate.gov.ph/bills/senate-bill-no-1157-17th-congress-republic,MEDICAL SCHOLARSHIP PROGRAM,AN ACT ESTABLISHING A MEDICAL SCHOLARSHIP PROGRAM TO ENSURE THE AVAILABILITY OF DOCTORS IN EVERY PROVINCE NATIONWIDE,"ANGARA, SONNY","September 19, 2016",NATIONAL,SCHOLARSHIP GRANTS,HEALTH AND DEMOGRAPHY,PENDING IN THE COMMITTEE
Senate Bill No. 1221,17th Congress (July 2016 - 2019),https://ldr.senate.gov.ph/bills/senate-bill-no-1221-17th-congress-republic,"AMENDING ART. 278, 279 AND 287 OF P.D. 442 (LABOR CODE OF THE PHILIPPINES)","AN ACT RATIONALIZING GOVERNMENT INTERVENTIONS IN LABOR DISPUTES BY ADOPTING THE ESSENTIAL SERVICES CRITERIA IN THE EXERCISE OF THE ASSUMPTION OR CERTIFICATION POWER OF THE SECRETARY OF LABOR AND EMPLOYMENT, AND DECRIMINALIZING VIOLATIONS THEREOF, AMENDING FOR THIS PURPOSE ARTICLES 278[263], 279[264] AND 287[272] OF PRESIDENTIAL DECREE 442, OTHERWISE KNOWN AS THE LABOR CODE OF THE PHILIPPINES, AS AMENDED AND FOR OTHER PURPOSES","VILLANUEVA, JOEL","October 25, 2016",NATIONAL,LABOR CODE OF THE PHILIPPINES (P.D. NO. 442) STRIKES/PICKETING/LOCKOUTS,"LABOR, EMPLOYMENT AND HUMAN RESOURCES DEVELOPMENT",PENDING IN THE COMMITTEE
Senate Bill No. 898,17th Congress (July 2016 - 2019),https://ldr.senate.gov.ph/bills/senate-bill-no-898-17th-congress-republic,ELECTRICITY RATE REDUCTION ACT OF 2016,"AN ACT DIRECTING THE REDUCTION OF ELECTRICITY RATES THROUGH THE UTILIZATION OF THE GOVERNMENT SHARE IN THE DISCOVERY, EXPLORATION, DEVELOPMENT AND/OR PRODUCTION OF INDIGENOUS SOURCES OF ENERGY FOR THE PURPOSE OF LOWERING THE COST OF ELECTRICITY","EJERCITO, JOSEPH VICTOR G.","July 26, 2016",NATIONAL,ELECTRICITY RATE REDUCTION,ENERGY,PENDING IN THE COMMITTEE
Senate Bill No. 962,17th Congress (July 2016 - 2019),https://ldr.senate.gov.ph/bills/senate-bill-no-962-17th-congress-republic,TUITION-FREE HIGHER EDUCATION ACT OF 2016,"AN ACT PROVIDING FOR A FULL A TUITION SUBSIDY FOR STUDENTS ENROLLED IN STATE UNIVERSITIES AND COLLEGES (SUCS), AND APPROPRIATING FUNDS THEREFOR","PANGILINAN, FRANCIS ""KIKO"" N.","January 8, 2016",NATIONAL,TUITION FEES STUDENTS FREE TERTIARY EDUCATION,"EDUCATION, ARTS AND CULTURE",CONSOLIDATED/SUBSTITUTED IN THE COMMITTEE REPORT
Senate Bill No. 660,17th Congress (July 2016 - 2019),https://ldr.senate.gov.ph/bills/senate-bill-no-660-17th-congress-republic,BASES CONVERSION AND DEVELOPMENT ACT,"AN ACT AMENDING REPUBLIC ACT NO. 7227, AS AMENDED BY REPUBLIC ACT NO. 9400, OTHERWISE KNOWN AS THE BASES CONVERSION AND DEVELOPMENT ACT OF 1992","Paolo Benigno ""Bam"" Aquino IV","July 20, 2016",NATIONAL,BASES CONVERSION AND DEVELOPMENT AUTHORITY (BCDA),GOVERNMENT CORPORATIONS AND PUBLIC ENTERPRISES,CONSOLIDATED/SUBSTITUTED IN THE COMMITTEE REPORT
Senate Bill No. 723,17th Congress (July 2016 - 2019),https://ldr.senate.gov.ph/bills/senate-bill-no-723-17th-congress-republic,THE MAGNA CARTA OF STUDENTS,AN ACT PROVIDING FOR A MAGNA CARTA OF STUDENTS,"VILLAR, CYNTHIA A.","July 20, 2016",NATIONAL,MAGNA CARTA FOR STUDENTS STUDENTS,"EDUCATION, ARTS AND CULTURE",PENDING IN THE COMMITTEE
Senate Bill No. 1036,17th Congress (July 2016 - 2019),https://ldr.senate.gov.ph/bills/senate-bill-no-1036-17th-congress-republic,UNEMPLOYMENT OR INVOLUNTARY SEPARATION BENEFITS,"AN ACT EXPANDING THE BENEFITS OF THE SOCIAL SECURITY SYSTEM SO AS TO PROVIDE FOR UNEMPLOYMENT BENEFITS THEREBY AMENDING FOR THIS PURPOSE REPUBLIC ACT NO. 8282, OTHERWISE KNOWN AS THE SOCIAL SECURITY ACT OF 1997","POE, GRACE","August 17, 2016",NATIONAL,SOCIAL SECURITY ACT OF 1997 (R.A.NO. 8282) SOCIAL SECURITY SYSTEM (SSS) UNEMPLOYMENT,GOVERNMENT CORPORATIONS AND PUBLIC ENTERPRISES,CONSOLIDATED/SUBSTITUTED IN THE COMMITTEE REPORT
Senate Bill No. 1100,17th Congress (July 2016 - 2019),https://ldr.senate.gov.ph/bills/senate-bill-no-1100-17th-congress-republic,LOCAL GOVERNMENT UNITS SOLIDARITY FUND FOR DISASTER RESPONSE AND RECOVERY ACT,AN ACT ESTABLISHING THE SOLIDARITY FUND OF THE LOCAL GOVERNMENT UNITS FOR DISASTER RESPONSE AND RECOVERY,"EJERCITO, JOSEPH VICTOR G.","August 25, 2016",NATIONAL,LOCAL GOVERNMENT UNITS (LGUs) CALAMITY/DISASTER,LOCAL GOVERNMENT,PENDING IN THE COMMITTEE
Senate Bill No. 524,17th Congress (July 2016 - 2019),https://ldr.senate.gov.ph/bills/senate-bill-no-524-17th-congress-republic,PUBLIC EMPLOYEE DISABILITY ACT OF 2016,AN ACT PROVIDING BENEFITS TO PUBLIC EMPLOYEES WHO SUFFER ANY INJURY IN THE LINE OF DUTY THAT LEADS TO DISABILITY,Antonio F. Trillanes IV,"July 19, 2016",NATIONAL,PUBLIC EMPLOYEE DISABILITY,PUBLIC ORDER AND DANGEROUS DRUGS,PENDING IN THE COMMITTEE
Senate Bill No. 585,17th Congress (July 2016 - 2019),https://ldr.senate.gov.ph/bills/senate-bill-no-585-17th-congress-republic,PHILIPPINE DUCK ACT OF 2016,AN ACT CREATING THE PHILIPPINE CENTER FOR DUCK RESEARCH AND DEVELOPMENT TO PROMOTE THE PHILIPPINE DUCK INDUSTRY AND FOR OTHER PURPOSES,Antonio F. Trillanes IV,"July 19, 2016",NATIONAL,PHILIPPINE DUCK,AGRICULTURE AND FOOD,PENDING IN THE COMMITTEE
Senate Bill No. 1125,17th Congress (July 2016 - 2019),https://ldr.senate.gov.ph/bills/senate-bill-no-1125-17th-congress-republic,PHILIPPINE EXTRACTIVE INDUSTRIES TRANSPARENCY INITIATIVE ACT,AN ACT PROVIDING FOR THE CREATION OF PHILIPPINE EXTRACTIVE INDUSTRIES TRANSPARENCY INITIATIVE,"VILLANUEVA, JOEL","May 9, 2016",NATIONAL,EXTRACTIVE INDUSTRIES,ENVIRONMENT AND NATURAL RESOURCES,PENDING IN THE COMMITTEE
Senate Bill No. 1189,17th Congress (July 2016 - 2019),https://ldr.senate.gov.ph/bills/senate-bill-no-1189-17th-congress-republic,POSITIVE DISCIPLINE ACT OF 2016,"AN ACT PROMOTING POSITIVE AND NON-VIOLENT DISCIPLINE OF CHILDREN, PROHIBITING ALL FORMS OF CORPORAL PUNISHMENT, HUMILIATING AND DEGRADING TREATMENT, APPROPRIATING FUNDS THEREFOR, AND FOR OTHER PURPOSES","HONTIVEROS, RISA","May 10, 2016",NATIONAL,CHILDREN/CHILD CARE CORPORAL PUNISHMENT,"WOMEN, CHILDREN, FAMILY RELATIONS AND GENDER EQUALITY",CONSOLIDATED/SUBSTITUTED IN THE COMMITTEE REPORT
Senate Bill No. 867,17th Congress (July 2016 - 2019),https://ldr.senate.gov.ph/bills/senate-bill-no-867-17th-congress-republic,ESTATE TAX REFORM,"AN ACT INSTITUTING ESTATE TAX REFORM, AMENDING FOR THIS PURPOSE SECTIONS 84, 86 (A), 89, 90 AND 97 OF THE NATIONAL INTERNAL REVENUE CODE OF 1997, AS AMENDED, AND FOR OTHER PURPOSES",Ralph G. Recto,"July 21, 2016",NATIONAL,TAXES (ESTATE TAX) NATIONAL INTERNAL REVENUE CODE (NIRC),WAYS AND MEANS,CONSOLIDATED/SUBSTITUTED IN THE COMMITTEE REPORT
Senate Bill No. 930,17th Congress (July 2016 - 2019),https://ldr.senate.gov.ph/bills/senate-bill-no-930-17th-congress-republic,ONE TOWN: ONE DOCTOR ACT OF 2016,"AN ACT PROVIDING MEDICAL SCHOLARSHIPS TO QUALIFIED STUDENTS IN ALL MUNICIPALITIES ESTABLISHING FOR THIS PURPOSE THE ONE TOWN: ONE DOCTOR SCHOLARSHIP PROGRAM, APPROPRIATING FUNDS THEREFOR AND FOR OTHER PURPOSES",Ralph G. Recto,"January 8, 2016",NATIONAL,DOCTORS/PHYSICIANS/DENTISTS STUDENTS SCHOLARSHIP GRANTS,HEALTH AND DEMOGRAPHY,PENDING IN THE COMMITTEE
Senate Bill No. 628,17th Congress (July 2016 - 2019),https://ldr.senate.gov.ph/bills/senate-bill-no-628-17th-congress-republic,FIRE TRUCK OFFICER ACT OF 2016,AN ACT CREATING THE POSITION/RANK OF FIRE TRUCK OFFICER (FTO) IN THE BUREAU OF FIRE PROTECTION,Antonio F. Trillanes IV,"July 19, 2016",NATIONAL,FIRE TRUCK OFFICER BUREAU OF FIRE PROTECTION,PUBLIC ORDER AND DANGEROUS DRUGS,PENDING IN THE COMMITTEE
Senate Bill No. 1269,17th Congress (July 2016 - 2019),https://ldr.senate.gov.ph/bills/senate-bill-no-1269-17th-congress-republic,PHILIPPINE FOOD TECHNOLOGY ACT,"AN ACT PROVIDING FOR THE REGISTRATION, LICENSURE AND PRACTICE OF FOOD TECHNOLOGY IN THE PHILIPPINES, PROVIDING FUNDS THEREFOR, AND FOR OTHER PURPOSES",Antonio F. Trillanes IV,"July 12, 2016",NATIONAL,FOOD TECHNOLOGY,"CIVIL SERVICE, GOVERNMENT REORGANIZATION AND PROFESSIONAL REGULATION",CONSOLIDATED WITH APPROVED BILL
Senate Bill No. 690,17th Congress (July 2016 - 2019),https://ldr.senate.gov.ph/bills/senate-bill-no-690-17th-congress-republic,MAGNA CARTA OF THE POOR,AN ACT PROVIDING FOR A MAGNA CARTA OF THE POOR,"Paolo Benigno ""Bam"" Aquino IV","July 20, 2016",NATIONAL,MAGNA CARTA OF THE POOR,"SOCIAL JUSTICE, WELFARE AND RURAL DEVELOPMENT",CONSOLIDATED/SUBSTITUTED IN THE COMMITTEE REPORT
Senate Bill No. 4,17th Congress (July 2016 - 2019),https://ldr.senate.gov.ph/bills/senate-bill-no-4-17th-congress-republic,DEATH PENALTY ACT OF 2016,AN ACT IMPOSING DEATH PENALTY IN THE PHILIPPINES,"SOTTO III, VICENTE C.","June 30, 2016",NATIONAL,Death penalty,JUSTICE AND HUMAN RIGHTS,PENDING IN THE COMMITTEE
Senate Bill No. 1004,17th Congress (July 2016 - 2019),https://ldr.senate.gov.ph/bills/senate-bill-no-1004-17th-congress-republic,EVACUATION CENTER ACT,"AN ACT ESTABLISHING EVACUATION CENTERS IN EVERY MUNICIPALITY AND CITY, PROVIDING FOR THE NECESSARY FACILITIES, ENSURING THEIR STRUCTURAL CAPACITY, AND APPROPRIATING FUNDS THEREFOR","GATCHALIAN, WIN","August 8, 2016",NATIONAL,EVACUATION CENTER,NATIONAL DEFENSE AND SECURITY,PENDING IN THE COMMITTEE
Senate Bill No. 639,17th Congress (July 2016 - 2019),https://ldr.senate.gov.ph/bills/senate-bill-no-639-17th-congress-republic,FOOD SAFETY MODERNIZATION ACT OF 2016,"AN ACT TO ESTABLISH THE FOOD SAFETY ADMINISTRATION WITHIN THE DEPARTMENT OF HEALTH TO PROTECT THE PUBLIC HEALTH BY PREVENTING FOOD-BORNE ILLNESS, ENSURING THE SAFETY OF FOOD, IMPROVING RESEARCH ON CONTAMINANTS LEADING TO FOOD-BORNE ILLNESS, AND IMPROVING SECURITY OF FOOD FROM INTENTIONAL CONTAMINATION, AND FOR OTHER PURPOSES",Antonio F. Trillanes IV,"July 20, 2016",NATIONAL,FOOD SAFETY DEPARTMENT OF HEALTH (DOH),HEALTH AND DEMOGRAPHY,PENDING IN THE COMMITTEE
Senate Bill No. 1280,17th Congress (July 2016 - 2019),https://ldr.senate.gov.ph/bills/senate-bill-no-1280-17th-congress-republic,CORPORATION CODE OF THE PHILIPPINES,AN ACT AMENDING BATAS PAMBANSA BLG. 68 OR THE CORPORATION CODE OF THE PHILIPPINES,"ESCUDERO, FRANCIS G.","December 13, 2016",NATIONAL,CORPORATION CODE,CONSTITUTIONAL AMENDMENTS AND REVISION OF CODES,APPROVED BY THE PRESIDENT OF THE PHILIPPINES
Senate Bill No. 701,17th Congress (July 2016 - 2019),https://ldr.senate.gov.ph/bills/senate-bill-no-701-17th-congress-republic,PENALTIES OR FINES AGAINST ERRING PUBLIC TELECOMMUNICATIONS,"AN ACT PROVIDING FOR PENALTIES OR FINES AGAINST ERRING PUBLIC TELECOMMUNICATIONS ENTITIES FOR VIOLATION OF THE TERMS OR CONDITIONS OF ANY CERTIFICATE, AUTHORITY, ORDER, DECISION, RESOLUTION OR REGULATION OF THE NATIONAL TELECOMMUNICATIONS COMMISSION (NTC), AMENDING FOR THE PURPOSE SECTIONS 21 AND 23 OF COMMONWEALTH ACT NO. 146","Paolo Benigno ""Bam"" Aquino IV","July 20, 2016",NATIONAL,National Telecommunications Commission (NTC) Commonwealth Act TELECOMMUNICATIONS,PUBLIC SERVICES,PENDING IN THE COMMITTEE
Senate Bill No. 1015,17th Congress (July 2016 - 2019),https://ldr.senate.gov.ph/bills/senate-bill-no-1015-17th-congress-republic,NATIONAL LAND USE ACT OF THE PHILIPPINES OF 2016,"AN ACT INSTITUTING A NATIONAL LAND USE POLICY, PROVIDING THE IMPLEMENTING MECHANISMS THEREFORE, AND FOR OTHER PURPOSES","VILLANUEVA, JOEL","August 15, 2016",NATIONAL,NATIONAL LAND USE ACT,ENVIRONMENT AND NATURAL RESOURCES,PENDING IN THE COMMITTEE
Senate Bill No. 1079,17th Congress (July 2016 - 2019),https://ldr.senate.gov.ph/bills/senate-bill-no-1079-17th-congress-republic,ENVIRONMENTAL HEALTH RESEARCH ACT OF 2016,"AN ACT ESTABLISHING MULTIDISCIPLINARY RESEARCH CENTERS REGARDING WOMEN'S HEALTH AND DISEASE PREVENTION AND CONDUCTING A RESEARCH PROGRAM ON HORMONE DISRUPTION, AND FOR OTHER PURPOSES","EJERCITO, JOSEPH VICTOR G.","August 25, 2016",NATIONAL,ENVIRONMENTAL HEALTH RESEARCH WOMEN,HEALTH AND DEMOGRAPHY,PENDING IN THE COMMITTEE
Senate Bill No. 842,17th Congress (July 2016 - 2019),https://ldr.senate.gov.ph/bills/senate-bill-no-842-17th-congress-republic,HEALTHCARE SERVICES PRICE DISCLOSURE AC OF 2016,AN ACT REQUIRING HEALTHCARE FACILITIES TO PROVIDE A PRICE LIST OF ITS HEALTHCARE SERVICES INCLUDING INCIDENTAL EXPENSES AND MEDICAL SUPPLIES THAT CAN BE CHARGED IN THE MEDICAL BILL,Ralph G. Recto,"July 21, 2016",NATIONAL,HEALTH FACILITIES HEALTHCARE SERVICES PRICE DISCLOSURE,HEALTH AND DEMOGRAPHY,PENDING IN THE COMMITTEE
Senate Bill No. 1144,17th Congress (July 2016 - 2019),https://ldr.senate.gov.ph/bills/senate-bill-no-1144-17th-congress-republic,NATIONAL LAND USE AND MANAGEMENT ACT OF THE PHILIPPINES,"AN ACT INSTITUTING A NATIONAL LAND USE AND MANAGEMENT POLICY, PROVIDING THE IMPLEMENTING MECHANISMS THEREFOR, AND FOR OTHER PURPOSES","HONTIVEROS, RISA","September 14, 2016",NATIONAL,NATIONAL LAND USE ACT,ENVIRONMENT AND NATURAL RESOURCES,PENDING IN THE COMMITTEE
Senate Bill No. 59,17th Congress (July 2016 - 2019),https://ldr.senate.gov.ph/bills/senate-bill-no-59-17th-congress-republic,CIVIL SERVICE ELIGIBILITY TO GOVERNMENT EMPLOYEES,"AN ACT GRANTING CIVIL SERVICE ELIGIBILITY TO GOVERNMENT EMPLOYEES, UNDER CERTAIN CONDITIONS, WHOSE STATUS OF APPOINTMENT IS EITHER CASUAL OR CONTRACTUAL AND WHO HAVE RENDERED A TOTAL OF FIVE YEARS OF EFFICIENT SERVICE","PANGILINAN, FRANCIS ""KIKO"" N.","June 30, 2016",NATIONAL,CIVIL SERVICE ELIGIBILITY GOVERNMENT EMPLOYEES (CASUAL/CONTRACTUAL),"CIVIL SERVICE, GOVERNMENT REORGANIZATION AND PROFESSIONAL REGULATION",CONSOLIDATED/SUBSTITUTED IN THE COMMITTEE REPORT
Senate Bill No. 1210,17th Congress (July 2016 - 2019),https://ldr.senate.gov.ph/bills/senate-bill-no-1210-17th-congress-republic,EXPANDED ANTI-WIRE TAPPING ACT OF 2016,"AN ACT EXPANDING THE SCOPE AND COVERAGE OF REPUBLIC ACT NO. 4200, OTHERWISE KNOWN AS AN ACT TO PROHIBIT AND PENALIZE WIRE TAPPING AND OTHER RELATED VIOLATIONS OF THE PRIVACY OF COMMUNICATION, AND FOR OTHER PURPOSES",Gregorio B. Honasan II,"October 18, 2016",NATIONAL,Wiretapping,PUBLIC ORDER AND DANGEROUS DRUGS,"PENDING SECOND READING, SPECIAL ORDER"
Senate Bill No. 915,17th Congress (July 2016 - 2019),https://ldr.senate.gov.ph/bills/senate-bill-no-915-17th-congress-republic,NATIONAL MUSEUM OF THE PHILIPPINES ACT OF 2016,"AN ACT STRENGTHENING THE NATIONAL MUSEUM OF THE PHILIPPINES, REPEALING FOR THE PURPOSE REPUBLIC ACT NO. 8492, OTHERWISE KNOWN AS THE NATIONAL MUSEUM ACT OF 1998, AND APPROPRIATING FUNDS THEREFOR","LEGARDA, LOREN B.","July 28, 2016",NATIONAL,NATIONAL MUSEUM,"EDUCATION, ARTS AND CULTURE",CONSOLIDATED/SUBSTITUTED IN THE COMMITTEE REPORT
Senate Bill No. 1288,17th Congress (July 2016 - 2019),https://ldr.senate.gov.ph/bills/senate-bill-no-1288-17th-congress-republic,AUTOMATIC RESIGNATION OF PUNONG BARANGAY ACT,"AN ACT DECLARING THE PUNONG BARANGAY AS DEEMED IPSO FACTO RESIGNED UPON THE FILING CERTIFICATE OF CANDIDACY, REPEALING FOR THE PURPOSE REPUBLIC ACT NO. 9006, OTHERWISE KNOWN AS THE 'FAIR ELECTIONS ACT' AND BATAS PAMBANSA BLG. 881, ENTITLED 'OMNIBUS ELECTION CODE OF THE PHILIPPINES' AND OTHER ELECTION RELATED LAWS","GATCHALIAN, WIN","December 15, 2016",NATIONAL,BARANGAY CAPTAIN/PUNONG BARANGAY ELECTIONS/ELECTORAL REFORMS,ELECTORAL REFORMS AND PEOPLES PARTICIPATION,PENDING IN THE COMMITTEE
Senate Bill No. 1023,17th Congress (July 2016 - 2019),https://ldr.senate.gov.ph/bills/senate-bill-no-1023-17th-congress-republic,RESILIENT HOUSING AND HUMAN SETTLEMENTS ACT OF 2016,"AN ACT INSTITUTING NATIONAL COMPREHENSIVE FRAMEWORK ON RESILIENT HOUSING AND HUMAN SETTLEMENTS, APPROPRIATING FUNDS THEREFOR AND FOR OTHER PURPOSES","POE, GRACE","August 15, 2016",NATIONAL,HOUSING PROJECTS,"URBAN PLANNING, HOUSING AND RESETTLEMENT",PENDING IN THE COMMITTEE
Senate Bill No. 645,17th Congress (July 2016 - 2019),https://ldr.senate.gov.ph/bills/senate-bill-no-645-17th-congress-republic,AGRICULTURAL FREE PATENTS ACT,"AN ACT REMOVING THE RESTRICTIONS UNDER SECTION 118, 119 AND 121 OF CHAPTER XIII, TITLE VI OF COMMONWEALTH ACT NO. 141 ON AGRICULTURAL FREE PATENTS ISSUED UNDER SECTION 44 THEREOF","Paolo Benigno ""Bam"" Aquino IV","July 20, 2016",NATIONAL,PATENTS Commonwealth Act PUBLIC LAND ACT (COMMONWEALTH ACT NO. 141),JUSTICE AND HUMAN RIGHTS,CONSOLIDATED/SUBSTITUTED IN THE COMMITTEE REPORT
Senate Bill No. 1086,17th Congress (July 2016 - 2019),https://ldr.senate.gov.ph/bills/senate-bill-no-1086-17th-congress-republic,LOAN ELECTION BAN OF 2016,AN ACT PROHIBITING LOCAL GOVERNMENT UNITS FROM APPLYING FOR LOANS TO FINANCE INFRASTRUCTURE PROJECTS AND LENDING INSTITUTIONS FROM APPROVING IT OR RELEASING THE PROCEEDS ONE YEAR BEFORE ELECTIONS,"EJERCITO, JOSEPH VICTOR G.","August 25, 2016",NATIONAL,LOCAL GOVERNMENT UNITS (LGUs) INFRASTUCTURES ELECTIONS/ELECTORAL REFORMS,LOCAL GOVERNMENT,PENDING IN THE COMMITTEE
Senate Bill No. 708,17th Congress (July 2016 - 2019),https://ldr.senate.gov.ph/bills/senate-bill-no-708-17th-congress-republic,PEOPLE'S FREEDOM OF INFORMATION ACT,AN ACT IMPLEMENTING THE PEOPLE'S RIGHT TO INFORMATION AND THE CONSTITUTIONAL POLICIES OF FULL PUBLIC DISCLOSURE AND HONESTY IN THE PUBLIC SERVICE AND FOR OTHER PURPOSES,"Paolo Benigno ""Bam"" Aquino IV","July 20, 2016",NATIONAL,information,PUBLIC INFORMATION AND MASS MEDIA,CONSOLIDATED/SUBSTITUTED IN THE COMMITTEE REPORT
Senate Bill No. 613,17th Congress (July 2016 - 2019),https://ldr.senate.gov.ph/bills/senate-bill-no-613-17th-congress-republic,GRANTING SUPREME COURT THE POWER TO REASSIGN TRIAL COURT JUDGES TO OTHER BRANCHES,"AN ACT GRANTING THE SUPREME COURT THE POWER TO REASSIGN TRIAL COURT JUDGES TO OTHER BRANCHES OF THE SAME LEVEL, THEREBY AMENDING SECTION 17, 28, 30 AND 31 OF BATAS PAMBANSA BLG. 129, OTHERWISE KNOWN AS THE JUDICIARY REORGANIZATION ACT OF 1980",Antonio F. Trillanes IV,"July 19, 2016",NATIONAL,Supreme Court JUDICIARY REORGANIZATION ACT (BATAS PAMBANSA BLG. 129) Judges,JUSTICE AND HUMAN RIGHTS,PENDING IN THE COMMITTEE
Senate Bill No. 427,17th Congress (July 2016 - 2019),https://ldr.senate.gov.ph/bills/senate-bill-no-427-17th-congress-republic,LOCAL GOVERNMENT CODE OF 1991,"AN ACT PROVIDING FOR THE DIRECT REMITTANCE TO THE HOST LOCAL GOVERNMENT UNIT OF ITS FORTY PERCENT (40%) SHARE OF THE GROSS COLLECTION DERIVED BY THE NATIONAL GOVERNMENT FROM NATIONAL WEALTH TAXES, AMENDING FOR THE PURPOSE SECTION 293 OF REPUBLIC ACT NO. 7160, OTHERWISE KNOWN AS THE LOCAL GOVERNMENT CODE OF 1991","LEGARDA, LOREN B.","July 19, 2016",NATIONAL,LOCAL GOVERNMENT UNITS (LGUs) LOCAL GOVERNMENT CODE (R.A. NO. 7160) NATIONAL WEALTH,LOCAL GOVERNMENT,PENDING IN THE COMMITTEE
Senate Bill No. 491,17th Congress (July 2016 - 2019),https://ldr.senate.gov.ph/bills/senate-bill-no-491-17th-congress-republic,CENTER FOR INTERNATIONAL RELATIONS AND STRATEGIC STUDIES,AN ACT EXPANDING THE CENTER FOR INTERNATIONAL RELATIONS AND STRATEGIC STUDIES TO INCLUDE RESEARCH AND FORMULATION OF STRATEGIC OPTION FOR NATIONAL ECONOMIC AND SECURITY POLICIES,Antonio F. Trillanes IV,"July 19, 2016",NATIONAL,CENTER FOR INTERNATIONAL RELATIONS AND STRATEGIC STUDIES,ECONOMIC AFFAIRS,PENDING IN THE COMMITTEE
Senate Bill No. 27,17th Congress (July 2016 - 2019),https://ldr.senate.gov.ph/bills/senate-bill-no-27-17th-congress-republic,ANTI-HAZING,"AN ACT AMENDING REPUBLIC ACT NO. 8049 ENTITLED AN ACT REGULATING HAZING AND OTHER FORMS OF INITIATION RITES IN FRATERNITIES, SORORITIES AND OTHER ORGANIZATIONS AND PROVIDING PENALTIES THEREFOR, AND FOR OTHER PURPOSES",Gregorio B. Honasan II,"June 30, 2016",NATIONAL,Hazing FRATERNITY/SORORITY SCHOOL ADMINISTRATORS,PUBLIC ORDER AND DANGEROUS DRUGS,CONSOLIDATED/SUBSTITUTED IN THE COMMITTEE REPORT
Senate Bill No. 1176,17th Congress (July 2016 - 2019),https://ldr.senate.gov.ph/bills/senate-bill-no-1176-17th-congress-republic,THE CAMPUS SAFETY AND SECURITY ACT,"AN ACT MANDATING HIGHER EDUCATION INSTITUTIONS AND TECHNICAL-VOCATIONAL INSTITUTIONS TO ENSURE THE SAFETY AND SECURITY OF THE ACADEMIC COMMUNITY FROM INTERNAL AND EXTERNAL THREATS, THEREBY CREATING A CRIME PREVENTION COMMITTEE FOR THIS PURPOSE AND FOR OTHER PURPOSES",Antonio F. Trillanes IV,"September 29, 2016",NATIONAL,CAMPUS SAFETY,"EDUCATION, ARTS AND CULTURE",PENDING IN THE COMMITTEE
Senate Bill No. 91,17th Congress (July 2016 - 2019),https://ldr.senate.gov.ph/bills/senate-bill-no-91-17th-congress-republic,SOCIAL SECURITY ACT OF 1997,"AN ACT MANDATING A TWO THOUSAND PESO (P2,000.00) ACROSS-THE-BOARD INCREASE IN THE MONTHLY PENSION WITH CORRESPONDING ADJUSTMENT OF THE MINIMUM MONTHLY PENSION UNDER THE SOCIAL SECURITY SYSTEM, AMENDING FOR THE PURPOSE SECTION 12 OF REPUBLIC ACT NO. 1161, AS AMENDED, OTHERWISE KNOWN AS THE SOCIAL SECURITY ACT OF 1997",Antonio F. Trillanes IV,"June 30, 2016",NATIONAL,SOCIAL SECURITY SYSTEM (SSS) PENSION SOCIAL SECURITY LAW (RA 1161),GOVERNMENT CORPORATIONS AND PUBLIC ENTERPRISES,CONSOLIDATED/SUBSTITUTED IN THE COMMITTEE REPORT
Senate Bill No. 883,17th Congress (July 2016 - 2019),https://ldr.senate.gov.ph/bills/senate-bill-no-883-17th-congress-republic,MOVIE AND TELEVISION REIVEW AND CLASSIFICATION BOARD OF 2016,"AN ACT ENHANCING THE CAPABILITIES, MANDATE, AND ORGANIZATIONAL STRUCTURE OF THE MOVIE AND TELEVISION REVIEW AND CLASSIFICATION BOARD (MTRCB), AMENDING FOR THE PURPOSE PRESIDENTIAL DECREE 1986","POE, GRACE","July 26, 2016",NATIONAL,MOVIE AND TELEVISION REVIEW AND CLASSIFICATION BOARD (MTRCB),PUBLIC INFORMATION AND MASS MEDIA,PENDING IN THE COMMITTEE
Senate Bill No. 947,17th Congress (July 2016 - 2019),https://ldr.senate.gov.ph/bills/senate-bill-no-947-17th-congress-republic,RURAL EMPLOYMENT ASSISTANCE ACT,AN ACT PROVIDING FOR RURAL EMPLOYMENT ASSISTANCE PROGRAM AND APPROPRIATING FUNDS THEREFOR,"ANGARA, SONNY","January 8, 2016",NATIONAL,RURAL EMPLOYMENT,"SOCIAL JUSTICE, WELFARE AND RURAL DEVELOPMENT",CONSOLIDATED/SUBSTITUTED IN THE COMMITTEE REPORT
Senate Bill No. 184,17th Congress (July 2016 - 2019),https://ldr.senate.gov.ph/bills/senate-bill-no-184-17th-congress-republic,DRUG ABUSE PREVENTION PROGRAM IN EDUCATIONAL INSTITUTIONS ACT,AN ACT MANDATING THE ESTABLISHMENT OF A PROGRAM OF EDUCATION DESIGNED TO HELP ALL MEMBERS OF THE COMMUNITY OF AN EDUCATIONAL INSTITUTION TO AVOID INVOLVEMENT WITH ILLEGAL DRUGS,"BINAY, MARIA LOURDES NANCY S.","June 30, 2016",NATIONAL,ILLEGAL DRUGS educational institutions,"EDUCATION, ARTS AND CULTURE",PENDING IN THE COMMITTEE
Senate Bill No. 1257,17th Congress (July 2016 - 2019),https://ldr.senate.gov.ph/bills/senate-bill-no-1257-17th-congress-republic,"FIRST 1,000 DAYS ACT","AN ACT TO PROTECT FILIPINO PREGNANT AND LACTATING MOTHERS, INFANTS, AND YOUNG CHILDREN DURING THE FIRST 1000 DAYS OF LIFE AND APPROPRIATING FUNDS THEREFOR","LEGARDA, LOREN B.","January 12, 2016",NATIONAL,pregnancy MATERNAL/INFANT HEALTH nutrition,HEALTH AND DEMOGRAPHY,CONSOLIDATED/SUBSTITUTED IN THE COMMITTEE REPORT
Senate Bill No. 1268,17th Congress (July 2016 - 2019),https://ldr.senate.gov.ph/bills/senate-bill-no-1268-17th-congress-republic,GOVERNMENT PHYSICIANS' SALARY INCREASE,"AN ACT PROVIDING FOR AN INCREASE IN THE SALARY OF, AND ADDITIONAL INCENTIVES FOR GOVERNMENT PHYSICIANS AND APPROPRIATING FUNDS THEREFORE","PANGILINAN, FRANCIS ""KIKO"" N.","July 12, 2016",NATIONAL,GOVERNMENT PHYSICIANS MEDICAL PRACTITIONERS,"CIVIL SERVICE, GOVERNMENT REORGANIZATION AND PROFESSIONAL REGULATION","PENDING SECOND READING, SPECIAL ORDER"
Senate Bill No. 1002,17th Congress (July 2016 - 2019),https://ldr.senate.gov.ph/bills/senate-bill-no-1002-17th-congress-republic,INFORMATION TECHNOLOGY OFFICE,"AN ACT ESTABLISHING THE INFORMATION TECHNOLOGY OFFICE IN EVERY MUNICIPALITY, CITY AND PROVINCE AND FOR OTHER PURPOSES","GATCHALIAN, WIN","August 8, 2016",NATIONAL,INFORMATION TECHNOLOGY,LOCAL GOVERNMENT,PENDING IN THE COMMITTEE
Senate Bill No. 1063,17th Congress (July 2016 - 2019),https://ldr.senate.gov.ph/bills/senate-bill-no-1063-17th-congress-republic,AMENDING SECTION 2 AND 3 OF RA NO. 8187 (PATERNITY LEAVE ACT OF 1995),"AN ACT AMENDING SECTIONS 2 AND 3 OF REPUBLIC ACT NUMBER 8187, OTHERWISE KNOWN AS THE 'PATERNITY LEAVE ACT OF 1995' AND FOR OTHER PURPOSES","VILLANUEVA, JOEL","August 23, 2016",NATIONAL,PATERNITY LEAVE LEAVE OF ABSENCE,"LABOR, EMPLOYMENT AND HUMAN RESOURCES DEVELOPMENT",PENDING IN THE COMMITTEE
Senate Bill No. 250,17th Congress (July 2016 - 2019),https://ldr.senate.gov.ph/bills/senate-bill-no-250-17th-congress-republic,MAGNA CARTA OF THE POOR,AN ACT PROVIDING FOR A MAGNA CARTA OF THE POOR,"LEGARDA, LOREN B.","April 7, 2016",NATIONAL,MAGNA CARTA OF THE POOR,"SOCIAL JUSTICE, WELFARE AND RURAL DEVELOPMENT",CONSOLIDATED/SUBSTITUTED IN THE COMMITTEE REPORT
Senate Bill No. 405,17th Congress (July 2016 - 2019),https://ldr.senate.gov.ph/bills/senate-bill-no-405-17th-congress-republic,CANCER CARE CENTER ACT,"AN ACT ESTABLISHING CANCER CARE CENTERS AND A CANCER ASSISTANCE FUND FOR INDIGENTS, PROVIDING FUNDS THEREFOR AND OTHER PURPOSES","LEGARDA, LOREN B.","July 18, 2016",NATIONAL,CANCER CARE CENTERS,HEALTH AND DEMOGRAPHY,CONSOLIDATED/SUBSTITUTED IN THE COMMITTEE REPORT
Senate Bill No. 316,17th Congress (July 2016 - 2019),https://ldr.senate.gov.ph/bills/senate-bill-no-316-17th-congress-republic,PHILIPPINE AMATEUR SPORTS TRAINING CENTER ACT,"AN ACT CREATING AND ESTABLISHING A STATE-OF-THE-ART AND HIGHLY SCIENTIFIC SPORTS COMPLEX KNOWN AS THE PHILIPPINE AMATEUR SPORTS TRAINING CENTER, AND FUNDING FOR THE ACQUISITION OF PROPERTY, CONSTRUCTION OF FACILITIES, INCLUDING ITS ADMINISTRATION, MAINTENANCE, AND MANAGEMENT, AND FOR OTHER PURPOSES","ANGARA, SONNY","April 7, 2016",NATIONAL,SPORTS COMPLEX/SPORTS CENTER/MULTI-PURPOSE SPORTS CENTER/SPORTS ACADEMY,SPORTS,CONSOLIDATED/SUBSTITUTED IN THE COMMITTEE REPORT
Senate Bill No. 470,17th Congress (July 2016 - 2019),https://ldr.senate.gov.ph/bills/senate-bill-no-470-17th-congress-republic,GSIS MEMBER'S RIGHTS AND BENEFITS ACT OF 2016,"AN ACT INSTITUTIONALIZING THE RIGHTS OF GOVERNMENT SERVICE INSURANCE SYSTEM (GSIS) MEMBERS, PROVIDING THEM ADDITIONAL REPRESENTATION IN THE GSIS BOARD, AND FOR OTHER PURPOSES",Antonio F. Trillanes IV,"July 19, 2016",NATIONAL,GOVERNMENT SERVICE INSURANCE SYSTEM (GSIS),GOVERNMENT CORPORATIONS AND PUBLIC ENTERPRISES,PENDING IN THE COMMITTEE
Senate Bill No. 6,17th Congress (July 2016 - 2019),https://ldr.senate.gov.ph/bills/senate-bill-no-6-17th-congress-republic,"R.A.NO. 53, TO INCLUDE PRINT, BROADCAST AND ELECTRONIC MASS MEDIA IN THE EXEMPTION","AN ACT AMENDING SECTION 1 OF REPUBLIC ACT NO.53 OTHERWISE KNOWN AS TO EXEMPT THE PUBLISHER, EDITOR OR REPORTER OF ANY PUBLICATION FROM REVEALING THE SOURCE OF PUBLISHED NEWS OR INFORMATION OBTAINED IN CONFIDENCE","SOTTO III, VICENTE C.","June 30, 2016",NATIONAL,PUBLISHER/EDITOR/REPORTER ELECTRONIC MASS MEDIA MEDIA PRACTITIONERS information,PUBLIC INFORMATION AND MASS MEDIA,CONSOLIDATED/SUBSTITUTED IN THE COMMITTEE REPORT
Senate Bill No. 1155,17th Congress (July 2016 - 2019),https://ldr.senate.gov.ph/bills/senate-bill-no-1155-17th-congress-republic,PHILIPPINE MENTAL HEALTH ACT,"AN ACT PROMULGATING A NATIONAL MENTAL HEALTH POLICY TOWARDS THE ENHANCEMENT OF INTEGRATED MENTAL HEALTH SERVICES, THE PROMOTION AND PROTECTION OF PERSONS UTILIZING MENTAL HEALTH SERVICES, APPROPRIATING FUNDS THEREFOR AND FOR OTHER PURPOSES","ANGARA, SONNY","September 19, 2016",NATIONAL,MENTAL HEALTH,HEALTH AND DEMOGRAPHY,CONSOLIDATED/SUBSTITUTED IN THE COMMITTEE REPORT
Senate Bill No. 70,17th Congress (July 2016 - 2019),https://ldr.senate.gov.ph/bills/senate-bill-no-70-17th-congress-republic,"TRUST FUND FOR THE ABANDONED, NEGLECTED OR VOLUNTARILY COMMITTED CHILD OF 2016","AN ACT PROVIDING FOR A NATIONAL PROGRAM TO SUPPORT AND CARE FOR ABANDONED, NEGLECTED AND VOLUNTARILY COMMITTED CHILDREN, CREATING A SPECIAL TRUST FUND THEREFORE, AND FOR OTHER PURPOSES","CAYETANO, ALAN PETER S.","June 30, 2016",NATIONAL,Abandonment CHILDREN/CHILD CARE Department of Social Welfare and Development (DSWD) trust fund,"SOCIAL JUSTICE, WELFARE AND RURAL DEVELOPMENT",PENDING IN THE COMMITTEE
Senate Bill No. 284,17th Congress (July 2016 - 2019),https://ldr.senate.gov.ph/bills/senate-bill-no-284-17th-congress-republic,"AFP, PNP, BFP, BJMP, NBI, PDEA AND PCG INSURANCE COVERAGE ACT OF 2016","AN ACT PROVIDING FOR ADDITIONAL INSURANCE COVERAGE AND BENEFITS FOR ALL MEMBERS OF THE ARMED FORCES OF THE PHILIPPINES, PHILIPPINE NATIONAL POLICE, BUREAU OF FIRE PROTECTION, BUREAU OF JAIL MANAGEMENT AND PENELOGY, NATIONAL BUREAU OF INVESTIGATION, PHILIPPINE DRUG ENFORCEMENT AGENCY, AND PHILIPPINE COAST GUARD WHO ARE KILLED, WOUNDED OR INJURED IN LINE OF DUTY, PROVIDING FUNDS FOR THE PAYMENT OF THE PREMIUMS AND FOR OTHER RELATED PURPOSES",Antonio F. Trillanes IV,"April 7, 2016",NATIONAL,ARMED FORCES OF THE PHILIPPINES (AFP) PHILIPPINE NATIONAL POLICE (PNP) BUREAU OF FIRE PROTECTION BUREAU OF JAIL MANAGEMENT AND PENOLOGY PHILIPPINE COAST GUARD PHILIPPINE DRUG ENFORCEMENT AGENCY (PDEA) NATIONAL BUREAU OF INVESTIGATION (NBI),NATIONAL DEFENSE AND SECURITY,PENDING IN THE COMMITTEE
Senate Bill No. 349,17th Congress (July 2016 - 2019),https://ldr.senate.gov.ph/bills/senate-bill-no-349-17th-congress-republic,INCLUSIVE BUSINESS PROMOTION ACT,"AN ACT INSTITUTIONALIZING A NATIONAL STRATEGY FOR PROMOTING INCLUSIVE BUSINESS MODELS FOR POVERTY REDUCTION, INCLUSIVE GROWTH AND SUSTAINABLE DEVELOPMENT , AND FOR OTHER PURPOSES","Paolo Benigno ""Bam"" Aquino IV","April 7, 2016",NATIONAL,POVERTY ALLEVIATION BUSINESS AND SUSTAIN ECONOMIC GROWTH BUSINESS (PLANS AND STRATEGIES),"TRADE, COMMERCE AND ENTREPRENEURSHIP",PENDING IN THE COMMITTEE
Senate Bill No. 1014,17th Congress (July 2016 - 2019),https://ldr.senate.gov.ph/bills/senate-bill-no-1014-17th-congress-republic,THE PEOPLE'S RIGHT TO PUBLIC INFORMATION ACT OF 2016,"AN ACT PROMOTING AND ENFORCING THE RIGHT OF THE PEOPLE TO INFORMATION ON MATTERS OF PUBLIC CONCERN, AND FOR OTHER PURPOSES","VILLANUEVA, JOEL","August 15, 2016",NATIONAL,information,N/A,CONSOLIDATED/SUBSTITUTED IN THE COMMITTEE REPORT
Senate Bill No. 1078,17th Congress (July 2016 - 2019),https://ldr.senate.gov.ph/bills/senate-bill-no-1078-17th-congress-republic,CELL PHONE SUBSCRIBER PROTECTION ACT OF 2016,AN ACT TO ESTABLISH MINIMUM STANDARDS REGARDING THE QUALITY OF WIRELESS TELEPHONE SERVICE AND TO MONITOR COMPLAINTS REGARDING SUCH SERVICE,"EJERCITO, JOSEPH VICTOR G.","August 25, 2016",NATIONAL,CELLULAR PHONES/CELL PHONES,PUBLIC SERVICES,PENDING IN THE COMMITTEE
Senate Bill No. 1167,17th Congress (July 2016 - 2019),https://ldr.senate.gov.ph/bills/senate-bill-no-1167-17th-congress-republic,RIGHTSIZING THE NATIONAL GOVERNMENT ACT OF 2016,AN ACT RIGHTSIZING THE NATIONAL GOVERNMENT TO IMPROVE PUBLIC SERVICE DELIVERY,"SOTTO III, VICENTE C.","September 21, 2016",NATIONAL,REORGANIZATION RIGHTSIZING THE NATIONAL GOVERNMENT Government Reorganization,"CIVIL SERVICE, GOVERNMENT REORGANIZATION AND PROFESSIONAL REGULATION",CONSOLIDATED/SUBSTITUTED IN THE COMMITTEE REPORT
Senate Bill No. 175,17th Congress (July 2016 - 2019),https://ldr.senate.gov.ph/bills/senate-bill-no-175-17th-congress-republic,INNOVATIVE STARTUP ACT,"AN ACT CREATING THE INNOVATION COUNCIL AND PROVIDING BENEFITS AND PROGRAMS TO STRENGTHEN, PROMOTE, AND DEVELOP THE PHILIPPINE STARTUP ECOSYSTEM","Paolo Benigno ""Bam"" Aquino IV","June 30, 2016",NATIONAL,INNOVATIONS/INNOVATIVE TECHNOLOGY,SCIENCE AND TECHNOLOGY,CONSOLIDATED/SUBSTITUTED IN THE COMMITTEE REPORT
Senate Bill No. 1231,17th Congress (July 2016 - 2019),https://ldr.senate.gov.ph/bills/senate-bill-no-1231-17th-congress-republic,ROAD SAFETY AND COMPREHENSIVE DRIVER'S EDUCATION ACT OF 2016,AN ACT INTEGRATING BASIC ROAD SAFETY AND COMPREHENSIVE DRIVER'S EDUCATION IN THE CURRICULUM OF THE ENHANCED BASIC EDUCATION (K TO 12) PROGRAM,"POE, GRACE","July 11, 2016",NATIONAL,ROAD SAFETY DRIVER EDUCATION ACT K12 EDUCATION PROGRAM,"EDUCATION, ARTS AND CULTURE",PENDING IN THE COMMITTEE
Senate Bill No. 240,17th Congress (July 2016 - 2019),https://ldr.senate.gov.ph/bills/senate-bill-no-240-17th-congress-republic,THE VETERANS MEMORIAL MEDICAL CENTER CHARTER ACT OF 2016,AN ACT TO GIVE JURIDICAL PERSONALITY TO THE PRESENT VETERANS MEMORIAL MEDICAL CENTER (VMMC) AND FOR OTHER PURPOSES,Gregorio B. Honasan II,"April 7, 2016",NATIONAL,VETERANS MEMORIAL MEDICAL CENTER (VMMC),GOVERNMENT CORPORATIONS AND PUBLIC ENTERPRISES,PENDING IN THE COMMITTEE
Senate Bill No. 1178,17th Congress (July 2016 - 2019),https://ldr.senate.gov.ph/bills/senate-bill-no-1178-17th-congress-republic,INCREASING THE AUTHORIZED EXPENSES OF CANDIDATES AND POLITICAL PARTIES,"AN ACT AMENDING SECTION 13 OF REPUBLIC ACT NO. 7166, OTHERWISE KNOWN AS 'AN ACT PROVIDING FOR SYNCHRONIZED NATIONAL AND LOCAL ELECTIONS AND FOR ELECTORAL REFORMS, AUTHORIZING APPROPRIATIONS THEREFOR, AND FOR OTHER PURPOSES","PIMENTEL, AQUILINO ""KOKO"" III","March 10, 2016",NATIONAL,ELECTIONS/ELECTORAL REFORMS,ELECTORAL REFORMS AND PEOPLES PARTICIPATION,CONSOLIDATED/SUBSTITUTED IN THE COMMITTEE REPORT
Senate Bill No. 186,17th Congress (July 2016 - 2019),https://ldr.senate.gov.ph/bills/senate-bill-no-186-17th-congress-republic,DEATH PENALTY ON THE HEINOUS CRIME OF KIDNAPPING,"AN ACT TO IMPOSE THE DEATH PENALTY ON THE HEINOUS CRIME OF KIDNAPPING, AMENDING FOR THAT PURPOSE THE REVISED PENAL LAWS, AS AMENDED, AND FOR OTHER PURPOSES","PACQUIAO, EMMANUEL ""MANNY"" D.","June 30, 2016",NATIONAL,Death penalty HEINOUS CRIMES KIDNAPPING REVISED PENAL CODE (R.A. NO. 3815),JUSTICE AND HUMAN RIGHTS,PENDING IN THE COMMITTEE
Senate Bill No. 147,17th Congress (July 2016 - 2019),https://ldr.senate.gov.ph/bills/senate-bill-no-147-17th-congress-republic,"AMENDING NIRC, ADJUSTING THE INCOME BRACKETS ON INDIVIDUAL INCOME TAX","AN ACT ADJUSTING THE INCOME BRACKETS AND RATES OF TAX IMPOSED ON TAXABLE INCOME OF INDIVIDUALS, AMENDING FOR THIS PURPOSE SECTION 24 OF THE NATIONAL INTERNAL REVENUE CODE OF 1997, AS AMENDED, AND FOR OTHER PURPOSES","VILLAR, CYNTHIA A.","June 30, 2016",NATIONAL,TAXES (INDIVIDUAL INCOME TAX) NATIONAL INTERNAL REVENUE CODE (NIRC),WAYS AND MEANS,CONSOLIDATED/SUBSTITUTED IN THE COMMITTEE REPORT
Senate Bill No. 1259,17th Congress (July 2016 - 2019),https://ldr.senate.gov.ph/bills/senate-bill-no-1259-17th-congress-republic,PHILIPPINE SPACE ACT (PHILSA),"AN ACT ESTABLISHING A PHILIPPINE SPACE DEVELOPMENT POLICY AND CREATING THE PHILIPPINE SPACE AGENCY (PHILSA), DEFINING ITS PURPOSE, APPROPRIATING FUNDS THEREFOR AND FOR OTHER PURPOSES","LEGARDA, LOREN B.","January 12, 2016",NATIONAL,PHILIPPINE SPACE AGENCY (PHILSA),SCIENCE AND TECHNOLOGY,CONSOLIDATED/SUBSTITUTED IN THE COMMITTEE REPORT
Senate Bill No. 263,17th Congress (July 2016 - 2019),https://ldr.senate.gov.ph/bills/senate-bill-no-263-17th-congress-republic,AGRICULTURAL SECTOR IN THE GRANT OF LOANS BY THE LBP,"AN ACT PRIORITIZING THE AGRICULTURAL SECTOR IN THE GRANT OF LOANS BY THE LAND BANK OF THE PHILIPPINES, AMENDING FOR THE PURPOSE REPUBLIC ACT NUMBER THREE THOUSAND EIGHT HUNDRED FORTY-FOUR, AS AMENDED",Ralph G. Recto,"April 7, 2016",NATIONAL,LAND BANK OF THE PHILIPPINES (LBP) FARMERS,"BANKS, FINANCIAL INSTITUTIONS AND CURRENCIES",PENDING IN THE COMMITTEE
Senate Bill No. 327,17th Congress (July 2016 - 2019),https://ldr.senate.gov.ph/bills/senate-bill-no-327-17th-congress-republic,COASTAL ENVIRONMENT PROGRAM (CEP) ACT OF 2016,"AN ACT ESTABLISHING THE COASTAL ENVIRONMENT PROGRAM, APPROPRIATING FUNDS THEREFOR AND FOR OTHER PURPOSES","VILLAR, CYNTHIA A.","April 7, 2016",NATIONAL,COASTAL ENVIRONMENT PROGRAM/COASTAL RESOURCES PROTECTION,ENVIRONMENT AND NATURAL RESOURCES,PENDING IN THE COMMITTEE
Senate Bill No. 13,17th Congress (July 2016 - 2019),https://ldr.senate.gov.ph/bills/senate-bill-no-13-17th-congress-republic,SALARY STANDARDIZATION LAW OF 2016 (SSL 2016),AN ACT MODIFYING THE COMPENSATION AND POSITION CLASSIFICATION SYSTEM OF CIVILIAN GOVERNMENT PERSONNEL AND THE BASE PAY SCHEDULE OF MILITARY AND UNIFORMED PERSONEL IN THE GOVERNMENT,Franklin M. Drilon,"June 30, 2016",NATIONAL,COMPENSATION AND POSITION CLASSIFICATION SYSTEM SALARY STANDARDIZATION MILITARY AND UNIFORMED PERSONNEL GOVERNMENT EMPLOYEES,"CIVIL SERVICE, GOVERNMENT REORGANIZATION AND PROFESSIONAL REGULATION",CONSOLIDATED/SUBSTITUTED IN THE COMMITTEE REPORT
Senate Bill No. 993,17th Congress (July 2016 - 2019),https://ldr.senate.gov.ph/bills/senate-bill-no-993-17th-congress-republic,LOCAL DISASTER RISK REDUCTION AND MANAGEMENT,"AN ACT EXPANDING THE APPLICATION OF THE LOCAL DISASTER RISK REDUCTION AND MANAGEMENT FUND BY AMENDING REPUBLIC ACT NO. 10121, OTHERWISE KNOWN AS THE PHILIPPINE DISASTER RISK REDUCTION AND MANAGEMENT ACT OF 2010","GATCHALIAN, WIN","August 8, 2016",NATIONAL,PHILIPPINE DISASTER RISK REDUCTION AND MANAGEMENT ACT OF 2010 (R.A.NO. 10121),NATIONAL DEFENSE AND SECURITY,PENDING IN THE COMMITTEE
Senate Bill No. 77,17th Congress (July 2016 - 2019),https://ldr.senate.gov.ph/bills/senate-bill-no-77-17th-congress-republic,UNIFORMED PERSONNEL HEALTH AND WELLNESS DEVELOPMENT ACT OF 2016,AN ACT PROVIDING FOR PROGRAMS THAT PROMOTE THE WELFARE AND DEVELOPMENT OF THE PHILIPPINE NATIONAL POLICE (PNP) AND THE ARMED FORCES OF THE PHILIPPINES (AFP) PERSONNEL THROUGH THE ENHANCEMENT OF RECREATIONAL AND HEALTH FACILITIES IN THE POLICE AND MILITARY CAMPS AND PROVIDING FUNDS THEREFOR,"CAYETANO, ALAN PETER S.","June 30, 2016",NATIONAL,PHILIPPINE NATIONAL POLICE (PNP) ARMED FORCES OF THE PHILIPPINES (AFP) HEALTH FACILITIES,PUBLIC ORDER AND DANGEROUS DRUGS,PENDING IN THE COMMITTEE
Senate Bill No. 1057,17th Congress (July 2016 - 2019),https://ldr.senate.gov.ph/bills/senate-bill-no-1057-17th-congress-republic,AMENDING SECTION 5 OF RA NO. 7722 ( HIGHER EDUCATION ACT OF 1994 ),"AN ACT MAKING THE TERM OF OFFICE OF THE CHAIRMAN OF THE COMMISSION ON HIGHER EDUCATION (CHED) COTERMINOUS WITH THE APPOINTING PRESIDENT, AMENDING FOR THE PURPOSE SECTION 5 OF REPUBLIC ACT NO. 7722, OTHERWISE KNOWN AS THE HIGHER EDUCATION ACT OF 1994, AND FOR OTHER PURPOSES","PIMENTEL, AQUILINO ""KOKO"" III","August 23, 2016",NATIONAL,COMMISSION ON HIGHER EDUCATION (CHED),"EDUCATION, ARTS AND CULTURE",PENDING IN THE COMMITTEE
Senate Bill No. 1146,17th Congress (July 2016 - 2019),https://ldr.senate.gov.ph/bills/senate-bill-no-1146-17th-congress-republic,SUSTAINABLE ELEVATED WALKWAYS ACT OF 2016,"AN ACT ESTABLISHING A NETWORK OF SUSTAINABLE ELEVATED PEDESTRIAN WALKWAYS ALONG EPIFANIO DE LOS SANTOS AVENUE AND PERTINENT MAJOR PUBLIC THOROUGHFARES IN HIGH DENSITY URBAN AREAS, ESTABLISHING APPROPRIATE INFRASTRUCTURE AND FACILITIES, APPROPRIATING FUNDS THEREFOR, AND FOR OTHER PURPOSES","POE, GRACE","September 14, 2016",NATIONAL,INFRASTUCTURES PEDESTRIAN,PUBLIC SERVICES,PENDING IN THE COMMITTEE
Senate Bill No. 154,17th Congress (July 2016 - 2019),https://ldr.senate.gov.ph/bills/senate-bill-no-154-17th-congress-republic,TRANSPORTATION CRISIS ACT OF 2016,"AN ACT GRANTING THE PRESIDENT OF THE PHILIPPINES SPECIAL POWERS, PRESCRIBING URGENT AND RELATED MEASURES NECESSARY AND PROPER TO EFFECTIVELY ADDRESS THE CRISIS IN THE TRANSPORTATION SECTOR, AND FOR OTHER PURPOSES","EJERCITO, JOSEPH VICTOR G.","June 30, 2016",NATIONAL,TRANSPORTATION PRESIDENT OF THE PHILIPPINES,PUBLIC SERVICES,CONSOLIDATED/SUBSTITUTED IN THE COMMITTEE REPORT
Senate Bill No. 1209,17th Congress (July 2016 - 2019),https://ldr.senate.gov.ph/bills/senate-bill-no-1209-17th-congress-republic,PATERNITY LEAVE ACT OF 1996,"AN ACT AMENDING SECTION 2 OF REPUBLIC ACT NO. 8187, OTHERWISE KNOWN AS THE PATERNITY LEAVE ACT OF 1996, AND FOR OTHER PURPOSES","BINAY, MARIA LOURDES NANCY S.","October 18, 2016",NATIONAL,PATERNITY LEAVE LEAVE OF ABSENCE,"LABOR, EMPLOYMENT AND HUMAN RESOURCES DEVELOPMENT",PENDING IN THE COMMITTEE
Senate Bill No. 779,17th Congress (July 2016 - 2019),https://ldr.senate.gov.ph/bills/senate-bill-no-779-17th-congress-republic,CONVERTING ALL ROADS LEADING TO TOURIST DESTINATIONS AS NATIONAL ROADS,AN ACT CONVERTING ALL ROADS LEADING TO TOURIST DESTINATIONS AND PORTS AS NATIONAL ROADS,"ESCUDERO, FRANCIS G.","July 21, 2016",NATIONAL,"ROADS, CONVERSION TOURISM",PUBLIC WORKS,PENDING IN THE COMMITTEE
Senate Bill No. 219,17th Congress (July 2016 - 2019),https://ldr.senate.gov.ph/bills/senate-bill-no-219-17th-congress-republic,UNIFORMED PERSONNEL EDUCATIONAL ASSISTANCE AND BENEFITS ACT OF 2016,"AN ACT GRANTING EDUCATIONAL ASSISTANCE AND BENEFITS TO THE DEPENDENTS OF ALL MEMBERS OF THE ARMED FORCES OF THE PHILIPPINES (AFP) , PHILIPPINE NATIONAL POLICE (PNP), BUREAU OF FIRE PROTECTION (BFP), BUREAU OF JAIL MANAGEMENT AND PENOLOGY (BJMP), NATIONAL BUREAU OF INVESTIGATION (NBI), PHILIPPINE DRUG ENFORCEMENT AGENCY (PDEA), PHILIPPINE COAST GUARD (PCG) AND BUREAU OF CORRECTIONS (BUCOR) WHO ARE KILLED OR PERMANENTLY INCAPACITATED WHILE IN THE PERFORMANCE OF THEM DUTY OR BY REASON OF THEIR OFFICE OR POSITION","SOTTO III, VICENTE C.","April 7, 2016",NATIONAL,ARMED FORCES OF THE PHILIPPINES (AFP) PHILIPPINE NATIONAL POLICE (PNP) BUREAU OF FIRE PROTECTION BUREAU OF JAIL MANAGEMENT AND PENOLOGY NATIONAL BUREAU OF INVESTIGATION (NBI) PHILIPPINE DRUG ENFORCEMENT AGENCY (PDEA) PHILIPPINE COAST GUARD BUREAU OF CORRECTIONS (BUCOR),"CIVIL SERVICE, GOVERNMENT REORGANIZATION AND PROFESSIONAL REGULATION",CONSOLIDATED/SUBSTITUTED IN THE COMMITTEE REPORT
Senate Bill No. 541,17th Congress (July 2016 - 2019),https://ldr.senate.gov.ph/bills/senate-bill-no-541-17th-congress-republic,"PROFESSIONAL FILIPINO ATHLETES RETIREMENT, HEALTH CARE AND DEATH BENEFITS ACT OF 2016","AN ACT GRANTING RETIREMENT, HEALTH CARE AND DEATH BENEFITS TO PROFESSIONAL FILIPINO ATHLETES WHO WIN WORLD CHAMPIONSHIP TITLES IN INTERNATIONAL PROFESSIONAL SPORTS COMPETITIONS OR IN OTHER EQUALLY PRESTIGIOUS INTERNATIONAL GAMES AND PROVIDING FUNDS THEREFOR",Antonio F. Trillanes IV,"July 19, 2016",NATIONAL,PROFESSIONAL FILIPINO ATHLETES ATHLETES,SPORTS,CONSOLIDATED/SUBSTITUTED IN THE COMMITTEE REPORT
Senate Bill No. 603,17th Congress (July 2016 - 2019),https://ldr.senate.gov.ph/bills/senate-bill-no-603-17th-congress-republic,ARMED FORCES OF THE PHILIPPINES PEACEKEEPING/EXPEDITIONARY CONTINGENT/FORCE LAW OF 2016,AN ACT PRESCRIBING RATES OF PAY AND ALLOWANCES FOR OFFICERS AND ENLISTED PERSONNEL OF THE ARMED FORCES OF THE PHILIPPINES (AFP) WHILE ON OVERSEAS DUTY WITH A PHILIPPINE EXPEDITIONARY OR PEACEKEEPING CONTINGENT PURSUANT TO A PHILIPPINE COOPERATIVE COMMITMENT TO A UNITED NATIONS SANCTION OR POLICY AND FOR OTHER PURPOSES,Antonio F. Trillanes IV,"July 19, 2016",NATIONAL,ARMED FORCES OF THE PHILIPPINES (AFP) PEACEKEEPING MISSION,NATIONAL DEFENSE AND SECURITY,PENDING IN THE COMMITTEE
Senate Bill No. 1290,17th Congress (July 2016 - 2019),https://ldr.senate.gov.ph/bills/senate-bill-no-1290-17th-congress-republic,PHILIPPINE ENERGY RESEARCH AND POLICY DEVELOPMENT INSTITUTE ACT OF 2016,"AN ACT ESTABLISHING THE PHILIPPINE ENERGY RESEARCH AND POLICY DEVELOPMENT INSTITUTE, DEFINING ITS OBJECTIVES, POWERS AND FUNCTIONS, PROVIDING FUNDS THEREFOR, AND FOR OTHER PURPOSES","GATCHALIAN, WIN","December 15, 2016",NATIONAL,PHILIPPINE ENERGY RESEARCH AND POLICY INSTITUTE,ENERGY,CONSOLIDATED/SUBSTITUTED IN THE COMMITTEE REPORT
Senate Bill No. 295,17th Congress (July 2016 - 2019),https://ldr.senate.gov.ph/bills/senate-bill-no-295-17th-congress-republic,NATIONAL INTERNAL REVENUE CODE,"AN ACT AMENDING SECTIONS 99(B), 100 AND 101 OF TITLE III, ESTATE AND DONOR'S TAXES, OF THE NATIONAL INTERNAL REVENUE CODE OF 1997 AS AMENDED, AND FOR OTHER PURPOSES","PIMENTEL, AQUILINO ""KOKO"" III","April 7, 2016",NATIONAL,TAXES (ESTATE TAX) DONATIONS NATIONAL INTERNAL REVENUE CODE (NIRC),WAYS AND MEANS,CONSOLIDATED/SUBSTITUTED IN THE COMMITTEE REPORT
Senate Bill No. 862,17th Congress (July 2016 - 2019),https://ldr.senate.gov.ph/bills/senate-bill-no-862-17th-congress-republic,CONTINGENT LIABILITIES DISCLOSURE ACT OF 2016,"AN ACT MANDATING THE ANNUAL PUBLIC DISCLOSURE OF ALL CONTINGENT LIABILITIES INCURRED BY ALL NATIONAL GOVERNMENT AGENCIES, LOCAL GOVERNMENT UNITS, GOVERNMENT-OWNED OR CONTROLLED CORPORATIONS, GOVERNMENT FINANCIAL INSTITUTIONS, AND OTHER GOVERNMENT INSTRUMENTALITIES",Ralph G. Recto,"July 21, 2016",NATIONAL,LOCAL GOVERNMENT UNITS (LGUs) GOVERNMENT-OWNED AND-CONTROLLED CORPORATIONS (GOCC) GOVERNMENT FINANCIAL INSTITUTIONS,ECONOMIC AFFAIRS,PENDING IN THE COMMITTEE
Senate Bill No. 925,17th Congress (July 2016 - 2019),https://ldr.senate.gov.ph/bills/senate-bill-no-925-17th-congress-republic,EXEMPTING GREEN VEHICLES FROM THE MOTOR VEHICLE USER'S CHARGE,"AN ACT EXEMPTING GREEN VEHICLES FROM THE MOTOR VEHICLES USER'S CHARGE AMENDING FOR THE PURPOSE SECTION 2 OF REPUBLIC ACT NO.8794, OTHERWISE KNOWN AS THE MOTOR VEHICLE USER'S CHARGE ACT OF 2000",Ralph G. Recto,"January 8, 2016",NATIONAL,MOTOR VEHICLES USERS CHARGE (MVUC) (R.A. NO. 8794) ELECTRONIC VEHICLE (E-VEHICLE) HYBRID CARS,PUBLIC WORKS,PENDING IN THE COMMITTEE
Senate Bill No. 1236,17th Congress (July 2016 - 2019),https://ldr.senate.gov.ph/bills/senate-bill-no-1236-17th-congress-republic,"P2,000 ACROSS-THE-BOARD INCREASE IN THE MONTHLY PENSION UNDER THE SSS","AN ACT MANDATING A TWO THOUSAND PESO (P2,000.00) ACROSS-THE-BOARD INCREASE IN THE MONTHLY PENSION WITH CORRESPONDING ADJUSTMENT OF THE MINIMUM MONTHLY PENSION UNDER THE SOCIAL SECURITY SYSTEM, AMENDING FOR THE PURPOSE SECTION 12 OF REPUBLIC ACT NO. 1161 AS AMENDED, OTHERWISE KNOWN AS THE SOCIAL SECURITY ACT OF 1997","GATCHALIAN, WIN","November 14, 2016",NATIONAL,SOCIAL SECURITY SYSTEM (SSS),GOVERNMENT CORPORATIONS AND PUBLIC ENTERPRISES,CONSOLIDATED/SUBSTITUTED IN THE COMMITTEE REPORT
Senate Bill No. 132,17th Congress (July 2016 - 2019),https://ldr.senate.gov.ph/bills/senate-bill-no-132-17th-congress-republic,TAXPAYER ASSISTANCE SERVICE IN THE BIR,"AN ACT AMENDING SECTION 3 OF THE NATIONAL INTERNAL REVENUE CODE OF 1997, AS AMENDED, ESTABLISHING A TAXPAYER ASSISTANCE SERVICE IN THE BUREAU OF INTERNAL REVENUE AND FOR OTHER PURPOSES","ANGARA, SONNY","June 30, 2016",NATIONAL,BUREAU OF INTERNAL REVENUE (BIR) NATIONAL INTERNAL REVENUE CODE (NIRC) TAXES/TAXATION,WAYS AND MEANS,PENDING IN THE COMMITTEE
Senate Bill No. 737,17th Congress (July 2016 - 2019),https://ldr.senate.gov.ph/bills/senate-bill-no-737-17th-congress-republic,PHILIPPINE CHARITY SWEEPSTAKES OFFICE CHARITY FUND ACT,"AN ACT INSTITUTIONALIZING JUST AND EQUITABLE DISPOSITION OF THE PHILIPPINE CHARITY SWEEPSTAKES OFFICE CHARITY FUND, AMENDING FOR THAT PURPOSE SECTION 6 OF REPUBLIC ACT NO. 1169, AS AMENDED","ESCUDERO, FRANCIS G.","July 21, 2016",NATIONAL,PHILIPPINE CHARITY SWEEPSTAKES OFFICE (PCSO),GOVERNMENT CORPORATIONS AND PUBLIC ENTERPRISES,PENDING IN THE COMMITTEE
Senate Bill No. 198,17th Congress (July 2016 - 2019),https://ldr.senate.gov.ph/bills/senate-bill-no-198-17th-congress-republic,FREE HIGHER EDUCATION ACT,"AN ACT PROVIDING FOR FULL TUITION SUBSIDY IN STATE UNIVERSITIES AND COLLEGES, AND APPROPRIATING FUNDS THEREFORE","GATCHALIAN, WIN","June 30, 2016",NATIONAL,FREE TERTIARY EDUCATION STATE COLLEGES AND UNIVERSITIES (SCUS) TUITION FEES STUDENTS,"EDUCATION, ARTS AND CULTURE",CONSOLIDATED/SUBSTITUTED IN THE COMMITTEE REPORT
Senate Bill No. 802,17th Congress (July 2016 - 2019),https://ldr.senate.gov.ph/bills/senate-bill-no-802-17th-congress-republic,UNEMPLOYMENT OR INVOLUNTARY SEPARATION BENEFITS,"AN ACT AUTHORIZING THE GRANT OF UNEMPLOYMENT OR INVOLUNTARY SEPARATION BENEFITS TO ELIGIBLE MEMBERS OF THE SOCIAL SECURITY SYSTEM (SSS), AMENDING FOR THE PURPOSE REPUBLIC ACT NO. 8282, OTHERWISE KNOWN AS SOCIAL SECURITY ACT OF 1997",Ralph G. Recto,"July 21, 2016",NATIONAL,UNEMPLOYMENT SOCIAL SECURITY ACT OF 1997 (R.A.NO. 8282),GOVERNMENT CORPORATIONS AND PUBLIC ENTERPRISES,CONSOLIDATED/SUBSTITUTED IN THE COMMITTEE REPORT
Senate Bill No. 1040,17th Congress (July 2016 - 2019),https://ldr.senate.gov.ph/bills/senate-bill-no-1040-17th-congress-republic,FREE TERTIARY AGRICULTURAL EDUCATION ACT,"AN ACT GRANTING FREE TERTIARY AGRICULTURAL EDUCATION ACT, AND OTHER RELATED COURSES TO ALL DEPENDENT CHILDREN OF REGISTERED INDIGENT FARMERS IN THE COUNTRY, AND FOR OTHER PURPOSES","DE LIMA, LEILA M.","August 17, 2016",NATIONAL,FREE TERTIARY EDUCATION AGRICULTURAL EDUCATION FARMERS,AGRICULTURE AND FOOD,PENDING IN THE COMMITTEE
Senate Bill No. 1285,17th Congress (July 2016 - 2019),https://ldr.senate.gov.ph/bills/senate-bill-no-1285-17th-congress-republic,AMENDING R.A. NO. 8551 (PNP LAW),"AN ACT TO STRENGTHEN THE INTERNAL AFFAIRS SERVICE OF THE PHILIPPINE NATIONAL POLICE, AMENDING CERTAIN PROVISIONS OF THE PNP LAW UNDER REPUBLIC ACT NO. 6975 AS AMENDED BY REPUBLIC ACT NO. 8551, AND FOR OTHER PURPOSES","Paolo Benigno ""Bam"" Aquino IV","December 15, 2016",NATIONAL,PHILIPPINE NATIONAL POLICE (PNP) INTERNAL AFFAIRS SERVICE,JUSTICE AND HUMAN RIGHTS,PENDING IN THE COMMITTEE
Senate Bill No. 1102,17th Congress (July 2016 - 2019),https://ldr.senate.gov.ph/bills/senate-bill-no-1102-17th-congress-republic,THE SINGER'S EQUITY ACT,"AN ACT CONSERVING, PROMOTING AND POPULARIZING THE NATION'S HISTORICAL AND CULTURAL HERITAGE AND RESOURCES, AS WELL AS ARTISTIC CREATIONS BY EXACTING A PERFORMANCE FEE FROM FOREIGN PERFORMERS AND ALLOCATING THE PROCEEDS THEREOF TO THE NATIONAL COMMISSION FOR CULTURE AND THE ARTS AND FOR OTHER PURPOSES","EJERCITO, JOSEPH VICTOR G.","August 25, 2016",NATIONAL,FEES AND CHARGES NATIONAL CULTURAL HERITAGE FOREIGN ARTISTS/SINGERS/PERFORMERS NATIONAL COMMISSION FOR CULTURE AND THE ARTS,"EDUCATION, ARTS AND CULTURE",PENDING IN THE COMMITTEE
Senate Bill No. 1008,17th Congress (July 2016 - 2019),https://ldr.senate.gov.ph/bills/senate-bill-no-1008-17th-congress-republic,WILFUL OR INDISCRIMINATE DISCHARGE OF FIREARMS,"AN ACT PROVIDING FOR STIFFER PENALTIES FOR WILFUL OR INDISCRIMINATE DISCHARGE OF FIREARMS, AMENDING FOR THE PURPOSE ACT NO. 3815, AS AMENDED, OTHERWISE KNOWN AS THE REVISED PENAL CODE","GATCHALIAN, WIN","August 8, 2016",NATIONAL,FIREARMS REVISED PENAL CODE (R.A. NO. 3815),PUBLIC ORDER AND DANGEROUS DRUGS,PENDING IN THE COMMITTEE
Senate Bill No. 1072,17th Congress (July 2016 - 2019),https://ldr.senate.gov.ph/bills/senate-bill-no-1072-17th-congress-republic,NATIONAL FOOD AUTHORITY RATIONALIZATION ACT OF 2016,"AN ACT TO STRENGTHEN AND REORIENT THE MANDATE OF THE NATIONAL FOOD AUTHORITY IN ORDER TO ENSURE FOOD SUFFICIENCY, FOR THAT PURPOSE RATIONALIZING ITS FUNCTIONS, AND FOR OTHER PURPOSES","EJERCITO, JOSEPH VICTOR G.","August 25, 2016",NATIONAL,NATIONAL FOOD AUTHORITY (NFA),GOVERNMENT CORPORATIONS AND PUBLIC ENTERPRISES,PENDING IN THE COMMITTEE
Senate Bill No. 63,17th Congress (July 2016 - 2019),https://ldr.senate.gov.ph/bills/senate-bill-no-63-17th-congress-republic,SOCIAL SECURITY LAW,"INCREASING PENSIONS UNDER THE SOCIAL SECURITY SYSTEM AND RATIONALIZING THE POWERS, DUTIES AND ACCOUNTABILITIES OF THE SOCIAL SECURITY COMMISSION, FURTHER AMENDING FOR THE PURPOSE REPUBLIC ACT NO. 1161, AS AMENDED, OTHERWISE KNOWN AS THE SOCIAL SECURITY LAW",Ralph G. Recto,"June 30, 2016",NATIONAL,SOCIAL SECURITY LAW (RA 1161) SOCIAL SECURITY SYSTEM (SSS) PENSION,GOVERNMENT CORPORATIONS AND PUBLIC ENTERPRISES,CONSOLIDATED/SUBSTITUTED IN THE COMMITTEE REPORT
Senate Bill No. 899,17th Congress (July 2016 - 2019),https://ldr.senate.gov.ph/bills/senate-bill-no-899-17th-congress-republic,GIFTED AND HANDICAPPED CHILDREN AND YOUTH ACT OF 2016,AN ACT TO EXPAND AND REVITALIZE THE SPECIAL EDUCATION PROGRAM FOR GIFTED AND HANDICAPPED CHILDREN AND YOUTH IN THE PHILIPPINES,"EJERCITO, JOSEPH VICTOR G.","July 26, 2016",NATIONAL,GIFTED AND TALENTED PUPIL/GIFTED AND TALENTED CHILDREN AND YOUTH HANDICAPPED/DISABLED/DIFFERENTLY ABLED SPECIAL EDUCATION,"EDUCATION, ARTS AND CULTURE",CONSOLIDATED/SUBSTITUTED IN THE COMMITTEE REPORT
Senate Bill No. 963,17th Congress (July 2016 - 2019),https://ldr.senate.gov.ph/bills/senate-bill-no-963-17th-congress-republic,PATERNITY LEAVE ACT,"AN ACT AMENDING SECTIONS 2 AND 3 OF REPUBLIC ACT NO. 8187, OTHERWISE KNOWN AS THE PATERNITY LEAVE ACT OF 1996","PANGILINAN, FRANCIS ""KIKO"" N.","January 8, 2016",NATIONAL,PATERNITY LEAVE LEAVE OF ABSENCE,"LABOR, EMPLOYMENT AND HUMAN RESOURCES DEVELOPMENT",PENDING IN THE COMMITTEE
Senate Bill No. 1114,17th Congress (July 2016 - 2019),https://ldr.senate.gov.ph/bills/senate-bill-no-1114-17th-congress-republic,THE MALNUTRITION -FREE ACT OF 2016,AN ACT PROVIDING FOR A COMPREHENSIVE MALNUTRITION PROGRAM AND APPROPRIATING FUNDS THEREFOR,"VILLAR, CYNTHIA A.","August 30, 2016",NATIONAL,MALNUTRITION,HEALTH AND DEMOGRAPHY,CONSOLIDATED/SUBSTITUTED IN THE COMMITTEE REPORT
Senate Bill No. 785,17th Congress (July 2016 - 2019),https://ldr.senate.gov.ph/bills/senate-bill-no-785-17th-congress-republic,"EXTENDING NO-COLLATERAL, LOW-INTEREST LOANS TO GRADUATES OF ANY COURSES OFFERED BY THE TESDA","AN ACT PROVIDING A SYSTEM OF EXTENDING NO-COLLATERAL, LOW-INTEREST LOANS TO GRADUATES OF ANY COURSES OFFERED BY THE TECHNICAL EDUCATION AND SKILLS AUTHORITY OR DULY ACCREDITED LEARNING INSTITUTIONS WITH APPROVED OVERSEAS JOB CONTRACTS","ESCUDERO, FRANCIS G.","July 21, 2016",NATIONAL,TECHNICAL EDUCATION AND SKILLS DEVELOPMENT AUTHORITY (TESDA) GRADUATES (PRE-EMPLOYMENT),"BANKS, FINANCIAL INSTITUTIONS AND CURRENCIES","PENDING SECOND READING, SPECIAL ORDER"
Senate Bill No. 734,17th Congress (July 2016 - 2019),https://ldr.senate.gov.ph/bills/senate-bill-no-734-17th-congress-republic,PENALTY FOR OVERLOADING,AN ACT AMENDING SECTION 6 OF REPUBLIC ACT NO. 8794,"ESCUDERO, FRANCIS G.","July 21, 2016",NATIONAL,OVERLOADING MOTOR VEHICLES USERS CHARGE (MVUC) (R.A. NO. 8794),PUBLIC WORKS,PENDING IN THE COMMITTEE
Senate Bill No. 848,17th Congress (July 2016 - 2019),https://ldr.senate.gov.ph/bills/senate-bill-no-848-17th-congress-republic,PREPAID LOAD PROTECTION ACT OF 2016,AN ACT PROHIBITING TELECOMMUNICATION COMPANIES FROM IMPOSING AN EXPIRATION PERIOD ON THE VALIDITY OF PREPAID CALL AND TEXT CARDS AND THE FORFEITURE OF LOAD CREDITS THEREOF,Ralph G. Recto,"July 21, 2016",NATIONAL,PREPAID CALLING CARDS/PREPAID SIM CARDS/PRE-PAID PHONE CARD INDUSTRY TELECOMMUNICATIONS,PUBLIC SERVICES,PENDING IN THE COMMITTEE
Senate Bill No. 931,17th Congress (July 2016 - 2019),https://ldr.senate.gov.ph/bills/senate-bill-no-931-17th-congress-republic,REDUCING THE CIVIL PENALTIES AND INTEREST IMPOSED ON THE FAILURE TO FILE TAX RETURNS,"AN ACT REDUCING THE CIVIL PENALTIES AND INTEREST IMPOSED ON THE FAILURE TO FILE TAX RETURNS AND PAY THE TAX DUE THEREON, AMENDING FOR THIS PURPOSES SECTIONS 248 AND 249 (A) OF THE NATIONAL INTERNA REVENUE CODE OF 1997, AS AMENDED",Ralph G. Recto,"January 8, 2016",NATIONAL,NATIONAL INTERNAL REVENUE CODE (NIRC) TAXES/TAXATION,WAYS AND MEANS,PENDING IN THE COMMITTEE
Senate Bill No. 1099,17th Congress (July 2016 - 2019),https://ldr.senate.gov.ph/bills/senate-bill-no-1099-17th-congress-republic,CRIMINAL STREET GANG DETERRENCE AND PUNISHMENT ACT,"AN ACT DETERRING AND PUNISHING THE ESTABLISHMENT AND OPERATION OF CRIMINAL STREET GANGS, RECRUITMENT OF INDIVIDUALS TO PARTICIPATE IN THE COMMISSION OF GANG CRIMES AND FOR OTHER PURPOSES","EJERCITO, JOSEPH VICTOR G.","August 25, 2016",NATIONAL,STREET GANGS,PUBLIC ORDER AND DANGEROUS DRUGS,PENDING IN THE COMMITTEE
Senate Bill No. 418,17th Congress (July 2016 - 2019),https://ldr.senate.gov.ph/bills/senate-bill-no-418-17th-congress-republic,MALUNGGAY DEVELOPMENT ACT,"AN ACT TO PROMOTE THE PRODUCTION, PROCESSING, MARKETING AND DISTRIBUTION OF MORINGA OLEIFERA LAMK, OTHERWISE KNOWN AS MALUNGGAY, MANDATING THE CREATION OF A FRAMEWORK FOR DEVELOPMENT PLAN, PROVIDING FUNDS THEREFOR, AND FOR OTHER PURPOSES","LEGARDA, LOREN B.","July 19, 2016",LOCAL,MALUNGGAY,AGRICULTURE AND FOOD,PENDING IN THE COMMITTEE
Senate Bill No. 483,17th Congress (July 2016 - 2019),https://ldr.senate.gov.ph/bills/senate-bill-no-483-17th-congress-republic,COMMISSION ON HUMAN RIGHT CHARTER,"AN ACT STRENGTHENING THE FUNCTIONAL AND STRUCTURAL ORGANIZATION OF THE COMMISSION ON HUMAN RIGHTS, AND FOR OTHER PURPOSES",Antonio F. Trillanes IV,"July 19, 2016",NATIONAL,COMMISSION ON HUMAN RIGHTS,JUSTICE AND HUMAN RIGHTS,PENDING IN THE COMMITTEE
Senate Bill No. 535,17th Congress (July 2016 - 2019),https://ldr.senate.gov.ph/bills/senate-bill-no-535-17th-congress-republic,ESTABLISHING A COST SHARING SCHEME,AN ACT ESTABLISHING A COST SHARING SCHEME TO PROVIDE FOR A HOSPITAL CARE PROGRAM IN LOCAL GOVERNMENT UNITS AND FOR OTHER PURPOSES,Antonio F. Trillanes IV,"July 19, 2016",NATIONAL,COST SHARING SCHEME LOCAL GOVERNMENT UNITS (LGUs) HEALTH CARE DELIVERY SYSTEM,LOCAL GOVERNMENT,PENDING IN THE COMMITTEE
Senate Bill No. 597,17th Congress (July 2016 - 2019),https://ldr.senate.gov.ph/bills/senate-bill-no-597-17th-congress-republic,OFFICE OF VETERANS AFFAIRS IN THE PHILIPPINE EMBASSY IN THE USA,"AN ACT TO ESTABLISH AND MAINTAIN AN OFFICE OF VETERANS AFFAIRS IN THE PHILIPPINE EMBASSY IN THE UNITED STATES OF AMERICA, PRESCRIBING ITS FUNCTIONS, PROVIDING FUNDS THEREFOR AND FOR OTHER PURPOSES",Antonio F. Trillanes IV,"July 19, 2016",NATIONAL,VETERANS AFFAIRS OFFICE PHILIPPINE EMBASSY,NATIONAL DEFENSE AND SECURITY,PENDING IN THE COMMITTEE
Senate Bill No. 764,17th Congress (July 2016 - 2019),https://ldr.senate.gov.ph/bills/senate-bill-no-764-17th-congress-republic,POLE ATTACHMENTS ACT,"AN ACT REGULATING POLES, POLE ATTACHMENTS AND FOR OTHER PURPOSES","ESCUDERO, FRANCIS G.","July 21, 2016",NATIONAL,POLE/POLE ATTACHMENTS,PUBLIC SERVICES,PENDING IN THE COMMITTEE
Senate Bill No. 827,17th Congress (July 2016 - 2019),https://ldr.senate.gov.ph/bills/senate-bill-no-827-17th-congress-republic,DIRECT REMITTANCE OF THE SHARE OF LOCAL GOVERNMENT UNITS,"AN ACT PROVIDING THE DIRECT REMITTANCE TO THE HOST LOCAL GOVERNMENT UNITS OF THEIR FORTY PERCENT (40%) SHARE DERIVED FROM THE NATIONAL WEALTH AMENDING FOR THE PURPOSE SECTION 293 OF REPUBLIC ACT NO. 7160, OTHERWISE KNOWN AS THE LOCAL GOVERNMENT CODE OF 1991",Ralph G. Recto,"July 21, 2016",NATIONAL,LOCAL GOVERNMENT CODE (R.A. NO. 7160) NATIONAL WEALTH,LOCAL GOVERNMENT,PENDING IN THE COMMITTEE
Senate Bill No. 432,17th Congress (July 2016 - 2019),https://ldr.senate.gov.ph/bills/senate-bill-no-432-17th-congress-republic,VERDE ISLAND PASSAGE INTER-AGENCY TASK FORCE ACT OF 2016,"AN ACT ESTABLISHING THE VERDE ISLAND PASSAGE INTER-AGENCY TASK FORCE TO COORDINATE, SUPPORT AND ENHANCE THE ESTABLISHMENT OF MARINE PROTECTED AREAS AND PROMOTE ECO-TOURISM INDUSTRY IN THESE AREAS, PROVIDE FUNDS THEREFOR AND FOR OTHER PURPOSES","LEGARDA, LOREN B.","July 19, 2016",NATIONAL,VERDE ISLAND PASSAGE INTER-AGENCY TASK FORCE PROTECTED AREA/PROTECTED LANDSCAPE TOURISM (ECOTOURISM ZONE/ECOTOURISM SITE),ENVIRONMENT AND NATURAL RESOURCES,PENDING IN THE COMMITTEE
Senate Bill No. 496,17th Congress (July 2016 - 2019),https://ldr.senate.gov.ph/bills/senate-bill-no-496-17th-congress-republic,INFANT MORTALITY INITIATIVE ACT OF 2016,AN ACT TO ESTABLISH AN INFANT MORTALITY PROGRAM TO REDUCE THE RATE OF INFANT MORTALITY IN THE COUNTRY PROVIDING FUNDS THEREFOR AND FOR OTHER PURPOSES,Antonio F. Trillanes IV,"July 19, 2016",NATIONAL,INFANT MORTALITY PROGRAM,HEALTH AND DEMOGRAPHY,PENDING IN THE COMMITTEE
Senate Bill No. 806,17th Congress (July 2016 - 2019),https://ldr.senate.gov.ph/bills/senate-bill-no-806-17th-congress-republic,"RENT CONTROL PERIOD EXTENDED FROM DECEMBER 31, 2013 UNTIL DECEMBER 31, 2020","AN ACT EXTENDING THE RENT CONTROL PERIOD OF RESIDENTIAL UNITS, AMENDING THEREBY REPUBLIC ACT NO. 9653 ENTITLED: AN ACT ESTABLISHING REFORMS IN THE REGULATIONS OF RENT OF CERTAIN RESIDENTIAL UNITS, PROVIDING THE MECHANISMS THEREFOR AND FOR OTHER PURPOSES",Ralph G. Recto,"July 21, 2016",NATIONAL,RENT CONTROL,"URBAN PLANNING, HOUSING AND RESETTLEMENT",PENDING IN THE COMMITTEE
Senate Bill No. 506,17th Congress (July 2016 - 2019),https://ldr.senate.gov.ph/bills/senate-bill-no-506-17th-congress-republic,WASTE-TO-ENERGY TECHNOLOGY,"AN ACT PROMOTING AND PERMITTING THE USE OF WASTE-TO-ENERGY TECHNOLOGY, AMENDING FOR THIS PURPOSE REPUBLIC ACT NUMBERED 8749, OTHERWISE KNOWN AS THE CLEAN AIR ACT OF 1999",Antonio F. Trillanes IV,"July 19, 2016",NATIONAL,CLEAN AIR ACT WASTE MANAGEMENT Energy conservation,ENVIRONMENT AND NATURAL RESOURCES,PENDING IN THE COMMITTEE
Senate Bill No. 568,17th Congress (July 2016 - 2019),https://ldr.senate.gov.ph/bills/senate-bill-no-568-17th-congress-republic,E-WASTE AND CELLULAR PHONES RECYCLING ACT,"AN ACT PROVIDING FOR THE COLLECTION, TRANSPORTATION AND RECYCLING OF ELECTRONIC WASTE AND CELLULAR PHONES",Antonio F. Trillanes IV,"July 19, 2016",NATIONAL,ELECTRONIC WASTE (E-WASTE) RECYCLING CELLULAR PHONES/CELL PHONES,ENVIRONMENT AND NATURAL RESOURCES,PENDING IN THE COMMITTEE
Senate Bill No. 258,17th Congress (July 2016 - 2019),https://ldr.senate.gov.ph/bills/senate-bill-no-258-17th-congress-republic,WHISTLEBLOWER ACT OF 2016,"AN ACT PROVIDING FOR PROTECTION, SECURITY AND BENEFITS OF WHISTLEBLOWERS AND FOR OTHER PURPOSES","LACSON, PANFILO M.","April 7, 2016",NATIONAL,WHISTLEBLOWERS,JUSTICE AND HUMAN RIGHTS,PENDING IN THE COMMITTEE
Senate Bill No. 322,17th Congress (July 2016 - 2019),https://ldr.senate.gov.ph/bills/senate-bill-no-322-17th-congress-republic,THE NATIONAL SEEDS PRODUCTION ACT OF 2016,"AN ACT ESTABLISHING A CONTINUING NATIONAL PROGRAM FOR HYBRID AND OTHER QUALITY SEEDS PRODUCTION, PROVIDING FUNDS THEREFOR, AND FOR OTHER PURPOSES","VILLAR, CYNTHIA A.","April 7, 2016",NATIONAL,SEEDS INDUSTRY,AGRICULTURE AND FOOD,PENDING IN THE COMMITTEE
Senate Bill No. 398,17th Congress (July 2016 - 2019),https://ldr.senate.gov.ph/bills/senate-bill-no-398-17th-congress-republic,PRE-NATAL LEAVE BENEFITS,AN ACT PROVIDING PRE-NATAL LEAVE BENEFITS FOR FEMALE EMPLOYEES,"LEGARDA, LOREN B.","July 18, 2016",NATIONAL,PRE-NATAL LEAVE,"LABOR, EMPLOYMENT AND HUMAN RESOURCES DEVELOPMENT",PENDING IN THE COMMITTEE
Senate Bill No. 464,17th Congress (July 2016 - 2019),https://ldr.senate.gov.ph/bills/senate-bill-no-464-17th-congress-republic,NATIONAL BUILDING CODE OF THE PHILIPPINES,"AN ACT TO EXPEDITE AND STREAMLINE THE APPLICATION PROCESS FOR SECURING BUILDING PERMITS AND CERTIFICATES OF OCCUPANCY, AMENDING FOR THE PURPOSE CERTAIN PROVISIONS OF REPUBLIC ACT NO. 6541, OTHERWISE KNOWN AS THE NATIONAL BUILDING CODE OF THE PHILIPPINES",Antonio F. Trillanes IV,"July 19, 2016",NATIONAL,BUILDING CODE OF THE PHILIPPINES (R.A. NO. 6541),PUBLIC WORKS,PENDING IN THE COMMITTEE
Senate Bill No. 537,17th Congress (July 2016 - 2019),https://ldr.senate.gov.ph/bills/senate-bill-no-537-17th-congress-republic,DIVISION OF PUBLIC SCHOOL ACADEMIC ACCOUNTABILITY ACT OF 2016,"AN ACT ESTABLISHING THE DIVISION OF PUBLIC SCHOOL ACOUNTABILITY TO ADMINISTER ALL MONITORING AND COMPLIANCE ACTIVITIES DEALING WITH ACADEMIC ACCOUNTABILITY FOR EACH SCHOOL OR SCHOOL DISTRICT, AND TO REPORT ACADEMIC PROGRESS, AND FOR OTHER PURPOSES",Antonio F. Trillanes IV,"July 19, 2016",NATIONAL,DIVISION OF PUBLIC SCHOOL ACCOUNTABILITY,"EDUCATION, ARTS AND CULTURE",PENDING IN THE COMMITTEE
Senate Bill No. 1116,17th Congress (July 2016 - 2019),https://ldr.senate.gov.ph/bills/senate-bill-no-1116-17th-congress-republic,END OF ENDO OR CONTRACTUALIZATION ACT OF 2016,"AN ACT STRENGTHENING WORKERS RIGHT TO SECURITY OF TENURE, AMENDING FOR THE PURPOSE ARTICLES 106-109 OF BOOK III AND ARTICLES 294 [279], 295 [280], 296 [281], 297 [282] AND 298 [283] OF BOOK VI OF PRESIDENTIAL DECREE NO. 442, OTHERWISE KNOWN AS THE LABOR CODE OF THE PHILIPPINES, AS AMENDED","VILLANUEVA, JOEL","January 9, 2016",NATIONAL,CONTRACTUAL WORKERS LABOR CODE OF THE PHILIPPINES (P.D. NO. 442) JOB CONTRACTING,"LABOR, EMPLOYMENT AND HUMAN RESOURCES DEVELOPMENT",CONSOLIDATED/SUBSTITUTED IN THE COMMITTEE REPORT
Senate Bill No. 547,17th Congress (July 2016 - 2019),https://ldr.senate.gov.ph/bills/senate-bill-no-547-17th-congress-republic,MEDICAL REHABILITATION STANDARDS ACT OF 2016,AN ACT PROVIDING FOR THE STANDARD FOR THE PRACTICE OF REHABILITATION MEDICINE AND FOR OTHER PURPOSES,Antonio F. Trillanes IV,"July 19, 2016",NATIONAL,REHABILITATION MEDICINE MEDICINES/DRUGS,HEALTH AND DEMOGRAPHY,PENDING IN THE COMMITTEE
Senate Bill No. 1180,17th Congress (July 2016 - 2019),https://ldr.senate.gov.ph/bills/senate-bill-no-1180-17th-congress-republic,AMNESTY OF EMPLOYER'S SHARE IN THE SSS CONTRIBUTIONS OF THE KASAMBAHAY,"AN ACT DECLARING A ONE-TIME AMNESTY FOR UNPAID SOCIAL SECURITY SYSTEM CONTRIBUTIONS, INCLUSIVE OF FEES, FINES, PENALTIES, INTEREST AND OTHER ADDITIONS THERETO, BY EMPLOYERS OF HOUSEHELPERS UNDER REPUBLIC ACT NO. 7655, OTHERWISE KNOWN AS AN ACT INCREASING THE MINIMUM WAGE OF HOUSEHELPERS, AMENDING FOR THE PURPOSE ARTICLE 143 OF PRESIDENTIAL DECREE NO. 442, AS AMENDED, AND REPUBLIC ACT NO. 10361, OTHERWISE KNOWN AS AN ACT INSTITUTING POLICIES FOR THE PROTECTION AND WELFARE OF DOMESTIC WORKERS, AND FOR OTHER PURPOSES","PIMENTEL, AQUILINO ""KOKO"" III","March 10, 2016",NATIONAL,BATAS KASAMBAHAY (R.A.NO. 10361) SOCIAL SECURITY SYSTEM (SSS) HOUSEHOLD HELPERS LABOR CODE OF THE PHILIPPINES (P.D. NO. 442),N/A,PENDING IN THE COMMITTEE
Senate Bill No. 609,17th Congress (July 2016 - 2019),https://ldr.senate.gov.ph/bills/senate-bill-no-609-17th-congress-republic,LOCAL FILM INDUSTRY DEVELOPMENT ACT OF 2016,"AN ACT TO PROMOTE AND SUPPORT THE DEVELOPMENT AND GROWTH OF THE PHILIPPINE FILM INDUSTRY, CREATING FOR THIS PURPOSE THE PHILIPPINE FILM COMMISSION, DEFINING ITS POWERS AND FUNCTIONS AND FOR OTHER PURPOSES",Antonio F. Trillanes IV,"July 19, 2016",NATIONAL,FILM/MOVIE INDUSTRY,PUBLIC INFORMATION AND MASS MEDIA,PENDING IN THE COMMITTEE
Senate Bill No. 858,17th Congress (July 2016 - 2019),https://ldr.senate.gov.ph/bills/senate-bill-no-858-17th-congress-republic,GOVERNMENT INDEBTEDNESS CAP ACT OF 2016,AN ACT SETTING A CEILING TO THE INDEBTEDNESS OF THE REPUBLIC OF THE PHILIPPINES TO ENSURE MACRO-ECONOMIC STABILITY AND SUSTAINABLE GROWTH AND FOR OTHER PURPOSES,Ralph G. Recto,"July 21, 2016",NATIONAL,GOVERNMENT INDEBTEDNESS CAP FOREIGN LOANS,ECONOMIC AFFAIRS,PENDING IN THE COMMITTEE
Senate Bill No. 301,17th Congress (July 2016 - 2019),https://ldr.senate.gov.ph/bills/senate-bill-no-301-17th-congress-republic,ABSENTEE VOTING FOR PERSONS WITH DISABILITIES AND SENIOR CITIZENS,AN ACT PROVIDING FOR LOCAL ABSENTEE VOTING FOR PERSONS WITH DISABILITIES AND SENIOR CITIZENS,"ZUBIRI, JUAN MIGUEL ""MIGZ"" F.","April 7, 2016",NATIONAL,ABSENTEE VOTING PERSONS WITH DISABILITIES (PWDS) SENIOR CITIZEN/ELDERLY ELECTIONS/ELECTORAL REFORMS,ELECTORAL REFORMS AND PEOPLES PARTICIPATION,PENDING IN THE COMMITTEE
Senate Bill No. 921,17th Congress (July 2016 - 2019),https://ldr.senate.gov.ph/bills/senate-bill-no-921-17th-congress-republic,LEARNING MATERIALS PUBLISHED IN DIGITAL OR ELECTRONIC FORMAT EXEMPT FROM VALUE-ADDED TAX,"AN ACT EXEMPTING BOOKS, NEWSPAPERS, MAGAZINES, JOURNALS, REVIEWS, BULLETINS AND OTHER EDUCATIONAL OR LEARNING MATERIALS MADE OR PUBLISHED IN DIGITAL OR ELECTRONIC FORMAT FROM VALUE-ADDED TAX, AMENDING FOR THE PURPOSE SECTION 109 (1) OF THE NATIONAL INTERNAL REVENUE CODE OF 1997, AS AMENDED",Ralph G. Recto,"January 8, 2016",NATIONAL,TAXES (VALUE-ADDED TAX / VAT) ELECTRONIC PUBLICATION DIGITAL EDUCATION BOOKS (E-BOOK) TAX EXEMPTION,WAYS AND MEANS,PENDING IN THE COMMITTEE
Senate Bill No. 367,17th Congress (July 2016 - 2019),https://ldr.senate.gov.ph/bills/senate-bill-no-367-17th-congress-republic,PENALIZING INDIVIDUALS WHO SELL OR GIVE ANY TYPE OF FIREWORKS TO CHILDREN,"AN ACT PENALIZING INDIVIDUALS WHO SELL, GIVE OR IN ANY WAY SHARE ANY TYPE OF FIREWORKS OR FIRECRACKERS TO MINOR CHILDREN 15 YEARS OLD AND BELOW","BINAY, MARIA LOURDES NANCY S.","April 7, 2016",NATIONAL,FIRECRACKERS/PYROTECHNIC DEVICES CHILDREN/CHILD CARE,PUBLIC ORDER AND DANGEROUS DRUGS,PENDING IN THE COMMITTEE
Senate Bill No. 619,17th Congress (July 2016 - 2019),https://ldr.senate.gov.ph/bills/senate-bill-no-619-17th-congress-republic,PHLIPPINE FISHERIES PROFESSION ACT OF 2016,"AN ACT REGULATING THE PRACTICE OF FISHERIES PROFESSION IN THE PHILIPPINES, CREATING FOR THE PURPOSE A PROFESSIONAL REGULATORY BOARD OF FISHERIES AND APPROPRIATING FUNDS THEREFOR",Antonio F. Trillanes IV,"July 19, 2016",NATIONAL,PROFESSIONAL REGULATORY BOARD OF FISHERIES FISHERIES PROFESSION,"CIVIL SERVICE, GOVERNMENT REORGANIZATION AND PROFESSIONAL REGULATION",CONSOLIDATED/SUBSTITUTED IN THE COMMITTEE REPORT
Senate Bill No. 1260,17th Congress (July 2016 - 2019),https://ldr.senate.gov.ph/bills/senate-bill-no-1260-17th-congress-republic,AGRICULTURAL FREE PATENT REFORM ACT,"AN ACT REMOVING THE RESTRICTIONS IN THE REGISTRATION OF LAND TITLES UNDER SECTIONS 118 AND 119 OF COMMONWEALTH ACT NO. 141 OR THE PUBLIC LAND ACT, AS AMENDED, ON FREE PATENTS ISSUED UNDER SECTION 44 THEREOF","GORDON, RICHARD J.","January 12, 2016",NATIONAL,AGRICULTURAL LAND PUBLIC LAND ACT (COMMONWEALTH ACT NO. 141) PATENTS,JUSTICE AND HUMAN RIGHTS,CONSOLIDATED/SUBSTITUTED IN THE COMMITTEE REPORT
Senate Bill No. 724,17th Congress (July 2016 - 2019),https://ldr.senate.gov.ph/bills/senate-bill-no-724-17th-congress-republic,PUBLIC SCHOOL SECURITY ACT OF 2016,"AN ACT PROVIDING STIFFER PENALTIES FOR THEFT, ROBBERY AND DESTRUCTION OF PUBLIC SCHOOL PROPERTY","VILLAR, CYNTHIA A.","July 20, 2016",NATIONAL,PUBLIC SCHOOL SECURITY THEFT AND ROBBERY,"EDUCATION, ARTS AND CULTURE",PENDING IN THE COMMITTEE
Senate Bill No. 164,17th Congress (July 2016 - 2019),https://ldr.senate.gov.ph/bills/senate-bill-no-164-17th-congress-republic,PHILIPPINE FILM AND TELEVISION TOURISM ACT OF 2016,"AN ACT ESTABLISHING A FRAMEWORK FOR FILM AND TELEVISION TOURISM IN THE PHILIPPINES, MARKETING THE INDUSTRY GLOBALLY AND PROVIDING EMPLOYMENT FOR THE SECTOR AND FOR OTHER PURPOSES","POE, GRACE","June 30, 2016",NATIONAL,FILM TOURISM TOURISM,PUBLIC INFORMATION AND MASS MEDIA,PENDING IN THE COMMITTEE
Senate Bill No. 229,17th Congress (July 2016 - 2019),https://ldr.senate.gov.ph/bills/senate-bill-no-229-17th-congress-republic,THE FISCAL INCENTIVES RATIONALIZATION ACT,AN ACT RATIONALIZING THE GRANT AND ADMINISTRATION OF FISCAL INCENTIVES AND FOR OTHER PURPOSES,Franklin M. Drilon,"April 7, 2016",NATIONAL,FISCAL INCENTIVES,WAYS AND MEANS,PENDING IN THE COMMITTEE
Senate Bill No. 1103,17th Congress (July 2016 - 2019),https://ldr.senate.gov.ph/bills/senate-bill-no-1103-17th-congress-republic,PUP-SABLAYAN CAMPUS ACT,"AN ACT ESTABLISHING POLYTECHNIC UNIVERSITY OF THE PHILIPPINES- SABLAYAN CAMPUS IN THE MUNICIPALITY OF SABLAYAN, OCCIDENTAL MINDORO TO BE KNOWN AS PUP-SABLAYAN CAMPUS APPROPRIATING FUNDS THEREOF AND FOR OTHER PURPOSES","EJERCITO, JOSEPH VICTOR G.","August 25, 2016",NATIONAL,POLYTECHNIC UNIVERSITY OF THE PHILIPPINES (PUP),"EDUCATION, ARTS AND CULTURE",APPROVED BY THE PRESIDENT OF THE PHILIPPINES
Senate Bill No. 1174,17th Congress (July 2016 - 2019),https://ldr.senate.gov.ph/bills/senate-bill-no-1174-17th-congress-republic,FREE ADMISSION TO PUBLIC MUSEUMS AND NATIONAL SHRINES AND LANDMARKS TO PUBLIC SCHOOL STUDENTS,AN ACT GRANTING PUBLIC ELEMENTARY AND HIGH SCHOOL STUDENTS FREE ADMISSION TO ALL PUBLIC MUSEUMS AND NATIONAL HISTORICAL SHRINES AND LANDMARKS,Antonio F. Trillanes IV,"September 29, 2016",NATIONAL,STUDENTS SCHOOLS (PUBLIC AND PRIVATE) NATIONAL MUSEUM NATIONAL SHRINE,"EDUCATION, ARTS AND CULTURE",CONSOLIDATED/SUBSTITUTED IN THE COMMITTEE REPORT
Senate Bill No. 773,17th Congress (July 2016 - 2019),https://ldr.senate.gov.ph/bills/senate-bill-no-773-17th-congress-republic,TAX RELIEF IN CALAMITY,AN ACT PROVIDING FOR TAX RELIEF IN TIMES OF CALAMITIES,"ESCUDERO, FRANCIS G.","July 21, 2016",NATIONAL,TAXES/TAXATION CALAMITY/DISASTER,WAYS AND MEANS,PENDING IN THE COMMITTEE
Senate Bill No. 836,17th Congress (July 2016 - 2019),https://ldr.senate.gov.ph/bills/senate-bill-no-836-17th-congress-republic,SPECIAL EDUCATION FUND,"AN ACT EXPANDING THE PURPOSES AND APPLICATION OF THE SPECIAL EDUCATION FUND, AMENDING FOR THE PURPOSE SECTION 272 OF REPUBLIC ACT NO. 7160, OTHERWISE KNOWN AS THE LOCAL GOVERNMENT CODE OF 1991, AND FOR OTHER PURPOSES",Ralph G. Recto,"July 21, 2016",NATIONAL,SPECIAL EDUCATION LOCAL GOVERNMENT CODE (R.A. NO. 7160),LOCAL GOVERNMENT,PENDING IN THE COMMITTEE
Senate Bill No. 71,17th Congress (July 2016 - 2019),https://ldr.senate.gov.ph/bills/senate-bill-no-71-17th-congress-republic,PHILIPPINE NATIONAL POLICE (PNP) COMPENSATION ACT OF 2016,AN ACT INCREASING THE MINIMUM BASE PAY AND ALLOWANCES OF THE PHILIPPINE NATIONAL POLICE (PNP) PERSONNEL AND PROVIDING FUNDS THEREFOR,"CAYETANO, ALAN PETER S.","June 30, 2016",NATIONAL,PHILIPPINE NATIONAL POLICE (PNP),PUBLIC ORDER AND DANGEROUS DRUGS,PENDING IN THE COMMITTEE
Senate Bill No. 629,17th Congress (July 2016 - 2019),https://ldr.senate.gov.ph/bills/senate-bill-no-629-17th-congress-republic,CHIROPRACTIC ACT OF 2016,AN ACT REGULATING THE PRACTICE OF CHIROPRACTIC CARE IN THE PHILIPPINES,Antonio F. Trillanes IV,"July 19, 2016",NATIONAL,CHIROPRACTIC ACT,"CIVIL SERVICE, GOVERNMENT REORGANIZATION AND PROFESSIONAL REGULATION",PENDING IN THE COMMITTEE
Senate Bill No. 691,17th Congress (July 2016 - 2019),https://ldr.senate.gov.ph/bills/senate-bill-no-691-17th-congress-republic,VALUE-ADDED TAX ON NON-ESSENTIAL GOODS,"AN ACT AMENDING SECTION 150 OF REPUBLIC ACT 8424, OTHERWISE KNOWN AS THE NATIONAL INTERNAL REVENUE CODE , AS AMENDED","Paolo Benigno ""Bam"" Aquino IV","July 20, 2016",NATIONAL,TAXES (VALUE-ADDED TAX / VAT) NATIONAL INTERNAL REVENUE CODE (NIRC),WAYS AND MEANS,PENDING IN THE COMMITTEE
Senate Bill No. 131,17th Congress (July 2016 - 2019),https://ldr.senate.gov.ph/bills/senate-bill-no-131-17th-congress-republic,FAMILY TAX RELIEF ACT,"AN ACT PROVIDING FOR TAX DEDUCTIONS FOR FAMILY REQUIREMENTS INCLUDING PAYMENTS FOR TERTIARY EDUCATION TUITION AND ALLIED EXPENSES AS WELL AS INTEREST PAYMENTS FOR A FIRST HOME MORTGAGE, AMENDING FOR THE PURPOSE SECTION 34 OF THE NATIONAL INTERNAL REVENUE CODE OF THE PHILIPPINES, AS AMENDED","ANGARA, SONNY","June 30, 2016",NATIONAL,TAXES/TAXATION NATIONAL INTERNAL REVENUE CODE (NIRC) TUITION FEES MORTGAGE,WAYS AND MEANS,PENDING IN THE COMMITTEE
Senate Bill No. 197,17th Congress (July 2016 - 2019),https://ldr.senate.gov.ph/bills/senate-bill-no-197-17th-congress-republic,LIBEL LAW REFORM ACT OF 2016,"AN ACT TO ABOLISH THE PENALTY OF IMPRISONMENT IN LIBEL CASES, TO MAKE ANY DISCUSSION OF ANY MATTER OF PUBLIC CONCERN, OR CRITICISM, OF OFFICIAL CONDUCT PRIVILEGED, AND TO PROPERLY DETERMINE THE VENUE OF CASES AND PERSONS RESPONSIBLE FOR LIBEL, AMENDING FOR THE PURPOSE ARTICLES 354, 355, 357, 360 AND 361 OF ACT NO, 3815, AS AMENDED, OTHERWISE KNOWN AS THE REVISED PENAL CODE, AND SECTION 4 (C) (4), CHAPTER II OF REPUBLIC ACT NO. 10175, OTHERWISE KNOWN AS CYBERCRIME PREVENTION ACT OF 2012, AND FOR OTHER PURPOSES","DE LIMA, LEILA M.","June 30, 2016",NATIONAL,LIBEL REVISED PENAL CODE (R.A. NO. 3815) CYBERCRIME,JUSTICE AND HUMAN RIGHTS,PENDING IN THE COMMITTEE
Senate Bill No. 142,17th Congress (July 2016 - 2019),https://ldr.senate.gov.ph/bills/senate-bill-no-142-17th-congress-republic,DAIRY DEVELOPMENT ACT OF 2016,"AN ACT MERGING THE PHILIPPINE CARABAO CENTER AND THE NATIONAL DAIRY AUTHORITY INTO THE PHILIPPINE NATIONAL DAIRY DEVELOPMENT AGENCY TO PROVIDE GREATER FOCUS ON THE ACCELERATED DEVELOPMENT OF THE DAIRY INDUSTRY AND TO INCREASE PRODUCTION OF DAIRY ANIMALS IN THE PHILIPPINES, PROVIDING A RUMINANT DEVELOPMENT FUND THEREFORE, AND FOR OTHER PURPOSES","VILLAR, CYNTHIA A.","June 30, 2016",NATIONAL,DAIRY INDUSTRY PHILIPPINE CARABAO CENTER RUMINANT STOCK,AGRICULTURE AND FOOD,PENDING IN THE COMMITTEE
Senate Bill No. 208,17th Congress (July 2016 - 2019),https://ldr.senate.gov.ph/bills/senate-bill-no-208-17th-congress-republic,ENTERPRISE-BASED EDUCATION AND TRAINING ACT OF 2016,AN ACT TO STRENGTHEN TECHNICAL VOCATIONAL EDUCATIONAL AND TRAINING (TVET) IN THE PHILIPPINES BY INCORPORATING APPRENTICESHIP AND DUAL TRAINING AND RECOGNIZING THE IMPORTANCE OF CONTINUOUS TRAINING OF THE UNEMPLOYED AND EXPANDING THE PROVISION OF ENTERPRISE-BASED EDUCATION AND TRAINING,"VILLANUEVA, JOEL","June 30, 2016",NATIONAL,TECHNICAL EDUCATION AND SKILLS DEVELOPMENT AUTHORITY (TESDA) APPRENTICE/APPRENTICESHIP,"LABOR, EMPLOYMENT AND HUMAN RESOURCES DEVELOPMENT",PENDING IN THE COMMITTEE
Senate Bill No. 1153,17th Congress (July 2016 - 2019),https://ldr.senate.gov.ph/bills/senate-bill-no-1153-17th-congress-republic,MATERNITY LEAVE BENEFITS TO WOMEN IN THE GOVERMENT SERVICE,"AN ACT PROVIDING MATERNITY LEAVE BENEFITS TO WOMEN IN THE GOVERNMENT SERVICE, AND FOR OTHER PURPOSES","BINAY, MARIA LOURDES NANCY S.","September 19, 2016",NATIONAL,Maternity Leave LEAVE OF ABSENCE,"WOMEN, CHILDREN, FAMILY RELATIONS AND GENDER EQUALITY",CONSOLIDATED/SUBSTITUTED IN THE COMMITTEE REPORT
Senate Bill No. 752,17th Congress (July 2016 - 2019),https://ldr.senate.gov.ph/bills/senate-bill-no-752-17th-congress-republic,WRIT OF HABEAS CORPUS ACT,AN ACT PENALIZING DISOBEDIENCE TO THE WRIT OF HABEAS CORPUS,"ESCUDERO, FRANCIS G.","July 21, 2016",NATIONAL,WRIT OF HABEAS CORPUS,JUSTICE AND HUMAN RIGHTS,PENDING IN THE COMMITTEE
Senate Bill No. 1217,17th Congress (July 2016 - 2019),https://ldr.senate.gov.ph/bills/senate-bill-no-1217-17th-congress-republic,WATER REGULATORY ACT OF 2016,"AN ACT RATIONALIZING THE ECONOMIC REGULATION OF WATER UTILITIES, CREATING THE WATER REGULATORY COMMISSION AND FOR OTHER PURPOSES","POE, GRACE","October 19, 2016",NATIONAL,WATER REGULATION,PUBLIC SERVICES,PENDING IN THE COMMITTEE
Senate Bill No. 522,17th Congress (July 2016 - 2019),https://ldr.senate.gov.ph/bills/senate-bill-no-522-17th-congress-republic,COMPREHENSIVE ADULT MENTAL HEALTH ACT OF 2016,"AN ACT ESTABLISHING A COMPREHENSIVE ADULT MENTAL HEALTH PROGRAM IN THE COUNTRY, APPROPRIATING FUNDS THEREOF AND FOR OTHER PURPOSES",Antonio F. Trillanes IV,"July 19, 2016",NATIONAL,COMPREHENSIVE ADULT MENTAL HEALTH PROGRAM MENTAL HEALTH,HEALTH AND DEMOGRAPHY,CONSOLIDATED/SUBSTITUTED IN THE COMMITTEE REPORT
Senate Bill No. 704,17th Congress (July 2016 - 2019),https://ldr.senate.gov.ph/bills/senate-bill-no-704-17th-congress-republic,BASIC EDUCATION TEACHERS PAY INCREASE ACT,AN ACT PROVIDING FOR ADDITIONAL SUPPORT AND COMPENSATION FOR EDUCATORS IN BASIC EDUCATION,"Paolo Benigno ""Bam"" Aquino IV","July 20, 2016",NATIONAL,TEACHERS WAGE INCREASE/SALARY INCREASE,"EDUCATION, ARTS AND CULTURE",PENDING IN THE COMMITTEE
Senate Bill No. 583,17th Congress (July 2016 - 2019),https://ldr.senate.gov.ph/bills/senate-bill-no-583-17th-congress-republic,PRE-HOSPITAL EMERGENCY CARE ACT OF 2016,"AN ACT INSTITUTIONALIZING A PRE-HOSPITAL EMERGENCY MEDICAL CARE SYSTEM, PROVIDING FOR THE ESTABLISHMENT, SUPERVISION AND REGULATION OF THE PRE-HOSPITAL EMERGENCY, AND PROVIDING FUNDS THEREFOR",Antonio F. Trillanes IV,"July 19, 2016",NATIONAL,PRE-HOSPITAL EMERGENCY CARE SYSTEM,HEALTH AND DEMOGRAPHY,PENDING IN THE COMMITTEE
Senate Bill No. 434,17th Congress (July 2016 - 2019),https://ldr.senate.gov.ph/bills/senate-bill-no-434-17th-congress-republic,BARANGAY GREENING AND FOREST LAND REHABILITATION AND PROTECTION ACT,"AN ACT PROMOTE GREENING AND FORESTLAND REHABILITATION AND PROTECTION IN THE BARANGAY LEVEL, SPURRING LOCAL CLIMATE CHANGE ACTION, APPROPRIATING FUNDS THEREFOR AND FOR OTHER PURPOSES","LEGARDA, LOREN B.","July 19, 2016",NATIONAL,GREENING ACT,ENVIRONMENT AND NATURAL RESOURCES,PENDING IN THE COMMITTEE
Senate Bill No. 994,17th Congress (July 2016 - 2019),https://ldr.senate.gov.ph/bills/senate-bill-no-994-17th-congress-republic,NATIONAL TRAFFIC ENFORCEMENT AND MANAGEMENT ACT,"AN ACT ESTABLISHING THE NATIONAL TRAFFIC ENFORCEMENT AND MANAGEMENT CENTER, DEFINING ITS POWERS, FUNCTIONS AND DUTIES, AND APPROPRIATING FUNDS THEREFOR","GATCHALIAN, WIN","August 8, 2016",NATIONAL,NATIONAL TRAFFIC ENFORCEMENT AND MANAGEMENT CENTER TRAFFIC,PUBLIC SERVICES,PENDING IN THE COMMITTEE
Senate Bill No. 498,17th Congress (July 2016 - 2019),https://ldr.senate.gov.ph/bills/senate-bill-no-498-17th-congress-republic,CHEMICAL WEAPONS PROHIBITION ACT OF 2016,"AN ACT PROHIBITING THE DEVELOPMENT, PRODUCTION, STOCKPILING, USE OF CHEMICAL WEAPONS AND PROVIDING FOR THEIR DESTRUCTION AND PROVIDING PENALTIES THEREFOR AND FOR OTHER PURPOSES",Antonio F. Trillanes IV,"July 19, 2016",NATIONAL,WEAPONS,NATIONAL DEFENSE AND SECURITY,PENDING IN THE COMMITTEE
Senate Bill No. 1058,17th Congress (July 2016 - 2019),https://ldr.senate.gov.ph/bills/senate-bill-no-1058-17th-congress-republic,ALLOWABLE SYSTEM LOSS ACT OF 2016,"AN ACT REMOVING THE ALLOWABLE SYSTEMS LOSS FROM PRIVATE UTILITY COMPANIES AND REDUCING THE CAP OF RECOVERABLE SYSTEM LOSSES OF RURAL ELECTRIC COOPERATIVES FROM FOURTEEN PERCENT (14%) TO FIVE PERCENT (5%), AMENDING FOR THE PURPOSE REPUBLIC ACT NO. 7832, AS AMENDED BY SECTION 43(F) OF REPUBLIC ACT NO. 9136, AND REPUBLIC ACT NO. 8424, AS AMENDED BY REPUBLIC ACT NO. 9337, AND FOR OTHER PURPOSES","PACQUIAO, EMMANUEL ""MANNY"" D.","August 23, 2016",NATIONAL,ELECTRIC COOPERATIVES,ENERGY,CONSOLIDATED/SUBSTITUTED IN THE COMMITTEE REPORT
Senate Bill No. 1256,17th Congress (July 2016 - 2019),https://ldr.senate.gov.ph/bills/senate-bill-no-1256-17th-congress-republic,ANTI-MONEY LAUNDERING ACT,"AN ACT TO FURTHER AMEND REPUBLIC ACT NO. 9160, OTHERWISE KNOWN AS THE ANTI-MONEY LAUNDERING ACT OF 2001, AS AMENDED, AND FOR OTHER PURPOSES","LACSON, PANFILO M.","November 29, 2016",NATIONAL,ANTI-MONEY LAUNDERING ACT (R.A.NO. 9160),"BANKS, FINANCIAL INSTITUTIONS AND CURRENCIES","PENDING SECOND READING, SPECIAL ORDER"
Senate Bill No. 428,17th Congress (July 2016 - 2019),https://ldr.senate.gov.ph/bills/senate-bill-no-428-17th-congress-republic,PHILIPPINE ECONOMIC ENVIRONMENTAL AND NATURAL RESOURCES ACCOUNTING ACT,"AN ACT INSTITUTIONALIZING THE ENVIRONMENTAL AND NATURAL RESOURCES ACCOUNTING SYSTEM, DESIGNATING THE AGENCIES RESPONSIBLE FOR ITS IMPLEMENTATION , PROVIDING INSTITUTIONAL ARRANGEMENTS AMONG RESPONSIBLE AGENCIES AND APPROPRIATING FUNDS THEREOF AND FOR OTHER PURPOSES","LEGARDA, LOREN B.","July 19, 2016",NATIONAL,PHILIPPINE ECONOMIC ENVIRONMENTAL & NATURAL RESOURCES ACCOUNTING (PEENRA),ENVIRONMENT AND NATURAL RESOURCES,PENDING IN THE COMMITTEE
Senate Bill No. 492,17th Congress (July 2016 - 2019),https://ldr.senate.gov.ph/bills/senate-bill-no-492-17th-congress-republic,PENALTY IMPOSED AGAINST POLLUTERS OF NAVIGABLE WATER,AN ACT INCREASING THE PENALTY IMPOSED AGAINST POLLUTERS OF NAVIGABLE WATERS BY AMENDING SECTION 7 OF PRESIDENTIAL DECREE NO. 979 PROVIDING FOR THE REVISION OF PRESIDENTIAL DECREE NO. 600 GOVERNING MARINE POLLUTION,Antonio F. Trillanes IV,"July 19, 2016",NATIONAL,MARINE POLLUTION,ENVIRONMENT AND NATURAL RESOURCES,PENDING IN THE COMMITTEE
Senate Bill No. 502,17th Congress (July 2016 - 2019),https://ldr.senate.gov.ph/bills/senate-bill-no-502-17th-congress-republic,DRUG REHABILITATION CENTER IN EVERY REGION,AN ACT PROVIDING FOR THE ESTABLISHMENT OF A DRUG REHABILITATION CENTER IN EVERY REGION OF THE COUNTRY AND APPROPRIATING FUNDS THEREFOR,Antonio F. Trillanes IV,"July 19, 2016",NATIONAL,DRUG REHABILITATION ILLEGAL DRUGS,PUBLIC ORDER AND DANGEROUS DRUGS,PENDING IN THE COMMITTEE
Senate Bill No. 564,17th Congress (July 2016 - 2019),https://ldr.senate.gov.ph/bills/senate-bill-no-564-17th-congress-republic,"COFFEE RESEARCH, DEVELOPMENT AND EXTENSION CENTER","AN ACT CREATING A COFFEE RESEARCH, DEVELOPMENT AND EXTENSION CENTER, AUTHORIZING THE APPROPRIATION OF FUNDS THEREFOR, AND FOR OTHER PURPOSES",Antonio F. Trillanes IV,"July 19, 2016",NATIONAL,COFFEE,AGRICULTURE AND FOOD,PENDING IN THE COMMITTEE
Senate Bill No. 1147,17th Congress (July 2016 - 2019),https://ldr.senate.gov.ph/bills/senate-bill-no-1147-17th-congress-republic,PHILIPPINE BOXER'S WELFARE ACT OF 2016,"AN ACT CREATING THE PHILIPPINE BOXING COMMISSION THEREBY STRENGTHENING THE COUNTRY'S STANDING IN BOXING SPORTS, ENSURING THE WELFARE OF FILIPINO BOXERS, AND PROVIDING FUNDS THERFORE","EJERCITO, JOSEPH VICTOR G.","September 15, 2016",NATIONAL,BOXER WELFARE,SPORTS,CONSOLIDATED/SUBSTITUTED IN THE COMMITTEE REPORT
Senate Bill No. 1211,17th Congress (July 2016 - 2019),https://ldr.senate.gov.ph/bills/senate-bill-no-1211-17th-congress-republic,PHILIPPINE SPACE ACT,"AN ACT ESTABLISHING THE PHILIPPINE SPACE DEVELOPMENT AND UTILIZATION POLICY AND CREATING THE PHILIPPINE SPACE AGENCY, AND FOR OTHER PURPOSES","Paolo Benigno ""Bam"" Aquino IV","October 18, 2016",NATIONAL,PHILIPPINE SPACE AGENCY (PHILSA),SCIENCE AND TECHNOLOGY,CONSOLIDATED/SUBSTITUTED IN THE COMMITTEE REPORT
Senate Bill No. 813,17th Congress (July 2016 - 2019),https://ldr.senate.gov.ph/bills/senate-bill-no-813-17th-congress-republic,FARM-TO-MARKET ROADS FOR ALL ACT OF 2016,AN ACT PROVIDING FOR THE FAIR AND EQUITABLE ALLOCATION OF FARM-TO-MARKET ROADS PROJECTS OF THE DEPARTMENT OF AGRICULTURE,Ralph G. Recto,"July 21, 2016",NATIONAL,DEPARTMENT OF AGRICULTURE FARM-TO-MARKET ROADS,AGRICULTURE AND FOOD,PENDING IN THE COMMITTEE
Senate Bill No. 513,17th Congress (July 2016 - 2019),https://ldr.senate.gov.ph/bills/senate-bill-no-513-17th-congress-republic,NATIONAL LIVELIHOOD DEVELOPMENT ACT OF 2016,AN ACT CREATING THE NATIONAL LIVELIHOOD DEVELOPMENT COUNCIL THEREBY INSTITUTIONALIZING THE LIVELIHOOD MOVEMENT OF THE PHILIPPINES,Antonio F. Trillanes IV,"July 19, 2016",NATIONAL,NATIONAL LIVELIHOOD DEVELOPMENT COUNCIL livelihood,"SOCIAL JUSTICE, WELFARE AND RURAL DEVELOPMENT",PENDING IN THE COMMITTEE
Senate Bill No. 574,17th Congress (July 2016 - 2019),https://ldr.senate.gov.ph/bills/senate-bill-no-574-17th-congress-republic,TRANSFERRING THE PNPA AND PNTI FROM THE PHIL. PUBLIC SAFETY COLLEGE TO THE PHIL. NATIONAL POLICE,"AN ACT TRANSFERRING THE PHILIPPINE NATIONAL POLICE ACADEMY (PNPA), AND POLICE NATIONAL TRAINING INSTITUTE (PNTI) FROM THE PHILIPPINE PUBLIC SAFETY COLLEGE TO THE PHILIPPINE NATIONAL POLICE, AMENDING FOR THE PURPOSE SECTIONS 66-67 OF REPUBLIC ACT NO. 6975, AS AMENDED",Antonio F. Trillanes IV,"July 19, 2016",NATIONAL,PHILIPPINE NATIONAL POLICE ACADEMY (PNPA) POLICE NATIONAL TRAINING INSTITUTE (PNTI) PHILIPPINE PUBLIC SAFETY COLLEGE SYSTEM PHILIPPINE NATIONAL POLICE (PNP),PUBLIC ORDER AND DANGEROUS DRUGS,CONSOLIDATED/SUBSTITUTED IN THE COMMITTEE REPORT
Senate Bill No. 265,17th Congress (July 2016 - 2019),https://ldr.senate.gov.ph/bills/senate-bill-no-265-17th-congress-republic,PHILIPPINE MEDICAL ACADEMY AND SCHOLARSHIP ACT,"AN ACT CREATING THE PHILIPPINE MEDICAL ACADEMY, ESTABLISHING THE PHILIPPINE MEDICAL SCHOLARSHIP PROGRAM AND APPROPRIATING FUNDS THEREFOR",Ralph G. Recto,"April 7, 2016",NATIONAL,PHILIPPINE MEDICAL ACADEMY,HEALTH AND DEMOGRAPHY,PENDING IN THE COMMITTEE
Senate Bill No. 329,17th Congress (July 2016 - 2019),https://ldr.senate.gov.ph/bills/senate-bill-no-329-17th-congress-republic,SECURITY OF TENURE OF WORKERS IN THE PRIVATE SECTOR,"AN ACT STRENGTHENING THE SECURITY OF TENURE OF WORKERS IN THE PRIVATE SECTOR, AMENDING FOR THE PURPOSE ARTICLES 248, 279, 280, 281 AND 288, AND INTRODUCING NEW ARTICLES 106, 106-A, 106-B, 106-C, 106-D, 106-E, 280-A, AND 280-B TO PRESIDENTIAL DECREE NO. 442, AS AMENDED, OTHERWISE KNOWN AS THE LABOR CODE OF THE PHILIPPINES","EJERCITO, JOSEPH VICTOR G.","April 7, 2016",NATIONAL,SECURITY OF TENURE PRIVATE SECTOR EMPLOYEES LABOR CODE OF THE PHILIPPINES (P.D. NO. 442) JOB CONTRACTING,"LABOR, EMPLOYMENT AND HUMAN RESOURCES DEVELOPMENT",CONSOLIDATED/SUBSTITUTED IN THE COMMITTEE REPORT
Senate Bill No. 647,17th Congress (July 2016 - 2019),https://ldr.senate.gov.ph/bills/senate-bill-no-647-17th-congress-republic,SUSTAINABLE TRANSPORT NETWORK ACT,"AN ACT MANDATING THE DEVELOPMENT OF A NATIONAL SUSTAINABLE TRANSPORT NETWORK PLAN AND THE CREATION OF A LOCAL BIKEWAYS OFFICE IN ALL LOCAL GOVERNMENT UNITS, PROMOTING THE SHIFT TO SUSTAINABLE MODES OF TRANSPORTATION, AND FOR OTHER PURPOSES","Paolo Benigno ""Bam"" Aquino IV","July 20, 2016",NATIONAL,BICYCLE SUSTAINABLE TRANSPORT TRANSPORTATION LOCAL GOVERNMENT UNITS (LGUs),PUBLIC SERVICES,PENDING IN THE COMMITTEE
Senate Bill No. 710,17th Congress (July 2016 - 2019),https://ldr.senate.gov.ph/bills/senate-bill-no-710-17th-congress-republic,MINIMUM MONTHLY TAKE-HOME PAY BILL,AN ACT PROVIDING FOR A MINIMUM MONTHLY NET TAKE-HOME PAY FOR ALL GOVERNMENT EMPLOYEES AFTER AUTHORIZED DEDUCTIONS,"Paolo Benigno ""Bam"" Aquino IV","July 20, 2016",NATIONAL,GOVERNMENT EMPLOYEES,"CIVIL SERVICE, GOVERNMENT REORGANIZATION AND PROFESSIONAL REGULATION",PENDING IN THE COMMITTEE
Senate Bill No. 406,17th Congress (July 2016 - 2019),https://ldr.senate.gov.ph/bills/senate-bill-no-406-17th-congress-republic,GULAYAN SA PAARALAN ACT,"AN ACT MANDATING THE ESTABLISHMENT OF VEGETABLE GARDENS IN ALL ELEMENTARY AND SECONDARY SCHOOLS, AND FOR OTHER PRUPOSES","LEGARDA, LOREN B.","July 18, 2016",NATIONAL,VEGETABLE GARDENS,"EDUCATION, ARTS AND CULTURE",CONSOLIDATED/SUBSTITUTED IN THE COMMITTEE REPORT
Senate Bill No. 471,17th Congress (July 2016 - 2019),https://ldr.senate.gov.ph/bills/senate-bill-no-471-17th-congress-republic,SUSTAINABLE DEVELOPMENT AND USE OF THE ISLAND OF BORACAY,"AN ACT ESTABLISHING POLICY MECHANISM FOR THE SUSTAINABLE DEVELOPMENT AND USE OF THE ISLAND OF BORACAY, MUNICIPALITY OF MALAY, PROVINCEOF AKLAN, DEFINING FOR THE PURPOSE THE MODE OF ACQUISITION FOR PARCELS OF LAND WITHIN THE ISLAND CLASSIFIED AS AGRICULTURAL LAND OPEN TO DISPOSITION UNDER PROCLAMATION NO. 1064 AND PROVIDING ENVIRONMENTAL SAFEGUARDS THEREFOR",Antonio F. Trillanes IV,"July 19, 2016",NATIONAL,BORACAY ISLAND AGRICULTURAL LAND SUSTAINABLE LAND MANAGEMENT,ENVIRONMENT AND NATURAL RESOURCES,PENDING IN THE COMMITTEE
Senate Bill No. 1037,17th Congress (July 2016 - 2019),https://ldr.senate.gov.ph/bills/senate-bill-no-1037-17th-congress-republic,RESETTING OF BARANGAY AND SK ELECTION TO THE LAST MONDAY OF OCTOBER 2018,"AN ACT RESETTING THE BARANGAY AND SANGGUNIANG KABATAAN ELECTIONS AND EXTENDING THE TERM OF OFFICE OF ELECTIVE BARANGAY OFFICIALS TO FIVE (5) YEARS AMENDING FOR THE PURPOSE REPUBLIC ACT NO. 9164, AS AMENDED BY REPUBLIC ACT NO. 9340 AND REPUBLIC ACT NO. 10656, AND FOR OTHER PURPOSES","CAYETANO, ALAN PETER S.","August 17, 2016",NATIONAL,BARANGAY ELECTIONS/SK ELECTIONS ELECTIONS/ELECTORAL REFORMS,LOCAL GOVERNMENT,CONSOLIDATED/SUBSTITUTED IN THE COMMITTEE REPORT
Senate Bill No. 1101,17th Congress (July 2016 - 2019),https://ldr.senate.gov.ph/bills/senate-bill-no-1101-17th-congress-republic,DECLARING THE PROVINCE OF BILIRAN A MINING-FREE ZONE,AN ACT DECLARING THE PROVINCE OF BILIRAN A MINING-FREE ZONE,"EJERCITO, JOSEPH VICTOR G.","August 25, 2016",NATIONAL,MINING-FREE ZONE,ENVIRONMENT AND NATURAL RESOURCES,PENDING IN THE COMMITTEE
Senate Bill No. 781,17th Congress (July 2016 - 2019),https://ldr.senate.gov.ph/bills/senate-bill-no-781-17th-congress-republic,GOVERNANCE IN PRESCHOOL EDUCATION ACT,AN ACT GOVERNNING THE SYSTEM OF PRESCHOOL EDUCATION BY PRESCRIBING STANDARDS AND REGULATIONS OF PRESCHOOL FACILITIES AND SERVICES,"ESCUDERO, FRANCIS G.","July 21, 2016",NATIONAL,PRE-SCHOOL EDUCATION,"EDUCATION, ARTS AND CULTURE",PENDING IN THE COMMITTEE
Senate Bill No. 844,17th Congress (July 2016 - 2019),https://ldr.senate.gov.ph/bills/senate-bill-no-844-17th-congress-republic,SPECIAL MASS TRANSIT SYSTEM SUPPORT FUND,"AN ACT CREATING THE SPECIAL MASS TRANSIT SYSTEM SUPPORT FUND, REALLOCATING THE DISPOSITION OF MONIES COLLECTED FROM THE MOTOR VEHICLE USER'S CHARGE, AMENDING FOR THE PURPOSE SECTIONS 7 AND 8 OF REPUBLIC ACT NO. 8794, OTHERWISE KNOWN AS THE MOTOR VEHICLE USERS CHARGE ACT OF 2000",Ralph G. Recto,"July 21, 2016",NATIONAL,MASS TRANSIT SYSTEM MOTOR VEHICLES USERS CHARGE (MVUC) (R.A. NO. 8794),PUBLIC WORKS,PENDING IN THE COMMITTEE
Senate Bill No. 543,17th Congress (July 2016 - 2019),https://ldr.senate.gov.ph/bills/senate-bill-no-543-17th-congress-republic,CAREER EXECUTIVE SERVICE ACT OF 2016,AN ACT STRENGTHENING THE CAREER EXECUTIVE SERVICE,Antonio F. Trillanes IV,"July 19, 2016",NATIONAL,CAREER EXECUTIVE SERVICE SYSTEM,"CIVIL SERVICE, GOVERNMENT REORGANIZATION AND PROFESSIONAL REGULATION",PENDING IN THE COMMITTEE
Senate Bill No. 1126,17th Congress (July 2016 - 2019),https://ldr.senate.gov.ph/bills/senate-bill-no-1126-17th-congress-republic,PEDESTRIAN SAFETY ACT OF 2016,"AN ACT ENHANCING THE SAFETY OF PEDESTRIANS, FURTHER AMENDING REPUBLIC ACT NO. 4136, AS AMENDED, OTHERWISE KNOWN AS LAND TRANSPORTATION AND TRAFFIC CODE AND FOR OTHER PURPOSES","VILLANUEVA, JOEL","May 9, 2016",NATIONAL,PEDESTRIAN LAND TRANSPORTATION AND TRAFFIC CODE (R.A. NO. 4136),PUBLIC SERVICES,PENDING IN THE COMMITTEE
Senate Bill No. 1190,17th Congress (July 2016 - 2019),https://ldr.senate.gov.ph/bills/senate-bill-no-1190-17th-congress-republic,MENTAL HEALTH ACT OF 2016,"AN ACT ESTABLISHING A NATIONAL MENTAL HEALTH POLICY FOR THE PURPOSE OF ENHANCING THE DELIVERY OF INTEGRATED MENTAL HEALTH SERVICES, PROMOTING AND PROTECTING PERSONS UTILIZING PSYCHIATRIC, NEUROLOGIC AND PSYCHOSOCIAL HEALTH SERVICES, APPROPRIATING FUNDS THEREFOR AND FOR OTHER PURPOSES","HONTIVEROS, RISA","June 10, 2016",NATIONAL,MENTAL HEALTH,HEALTH AND DEMOGRAPHY,CONSOLIDATED/SUBSTITUTED IN THE COMMITTEE REPORT
Senate Bill No. 297,17th Congress (July 2016 - 2019),https://ldr.senate.gov.ph/bills/senate-bill-no-297-17th-congress-republic,"REGIONAL TRIAL COURT (CALAMBA, LAGUNA)","AN ACT CREATING THREE ADDITIONAL BRANCHES OF THE REGIONAL TRIAL COURT WHICH SEATS AT CALAMBA, LAGUNA IN THE FOURTH JUDICIAL REGION, AMENDING FOR THE PURPOSE SECTION 14 (E) OF BATAS PAMBANSA BLG. 129, OTHERWISE KNOWN AS THE JUDICIARY REORGANIZATION ACT OF 1980, AS AMENDED, AND APPROPRIATING FUNDS THEREFOR","PIMENTEL, AQUILINO ""KOKO"" III","April 7, 2016",NATIONAL,"COURTS (RTC/MTC, CREATION) JUDICIARY REORGANIZATION ACT (BATAS PAMBANSA BLG. 129)",JUSTICE AND HUMAN RIGHTS,PENDING IN THE COMMITTEE
Senate Bill No. 363,17th Congress (July 2016 - 2019),https://ldr.senate.gov.ph/bills/senate-bill-no-363-17th-congress-republic,"MANDATORY CREATION OF ""BAHAY PAGASA""","AN ACT AMENDING THE PROVISIONS OF REPUBLIC ACT NO. 9344, AS AMENDED, ENTITLED AN ACT ESTABLISHING A COMPREHENSIVE JUVENILE JUSTICE AND WELFARE SYSTEM, CREATING THE JUVENILE JUSTICE AND WELFARE COUNCIL UNDER THE DEPARTMENT OF JUSTICE, APPROPRIATING FUNDS THEREFOR AND FOR OTHER PURPOSES","BINAY, MARIA LOURDES NANCY S.","April 7, 2016",NATIONAL,JUVENILE JUSTICE AND WELFARE ACT (R.A.NO. 9344) DEPARTMENT OF JUSTICE (DOJ),JUSTICE AND HUMAN RIGHTS,PENDING IN THE COMMITTEE
Senate Bill No. 677,17th Congress (July 2016 - 2019),https://ldr.senate.gov.ph/bills/senate-bill-no-677-17th-congress-republic,AUTOMATED TELLER MACHINE (ATM) FEE REGULATORY ACT,AN ACT REQUIRING FINANCIAL INSTITUTIONS TO POST TRANSACTION FEES FOR EACH AUTOMATED TELLER MACHINE TRANSACTION AND RESTRICTING TRANSACTION FEES FOR AUTOMATED TELLER MACHINES,"Paolo Benigno ""Bam"" Aquino IV","July 20, 2016",NATIONAL,AUTOMATED TELLER MACHINES (ATM),"BANKS, FINANCIAL INSTITUTIONS AND CURRENCIES",PENDING IN THE COMMITTEE
Senate Bill No. 1270,17th Congress (July 2016 - 2019),https://ldr.senate.gov.ph/bills/senate-bill-no-1270-17th-congress-republic,"NATIONAL BIBLE DAY, LAST MONDAY OF JANUARY",AN ACT DECLARING THE LAST MONDAY OF JANUARY AS 'NATIONAL BIBLE DAY' AND PRONOUNCE THE SAME A REGULAR HOLIDAY AND EVERY YEAR THEREAFTER,"PACQUIAO, EMMANUEL ""MANNY"" D.","July 12, 2016",NATIONAL,NATIONAL BIBLE DAY HOLIDAYS (REGULAR),"EDUCATION, ARTS AND CULTURE",APPROVED BY THE PRESIDENT OF THE PHILIPPINES
Senate Bill No. 439,17th Congress (July 2016 - 2019),https://ldr.senate.gov.ph/bills/senate-bill-no-439-17th-congress-republic,AGRICULTURE AND FISHERIES EXTENSION ACT,"AN ACT STRENGTHENING THE NATIONAL AGRICULTURE AND FISHERIES EXTENSION SYSTEM TO ACCELERATE AGRICULTURE AND FISHERIES DEVELOPMENT, APPROPRIATING FUNDS THEREFOR AND FOR OTHER PURPOSES","LEGARDA, LOREN B.","July 19, 2016",NATIONAL,AGRICULTURE AND FISHERIES EXTENSION ACT,AGRICULTURE AND FOOD,PENDING IN THE COMMITTEE
Senate Bill No. 1005,17th Congress (July 2016 - 2019),https://ldr.senate.gov.ph/bills/senate-bill-no-1005-17th-congress-republic,PUBLIC SCHOOL DATABASE ACT OF 2016,AN ACT MANDATING THE AUTOMATION OF A NATIONAL PUBLIC SCHOOL DATABASE,"GATCHALIAN, WIN","August 8, 2016",NATIONAL,SCHOOL DATABASE,"EDUCATION, ARTS AND CULTURE",PENDING IN THE COMMITTEE
Senate Bill No. 1091,17th Congress (July 2016 - 2019),https://ldr.senate.gov.ph/bills/senate-bill-no-1091-17th-congress-republic,PROHIBITING MAYORS AND GOVERNORS FROM MAKING APPOINTMENTS,"AN ACT PROHIBITING CITY MAYORS, MUNICIPAL MAYORS AND PROVINCIAL GOVERNORS FROM MAKING APPOINTMENTS TWO (2) MONTHS IMMEDIATELY BEFORE THE NEXT LOCAL ELECTIONS AND PENDING ASSUMPTION TO OFFICE OF THEIR SUCCESSORS AND FOR OTHER PURPOSES","EJERCITO, JOSEPH VICTOR G.","August 25, 2016",NATIONAL,APPOINTMENTS GOVERNMENT OFFICIAL/PUBLIC OFFICIAL,LOCAL GOVERNMENT,PENDING IN THE COMMITTEE
Senate Bill No. 669,17th Congress (July 2016 - 2019),https://ldr.senate.gov.ph/bills/senate-bill-no-669-17th-congress-republic,COCONUT FARMERS' TRUST FUND ACT,"AN ACT TO SPUR RURAL DEVELOPMENT IN THE COCONUT SECTOR BY ESTABLISHING THE COCONUT FARMERS' TRUST FUND, PROVIDING FOR THE MANAGEMENT THEREOF, AND FOR OTHER PURPOSES","Paolo Benigno ""Bam"" Aquino IV","July 20, 2016",NATIONAL,COCONUT INDUSTRY/COPRA AND OTHER COCONUT PRODUCTS trust fund,AGRICULTURE AND FOOD,CONSOLIDATED/SUBSTITUTED IN THE COMMITTEE REPORT
Senate Bill No. 501,17th Congress (July 2016 - 2019),https://ldr.senate.gov.ph/bills/senate-bill-no-501-17th-congress-republic,PHILIPPINE IMMIGRATION ACT OF 2016,"AN ACT TO STRENGTHEN, PROFESSIONALIZE AND MODERNIZE THE PHILIPPINE IMMIGRATION SYSTEM, REPEALING FOR THE PURPOSE COMMONWEALTH ACT 613, KNOWN AS THE PHILIPPINE IMMIGRATION ACT OF 1940, AND APPROPRIATING FUNDS THEREFOR",Antonio F. Trillanes IV,"July 19, 2016",NATIONAL,IMMIGRATION ACT,JUSTICE AND HUMAN RIGHTS,PENDING IN THE COMMITTEE
Senate Bill No. 1160,17th Congress (July 2016 - 2019),https://ldr.senate.gov.ph/bills/senate-bill-no-1160-17th-congress-republic,SUBSCRIBER IDENTITY MODULE (SIM) CARD REGISTRATION ACT,AN ACT REQUIRING THE REGISTRATION OF ALL USERS OF PRE-PAID SUBSCRIBER IDENTITY MODULE (SIM) CARDS,"LEGARDA, LOREN B.","September 19, 2016",NATIONAL,SIM CARD REGISTRATION CELLULAR PHONES/CELL PHONES,PUBLIC SERVICES,PENDING IN THE COMMITTEE
Senate Bill No. 1224,17th Congress (July 2016 - 2019),https://ldr.senate.gov.ph/bills/senate-bill-no-1224-17th-congress-republic,EXTENDING THE VALIDITY OF DRIVER'S LICENSE TO 5 YEARS,"AN ACT EXTENDING THE VALIDITY OF DRIVER'S LICENSE AND COMPULSORY REGISTRATION OF MOTOR VEHICLES, AMENDING FOR THE PURPOSE REPUBLIC ACT NO. 4136 ALSO KNOWN AS AN ACT TO COMPILE THE LAWS RELATIVE TO LAND TRANSPORTATION AND TRAFFIC RULES, TO CREATE A LAND TRANSPORTATION COMMISSION AND FOR OTHER PURPOSES, AS AMENDED BY BATAS PAMBANSA BILANG 398","EJERCITO, JOSEPH VICTOR G.","October 25, 2016",NATIONAL,LAND TRANSPORTATION AND TRAFFIC CODE (R.A. NO. 4136) DRIVERS LICENSE,PUBLIC SERVICES,CONSOLIDATED/SUBSTITUTED IN THE COMMITTEE REPORT
Senate Bill No. 901,17th Congress (July 2016 - 2019),https://ldr.senate.gov.ph/bills/senate-bill-no-901-17th-congress-republic,PUBLIC SCHOOL TEACHERS TAX INCENTIVE ACT OF 2016,"AN ACT EXEMPTING FROM TAX ALL ALLOWANCES AND BENEFITS GRANTED TO PUBLIC SCHOOL TEACHERS, INCLUDING THOSE IN THE STATE COLLEGES AND UNIVERSITIES","EJERCITO, JOSEPH VICTOR G.","July 26, 2016",NATIONAL,TEACHERS STATE COLLEGES AND UNIVERSITIES (SCUS) TAX INCENTIVES,WAYS AND MEANS,PENDING IN THE COMMITTEE
Senate Bill No. 965,17th Congress (July 2016 - 2019),https://ldr.senate.gov.ph/bills/senate-bill-no-965-17th-congress-republic,COMPREHENSIVE NURSING LAW,"AN ACT PROVIDING FOR A COMPREHENSIVE NURSING LAW TOWARDS QUALITY HEALTH CARE SYSTEM, AND APPROPRIATING FUNDS THEREFOR","PANGILINAN, FRANCIS ""KIKO"" N.","January 8, 2016",NATIONAL,PHILIPPINE NURSING ACT NURSES,"CIVIL SERVICE, GOVERNMENT REORGANIZATION AND PROFESSIONAL REGULATION",PENDING IN THE COMMITTEE
Senate Bill No. 663,17th Congress (July 2016 - 2019),https://ldr.senate.gov.ph/bills/senate-bill-no-663-17th-congress-republic,NURSE IN EVERY PUBLIC SCHOOL ACT,AN ACT ASSIGNING ONE REGISTERED NURSE FOR EVERY PUBLIC SCHOOL IN THE PHILIPPINES,"Paolo Benigno ""Bam"" Aquino IV","July 20, 2016",NATIONAL,NURSES,HEALTH AND DEMOGRAPHY,PENDING IN THE COMMITTEE
Senate Bill No. 726,17th Congress (July 2016 - 2019),https://ldr.senate.gov.ph/bills/senate-bill-no-726-17th-congress-republic,NURSE IN EVERY BARANGAY ACT OF 2016,"AN ACT PROVIDING FOR THE EMPLOYMENT OF NURSES, ASSIGNING ONE REGISTERED NURSE FOR EVERY BARANGAY IN THE PHILIPPINES","VILLAR, CYNTHIA A.","July 20, 2016",NATIONAL,NURSES,HEALTH AND DEMOGRAPHY,PENDING IN THE COMMITTEE
Senate Bill No. 1039,17th Congress (July 2016 - 2019),https://ldr.senate.gov.ph/bills/senate-bill-no-1039-17th-congress-republic,ANTI-SMUGGLING ACT,"AN ACT TO RATIONALIZE OUR PENAL LAWS AGAINST SMUGGLING, AMENDING FOR THE PURPOSE PRESIDENTIAL DECREE NO. 1464, OTHERWISE KNOWN AS THE TARIFF AND CUSTOMS CODE OF THE PHILIPPINES, TO INCREASE THE PENALTY FOR SMUGGLING, DEFINE THE CRIME OF ECONOMIC SABOTAGE, AND FOR OTHER PURPOSES","DE LIMA, LEILA M.","August 17, 2016",NATIONAL,ANTI-SMUGGLING SMUGGLING TARIFF AND CUSTOMS CODE (P.D.NO. 1464) ECONOMIC SABOTAGE,WAYS AND MEANS,PENDING IN THE COMMITTEE
Senate Bill No. 172,17th Congress (July 2016 - 2019),https://ldr.senate.gov.ph/bills/senate-bill-no-172-17th-congress-republic,ABOT ALAM ACT OF 2016,AN ACT INSTITUTIONALIZING THE ABOT ALAM PROGRAM,"Paolo Benigno ""Bam"" Aquino IV","June 30, 2016",NATIONAL,YOUTH,"EDUCATION, ARTS AND CULTURE",PENDING IN THE COMMITTEE
Senate Bill No. 237,17th Congress (July 2016 - 2019),https://ldr.senate.gov.ph/bills/senate-bill-no-237-17th-congress-republic,AGUS-PULANGUI PRIVATIZATION EXEMPTION ACT OF 2016,AGUS-PULANGUI PRIVATIZATION EXEMPTION ACT OF 2016,Gregorio B. Honasan II,"April 7, 2016",NATIONAL,PRIVATIZATION PROGRAM AGUS-PULANGUI HYDRO POWER PLANT,ENERGY,PENDING IN THE COMMITTEE
Senate Bill No. 139,17th Congress (July 2016 - 2019),https://ldr.senate.gov.ph/bills/senate-bill-no-139-17th-congress-republic,COCONUT FARMERS AND INDUSTRY DEVELOPMENT ACT OF 2016,"AN ACT DECLARING THE COCONUT LEVY ASSETS AS A TRUST FUND, PROVIDING FOR ITS MANAGEMENT AND UTILIZATION, AUTHORIZING THE PRIVATIZATION AND MANAGEMENT OFFICE TO DISPOSE THE COCONUT LEVY ASSETS, AND FOR OTHER PURPOSES","VILLAR, CYNTHIA A.","June 30, 2016",NATIONAL,COCONUT INDUSTRY/COPRA AND OTHER COCONUT PRODUCTS COCONUT LEVY,AGRICULTURE AND FOOD,CONSOLIDATED/SUBSTITUTED IN THE COMMITTEE REPORT
Senate Bill No. 205,17th Congress (July 2016 - 2019),https://ldr.senate.gov.ph/bills/senate-bill-no-205-17th-congress-republic,THE ALTERNATIVE LEARNING SYSTEM (ALS) ACT,"AN ACT PROVIDING FOR THE ALTERNATIVE LEARNING SYSTEM OF EDUCATION FOR ADULTS, OUT-OF-SCHOOL YOUTH, MEMBERS OF CULTURAL MINORITIES INDIGENOUS PEOPLE, AND PERSONS WITH DISABILITIES","GATCHALIAN, WIN","June 30, 2016",NATIONAL,ALTERNATIVE LEARNING INDIGENT PERSONS PERSONS WITH DISABILITIES (PWDS) INDIGENOUS CULTURAL COMMUNITIES YOUTH,"EDUCATION, ARTS AND CULTURE",PENDING IN THE COMMITTEE
